time_s,voltage_v
0.0000,0.056477
0.0200,0.097542
0.0400,0.086502
0.0600,0.048497
0.0800,0.039117
0.1000,0.044687
0.1200,0.070589
0.1400,0.071405
0.1600,0.081406
0.1800,0.141503
0.2000,0.080725
0.2200,0.078191
0.2400,0.069468
0.2600,0.143369
0.2800,0.177289
0.3000,0.161124
0.3200,0.231583
0.3400,0.180615
0.3600,0.084220
0.3800,0.068617
0.4000,0.184458
0.4200,0.225224
0.4400,0.130684
0.4600,0.104121
0.4800,0.171825
0.5000,0.238334
0.5200,0.707351
0.5400,1.192017
0.5600,1.391314
0.5800,1.468180
0.6000,1.698159
0.6200,2.043292
0.6400,2.508203
0.6600,2.890248
0.6800,3.210662
0.7000,3.515341
0.7200,3.600000
0.7400,3.600000
0.7600,3.600000
0.7800,3.600000
0.8000,3.600000
0.8200,3.600000
0.8400,3.600000
0.8600,3.600000
0.8800,3.600000
0.9000,3.600000
0.9200,2.520550
0.9400,1.523087
0.9600,0.866529
0.9800,0.581508
1.0000,0.451895
1.0200,0.401990
1.0400,0.329164
1.0600,0.223357
1.0800,0.220378
1.1000,0.221556
1.1200,0.200759
1.1400,0.260922
1.1600,0.306042
1.1800,0.270476
1.2000,0.201310
1.2200,0.190070
1.2400,0.249643
1.2600,0.240450
1.2800,0.187368
1.3000,0.217038
1.3200,0.182756
1.3400,0.280456
1.3600,0.502123
1.3800,0.452501
1.4000,0.443660
1.4200,0.604951
1.4400,0.951936
1.4600,1.304039
1.4800,1.757794
1.5000,2.430908
1.5200,3.535016
1.5400,3.600000
1.5600,3.600000
1.5800,3.600000
1.6000,3.600000
1.6200,3.600000
1.6400,3.600000
1.6600,3.600000
1.6800,3.600000
1.7000,3.600000
1.7200,2.910479
1.7400,2.264951
1.7600,1.804374
1.7800,1.527976
1.8000,1.585036
1.8200,1.655096
1.8400,1.649137
1.8600,1.465095
1.8800,1.278333
1.9000,1.007028
1.9200,0.738190
1.9400,0.530204
1.9600,0.349557
1.9800,0.465573
2.0000,0.336846
2.0200,0.369405
2.0400,0.317705
2.0600,0.326881
2.0800,0.277357
2.1000,0.226161
2.1200,0.276571
2.1400,0.329945
2.1600,0.454179
2.1800,0.534876
2.2000,0.486865
2.2200,0.396048
2.2400,0.341985
2.2600,0.376731
2.2800,0.297277
2.3000,0.334934
2.3200,0.352053
2.3400,0.282981
2.3600,0.267311
2.3800,0.265433
2.4000,0.240298
2.4200,0.246744
2.4400,0.283943
2.4600,0.325930
2.4800,0.289004
2.5000,0.266537
2.5200,0.056477
2.5400,0.097542
2.5600,0.086502
2.5800,0.048497
2.6000,0.039117
2.6200,0.044687
2.6400,0.070589
2.6600,0.071405
2.6800,0.081406
2.7000,0.141503
2.7200,0.080725
2.7400,0.078191
2.7600,0.069468
2.7800,0.143369
2.8000,0.177289
2.8200,0.161124
2.8400,0.231583
2.8600,0.180615
2.8800,0.084220
2.9000,0.068617
2.9200,0.184458
2.9400,0.225224
2.9600,0.130684
2.9800,0.104121
3.0000,0.171825
3.0200,0.238334
3.0400,0.707351
3.0600,1.192017
3.0800,1.391314
3.1000,1.468180
3.1200,1.698159
3.1400,2.043292
3.1600,2.508203
3.1800,2.890248
3.2000,3.210662
3.2200,3.515341
3.2400,3.600000
3.2600,3.600000
3.2800,3.600000
3.3000,3.600000
3.3200,3.600000
3.3400,3.600000
3.3600,3.600000
3.3800,3.600000
3.4000,3.600000
3.4200,3.600000
3.4400,2.520550
3.4600,1.523087
3.4800,0.866529
3.5000,0.581508
3.5200,0.451895
3.5400,0.401990
3.5600,0.329164
3.5800,0.223357
3.6000,0.220378
3.6200,0.221556
3.6400,0.200759
3.6600,0.260922
3.6800,0.306042
3.7000,0.270476
3.7200,0.201310
3.7400,0.190070
3.7600,0.249643
3.7800,0.240450
3.8000,0.187368
3.8200,0.217038
3.8400,0.182756
3.8600,0.280456
3.8800,0.502123
3.9000,0.452501
3.9200,0.443660
3.9400,0.604951
3.9600,0.951936
3.9800,1.304039
4.0000,1.757794
4.0200,2.430908
4.0400,3.535016
4.0600,3.600000
4.0800,3.600000
4.1000,3.600000
4.1200,3.600000
4.1400,3.600000
4.1600,3.600000
4.1800,3.600000
4.2000,3.600000
4.2200,3.600000
4.2400,2.910479
4.2600,2.264951
4.2800,1.804374
4.3000,1.527976
4.3200,1.585036
4.3400,1.655096
4.3600,1.649137
4.3800,1.465095
4.4000,1.278333
4.4200,1.007028
4.4400,0.738190
4.4600,0.530204
4.4800,0.349557
4.5000,0.465573
4.5200,0.336846
4.5400,0.369405
4.5600,0.317705
4.5800,0.326881
4.6000,0.277357
4.6200,0.226161
4.6400,0.276571
4.6600,0.329945
4.6800,0.454179
4.7000,0.534876
4.7200,0.486865
4.7400,0.396048
4.7600,0.341985
4.7800,0.376731
4.8000,0.297277
4.8200,0.334934
4.8400,0.352053
4.8600,0.282981
4.8800,0.267311
4.9000,0.265433
4.9200,0.240298
4.9400,0.246744
4.9600,0.283943
4.9800,0.325930
5.0000,0.289004
5.0200,0.266537
5.0400,0.056477
5.0600,0.097542
5.0800,0.086502
5.1000,0.048497
5.1200,0.039117
5.1400,0.044687
5.1600,0.070589
5.1800,0.071405
5.2000,0.081406
5.2200,0.141503
5.2400,0.080725
5.2600,0.078191
5.2800,0.069468
5.3000,0.143369
5.3200,0.177289
5.3400,0.161124
5.3600,0.231583
5.3800,0.180615
5.4000,0.084220
5.4200,0.068617
5.4400,0.184458
5.4600,0.225224
5.4800,0.130684
5.5000,0.104121
5.5200,0.171825
5.5400,0.238334
5.5600,0.707351
5.5800,1.192017
5.6000,1.391314
5.6200,1.468180
5.6400,1.698159
5.6600,2.043292
5.6800,2.508203
5.7000,2.890248
5.7200,3.210662
5.7400,3.515341
5.7600,3.600000
5.7800,3.600000
5.8000,3.600000
5.8200,3.600000
5.8400,3.600000
5.8600,3.600000
5.8800,3.600000
5.9000,3.600000
5.9200,3.600000
5.9400,3.600000
5.9600,2.520550
5.9800,1.523087
6.0000,0.866529
6.0200,0.581508
6.0400,0.451895
6.0600,0.401990
6.0800,0.329164
6.1000,0.223357
6.1200,0.220378
6.1400,0.221556
6.1600,0.200759
6.1800,0.260922
6.2000,0.306042
6.2200,0.270476
6.2400,0.201310
6.2600,0.190070
6.2800,0.249643
6.3000,0.240450
6.3200,0.187368
6.3400,0.217038
6.3600,0.182756
6.3800,0.280456
6.4000,0.502123
6.4200,0.452501
6.4400,0.443660
6.4600,0.604951
6.4800,0.951936
6.5000,1.304039
6.5200,1.757794
6.5400,2.430908
6.5600,3.535016
6.5800,3.600000
6.6000,3.600000
6.6200,3.600000
6.6400,3.600000
6.6600,3.600000
6.6800,3.600000
6.7000,3.600000
6.7200,3.600000
6.7400,3.600000
6.7600,2.910479
6.7800,2.264951
6.8000,1.804374
6.8200,1.527976
6.8400,1.585036
6.8600,1.655096
6.8800,1.649137
6.9000,1.465095
6.9200,1.278333
6.9400,1.007028
6.9600,0.738190
6.9800,0.530204
7.0000,0.349557
7.0200,0.465573
7.0400,0.336846
7.0600,0.369405
7.0800,0.317705
7.1000,0.326881
7.1200,0.277357
7.1400,0.226161
7.1600,0.276571
7.1800,0.329945
7.2000,0.454179
7.2200,0.534876
7.2400,0.486865
7.2600,0.396048
7.2800,0.341985
7.3000,0.376731
7.3200,0.297277
7.3400,0.334934
7.3600,0.352053
7.3800,0.282981
7.4000,0.267311
7.4200,0.265433
7.4400,0.240298
7.4600,0.246744
7.4800,0.283943
7.5000,0.325930
7.5200,0.289004
7.5400,0.266537
7.5600,0.056477
7.5800,0.097542
7.6000,0.086502
7.6200,0.048497
7.6400,0.039117
7.6600,0.044687
7.6800,0.070589
7.7000,0.071405
7.7200,0.081406
7.7400,0.141503
7.7600,0.080725
7.7800,0.078191
7.8000,0.069468
7.8200,0.143369
7.8400,0.177289
7.8600,0.161124
7.8800,0.231583
7.9000,0.180615
7.9200,0.084220
7.9400,0.068617
7.9600,0.184458
7.9800,0.225224
8.0000,0.130684
8.0200,0.104121
8.0400,0.171825
8.0600,0.238334
8.0800,0.707351
8.1000,1.192017
8.1200,1.391314
8.1400,1.468180
8.1600,1.698159
8.1800,2.043292
8.2000,2.508203
8.2200,2.890248
8.2400,3.210662
8.2600,3.515341
8.2800,3.600000
8.3000,3.600000
8.3200,3.600000
8.3400,3.600000
8.3600,3.600000
8.3800,3.600000
8.4000,3.600000
8.4200,3.600000
8.4400,3.600000
8.4600,3.600000
8.4800,2.520550
8.5000,1.523087
8.5200,0.866529
8.5400,0.581508
8.5600,0.451895
8.5800,0.401990
8.6000,0.329164
8.6200,0.223357
8.6400,0.220378
8.6600,0.221556
8.6800,0.200759
8.7000,0.260922
8.7200,0.306042
8.7400,0.270476
8.7600,0.201310
8.7800,0.190070
8.8000,0.249643
8.8200,0.240450
8.8400,0.187368
8.8600,0.217038
8.8800,0.182756
8.9000,0.280456
8.9200,0.502123
8.9400,0.452501
8.9600,0.443660
8.9800,0.604951
9.0000,0.951936
9.0200,1.304039
9.0400,1.757794
9.0600,2.430908
9.0800,3.535016
9.1000,3.600000
9.1200,3.600000
9.1400,3.600000
9.1600,3.600000
9.1800,3.600000
9.2000,3.600000
9.2200,3.600000
9.2400,3.600000
9.2600,3.600000
9.2800,2.910479
9.3000,2.264951
9.3200,1.804374
9.3400,1.527976
9.3600,1.585036
9.3800,1.655096
9.4000,1.649137
9.4200,1.465095
9.4400,1.278333
9.4600,1.007028
9.4800,0.738190
9.5000,0.530204
9.5200,0.349557
9.5400,0.465573
9.5600,0.336846
9.5800,0.369405
9.6000,0.317705
9.6200,0.326881
9.6400,0.277357
9.6600,0.226161
9.6800,0.276571
9.7000,0.329945
9.7200,0.454179
9.7400,0.534876
9.7600,0.486865
9.7800,0.396048
9.8000,0.341985
9.8200,0.376731
9.8400,0.297277
9.8600,0.334934
9.8800,0.352053
9.9000,0.282981
9.9200,0.267311
9.9400,0.265433
9.9600,0.240298
9.9800,0.246744
10.0000,0.283943
10.0200,0.325930
10.0400,0.289004
10.0600,0.266537
10.0800,0.056477
10.1000,0.097542
10.1200,0.086502
10.1400,0.048497
10.1600,0.039117
10.1800,0.044687
10.2000,0.070589
10.2200,0.071405
10.2400,0.081406
10.2600,0.141503
10.2800,0.080725
10.3000,0.078191
10.3200,0.069468
10.3400,0.143369
10.3600,0.177289
10.3800,0.161124
10.4000,0.231583
10.4200,0.180615
10.4400,0.084220
10.4600,0.068617
10.4800,0.184458
10.5000,0.225224
10.5200,0.130684
10.5400,0.104121
10.5600,0.171825
10.5800,0.238334
10.6000,0.707351
10.6200,1.192017
10.6400,1.391314
10.6600,1.468180
10.6800,1.698159
10.7000,2.043292
10.7200,2.508203
10.7400,2.890248
10.7600,3.210662
10.7800,3.515341
10.8000,3.600000
10.8200,3.600000
10.8400,3.600000
10.8600,3.600000
10.8800,3.600000
10.9000,3.600000
10.9200,3.600000
10.9400,3.600000
10.9600,3.600000
10.9800,3.600000
11.0000,2.520550
11.0200,1.523087
11.0400,0.866529
11.0600,0.581508
11.0800,0.451895
11.1000,0.401990
11.1200,0.329164
11.1400,0.223357
11.1600,0.220378
11.1800,0.221556
11.2000,0.200759
11.2200,0.260922
11.2400,0.306042
11.2600,0.270476
11.2800,0.201310
11.3000,0.190070
11.3200,0.249643
11.3400,0.240450
11.3600,0.187368
11.3800,0.217038
11.4000,0.182756
11.4200,0.280456
11.4400,0.502123
11.4600,0.452501
11.4800,0.443660
11.5000,0.604951
11.5200,0.951936
11.5400,1.304039
11.5600,1.757794
11.5800,2.430908
11.6000,3.535016
11.6200,3.600000
11.6400,3.600000
11.6600,3.600000
11.6800,3.600000
11.7000,3.600000
11.7200,3.600000
11.7400,3.600000
11.7600,3.600000
11.7800,3.600000
11.8000,2.910479
11.8200,2.264951
11.8400,1.804374
11.8600,1.527976
11.8800,1.585036
11.9000,1.655096
11.9200,1.649137
11.9400,1.465095
11.9600,1.278333
11.9800,1.007028
12.0000,0.738190
12.0200,0.530204
12.0400,0.349557
12.0600,0.465573
12.0800,0.336846
12.1000,0.369405
12.1200,0.317705
12.1400,0.326881
12.1600,0.277357
12.1800,0.226161
12.2000,0.276571
12.2200,0.329945
12.2400,0.454179
12.2600,0.534876
12.2800,0.486865
12.3000,0.396048
12.3200,0.341985
12.3400,0.376731
12.3600,0.297277
12.3800,0.334934
12.4000,0.352053
12.4200,0.282981
12.4400,0.267311
12.4600,0.265433
12.4800,0.240298
12.5000,0.246744
12.5200,0.283943
12.5400,0.325930
12.5600,0.289004
12.5800,0.266537
12.6000,0.056477
12.6200,0.097542
12.6400,0.086502
12.6600,0.048497
12.6800,0.039117
12.7000,0.044687
12.7200,0.070589
12.7400,0.071405
12.7600,0.081406
12.7800,0.141503
12.8000,0.080725
12.8200,0.078191
12.8400,0.069468
12.8600,0.143369
12.8800,0.177289
12.9000,0.161124
12.9200,0.231583
12.9400,0.180615
12.9600,0.084220
12.9800,0.068617
13.0000,0.184458
13.0200,0.225224
13.0400,0.130684
13.0600,0.104121
13.0800,0.171825
13.1000,0.238334
13.1200,0.707351
13.1400,1.192017
13.1600,1.391314
13.1800,1.468180
13.2000,1.698159
13.2200,2.043292
13.2400,2.508203
13.2600,2.890248
13.2800,3.210662
13.3000,3.515341
13.3200,3.600000
13.3400,3.600000
13.3600,3.600000
13.3800,3.600000
13.4000,3.600000
13.4200,3.600000
13.4400,3.600000
13.4600,3.600000
13.4800,3.600000
13.5000,3.600000
13.5200,2.520550
13.5400,1.523087
13.5600,0.866529
13.5800,0.581508
13.6000,0.451895
13.6200,0.401990
13.6400,0.329164
13.6600,0.223357
13.6800,0.220378
13.7000,0.221556
13.7200,0.200759
13.7400,0.260922
13.7600,0.306042
13.7800,0.270476
13.8000,0.201310
13.8200,0.190070
13.8400,0.249643
13.8600,0.240450
13.8800,0.187368
13.9000,0.217038
13.9200,0.182756
13.9400,0.280456
13.9600,0.502123
13.9800,0.452501
14.0000,0.443660
14.0200,0.604951
14.0400,0.951936
14.0600,1.304039
14.0800,1.757794
14.1000,2.430908
14.1200,3.535016
14.1400,3.600000
14.1600,3.600000
14.1800,3.600000
14.2000,3.600000
14.2200,3.600000
14.2400,3.600000
14.2600,3.600000
14.2800,3.600000
14.3000,3.600000
14.3200,2.910479
14.3400,2.264951
14.3600,1.804374
14.3800,1.527976
14.4000,1.585036
14.4200,1.655096
14.4400,1.649137
14.4600,1.465095
14.4800,1.278333
14.5000,1.007028
14.5200,0.738190
14.5400,0.530204
14.5600,0.349557
14.5800,0.465573
14.6000,0.336846
14.6200,0.369405
14.6400,0.317705
14.6600,0.326881
14.6800,0.277357
14.7000,0.226161
14.7200,0.276571
14.7400,0.329945
14.7600,0.454179
14.7800,0.534876
14.8000,0.486865
14.8200,0.396048
14.8400,0.341985
14.8600,0.376731
14.8800,0.297277
14.9000,0.334934
14.9200,0.352053
14.9400,0.282981
14.9600,0.267311
14.9800,0.265433
15.0000,0.240298
15.0200,0.246744
15.0400,0.283943
15.0600,0.325930
15.0800,0.289004
15.1000,0.266537
15.1200,0.056477
15.1400,0.097542
15.1600,0.086502
15.1800,0.048497
15.2000,0.039117
15.2200,0.044687
15.2400,0.070589
15.2600,0.071405
15.2800,0.081406
15.3000,0.141503
15.3200,0.080725
15.3400,0.078191
15.3600,0.069468
15.3800,0.143369
15.4000,0.177289
15.4200,0.161124
15.4400,0.231583
15.4600,0.180615
15.4800,0.084220
15.5000,0.068617
15.5200,0.184458
15.5400,0.225224
15.5600,0.130684
15.5800,0.104121
15.6000,0.171825
15.6200,0.238334
15.6400,0.707351
15.6600,1.192017
15.6800,1.391314
15.7000,1.468180
15.7200,1.698159
15.7400,2.043292
15.7600,2.508203
15.7800,2.890248
15.8000,3.210662
15.8200,3.515341
15.8400,3.600000
15.8600,3.600000
15.8800,3.600000
15.9000,3.600000
15.9200,3.600000
15.9400,3.600000
15.9600,3.600000
15.9800,3.600000
16.0000,3.600000
16.0200,3.600000
16.0400,2.520550
16.0600,1.523087
16.0800,0.866529
16.1000,0.581508
16.1200,0.451895
16.1400,0.401990
16.1600,0.329164
16.1800,0.223357
16.2000,0.220378
16.2200,0.221556
16.2400,0.200759
16.2600,0.260922
16.2800,0.306042
16.3000,0.270476
16.3200,0.201310
16.3400,0.190070
16.3600,0.249643
16.3800,0.240450
16.4000,0.187368
16.4200,0.217038
16.4400,0.182756
16.4600,0.280456
16.4800,0.502123
16.5000,0.452501
16.5200,0.443660
16.5400,0.604951
16.5600,0.951936
16.5800,1.304039
16.6000,1.757794
16.6200,2.430908
16.6400,3.535016
16.6600,3.600000
16.6800,3.600000
16.7000,3.600000
16.7200,3.600000
16.7400,3.600000
16.7600,3.600000
16.7800,3.600000
16.8000,3.600000
16.8200,3.600000
16.8400,2.910479
16.8600,2.264951
16.8800,1.804374
16.9000,1.527976
16.9200,1.585036
16.9400,1.655096
16.9600,1.649137
16.9800,1.465095
17.0000,1.278333
17.0200,1.007028
17.0400,0.738190
17.0600,0.530204
17.0800,0.349557
17.1000,0.465573
17.1200,0.336846
17.1400,0.369405
17.1600,0.317705
17.1800,0.326881
17.2000,0.277357
17.2200,0.226161
17.2400,0.276571
17.2600,0.329945
17.2800,0.454179
17.3000,0.534876
17.3200,0.486865
17.3400,0.396048
17.3600,0.341985
17.3800,0.376731
17.4000,0.297277
17.4200,0.334934
17.4400,0.352053
17.4600,0.282981
17.4800,0.267311
17.5000,0.265433
17.5200,0.240298
17.5400,0.246744
17.5600,0.283943
17.5800,0.325930
17.6000,0.289004
17.6200,0.266537
17.6400,0.056477
17.6600,0.097542
17.6800,0.086502
17.7000,0.048497
17.7200,0.039117
17.7400,0.044687
17.7600,0.070589
17.7800,0.071405
17.8000,0.081406
17.8200,0.141503
17.8400,0.080725
17.8600,0.078191
17.8800,0.069468
17.9000,0.143369
17.9200,0.177289
17.9400,0.161124
17.9600,0.231583
17.9800,0.180615
18.0000,0.084220
18.0200,0.068617
18.0400,0.184458
18.0600,0.225224
18.0800,0.130684
18.1000,0.104121
18.1200,0.171825
18.1400,0.238334
18.1600,0.707351
18.1800,1.192017
18.2000,1.391314
18.2200,1.468180
18.2400,1.698159
18.2600,2.043292
18.2800,2.508203
18.3000,2.890248
18.3200,3.210662
18.3400,3.515341
18.3600,3.600000
18.3800,3.600000
18.4000,3.600000
18.4200,3.600000
18.4400,3.600000
18.4600,3.600000
18.4800,3.600000
18.5000,3.600000
18.5200,3.600000
18.5400,3.600000
18.5600,2.520550
18.5800,1.523087
18.6000,0.866529
18.6200,0.581508
18.6400,0.451895
18.6600,0.401990
18.6800,0.329164
18.7000,0.223357
18.7200,0.220378
18.7400,0.221556
18.7600,0.200759
18.7800,0.260922
18.8000,0.306042
18.8200,0.270476
18.8400,0.201310
18.8600,0.190070
18.8800,0.249643
18.9000,0.240450
18.9200,0.187368
18.9400,0.217038
18.9600,0.182756
18.9800,0.280456
19.0000,0.502123
19.0200,0.452501
19.0400,0.443660
19.0600,0.604951
19.0800,0.951936
19.1000,1.304039
19.1200,1.757794
19.1400,2.430908
19.1600,3.535016
19.1800,3.600000
19.2000,3.600000
19.2200,3.600000
19.2400,3.600000
19.2600,3.600000
19.2800,3.600000
19.3000,3.600000
19.3200,3.600000
19.3400,3.600000
19.3600,2.910479
19.3800,2.264951
19.4000,1.804374
19.4200,1.527976
19.4400,1.585036
19.4600,1.655096
19.4800,1.649137
19.5000,1.465095
19.5200,1.278333
19.5400,1.007028
19.5600,0.738190
19.5800,0.530204
19.6000,0.349557
19.6200,0.465573
19.6400,0.336846
19.6600,0.369405
19.6800,0.317705
19.7000,0.326881
19.7200,0.277357
19.7400,0.226161
19.7600,0.276571
19.7800,0.329945
19.8000,0.454179
19.8200,0.534876
19.8400,0.486865
19.8600,0.396048
19.8800,0.341985
19.9000,0.376731
19.9200,0.297277
19.9400,0.334934
19.9600,0.352053
19.9800,0.282981
20.0000,0.267311
20.0200,0.265433
20.0400,0.240298
20.0600,0.246744
20.0800,0.283943
20.1000,0.325930
20.1200,0.289004
20.1400,0.266537
20.1600,0.056477
20.1800,0.097542
20.2000,0.086502
20.2200,0.048497
20.2400,0.039117
20.2600,0.044687
20.2800,0.070589
20.3000,0.071405
20.3200,0.081406
20.3400,0.141503
20.3600,0.080725
20.3800,0.078191
20.4000,0.069468
20.4200,0.143369
20.4400,0.177289
20.4600,0.161124
20.4800,0.231583
20.5000,0.180615
20.5200,0.084220
20.5400,0.068617
20.5600,0.184458
20.5800,0.225224
20.6000,0.130684
20.6200,0.104121
20.6400,0.171825
20.6600,0.238334
20.6800,0.707351
20.7000,1.192017
20.7200,1.391314
20.7400,1.468180
20.7600,1.698159
20.7800,2.043292
20.8000,2.508203
20.8200,2.890248
20.8400,3.210662
20.8600,3.515341
20.8800,3.600000
20.9000,3.600000
20.9200,3.600000
20.9400,3.600000
20.9600,3.600000
20.9800,3.600000
21.0000,3.600000
21.0200,3.600000
21.0400,3.600000
21.0600,3.600000
21.0800,2.520550
21.1000,1.523087
21.1200,0.866529
21.1400,0.581508
21.1600,0.451895
21.1800,0.401990
21.2000,0.329164
21.2200,0.223357
21.2400,0.220378
21.2600,0.221556
21.2800,0.200759
21.3000,0.260922
21.3200,0.306042
21.3400,0.270476
21.3600,0.201310
21.3800,0.190070
21.4000,0.249643
21.4200,0.240450
21.4400,0.187368
21.4600,0.217038
21.4800,0.182756
21.5000,0.280456
21.5200,0.502123
21.5400,0.452501
21.5600,0.443660
21.5800,0.604951
21.6000,0.951936
21.6200,1.304039
21.6400,1.757794
21.6600,2.430908
21.6800,3.535016
21.7000,3.600000
21.7200,3.600000
21.7400,3.600000
21.7600,3.600000
21.7800,3.600000
21.8000,3.600000
21.8200,3.600000
21.8400,3.600000
21.8600,3.600000
21.8800,2.910479
21.9000,2.264951
21.9200,1.804374
21.9400,1.527976
21.9600,1.585036
21.9800,1.655096
22.0000,1.649137
22.0200,1.465095
22.0400,1.278333
22.0600,1.007028
22.0800,0.738190
22.1000,0.530204
22.1200,0.349557
22.1400,0.465573
22.1600,0.336846
22.1800,0.369405
22.2000,0.317705
22.2200,0.326881
22.2400,0.277357
22.2600,0.226161
22.2800,0.276571
22.3000,0.329945
22.3200,0.454179
22.3400,0.534876
22.3600,0.486865
22.3800,0.396048
22.4000,0.341985
22.4200,0.376731
22.4400,0.297277
22.4600,0.334934
22.4800,0.352053
22.5000,0.282981
22.5200,0.267311
22.5400,0.265433
22.5600,0.240298
22.5800,0.246744
22.6000,0.283943
22.6200,0.325930
22.6400,0.289004
22.6600,0.266537
22.6800,0.056477
22.7000,0.097542
22.7200,0.086502
22.7400,0.048497
22.7600,0.039117
22.7800,0.044687
22.8000,0.070589
22.8200,0.071405
22.8400,0.081406
22.8600,0.141503
22.8800,0.080725
22.9000,0.078191
22.9200,0.069468
22.9400,0.143369
22.9600,0.177289
22.9800,0.161124
23.0000,0.231583
23.0200,0.180615
23.0400,0.084220
23.0600,0.068617
23.0800,0.184458
23.1000,0.225224
23.1200,0.130684
23.1400,0.104121
23.1600,0.171825
23.1800,0.238334
23.2000,0.707351
23.2200,1.192017
23.2400,1.391314
23.2600,1.468180
23.2800,1.698159
23.3000,2.043292
23.3200,2.508203
23.3400,2.890248
23.3600,3.210662
23.3800,3.515341
23.4000,3.600000
23.4200,3.600000
23.4400,3.600000
23.4600,3.600000
23.4800,3.600000
23.5000,3.600000
23.5200,3.600000
23.5400,3.600000
23.5600,3.600000
23.5800,3.600000
23.6000,2.520550
23.6200,1.523087
23.6400,0.866529
23.6600,0.581508
23.6800,0.451895
23.7000,0.401990
23.7200,0.329164
23.7400,0.223357
23.7600,0.220378
23.7800,0.221556
23.8000,0.200759
23.8200,0.260922
23.8400,0.306042
23.8600,0.270476
23.8800,0.201310
23.9000,0.190070
23.9200,0.249643
23.9400,0.240450
23.9600,0.187368
23.9800,0.217038
24.0000,0.182756
24.0200,0.280456
24.0400,0.502123
24.0600,0.452501
24.0800,0.443660
24.1000,0.604951
24.1200,0.951936
24.1400,1.304039
24.1600,1.757794
24.1800,2.430908
24.2000,3.535016
24.2200,3.600000
24.2400,3.600000
24.2600,3.600000
24.2800,3.600000
24.3000,3.600000
24.3200,3.600000
24.3400,3.600000
24.3600,3.600000
24.3800,3.600000
24.4000,2.910479
24.4200,2.264951
24.4400,1.804374
24.4600,1.527976
24.4800,1.585036
24.5000,1.655096
24.5200,1.649137
24.5400,1.465095
24.5600,1.278333
24.5800,1.007028
24.6000,0.738190
24.6200,0.530204
24.6400,0.349557
24.6600,0.465573
24.6800,0.336846
24.7000,0.369405
24.7200,0.317705
24.7400,0.326881
24.7600,0.277357
24.7800,0.226161
24.8000,0.276571
24.8200,0.329945
24.8400,0.454179
24.8600,0.534876
24.8800,0.486865
24.9000,0.396048
24.9200,0.341985
24.9400,0.376731
24.9600,0.297277
24.9800,0.334934
25.0000,0.352053
25.0200,0.282981
25.0400,0.267311
25.0600,0.265433
25.0800,0.240298
25.1000,0.246744
25.1200,0.283943
25.1400,0.325930
25.1600,0.289004
25.1800,0.266537
25.2000,0.056477
25.2200,0.097542
25.2400,0.086502
25.2600,0.048497
25.2800,0.039117
25.3000,0.044687
25.3200,0.070589
25.3400,0.071405
25.3600,0.081406
25.3800,0.141503
25.4000,0.080725
25.4200,0.078191
25.4400,0.069468
25.4600,0.143369
25.4800,0.177289
25.5000,0.161124
25.5200,0.231583
25.5400,0.180615
25.5600,0.084220
25.5800,0.068617
25.6000,0.184458
25.6200,0.225224
25.6400,0.130684
25.6600,0.104121
25.6800,0.171825
25.7000,0.238334
25.7200,0.707351
25.7400,1.192017
25.7600,1.391314
25.7800,1.468180
25.8000,1.698159
25.8200,2.043292
25.8400,2.508203
25.8600,2.890248
25.8800,3.210662
25.9000,3.515341
25.9200,3.600000
25.9400,3.600000
25.9600,3.600000
25.9800,3.600000
26.0000,3.600000
26.0200,3.600000
26.0400,3.600000
26.0600,3.600000
26.0800,3.600000
26.1000,3.600000
26.1200,2.520550
26.1400,1.523087
26.1600,0.866529
26.1800,0.581508
26.2000,0.451895
26.2200,0.401990
26.2400,0.329164
26.2600,0.223357
26.2800,0.220378
26.3000,0.221556
26.3200,0.200759
26.3400,0.260922
26.3600,0.306042
26.3800,0.270476
26.4000,0.201310
26.4200,0.190070
26.4400,0.249643
26.4600,0.240450
26.4800,0.187368
26.5000,0.217038
26.5200,0.182756
26.5400,0.280456
26.5600,0.502123
26.5800,0.452501
26.6000,0.443660
26.6200,0.604951
26.6400,0.951936
26.6600,1.304039
26.6800,1.757794
26.7000,2.430908
26.7200,3.535016
26.7400,3.600000
26.7600,3.600000
26.7800,3.600000
26.8000,3.600000
26.8200,3.600000
26.8400,3.600000
26.8600,3.600000
26.8800,3.600000
26.9000,3.600000
26.9200,2.910479
26.9400,2.264951
26.9600,1.804374
26.9800,1.527976
27.0000,1.585036
27.0200,1.655096
27.0400,1.649137
27.0600,1.465095
27.0800,1.278333
27.1000,1.007028
27.1200,0.738190
27.1400,0.530204
27.1600,0.349557
27.1800,0.465573
27.2000,0.336846
27.2200,0.369405
27.2400,0.317705
27.2600,0.326881
27.2800,0.277357
27.3000,0.226161
27.3200,0.276571
27.3400,0.329945
27.3600,0.454179
27.3800,0.534876
27.4000,0.486865
27.4200,0.396048
27.4400,0.341985
27.4600,0.376731
27.4800,0.297277
27.5000,0.334934
27.5200,0.352053
27.5400,0.282981
27.5600,0.267311
27.5800,0.265433
27.6000,0.240298
27.6200,0.246744
27.6400,0.283943
27.6600,0.325930
27.6800,0.289004
27.7000,0.266537
27.7200,0.056477
27.7400,0.097542
27.7600,0.086502
27.7800,0.048497
27.8000,0.039117
27.8200,0.044687
27.8400,0.070589
27.8600,0.071405
27.8800,0.081406
27.9000,0.141503
27.9200,0.080725
27.9400,0.078191
27.9600,0.069468
27.9800,0.143369
28.0000,0.177289
28.0200,0.161124
28.0400,0.231583
28.0600,0.180615
28.0800,0.084220
28.1000,0.068617
28.1200,0.184458
28.1400,0.225224
28.1600,0.130684
28.1800,0.104121
28.2000,0.171825
28.2200,0.238334
28.2400,0.707351
28.2600,1.192017
28.2800,1.391314
28.3000,1.468180
28.3200,1.698159
28.3400,2.043292
28.3600,2.508203
28.3800,2.890248
28.4000,3.210662
28.4200,3.515341
28.4400,3.600000
28.4600,3.600000
28.4800,3.600000
28.5000,3.600000
28.5200,3.600000
28.5400,3.600000
28.5600,3.600000
28.5800,3.600000
28.6000,3.600000
28.6200,3.600000
28.6400,2.520550
28.6600,1.523087
28.6800,0.866529
28.7000,0.581508
28.7200,0.451895
28.7400,0.401990
28.7600,0.329164
28.7800,0.223357
28.8000,0.220378
28.8200,0.221556
28.8400,0.200759
28.8600,0.260922
28.8800,0.306042
28.9000,0.270476
28.9200,0.201310
28.9400,0.190070
28.9600,0.249643
28.9800,0.240450
29.0000,0.187368
29.0200,0.217038
29.0400,0.182756
29.0600,0.280456
29.0800,0.502123
29.1000,0.452501
29.1200,0.443660
29.1400,0.604951
29.1600,0.951936
29.1800,1.304039
29.2000,1.757794
29.2200,2.430908
29.2400,3.535016
29.2600,3.600000
29.2800,3.600000
29.3000,3.600000
29.3200,3.600000
29.3400,3.600000
29.3600,3.600000
29.3800,3.600000
29.4000,3.600000
29.4200,3.600000
29.4400,2.910479
29.4600,2.264951
29.4800,1.804374
29.5000,1.527976
29.5200,1.585036
29.5400,1.655096
29.5600,1.649137
29.5800,1.465095
29.6000,1.278333
29.6200,1.007028
29.6400,0.738190
29.6600,0.530204
29.6800,0.349557
29.7000,0.465573
29.7200,0.336846
29.7400,0.369405
29.7600,0.317705
29.7800,0.326881
29.8000,0.277357
29.8200,0.226161
29.8400,0.276571
29.8600,0.329945
29.8800,0.454179
29.9000,0.534876
29.9200,0.486865
29.9400,0.396048
29.9600,0.341985
29.9800,0.376731
30.0000,0.297277
30.0200,0.334934
30.0400,0.352053
30.0600,0.282981
30.0800,0.267311
30.1000,0.265433
30.1200,0.240298
30.1400,0.246744
30.1600,0.283943
30.1800,0.325930
30.2000,0.289004
30.2200,0.266537
30.2400,0.056477
30.2600,0.097542
30.2800,0.086502
30.3000,0.048497
30.3200,0.039117
30.3400,0.044687
30.3600,0.070589
30.3800,0.071405
30.4000,0.081406
30.4200,0.141503
30.4400,0.080725
30.4600,0.078191
30.4800,0.069468
30.5000,0.143369
30.5200,0.177289
30.5400,0.161124
30.5600,0.231583
30.5800,0.180615
30.6000,0.084220
30.6200,0.068617
30.6400,0.184458
30.6600,0.225224
30.6800,0.130684
30.7000,0.104121
30.7200,0.171825
30.7400,0.238334
30.7600,0.707351
30.7800,1.192017
30.8000,1.391314
30.8200,1.468180
30.8400,1.698159
30.8600,2.043292
30.8800,2.508203
30.9000,2.890248
30.9200,3.210662
30.9400,3.515341
30.9600,3.600000
30.9800,3.600000
31.0000,3.600000
31.0200,3.600000
31.0400,3.600000
31.0600,3.600000
31.0800,3.600000
31.1000,3.600000
31.1200,3.600000
31.1400,3.600000
31.1600,2.520550
31.1800,1.523087
31.2000,0.866529
31.2200,0.581508
31.2400,0.451895
31.2600,0.401990
31.2800,0.329164
31.3000,0.223357
31.3200,0.220378
31.3400,0.221556
31.3600,0.200759
31.3800,0.260922
31.4000,0.306042
31.4200,0.270476
31.4400,0.201310
31.4600,0.190070
31.4800,0.249643
31.5000,0.240450
31.5200,0.187368
31.5400,0.217038
31.5600,0.182756
31.5800,0.280456
31.6000,0.502123
31.6200,0.452501
31.6400,0.443660
31.6600,0.604951
31.6800,0.951936
31.7000,1.304039
31.7200,1.757794
31.7400,2.430908
31.7600,3.535016
31.7800,3.600000
31.8000,3.600000
31.8200,3.600000
31.8400,3.600000
31.8600,3.600000
31.8800,3.600000
31.9000,3.600000
31.9200,3.600000
31.9400,3.600000
31.9600,2.910479
31.9800,2.264951
32.0000,1.804374
32.0200,1.527976
32.0400,1.585036
32.0600,1.655096
32.0800,1.649137
32.1000,1.465095
32.1200,1.278333
32.1400,1.007028
32.1600,0.738190
32.1800,0.530204
32.2000,0.349557
32.2200,0.465573
32.2400,0.336846
32.2600,0.369405
32.2800,0.317705
32.3000,0.326881
32.3200,0.277357
32.3400,0.226161
32.3600,0.276571
32.3800,0.329945
32.4000,0.454179
32.4200,0.534876
32.4400,0.486865
32.4600,0.396048
32.4800,0.341985
32.5000,0.376731
32.5200,0.297277
32.5400,0.334934
32.5600,0.352053
32.5800,0.282981
32.6000,0.267311
32.6200,0.265433
32.6400,0.240298
32.6600,0.246744
32.6800,0.283943
32.7000,0.325930
32.7200,0.289004
32.7400,0.266537
32.7600,0.056477
32.7800,0.097542
32.8000,0.086502
32.8200,0.048497
32.8400,0.039117
32.8600,0.044687
32.8800,0.070589
32.9000,0.071405
32.9200,0.081406
32.9400,0.141503
32.9600,0.080725
32.9800,0.078191
33.0000,0.069468
33.0200,0.143369
33.0400,0.177289
33.0600,0.161124
33.0800,0.231583
33.1000,0.180615
33.1200,0.084220
33.1400,0.068617
33.1600,0.184458
33.1800,0.225224
33.2000,0.130684
33.2200,0.104121
33.2400,0.171825
33.2600,0.238334
33.2800,0.707351
33.3000,1.192017
33.3200,1.391314
33.3400,1.468180
33.3600,1.698159
33.3800,2.043292
33.4000,2.508203
33.4200,2.890248
33.4400,3.210662
33.4600,3.515341
33.4800,3.600000
33.5000,3.600000
33.5200,3.600000
33.5400,3.600000
33.5600,3.600000
33.5800,3.600000
33.6000,3.600000
33.6200,3.600000
33.6400,3.600000
33.6600,3.600000
33.6800,2.520550
33.7000,1.523087
33.7200,0.866529
33.7400,0.581508
33.7600,0.451895
33.7800,0.401990
33.8000,0.329164
33.8200,0.223357
33.8400,0.220378
33.8600,0.221556
33.8800,0.200759
33.9000,0.260922
33.9200,0.306042
33.9400,0.270476
33.9600,0.201310
33.9800,0.190070
34.0000,0.249643
34.0200,0.240450
34.0400,0.187368
34.0600,0.217038
34.0800,0.182756
34.1000,0.280456
34.1200,0.502123
34.1400,0.452501
34.1600,0.443660
34.1800,0.604951
34.2000,0.951936
34.2200,1.304039
34.2400,1.757794
34.2600,2.430908
34.2800,3.535016
34.3000,3.600000
34.3200,3.600000
34.3400,3.600000
34.3600,3.600000
34.3800,3.600000
34.4000,3.600000
34.4200,3.600000
34.4400,3.600000
34.4600,3.600000
34.4800,2.910479
34.5000,2.264951
34.5200,1.804374
34.5400,1.527976
34.5600,1.585036
34.5800,1.655096
34.6000,1.649137
34.6200,1.465095
34.6400,1.278333
34.6600,1.007028
34.6800,0.738190
34.7000,0.530204
34.7200,0.349557
34.7400,0.465573
34.7600,0.336846
34.7800,0.369405
34.8000,0.317705
34.8200,0.326881
34.8400,0.277357
34.8600,0.226161
34.8800,0.276571
34.9000,0.329945
34.9200,0.454179
34.9400,0.534876
34.9600,0.486865
34.9800,0.396048
35.0000,0.341985
35.0200,0.376731
35.0400,0.297277
35.0600,0.334934
35.0800,0.352053
35.1000,0.282981
35.1200,0.267311
35.1400,0.265433
35.1600,0.240298
35.1800,0.246744
35.2000,0.283943
35.2200,0.325930
35.2400,0.289004
35.2600,0.266537
35.2800,0.056477
35.3000,0.097542
35.3200,0.086502
35.3400,0.048497
35.3600,0.039117
35.3800,0.044687
35.4000,0.070589
35.4200,0.071405
35.4400,0.081406
35.4600,0.141503
35.4800,0.080725
35.5000,0.078191
35.5200,0.069468
35.5400,0.143369
35.5600,0.177289
35.5800,0.161124
35.6000,0.231583
35.6200,0.180615
35.6400,0.084220
35.6600,0.068617
35.6800,0.184458
35.7000,0.225224
35.7200,0.130684
35.7400,0.104121
35.7600,0.171825
35.7800,0.238334
35.8000,0.707351
35.8200,1.192017
35.8400,1.391314
35.8600,1.468180
35.8800,1.698159
35.9000,2.043292
35.9200,2.508203
35.9400,2.890248
35.9600,3.210662
35.9800,3.515341
36.0000,3.600000
36.0200,3.600000
36.0400,3.600000
36.0600,3.600000
36.0800,3.600000
36.1000,3.600000
36.1200,3.600000
36.1400,3.600000
36.1600,3.600000
36.1800,3.600000
36.2000,2.520550
36.2200,1.523087
36.2400,0.866529
36.2600,0.581508
36.2800,0.451895
36.3000,0.401990
36.3200,0.329164
36.3400,0.223357
36.3600,0.220378
36.3800,0.221556
36.4000,0.200759
36.4200,0.260922
36.4400,0.306042
36.4600,0.270476
36.4800,0.201310
36.5000,0.190070
36.5200,0.249643
36.5400,0.240450
36.5600,0.187368
36.5800,0.217038
36.6000,0.182756
36.6200,0.280456
36.6400,0.502123
36.6600,0.452501
36.6800,0.443660
36.7000,0.604951
36.7200,0.951936
36.7400,1.304039
36.7600,1.757794
36.7800,2.430908
36.8000,3.535016
36.8200,3.600000
36.8400,3.600000
36.8600,3.600000
36.8800,3.600000
36.9000,3.600000
36.9200,3.600000
36.9400,3.600000
36.9600,3.600000
36.9800,3.600000
37.0000,2.910479
37.0200,2.264951
37.0400,1.804374
37.0600,1.527976
37.0800,1.585036
37.1000,1.655096
37.1200,1.649137
37.1400,1.465095
37.1600,1.278333
37.1800,1.007028
37.2000,0.738190
37.2200,0.530204
37.2400,0.349557
37.2600,0.465573
37.2800,0.336846
37.3000,0.369405
37.3200,0.317705
37.3400,0.326881
37.3600,0.277357
37.3800,0.226161
37.4000,0.276571
37.4200,0.329945
37.4400,0.454179
37.4600,0.534876
37.4800,0.486865
37.5000,0.396048
37.5200,0.341985
37.5400,0.376731
37.5600,0.297277
37.5800,0.334934
37.6000,0.352053
37.6200,0.282981
37.6400,0.267311
37.6600,0.265433
37.6800,0.240298
37.7000,0.246744
37.7200,0.283943
37.7400,0.325930
37.7600,0.289004
37.7800,0.266537
37.8000,0.056477
37.8200,0.097542
37.8400,0.086502
37.8600,0.048497
37.8800,0.039117
37.9000,0.044687
37.9200,0.070589
37.9400,0.071405
37.9600,0.081406
37.9800,0.141503
38.0000,0.080725
38.0200,0.078191
38.0400,0.069468
38.0600,0.143369
38.0800,0.177289
38.1000,0.161124
38.1200,0.231583
38.1400,0.180615
38.1600,0.084220
38.1800,0.068617
38.2000,0.184458
38.2200,0.225224
38.2400,0.130684
38.2600,0.104121
38.2800,0.171825
38.3000,0.238334
38.3200,0.707351
38.3400,1.192017
38.3600,1.391314
38.3800,1.468180
38.4000,1.698159
38.4200,2.043292
38.4400,2.508203
38.4600,2.890248
38.4800,3.210662
38.5000,3.515341
38.5200,3.600000
38.5400,3.600000
38.5600,3.600000
38.5800,3.600000
38.6000,3.600000
38.6200,3.600000
38.6400,3.600000
38.6600,3.600000
38.6800,3.600000
38.7000,3.600000
38.7200,2.520550
38.7400,1.523087
38.7600,0.866529
38.7800,0.581508
38.8000,0.451895
38.8200,0.401990
38.8400,0.329164
38.8600,0.223357
38.8800,0.220378
38.9000,0.221556
38.9200,0.200759
38.9400,0.260922
38.9600,0.306042
38.9800,0.270476
39.0000,0.201310
39.0200,0.190070
39.0400,0.249643
39.0600,0.240450
39.0800,0.187368
39.1000,0.217038
39.1200,0.182756
39.1400,0.280456
39.1600,0.502123
39.1800,0.452501
39.2000,0.443660
39.2200,0.604951
39.2400,0.951936
39.2600,1.304039
39.2800,1.757794
39.3000,2.430908
39.3200,3.535016
39.3400,3.600000
39.3600,3.600000
39.3800,3.600000
39.4000,3.600000
39.4200,3.600000
39.4400,3.600000
39.4600,3.600000
39.4800,3.600000
39.5000,3.600000
39.5200,2.910479
39.5400,2.264951
39.5600,1.804374
39.5800,1.527976
39.6000,1.585036
39.6200,1.655096
39.6400,1.649137
39.6600,1.465095
39.6800,1.278333
39.7000,1.007028
39.7200,0.738190
39.7400,0.530204
39.7600,0.349557
39.7800,0.465573
39.8000,0.336846
39.8200,0.369405
39.8400,0.317705
39.8600,0.326881
39.8800,0.277357
39.9000,0.226161
39.9200,0.276571
39.9400,0.329945
39.9600,0.454179
39.9800,0.534876
40.0000,0.486865
40.0200,0.396048
40.0400,0.341985
40.0600,0.376731
40.0800,0.297277
40.1000,0.334934
40.1200,0.352053
40.1400,0.282981
40.1600,0.267311
40.1800,0.265433
40.2000,0.240298
40.2200,0.246744
40.2400,0.283943
40.2600,0.325930
40.2800,0.289004
40.3000,0.266537
40.3200,0.056477
40.3400,0.097542
40.3600,0.086502
40.3800,0.048497
40.4000,0.039117
40.4200,0.044687
40.4400,0.070589
40.4600,0.071405
40.4800,0.081406
40.5000,0.141503
40.5200,0.080725
40.5400,0.078191
40.5600,0.069468
40.5800,0.143369
40.6000,0.177289
40.6200,0.161124
40.6400,0.231583
40.6600,0.180615
40.6800,0.084220
40.7000,0.068617
40.7200,0.184458
40.7400,0.225224
40.7600,0.130684
40.7800,0.104121
40.8000,0.171825
40.8200,0.238334
40.8400,0.707351
40.8600,1.192017
40.8800,1.391314
40.9000,1.468180
40.9200,1.698159
40.9400,2.043292
40.9600,2.508203
40.9800,2.890248
41.0000,3.210662
41.0200,3.515341
41.0400,3.600000
41.0600,3.600000
41.0800,3.600000
41.1000,3.600000
41.1200,3.600000
41.1400,3.600000
41.1600,3.600000
41.1800,3.600000
41.2000,3.600000
41.2200,3.600000
41.2400,2.520550
41.2600,1.523087
41.2800,0.866529
41.3000,0.581508
41.3200,0.451895
41.3400,0.401990
41.3600,0.329164
41.3800,0.223357
41.4000,0.220378
41.4200,0.221556
41.4400,0.200759
41.4600,0.260922
41.4800,0.306042
41.5000,0.270476
41.5200,0.201310
41.5400,0.190070
41.5600,0.249643
41.5800,0.240450
41.6000,0.187368
41.6200,0.217038
41.6400,0.182756
41.6600,0.280456
41.6800,0.502123
41.7000,0.452501
41.7200,0.443660
41.7400,0.604951
41.7600,0.951936
41.7800,1.304039
41.8000,1.757794
41.8200,2.430908
41.8400,3.535016
41.8600,3.600000
41.8800,3.600000
41.9000,3.600000
41.9200,3.600000
41.9400,3.600000
41.9600,3.600000
41.9800,3.600000
42.0000,3.600000
42.0200,3.600000
42.0400,2.910479
42.0600,2.264951
42.0800,1.804374
42.1000,1.527976
42.1200,1.585036
42.1400,1.655096
42.1600,1.649137
42.1800,1.465095
42.2000,1.278333
42.2200,1.007028
42.2400,0.738190
42.2600,0.530204
42.2800,0.349557
42.3000,0.465573
42.3200,0.336846
42.3400,0.369405
42.3600,0.317705
42.3800,0.326881
42.4000,0.277357
42.4200,0.226161
42.4400,0.276571
42.4600,0.329945
42.4800,0.454179
42.5000,0.534876
42.5200,0.486865
42.5400,0.396048
42.5600,0.341985
42.5800,0.376731
42.6000,0.297277
42.6200,0.334934
42.6400,0.352053
42.6600,0.282981
42.6800,0.267311
42.7000,0.265433
42.7200,0.240298
42.7400,0.246744
42.7600,0.283943
42.7800,0.325930
42.8000,0.289004
42.8200,0.266537
42.8400,0.056477
42.8600,0.097542
42.8800,0.086502
42.9000,0.048497
42.9200,0.039117
42.9400,0.044687
42.9600,0.070589
42.9800,0.071405
43.0000,0.081406
43.0200,0.141503
43.0400,0.080725
43.0600,0.078191
43.0800,0.069468
43.1000,0.143369
43.1200,0.177289
43.1400,0.161124
43.1600,0.231583
43.1800,0.180615
43.2000,0.084220
43.2200,0.068617
43.2400,0.184458
43.2600,0.225224
43.2800,0.130684
43.3000,0.104121
43.3200,0.171825
43.3400,0.238334
43.3600,0.707351
43.3800,1.192017
43.4000,1.391314
43.4200,1.468180
43.4400,1.698159
43.4600,2.043292
43.4800,2.508203
43.5000,2.890248
43.5200,3.210662
43.5400,3.515341
43.5600,3.600000
43.5800,3.600000
43.6000,3.600000
43.6200,3.600000
43.6400,3.600000
43.6600,3.600000
43.6800,3.600000
43.7000,3.600000
43.7200,3.600000
43.7400,3.600000
43.7600,2.520550
43.7800,1.523087
43.8000,0.866529
43.8200,0.581508
43.8400,0.451895
43.8600,0.401990
43.8800,0.329164
43.9000,0.223357
43.9200,0.220378
43.9400,0.221556
43.9600,0.200759
43.9800,0.260922
44.0000,0.306042
44.0200,0.270476
44.0400,0.201310
44.0600,0.190070
44.0800,0.249643
44.1000,0.240450
44.1200,0.187368
44.1400,0.217038
44.1600,0.182756
44.1800,0.280456
44.2000,0.502123
44.2200,0.452501
44.2400,0.443660
44.2600,0.604951
44.2800,0.951936
44.3000,1.304039
44.3200,1.757794
44.3400,2.430908
44.3600,3.535016
44.3800,3.600000
44.4000,3.600000
44.4200,3.600000
44.4400,3.600000
44.4600,3.600000
44.4800,3.600000
44.5000,3.600000
44.5200,3.600000
44.5400,3.600000
44.5600,2.910479
44.5800,2.264951
44.6000,1.804374
44.6200,1.527976
44.6400,1.585036
44.6600,1.655096
44.6800,1.649137
44.7000,1.465095
44.7200,1.278333
44.7400,1.007028
44.7600,0.738190
44.7800,0.530204
44.8000,0.349557
44.8200,0.465573
44.8400,0.336846
44.8600,0.369405
44.8800,0.317705
44.9000,0.326881
44.9200,0.277357
44.9400,0.226161
44.9600,0.276571
44.9800,0.329945
45.0000,0.454179
45.0200,0.534876
45.0400,0.486865
45.0600,0.396048
45.0800,0.341985
45.1000,0.376731
45.1200,0.297277
45.1400,0.334934
45.1600,0.352053
45.1800,0.282981
45.2000,0.267311
45.2200,0.265433
45.2400,0.240298
45.2600,0.246744
45.2800,0.283943
45.3000,0.325930
45.3200,0.289004
45.3400,0.266537
45.3600,0.056477
45.3800,0.097542
45.4000,0.086502
45.4200,0.048497
45.4400,0.039117
45.4600,0.044687
45.4800,0.070589
45.5000,0.071405
45.5200,0.081406
45.5400,0.141503
45.5600,0.080725
45.5800,0.078191
45.6000,0.069468
45.6200,0.143369
45.6400,0.177289
45.6600,0.161124
45.6800,0.231583
45.7000,0.180615
45.7200,0.084220
45.7400,0.068617
45.7600,0.184458
45.7800,0.225224
45.8000,0.130684
45.8200,0.104121
45.8400,0.171825
45.8600,0.238334
45.8800,0.707351
45.9000,1.192017
45.9200,1.391314
45.9400,1.468180
45.9600,1.698159
45.9800,2.043292
46.0000,2.508203
46.0200,2.890248
46.0400,3.210662
46.0600,3.515341
46.0800,3.600000
46.1000,3.600000
46.1200,3.600000
46.1400,3.600000
46.1600,3.600000
46.1800,3.600000
46.2000,3.600000
46.2200,3.600000
46.2400,3.600000
46.2600,3.600000
46.2800,2.520550
46.3000,1.523087
46.3200,0.866529
46.3400,0.581508
46.3600,0.451895
46.3800,0.401990
46.4000,0.329164
46.4200,0.223357
46.4400,0.220378
46.4600,0.221556
46.4800,0.200759
46.5000,0.260922
46.5200,0.306042
46.5400,0.270476
46.5600,0.201310
46.5800,0.190070
46.6000,0.249643
46.6200,0.240450
46.6400,0.187368
46.6600,0.217038
46.6800,0.182756
46.7000,0.280456
46.7200,0.502123
46.7400,0.452501
46.7600,0.443660
46.7800,0.604951
46.8000,0.951936
46.8200,1.304039
46.8400,1.757794
46.8600,2.430908
46.8800,3.535016
46.9000,3.600000
46.9200,3.600000
46.9400,3.600000
46.9600,3.600000
46.9800,3.600000
47.0000,3.600000
47.0200,3.600000
47.0400,3.600000
47.0600,3.600000
47.0800,2.910479
47.1000,2.264951
47.1200,1.804374
47.1400,1.527976
47.1600,1.585036
47.1800,1.655096
47.2000,1.649137
47.2200,1.465095
47.2400,1.278333
47.2600,1.007028
47.2800,0.738190
47.3000,0.530204
47.3200,0.349557
47.3400,0.465573
47.3600,0.336846
47.3800,0.369405
47.4000,0.317705
47.4200,0.326881
47.4400,0.277357
47.4600,0.226161
47.4800,0.276571
47.5000,0.329945
47.5200,0.454179
47.5400,0.534876
47.5600,0.486865
47.5800,0.396048
47.6000,0.341985
47.6200,0.376731
47.6400,0.297277
47.6600,0.334934
47.6800,0.352053
47.7000,0.282981
47.7200,0.267311
47.7400,0.265433
47.7600,0.240298
47.7800,0.246744
47.8000,0.283943
47.8200,0.325930
47.8400,0.289004
47.8600,0.266537
47.8800,0.056477
47.9000,0.097542
47.9200,0.086502
47.9400,0.048497
47.9600,0.039117
47.9800,0.044687
48.0000,0.070589
48.0200,0.071405
48.0400,0.081406
48.0600,0.141503
48.0800,0.080725
48.1000,0.078191
48.1200,0.069468
48.1400,0.143369
48.1600,0.177289
48.1800,0.161124
48.2000,0.231583
48.2200,0.180615
48.2400,0.084220
48.2600,0.068617
48.2800,0.184458
48.3000,0.225224
48.3200,0.130684
48.3400,0.104121
48.3600,0.171825
48.3800,0.238334
48.4000,0.707351
48.4200,1.192017
48.4400,1.391314
48.4600,1.468180
48.4800,1.698159
48.5000,2.043292
48.5200,2.508203
48.5400,2.890248
48.5600,3.210662
48.5800,3.515341
48.6000,3.600000
48.6200,3.600000
48.6400,3.600000
48.6600,3.600000
48.6800,3.600000
48.7000,3.600000
48.7200,3.600000
48.7400,3.600000
48.7600,3.600000
48.7800,3.600000
48.8000,2.520550
48.8200,1.523087
48.8400,0.866529
48.8600,0.581508
48.8800,0.451895
48.9000,0.401990
48.9200,0.329164
48.9400,0.223357
48.9600,0.220378
48.9800,0.221556
49.0000,0.200759
49.0200,0.260922
49.0400,0.306042
49.0600,0.270476
49.0800,0.201310
49.1000,0.190070
49.1200,0.249643
49.1400,0.240450
49.1600,0.187368
49.1800,0.217038
49.2000,0.182756
49.2200,0.280456
49.2400,0.502123
49.2600,0.452501
49.2800,0.443660
49.3000,0.604951
49.3200,0.951936
49.3400,1.304039
49.3600,1.757794
49.3800,2.430908
49.4000,3.535016
49.4200,3.600000
49.4400,3.600000
49.4600,3.600000
49.4800,3.600000
49.5000,3.600000
49.5200,3.600000
49.5400,3.600000
49.5600,3.600000
49.5800,3.600000
49.6000,2.910479
49.6200,2.264951
49.6400,1.804374
49.6600,1.527976
49.6800,1.585036
49.7000,1.655096
49.7200,1.649137
49.7400,1.465095
49.7600,1.278333
49.7800,1.007028
49.8000,0.738190
49.8200,0.530204
49.8400,0.349557
49.8600,0.465573
49.8800,0.336846
49.9000,0.369405
49.9200,0.317705
49.9400,0.326881
49.9600,0.277357
49.9800,0.226161
50.0000,0.276571
50.0200,0.329945
50.0400,0.454179
50.0600,0.534876
50.0800,0.486865
50.1000,0.396048
50.1200,0.341985
50.1400,0.376731
50.1600,0.297277
50.1800,0.334934
50.2000,0.352053
50.2200,0.282981
50.2400,0.267311
50.2600,0.265433
50.2800,0.240298
50.3000,0.246744
50.3200,0.283943
50.3400,0.325930
50.3600,0.289004
50.3800,0.266537
50.4000,0.056477
50.4200,0.097542
50.4400,0.086502
50.4600,0.048497
50.4800,0.039117
50.5000,0.044687
50.5200,0.070589
50.5400,0.071405
50.5600,0.081406
50.5800,0.141503
50.6000,0.080725
50.6200,0.078191
50.6400,0.069468
50.6600,0.143369
50.6800,0.177289
50.7000,0.161124
50.7200,0.231583
50.7400,0.180615
50.7600,0.084220
50.7800,0.068617
50.8000,0.184458
50.8200,0.225224
50.8400,0.130684
50.8600,0.104121
50.8800,0.171825
50.9000,0.238334
50.9200,0.707351
50.9400,1.192017
50.9600,1.391314
50.9800,1.468180
51.0000,1.698159
51.0200,2.043292
51.0400,2.508203
51.0600,2.890248
51.0800,3.210662
51.1000,3.515341
51.1200,3.600000
51.1400,3.600000
51.1600,3.600000
51.1800,3.600000
51.2000,3.600000
51.2200,3.600000
51.2400,3.600000
51.2600,3.600000
51.2800,3.600000
51.3000,3.600000
51.3200,2.520550
51.3400,1.523087
51.3600,0.866529
51.3800,0.581508
51.4000,0.451895
51.4200,0.401990
51.4400,0.329164
51.4600,0.223357
51.4800,0.220378
51.5000,0.221556
51.5200,0.200759
51.5400,0.260922
51.5600,0.306042
51.5800,0.270476
51.6000,0.201310
51.6200,0.190070
51.6400,0.249643
51.6600,0.240450
51.6800,0.187368
51.7000,0.217038
51.7200,0.182756
51.7400,0.280456
51.7600,0.502123
51.7800,0.452501
51.8000,0.443660
51.8200,0.604951
51.8400,0.951936
51.8600,1.304039
51.8800,1.757794
51.9000,2.430908
51.9200,3.535016
51.9400,3.600000
51.9600,3.600000
51.9800,3.600000
52.0000,3.600000
52.0200,3.600000
52.0400,3.600000
52.0600,3.600000
52.0800,3.600000
52.1000,3.600000
52.1200,2.910479
52.1400,2.264951
52.1600,1.804374
52.1800,1.527976
52.2000,1.585036
52.2200,1.655096
52.2400,1.649137
52.2600,1.465095
52.2800,1.278333
52.3000,1.007028
52.3200,0.738190
52.3400,0.530204
52.3600,0.349557
52.3800,0.465573
52.4000,0.336846
52.4200,0.369405
52.4400,0.317705
52.4600,0.326881
52.4800,0.277357
52.5000,0.226161
52.5200,0.276571
52.5400,0.329945
52.5600,0.454179
52.5800,0.534876
52.6000,0.486865
52.6200,0.396048
52.6400,0.341985
52.6600,0.376731
52.6800,0.297277
52.7000,0.334934
52.7200,0.352053
52.7400,0.282981
52.7600,0.267311
52.7800,0.265433
52.8000,0.240298
52.8200,0.246744
52.8400,0.283943
52.8600,0.325930
52.8800,0.289004
52.9000,0.266537
52.9200,0.056477
52.9400,0.097542
52.9600,0.086502
52.9800,0.048497
53.0000,0.039117
53.0200,0.044687
53.0400,0.070589
53.0600,0.071405
53.0800,0.081406
53.1000,0.141503
53.1200,0.080725
53.1400,0.078191
53.1600,0.069468
53.1800,0.143369
53.2000,0.177289
53.2200,0.161124
53.2400,0.231583
53.2600,0.180615
53.2800,0.084220
53.3000,0.068617
53.3200,0.184458
53.3400,0.225224
53.3600,0.130684
53.3800,0.104121
53.4000,0.171825
53.4200,0.238334
53.4400,0.707351
53.4600,1.192017
53.4800,1.391314
53.5000,1.468180
53.5200,1.698159
53.5400,2.043292
53.5600,2.508203
53.5800,2.890248
53.6000,3.210662
53.6200,3.515341
53.6400,3.600000
53.6600,3.600000
53.6800,3.600000
53.7000,3.600000
53.7200,3.600000
53.7400,3.600000
53.7600,3.600000
53.7800,3.600000
53.8000,3.600000
53.8200,3.600000
53.8400,2.520550
53.8600,1.523087
53.8800,0.866529
53.9000,0.581508
53.9200,0.451895
53.9400,0.401990
53.9600,0.329164
53.9800,0.223357
54.0000,0.220378
54.0200,0.221556
54.0400,0.200759
54.0600,0.260922
54.0800,0.306042
54.1000,0.270476
54.1200,0.201310
54.1400,0.190070
54.1600,0.249643
54.1800,0.240450
54.2000,0.187368
54.2200,0.217038
54.2400,0.182756
54.2600,0.280456
54.2800,0.502123
54.3000,0.452501
54.3200,0.443660
54.3400,0.604951
54.3600,0.951936
54.3800,1.304039
54.4000,1.757794
54.4200,2.430908
54.4400,3.535016
54.4600,3.600000
54.4800,3.600000
54.5000,3.600000
54.5200,3.600000
54.5400,3.600000
54.5600,3.600000
54.5800,3.600000
54.6000,3.600000
54.6200,3.600000
54.6400,2.910479
54.6600,2.264951
54.6800,1.804374
54.7000,1.527976
54.7200,1.585036
54.7400,1.655096
54.7600,1.649137
54.7800,1.465095
54.8000,1.278333
54.8200,1.007028
54.8400,0.738190
54.8600,0.530204
54.8800,0.349557
54.9000,0.465573
54.9200,0.336846
54.9400,0.369405
54.9600,0.317705
54.9800,0.326881
55.0000,0.277357
55.0200,0.226161
55.0400,0.276571
55.0600,0.329945
55.0800,0.454179
55.1000,0.534876
55.1200,0.486865
55.1400,0.396048
55.1600,0.341985
55.1800,0.376731
55.2000,0.297277
55.2200,0.334934
55.2400,0.352053
55.2600,0.282981
55.2800,0.267311
55.3000,0.265433
55.3200,0.240298
55.3400,0.246744
55.3600,0.283943
55.3800,0.325930
55.4000,0.289004
55.4200,0.266537
55.4400,0.056477
55.4600,0.097542
55.4800,0.086502
55.5000,0.048497
55.5200,0.039117
55.5400,0.044687
55.5600,0.070589
55.5800,0.071405
55.6000,0.081406
55.6200,0.141503
55.6400,0.080725
55.6600,0.078191
55.6800,0.069468
55.7000,0.143369
55.7200,0.177289
55.7400,0.161124
55.7600,0.231583
55.7800,0.180615
55.8000,0.084220
55.8200,0.068617
55.8400,0.184458
55.8600,0.225224
55.8800,0.130684
55.9000,0.104121
55.9200,0.171825
55.9400,0.238334
55.9600,0.707351
55.9800,1.192017
56.0000,1.391314
56.0200,1.468180
56.0400,1.698159
56.0600,2.043292
56.0800,2.508203
56.1000,2.890248
56.1200,3.210662
56.1400,3.515341
56.1600,3.600000
56.1800,3.600000
56.2000,3.600000
56.2200,3.600000
56.2400,3.600000
56.2600,3.600000
56.2800,3.600000
56.3000,3.600000
56.3200,3.600000
56.3400,3.600000
56.3600,2.520550
56.3800,1.523087
56.4000,0.866529
56.4200,0.581508
56.4400,0.451895
56.4600,0.401990
56.4800,0.329164
56.5000,0.223357
56.5200,0.220378
56.5400,0.221556
56.5600,0.200759
56.5800,0.260922
56.6000,0.306042
56.6200,0.270476
56.6400,0.201310
56.6600,0.190070
56.6800,0.249643
56.7000,0.240450
56.7200,0.187368
56.7400,0.217038
56.7600,0.182756
56.7800,0.280456
56.8000,0.502123
56.8200,0.452501
56.8400,0.443660
56.8600,0.604951
56.8800,0.951936
56.9000,1.304039
56.9200,1.757794
56.9400,2.430908
56.9600,3.535016
56.9800,3.600000
57.0000,3.600000
57.0200,3.600000
57.0400,3.600000
57.0600,3.600000
57.0800,3.600000
57.1000,3.600000
57.1200,3.600000
57.1400,3.600000
57.1600,2.910479
57.1800,2.264951
57.2000,1.804374
57.2200,1.527976
57.2400,1.585036
57.2600,1.655096
57.2800,1.649137
57.3000,1.465095
57.3200,1.278333
57.3400,1.007028
57.3600,0.738190
57.3800,0.530204
57.4000,0.349557
57.4200,0.465573
57.4400,0.336846
57.4600,0.369405
57.4800,0.317705
57.5000,0.326881
57.5200,0.277357
57.5400,0.226161
57.5600,0.276571
57.5800,0.329945
57.6000,0.454179
57.6200,0.534876
57.6400,0.486865
57.6600,0.396048
57.6800,0.341985
57.7000,0.376731
57.7200,0.297277
57.7400,0.334934
57.7600,0.352053
57.7800,0.282981
57.8000,0.267311
57.8200,0.265433
57.8400,0.240298
57.8600,0.246744
57.8800,0.283943
57.9000,0.325930
57.9200,0.289004
57.9400,0.266537
57.9600,0.056477
57.9800,0.097542
58.0000,0.086502
58.0200,0.048497
58.0400,0.039117
58.0600,0.044687
58.0800,0.070589
58.1000,0.071405
58.1200,0.081406
58.1400,0.141503
58.1600,0.080725
58.1800,0.078191
58.2000,0.069468
58.2200,0.143369
58.2400,0.177289
58.2600,0.161124
58.2800,0.231583
58.3000,0.180615
58.3200,0.084220
58.3400,0.068617
58.3600,0.184458
58.3800,0.225224
58.4000,0.130684
58.4200,0.104121
58.4400,0.171825
58.4600,0.238334
58.4800,0.707351
58.5000,1.192017
58.5200,1.391314
58.5400,1.468180
58.5600,1.698159
58.5800,2.043292
58.6000,2.508203
58.6200,2.890248
58.6400,3.210662
58.6600,3.515341
58.6800,3.600000
58.7000,3.600000
58.7200,3.600000
58.7400,3.600000
58.7600,3.600000
58.7800,3.600000
58.8000,3.600000
58.8200,3.600000
58.8400,3.600000
58.8600,3.600000
58.8800,2.520550
58.9000,1.523087
58.9200,0.866529
58.9400,0.581508
58.9600,0.451895
58.9800,0.401990
59.0000,0.329164
59.0200,0.223357
59.0400,0.220378
59.0600,0.221556
59.0800,0.200759
59.1000,0.260922
59.1200,0.306042
59.1400,0.270476
59.1600,0.201310
59.1800,0.190070
59.2000,0.249643
59.2200,0.240450
59.2400,0.187368
59.2600,0.217038
59.2800,0.182756
59.3000,0.280456
59.3200,0.502123
59.3400,0.452501
59.3600,0.443660
59.3800,0.604951
59.4000,0.951936
59.4200,1.304039
59.4400,1.757794
59.4600,2.430908
59.4800,3.535016
59.5000,3.600000
59.5200,3.600000
59.5400,3.600000
59.5600,3.600000
59.5800,3.600000
59.6000,3.600000
59.6200,3.600000
59.6400,3.600000
59.6600,3.600000
59.6800,2.910479
59.7000,2.264951
59.7200,1.804374
59.7400,1.527976
59.7600,1.585036
59.7800,1.655096
59.8000,1.649137
59.8200,1.465095
59.8400,1.278333
59.8600,1.007028
59.8800,0.738190
59.9000,0.530204
59.9200,0.349557
59.9400,0.465573
59.9600,0.336846
59.9800,0.369405
60.0000,0.317705
60.0200,0.326881
60.0400,0.277357
60.0600,0.226161
60.0800,0.276571
60.1000,0.329945
60.1200,0.454179
60.1400,0.534876
60.1600,0.486865
60.1800,0.396048
60.2000,0.341985
60.2200,0.376731
60.2400,0.297277
60.2600,0.334934
60.2800,0.352053
60.3000,0.282981
60.3200,0.267311
60.3400,0.265433
60.3600,0.240298
60.3800,0.246744
60.4000,0.283943
60.4200,0.325930
60.4400,0.289004
60.4600,0.266537
60.4800,0.056477
60.5000,0.097542
60.5200,0.086502
60.5400,0.048497
60.5600,0.039117
60.5800,0.044687
60.6000,0.070589
60.6200,0.071405
60.6400,0.081406
60.6600,0.141503
60.6800,0.080725
60.7000,0.078191
60.7200,0.069468
60.7400,0.143369
60.7600,0.177289
60.7800,0.161124
60.8000,0.231583
60.8200,0.180615
60.8400,0.084220
60.8600,0.068617
60.8800,0.184458
60.9000,0.225224
60.9200,0.130684
60.9400,0.104121
60.9600,0.171825
60.9800,0.238334
61.0000,0.707351
61.0200,1.192017
61.0400,1.391314
61.0600,1.468180
61.0800,1.698159
61.1000,2.043292
61.1200,2.508203
61.1400,2.890248
61.1600,3.210662
61.1800,3.515341
61.2000,3.600000
61.2200,3.600000
61.2400,3.600000
61.2600,3.600000
61.2800,3.600000
61.3000,3.600000
61.3200,3.600000
61.3400,3.600000
61.3600,3.600000
61.3800,3.600000
61.4000,2.520550
61.4200,1.523087
61.4400,0.866529
61.4600,0.581508
61.4800,0.451895
61.5000,0.401990
61.5200,0.329164
61.5400,0.223357
61.5600,0.220378
61.5800,0.221556
61.6000,0.200759
61.6200,0.260922
61.6400,0.306042
61.6600,0.270476
61.6800,0.201310
61.7000,0.190070
61.7200,0.249643
61.7400,0.240450
61.7600,0.187368
61.7800,0.217038
61.8000,0.182756
61.8200,0.280456
61.8400,0.502123
61.8600,0.452501
61.8800,0.443660
61.9000,0.604951
61.9200,0.951936
61.9400,1.304039
61.9600,1.757794
61.9800,2.430908
62.0000,3.535016
62.0200,3.600000
62.0400,3.600000
62.0600,3.600000
62.0800,3.600000
62.1000,3.600000
62.1200,3.600000
62.1400,3.600000
62.1600,3.600000
62.1800,3.600000
62.2000,2.910479
62.2200,2.264951
62.2400,1.804374
62.2600,1.527976
62.2800,1.585036
62.3000,1.655096
62.3200,1.649137
62.3400,1.465095
62.3600,1.278333
62.3800,1.007028
62.4000,0.738190
62.4200,0.530204
62.4400,0.349557
62.4600,0.465573
62.4800,0.336846
62.5000,0.369405
62.5200,0.317705
62.5400,0.326881
62.5600,0.277357
62.5800,0.226161
62.6000,0.276571
62.6200,0.329945
62.6400,0.454179
62.6600,0.534876
62.6800,0.486865
62.7000,0.396048
62.7200,0.341985
62.7400,0.376731
62.7600,0.297277
62.7800,0.334934
62.8000,0.352053
62.8200,0.282981
62.8400,0.267311
62.8600,0.265433
62.8800,0.240298
62.9000,0.246744
62.9200,0.283943
62.9400,0.325930
62.9600,0.289004
62.9800,0.266537
63.0000,0.056477
63.0200,0.097542
63.0400,0.086502
63.0600,0.048497
63.0800,0.039117
63.1000,0.044687
63.1200,0.070589
63.1400,0.071405
63.1600,0.081406
63.1800,0.141503
63.2000,0.080725
63.2200,0.078191
63.2400,0.069468
63.2600,0.143369
63.2800,0.177289
63.3000,0.161124
63.3200,0.231583
63.3400,0.180615
63.3600,0.084220
63.3800,0.068617
63.4000,0.184458
63.4200,0.225224
63.4400,0.130684
63.4600,0.104121
63.4800,0.171825
63.5000,0.238334
63.5200,0.707351
63.5400,1.192017
63.5600,1.391314
63.5800,1.468180
63.6000,1.698159
63.6200,2.043292
63.6400,2.508203
63.6600,2.890248
63.6800,3.210662
63.7000,3.515341
63.7200,3.600000
63.7400,3.600000
63.7600,3.600000
63.7800,3.600000
63.8000,3.600000
63.8200,3.600000
63.8400,3.600000
63.8600,3.600000
63.8800,3.600000
63.9000,3.600000
63.9200,2.520550
63.9400,1.523087
63.9600,0.866529
63.9800,0.581508
64.0000,0.451895
64.0200,0.401990
64.0400,0.329164
64.0600,0.223357
64.0800,0.220378
64.1000,0.221556
64.1200,0.200759
64.1400,0.260922
64.1600,0.306042
64.1800,0.270476
64.2000,0.201310
64.2200,0.190070
64.2400,0.249643
64.2600,0.240450
64.2800,0.187368
64.3000,0.217038
64.3200,0.182756
64.3400,0.280456
64.3600,0.502123
64.3800,0.452501
64.4000,0.443660
64.4200,0.604951
64.4400,0.951936
64.4600,1.304039
64.4800,1.757794
64.5000,2.430908
64.5200,3.535016
64.5400,3.600000
64.5600,3.600000
64.5800,3.600000
64.6000,3.600000
64.6200,3.600000
64.6400,3.600000
64.6600,3.600000
64.6800,3.600000
64.7000,3.600000
64.7200,2.910479
64.7400,2.264951
64.7600,1.804374
64.7800,1.527976
64.8000,1.585036
64.8200,1.655096
64.8400,1.649137
64.8600,1.465095
64.8800,1.278333
64.9000,1.007028
64.9200,0.738190
64.9400,0.530204
64.9600,0.349557
64.9800,0.465573
65.0000,0.336846
65.0200,0.369405
65.0400,0.317705
65.0600,0.326881
65.0800,0.277357
65.1000,0.226161
65.1200,0.276571
65.1400,0.329945
65.1600,0.454179
65.1800,0.534876
65.2000,0.486865
65.2200,0.396048
65.2400,0.341985
65.2600,0.376731
65.2800,0.297277
65.3000,0.334934
65.3200,0.352053
65.3400,0.282981
65.3600,0.267311
65.3800,0.265433
65.4000,0.240298
65.4200,0.246744
65.4400,0.283943
65.4600,0.325930
65.4800,0.289004
65.5000,0.266537
65.5200,0.056477
65.5400,0.097542
65.5600,0.086502
65.5800,0.048497
65.6000,0.039117
65.6200,0.044687
65.6400,0.070589
65.6600,0.071405
65.6800,0.081406
65.7000,0.141503
65.7200,0.080725
65.7400,0.078191
65.7600,0.069468
65.7800,0.143369
65.8000,0.177289
65.8200,0.161124
65.8400,0.231583
65.8600,0.180615
65.8800,0.084220
65.9000,0.068617
65.9200,0.184458
65.9400,0.225224
65.9600,0.130684
65.9800,0.104121
66.0000,0.171825
66.0200,0.238334
66.0400,0.707351
66.0600,1.192017
66.0800,1.391314
66.1000,1.468180
66.1200,1.698159
66.1400,2.043292
66.1600,2.508203
66.1800,2.890248
66.2000,3.210662
66.2200,3.515341
66.2400,3.600000
66.2600,3.600000
66.2800,3.600000
66.3000,3.600000
66.3200,3.600000
66.3400,3.600000
66.3600,3.600000
66.3800,3.600000
66.4000,3.600000
66.4200,3.600000
66.4400,2.520550
66.4600,1.523087
66.4800,0.866529
66.5000,0.581508
66.5200,0.451895
66.5400,0.401990
66.5600,0.329164
66.5800,0.223357
66.6000,0.220378
66.6200,0.221556
66.6400,0.200759
66.6600,0.260922
66.6800,0.306042
66.7000,0.270476
66.7200,0.201310
66.7400,0.190070
66.7600,0.249643
66.7800,0.240450
66.8000,0.187368
66.8200,0.217038
66.8400,0.182756
66.8600,0.280456
66.8800,0.502123
66.9000,0.452501
66.9200,0.443660
66.9400,0.604951
66.9600,0.951936
66.9800,1.304039
67.0000,1.757794
67.0200,2.430908
67.0400,3.535016
67.0600,3.600000
67.0800,3.600000
67.1000,3.600000
67.1200,3.600000
67.1400,3.600000
67.1600,3.600000
67.1800,3.600000
67.2000,3.600000
67.2200,3.600000
67.2400,2.910479
67.2600,2.264951
67.2800,1.804374
67.3000,1.527976
67.3200,1.585036
67.3400,1.655096
67.3600,1.649137
67.3800,1.465095
67.4000,1.278333
67.4200,1.007028
67.4400,0.738190
67.4600,0.530204
67.4800,0.349557
67.5000,0.465573
67.5200,0.336846
67.5400,0.369405
67.5600,0.317705
67.5800,0.326881
67.6000,0.277357
67.6200,0.226161
67.6400,0.276571
67.6600,0.329945
67.6800,0.454179
67.7000,0.534876
67.7200,0.486865
67.7400,0.396048
67.7600,0.341985
67.7800,0.376731
67.8000,0.297277
67.8200,0.334934
67.8400,0.352053
67.8600,0.282981
67.8800,0.267311
67.9000,0.265433
67.9200,0.240298
67.9400,0.246744
67.9600,0.283943
67.9800,0.325930
68.0000,0.289004
68.0200,0.266537
68.0400,0.056477
68.0600,0.097542
68.0800,0.086502
68.1000,0.048497
68.1200,0.039117
68.1400,0.044687
68.1600,0.070589
68.1800,0.071405
68.2000,0.081406
68.2200,0.141503
68.2400,0.080725
68.2600,0.078191
68.2800,0.069468
68.3000,0.143369
68.3200,0.177289
68.3400,0.161124
68.3600,0.231583
68.3800,0.180615
68.4000,0.084220
68.4200,0.068617
68.4400,0.184458
68.4600,0.225224
68.4800,0.130684
68.5000,0.104121
68.5200,0.171825
68.5400,0.238334
68.5600,0.707351
68.5800,1.192017
68.6000,1.391314
68.6200,1.468180
68.6400,1.698159
68.6600,2.043292
68.6800,2.508203
68.7000,2.890248
68.7200,3.210662
68.7400,3.515341
68.7600,3.600000
68.7800,3.600000
68.8000,3.600000
68.8200,3.600000
68.8400,3.600000
68.8600,3.600000
68.8800,3.600000
68.9000,3.600000
68.9200,3.600000
68.9400,3.600000
68.9600,2.520550
68.9800,1.523087
69.0000,0.866529
69.0200,0.581508
69.0400,0.451895
69.0600,0.401990
69.0800,0.329164
69.1000,0.223357
69.1200,0.220378
69.1400,0.221556
69.1600,0.200759
69.1800,0.260922
69.2000,0.306042
69.2200,0.270476
69.2400,0.201310
69.2600,0.190070
69.2800,0.249643
69.3000,0.240450
69.3200,0.187368
69.3400,0.217038
69.3600,0.182756
69.3800,0.280456
69.4000,0.502123
69.4200,0.452501
69.4400,0.443660
69.4600,0.604951
69.4800,0.951936
69.5000,1.304039
69.5200,1.757794
69.5400,2.430908
69.5600,3.535016
69.5800,3.600000
69.6000,3.600000
69.6200,3.600000
69.6400,3.600000
69.6600,3.600000
69.6800,3.600000
69.7000,3.600000
69.7200,3.600000
69.7400,3.600000
69.7600,2.910479
69.7800,2.264951
69.8000,1.804374
69.8200,1.527976
69.8400,1.585036
69.8600,1.655096
69.8800,1.649137
69.9000,1.465095
69.9200,1.278333
69.9400,1.007028
69.9600,0.738190
69.9800,0.530204
70.0000,0.349557
70.0200,0.465573
70.0400,0.336846
70.0600,0.369405
70.0800,0.317705
70.1000,0.326881
70.1200,0.277357
70.1400,0.226161
70.1600,0.276571
70.1800,0.329945
70.2000,0.454179
70.2200,0.534876
70.2400,0.486865
70.2600,0.396048
70.2800,0.341985
70.3000,0.376731
70.3200,0.297277
70.3400,0.334934
70.3600,0.352053
70.3800,0.282981
70.4000,0.267311
70.4200,0.265433
70.4400,0.240298
70.4600,0.246744
70.4800,0.283943
70.5000,0.325930
70.5200,0.289004
70.5400,0.266537
70.5600,0.056477
70.5800,0.097542
70.6000,0.086502
70.6200,0.048497
70.6400,0.039117
70.6600,0.044687
70.6800,0.070589
70.7000,0.071405
70.7200,0.081406
70.7400,0.141503
70.7600,0.080725
70.7800,0.078191
70.8000,0.069468
70.8200,0.143369
70.8400,0.177289
70.8600,0.161124
70.8800,0.231583
70.9000,0.180615
70.9200,0.084220
70.9400,0.068617
70.9600,0.184458
70.9800,0.225224
71.0000,0.130684
71.0200,0.104121
71.0400,0.171825
71.0600,0.238334
71.0800,0.707351
71.1000,1.192017
71.1200,1.391314
71.1400,1.468180
71.1600,1.698159
71.1800,2.043292
71.2000,2.508203
71.2200,2.890248
71.2400,3.210662
71.2600,3.515341
71.2800,3.600000
71.3000,3.600000
71.3200,3.600000
71.3400,3.600000
71.3600,3.600000
71.3800,3.600000
71.4000,3.600000
71.4200,3.600000
71.4400,3.600000
71.4600,3.600000
71.4800,2.520550
71.5000,1.523087
71.5200,0.866529
71.5400,0.581508
71.5600,0.451895
71.5800,0.401990
71.6000,0.329164
71.6200,0.223357
71.6400,0.220378
71.6600,0.221556
71.6800,0.200759
71.7000,0.260922
71.7200,0.306042
71.7400,0.270476
71.7600,0.201310
71.7800,0.190070
71.8000,0.249643
71.8200,0.240450
71.8400,0.187368
71.8600,0.217038
71.8800,0.182756
71.9000,0.280456
71.9200,0.502123
71.9400,0.452501
71.9600,0.443660
71.9800,0.604951
72.0000,0.951936
72.0200,1.304039
72.0400,1.757794
72.0600,2.430908
72.0800,3.535016
72.1000,3.600000
72.1200,3.600000
72.1400,3.600000
72.1600,3.600000
72.1800,3.600000
72.2000,3.600000
72.2200,3.600000
72.2400,3.600000
72.2600,3.600000
72.2800,2.910479
72.3000,2.264951
72.3200,1.804374
72.3400,1.527976
72.3600,1.585036
72.3800,1.655096
72.4000,1.649137
72.4200,1.465095
72.4400,1.278333
72.4600,1.007028
72.4800,0.738190
72.5000,0.530204
72.5200,0.349557
72.5400,0.465573
72.5600,0.336846
72.5800,0.369405
72.6000,0.317705
72.6200,0.326881
72.6400,0.277357
72.6600,0.226161
72.6800,0.276571
72.7000,0.329945
72.7200,0.454179
72.7400,0.534876
72.7600,0.486865
72.7800,0.396048
72.8000,0.341985
72.8200,0.376731
72.8400,0.297277
72.8600,0.334934
72.8800,0.352053
72.9000,0.282981
72.9200,0.267311
72.9400,0.265433
72.9600,0.240298
72.9800,0.246744
73.0000,0.283943
73.0200,0.325930
73.0400,0.289004
73.0600,0.266537
73.0800,0.056477
73.1000,0.097542
73.1200,0.086502
73.1400,0.048497
73.1600,0.039117
73.1800,0.044687
73.2000,0.070589
73.2200,0.071405
73.2400,0.081406
73.2600,0.141503
73.2800,0.080725
73.3000,0.078191
73.3200,0.069468
73.3400,0.143369
73.3600,0.177289
73.3800,0.161124
73.4000,0.231583
73.4200,0.180615
73.4400,0.084220
73.4600,0.068617
73.4800,0.184458
73.5000,0.225224
73.5200,0.130684
73.5400,0.104121
73.5600,0.171825
73.5800,0.238334
73.6000,0.707351
73.6200,1.192017
73.6400,1.391314
73.6600,1.468180
73.6800,1.698159
73.7000,2.043292
73.7200,2.508203
73.7400,2.890248
73.7600,3.210662
73.7800,3.515341
73.8000,3.600000
73.8200,3.600000
73.8400,3.600000
73.8600,3.600000
73.8800,3.600000
73.9000,3.600000
73.9200,3.600000
73.9400,3.600000
73.9600,3.600000
73.9800,3.600000
74.0000,2.520550
74.0200,1.523087
74.0400,0.866529
74.0600,0.581508
74.0800,0.451895
74.1000,0.401990
74.1200,0.329164
74.1400,0.223357
74.1600,0.220378
74.1800,0.221556
74.2000,0.200759
74.2200,0.260922
74.2400,0.306042
74.2600,0.270476
74.2800,0.201310
74.3000,0.190070
74.3200,0.249643
74.3400,0.240450
74.3600,0.187368
74.3800,0.217038
74.4000,0.182756
74.4200,0.280456
74.4400,0.502123
74.4600,0.452501
74.4800,0.443660
74.5000,0.604951
74.5200,0.951936
74.5400,1.304039
74.5600,1.757794
74.5800,2.430908
74.6000,3.535016
74.6200,3.600000
74.6400,3.600000
74.6600,3.600000
74.6800,3.600000
74.7000,3.600000
74.7200,3.600000
74.7400,3.600000
74.7600,3.600000
74.7800,3.600000
74.8000,2.910479
74.8200,2.264951
74.8400,1.804374
74.8600,1.527976
74.8800,1.585036
74.9000,1.655096
74.9200,1.649137
74.9400,1.465095
74.9600,1.278333
74.9800,1.007028
75.0000,0.738190
75.0200,0.530204
75.0400,0.349557
75.0600,0.465573
75.0800,0.336846
75.1000,0.369405
75.1200,0.317705
75.1400,0.326881
75.1600,0.277357
75.1800,0.226161
75.2000,0.276571
75.2200,0.329945
75.2400,0.454179
75.2600,0.534876
75.2800,0.486865
75.3000,0.396048
75.3200,0.341985
75.3400,0.376731
75.3600,0.297277
75.3800,0.334934
75.4000,0.352053
75.4200,0.282981
75.4400,0.267311
75.4600,0.265433
75.4800,0.240298
75.5000,0.246744
75.5200,0.283943
75.5400,0.325930
75.5600,0.289004
75.5800,0.266537
75.6000,0.056477
75.6200,0.097542
75.6400,0.086502
75.6600,0.048497
75.6800,0.039117
75.7000,0.044687
75.7200,0.070589
75.7400,0.071405
75.7600,0.081406
75.7800,0.141503
75.8000,0.080725
75.8200,0.078191
75.8400,0.069468
75.8600,0.143369
75.8800,0.177289
75.9000,0.161124
75.9200,0.231583
75.9400,0.180615
75.9600,0.084220
75.9800,0.068617
76.0000,0.184458
76.0200,0.225224
76.0400,0.130684
76.0600,0.104121
76.0800,0.171825
76.1000,0.238334
76.1200,0.707351
76.1400,1.192017
76.1600,1.391314
76.1800,1.468180
76.2000,1.698159
76.2200,2.043292
76.2400,2.508203
76.2600,2.890248
76.2800,3.210662
76.3000,3.515341
76.3200,3.600000
76.3400,3.600000
76.3600,3.600000
76.3800,3.600000
76.4000,3.600000
76.4200,3.600000
76.4400,3.600000
76.4600,3.600000
76.4800,3.600000
76.5000,3.600000
76.5200,2.520550
76.5400,1.523087
76.5600,0.866529
76.5800,0.581508
76.6000,0.451895
76.6200,0.401990
76.6400,0.329164
76.6600,0.223357
76.6800,0.220378
76.7000,0.221556
76.7200,0.200759
76.7400,0.260922
76.7600,0.306042
76.7800,0.270476
76.8000,0.201310
76.8200,0.190070
76.8400,0.249643
76.8600,0.240450
76.8800,0.187368
76.9000,0.217038
76.9200,0.182756
76.9400,0.280456
76.9600,0.502123
76.9800,0.452501
77.0000,0.443660
77.0200,0.604951
77.0400,0.951936
77.0600,1.304039
77.0800,1.757794
77.1000,2.430908
77.1200,3.535016
77.1400,3.600000
77.1600,3.600000
77.1800,3.600000
77.2000,3.600000
77.2200,3.600000
77.2400,3.600000
77.2600,3.600000
77.2800,3.600000
77.3000,3.600000
77.3200,2.910479
77.3400,2.264951
77.3600,1.804374
77.3800,1.527976
77.4000,1.585036
77.4200,1.655096
77.4400,1.649137
77.4600,1.465095
77.4800,1.278333
77.5000,1.007028
77.5200,0.738190
77.5400,0.530204
77.5600,0.349557
77.5800,0.465573
77.6000,0.336846
77.6200,0.369405
77.6400,0.317705
77.6600,0.326881
77.6800,0.277357
77.7000,0.226161
77.7200,0.276571
77.7400,0.329945
77.7600,0.454179
77.7800,0.534876
77.8000,0.486865
77.8200,0.396048
77.8400,0.341985
77.8600,0.376731
77.8800,0.297277
77.9000,0.334934
77.9200,0.352053
77.9400,0.282981
77.9600,0.267311
77.9800,0.265433
78.0000,0.240298
78.0200,0.246744
78.0400,0.283943
78.0600,0.325930
78.0800,0.289004
78.1000,0.266537
78.1200,0.056477
78.1400,0.097542
78.1600,0.086502
78.1800,0.048497
78.2000,0.039117
78.2200,0.044687
78.2400,0.070589
78.2600,0.071405
78.2800,0.081406
78.3000,0.141503
78.3200,0.080725
78.3400,0.078191
78.3600,0.069468
78.3800,0.143369
78.4000,0.177289
78.4200,0.161124
78.4400,0.231583
78.4600,0.180615
78.4800,0.084220
78.5000,0.068617
78.5200,0.184458
78.5400,0.225224
78.5600,0.130684
78.5800,0.104121
78.6000,0.171825
78.6200,0.238334
78.6400,0.707351
78.6600,1.192017
78.6800,1.391314
78.7000,1.468180
78.7200,1.698159
78.7400,2.043292
78.7600,2.508203
78.7800,2.890248
78.8000,3.210662
78.8200,3.515341
78.8400,3.600000
78.8600,3.600000
78.8800,3.600000
78.9000,3.600000
78.9200,3.600000
78.9400,3.600000
78.9600,3.600000
78.9800,3.600000
79.0000,3.600000
79.0200,3.600000
79.0400,2.520550
79.0600,1.523087
79.0800,0.866529
79.1000,0.581508
79.1200,0.451895
79.1400,0.401990
79.1600,0.329164
79.1800,0.223357
79.2000,0.220378
79.2200,0.221556
79.2400,0.200759
79.2600,0.260922
79.2800,0.306042
79.3000,0.270476
79.3200,0.201310
79.3400,0.190070
79.3600,0.249643
79.3800,0.240450
79.4000,0.187368
79.4200,0.217038
79.4400,0.182756
79.4600,0.280456
79.4800,0.502123
79.5000,0.452501
79.5200,0.443660
79.5400,0.604951
79.5600,0.951936
79.5800,1.304039
79.6000,1.757794
79.6200,2.430908
79.6400,3.535016
79.6600,3.600000
79.6800,3.600000
79.7000,3.600000
79.7200,3.600000
79.7400,3.600000
79.7600,3.600000
79.7800,3.600000
79.8000,3.600000
79.8200,3.600000
79.8400,2.910479
79.8600,2.264951
79.8800,1.804374
79.9000,1.527976
79.9200,1.585036
79.9400,1.655096
79.9600,1.649137
79.9800,1.465095
80.0000,1.278333
80.0200,1.007028
80.0400,0.738190
80.0600,0.530204
80.0800,0.349557
80.1000,0.465573
80.1200,0.336846
80.1400,0.369405
80.1600,0.317705
80.1800,0.326881
80.2000,0.277357
80.2200,0.226161
80.2400,0.276571
80.2600,0.329945
80.2800,0.454179
80.3000,0.534876
80.3200,0.486865
80.3400,0.396048
80.3600,0.341985
80.3800,0.376731
80.4000,0.297277
80.4200,0.334934
80.4400,0.352053
80.4600,0.282981
80.4800,0.267311
80.5000,0.265433
80.5200,0.240298
80.5400,0.246744
80.5600,0.283943
80.5800,0.325930
80.6000,0.289004
80.6200,0.266537
80.6400,0.056477
80.6600,0.097542
80.6800,0.086502
80.7000,0.048497
80.7200,0.039117
80.7400,0.044687
80.7600,0.070589
80.7800,0.071405
80.8000,0.081406
80.8200,0.141503
80.8400,0.080725
80.8600,0.078191
80.8800,0.069468
80.9000,0.143369
80.9200,0.177289
80.9400,0.161124
80.9600,0.231583
80.9800,0.180615
81.0000,0.084220
81.0200,0.068617
81.0400,0.184458
81.0600,0.225224
81.0800,0.130684
81.1000,0.104121
81.1200,0.171825
81.1400,0.238334
81.1600,0.707351
81.1800,1.192017
81.2000,1.391314
81.2200,1.468180
81.2400,1.698159
81.2600,2.043292
81.2800,2.508203
81.3000,2.890248
81.3200,3.210662
81.3400,3.515341
81.3600,3.600000
81.3800,3.600000
81.4000,3.600000
81.4200,3.600000
81.4400,3.600000
81.4600,3.600000
81.4800,3.600000
81.5000,3.600000
81.5200,3.600000
81.5400,3.600000
81.5600,2.520550
81.5800,1.523087
81.6000,0.866529
81.6200,0.581508
81.6400,0.451895
81.6600,0.401990
81.6800,0.329164
81.7000,0.223357
81.7200,0.220378
81.7400,0.221556
81.7600,0.200759
81.7800,0.260922
81.8000,0.306042
81.8200,0.270476
81.8400,0.201310
81.8600,0.190070
81.8800,0.249643
81.9000,0.240450
81.9200,0.187368
81.9400,0.217038
81.9600,0.182756
81.9800,0.280456
82.0000,0.502123
82.0200,0.452501
82.0400,0.443660
82.0600,0.604951
82.0800,0.951936
82.1000,1.304039
82.1200,1.757794
82.1400,2.430908
82.1600,3.535016
82.1800,3.600000
82.2000,3.600000
82.2200,3.600000
82.2400,3.600000
82.2600,3.600000
82.2800,3.600000
82.3000,3.600000
82.3200,3.600000
82.3400,3.600000
82.3600,2.910479
82.3800,2.264951
82.4000,1.804374
82.4200,1.527976
82.4400,1.585036
82.4600,1.655096
82.4800,1.649137
82.5000,1.465095
82.5200,1.278333
82.5400,1.007028
82.5600,0.738190
82.5800,0.530204
82.6000,0.349557
82.6200,0.465573
82.6400,0.336846
82.6600,0.369405
82.6800,0.317705
82.7000,0.326881
82.7200,0.277357
82.7400,0.226161
82.7600,0.276571
82.7800,0.329945
82.8000,0.454179
82.8200,0.534876
82.8400,0.486865
82.8600,0.396048
82.8800,0.341985
82.9000,0.376731
82.9200,0.297277
82.9400,0.334934
82.9600,0.352053
82.9800,0.282981
83.0000,0.267311
83.0200,0.265433
83.0400,0.240298
83.0600,0.246744
83.0800,0.283943
83.1000,0.325930
83.1200,0.289004
83.1400,0.266537
83.1600,0.056477
83.1800,0.097542
83.2000,0.086502
83.2200,0.048497
83.2400,0.039117
83.2600,0.044687
83.2800,0.070589
83.3000,0.071405
83.3200,0.081406
83.3400,0.141503
83.3600,0.080725
83.3800,0.078191
83.4000,0.069468
83.4200,0.143369
83.4400,0.177289
83.4600,0.161124
83.4800,0.231583
83.5000,0.180615
83.5200,0.084220
83.5400,0.068617
83.5600,0.184458
83.5800,0.225224
83.6000,0.130684
83.6200,0.104121
83.6400,0.171825
83.6600,0.238334
83.6800,0.707351
83.7000,1.192017
83.7200,1.391314
83.7400,1.468180
83.7600,1.698159
83.7800,2.043292
83.8000,2.508203
83.8200,2.890248
83.8400,3.210662
83.8600,3.515341
83.8800,3.600000
83.9000,3.600000
83.9200,3.600000
83.9400,3.600000
83.9600,3.600000
83.9800,3.600000
84.0000,3.600000
84.0200,3.600000
84.0400,3.600000
84.0600,3.600000
84.0800,2.520550
84.1000,1.523087
84.1200,0.866529
84.1400,0.581508
84.1600,0.451895
84.1800,0.401990
84.2000,0.329164
84.2200,0.223357
84.2400,0.220378
84.2600,0.221556
84.2800,0.200759
84.3000,0.260922
84.3200,0.306042
84.3400,0.270476
84.3600,0.201310
84.3800,0.190070
84.4000,0.249643
84.4200,0.240450
84.4400,0.187368
84.4600,0.217038
84.4800,0.182756
84.5000,0.280456
84.5200,0.502123
84.5400,0.452501
84.5600,0.443660
84.5800,0.604951
84.6000,0.951936
84.6200,1.304039
84.6400,1.757794
84.6600,2.430908
84.6800,3.535016
84.7000,3.600000
84.7200,3.600000
84.7400,3.600000
84.7600,3.600000
84.7800,3.600000
84.8000,3.600000
84.8200,3.600000
84.8400,3.600000
84.8600,3.600000
84.8800,2.910479
84.9000,2.264951
84.9200,1.804374
84.9400,1.527976
84.9600,1.585036
84.9800,1.655096
85.0000,1.649137
85.0200,1.465095
85.0400,1.278333
85.0600,1.007028
85.0800,0.738190
85.1000,0.530204
85.1200,0.349557
85.1400,0.465573
85.1600,0.336846
85.1800,0.369405
85.2000,0.317705
85.2200,0.326881
85.2400,0.277357
85.2600,0.226161
85.2800,0.276571
85.3000,0.329945
85.3200,0.454179
85.3400,0.534876
85.3600,0.486865
85.3800,0.396048
85.4000,0.341985
85.4200,0.376731
85.4400,0.297277
85.4600,0.334934
85.4800,0.352053
85.5000,0.282981
85.5200,0.267311
85.5400,0.265433
85.5600,0.240298
85.5800,0.246744
85.6000,0.283943
85.6200,0.325930
85.6400,0.289004
85.6600,0.266537
85.6800,0.056477
85.7000,0.097542
85.7200,0.086502
85.7400,0.048497
85.7600,0.039117
85.7800,0.044687
85.8000,0.070589
85.8200,0.071405
85.8400,0.081406
85.8600,0.141503
85.8800,0.080725
85.9000,0.078191
85.9200,0.069468
85.9400,0.143369
85.9600,0.177289
85.9800,0.161124
86.0000,0.231583
86.0200,0.180615
86.0400,0.084220
86.0600,0.068617
86.0800,0.184458
86.1000,0.225224
86.1200,0.130684
86.1400,0.104121
86.1600,0.171825
86.1800,0.238334
86.2000,0.707351
86.2200,1.192017
86.2400,1.391314
86.2600,1.468180
86.2800,1.698159
86.3000,2.043292
86.3200,2.508203
86.3400,2.890248
86.3600,3.210662
86.3800,3.515341
86.4000,3.600000
86.4200,3.600000
86.4400,3.600000
86.4600,3.600000
86.4800,3.600000
86.5000,3.600000
86.5200,3.600000
86.5400,3.600000
86.5600,3.600000
86.5800,3.600000
86.6000,2.520550
86.6200,1.523087
86.6400,0.866529
86.6600,0.581508
86.6800,0.451895
86.7000,0.401990
86.7200,0.329164
86.7400,0.223357
86.7600,0.220378
86.7800,0.221556
86.8000,0.200759
86.8200,0.260922
86.8400,0.306042
86.8600,0.270476
86.8800,0.201310
86.9000,0.190070
86.9200,0.249643
86.9400,0.240450
86.9600,0.187368
86.9800,0.217038
87.0000,0.182756
87.0200,0.280456
87.0400,0.502123
87.0600,0.452501
87.0800,0.443660
87.1000,0.604951
87.1200,0.951936
87.1400,1.304039
87.1600,1.757794
87.1800,2.430908
87.2000,3.535016
87.2200,3.600000
87.2400,3.600000
87.2600,3.600000
87.2800,3.600000
87.3000,3.600000
87.3200,3.600000
87.3400,3.600000
87.3600,3.600000
87.3800,3.600000
87.4000,2.910479
87.4200,2.264951
87.4400,1.804374
87.4600,1.527976
87.4800,1.585036
87.5000,1.655096
87.5200,1.649137
87.5400,1.465095
87.5600,1.278333
87.5800,1.007028
87.6000,0.738190
87.6200,0.530204
87.6400,0.349557
87.6600,0.465573
87.6800,0.336846
87.7000,0.369405
87.7200,0.317705
87.7400,0.326881
87.7600,0.277357
87.7800,0.226161
87.8000,0.276571
87.8200,0.329945
87.8400,0.454179
87.8600,0.534876
87.8800,0.486865
87.9000,0.396048
87.9200,0.341985
87.9400,0.376731
87.9600,0.297277
87.9800,0.334934
88.0000,0.352053
88.0200,0.282981
88.0400,0.267311
88.0600,0.265433
88.0800,0.240298
88.1000,0.246744
88.1200,0.283943
88.1400,0.325930
88.1600,0.289004
88.1800,0.266537
88.2000,0.056477
88.2200,0.097542
88.2400,0.086502
88.2600,0.048497
88.2800,0.039117
88.3000,0.044687
88.3200,0.070589
88.3400,0.071405
88.3600,0.081406
88.3800,0.141503
88.4000,0.080725
88.4200,0.078191
88.4400,0.069468
88.4600,0.143369
88.4800,0.177289
88.5000,0.161124
88.5200,0.231583
88.5400,0.180615
88.5600,0.084220
88.5800,0.068617
88.6000,0.184458
88.6200,0.225224
88.6400,0.130684
88.6600,0.104121
88.6800,0.171825
88.7000,0.238334
88.7200,0.707351
88.7400,1.192017
88.7600,1.391314
88.7800,1.468180
88.8000,1.698159
88.8200,2.043292
88.8400,2.508203
88.8600,2.890248
88.8800,3.210662
88.9000,3.515341
88.9200,3.600000
88.9400,3.600000
88.9600,3.600000
88.9800,3.600000
89.0000,3.600000
89.0200,3.600000
89.0400,3.600000
89.0600,3.600000
89.0800,3.600000
89.1000,3.600000
89.1200,2.520550
89.1400,1.523087
89.1600,0.866529
89.1800,0.581508
89.2000,0.451895
89.2200,0.401990
89.2400,0.329164
89.2600,0.223357
89.2800,0.220378
89.3000,0.221556
89.3200,0.200759
89.3400,0.260922
89.3600,0.306042
89.3800,0.270476
89.4000,0.201310
89.4200,0.190070
89.4400,0.249643
89.4600,0.240450
89.4800,0.187368
89.5000,0.217038
89.5200,0.182756
89.5400,0.280456
89.5600,0.502123
89.5800,0.452501
89.6000,0.443660
89.6200,0.604951
89.6400,0.951936
89.6600,1.304039
89.6800,1.757794
89.7000,2.430908
89.7200,3.535016
89.7400,3.600000
89.7600,3.600000
89.7800,3.600000
89.8000,3.600000
89.8200,3.600000
89.8400,3.600000
89.8600,3.600000
89.8800,3.600000
89.9000,3.600000
89.9200,2.910479
89.9400,2.264951
89.9600,1.804374
89.9800,1.527976
90.0000,1.585036
90.0200,1.655096
90.0400,1.649137
90.0600,1.465095
90.0800,1.278333
90.1000,1.007028
90.1200,0.738190
90.1400,0.530204
90.1600,0.349557
90.1800,0.465573
90.2000,0.336846
90.2200,0.369405
90.2400,0.317705
90.2600,0.326881
90.2800,0.277357
90.3000,0.226161
90.3200,0.276571
90.3400,0.329945
90.3600,0.454179
90.3800,0.534876
90.4000,0.486865
90.4200,0.396048
90.4400,0.341985
90.4600,0.376731
90.4800,0.297277
90.5000,0.334934
90.5200,0.352053
90.5400,0.282981
90.5600,0.267311
90.5800,0.265433
90.6000,0.240298
90.6200,0.246744
90.6400,0.283943
90.6600,0.325930
90.6800,0.289004
90.7000,0.266537
90.7200,0.056477
90.7400,0.097542
90.7600,0.086502
90.7800,0.048497
90.8000,0.039117
90.8200,0.044687
90.8400,0.070589
90.8600,0.071405
90.8800,0.081406
90.9000,0.141503
90.9200,0.080725
90.9400,0.078191
90.9600,0.069468
90.9800,0.143369
91.0000,0.177289
91.0200,0.161124
91.0400,0.231583
91.0600,0.180615
91.0800,0.084220
91.1000,0.068617
91.1200,0.184458
91.1400,0.225224
91.1600,0.130684
91.1800,0.104121
91.2000,0.171825
91.2200,0.238334
91.2400,0.707351
91.2600,1.192017
91.2800,1.391314
91.3000,1.468180
91.3200,1.698159
91.3400,2.043292
91.3600,2.508203
91.3800,2.890248
91.4000,3.210662
91.4200,3.515341
91.4400,3.600000
91.4600,3.600000
91.4800,3.600000
91.5000,3.600000
91.5200,3.600000
91.5400,3.600000
91.5600,3.600000
91.5800,3.600000
91.6000,3.600000
91.6200,3.600000
91.6400,2.520550
91.6600,1.523087
91.6800,0.866529
91.7000,0.581508
91.7200,0.451895
91.7400,0.401990
91.7600,0.329164
91.7800,0.223357
91.8000,0.220378
91.8200,0.221556
91.8400,0.200759
91.8600,0.260922
91.8800,0.306042
91.9000,0.270476
91.9200,0.201310
91.9400,0.190070
91.9600,0.249643
91.9800,0.240450
92.0000,0.187368
92.0200,0.217038
92.0400,0.182756
92.0600,0.280456
92.0800,0.502123
92.1000,0.452501
92.1200,0.443660
92.1400,0.604951
92.1600,0.951936
92.1800,1.304039
92.2000,1.757794
92.2200,2.430908
92.2400,3.535016
92.2600,3.600000
92.2800,3.600000
92.3000,3.600000
92.3200,3.600000
92.3400,3.600000
92.3600,3.600000
92.3800,3.600000
92.4000,3.600000
92.4200,3.600000
92.4400,2.910479
92.4600,2.264951
92.4800,1.804374
92.5000,1.527976
92.5200,1.585036
92.5400,1.655096
92.5600,1.649137
92.5800,1.465095
92.6000,1.278333
92.6200,1.007028
92.6400,0.738190
92.6600,0.530204
92.6800,0.349557
92.7000,0.465573
92.7200,0.336846
92.7400,0.369405
92.7600,0.317705
92.7800,0.326881
92.8000,0.277357
92.8200,0.226161
92.8400,0.276571
92.8600,0.329945
92.8800,0.454179
92.9000,0.534876
92.9200,0.486865
92.9400,0.396048
92.9600,0.341985
92.9800,0.376731
93.0000,0.297277
93.0200,0.334934
93.0400,0.352053
93.0600,0.282981
93.0800,0.267311
93.1000,0.265433
93.1200,0.240298
93.1400,0.246744
93.1600,0.283943
93.1800,0.325930
93.2000,0.289004
93.2200,0.266537
93.2400,0.056477
93.2600,0.097542
93.2800,0.086502
93.3000,0.048497
93.3200,0.039117
93.3400,0.044687
93.3600,0.070589
93.3800,0.071405
93.4000,0.081406
93.4200,0.141503
93.4400,0.080725
93.4600,0.078191
93.4800,0.069468
93.5000,0.143369
93.5200,0.177289
93.5400,0.161124
93.5600,0.231583
93.5800,0.180615
93.6000,0.084220
93.6200,0.068617
93.6400,0.184458
93.6600,0.225224
93.6800,0.130684
93.7000,0.104121
93.7200,0.171825
93.7400,0.238334
93.7600,0.707351
93.7800,1.192017
93.8000,1.391314
93.8200,1.468180
93.8400,1.698159
93.8600,2.043292
93.8800,2.508203
93.9000,2.890248
93.9200,3.210662
93.9400,3.515341
93.9600,3.600000
93.9800,3.600000
94.0000,3.600000
94.0200,3.600000
94.0400,3.600000
94.0600,3.600000
94.0800,3.600000
94.1000,3.600000
94.1200,3.600000
94.1400,3.600000
94.1600,2.520550
94.1800,1.523087
94.2000,0.866529
94.2200,0.581508
94.2400,0.451895
94.2600,0.401990
94.2800,0.329164
94.3000,0.223357
94.3200,0.220378
94.3400,0.221556
94.3600,0.200759
94.3800,0.260922
94.4000,0.306042
94.4200,0.270476
94.4400,0.201310
94.4600,0.190070
94.4800,0.249643
94.5000,0.240450
94.5200,0.187368
94.5400,0.217038
94.5600,0.182756
94.5800,0.280456
94.6000,0.502123
94.6200,0.452501
94.6400,0.443660
94.6600,0.604951
94.6800,0.951936
94.7000,1.304039
94.7200,1.757794
94.7400,2.430908
94.7600,3.535016
94.7800,3.600000
94.8000,3.600000
94.8200,3.600000
94.8400,3.600000
94.8600,3.600000
94.8800,3.600000
94.9000,3.600000
94.9200,3.600000
94.9400,3.600000
94.9600,2.910479
94.9800,2.264951
95.0000,1.804374
95.0200,1.527976
95.0400,1.585036
95.0600,1.655096
95.0800,1.649137
95.1000,1.465095
95.1200,1.278333
95.1400,1.007028
95.1600,0.738190
95.1800,0.530204
95.2000,0.349557
95.2200,0.465573
95.2400,0.336846
95.2600,0.369405
95.2800,0.317705
95.3000,0.326881
95.3200,0.277357
95.3400,0.226161
95.3600,0.276571
95.3800,0.329945
95.4000,0.454179
95.4200,0.534876
95.4400,0.486865
95.4600,0.396048
95.4800,0.341985
95.5000,0.376731
95.5200,0.297277
95.5400,0.334934
95.5600,0.352053
95.5800,0.282981
95.6000,0.267311
95.6200,0.265433
95.6400,0.240298
95.6600,0.246744
95.6800,0.283943
95.7000,0.325930
95.7200,0.289004
95.7400,0.266537
95.7600,0.056477
95.7800,0.097542
95.8000,0.086502
95.8200,0.048497
95.8400,0.039117
95.8600,0.044687
95.8800,0.070589
95.9000,0.071405
95.9200,0.081406
95.9400,0.141503
95.9600,0.080725
95.9800,0.078191
96.0000,0.069468
96.0200,0.143369
96.0400,0.177289
96.0600,0.161124
96.0800,0.231583
96.1000,0.180615
96.1200,0.084220
96.1400,0.068617
96.1600,0.184458
96.1800,0.225224
96.2000,0.130684
96.2200,0.104121
96.2400,0.171825
96.2600,0.238334
96.2800,0.707351
96.3000,1.192017
96.3200,1.391314
96.3400,1.468180
96.3600,1.698159
96.3800,2.043292
96.4000,2.508203
96.4200,2.890248
96.4400,3.210662
96.4600,3.515341
96.4800,3.600000
96.5000,3.600000
96.5200,3.600000
96.5400,3.600000
96.5600,3.600000
96.5800,3.600000
96.6000,3.600000
96.6200,3.600000
96.6400,3.600000
96.6600,3.600000
96.6800,2.520550
96.7000,1.523087
96.7200,0.866529
96.7400,0.581508
96.7600,0.451895
96.7800,0.401990
96.8000,0.329164
96.8200,0.223357
96.8400,0.220378
96.8600,0.221556
96.8800,0.200759
96.9000,0.260922
96.9200,0.306042
96.9400,0.270476
96.9600,0.201310
96.9800,0.190070
97.0000,0.249643
97.0200,0.240450
97.0400,0.187368
97.0600,0.217038
97.0800,0.182756
97.1000,0.280456
97.1200,0.502123
97.1400,0.452501
97.1600,0.443660
97.1800,0.604951
97.2000,0.951936
97.2200,1.304039
97.2400,1.757794
97.2600,2.430908
97.2800,3.535016
97.3000,3.600000
97.3200,3.600000
97.3400,3.600000
97.3600,3.600000
97.3800,3.600000
97.4000,3.600000
97.4200,3.600000
97.4400,3.600000
97.4600,3.600000
97.4800,2.910479
97.5000,2.264951
97.5200,1.804374
97.5400,1.527976
97.5600,1.585036
97.5800,1.655096
97.6000,1.649137
97.6200,1.465095
97.6400,1.278333
97.6600,1.007028
97.6800,0.738190
97.7000,0.530204
97.7200,0.349557
97.7400,0.465573
97.7600,0.336846
97.7800,0.369405
97.8000,0.317705
97.8200,0.326881
97.8400,0.277357
97.8600,0.226161
97.8800,0.276571
97.9000,0.329945
97.9200,0.454179
97.9400,0.534876
97.9600,0.486865
97.9800,0.396048
98.0000,0.341985
98.0200,0.376731
98.0400,0.297277
98.0600,0.334934
98.0800,0.352053
98.1000,0.282981
98.1200,0.267311
98.1400,0.265433
98.1600,0.240298
98.1800,0.246744
98.2000,0.283943
98.2200,0.325930
98.2400,0.289004
98.2600,0.266537
98.2800,0.056477
98.3000,0.097542
98.3200,0.086502
98.3400,0.048497
98.3600,0.039117
98.3800,0.044687
98.4000,0.070589
98.4200,0.071405
98.4400,0.081406
98.4600,0.141503
98.4800,0.080725
98.5000,0.078191
98.5200,0.069468
98.5400,0.143369
98.5600,0.177289
98.5800,0.161124
98.6000,0.231583
98.6200,0.180615
98.6400,0.084220
98.6600,0.068617
98.6800,0.184458
98.7000,0.225224
98.7200,0.130684
98.7400,0.104121
98.7600,0.171825
98.7800,0.238334
98.8000,0.707351
98.8200,1.192017
98.8400,1.391314
98.8600,1.468180
98.8800,1.698159
98.9000,2.043292
98.9200,2.508203
98.9400,2.890248
98.9600,3.210662
98.9800,3.515341
99.0000,3.600000
99.0200,3.600000
99.0400,3.600000
99.0600,3.600000
99.0800,3.600000
99.1000,3.600000
99.1200,3.600000
99.1400,3.600000
99.1600,3.600000
99.1800,3.600000
99.2000,2.520550
99.2200,1.523087
99.2400,0.866529
99.2600,0.581508
99.2800,0.451895
99.3000,0.401990
99.3200,0.329164
99.3400,0.223357
99.3600,0.220378
99.3800,0.221556
99.4000,0.200759
99.4200,0.260922
99.4400,0.306042
99.4600,0.270476
99.4800,0.201310
99.5000,0.190070
99.5200,0.249643
99.5400,0.240450
99.5600,0.187368
99.5800,0.217038
99.6000,0.182756
99.6200,0.280456
99.6400,0.502123
99.6600,0.452501
99.6800,0.443660
99.7000,0.604951
99.7200,0.951936
99.7400,1.304039
99.7600,1.757794
99.7800,2.430908
99.8000,3.535016
99.8200,3.600000
99.8400,3.600000
99.8600,3.600000
99.8800,3.600000
99.9000,3.600000
99.9200,3.600000
99.9400,3.600000
99.9600,3.600000
99.9800,3.600000
100.0000,2.910479
100.0200,2.264951
100.0400,1.804374
100.0600,1.527976
100.0800,1.585036
100.1000,1.655096
100.1200,1.649137
100.1400,1.465095
100.1600,1.278333
100.1800,1.007028
100.2000,0.738190
100.2200,0.530204
100.2400,0.349557
100.2600,0.465573
100.2800,0.336846
100.3000,0.369405
100.3200,0.317705
100.3400,0.326881
100.3600,0.277357
100.3800,0.226161
100.4000,0.276571
100.4200,0.329945
100.4400,0.454179
100.4600,0.534876
100.4800,0.486865
100.5000,0.396048
100.5200,0.341985
100.5400,0.376731
100.5600,0.297277
100.5800,0.334934
100.6000,0.352053
100.6200,0.282981
100.6400,0.267311
100.6600,0.265433
100.6800,0.240298
100.7000,0.246744
100.7200,0.283943
100.7400,0.325930
100.7600,0.289004
100.7800,0.266537
100.8000,0.056477
100.8200,0.097542
100.8400,0.086502
100.8600,0.048497
100.8800,0.039117
100.9000,0.044687
100.9200,0.070589
100.9400,0.071405
100.9600,0.081406
100.9800,0.141503
101.0000,0.080725
101.0200,0.078191
101.0400,0.069468
101.0600,0.143369
101.0800,0.177289
101.1000,0.161124
101.1200,0.231583
101.1400,0.180615
101.1600,0.084220
101.1800,0.068617
101.2000,0.184458
101.2200,0.225224
101.2400,0.130684
101.2600,0.104121
101.2800,0.171825
101.3000,0.238334
101.3200,0.707351
101.3400,1.192017
101.3600,1.391314
101.3800,1.468180
101.4000,1.698159
101.4200,2.043292
101.4400,2.508203
101.4600,2.890248
101.4800,3.210662
101.5000,3.515341
101.5200,3.600000
101.5400,3.600000
101.5600,3.600000
101.5800,3.600000
101.6000,3.600000
101.6200,3.600000
101.6400,3.600000
101.6600,3.600000
101.6800,3.600000
101.7000,3.600000
101.7200,2.520550
101.7400,1.523087
101.7600,0.866529
101.7800,0.581508
101.8000,0.451895
101.8200,0.401990
101.8400,0.329164
101.8600,0.223357
101.8800,0.220378
101.9000,0.221556
101.9200,0.200759
101.9400,0.260922
101.9600,0.306042
101.9800,0.270476
102.0000,0.201310
102.0200,0.190070
102.0400,0.249643
102.0600,0.240450
102.0800,0.187368
102.1000,0.217038
102.1200,0.182756
102.1400,0.280456
102.1600,0.502123
102.1800,0.452501
102.2000,0.443660
102.2200,0.604951
102.2400,0.951936
102.2600,1.304039
102.2800,1.757794
102.3000,2.430908
102.3200,3.535016
102.3400,3.600000
102.3600,3.600000
102.3800,3.600000
102.4000,3.600000
102.4200,3.600000
102.4400,3.600000
102.4600,3.600000
102.4800,3.600000
102.5000,3.600000
102.5200,2.910479
102.5400,2.264951
102.5600,1.804374
102.5800,1.527976
102.6000,1.585036
102.6200,1.655096
102.6400,1.649137
102.6600,1.465095
102.6800,1.278333
102.7000,1.007028
102.7200,0.738190
102.7400,0.530204
102.7600,0.349557
102.7800,0.465573
102.8000,0.336846
102.8200,0.369405
102.8400,0.317705
102.8600,0.326881
102.8800,0.277357
102.9000,0.226161
102.9200,0.276571
102.9400,0.329945
102.9600,0.454179
102.9800,0.534876
103.0000,0.486865
103.0200,0.396048
103.0400,0.341985
103.0600,0.376731
103.0800,0.297277
103.1000,0.334934
103.1200,0.352053
103.1400,0.282981
103.1600,0.267311
103.1800,0.265433
103.2000,0.240298
103.2200,0.246744
103.2400,0.283943
103.2600,0.325930
103.2800,0.289004
103.3000,0.266537
103.3200,0.056477
103.3400,0.097542
103.3600,0.086502
103.3800,0.048497
103.4000,0.039117
103.4200,0.044687
103.4400,0.070589
103.4600,0.071405
103.4800,0.081406
103.5000,0.141503
103.5200,0.080725
103.5400,0.078191
103.5600,0.069468
103.5800,0.143369
103.6000,0.177289
103.6200,0.161124
103.6400,0.231583
103.6600,0.180615
103.6800,0.084220
103.7000,0.068617
103.7200,0.184458
103.7400,0.225224
103.7600,0.130684
103.7800,0.104121
103.8000,0.171825
103.8200,0.238334
103.8400,0.707351
103.8600,1.192017
103.8800,1.391314
103.9000,1.468180
103.9200,1.698159
103.9400,2.043292
103.9600,2.508203
103.9800,2.890248
104.0000,3.210662
104.0200,3.515341
104.0400,3.600000
104.0600,3.600000
104.0800,3.600000
104.1000,3.600000
104.1200,3.600000
104.1400,3.600000
104.1600,3.600000
104.1800,3.600000
104.2000,3.600000
104.2200,3.600000
104.2400,2.520550
104.2600,1.523087
104.2800,0.866529
104.3000,0.581508
104.3200,0.451895
104.3400,0.401990
104.3600,0.329164
104.3800,0.223357
104.4000,0.220378
104.4200,0.221556
104.4400,0.200759
104.4600,0.260922
104.4800,0.306042
104.5000,0.270476
104.5200,0.201310
104.5400,0.190070
104.5600,0.249643
104.5800,0.240450
104.6000,0.187368
104.6200,0.217038
104.6400,0.182756
104.6600,0.280456
104.6800,0.502123
104.7000,0.452501
104.7200,0.443660
104.7400,0.604951
104.7600,0.951936
104.7800,1.304039
104.8000,1.757794
104.8200,2.430908
104.8400,3.535016
104.8600,3.600000
104.8800,3.600000
104.9000,3.600000
104.9200,3.600000
104.9400,3.600000
104.9600,3.600000
104.9800,3.600000
105.0000,3.600000
105.0200,3.600000
105.0400,2.910479
105.0600,2.264951
105.0800,1.804374
105.1000,1.527976
105.1200,1.585036
105.1400,1.655096
105.1600,1.649137
105.1800,1.465095
105.2000,1.278333
105.2200,1.007028
105.2400,0.738190
105.2600,0.530204
105.2800,0.349557
105.3000,0.465573
105.3200,0.336846
105.3400,0.369405
105.3600,0.317705
105.3800,0.326881
105.4000,0.277357
105.4200,0.226161
105.4400,0.276571
105.4600,0.329945
105.4800,0.454179
105.5000,0.534876
105.5200,0.486865
105.5400,0.396048
105.5600,0.341985
105.5800,0.376731
105.6000,0.297277
105.6200,0.334934
105.6400,0.352053
105.6600,0.282981
105.6800,0.267311
105.7000,0.265433
105.7200,0.240298
105.7400,0.246744
105.7600,0.283943
105.7800,0.325930
105.8000,0.289004
105.8200,0.266537
105.8400,0.056477
105.8600,0.097542
105.8800,0.086502
105.9000,0.048497
105.9200,0.039117
105.9400,0.044687
105.9600,0.070589
105.9800,0.071405
106.0000,0.081406
106.0200,0.141503
106.0400,0.080725
106.0600,0.078191
106.0800,0.069468
106.1000,0.143369
106.1200,0.177289
106.1400,0.161124
106.1600,0.231583
106.1800,0.180615
106.2000,0.084220
106.2200,0.068617
106.2400,0.184458
106.2600,0.225224
106.2800,0.130684
106.3000,0.104121
106.3200,0.171825
106.3400,0.238334
106.3600,0.707351
106.3800,1.192017
106.4000,1.391314
106.4200,1.468180
106.4400,1.698159
106.4600,2.043292
106.4800,2.508203
106.5000,2.890248
106.5200,3.210662
106.5400,3.515341
106.5600,3.600000
106.5800,3.600000
106.6000,3.600000
106.6200,3.600000
106.6400,3.600000
106.6600,3.600000
106.6800,3.600000
106.7000,3.600000
106.7200,3.600000
106.7400,3.600000
106.7600,2.520550
106.7800,1.523087
106.8000,0.866529
106.8200,0.581508
106.8400,0.451895
106.8600,0.401990
106.8800,0.329164
106.9000,0.223357
106.9200,0.220378
106.9400,0.221556
106.9600,0.200759
106.9800,0.260922
107.0000,0.306042
107.0200,0.270476
107.0400,0.201310
107.0600,0.190070
107.0800,0.249643
107.1000,0.240450
107.1200,0.187368
107.1400,0.217038
107.1600,0.182756
107.1800,0.280456
107.2000,0.502123
107.2200,0.452501
107.2400,0.443660
107.2600,0.604951
107.2800,0.951936
107.3000,1.304039
107.3200,1.757794
107.3400,2.430908
107.3600,3.535016
107.3800,3.600000
107.4000,3.600000
107.4200,3.600000
107.4400,3.600000
107.4600,3.600000
107.4800,3.600000
107.5000,3.600000
107.5200,3.600000
107.5400,3.600000
107.5600,2.910479
107.5800,2.264951
107.6000,1.804374
107.6200,1.527976
107.6400,1.585036
107.6600,1.655096
107.6800,1.649137
107.7000,1.465095
107.7200,1.278333
107.7400,1.007028
107.7600,0.738190
107.7800,0.530204
107.8000,0.349557
107.8200,0.465573
107.8400,0.336846
107.8600,0.369405
107.8800,0.317705
107.9000,0.326881
107.9200,0.277357
107.9400,0.226161
107.9600,0.276571
107.9800,0.329945
108.0000,0.454179
108.0200,0.534876
108.0400,0.486865
108.0600,0.396048
108.0800,0.341985
108.1000,0.376731
108.1200,0.297277
108.1400,0.334934
108.1600,0.352053
108.1800,0.282981
108.2000,0.267311
108.2200,0.265433
108.2400,0.240298
108.2600,0.246744
108.2800,0.283943
108.3000,0.325930
108.3200,0.289004
108.3400,0.266537
108.3600,0.056477
108.3800,0.097542
108.4000,0.086502
108.4200,0.048497
108.4400,0.039117
108.4600,0.044687
108.4800,0.070589
108.5000,0.071405
108.5200,0.081406
108.5400,0.141503
108.5600,0.080725
108.5800,0.078191
108.6000,0.069468
108.6200,0.143369
108.6400,0.177289
108.6600,0.161124
108.6800,0.231583
108.7000,0.180615
108.7200,0.084220
108.7400,0.068617
108.7600,0.184458
108.7800,0.225224
108.8000,0.130684
108.8200,0.104121
108.8400,0.171825
108.8600,0.238334
108.8800,0.707351
108.9000,1.192017
108.9200,1.391314
108.9400,1.468180
108.9600,1.698159
108.9800,2.043292
109.0000,2.508203
109.0200,2.890248
109.0400,3.210662
109.0600,3.515341
109.0800,3.600000
109.1000,3.600000
109.1200,3.600000
109.1400,3.600000
109.1600,3.600000
109.1800,3.600000
109.2000,3.600000
109.2200,3.600000
109.2400,3.600000
109.2600,3.600000
109.2800,2.520550
109.3000,1.523087
109.3200,0.866529
109.3400,0.581508
109.3600,0.451895
109.3800,0.401990
109.4000,0.329164
109.4200,0.223357
109.4400,0.220378
109.4600,0.221556
109.4800,0.200759
109.5000,0.260922
109.5200,0.306042
109.5400,0.270476
109.5600,0.201310
109.5800,0.190070
109.6000,0.249643
109.6200,0.240450
109.6400,0.187368
109.6600,0.217038
109.6800,0.182756
109.7000,0.280456
109.7200,0.502123
109.7400,0.452501
109.7600,0.443660
109.7800,0.604951
109.8000,0.951936
109.8200,1.304039
109.8400,1.757794
109.8600,2.430908
109.8800,3.535016
109.9000,3.600000
109.9200,3.600000
109.9400,3.600000
109.9600,3.600000
109.9800,3.600000
110.0000,3.600000
110.0200,3.600000
110.0400,3.600000
110.0600,3.600000
110.0800,2.910479
110.1000,2.264951
110.1200,1.804374
110.1400,1.527976
110.1600,1.585036
110.1800,1.655096
110.2000,1.649137
110.2200,1.465095
110.2400,1.278333
110.2600,1.007028
110.2800,0.738190
110.3000,0.530204
110.3200,0.349557
110.3400,0.465573
110.3600,0.336846
110.3800,0.369405
110.4000,0.317705
110.4200,0.326881
110.4400,0.277357
110.4600,0.226161
110.4800,0.276571
110.5000,0.329945
110.5200,0.454179
110.5400,0.534876
110.5600,0.486865
110.5800,0.396048
110.6000,0.341985
110.6200,0.376731
110.6400,0.297277
110.6600,0.334934
110.6800,0.352053
110.7000,0.282981
110.7200,0.267311
110.7400,0.265433
110.7600,0.240298
110.7800,0.246744
110.8000,0.283943
110.8200,0.325930
110.8400,0.289004
110.8600,0.266537
110.8800,0.056477
110.9000,0.097542
110.9200,0.086502
110.9400,0.048497
110.9600,0.039117
110.9800,0.044687
111.0000,0.070589
111.0200,0.071405
111.0400,0.081406
111.0600,0.141503
111.0800,0.080725
111.1000,0.078191
111.1200,0.069468
111.1400,0.143369
111.1600,0.177289
111.1800,0.161124
111.2000,0.231583
111.2200,0.180615
111.2400,0.084220
111.2600,0.068617
111.2800,0.184458
111.3000,0.225224
111.3200,0.130684
111.3400,0.104121
111.3600,0.171825
111.3800,0.238334
111.4000,0.707351
111.4200,1.192017
111.4400,1.391314
111.4600,1.468180
111.4800,1.698159
111.5000,2.043292
111.5200,2.508203
111.5400,2.890248
111.5600,3.210662
111.5800,3.515341
111.6000,3.600000
111.6200,3.600000
111.6400,3.600000
111.6600,3.600000
111.6800,3.600000
111.7000,3.600000
111.7200,3.600000
111.7400,3.600000
111.7600,3.600000
111.7800,3.600000
111.8000,2.520550
111.8200,1.523087
111.8400,0.866529
111.8600,0.581508
111.8800,0.451895
111.9000,0.401990
111.9200,0.329164
111.9400,0.223357
111.9600,0.220378
111.9800,0.221556
112.0000,0.200759
112.0200,0.260922
112.0400,0.306042
112.0600,0.270476
112.0800,0.201310
112.1000,0.190070
112.1200,0.249643
112.1400,0.240450
112.1600,0.187368
112.1800,0.217038
112.2000,0.182756
112.2200,0.280456
112.2400,0.502123
112.2600,0.452501
112.2800,0.443660
112.3000,0.604951
112.3200,0.951936
112.3400,1.304039
112.3600,1.757794
112.3800,2.430908
112.4000,3.535016
112.4200,3.600000
112.4400,3.600000
112.4600,3.600000
112.4800,3.600000
112.5000,3.600000
112.5200,3.600000
112.5400,3.600000
112.5600,3.600000
112.5800,3.600000
112.6000,2.910479
112.6200,2.264951
112.6400,1.804374
112.6600,1.527976
112.6800,1.585036
112.7000,1.655096
112.7200,1.649137
112.7400,1.465095
112.7600,1.278333
112.7800,1.007028
112.8000,0.738190
112.8200,0.530204
112.8400,0.349557
112.8600,0.465573
112.8800,0.336846
112.9000,0.369405
112.9200,0.317705
112.9400,0.326881
112.9600,0.277357
112.9800,0.226161
113.0000,0.276571
113.0200,0.329945
113.0400,0.454179
113.0600,0.534876
113.0800,0.486865
113.1000,0.396048
113.1200,0.341985
113.1400,0.376731
113.1600,0.297277
113.1800,0.334934
113.2000,0.352053
113.2200,0.282981
113.2400,0.267311
113.2600,0.265433
113.2800,0.240298
113.3000,0.246744
113.3200,0.283943
113.3400,0.325930
113.3600,0.289004
113.3800,0.266537
113.4000,0.056477
113.4200,0.097542
113.4400,0.086502
113.4600,0.048497
113.4800,0.039117
113.5000,0.044687
113.5200,0.070589
113.5400,0.071405
113.5600,0.081406
113.5800,0.141503
113.6000,0.080725
113.6200,0.078191
113.6400,0.069468
113.6600,0.143369
113.6800,0.177289
113.7000,0.161124
113.7200,0.231583
113.7400,0.180615
113.7600,0.084220
113.7800,0.068617
113.8000,0.184458
113.8200,0.225224
113.8400,0.130684
113.8600,0.104121
113.8800,0.171825
113.9000,0.238334
113.9200,0.707351
113.9400,1.192017
113.9600,1.391314
113.9800,1.468180
114.0000,1.698159
114.0200,2.043292
114.0400,2.508203
114.0600,2.890248
114.0800,3.210662
114.1000,3.515341
114.1200,3.600000
114.1400,3.600000
114.1600,3.600000
114.1800,3.600000
114.2000,3.600000
114.2200,3.600000
114.2400,3.600000
114.2600,3.600000
114.2800,3.600000
114.3000,3.600000
114.3200,2.520550
114.3400,1.523087
114.3600,0.866529
114.3800,0.581508
114.4000,0.451895
114.4200,0.401990
114.4400,0.329164
114.4600,0.223357
114.4800,0.220378
114.5000,0.221556
114.5200,0.200759
114.5400,0.260922
114.5600,0.306042
114.5800,0.270476
114.6000,0.201310
114.6200,0.190070
114.6400,0.249643
114.6600,0.240450
114.6800,0.187368
114.7000,0.217038
114.7200,0.182756
114.7400,0.280456
114.7600,0.502123
114.7800,0.452501
114.8000,0.443660
114.8200,0.604951
114.8400,0.951936
114.8600,1.304039
114.8800,1.757794
114.9000,2.430908
114.9200,3.535016
114.9400,3.600000
114.9600,3.600000
114.9800,3.600000
115.0000,3.600000
115.0200,3.600000
115.0400,3.600000
115.0600,3.600000
115.0800,3.600000
115.1000,3.600000
115.1200,2.910479
115.1400,2.264951
115.1600,1.804374
115.1800,1.527976
115.2000,1.585036
115.2200,1.655096
115.2400,1.649137
115.2600,1.465095
115.2800,1.278333
115.3000,1.007028
115.3200,0.738190
115.3400,0.530204
115.3600,0.349557
115.3800,0.465573
115.4000,0.336846
115.4200,0.369405
115.4400,0.317705
115.4600,0.326881
115.4800,0.277357
115.5000,0.226161
115.5200,0.276571
115.5400,0.329945
115.5600,0.454179
115.5800,0.534876
115.6000,0.486865
115.6200,0.396048
115.6400,0.341985
115.6600,0.376731
115.6800,0.297277
115.7000,0.334934
115.7200,0.352053
115.7400,0.282981
115.7600,0.267311
115.7800,0.265433
115.8000,0.240298
115.8200,0.246744
115.8400,0.283943
115.8600,0.325930
115.8800,0.289004
115.9000,0.266537
115.9200,0.056477
115.9400,0.097542
115.9600,0.086502
115.9800,0.048497
116.0000,0.039117
116.0200,0.044687
116.0400,0.070589
116.0600,0.071405
116.0800,0.081406
116.1000,0.141503
116.1200,0.080725
116.1400,0.078191
116.1600,0.069468
116.1800,0.143369
116.2000,0.177289
116.2200,0.161124
116.2400,0.231583
116.2600,0.180615
116.2800,0.084220
116.3000,0.068617
116.3200,0.184458
116.3400,0.225224
116.3600,0.130684
116.3800,0.104121
116.4000,0.171825
116.4200,0.238334
116.4400,0.707351
116.4600,1.192017
116.4800,1.391314
116.5000,1.468180
116.5200,1.698159
116.5400,2.043292
116.5600,2.508203
116.5800,2.890248
116.6000,3.210662
116.6200,3.515341
116.6400,3.600000
116.6600,3.600000
116.6800,3.600000
116.7000,3.600000
116.7200,3.600000
116.7400,3.600000
116.7600,3.600000
116.7800,3.600000
116.8000,3.600000
116.8200,3.600000
116.8400,2.520550
116.8600,1.523087
116.8800,0.866529
116.9000,0.581508
116.9200,0.451895
116.9400,0.401990
116.9600,0.329164
116.9800,0.223357
117.0000,0.220378
117.0200,0.221556
117.0400,0.200759
117.0600,0.260922
117.0800,0.306042
117.1000,0.270476
117.1200,0.201310
117.1400,0.190070
117.1600,0.249643
117.1800,0.240450
117.2000,0.187368
117.2200,0.217038
117.2400,0.182756
117.2600,0.280456
117.2800,0.502123
117.3000,0.452501
117.3200,0.443660
117.3400,0.604951
117.3600,0.951936
117.3800,1.304039
117.4000,1.757794
117.4200,2.430908
117.4400,3.535016
117.4600,3.600000
117.4800,3.600000
117.5000,3.600000
117.5200,3.600000
117.5400,3.600000
117.5600,3.600000
117.5800,3.600000
117.6000,3.600000
117.6200,3.600000
117.6400,2.910479
117.6600,2.264951
117.6800,1.804374
117.7000,1.527976
117.7200,1.585036
117.7400,1.655096
117.7600,1.649137
117.7800,1.465095
117.8000,1.278333
117.8200,1.007028
117.8400,0.738190
117.8600,0.530204
117.8800,0.349557
117.9000,0.465573
117.9200,0.336846
117.9400,0.369405
117.9600,0.317705
117.9800,0.326881
118.0000,0.277357
118.0200,0.226161
118.0400,0.276571
118.0600,0.329945
118.0800,0.454179
118.1000,0.534876
118.1200,0.486865
118.1400,0.396048
118.1600,0.341985
118.1800,0.376731
118.2000,0.297277
118.2200,0.334934
118.2400,0.352053
118.2600,0.282981
118.2800,0.267311
118.3000,0.265433
118.3200,0.240298
118.3400,0.246744
118.3600,0.283943
118.3800,0.325930
118.4000,0.289004
118.4200,0.266537
118.4400,0.056477
118.4600,0.097542
118.4800,0.086502
118.5000,0.048497
118.5200,0.039117
118.5400,0.044687
118.5600,0.070589
118.5800,0.071405
118.6000,0.081406
118.6200,0.141503
118.6400,0.080725
118.6600,0.078191
118.6800,0.069468
118.7000,0.143369
118.7200,0.177289
118.7400,0.161124
118.7600,0.231583
118.7800,0.180615
118.8000,0.084220
118.8200,0.068617
118.8400,0.184458
118.8600,0.225224
118.8800,0.130684
118.9000,0.104121
118.9200,0.171825
118.9400,0.238334
118.9600,0.707351
118.9800,1.192017
119.0000,1.391314
119.0200,1.468180
119.0400,1.698159
119.0600,2.043292
119.0800,2.508203
119.1000,2.890248
119.1200,3.210662
119.1400,3.515341
119.1600,3.600000
119.1800,3.600000
119.2000,3.600000
119.2200,3.600000
119.2400,3.600000
119.2600,3.600000
119.2800,3.600000
119.3000,3.600000
119.3200,3.600000
119.3400,3.600000
119.3600,2.520550
119.3800,1.523087
119.4000,0.866529
119.4200,0.581508
119.4400,0.451895
119.4600,0.401990
119.4800,0.329164
119.5000,0.223357
119.5200,0.220378
119.5400,0.221556
119.5600,0.200759
119.5800,0.260922
119.6000,0.306042
119.6200,0.270476
119.6400,0.201310
119.6600,0.190070
119.6800,0.249643
119.7000,0.240450
119.7200,0.187368
119.7400,0.217038
119.7600,0.182756
119.7800,0.280456
119.8000,0.502123
119.8200,0.452501
119.8400,0.443660
119.8600,0.604951
119.8800,0.951936
119.9000,1.304039
119.9200,1.757794
119.9400,2.430908
119.9600,3.535016
119.9800,3.600000
120.0000,3.600000
120.0200,3.600000
120.0400,3.600000
120.0600,3.600000
120.0800,3.600000
120.1000,3.600000
120.1200,3.600000
120.1400,3.600000
120.1600,2.910479
120.1800,2.264951
120.2000,1.804374
120.2200,1.527976
120.2400,1.585036
120.2600,1.655096
120.2800,1.649137
120.3000,1.465095
120.3200,1.278333
120.3400,1.007028
120.3600,0.738190
120.3800,0.530204
120.4000,0.349557
120.4200,0.465573
120.4400,0.336846
120.4600,0.369405
120.4800,0.317705
120.5000,0.326881
120.5200,0.277357
120.5400,0.226161
120.5600,0.276571
120.5800,0.329945
120.6000,0.454179
120.6200,0.534876
120.6400,0.486865
120.6600,0.396048
120.6800,0.341985
120.7000,0.376731
120.7200,0.297277
120.7400,0.334934
120.7600,0.352053
120.7800,0.282981
120.8000,0.267311
120.8200,0.265433
120.8400,0.240298
120.8600,0.246744
120.8800,0.283943
120.9000,0.325930
120.9200,0.289004
120.9400,0.266537
120.9600,0.056477
120.9800,0.097542
121.0000,0.086502
121.0200,0.048497
121.0400,0.039117
121.0600,0.044687
121.0800,0.070589
121.1000,0.071405
121.1200,0.081406
121.1400,0.141503
121.1600,0.080725
121.1800,0.078191
121.2000,0.069468
121.2200,0.143369
121.2400,0.177289
121.2600,0.161124
121.2800,0.231583
121.3000,0.180615
121.3200,0.084220
121.3400,0.068617
121.3600,0.184458
121.3800,0.225224
121.4000,0.130684
121.4200,0.104121
121.4400,0.171825
121.4600,0.238334
121.4800,0.707351
121.5000,1.192017
121.5200,1.391314
121.5400,1.468180
121.5600,1.698159
121.5800,2.043292
121.6000,2.508203
121.6200,2.890248
121.6400,3.210662
121.6600,3.515341
121.6800,3.600000
121.7000,3.600000
121.7200,3.600000
121.7400,3.600000
121.7600,3.600000
121.7800,3.600000
121.8000,3.600000
121.8200,3.600000
121.8400,3.600000
121.8600,3.600000
121.8800,2.520550
121.9000,1.523087
121.9200,0.866529
121.9400,0.581508
121.9600,0.451895
121.9800,0.401990
122.0000,0.329164
122.0200,0.223357
122.0400,0.220378
122.0600,0.221556
122.0800,0.200759
122.1000,0.260922
122.1200,0.306042
122.1400,0.270476
122.1600,0.201310
122.1800,0.190070
122.2000,0.249643
122.2200,0.240450
122.2400,0.187368
122.2600,0.217038
122.2800,0.182756
122.3000,0.280456
122.3200,0.502123
122.3400,0.452501
122.3600,0.443660
122.3800,0.604951
122.4000,0.951936
122.4200,1.304039
122.4400,1.757794
122.4600,2.430908
122.4800,3.535016
122.5000,3.600000
122.5200,3.600000
122.5400,3.600000
122.5600,3.600000
122.5800,3.600000
122.6000,3.600000
122.6200,3.600000
122.6400,3.600000
122.6600,3.600000
122.6800,2.910479
122.7000,2.264951
122.7200,1.804374
122.7400,1.527976
122.7600,1.585036
122.7800,1.655096
122.8000,1.649137
122.8200,1.465095
122.8400,1.278333
122.8600,1.007028
122.8800,0.738190
122.9000,0.530204
122.9200,0.349557
122.9400,0.465573
122.9600,0.336846
122.9800,0.369405
123.0000,0.317705
123.0200,0.326881
123.0400,0.277357
123.0600,0.226161
123.0800,0.276571
123.1000,0.329945
123.1200,0.454179
123.1400,0.534876
123.1600,0.486865
123.1800,0.396048
123.2000,0.341985
123.2200,0.376731
123.2400,0.297277
123.2600,0.334934
123.2800,0.352053
123.3000,0.282981
123.3200,0.267311
123.3400,0.265433
123.3600,0.240298
123.3800,0.246744
123.4000,0.283943
123.4200,0.325930
123.4400,0.289004
123.4600,0.266537
123.4800,0.056477
123.5000,0.097542
123.5200,0.086502
123.5400,0.048497
123.5600,0.039117
123.5800,0.044687
123.6000,0.070589
123.6200,0.071405
123.6400,0.081406
123.6600,0.141503
123.6800,0.080725
123.7000,0.078191
123.7200,0.069468
123.7400,0.143369
123.7600,0.177289
123.7800,0.161124
123.8000,0.231583
123.8200,0.180615
123.8400,0.084220
123.8600,0.068617
123.8800,0.184458
123.9000,0.225224
123.9200,0.130684
123.9400,0.104121
123.9600,0.171825
123.9800,0.238334
124.0000,0.707351
124.0200,1.192017
124.0400,1.391314
124.0600,1.468180
124.0800,1.698159
124.1000,2.043292
124.1200,2.508203
124.1400,2.890248
124.1600,3.210662
124.1800,3.515341
124.2000,3.600000
124.2200,3.600000
124.2400,3.600000
124.2600,3.600000
124.2800,3.600000
124.3000,3.600000
124.3200,3.600000
124.3400,3.600000
124.3600,3.600000
124.3800,3.600000
124.4000,2.520550
124.4200,1.523087
124.4400,0.866529
124.4600,0.581508
124.4800,0.451895
124.5000,0.401990
124.5200,0.329164
124.5400,0.223357
124.5600,0.220378
124.5800,0.221556
124.6000,0.200759
124.6200,0.260922
124.6400,0.306042
124.6600,0.270476
124.6800,0.201310
124.7000,0.190070
124.7200,0.249643
124.7400,0.240450
124.7600,0.187368
124.7800,0.217038
124.8000,0.182756
124.8200,0.280456
124.8400,0.502123
124.8600,0.452501
124.8800,0.443660
124.9000,0.604951
124.9200,0.951936
124.9400,1.304039
124.9600,1.757794
124.9800,2.430908
125.0000,3.535016
125.0200,3.600000
125.0400,3.600000
125.0600,3.600000
125.0800,3.600000
125.1000,3.600000
125.1200,3.600000
125.1400,3.600000
125.1600,3.600000
125.1800,3.600000
125.2000,2.910479
125.2200,2.264951
125.2400,1.804374
125.2600,1.527976
125.2800,1.585036
125.3000,1.655096
125.3200,1.649137
125.3400,1.465095
125.3600,1.278333
125.3800,1.007028
125.4000,0.738190
125.4200,0.530204
125.4400,0.349557
125.4600,0.465573
125.4800,0.336846
125.5000,0.369405
125.5200,0.317705
125.5400,0.326881
125.5600,0.277357
125.5800,0.226161
125.6000,0.276571
125.6200,0.329945
125.6400,0.454179
125.6600,0.534876
125.6800,0.486865
125.7000,0.396048
125.7200,0.341985
125.7400,0.376731
125.7600,0.297277
125.7800,0.334934
125.8000,0.352053
125.8200,0.282981
125.8400,0.267311
125.8600,0.265433
125.8800,0.240298
125.9000,0.246744
125.9200,0.283943
125.9400,0.325930
125.9600,0.289004
125.9800,0.266537
126.0000,0.056477
126.0200,0.097542
126.0400,0.086502
126.0600,0.048497
126.0800,0.039117
126.1000,0.044687
126.1200,0.070589
126.1400,0.071405
126.1600,0.081406
126.1800,0.141503
126.2000,0.080725
126.2200,0.078191
126.2400,0.069468
126.2600,0.143369
126.2800,0.177289
126.3000,0.161124
126.3200,0.231583
126.3400,0.180615
126.3600,0.084220
126.3800,0.068617
126.4000,0.184458
126.4200,0.225224
126.4400,0.130684
126.4600,0.104121
126.4800,0.171825
126.5000,0.238334
126.5200,0.707351
126.5400,1.192017
126.5600,1.391314
126.5800,1.468180
126.6000,1.698159
126.6200,2.043292
126.6400,2.508203
126.6600,2.890248
126.6800,3.210662
126.7000,3.515341
126.7200,3.600000
126.7400,3.600000
126.7600,3.600000
126.7800,3.600000
126.8000,3.600000
126.8200,3.600000
126.8400,3.600000
126.8600,3.600000
126.8800,3.600000
126.9000,3.600000
126.9200,2.520550
126.9400,1.523087
126.9600,0.866529
126.9800,0.581508
127.0000,0.451895
127.0200,0.401990
127.0400,0.329164
127.0600,0.223357
127.0800,0.220378
127.1000,0.221556
127.1200,0.200759
127.1400,0.260922
127.1600,0.306042
127.1800,0.270476
127.2000,0.201310
127.2200,0.190070
127.2400,0.249643
127.2600,0.240450
127.2800,0.187368
127.3000,0.217038
127.3200,0.182756
127.3400,0.280456
127.3600,0.502123
127.3800,0.452501
127.4000,0.443660
127.4200,0.604951
127.4400,0.951936
127.4600,1.304039
127.4800,1.757794
127.5000,2.430908
127.5200,3.535016
127.5400,3.600000
127.5600,3.600000
127.5800,3.600000
127.6000,3.600000
127.6200,3.600000
127.6400,3.600000
127.6600,3.600000
127.6800,3.600000
127.7000,3.600000
127.7200,2.910479
127.7400,2.264951
127.7600,1.804374
127.7800,1.527976
127.8000,1.585036
127.8200,1.655096
127.8400,1.649137
127.8600,1.465095
127.8800,1.278333
127.9000,1.007028
127.9200,0.738190
127.9400,0.530204
127.9600,0.349557
127.9800,0.465573
128.0000,0.336846
128.0200,0.369405
128.0400,0.317705
128.0600,0.326881
128.0800,0.277357
128.1000,0.226161
128.1200,0.276571
128.1400,0.329945
128.1600,0.454179
128.1800,0.534876
128.2000,0.486865
128.2200,0.396048
128.2400,0.341985
128.2600,0.376731
128.2800,0.297277
128.3000,0.334934
128.3200,0.352053
128.3400,0.282981
128.3600,0.267311
128.3800,0.265433
128.4000,0.240298
128.4200,0.246744
128.4400,0.283943
128.4600,0.325930
128.4800,0.289004
128.5000,0.266537
128.5200,0.056477
128.5400,0.097542
128.5600,0.086502
128.5800,0.048497
128.6000,0.039117
128.6200,0.044687
128.6400,0.070589
128.6600,0.071405
128.6800,0.081406
128.7000,0.141503
128.7200,0.080725
128.7400,0.078191
128.7600,0.069468
128.7800,0.143369
128.8000,0.177289
128.8200,0.161124
128.8400,0.231583
128.8600,0.180615
128.8800,0.084220
128.9000,0.068617
128.9200,0.184458
128.9400,0.225224
128.9600,0.130684
128.9800,0.104121
129.0000,0.171825
129.0200,0.238334
129.0400,0.707351
129.0600,1.192017
129.0800,1.391314
129.1000,1.468180
129.1200,1.698159
129.1400,2.043292
129.1600,2.508203
129.1800,2.890248
129.2000,3.210662
129.2200,3.515341
129.2400,3.600000
129.2600,3.600000
129.2800,3.600000
129.3000,3.600000
129.3200,3.600000
129.3400,3.600000
129.3600,3.600000
129.3800,3.600000
129.4000,3.600000
129.4200,3.600000
129.4400,2.520550
129.4600,1.523087
129.4800,0.866529
129.5000,0.581508
129.5200,0.451895
129.5400,0.401990
129.5600,0.329164
129.5800,0.223357
129.6000,0.220378
129.6200,0.221556
129.6400,0.200759
129.6600,0.260922
129.6800,0.306042
129.7000,0.270476
129.7200,0.201310
129.7400,0.190070
129.7600,0.249643
129.7800,0.240450
129.8000,0.187368
129.8200,0.217038
129.8400,0.182756
129.8600,0.280456
129.8800,0.502123
129.9000,0.452501
129.9200,0.443660
129.9400,0.604951
129.9600,0.951936
129.9800,1.304039
130.0000,1.757794
130.0200,2.430908
130.0400,3.535016
130.0600,3.600000
130.0800,3.600000
130.1000,3.600000
130.1200,3.600000
130.1400,3.600000
130.1600,3.600000
130.1800,3.600000
130.2000,3.600000
130.2200,3.600000
130.2400,2.910479
130.2600,2.264951
130.2800,1.804374
130.3000,1.527976
130.3200,1.585036
130.3400,1.655096
130.3600,1.649137
130.3800,1.465095
130.4000,1.278333
130.4200,1.007028
130.4400,0.738190
130.4600,0.530204
130.4800,0.349557
130.5000,0.465573
130.5200,0.336846
130.5400,0.369405
130.5600,0.317705
130.5800,0.326881
130.6000,0.277357
130.6200,0.226161
130.6400,0.276571
130.6600,0.329945
130.6800,0.454179
130.7000,0.534876
130.7200,0.486865
130.7400,0.396048
130.7600,0.341985
130.7800,0.376731
130.8000,0.297277
130.8200,0.334934
130.8400,0.352053
130.8600,0.282981
130.8800,0.267311
130.9000,0.265433
130.9200,0.240298
130.9400,0.246744
130.9600,0.283943
130.9800,0.325930
131.0000,0.289004
131.0200,0.266537
131.0400,0.056477
131.0600,0.097542
131.0800,0.086502
131.1000,0.048497
131.1200,0.039117
131.1400,0.044687
131.1600,0.070589
131.1800,0.071405
131.2000,0.081406
131.2200,0.141503
131.2400,0.080725
131.2600,0.078191
131.2800,0.069468
131.3000,0.143369
131.3200,0.177289
131.3400,0.161124
131.3600,0.231583
131.3800,0.180615
131.4000,0.084220
131.4200,0.068617
131.4400,0.184458
131.4600,0.225224
131.4800,0.130684
131.5000,0.104121
131.5200,0.171825
131.5400,0.238334
131.5600,0.707351
131.5800,1.192017
131.6000,1.391314
131.6200,1.468180
131.6400,1.698159
131.6600,2.043292
131.6800,2.508203
131.7000,2.890248
131.7200,3.210662
131.7400,3.515341
131.7600,3.600000
131.7800,3.600000
131.8000,3.600000
131.8200,3.600000
131.8400,3.600000
131.8600,3.600000
131.8800,3.600000
131.9000,3.600000
131.9200,3.600000
131.9400,3.600000
131.9600,2.520550
131.9800,1.523087
132.0000,0.866529
132.0200,0.581508
132.0400,0.451895
132.0600,0.401990
132.0800,0.329164
132.1000,0.223357
132.1200,0.220378
132.1400,0.221556
132.1600,0.200759
132.1800,0.260922
132.2000,0.306042
132.2200,0.270476
132.2400,0.201310
132.2600,0.190070
132.2800,0.249643
132.3000,0.240450
132.3200,0.187368
132.3400,0.217038
132.3600,0.182756
132.3800,0.280456
132.4000,0.502123
132.4200,0.452501
132.4400,0.443660
132.4600,0.604951
132.4800,0.951936
132.5000,1.304039
132.5200,1.757794
132.5400,2.430908
132.5600,3.535016
132.5800,3.600000
132.6000,3.600000
132.6200,3.600000
132.6400,3.600000
132.6600,3.600000
132.6800,3.600000
132.7000,3.600000
132.7200,3.600000
132.7400,3.600000
132.7600,2.910479
132.7800,2.264951
132.8000,1.804374
132.8200,1.527976
132.8400,1.585036
132.8600,1.655096
132.8800,1.649137
132.9000,1.465095
132.9200,1.278333
132.9400,1.007028
132.9600,0.738190
132.9800,0.530204
133.0000,0.349557
133.0200,0.465573
133.0400,0.336846
133.0600,0.369405
133.0800,0.317705
133.1000,0.326881
133.1200,0.277357
133.1400,0.226161
133.1600,0.276571
133.1800,0.329945
133.2000,0.454179
133.2200,0.534876
133.2400,0.486865
133.2600,0.396048
133.2800,0.341985
133.3000,0.376731
133.3200,0.297277
133.3400,0.334934
133.3600,0.352053
133.3800,0.282981
133.4000,0.267311
133.4200,0.265433
133.4400,0.240298
133.4600,0.246744
133.4800,0.283943
133.5000,0.325930
133.5200,0.289004
133.5400,0.266537
133.5600,0.056477
133.5800,0.097542
133.6000,0.086502
133.6200,0.048497
133.6400,0.039117
133.6600,0.044687
133.6800,0.070589
133.7000,0.071405
133.7200,0.081406
133.7400,0.141503
133.7600,0.080725
133.7800,0.078191
133.8000,0.069468
133.8200,0.143369
133.8400,0.177289
133.8600,0.161124
133.8800,0.231583
133.9000,0.180615
133.9200,0.084220
133.9400,0.068617
133.9600,0.184458
133.9800,0.225224
134.0000,0.130684
134.0200,0.104121
134.0400,0.171825
134.0600,0.238334
134.0800,0.707351
134.1000,1.192017
134.1200,1.391314
134.1400,1.468180
134.1600,1.698159
134.1800,2.043292
134.2000,2.508203
134.2200,2.890248
134.2400,3.210662
134.2600,3.515341
134.2800,3.600000
134.3000,3.600000
134.3200,3.600000
134.3400,3.600000
134.3600,3.600000
134.3800,3.600000
134.4000,3.600000
134.4200,3.600000
134.4400,3.600000
134.4600,3.600000
134.4800,2.520550
134.5000,1.523087
134.5200,0.866529
134.5400,0.581508
134.5600,0.451895
134.5800,0.401990
134.6000,0.329164
134.6200,0.223357
134.6400,0.220378
134.6600,0.221556
134.6800,0.200759
134.7000,0.260922
134.7200,0.306042
134.7400,0.270476
134.7600,0.201310
134.7800,0.190070
134.8000,0.249643
134.8200,0.240450
134.8400,0.187368
134.8600,0.217038
134.8800,0.182756
134.9000,0.280456
134.9200,0.502123
134.9400,0.452501
134.9600,0.443660
134.9800,0.604951
135.0000,0.951936
135.0200,1.304039
135.0400,1.757794
135.0600,2.430908
135.0800,3.535016
135.1000,3.600000
135.1200,3.600000
135.1400,3.600000
135.1600,3.600000
135.1800,3.600000
135.2000,3.600000
135.2200,3.600000
135.2400,3.600000
135.2600,3.600000
135.2800,2.910479
135.3000,2.264951
135.3200,1.804374
135.3400,1.527976
135.3600,1.585036
135.3800,1.655096
135.4000,1.649137
135.4200,1.465095
135.4400,1.278333
135.4600,1.007028
135.4800,0.738190
135.5000,0.530204
135.5200,0.349557
135.5400,0.465573
135.5600,0.336846
135.5800,0.369405
135.6000,0.317705
135.6200,0.326881
135.6400,0.277357
135.6600,0.226161
135.6800,0.276571
135.7000,0.329945
135.7200,0.454179
135.7400,0.534876
135.7600,0.486865
135.7800,0.396048
135.8000,0.341985
135.8200,0.376731
135.8400,0.297277
135.8600,0.334934
135.8800,0.352053
135.9000,0.282981
135.9200,0.267311
135.9400,0.265433
135.9600,0.240298
135.9800,0.246744
136.0000,0.283943
136.0200,0.325930
136.0400,0.289004
136.0600,0.266537
136.0800,0.056477
136.1000,0.097542
136.1200,0.086502
136.1400,0.048497
136.1600,0.039117
136.1800,0.044687
136.2000,0.070589
136.2200,0.071405
136.2400,0.081406
136.2600,0.141503
136.2800,0.080725
136.3000,0.078191
136.3200,0.069468
136.3400,0.143369
136.3600,0.177289
136.3800,0.161124
136.4000,0.231583
136.4200,0.180615
136.4400,0.084220
136.4600,0.068617
136.4800,0.184458
136.5000,0.225224
136.5200,0.130684
136.5400,0.104121
136.5600,0.171825
136.5800,0.238334
136.6000,0.707351
136.6200,1.192017
136.6400,1.391314
136.6600,1.468180
136.6800,1.698159
136.7000,2.043292
136.7200,2.508203
136.7400,2.890248
136.7600,3.210662
136.7800,3.515341
136.8000,3.600000
136.8200,3.600000
136.8400,3.600000
136.8600,3.600000
136.8800,3.600000
136.9000,3.600000
136.9200,3.600000
136.9400,3.600000
136.9600,3.600000
136.9800,3.600000
137.0000,2.520550
137.0200,1.523087
137.0400,0.866529
137.0600,0.581508
137.0800,0.451895
137.1000,0.401990
137.1200,0.329164
137.1400,0.223357
137.1600,0.220378
137.1800,0.221556
137.2000,0.200759
137.2200,0.260922
137.2400,0.306042
137.2600,0.270476
137.2800,0.201310
137.3000,0.190070
137.3200,0.249643
137.3400,0.240450
137.3600,0.187368
137.3800,0.217038
137.4000,0.182756
137.4200,0.280456
137.4400,0.502123
137.4600,0.452501
137.4800,0.443660
137.5000,0.604951
137.5200,0.951936
137.5400,1.304039
137.5600,1.757794
137.5800,2.430908
137.6000,3.535016
137.6200,3.600000
137.6400,3.600000
137.6600,3.600000
137.6800,3.600000
137.7000,3.600000
137.7200,3.600000
137.7400,3.600000
137.7600,3.600000
137.7800,3.600000
137.8000,2.910479
137.8200,2.264951
137.8400,1.804374
137.8600,1.527976
137.8800,1.585036
137.9000,1.655096
137.9200,1.649137
137.9400,1.465095
137.9600,1.278333
137.9800,1.007028
138.0000,0.738190
138.0200,0.530204
138.0400,0.349557
138.0600,0.465573
138.0800,0.336846
138.1000,0.369405
138.1200,0.317705
138.1400,0.326881
138.1600,0.277357
138.1800,0.226161
138.2000,0.276571
138.2200,0.329945
138.2400,0.454179
138.2600,0.534876
138.2800,0.486865
138.3000,0.396048
138.3200,0.341985
138.3400,0.376731
138.3600,0.297277
138.3800,0.334934
138.4000,0.352053
138.4200,0.282981
138.4400,0.267311
138.4600,0.265433
138.4800,0.240298
138.5000,0.246744
138.5200,0.283943
138.5400,0.325930
138.5600,0.289004
138.5800,0.266537
138.6000,0.056477
138.6200,0.097542
138.6400,0.086502
138.6600,0.048497
138.6800,0.039117
138.7000,0.044687
138.7200,0.070589
138.7400,0.071405
138.7600,0.081406
138.7800,0.141503
138.8000,0.080725
138.8200,0.078191
138.8400,0.069468
138.8600,0.143369
138.8800,0.177289
138.9000,0.161124
138.9200,0.231583
138.9400,0.180615
138.9600,0.084220
138.9800,0.068617
139.0000,0.184458
139.0200,0.225224
139.0400,0.130684
139.0600,0.104121
139.0800,0.171825
139.1000,0.238334
139.1200,0.707351
139.1400,1.192017
139.1600,1.391314
139.1800,1.468180
139.2000,1.698159
139.2200,2.043292
139.2400,2.508203
139.2600,2.890248
139.2800,3.210662
139.3000,3.515341
139.3200,3.600000
139.3400,3.600000
139.3600,3.600000
139.3800,3.600000
139.4000,3.600000
139.4200,3.600000
139.4400,3.600000
139.4600,3.600000
139.4800,3.600000
139.5000,3.600000
139.5200,2.520550
139.5400,1.523087
139.5600,0.866529
139.5800,0.581508
139.6000,0.451895
139.6200,0.401990
139.6400,0.329164
139.6600,0.223357
139.6800,0.220378
139.7000,0.221556
139.7200,0.200759
139.7400,0.260922
139.7600,0.306042
139.7800,0.270476
139.8000,0.201310
139.8200,0.190070
139.8400,0.249643
139.8600,0.240450
139.8800,0.187368
139.9000,0.217038
139.9200,0.182756
139.9400,0.280456
139.9600,0.502123
139.9800,0.452501
140.0000,0.443660
140.0200,0.604951
140.0400,0.951936
140.0600,1.304039
140.0800,1.757794
140.1000,2.430908
140.1200,3.535016
140.1400,3.600000
140.1600,3.600000
140.1800,3.600000
140.2000,3.600000
140.2200,3.600000
140.2400,3.600000
140.2600,3.600000
140.2800,3.600000
140.3000,3.600000
140.3200,2.910479
140.3400,2.264951
140.3600,1.804374
140.3800,1.527976
140.4000,1.585036
140.4200,1.655096
140.4400,1.649137
140.4600,1.465095
140.4800,1.278333
140.5000,1.007028
140.5200,0.738190
140.5400,0.530204
140.5600,0.349557
140.5800,0.465573
140.6000,0.336846
140.6200,0.369405
140.6400,0.317705
140.6600,0.326881
140.6800,0.277357
140.7000,0.226161
140.7200,0.276571
140.7400,0.329945
140.7600,0.454179
140.7800,0.534876
140.8000,0.486865
140.8200,0.396048
140.8400,0.341985
140.8600,0.376731
140.8800,0.297277
140.9000,0.334934
140.9200,0.352053
140.9400,0.282981
140.9600,0.267311
140.9800,0.265433
141.0000,0.240298
141.0200,0.246744
141.0400,0.283943
141.0600,0.325930
141.0800,0.289004
141.1000,0.266537
141.1200,0.056477
141.1400,0.097542
141.1600,0.086502
141.1800,0.048497
141.2000,0.039117
141.2200,0.044687
141.2400,0.070589
141.2600,0.071405
141.2800,0.081406
141.3000,0.141503
141.3200,0.080725
141.3400,0.078191
141.3600,0.069468
141.3800,0.143369
141.4000,0.177289
141.4200,0.161124
141.4400,0.231583
141.4600,0.180615
141.4800,0.084220
141.5000,0.068617
141.5200,0.184458
141.5400,0.225224
141.5600,0.130684
141.5800,0.104121
141.6000,0.171825
141.6200,0.238334
141.6400,0.707351
141.6600,1.192017
141.6800,1.391314
141.7000,1.468180
141.7200,1.698159
141.7400,2.043292
141.7600,2.508203
141.7800,2.890248
141.8000,3.210662
141.8200,3.515341
141.8400,3.600000
141.8600,3.600000
141.8800,3.600000
141.9000,3.600000
141.9200,3.600000
141.9400,3.600000
141.9600,3.600000
141.9800,3.600000
142.0000,3.600000
142.0200,3.600000
142.0400,2.520550
142.0600,1.523087
142.0800,0.866529
142.1000,0.581508
142.1200,0.451895
142.1400,0.401990
142.1600,0.329164
142.1800,0.223357
142.2000,0.220378
142.2200,0.221556
142.2400,0.200759
142.2600,0.260922
142.2800,0.306042
142.3000,0.270476
142.3200,0.201310
142.3400,0.190070
142.3600,0.249643
142.3800,0.240450
142.4000,0.187368
142.4200,0.217038
142.4400,0.182756
142.4600,0.280456
142.4800,0.502123
142.5000,0.452501
142.5200,0.443660
142.5400,0.604951
142.5600,0.951936
142.5800,1.304039
142.6000,1.757794
142.6200,2.430908
142.6400,3.535016
142.6600,3.600000
142.6800,3.600000
142.7000,3.600000
142.7200,3.600000
142.7400,3.600000
142.7600,3.600000
142.7800,3.600000
142.8000,3.600000
142.8200,3.600000
142.8400,2.910479
142.8600,2.264951
142.8800,1.804374
142.9000,1.527976
142.9200,1.585036
142.9400,1.655096
142.9600,1.649137
142.9800,1.465095
143.0000,1.278333
143.0200,1.007028
143.0400,0.738190
143.0600,0.530204
143.0800,0.349557
143.1000,0.465573
143.1200,0.336846
143.1400,0.369405
143.1600,0.317705
143.1800,0.326881
143.2000,0.277357
143.2200,0.226161
143.2400,0.276571
143.2600,0.329945
143.2800,0.454179
143.3000,0.534876
143.3200,0.486865
143.3400,0.396048
143.3600,0.341985
143.3800,0.376731
143.4000,0.297277
143.4200,0.334934
143.4400,0.352053
143.4600,0.282981
143.4800,0.267311
143.5000,0.265433
143.5200,0.240298
143.5400,0.246744
143.5600,0.283943
143.5800,0.325930
143.6000,0.289004
143.6200,0.266537
143.6400,0.056477
143.6600,0.097542
143.6800,0.086502
143.7000,0.048497
143.7200,0.039117
143.7400,0.044687
143.7600,0.070589
143.7800,0.071405
143.8000,0.081406
143.8200,0.141503
143.8400,0.080725
143.8600,0.078191
143.8800,0.069468
143.9000,0.143369
143.9200,0.177289
143.9400,0.161124
143.9600,0.231583
143.9800,0.180615
144.0000,0.084220
144.0200,0.068617
144.0400,0.184458
144.0600,0.225224
144.0800,0.130684
144.1000,0.104121
144.1200,0.171825
144.1400,0.238334
144.1600,0.707351
144.1800,1.192017
144.2000,1.391314
144.2200,1.468180
144.2400,1.698159
144.2600,2.043292
144.2800,2.508203
144.3000,2.890248
144.3200,3.210662
144.3400,3.515341
144.3600,3.600000
144.3800,3.600000
144.4000,3.600000
144.4200,3.600000
144.4400,3.600000
144.4600,3.600000
144.4800,3.600000
144.5000,3.600000
144.5200,3.600000
144.5400,3.600000
144.5600,2.520550
144.5800,1.523087
144.6000,0.866529
144.6200,0.581508
144.6400,0.451895
144.6600,0.401990
144.6800,0.329164
144.7000,0.223357
144.7200,0.220378
144.7400,0.221556
144.7600,0.200759
144.7800,0.260922
144.8000,0.306042
144.8200,0.270476
144.8400,0.201310
144.8600,0.190070
144.8800,0.249643
144.9000,0.240450
144.9200,0.187368
144.9400,0.217038
144.9600,0.182756
144.9800,0.280456
145.0000,0.502123
145.0200,0.452501
145.0400,0.443660
145.0600,0.604951
145.0800,0.951936
145.1000,1.304039
145.1200,1.757794
145.1400,2.430908
145.1600,3.535016
145.1800,3.600000
145.2000,3.600000
145.2200,3.600000
145.2400,3.600000
145.2600,3.600000
145.2800,3.600000
145.3000,3.600000
145.3200,3.600000
145.3400,3.600000
145.3600,2.910479
145.3800,2.264951
145.4000,1.804374
145.4200,1.527976
145.4400,1.585036
145.4600,1.655096
145.4800,1.649137
145.5000,1.465095
145.5200,1.278333
145.5400,1.007028
145.5600,0.738190
145.5800,0.530204
145.6000,0.349557
145.6200,0.465573
145.6400,0.336846
145.6600,0.369405
145.6800,0.317705
145.7000,0.326881
145.7200,0.277357
145.7400,0.226161
145.7600,0.276571
145.7800,0.329945
145.8000,0.454179
145.8200,0.534876
145.8400,0.486865
145.8600,0.396048
145.8800,0.341985
145.9000,0.376731
145.9200,0.297277
145.9400,0.334934
145.9600,0.352053
145.9800,0.282981
146.0000,0.267311
146.0200,0.265433
146.0400,0.240298
146.0600,0.246744
146.0800,0.283943
146.1000,0.325930
146.1200,0.289004
146.1400,0.266537
146.1600,0.056477
146.1800,0.097542
146.2000,0.086502
146.2200,0.048497
146.2400,0.039117
146.2600,0.044687
146.2800,0.070589
146.3000,0.071405
146.3200,0.081406
146.3400,0.141503
146.3600,0.080725
146.3800,0.078191
146.4000,0.069468
146.4200,0.143369
146.4400,0.177289
146.4600,0.161124
146.4800,0.231583
146.5000,0.180615
146.5200,0.084220
146.5400,0.068617
146.5600,0.184458
146.5800,0.225224
146.6000,0.130684
146.6200,0.104121
146.6400,0.171825
146.6600,0.238334
146.6800,0.707351
146.7000,1.192017
146.7200,1.391314
146.7400,1.468180
146.7600,1.698159
146.7800,2.043292
146.8000,2.508203
146.8200,2.890248
146.8400,3.210662
146.8600,3.515341
146.8800,3.600000
146.9000,3.600000
146.9200,3.600000
146.9400,3.600000
146.9600,3.600000
146.9800,3.600000
147.0000,3.600000
147.0200,3.600000
147.0400,3.600000
147.0600,3.600000
147.0800,2.520550
147.1000,1.523087
147.1200,0.866529
147.1400,0.581508
147.1600,0.451895
147.1800,0.401990
147.2000,0.329164
147.2200,0.223357
147.2400,0.220378
147.2600,0.221556
147.2800,0.200759
147.3000,0.260922
147.3200,0.306042
147.3400,0.270476
147.3600,0.201310
147.3800,0.190070
147.4000,0.249643
147.4200,0.240450
147.4400,0.187368
147.4600,0.217038
147.4800,0.182756
147.5000,0.280456
147.5200,0.502123
147.5400,0.452501
147.5600,0.443660
147.5800,0.604951
147.6000,0.951936
147.6200,1.304039
147.6400,1.757794
147.6600,2.430908
147.6800,3.535016
147.7000,3.600000
147.7200,3.600000
147.7400,3.600000
147.7600,3.600000
147.7800,3.600000
147.8000,3.600000
147.8200,3.600000
147.8400,3.600000
147.8600,3.600000
147.8800,2.910479
147.9000,2.264951
147.9200,1.804374
147.9400,1.527976
147.9600,1.585036
147.9800,1.655096
148.0000,1.649137
148.0200,1.465095
148.0400,1.278333
148.0600,1.007028
148.0800,0.738190
148.1000,0.530204
148.1200,0.349557
148.1400,0.465573
148.1600,0.336846
148.1800,0.369405
148.2000,0.317705
148.2200,0.326881
148.2400,0.277357
148.2600,0.226161
148.2800,0.276571
148.3000,0.329945
148.3200,0.454179
148.3400,0.534876
148.3600,0.486865
148.3800,0.396048
148.4000,0.341985
148.4200,0.376731
148.4400,0.297277
148.4600,0.334934
148.4800,0.352053
148.5000,0.282981
148.5200,0.267311
148.5400,0.265433
148.5600,0.240298
148.5800,0.246744
148.6000,0.283943
148.6200,0.325930
148.6400,0.289004
148.6600,0.266537
148.6800,0.056477
148.7000,0.097542
148.7200,0.086502
148.7400,0.048497
148.7600,0.039117
148.7800,0.044687
148.8000,0.070589
148.8200,0.071405
148.8400,0.081406
148.8600,0.141503
148.8800,0.080725
148.9000,0.078191
148.9200,0.069468
148.9400,0.143369
148.9600,0.177289
148.9800,0.161124
149.0000,0.231583
149.0200,0.180615
149.0400,0.084220
149.0600,0.068617
149.0800,0.184458
149.1000,0.225224
149.1200,0.130684
149.1400,0.104121
149.1600,0.171825
149.1800,0.238334
149.2000,0.707351
149.2200,1.192017
149.2400,1.391314
149.2600,1.468180
149.2800,1.698159
149.3000,2.043292
149.3200,2.508203
149.3400,2.890248
149.3600,3.210662
149.3800,3.515341
149.4000,3.600000
149.4200,3.600000
149.4400,3.600000
149.4600,3.600000
149.4800,3.600000
149.5000,3.600000
149.5200,3.600000
149.5400,3.600000
149.5600,3.600000
149.5800,3.600000
149.6000,2.520550
149.6200,1.523087
149.6400,0.866529
149.6600,0.581508
149.6800,0.451895
149.7000,0.401990
149.7200,0.329164
149.7400,0.223357
149.7600,0.220378
149.7800,0.221556
149.8000,0.200759
149.8200,0.260922
149.8400,0.306042
149.8600,0.270476
149.8800,0.201310
149.9000,0.190070
149.9200,0.249643
149.9400,0.240450
149.9600,0.187368
149.9800,0.217038
150.0000,0.182756
150.0200,0.280456
150.0400,0.502123
150.0600,0.452501
150.0800,0.443660
150.1000,0.604951
150.1200,0.951936
150.1400,1.304039
150.1600,1.757794
150.1800,2.430908
150.2000,3.535016
150.2200,3.600000
150.2400,3.600000
150.2600,3.600000
150.2800,3.600000
150.3000,3.600000
150.3200,3.600000
150.3400,3.600000
150.3600,3.600000
150.3800,3.600000
150.4000,2.910479
150.4200,2.264951
150.4400,1.804374
150.4600,1.527976
150.4800,1.585036
150.5000,1.655096
150.5200,1.649137
150.5400,1.465095
150.5600,1.278333
150.5800,1.007028
150.6000,0.738190
150.6200,0.530204
150.6400,0.349557
150.6600,0.465573
150.6800,0.336846
150.7000,0.369405
150.7200,0.317705
150.7400,0.326881
150.7600,0.277357
150.7800,0.226161
150.8000,0.276571
150.8200,0.329945
150.8400,0.454179
150.8600,0.534876
150.8800,0.486865
150.9000,0.396048
150.9200,0.341985
150.9400,0.376731
150.9600,0.297277
150.9800,0.334934
151.0000,0.352053
151.0200,0.282981
151.0400,0.267311
151.0600,0.265433
151.0800,0.240298
151.1000,0.246744
151.1200,0.283943
151.1400,0.325930
151.1600,0.289004
151.1800,0.266537
151.2000,0.056477
151.2200,0.097542
151.2400,0.086502
151.2600,0.048497
151.2800,0.039117
151.3000,0.044687
151.3200,0.070589
151.3400,0.071405
151.3600,0.081406
151.3800,0.141503
151.4000,0.080725
151.4200,0.078191
151.4400,0.069468
151.4600,0.143369
151.4800,0.177289
151.5000,0.161124
151.5200,0.231583
151.5400,0.180615
151.5600,0.084220
151.5800,0.068617
151.6000,0.184458
151.6200,0.225224
151.6400,0.130684
151.6600,0.104121
151.6800,0.171825
151.7000,0.238334
151.7200,0.707351
151.7400,1.192017
151.7600,1.391314
151.7800,1.468180
151.8000,1.698159
151.8200,2.043292
151.8400,2.508203
151.8600,2.890248
151.8800,3.210662
151.9000,3.515341
151.9200,3.600000
151.9400,3.600000
151.9600,3.600000
151.9800,3.600000
152.0000,3.600000
152.0200,3.600000
152.0400,3.600000
152.0600,3.600000
152.0800,3.600000
152.1000,3.600000
152.1200,2.520550
152.1400,1.523087
152.1600,0.866529
152.1800,0.581508
152.2000,0.451895
152.2200,0.401990
152.2400,0.329164
152.2600,0.223357
152.2800,0.220378
152.3000,0.221556
152.3200,0.200759
152.3400,0.260922
152.3600,0.306042
152.3800,0.270476
152.4000,0.201310
152.4200,0.190070
152.4400,0.249643
152.4600,0.240450
152.4800,0.187368
152.5000,0.217038
152.5200,0.182756
152.5400,0.280456
152.5600,0.502123
152.5800,0.452501
152.6000,0.443660
152.6200,0.604951
152.6400,0.951936
152.6600,1.304039
152.6800,1.757794
152.7000,2.430908
152.7200,3.535016
152.7400,3.600000
152.7600,3.600000
152.7800,3.600000
152.8000,3.600000
152.8200,3.600000
152.8400,3.600000
152.8600,3.600000
152.8800,3.600000
152.9000,3.600000
152.9200,2.910479
152.9400,2.264951
152.9600,1.804374
152.9800,1.527976
153.0000,1.585036
153.0200,1.655096
153.0400,1.649137
153.0600,1.465095
153.0800,1.278333
153.1000,1.007028
153.1200,0.738190
153.1400,0.530204
153.1600,0.349557
153.1800,0.465573
153.2000,0.336846
153.2200,0.369405
153.2400,0.317705
153.2600,0.326881
153.2800,0.277357
153.3000,0.226161
153.3200,0.276571
153.3400,0.329945
153.3600,0.454179
153.3800,0.534876
153.4000,0.486865
153.4200,0.396048
153.4400,0.341985
153.4600,0.376731
153.4800,0.297277
153.5000,0.334934
153.5200,0.352053
153.5400,0.282981
153.5600,0.267311
153.5800,0.265433
153.6000,0.240298
153.6200,0.246744
153.6400,0.283943
153.6600,0.325930
153.6800,0.289004
153.7000,0.266537
153.7200,0.056477
153.7400,0.097542
153.7600,0.086502
153.7800,0.048497
153.8000,0.039117
153.8200,0.044687
153.8400,0.070589
153.8600,0.071405
153.8800,0.081406
153.9000,0.141503
153.9200,0.080725
153.9400,0.078191
153.9600,0.069468
153.9800,0.143369
154.0000,0.177289
154.0200,0.161124
154.0400,0.231583
154.0600,0.180615
154.0800,0.084220
154.1000,0.068617
154.1200,0.184458
154.1400,0.225224
154.1600,0.130684
154.1800,0.104121
154.2000,0.171825
154.2200,0.238334
154.2400,0.707351
154.2600,1.192017
154.2800,1.391314
154.3000,1.468180
154.3200,1.698159
154.3400,2.043292
154.3600,2.508203
154.3800,2.890248
154.4000,3.210662
154.4200,3.515341
154.4400,3.600000
154.4600,3.600000
154.4800,3.600000
154.5000,3.600000
154.5200,3.600000
154.5400,3.600000
154.5600,3.600000
154.5800,3.600000
154.6000,3.600000
154.6200,3.600000
154.6400,2.520550
154.6600,1.523087
154.6800,0.866529
154.7000,0.581508
154.7200,0.451895
154.7400,0.401990
154.7600,0.329164
154.7800,0.223357
154.8000,0.220378
154.8200,0.221556
154.8400,0.200759
154.8600,0.260922
154.8800,0.306042
154.9000,0.270476
154.9200,0.201310
154.9400,0.190070
154.9600,0.249643
154.9800,0.240450
155.0000,0.187368
155.0200,0.217038
155.0400,0.182756
155.0600,0.280456
155.0800,0.502123
155.1000,0.452501
155.1200,0.443660
155.1400,0.604951
155.1600,0.951936
155.1800,1.304039
155.2000,1.757794
155.2200,2.430908
155.2400,3.535016
155.2600,3.600000
155.2800,3.600000
155.3000,3.600000
155.3200,3.600000
155.3400,3.600000
155.3600,3.600000
155.3800,3.600000
155.4000,3.600000
155.4200,3.600000
155.4400,2.910479
155.4600,2.264951
155.4800,1.804374
155.5000,1.527976
155.5200,1.585036
155.5400,1.655096
155.5600,1.649137
155.5800,1.465095
155.6000,1.278333
155.6200,1.007028
155.6400,0.738190
155.6600,0.530204
155.6800,0.349557
155.7000,0.465573
155.7200,0.336846
155.7400,0.369405
155.7600,0.317705
155.7800,0.326881
155.8000,0.277357
155.8200,0.226161
155.8400,0.276571
155.8600,0.329945
155.8800,0.454179
155.9000,0.534876
155.9200,0.486865
155.9400,0.396048
155.9600,0.341985
155.9800,0.376731
156.0000,0.297277
156.0200,0.334934
156.0400,0.352053
156.0600,0.282981
156.0800,0.267311
156.1000,0.265433
156.1200,0.240298
156.1400,0.246744
156.1600,0.283943
156.1800,0.325930
156.2000,0.289004
156.2200,0.266537
156.2400,0.056477
156.2600,0.097542
156.2800,0.086502
156.3000,0.048497
156.3200,0.039117
156.3400,0.044687
156.3600,0.070589
156.3800,0.071405
156.4000,0.081406
156.4200,0.141503
156.4400,0.080725
156.4600,0.078191
156.4800,0.069468
156.5000,0.143369
156.5200,0.177289
156.5400,0.161124
156.5600,0.231583
156.5800,0.180615
156.6000,0.084220
156.6200,0.068617
156.6400,0.184458
156.6600,0.225224
156.6800,0.130684
156.7000,0.104121
156.7200,0.171825
156.7400,0.238334
156.7600,0.707351
156.7800,1.192017
156.8000,1.391314
156.8200,1.468180
156.8400,1.698159
156.8600,2.043292
156.8800,2.508203
156.9000,2.890248
156.9200,3.210662
156.9400,3.515341
156.9600,3.600000
156.9800,3.600000
157.0000,3.600000
157.0200,3.600000
157.0400,3.600000
157.0600,3.600000
157.0800,3.600000
157.1000,3.600000
157.1200,3.600000
157.1400,3.600000
157.1600,2.520550
157.1800,1.523087
157.2000,0.866529
157.2200,0.581508
157.2400,0.451895
157.2600,0.401990
157.2800,0.329164
157.3000,0.223357
157.3200,0.220378
157.3400,0.221556
157.3600,0.200759
157.3800,0.260922
157.4000,0.306042
157.4200,0.270476
157.4400,0.201310
157.4600,0.190070
157.4800,0.249643
157.5000,0.240450
157.5200,0.187368
157.5400,0.217038
157.5600,0.182756
157.5800,0.280456
157.6000,0.502123
157.6200,0.452501
157.6400,0.443660
157.6600,0.604951
157.6800,0.951936
157.7000,1.304039
157.7200,1.757794
157.7400,2.430908
157.7600,3.535016
157.7800,3.600000
157.8000,3.600000
157.8200,3.600000
157.8400,3.600000
157.8600,3.600000
157.8800,3.600000
157.9000,3.600000
157.9200,3.600000
157.9400,3.600000
157.9600,2.910479
157.9800,2.264951
158.0000,1.804374
158.0200,1.527976
158.0400,1.585036
158.0600,1.655096
158.0800,1.649137
158.1000,1.465095
158.1200,1.278333
158.1400,1.007028
158.1600,0.738190
158.1800,0.530204
158.2000,0.349557
158.2200,0.465573
158.2400,0.336846
158.2600,0.369405
158.2800,0.317705
158.3000,0.326881
158.3200,0.277357
158.3400,0.226161
158.3600,0.276571
158.3800,0.329945
158.4000,0.454179
158.4200,0.534876
158.4400,0.486865
158.4600,0.396048
158.4800,0.341985
158.5000,0.376731
158.5200,0.297277
158.5400,0.334934
158.5600,0.352053
158.5800,0.282981
158.6000,0.267311
158.6200,0.265433
158.6400,0.240298
158.6600,0.246744
158.6800,0.283943
158.7000,0.325930
158.7200,0.289004
158.7400,0.266537
158.7600,0.056477
158.7800,0.097542
158.8000,0.086502
158.8200,0.048497
158.8400,0.039117
158.8600,0.044687
158.8800,0.070589
158.9000,0.071405
158.9200,0.081406
158.9400,0.141503
158.9600,0.080725
158.9800,0.078191
159.0000,0.069468
159.0200,0.143369
159.0400,0.177289
159.0600,0.161124
159.0800,0.231583
159.1000,0.180615
159.1200,0.084220
159.1400,0.068617
159.1600,0.184458
159.1800,0.225224
159.2000,0.130684
159.2200,0.104121
159.2400,0.171825
159.2600,0.238334
159.2800,0.707351
159.3000,1.192017
159.3200,1.391314
159.3400,1.468180
159.3600,1.698159
159.3800,2.043292
159.4000,2.508203
159.4200,2.890248
159.4400,3.210662
159.4600,3.515341
159.4800,3.600000
159.5000,3.600000
159.5200,3.600000
159.5400,3.600000
159.5600,3.600000
159.5800,3.600000
159.6000,3.600000
159.6200,3.600000
159.6400,3.600000
159.6600,3.600000
159.6800,2.520550
159.7000,1.523087
159.7200,0.866529
159.7400,0.581508
159.7600,0.451895
159.7800,0.401990
159.8000,0.329164
159.8200,0.223357
159.8400,0.220378
159.8600,0.221556
159.8800,0.200759
159.9000,0.260922
159.9200,0.306042
159.9400,0.270476
159.9600,0.201310
159.9800,0.190070
160.0000,0.249643
160.0200,0.240450
160.0400,0.187368
160.0600,0.217038
160.0800,0.182756
160.1000,0.280456
160.1200,0.502123
160.1400,0.452501
160.1600,0.443660
160.1800,0.604951
160.2000,0.951936
160.2200,1.304039
160.2400,1.757794
160.2600,2.430908
160.2800,3.535016
160.3000,3.600000
160.3200,3.600000
160.3400,3.600000
160.3600,3.600000
160.3800,3.600000
160.4000,3.600000
160.4200,3.600000
160.4400,3.600000
160.4600,3.600000
160.4800,2.910479
160.5000,2.264951
160.5200,1.804374
160.5400,1.527976
160.5600,1.585036
160.5800,1.655096
160.6000,1.649137
160.6200,1.465095
160.6400,1.278333
160.6600,1.007028
160.6800,0.738190
160.7000,0.530204
160.7200,0.349557
160.7400,0.465573
160.7600,0.336846
160.7800,0.369405
160.8000,0.317705
160.8200,0.326881
160.8400,0.277357
160.8600,0.226161
160.8800,0.276571
160.9000,0.329945
160.9200,0.454179
160.9400,0.534876
160.9600,0.486865
160.9800,0.396048
161.0000,0.341985
161.0200,0.376731
161.0400,0.297277
161.0600,0.334934
161.0800,0.352053
161.1000,0.282981
161.1200,0.267311
161.1400,0.265433
161.1600,0.240298
161.1800,0.246744
161.2000,0.283943
161.2200,0.325930
161.2400,0.289004
161.2600,0.266537
161.2800,0.056477
161.3000,0.097542
161.3200,0.086502
161.3400,0.048497
161.3600,0.039117
161.3800,0.044687
161.4000,0.070589
161.4200,0.071405
161.4400,0.081406
161.4600,0.141503
161.4800,0.080725
161.5000,0.078191
161.5200,0.069468
161.5400,0.143369
161.5600,0.177289
161.5800,0.161124
161.6000,0.231583
161.6200,0.180615
161.6400,0.084220
161.6600,0.068617
161.6800,0.184458
161.7000,0.225224
161.7200,0.130684
161.7400,0.104121
161.7600,0.171825
161.7800,0.238334
161.8000,0.707351
161.8200,1.192017
161.8400,1.391314
161.8600,1.468180
161.8800,1.698159
161.9000,2.043292
161.9200,2.508203
161.9400,2.890248
161.9600,3.210662
161.9800,3.515341
162.0000,3.600000
162.0200,3.600000
162.0400,3.600000
162.0600,3.600000
162.0800,3.600000
162.1000,3.600000
162.1200,3.600000
162.1400,3.600000
162.1600,3.600000
162.1800,3.600000
162.2000,2.520550
162.2200,1.523087
162.2400,0.866529
162.2600,0.581508
162.2800,0.451895
162.3000,0.401990
162.3200,0.329164
162.3400,0.223357
162.3600,0.220378
162.3800,0.221556
162.4000,0.200759
162.4200,0.260922
162.4400,0.306042
162.4600,0.270476
162.4800,0.201310
162.5000,0.190070
162.5200,0.249643
162.5400,0.240450
162.5600,0.187368
162.5800,0.217038
162.6000,0.182756
162.6200,0.280456
162.6400,0.502123
162.6600,0.452501
162.6800,0.443660
162.7000,0.604951
162.7200,0.951936
162.7400,1.304039
162.7600,1.757794
162.7800,2.430908
162.8000,3.535016
162.8200,3.600000
162.8400,3.600000
162.8600,3.600000
162.8800,3.600000
162.9000,3.600000
162.9200,3.600000
162.9400,3.600000
162.9600,3.600000
162.9800,3.600000
163.0000,2.910479
163.0200,2.264951
163.0400,1.804374
163.0600,1.527976
163.0800,1.585036
163.1000,1.655096
163.1200,1.649137
163.1400,1.465095
163.1600,1.278333
163.1800,1.007028
163.2000,0.738190
163.2200,0.530204
163.2400,0.349557
163.2600,0.465573
163.2800,0.336846
163.3000,0.369405
163.3200,0.317705
163.3400,0.326881
163.3600,0.277357
163.3800,0.226161
163.4000,0.276571
163.4200,0.329945
163.4400,0.454179
163.4600,0.534876
163.4800,0.486865
163.5000,0.396048
163.5200,0.341985
163.5400,0.376731
163.5600,0.297277
163.5800,0.334934
163.6000,0.352053
163.6200,0.282981
163.6400,0.267311
163.6600,0.265433
163.6800,0.240298
163.7000,0.246744
163.7200,0.283943
163.7400,0.325930
163.7600,0.289004
163.7800,0.266537
163.8000,0.056477
163.8200,0.097542
163.8400,0.086502
163.8600,0.048497
163.8800,0.039117
163.9000,0.044687
163.9200,0.070589
163.9400,0.071405
163.9600,0.081406
163.9800,0.141503
164.0000,0.080725
164.0200,0.078191
164.0400,0.069468
164.0600,0.143369
164.0800,0.177289
164.1000,0.161124
164.1200,0.231583
164.1400,0.180615
164.1600,0.084220
164.1800,0.068617
164.2000,0.184458
164.2200,0.225224
164.2400,0.130684
164.2600,0.104121
164.2800,0.171825
164.3000,0.238334
164.3200,0.707351
164.3400,1.192017
164.3600,1.391314
164.3800,1.468180
164.4000,1.698159
164.4200,2.043292
164.4400,2.508203
164.4600,2.890248
164.4800,3.210662
164.5000,3.515341
164.5200,3.600000
164.5400,3.600000
164.5600,3.600000
164.5800,3.600000
164.6000,3.600000
164.6200,3.600000
164.6400,3.600000
164.6600,3.600000
164.6800,3.600000
164.7000,3.600000
164.7200,2.520550
164.7400,1.523087
164.7600,0.866529
164.7800,0.581508
164.8000,0.451895
164.8200,0.401990
164.8400,0.329164
164.8600,0.223357
164.8800,0.220378
164.9000,0.221556
164.9200,0.200759
164.9400,0.260922
164.9600,0.306042
164.9800,0.270476
165.0000,0.201310
165.0200,0.190070
165.0400,0.249643
165.0600,0.240450
165.0800,0.187368
165.1000,0.217038
165.1200,0.182756
165.1400,0.280456
165.1600,0.502123
165.1800,0.452501
165.2000,0.443660
165.2200,0.604951
165.2400,0.951936
165.2600,1.304039
165.2800,1.757794
165.3000,2.430908
165.3200,3.535016
165.3400,3.600000
165.3600,3.600000
165.3800,3.600000
165.4000,3.600000
165.4200,3.600000
165.4400,3.600000
165.4600,3.600000
165.4800,3.600000
165.5000,3.600000
165.5200,2.910479
165.5400,2.264951
165.5600,1.804374
165.5800,1.527976
165.6000,1.585036
165.6200,1.655096
165.6400,1.649137
165.6600,1.465095
165.6800,1.278333
165.7000,1.007028
165.7200,0.738190
165.7400,0.530204
165.7600,0.349557
165.7800,0.465573
165.8000,0.336846
165.8200,0.369405
165.8400,0.317705
165.8600,0.326881
165.8800,0.277357
165.9000,0.226161
165.9200,0.276571
165.9400,0.329945
165.9600,0.454179
165.9800,0.534876
166.0000,0.486865
166.0200,0.396048
166.0400,0.341985
166.0600,0.376731
166.0800,0.297277
166.1000,0.334934
166.1200,0.352053
166.1400,0.282981
166.1600,0.267311
166.1800,0.265433
166.2000,0.240298
166.2200,0.246744
166.2400,0.283943
166.2600,0.325930
166.2800,0.289004
166.3000,0.266537
166.3200,0.056477
166.3400,0.097542
166.3600,0.086502
166.3800,0.048497
166.4000,0.039117
166.4200,0.044687
166.4400,0.070589
166.4600,0.071405
166.4800,0.081406
166.5000,0.141503
166.5200,0.080725
166.5400,0.078191
166.5600,0.069468
166.5800,0.143369
166.6000,0.177289
166.6200,0.161124
166.6400,0.231583
166.6600,0.180615
166.6800,0.084220
166.7000,0.068617
166.7200,0.184458
166.7400,0.225224
166.7600,0.130684
166.7800,0.104121
166.8000,0.171825
166.8200,0.238334
166.8400,0.707351
166.8600,1.192017
166.8800,1.391314
166.9000,1.468180
166.9200,1.698159
166.9400,2.043292
166.9600,2.508203
166.9800,2.890248
167.0000,3.210662
167.0200,3.515341
167.0400,3.600000
167.0600,3.600000
167.0800,3.600000
167.1000,3.600000
167.1200,3.600000
167.1400,3.600000
167.1600,3.600000
167.1800,3.600000
167.2000,3.600000
167.2200,3.600000
167.2400,2.520550
167.2600,1.523087
167.2800,0.866529
167.3000,0.581508
167.3200,0.451895
167.3400,0.401990
167.3600,0.329164
167.3800,0.223357
167.4000,0.220378
167.4200,0.221556
167.4400,0.200759
167.4600,0.260922
167.4800,0.306042
167.5000,0.270476
167.5200,0.201310
167.5400,0.190070
167.5600,0.249643
167.5800,0.240450
167.6000,0.187368
167.6200,0.217038
167.6400,0.182756
167.6600,0.280456
167.6800,0.502123
167.7000,0.452501
167.7200,0.443660
167.7400,0.604951
167.7600,0.951936
167.7800,1.304039
167.8000,1.757794
167.8200,2.430908
167.8400,3.535016
167.8600,3.600000
167.8800,3.600000
167.9000,3.600000
167.9200,3.600000
167.9400,3.600000
167.9600,3.600000
167.9800,3.600000
168.0000,3.600000
168.0200,3.600000
168.0400,2.910479
168.0600,2.264951
168.0800,1.804374
168.1000,1.527976
168.1200,1.585036
168.1400,1.655096
168.1600,1.649137
168.1800,1.465095
168.2000,1.278333
168.2200,1.007028
168.2400,0.738190
168.2600,0.530204
168.2800,0.349557
168.3000,0.465573
168.3200,0.336846
168.3400,0.369405
168.3600,0.317705
168.3800,0.326881
168.4000,0.277357
168.4200,0.226161
168.4400,0.276571
168.4600,0.329945
168.4800,0.454179
168.5000,0.534876
168.5200,0.486865
168.5400,0.396048
168.5600,0.341985
168.5800,0.376731
168.6000,0.297277
168.6200,0.334934
168.6400,0.352053
168.6600,0.282981
168.6800,0.267311
168.7000,0.265433
168.7200,0.240298
168.7400,0.246744
168.7600,0.283943
168.7800,0.325930
168.8000,0.289004
168.8200,0.266537
168.8400,0.056477
168.8600,0.097542
168.8800,0.086502
168.9000,0.048497
168.9200,0.039117
168.9400,0.044687
168.9600,0.070589
168.9800,0.071405
169.0000,0.081406
169.0200,0.141503
169.0400,0.080725
169.0600,0.078191
169.0800,0.069468
169.1000,0.143369
169.1200,0.177289
169.1400,0.161124
169.1600,0.231583
169.1800,0.180615
169.2000,0.084220
169.2200,0.068617
169.2400,0.184458
169.2600,0.225224
169.2800,0.130684
169.3000,0.104121
169.3200,0.171825
169.3400,0.238334
169.3600,0.707351
169.3800,1.192017
169.4000,1.391314
169.4200,1.468180
169.4400,1.698159
169.4600,2.043292
169.4800,2.508203
169.5000,2.890248
169.5200,3.210662
169.5400,3.515341
169.5600,3.600000
169.5800,3.600000
169.6000,3.600000
169.6200,3.600000
169.6400,3.600000
169.6600,3.600000
169.6800,3.600000
169.7000,3.600000
169.7200,3.600000
169.7400,3.600000
169.7600,2.520550
169.7800,1.523087
169.8000,0.866529
169.8200,0.581508
169.8400,0.451895
169.8600,0.401990
169.8800,0.329164
169.9000,0.223357
169.9200,0.220378
169.9400,0.221556
169.9600,0.200759
169.9800,0.260922
170.0000,0.306042
170.0200,0.270476
170.0400,0.201310
170.0600,0.190070
170.0800,0.249643
170.1000,0.240450
170.1200,0.187368
170.1400,0.217038
170.1600,0.182756
170.1800,0.280456
170.2000,0.502123
170.2200,0.452501
170.2400,0.443660
170.2600,0.604951
170.2800,0.951936
170.3000,1.304039
170.3200,1.757794
170.3400,2.430908
170.3600,3.535016
170.3800,3.600000
170.4000,3.600000
170.4200,3.600000
170.4400,3.600000
170.4600,3.600000
170.4800,3.600000
170.5000,3.600000
170.5200,3.600000
170.5400,3.600000
170.5600,2.910479
170.5800,2.264951
170.6000,1.804374
170.6200,1.527976
170.6400,1.585036
170.6600,1.655096
170.6800,1.649137
170.7000,1.465095
170.7200,1.278333
170.7400,1.007028
170.7600,0.738190
170.7800,0.530204
170.8000,0.349557
170.8200,0.465573
170.8400,0.336846
170.8600,0.369405
170.8800,0.317705
170.9000,0.326881
170.9200,0.277357
170.9400,0.226161
170.9600,0.276571
170.9800,0.329945
171.0000,0.454179
171.0200,0.534876
171.0400,0.486865
171.0600,0.396048
171.0800,0.341985
171.1000,0.376731
171.1200,0.297277
171.1400,0.334934
171.1600,0.352053
171.1800,0.282981
171.2000,0.267311
171.2200,0.265433
171.2400,0.240298
171.2600,0.246744
171.2800,0.283943
171.3000,0.325930
171.3200,0.289004
171.3400,0.266537
171.3600,0.056477
171.3800,0.097542
171.4000,0.086502
171.4200,0.048497
171.4400,0.039117
171.4600,0.044687
171.4800,0.070589
171.5000,0.071405
171.5200,0.081406
171.5400,0.141503
171.5600,0.080725
171.5800,0.078191
171.6000,0.069468
171.6200,0.143369
171.6400,0.177289
171.6600,0.161124
171.6800,0.231583
171.7000,0.180615
171.7200,0.084220
171.7400,0.068617
171.7600,0.184458
171.7800,0.225224
171.8000,0.130684
171.8200,0.104121
171.8400,0.171825
171.8600,0.238334
171.8800,0.707351
171.9000,1.192017
171.9200,1.391314
171.9400,1.468180
171.9600,1.698159
171.9800,2.043292
172.0000,2.508203
172.0200,2.890248
172.0400,3.210662
172.0600,3.515341
172.0800,3.600000
172.1000,3.600000
172.1200,3.600000
172.1400,3.600000
172.1600,3.600000
172.1800,3.600000
172.2000,3.600000
172.2200,3.600000
172.2400,3.600000
172.2600,3.600000
172.2800,2.520550
172.3000,1.523087
172.3200,0.866529
172.3400,0.581508
172.3600,0.451895
172.3800,0.401990
172.4000,0.329164
172.4200,0.223357
172.4400,0.220378
172.4600,0.221556
172.4800,0.200759
172.5000,0.260922
172.5200,0.306042
172.5400,0.270476
172.5600,0.201310
172.5800,0.190070
172.6000,0.249643
172.6200,0.240450
172.6400,0.187368
172.6600,0.217038
172.6800,0.182756
172.7000,0.280456
172.7200,0.502123
172.7400,0.452501
172.7600,0.443660
172.7800,0.604951
172.8000,0.951936
172.8200,1.304039
172.8400,1.757794
172.8600,2.430908
172.8800,3.535016
172.9000,3.600000
172.9200,3.600000
172.9400,3.600000
172.9600,3.600000
172.9800,3.600000
173.0000,3.600000
173.0200,3.600000
173.0400,3.600000
173.0600,3.600000
173.0800,2.910479
173.1000,2.264951
173.1200,1.804374
173.1400,1.527976
173.1600,1.585036
173.1800,1.655096
173.2000,1.649137
173.2200,1.465095
173.2400,1.278333
173.2600,1.007028
173.2800,0.738190
173.3000,0.530204
173.3200,0.349557
173.3400,0.465573
173.3600,0.336846
173.3800,0.369405
173.4000,0.317705
173.4200,0.326881
173.4400,0.277357
173.4600,0.226161
173.4800,0.276571
173.5000,0.329945
173.5200,0.454179
173.5400,0.534876
173.5600,0.486865
173.5800,0.396048
173.6000,0.341985
173.6200,0.376731
173.6400,0.297277
173.6600,0.334934
173.6800,0.352053
173.7000,0.282981
173.7200,0.267311
173.7400,0.265433
173.7600,0.240298
173.7800,0.246744
173.8000,0.283943
173.8200,0.325930
173.8400,0.289004
173.8600,0.266537
173.8800,0.056477
173.9000,0.097542
173.9200,0.086502
173.9400,0.048497
173.9600,0.039117
173.9800,0.044687
174.0000,0.070589
174.0200,0.071405
174.0400,0.081406
174.0600,0.141503
174.0800,0.080725
174.1000,0.078191
174.1200,0.069468
174.1400,0.143369
174.1600,0.177289
174.1800,0.161124
174.2000,0.231583
174.2200,0.180615
174.2400,0.084220
174.2600,0.068617
174.2800,0.184458
174.3000,0.225224
174.3200,0.130684
174.3400,0.104121
174.3600,0.171825
174.3800,0.238334
174.4000,0.707351
174.4200,1.192017
174.4400,1.391314
174.4600,1.468180
174.4800,1.698159
174.5000,2.043292
174.5200,2.508203
174.5400,2.890248
174.5600,3.210662
174.5800,3.515341
174.6000,3.600000
174.6200,3.600000
174.6400,3.600000
174.6600,3.600000
174.6800,3.600000
174.7000,3.600000
174.7200,3.600000
174.7400,3.600000
174.7600,3.600000
174.7800,3.600000
174.8000,2.520550
174.8200,1.523087
174.8400,0.866529
174.8600,0.581508
174.8800,0.451895
174.9000,0.401990
174.9200,0.329164
174.9400,0.223357
174.9600,0.220378
174.9800,0.221556
175.0000,0.200759
175.0200,0.260922
175.0400,0.306042
175.0600,0.270476
175.0800,0.201310
175.1000,0.190070
175.1200,0.249643
175.1400,0.240450
175.1600,0.187368
175.1800,0.217038
175.2000,0.182756
175.2200,0.280456
175.2400,0.502123
175.2600,0.452501
175.2800,0.443660
175.3000,0.604951
175.3200,0.951936
175.3400,1.304039
175.3600,1.757794
175.3800,2.430908
175.4000,3.535016
175.4200,3.600000
175.4400,3.600000
175.4600,3.600000
175.4800,3.600000
175.5000,3.600000
175.5200,3.600000
175.5400,3.600000
175.5600,3.600000
175.5800,3.600000
175.6000,2.910479
175.6200,2.264951
175.6400,1.804374
175.6600,1.527976
175.6800,1.585036
175.7000,1.655096
175.7200,1.649137
175.7400,1.465095
175.7600,1.278333
175.7800,1.007028
175.8000,0.738190
175.8200,0.530204
175.8400,0.349557
175.8600,0.465573
175.8800,0.336846
175.9000,0.369405
175.9200,0.317705
175.9400,0.326881
175.9600,0.277357
175.9800,0.226161
176.0000,0.276571
176.0200,0.329945
176.0400,0.454179
176.0600,0.534876
176.0800,0.486865
176.1000,0.396048
176.1200,0.341985
176.1400,0.376731
176.1600,0.297277
176.1800,0.334934
176.2000,0.352053
176.2200,0.282981
176.2400,0.267311
176.2600,0.265433
176.2800,0.240298
176.3000,0.246744
176.3200,0.283943
176.3400,0.325930
176.3600,0.289004
176.3800,0.266537
176.4000,0.056477
176.4200,0.097542
176.4400,0.086502
176.4600,0.048497
176.4800,0.039117
176.5000,0.044687
176.5200,0.070589
176.5400,0.071405
176.5600,0.081406
176.5800,0.141503
176.6000,0.080725
176.6200,0.078191
176.6400,0.069468
176.6600,0.143369
176.6800,0.177289
176.7000,0.161124
176.7200,0.231583
176.7400,0.180615
176.7600,0.084220
176.7800,0.068617
176.8000,0.184458
176.8200,0.225224
176.8400,0.130684
176.8600,0.104121
176.8800,0.171825
176.9000,0.238334
176.9200,0.707351
176.9400,1.192017
176.9600,1.391314
176.9800,1.468180
177.0000,1.698159
177.0200,2.043292
177.0400,2.508203
177.0600,2.890248
177.0800,3.210662
177.1000,3.515341
177.1200,3.600000
177.1400,3.600000
177.1600,3.600000
177.1800,3.600000
177.2000,3.600000
177.2200,3.600000
177.2400,3.600000
177.2600,3.600000
177.2800,3.600000
177.3000,3.600000
177.3200,2.520550
177.3400,1.523087
177.3600,0.866529
177.3800,0.581508
177.4000,0.451895
177.4200,0.401990
177.4400,0.329164
177.4600,0.223357
177.4800,0.220378
177.5000,0.221556
177.5200,0.200759
177.5400,0.260922
177.5600,0.306042
177.5800,0.270476
177.6000,0.201310
177.6200,0.190070
177.6400,0.249643
177.6600,0.240450
177.6800,0.187368
177.7000,0.217038
177.7200,0.182756
177.7400,0.280456
177.7600,0.502123
177.7800,0.452501
177.8000,0.443660
177.8200,0.604951
177.8400,0.951936
177.8600,1.304039
177.8800,1.757794
177.9000,2.430908
177.9200,3.535016
177.9400,3.600000
177.9600,3.600000
177.9800,3.600000
178.0000,3.600000
178.0200,3.600000
178.0400,3.600000
178.0600,3.600000
178.0800,3.600000
178.1000,3.600000
178.1200,2.910479
178.1400,2.264951
178.1600,1.804374
178.1800,1.527976
178.2000,1.585036
178.2200,1.655096
178.2400,1.649137
178.2600,1.465095
178.2800,1.278333
178.3000,1.007028
178.3200,0.738190
178.3400,0.530204
178.3600,0.349557
178.3800,0.465573
178.4000,0.336846
178.4200,0.369405
178.4400,0.317705
178.4600,0.326881
178.4800,0.277357
178.5000,0.226161
178.5200,0.276571
178.5400,0.329945
178.5600,0.454179
178.5800,0.534876
178.6000,0.486865
178.6200,0.396048
178.6400,0.341985
178.6600,0.376731
178.6800,0.297277
178.7000,0.334934
178.7200,0.352053
178.7400,0.282981
178.7600,0.267311
178.7800,0.265433
178.8000,0.240298
178.8200,0.246744
178.8400,0.283943
178.8600,0.325930
178.8800,0.289004
178.9000,0.266537
178.9200,0.056477
178.9400,0.097542
178.9600,0.086502
178.9800,0.048497
179.0000,0.039117
179.0200,0.044687
179.0400,0.070589
179.0600,0.071405
179.0800,0.081406
179.1000,0.141503
179.1200,0.080725
179.1400,0.078191
179.1600,0.069468
179.1800,0.143369
179.2000,0.177289
179.2200,0.161124
179.2400,0.231583
179.2600,0.180615
179.2800,0.084220
179.3000,0.068617
179.3200,0.184458
179.3400,0.225224
179.3600,0.130684
179.3800,0.104121
179.4000,0.171825
179.4200,0.238334
179.4400,0.707351
179.4600,1.192017
179.4800,1.391314
179.5000,1.468180
179.5200,1.698159
179.5400,2.043292
179.5600,2.508203
179.5800,2.890248
179.6000,3.210662
179.6200,3.515341
179.6400,3.600000
179.6600,3.600000
179.6800,3.600000
179.7000,3.600000
179.7200,3.600000
179.7400,3.600000
179.7600,3.600000
179.7800,3.600000
179.8000,3.600000
179.8200,3.600000
179.8400,2.520550
179.8600,1.523087
179.8800,0.866529
179.9000,0.581508
179.9200,0.451895
179.9400,0.401990
179.9600,0.329164
179.9800,0.223357
180.0000,0.220378
180.0200,0.221556
180.0400,0.200759
180.0600,0.260922
180.0800,0.306042
180.1000,0.270476
180.1200,0.201310
180.1400,0.190070
180.1600,0.249643
180.1800,0.240450
180.2000,0.187368
180.2200,0.217038
180.2400,0.182756
180.2600,0.280456
180.2800,0.502123
180.3000,0.452501
180.3200,0.443660
180.3400,0.604951
180.3600,0.951936
180.3800,1.304039
180.4000,1.757794
180.4200,2.430908
180.4400,3.535016
180.4600,3.600000
180.4800,3.600000
180.5000,3.600000
180.5200,3.600000
180.5400,3.600000
180.5600,3.600000
180.5800,3.600000
180.6000,3.600000
180.6200,3.600000
180.6400,2.910479
180.6600,2.264951
180.6800,1.804374
180.7000,1.527976
180.7200,1.585036
180.7400,1.655096
180.7600,1.649137
180.7800,1.465095
180.8000,1.278333
180.8200,1.007028
180.8400,0.738190
180.8600,0.530204
180.8800,0.349557
180.9000,0.465573
180.9200,0.336846
180.9400,0.369405
180.9600,0.317705
180.9800,0.326881
181.0000,0.277357
181.0200,0.226161
181.0400,0.276571
181.0600,0.329945
181.0800,0.454179
181.1000,0.534876
181.1200,0.486865
181.1400,0.396048
181.1600,0.341985
181.1800,0.376731
181.2000,0.297277
181.2200,0.334934
181.2400,0.352053
181.2600,0.282981
181.2800,0.267311
181.3000,0.265433
181.3200,0.240298
181.3400,0.246744
181.3600,0.283943
181.3800,0.325930
181.4000,0.289004
181.4200,0.266537
181.4400,0.056477
181.4600,0.097542
181.4800,0.086502
181.5000,0.048497
181.5200,0.039117
181.5400,0.044687
181.5600,0.070589
181.5800,0.071405
181.6000,0.081406
181.6200,0.141503
181.6400,0.080725
181.6600,0.078191
181.6800,0.069468
181.7000,0.143369
181.7200,0.177289
181.7400,0.161124
181.7600,0.231583
181.7800,0.180615
181.8000,0.084220
181.8200,0.068617
181.8400,0.184458
181.8600,0.225224
181.8800,0.130684
181.9000,0.104121
181.9200,0.171825
181.9400,0.238334
181.9600,0.707351
181.9800,1.192017
182.0000,1.391314
182.0200,1.468180
182.0400,1.698159
182.0600,2.043292
182.0800,2.508203
182.1000,2.890248
182.1200,3.210662
182.1400,3.515341
182.1600,3.600000
182.1800,3.600000
182.2000,3.600000
182.2200,3.600000
182.2400,3.600000
182.2600,3.600000
182.2800,3.600000
182.3000,3.600000
182.3200,3.600000
182.3400,3.600000
182.3600,2.520550
182.3800,1.523087
182.4000,0.866529
182.4200,0.581508
182.4400,0.451895
182.4600,0.401990
182.4800,0.329164
182.5000,0.223357
182.5200,0.220378
182.5400,0.221556
182.5600,0.200759
182.5800,0.260922
182.6000,0.306042
182.6200,0.270476
182.6400,0.201310
182.6600,0.190070
182.6800,0.249643
182.7000,0.240450
182.7200,0.187368
182.7400,0.217038
182.7600,0.182756
182.7800,0.280456
182.8000,0.502123
182.8200,0.452501
182.8400,0.443660
182.8600,0.604951
182.8800,0.951936
182.9000,1.304039
182.9200,1.757794
182.9400,2.430908
182.9600,3.535016
182.9800,3.600000
183.0000,3.600000
183.0200,3.600000
183.0400,3.600000
183.0600,3.600000
183.0800,3.600000
183.1000,3.600000
183.1200,3.600000
183.1400,3.600000
183.1600,2.910479
183.1800,2.264951
183.2000,1.804374
183.2200,1.527976
183.2400,1.585036
183.2600,1.655096
183.2800,1.649137
183.3000,1.465095
183.3200,1.278333
183.3400,1.007028
183.3600,0.738190
183.3800,0.530204
183.4000,0.349557
183.4200,0.465573
183.4400,0.336846
183.4600,0.369405
183.4800,0.317705
183.5000,0.326881
183.5200,0.277357
183.5400,0.226161
183.5600,0.276571
183.5800,0.329945
183.6000,0.454179
183.6200,0.534876
183.6400,0.486865
183.6600,0.396048
183.6800,0.341985
183.7000,0.376731
183.7200,0.297277
183.7400,0.334934
183.7600,0.352053
183.7800,0.282981
183.8000,0.267311
183.8200,0.265433
183.8400,0.240298
183.8600,0.246744
183.8800,0.283943
183.9000,0.325930
183.9200,0.289004
183.9400,0.266537
183.9600,0.056477
183.9800,0.097542
184.0000,0.086502
184.0200,0.048497
184.0400,0.039117
184.0600,0.044687
184.0800,0.070589
184.1000,0.071405
184.1200,0.081406
184.1400,0.141503
184.1600,0.080725
184.1800,0.078191
184.2000,0.069468
184.2200,0.143369
184.2400,0.177289
184.2600,0.161124
184.2800,0.231583
184.3000,0.180615
184.3200,0.084220
184.3400,0.068617
184.3600,0.184458
184.3800,0.225224
184.4000,0.130684
184.4200,0.104121
184.4400,0.171825
184.4600,0.238334
184.4800,0.707351
184.5000,1.192017
184.5200,1.391314
184.5400,1.468180
184.5600,1.698159
184.5800,2.043292
184.6000,2.508203
184.6200,2.890248
184.6400,3.210662
184.6600,3.515341
184.6800,3.600000
184.7000,3.600000
184.7200,3.600000
184.7400,3.600000
184.7600,3.600000
184.7800,3.600000
184.8000,3.600000
184.8200,3.600000
184.8400,3.600000
184.8600,3.600000
184.8800,2.520550
184.9000,1.523087
184.9200,0.866529
184.9400,0.581508
184.9600,0.451895
184.9800,0.401990
185.0000,0.329164
185.0200,0.223357
185.0400,0.220378
185.0600,0.221556
185.0800,0.200759
185.1000,0.260922
185.1200,0.306042
185.1400,0.270476
185.1600,0.201310
185.1800,0.190070
185.2000,0.249643
185.2200,0.240450
185.2400,0.187368
185.2600,0.217038
185.2800,0.182756
185.3000,0.280456
185.3200,0.502123
185.3400,0.452501
185.3600,0.443660
185.3800,0.604951
185.4000,0.951936
185.4200,1.304039
185.4400,1.757794
185.4600,2.430908
185.4800,3.535016
185.5000,3.600000
185.5200,3.600000
185.5400,3.600000
185.5600,3.600000
185.5800,3.600000
185.6000,3.600000
185.6200,3.600000
185.6400,3.600000
185.6600,3.600000
185.6800,2.910479
185.7000,2.264951
185.7200,1.804374
185.7400,1.527976
185.7600,1.585036
185.7800,1.655096
185.8000,1.649137
185.8200,1.465095
185.8400,1.278333
185.8600,1.007028
185.8800,0.738190
185.9000,0.530204
185.9200,0.349557
185.9400,0.465573
185.9600,0.336846
185.9800,0.369405
186.0000,0.317705
186.0200,0.326881
186.0400,0.277357
186.0600,0.226161
186.0800,0.276571
186.1000,0.329945
186.1200,0.454179
186.1400,0.534876
186.1600,0.486865
186.1800,0.396048
186.2000,0.341985
186.2200,0.376731
186.2400,0.297277
186.2600,0.334934
186.2800,0.352053
186.3000,0.282981
186.3200,0.267311
186.3400,0.265433
186.3600,0.240298
186.3800,0.246744
186.4000,0.283943
186.4200,0.325930
186.4400,0.289004
186.4600,0.266537
186.4800,0.056477
186.5000,0.097542
186.5200,0.086502
186.5400,0.048497
186.5600,0.039117
186.5800,0.044687
186.6000,0.070589
186.6200,0.071405
186.6400,0.081406
186.6600,0.141503
186.6800,0.080725
186.7000,0.078191
186.7200,0.069468
186.7400,0.143369
186.7600,0.177289
186.7800,0.161124
186.8000,0.231583
186.8200,0.180615
186.8400,0.084220
186.8600,0.068617
186.8800,0.184458
186.9000,0.225224
186.9200,0.130684
186.9400,0.104121
186.9600,0.171825
186.9800,0.238334
187.0000,0.707351
187.0200,1.192017
187.0400,1.391314
187.0600,1.468180
187.0800,1.698159
187.1000,2.043292
187.1200,2.508203
187.1400,2.890248
187.1600,3.210662
187.1800,3.515341
187.2000,3.600000
187.2200,3.600000
187.2400,3.600000
187.2600,3.600000
187.2800,3.600000
187.3000,3.600000
187.3200,3.600000
187.3400,3.600000
187.3600,3.600000
187.3800,3.600000
187.4000,2.520550
187.4200,1.523087
187.4400,0.866529
187.4600,0.581508
187.4800,0.451895
187.5000,0.401990
187.5200,0.329164
187.5400,0.223357
187.5600,0.220378
187.5800,0.221556
187.6000,0.200759
187.6200,0.260922
187.6400,0.306042
187.6600,0.270476
187.6800,0.201310
187.7000,0.190070
187.7200,0.249643
187.7400,0.240450
187.7600,0.187368
187.7800,0.217038
187.8000,0.182756
187.8200,0.280456
187.8400,0.502123
187.8600,0.452501
187.8800,0.443660
187.9000,0.604951
187.9200,0.951936
187.9400,1.304039
187.9600,1.757794
187.9800,2.430908
188.0000,3.535016
188.0200,3.600000
188.0400,3.600000
188.0600,3.600000
188.0800,3.600000
188.1000,3.600000
188.1200,3.600000
188.1400,3.600000
188.1600,3.600000
188.1800,3.600000
188.2000,2.910479
188.2200,2.264951
188.2400,1.804374
188.2600,1.527976
188.2800,1.585036
188.3000,1.655096
188.3200,1.649137
188.3400,1.465095
188.3600,1.278333
188.3800,1.007028
188.4000,0.738190
188.4200,0.530204
188.4400,0.349557
188.4600,0.465573
188.4800,0.336846
188.5000,0.369405
188.5200,0.317705
188.5400,0.326881
188.5600,0.277357
188.5800,0.226161
188.6000,0.276571
188.6200,0.329945
188.6400,0.454179
188.6600,0.534876
188.6800,0.486865
188.7000,0.396048
188.7200,0.341985
188.7400,0.376731
188.7600,0.297277
188.7800,0.334934
188.8000,0.352053
188.8200,0.282981
188.8400,0.267311
188.8600,0.265433
188.8800,0.240298
188.9000,0.246744
188.9200,0.283943
188.9400,0.325930
188.9600,0.289004
188.9800,0.266537
189.0000,0.056477
189.0200,0.097542
189.0400,0.086502
189.0600,0.048497
189.0800,0.039117
189.1000,0.044687
189.1200,0.070589
189.1400,0.071405
189.1600,0.081406
189.1800,0.141503
189.2000,0.080725
189.2200,0.078191
189.2400,0.069468
189.2600,0.143369
189.2800,0.177289
189.3000,0.161124
189.3200,0.231583
189.3400,0.180615
189.3600,0.084220
189.3800,0.068617
189.4000,0.184458
189.4200,0.225224
189.4400,0.130684
189.4600,0.104121
189.4800,0.171825
189.5000,0.238334
189.5200,0.707351
189.5400,1.192017
189.5600,1.391314
189.5800,1.468180
189.6000,1.698159
189.6200,2.043292
189.6400,2.508203
189.6600,2.890248
189.6800,3.210662
189.7000,3.515341
189.7200,3.600000
189.7400,3.600000
189.7600,3.600000
189.7800,3.600000
189.8000,3.600000
189.8200,3.600000
189.8400,3.600000
189.8600,3.600000
189.8800,3.600000
189.9000,3.600000
189.9200,2.520550
189.9400,1.523087
189.9600,0.866529
189.9800,0.581508
190.0000,0.451895
190.0200,0.401990
190.0400,0.329164
190.0600,0.223357
190.0800,0.220378
190.1000,0.221556
190.1200,0.200759
190.1400,0.260922
190.1600,0.306042
190.1800,0.270476
190.2000,0.201310
190.2200,0.190070
190.2400,0.249643
190.2600,0.240450
190.2800,0.187368
190.3000,0.217038
190.3200,0.182756
190.3400,0.280456
190.3600,0.502123
190.3800,0.452501
190.4000,0.443660
190.4200,0.604951
190.4400,0.951936
190.4600,1.304039
190.4800,1.757794
190.5000,2.430908
190.5200,3.535016
190.5400,3.600000
190.5600,3.600000
190.5800,3.600000
190.6000,3.600000
190.6200,3.600000
190.6400,3.600000
190.6600,3.600000
190.6800,3.600000
190.7000,3.600000
190.7200,2.910479
190.7400,2.264951
190.7600,1.804374
190.7800,1.527976
190.8000,1.585036
190.8200,1.655096
190.8400,1.649137
190.8600,1.465095
190.8800,1.278333
190.9000,1.007028
190.9200,0.738190
190.9400,0.530204
190.9600,0.349557
190.9800,0.465573
191.0000,0.336846
191.0200,0.369405
191.0400,0.317705
191.0600,0.326881
191.0800,0.277357
191.1000,0.226161
191.1200,0.276571
191.1400,0.329945
191.1600,0.454179
191.1800,0.534876
191.2000,0.486865
191.2200,0.396048
191.2400,0.341985
191.2600,0.376731
191.2800,0.297277
191.3000,0.334934
191.3200,0.352053
191.3400,0.282981
191.3600,0.267311
191.3800,0.265433
191.4000,0.240298
191.4200,0.246744
191.4400,0.283943
191.4600,0.325930
191.4800,0.289004
191.5000,0.266537
191.5200,0.056477
191.5400,0.097542
191.5600,0.086502
191.5800,0.048497
191.6000,0.039117
191.6200,0.044687
191.6400,0.070589
191.6600,0.071405
191.6800,0.081406
191.7000,0.141503
191.7200,0.080725
191.7400,0.078191
191.7600,0.069468
191.7800,0.143369
191.8000,0.177289
191.8200,0.161124
191.8400,0.231583
191.8600,0.180615
191.8800,0.084220
191.9000,0.068617
191.9200,0.184458
191.9400,0.225224
191.9600,0.130684
191.9800,0.104121
192.0000,0.171825
192.0200,0.238334
192.0400,0.707351
192.0600,1.192017
192.0800,1.391314
192.1000,1.468180
192.1200,1.698159
192.1400,2.043292
192.1600,2.508203
192.1800,2.890248
192.2000,3.210662
192.2200,3.515341
192.2400,3.600000
192.2600,3.600000
192.2800,3.600000
192.3000,3.600000
192.3200,3.600000
192.3400,3.600000
192.3600,3.600000
192.3800,3.600000
192.4000,3.600000
192.4200,3.600000
192.4400,2.520550
192.4600,1.523087
192.4800,0.866529
192.5000,0.581508
192.5200,0.451895
192.5400,0.401990
192.5600,0.329164
192.5800,0.223357
192.6000,0.220378
192.6200,0.221556
192.6400,0.200759
192.6600,0.260922
192.6800,0.306042
192.7000,0.270476
192.7200,0.201310
192.7400,0.190070
192.7600,0.249643
192.7800,0.240450
192.8000,0.187368
192.8200,0.217038
192.8400,0.182756
192.8600,0.280456
192.8800,0.502123
192.9000,0.452501
192.9200,0.443660
192.9400,0.604951
192.9600,0.951936
192.9800,1.304039
193.0000,1.757794
193.0200,2.430908
193.0400,3.535016
193.0600,3.600000
193.0800,3.600000
193.1000,3.600000
193.1200,3.600000
193.1400,3.600000
193.1600,3.600000
193.1800,3.600000
193.2000,3.600000
193.2200,3.600000
193.2400,2.910479
193.2600,2.264951
193.2800,1.804374
193.3000,1.527976
193.3200,1.585036
193.3400,1.655096
193.3600,1.649137
193.3800,1.465095
193.4000,1.278333
193.4200,1.007028
193.4400,0.738190
193.4600,0.530204
193.4800,0.349557
193.5000,0.465573
193.5200,0.336846
193.5400,0.369405
193.5600,0.317705
193.5800,0.326881
193.6000,0.277357
193.6200,0.226161
193.6400,0.276571
193.6600,0.329945
193.6800,0.454179
193.7000,0.534876
193.7200,0.486865
193.7400,0.396048
193.7600,0.341985
193.7800,0.376731
193.8000,0.297277
193.8200,0.334934
193.8400,0.352053
193.8600,0.282981
193.8800,0.267311
193.9000,0.265433
193.9200,0.240298
193.9400,0.246744
193.9600,0.283943
193.9800,0.325930
194.0000,0.289004
194.0200,0.266537
194.0400,0.056477
194.0600,0.097542
194.0800,0.086502
194.1000,0.048497
194.1200,0.039117
194.1400,0.044687
194.1600,0.070589
194.1800,0.071405
194.2000,0.081406
194.2200,0.141503
194.2400,0.080725
194.2600,0.078191
194.2800,0.069468
194.3000,0.143369
194.3200,0.177289
194.3400,0.161124
194.3600,0.231583
194.3800,0.180615
194.4000,0.084220
194.4200,0.068617
194.4400,0.184458
194.4600,0.225224
194.4800,0.130684
194.5000,0.104121
194.5200,0.171825
194.5400,0.238334
194.5600,0.707351
194.5800,1.192017
194.6000,1.391314
194.6200,1.468180
194.6400,1.698159
194.6600,2.043292
194.6800,2.508203
194.7000,2.890248
194.7200,3.210662
194.7400,3.515341
194.7600,3.600000
194.7800,3.600000
194.8000,3.600000
194.8200,3.600000
194.8400,3.600000
194.8600,3.600000
194.8800,3.600000
194.9000,3.600000
194.9200,3.600000
194.9400,3.600000
194.9600,2.520550
194.9800,1.523087
195.0000,0.866529
195.0200,0.581508
195.0400,0.451895
195.0600,0.401990
195.0800,0.329164
195.1000,0.223357
195.1200,0.220378
195.1400,0.221556
195.1600,0.200759
195.1800,0.260922
195.2000,0.306042
195.2200,0.270476
195.2400,0.201310
195.2600,0.190070
195.2800,0.249643
195.3000,0.240450
195.3200,0.187368
195.3400,0.217038
195.3600,0.182756
195.3800,0.280456
195.4000,0.502123
195.4200,0.452501
195.4400,0.443660
195.4600,0.604951
195.4800,0.951936
195.5000,1.304039
195.5200,1.757794
195.5400,2.430908
195.5600,3.535016
195.5800,3.600000
195.6000,3.600000
195.6200,3.600000
195.6400,3.600000
195.6600,3.600000
195.6800,3.600000
195.7000,3.600000
195.7200,3.600000
195.7400,3.600000
195.7600,2.910479
195.7800,2.264951
195.8000,1.804374
195.8200,1.527976
195.8400,1.585036
195.8600,1.655096
195.8800,1.649137
195.9000,1.465095
195.9200,1.278333
195.9400,1.007028
195.9600,0.738190
195.9800,0.530204
196.0000,0.349557
196.0200,0.465573
196.0400,0.336846
196.0600,0.369405
196.0800,0.317705
196.1000,0.326881
196.1200,0.277357
196.1400,0.226161
196.1600,0.276571
196.1800,0.329945
196.2000,0.454179
196.2200,0.534876
196.2400,0.486865
196.2600,0.396048
196.2800,0.341985
196.3000,0.376731
196.3200,0.297277
196.3400,0.334934
196.3600,0.352053
196.3800,0.282981
196.4000,0.267311
196.4200,0.265433
196.4400,0.240298
196.4600,0.246744
196.4800,0.283943
196.5000,0.325930
196.5200,0.289004
196.5400,0.266537
196.5600,0.056477
196.5800,0.097542
196.6000,0.086502
196.6200,0.048497
196.6400,0.039117
196.6600,0.044687
196.6800,0.070589
196.7000,0.071405
196.7200,0.081406
196.7400,0.141503
196.7600,0.080725
196.7800,0.078191
196.8000,0.069468
196.8200,0.143369
196.8400,0.177289
196.8600,0.161124
196.8800,0.231583
196.9000,0.180615
196.9200,0.084220
196.9400,0.068617
196.9600,0.184458
196.9800,0.225224
197.0000,0.130684
197.0200,0.104121
197.0400,0.171825
197.0600,0.238334
197.0800,0.707351
197.1000,1.192017
197.1200,1.391314
197.1400,1.468180
197.1600,1.698159
197.1800,2.043292
197.2000,2.508203
197.2200,2.890248
197.2400,3.210662
197.2600,3.515341
197.2800,3.600000
197.3000,3.600000
197.3200,3.600000
197.3400,3.600000
197.3600,3.600000
197.3800,3.600000
197.4000,3.600000
197.4200,3.600000
197.4400,3.600000
197.4600,3.600000
197.4800,2.520550
197.5000,1.523087
197.5200,0.866529
197.5400,0.581508
197.5600,0.451895
197.5800,0.401990
197.6000,0.329164
197.6200,0.223357
197.6400,0.220378
197.6600,0.221556
197.6800,0.200759
197.7000,0.260922
197.7200,0.306042
197.7400,0.270476
197.7600,0.201310
197.7800,0.190070
197.8000,0.249643
197.8200,0.240450
197.8400,0.187368
197.8600,0.217038
197.8800,0.182756
197.9000,0.280456
197.9200,0.502123
197.9400,0.452501
197.9600,0.443660
197.9800,0.604951
198.0000,0.951936
198.0200,1.304039
198.0400,1.757794
198.0600,2.430908
198.0800,3.535016
198.1000,3.600000
198.1200,3.600000
198.1400,3.600000
198.1600,3.600000
198.1800,3.600000
198.2000,3.600000
198.2200,3.600000
198.2400,3.600000
198.2600,3.600000
198.2800,2.910479
198.3000,2.264951
198.3200,1.804374
198.3400,1.527976
198.3600,1.585036
198.3800,1.655096
198.4000,1.649137
198.4200,1.465095
198.4400,1.278333
198.4600,1.007028
198.4800,0.738190
198.5000,0.530204
198.5200,0.349557
198.5400,0.465573
198.5600,0.336846
198.5800,0.369405
198.6000,0.317705
198.6200,0.326881
198.6400,0.277357
198.6600,0.226161
198.6800,0.276571
198.7000,0.329945
198.7200,0.454179
198.7400,0.534876
198.7600,0.486865
198.7800,0.396048
198.8000,0.341985
198.8200,0.376731
198.8400,0.297277
198.8600,0.334934
198.8800,0.352053
198.9000,0.282981
198.9200,0.267311
198.9400,0.265433
198.9600,0.240298
198.9800,0.246744
199.0000,0.283943
199.0200,0.325930
199.0400,0.289004
199.0600,0.266537
199.0800,0.056477
199.1000,0.097542
199.1200,0.086502
199.1400,0.048497
199.1600,0.039117
199.1800,0.044687
199.2000,0.070589
199.2200,0.071405
199.2400,0.081406
199.2600,0.141503
199.2800,0.080725
199.3000,0.078191
199.3200,0.069468
199.3400,0.143369
199.3600,0.177289
199.3800,0.161124
199.4000,0.231583
199.4200,0.180615
199.4400,0.084220
199.4600,0.068617
199.4800,0.184458
199.5000,0.225224
199.5200,0.130684
199.5400,0.104121
199.5600,0.171825
199.5800,0.238334
199.6000,0.707351
199.6200,1.192017
199.6400,1.391314
199.6600,1.468180
199.6800,1.698159
199.7000,2.043292
199.7200,2.508203
199.7400,2.890248
199.7600,3.210662
199.7800,3.515341
199.8000,3.600000
199.8200,3.600000
199.8400,3.600000
199.8600,3.600000
199.8800,3.600000
199.9000,3.600000
199.9200,3.600000
199.9400,3.600000
199.9600,3.600000
199.9800,3.600000
200.0000,2.520550
200.0200,1.523087
200.0400,0.866529
200.0600,0.581508
200.0800,0.451895
200.1000,0.401990
200.1200,0.329164
200.1400,0.223357
200.1600,0.220378
200.1800,0.221556
200.2000,0.200759
200.2200,0.260922
200.2400,0.306042
200.2600,0.270476
200.2800,0.201310
200.3000,0.190070
200.3200,0.249643
200.3400,0.240450
200.3600,0.187368
200.3800,0.217038
200.4000,0.182756
200.4200,0.280456
200.4400,0.502123
200.4600,0.452501
200.4800,0.443660
200.5000,0.604951
200.5200,0.951936
200.5400,1.304039
200.5600,1.757794
200.5800,2.430908
200.6000,3.535016
200.6200,3.600000
200.6400,3.600000
200.6600,3.600000
200.6800,3.600000
200.7000,3.600000
200.7200,3.600000
200.7400,3.600000
200.7600,3.600000
200.7800,3.600000
200.8000,2.910479
200.8200,2.264951
200.8400,1.804374
200.8600,1.527976
200.8800,1.585036
200.9000,1.655096
200.9200,1.649137
200.9400,1.465095
200.9600,1.278333
200.9800,1.007028
201.0000,0.738190
201.0200,0.530204
201.0400,0.349557
201.0600,0.465573
201.0800,0.336846
201.1000,0.369405
201.1200,0.317705
201.1400,0.326881
201.1600,0.277357
201.1800,0.226161
201.2000,0.276571
201.2200,0.329945
201.2400,0.454179
201.2600,0.534876
201.2800,0.486865
201.3000,0.396048
201.3200,0.341985
201.3400,0.376731
201.3600,0.297277
201.3800,0.334934
201.4000,0.352053
201.4200,0.282981
201.4400,0.267311
201.4600,0.265433
201.4800,0.240298
201.5000,0.246744
201.5200,0.283943
201.5400,0.325930
201.5600,0.289004
201.5800,0.266537
