time_s,voltage_v
0.0000,0.070663
0.0200,0.096143
0.0400,0.119559
0.0600,0.141535
0.0800,0.162720
0.1000,0.182577
0.1200,0.201233
0.1400,0.218568
0.1600,0.235283
0.1800,0.250057
0.2000,0.256678
0.2200,0.261399
0.2400,0.265902
0.2600,0.270252
0.2800,0.274521
0.3000,0.278396
0.3200,0.283285
0.3400,0.288449
0.3600,0.294515
0.3800,0.300830
0.4000,0.301708
0.4200,0.301200
0.4400,0.302683
0.4600,0.305784
0.4800,0.310851
0.5000,0.315773
0.5200,0.321065
0.5400,0.325923
0.5600,0.329999
0.5800,0.333559
0.6000,0.335742
0.6200,0.336056
0.6400,0.334767
0.6600,0.331940
0.6800,0.327832
0.7000,0.321919
0.7200,0.314073
0.7400,0.304165
0.7600,0.292227
0.7800,0.278895
0.8000,0.271105
0.8200,0.270485
0.8400,0.266611
0.8600,0.258112
0.8800,0.248003
0.9000,0.237909
0.9200,0.228710
0.9400,0.220034
0.9600,0.211818
0.9800,0.203819
1.0000,0.198776
1.0200,0.208032
1.0400,0.217682
1.0600,0.229097
1.0800,0.233358
1.1000,0.233809
1.1200,0.233060
1.1400,0.231964
1.1600,0.230885
1.1800,0.230619
1.2000,0.230257
1.2200,0.231014
1.2400,0.230796
1.2600,0.227808
1.2800,0.221992
1.3000,0.212527
1.3200,0.200154
1.3400,0.186685
1.3600,0.172935
1.3800,0.160352
1.4000,0.149131
1.4200,0.138296
1.4400,0.128799
1.4600,0.119447
1.4800,0.111416
1.5000,0.103666
1.5200,0.097979
1.5400,0.096320
1.5600,0.100275
1.5800,0.110634
1.6000,0.125682
1.6200,0.137789
1.6400,0.152272
1.6600,0.169431
1.6800,0.187853
1.7000,0.206993
1.7200,0.228791
1.7400,0.254012
1.7600,0.283624
1.7800,0.318213
1.8000,0.359103
1.8200,0.384952
1.8400,0.403037
1.8600,0.422612
1.8800,0.441316
1.9000,0.460810
1.9200,0.481988
1.9400,0.505663
1.9600,0.531633
1.9800,0.558748
2.0000,0.585895
2.0200,0.566844
2.0400,0.526510
2.0600,0.495062
2.0800,0.471943
2.1000,0.456307
2.1200,0.445940
2.1400,0.439616
2.1600,0.436620
2.1800,0.435710
2.2000,0.435991
2.2200,0.428347
2.2400,0.414137
2.2600,0.397221
2.2800,0.378420
2.3000,0.358321
2.3200,0.338199
2.3400,0.320002
2.3600,0.305035
2.3800,0.294490
2.4000,0.289142
2.4200,0.284429
2.4400,0.274022
2.4600,0.262760
2.4800,0.250991
2.5000,0.238062
2.5200,0.225480
2.5400,0.212414
2.5600,0.198768
2.5800,0.185154
2.6000,0.172306
2.6200,0.165540
2.6400,0.177864
2.6600,0.193266
2.6800,0.213276
2.7000,0.239359
2.7200,0.276664
2.7400,0.330393
2.7600,0.401917
2.7800,0.492621
2.8000,0.599033
2.8200,0.694618
2.8400,0.732978
2.8600,0.774593
2.8800,0.823650
2.9000,0.891525
2.9200,0.937764
2.9400,0.997205
2.9600,1.036057
2.9800,1.070148
3.0000,1.107950
3.0200,1.189883
3.0400,1.406101
3.0600,1.607770
3.0800,1.796485
3.1000,1.974998
3.1200,2.140636
3.1400,2.291605
3.1600,2.428913
3.1800,2.551890
3.2000,2.664749
3.2200,2.768941
3.2400,2.770875
3.2600,2.739199
3.2800,2.730193
3.3000,2.742502
3.3200,2.772752
3.3400,2.816019
3.3600,2.867913
3.3800,2.928227
3.4000,2.993389
3.4200,3.060597
3.4400,3.121838
3.4600,3.229043
3.4800,3.356501
3.5000,3.406707
3.5200,3.448797
3.5400,3.487899
3.5600,3.522088
3.5800,3.552064
3.6000,3.580042
3.6200,3.600000
3.6400,3.600000
3.6600,3.600000
3.6800,3.600000
3.7000,3.600000
3.7200,3.600000
3.7400,3.600000
3.7600,3.600000
3.7800,3.600000
3.8000,3.600000
3.8200,3.600000
3.8400,3.600000
3.8600,3.600000
3.8800,3.600000
3.9000,3.600000
3.9200,3.600000
3.9400,3.600000
3.9600,3.600000
3.9800,3.600000
4.0000,3.600000
4.0200,3.600000
4.0400,3.600000
4.0600,3.600000
4.0800,3.600000
4.1000,3.600000
4.1200,3.600000
4.1400,3.600000
4.1600,3.600000
4.1800,3.600000
4.2000,3.600000
4.2200,3.600000
4.2400,3.600000
4.2600,3.600000
4.2800,3.600000
4.3000,3.600000
4.3200,3.600000
4.3400,3.600000
4.3600,3.600000
4.3800,3.600000
4.4000,3.600000
4.4200,3.600000
4.4400,3.600000
4.4600,3.600000
4.4800,3.600000
4.5000,3.600000
4.5200,3.600000
4.5400,3.600000
4.5600,3.600000
4.5800,3.600000
4.6000,3.600000
4.6200,3.600000
4.6400,3.600000
4.6600,3.600000
4.6800,3.600000
4.7000,3.600000
4.7200,3.600000
4.7400,3.600000
4.7600,3.600000
4.7800,3.600000
4.8000,3.600000
4.8200,3.600000
4.8400,3.600000
4.8600,3.600000
4.8800,3.600000
4.9000,3.600000
4.9200,3.600000
4.9400,3.600000
4.9600,3.600000
4.9800,3.600000
5.0000,3.600000
5.0200,3.600000
5.0400,3.600000
5.0600,3.600000
5.0800,3.600000
5.1000,3.600000
5.1200,3.600000
5.1400,3.600000
5.1600,3.600000
5.1800,3.600000
5.2000,3.600000
5.2200,3.600000
5.2400,3.600000
5.2600,3.600000
5.2800,3.600000
5.3000,3.600000
5.3200,3.600000
5.3400,3.600000
5.3600,3.600000
5.3800,3.600000
5.4000,3.600000
5.4200,3.600000
5.4400,3.600000
5.4600,3.600000
5.4800,3.451931
5.5000,3.304396
5.5200,3.172347
5.5400,3.054718
5.5600,2.947681
5.5800,2.850578
5.6000,2.761442
5.6200,2.677148
5.6400,2.595810
5.6600,2.519998
5.6800,2.504274
5.7000,2.503967
5.7200,2.497806
5.7400,2.486012
5.7600,2.469643
5.7800,2.450920
5.8000,2.428929
5.8200,2.404497
5.8400,2.377325
5.8600,2.346658
5.8800,2.300249
5.9000,2.239768
5.9200,2.180695
5.9400,2.123686
5.9600,2.066194
5.9800,2.006954
6.0000,1.947486
6.0200,1.888135
6.0400,1.828950
6.0600,1.769059
6.0800,1.680954
6.1000,1.576788
6.1200,1.480904
6.1400,1.392172
6.1600,1.309902
6.1800,1.234277
6.2000,1.165524
6.2200,1.104068
6.2400,1.050338
6.2600,1.004890
6.2800,1.023635
6.3000,1.079692
6.3200,1.129805
6.3400,1.176164
6.3600,1.219117
6.3800,1.260949
6.4000,1.302442
6.4200,1.346507
6.4400,1.393566
6.4600,1.440119
6.4800,1.436035
6.5000,1.402636
6.5200,1.373492
6.5400,1.363818
6.5600,1.341711
6.5800,1.309176
6.6000,1.277398
6.6200,1.245136
6.6400,1.212083
6.6600,1.183407
6.6800,1.267312
6.7000,1.369069
6.7200,1.454909
6.7400,1.530953
6.7600,1.599650
6.7800,1.665222
6.8000,1.725581
6.8200,1.782494
6.8400,1.838085
6.8600,1.893886
6.8800,1.894378
6.9000,1.862486
6.9200,1.840518
6.9400,1.827040
6.9600,1.823255
6.9800,1.830223
7.0000,1.847220
7.0200,1.875463
7.0400,1.912092
7.0600,1.953682
7.0800,1.973088
7.1000,1.948526
7.1200,1.945851
7.1400,1.962512
7.1600,1.988458
7.1800,2.019126
7.2000,2.052645
7.2200,2.082741
7.2400,2.114285
7.2600,2.183395
7.2800,2.248170
7.3000,2.378944
7.3200,2.477126
7.3400,2.528344
7.3600,2.573817
7.3800,2.637014
7.4000,2.741214
7.4200,2.783530
7.4400,2.802437
7.4600,2.822592
7.4800,2.829706
7.5000,2.752089
7.5200,2.675641
7.5400,2.615192
7.5600,2.566149
7.5800,2.525629
7.6000,2.491005
7.6200,2.461047
7.6400,2.435672
7.6600,2.415476
7.6800,2.396827
7.7000,2.365136
7.7200,2.328491
7.7400,2.294022
7.7600,2.258561
7.7800,2.222762
7.8000,2.185722
7.8200,2.149722
7.8400,2.114609
7.8600,2.082708
7.8800,2.045839
7.9000,1.936636
7.9200,1.823938
7.9400,1.725114
7.9600,1.636745
7.9800,1.557156
8.0000,1.484713
8.0200,1.418554
8.0400,1.357590
8.0600,1.300895
8.0800,1.253054
8.1000,1.305729
8.1200,1.377190
8.1400,1.432692
8.1600,1.473227
8.1800,1.502420
8.2000,1.522099
8.2200,1.532298
8.2400,1.533980
8.2600,1.526432
8.2800,1.510467
8.3000,1.480314
8.3200,1.440748
8.3400,1.406245
8.3600,1.360305
8.3800,1.299228
8.4000,1.237007
8.4200,1.175133
8.4400,1.113670
8.4600,1.051966
8.4800,0.991453
8.5000,0.938142
8.5200,0.894353
8.5400,0.859859
8.5600,0.832519
8.5800,0.812107
8.6000,0.799041
8.6200,0.793362
8.6400,0.794296
8.6600,0.802787
8.6800,0.817859
8.7000,0.795158
8.7200,0.764894
8.7400,0.750298
8.7600,0.747623
8.7800,0.754293
8.8000,0.769606
8.8200,0.792830
8.8400,0.822579
8.8600,0.856734
8.8800,0.893563
8.9000,0.962905
8.9200,1.039053
8.9400,1.104335
8.9600,1.159885
8.9800,1.205987
9.0000,1.242703
9.0200,1.269818
9.0400,1.288731
9.0600,1.299293
9.0800,1.302176
9.1000,1.278800
9.1200,1.240295
9.1400,1.202361
9.1600,1.165056
9.1800,1.128799
9.2000,1.093935
9.2200,1.061559
9.2400,1.033101
9.2600,1.019067
9.2800,1.002666
9.3000,0.986604
9.3200,0.984904
9.3400,0.981698
9.3600,0.974545
9.3800,0.963581
9.4000,0.947978
9.4200,0.929660
9.4400,0.909924
9.4600,0.889697
9.4800,0.869518
9.5000,0.864507
9.5200,0.900032
9.5400,0.948026
9.5600,0.989802
9.5800,1.002546
9.6000,1.009602
9.6200,1.013259
9.6400,1.014516
9.6600,1.016980
9.6800,1.037055
9.7000,1.047600
9.7200,1.066304
9.7400,1.084501
9.7600,1.099702
9.7800,1.113050
9.8000,1.125463
9.8200,1.135477
9.8400,1.144530
9.8600,1.151395
9.8800,1.156316
9.9000,1.159482
9.9200,1.154109
9.9400,1.145868
9.9600,1.135050
9.9800,1.121186
10.0000,1.104816
10.0200,1.084591
10.0400,1.060560
10.0600,1.032237
10.0800,1.000604
10.1000,0.966473
10.1200,1.002795
10.1400,1.076381
10.1600,1.146352
10.1800,1.211552
10.2000,1.271220
10.2200,1.326191
10.2400,1.373734
10.2600,1.413615
10.2800,1.446821
10.3000,1.472042
10.3200,1.446781
10.3400,1.381433
10.3600,1.325724
10.3800,1.278252
10.4000,1.238328
10.4200,1.205640
10.4400,1.179894
10.4600,1.160078
10.4800,1.145369
10.5000,1.134276
10.5200,1.126978
10.5400,1.121904
10.5600,1.116846
10.5800,1.110601
10.6000,1.103956
10.6200,1.095851
10.6400,1.086637
10.6600,1.075945
10.6800,1.063711
10.7000,1.050749
10.7200,1.018303
10.7400,0.972910
10.7600,0.927920
10.7800,0.882745
10.8000,0.837691
10.8200,0.792709
10.8400,0.748848
10.8600,0.706976
10.8800,0.667641
10.9000,0.629652
10.9200,0.612655
10.9400,0.634912
10.9600,0.645497
10.9800,0.642830
11.0000,0.628306
11.0200,0.604124
11.0400,0.575350
11.0600,0.544200
11.0800,0.513895
11.1000,0.485130
11.1200,0.474891
11.1400,0.517037
11.1600,0.558716
11.1800,0.597317
11.2000,0.633599
11.2200,0.666546
11.2400,0.695803
11.2600,0.720098
11.2800,0.740091
11.3000,0.755679
11.3200,0.762840
11.3400,0.744739
11.3600,0.723997
11.3800,0.705461
11.4000,0.688617
11.4200,0.675036
11.4400,0.664008
11.4600,0.656452
11.4800,0.652481
11.5000,0.651135
11.5200,0.662179
11.5400,0.809239
11.5600,0.997503
11.5800,1.116628
11.6000,1.212842
11.6200,1.298109
11.6400,1.373299
11.6600,1.438548
11.6800,1.530750
11.7000,1.607487
11.7200,1.641554
11.7400,1.673584
11.7600,1.701358
11.7800,1.723519
11.8000,1.742691
11.8200,1.757634
11.8400,1.768155
11.8600,1.776743
11.8800,1.783010
11.9000,1.787464
11.9200,1.784127
11.9400,1.740967
11.9600,1.696686
11.9800,1.657038
12.0000,1.623817
12.0200,1.594108
12.0400,1.568595
12.0600,1.546313
12.0800,1.527068
12.1000,1.510917
12.1200,1.495733
12.1400,1.458461
12.1600,1.421430
12.1800,1.389352
12.2000,1.361239
12.2200,1.337411
12.2400,1.320076
12.2600,1.323846
12.2800,1.315775
12.3000,1.298736
12.3200,1.283416
12.3400,1.295361
12.3600,1.322002
12.3800,1.344781
12.4000,1.363183
12.4200,1.398366
12.4400,1.434956
12.4600,1.438750
12.4800,1.438918
12.5000,1.437146
12.5200,1.433375
12.5400,1.402338
12.5600,1.343276
12.5800,1.290310
12.6000,1.242937
12.6200,1.199646
12.6400,1.159183
12.6600,1.122339
12.6800,1.087418
12.7000,1.054777
12.7200,1.023828
12.7400,0.993443
12.7600,0.963372
12.7800,0.934904
12.8000,0.908377
12.8200,0.882971
12.8400,0.858716
12.8600,0.836378
12.8800,0.815635
12.9000,0.796310
12.9200,0.777847
12.9400,0.760617
12.9600,0.746117
12.9800,0.727742
13.0000,0.708337
13.0200,0.688102
13.0400,0.667456
13.0600,0.646077
13.0800,0.624480
13.1000,0.603842
13.1200,0.582455
13.1400,0.559811
13.1600,0.526373
13.1800,0.494143
13.2000,0.464822
13.2200,0.437643
13.2400,0.412502
13.2600,0.389254
13.2800,0.367794
13.3000,0.347044
13.3200,0.327985
13.3400,0.314009
13.3600,0.321484
13.3800,0.329733
13.4000,0.337418
13.4200,0.343548
13.4400,0.349718
13.4600,0.354793
13.4800,0.359949
13.5000,0.364081
13.5200,0.367786
13.5400,0.369969
13.5600,0.362268
13.5800,0.353464
13.6000,0.346649
13.6200,0.340567
13.6400,0.335766
13.6600,0.331312
13.6800,0.328081
13.7000,0.325310
13.7200,0.323192
13.7400,0.321138
13.7600,0.305011
13.7800,0.285009
13.8000,0.267811
13.8200,0.251829
13.8400,0.237442
13.8600,0.223724
13.8800,0.211633
13.9000,0.199590
13.9200,0.188506
13.9400,0.178026
13.9600,0.186258
13.9800,0.213421
14.0000,0.239665
14.0200,0.266667
14.0400,0.294482
14.0600,0.323232
14.0800,0.354173
14.1000,0.387192
14.1200,0.422257
14.1400,0.459723
14.1600,0.495859
14.1800,0.526478
14.2000,0.555920
14.2200,0.585290
14.2400,0.613202
14.2600,0.639640
14.2800,0.664677
14.3000,0.686660
14.3200,0.704204
14.3400,0.716892
14.3600,0.724085
14.3800,0.724424
14.4000,0.718406
14.4200,0.704712
14.4400,0.684332
14.4600,0.659497
14.4800,0.631996
14.5000,0.603713
14.5200,0.575729
14.5400,0.549750
14.5600,0.524569
14.5800,0.489963
14.6000,0.456267
14.6200,0.425302
14.6400,0.397543
14.6600,0.378540
14.6800,0.370557
14.7000,0.375431
14.7200,0.393346
14.7400,0.421983
14.7600,0.457918
14.7800,0.484791
14.8000,0.519437
14.8200,0.564934
14.8400,0.619534
14.8600,0.682463
14.8800,0.751248
14.9000,0.823836
14.9200,0.898606
14.9400,0.974271
14.9600,1.051443
14.9800,1.151483
15.0000,1.252611
15.0200,1.346466
15.0400,1.435889
15.0600,1.561040
15.0800,1.661846
15.1000,1.766680
15.1200,1.855502
15.1400,1.902907
15.1600,1.953006
15.1800,1.980209
15.2000,1.985919
15.2200,1.957798
15.2400,1.926133
15.2600,1.893933
15.2800,1.862702
15.3000,1.830537
15.3200,1.797494
15.3400,1.763097
15.3600,1.729826
15.3800,1.768404
15.4000,1.833428
15.4200,1.890018
15.4400,1.940294
15.4600,1.987267
15.4800,2.028599
15.5000,2.066477
15.5200,2.101428
15.5400,2.132129
15.5600,2.158470
15.5800,2.190910
15.6000,2.228320
15.6200,2.259060
15.6400,2.284556
15.6600,2.303246
15.6800,2.318382
15.7000,2.328604
15.7200,2.332020
15.7400,2.328998
15.7600,2.316457
15.7800,2.305333
15.8000,2.305146
15.8200,2.303447
15.8400,2.302037
15.8600,2.301949
15.8800,2.300611
15.9000,2.301160
15.9200,2.302504
15.9400,2.304607
15.9600,2.306009
15.9800,2.315998
16.0000,2.339625
16.0200,2.353731
16.0400,2.362301
16.0600,2.366370
16.0800,2.365097
16.1000,2.361496
16.1200,2.351992
16.1400,2.340994
16.1600,2.327736
16.1800,2.302811
16.2000,2.215085
16.2200,2.136858
16.2400,2.076579
16.2600,2.030556
16.2800,1.997617
16.3000,1.974031
16.3200,1.958426
16.3400,1.949703
16.3600,1.946771
16.3800,1.947334
16.4000,1.959619
16.4200,1.969785
16.4400,1.976955
16.4600,1.979379
16.4800,1.977672
16.5000,1.970518
16.5200,1.960118
16.5400,1.947263
16.5600,1.932551
16.5800,1.917183
16.6000,1.912647
16.6200,1.949790
16.6400,1.983994
16.6600,2.010410
16.6800,2.029711
16.7000,2.043050
16.7200,2.054087
16.7400,2.062932
16.7600,2.069409
16.7800,2.074112
16.8000,2.073050
16.8200,2.026633
16.8400,1.967819
16.8600,1.912438
16.8800,1.860940
16.9000,1.811575
16.9200,1.763974
16.9400,1.718525
16.9600,1.676322
16.9800,1.636601
17.0000,1.600036
17.0200,1.549762
17.0400,1.492222
17.0600,1.432031
17.0800,1.369505
17.1000,1.304884
17.1200,1.238225
17.1400,1.171887
17.1600,1.106493
17.1800,1.043628
17.2000,0.986056
17.2200,0.963565
17.2400,0.966997
17.2600,0.986395
17.2800,1.021114
17.3000,1.070286
17.3200,1.130885
17.3400,1.201950
17.3600,1.278855
17.3800,1.361739
17.4000,1.449180
17.4200,1.561861
17.4400,1.717623
17.4600,1.868680
17.4800,2.016442
17.5000,2.160920
17.5200,2.301102
17.5400,2.435084
17.5600,2.554953
17.5800,2.665516
17.6000,2.763231
17.6200,2.805715
17.6400,2.763995
17.6600,2.719190
17.6800,2.670051
17.7000,2.618341
17.7200,2.564827
17.7400,2.508284
17.7600,2.447119
17.7800,2.380845
17.8000,2.308924
17.8200,2.227734
17.8400,2.125361
17.8600,2.029219
17.8800,1.942349
17.9000,1.865078
17.9200,1.798702
17.9400,1.743827
17.9600,1.700440
17.9800,1.668072
18.0000,1.645228
18.0200,1.653057
18.0400,1.731349
18.0600,1.802770
18.0800,1.865200
18.1000,1.918415
18.1200,1.962198
18.1400,1.999301
18.1600,2.031853
18.1800,2.059500
18.2000,2.081766
18.2200,2.078551
18.2400,2.027722
18.2600,1.987354
18.2800,1.957202
18.3000,1.933979
18.3200,1.918270
18.3400,1.905849
18.3600,1.898260
18.3800,1.894603
18.4000,1.892967
18.4200,1.900097
18.4400,1.914717
18.4600,1.926366
18.4800,1.936550
18.5000,1.945998
18.5200,1.953176
18.5400,1.959716
18.5600,1.966097
18.5800,1.972893
18.6000,1.980837
18.6200,1.977649
18.6400,1.898244
18.6600,1.806732
18.6800,1.714352
18.7000,1.619466
18.7200,1.526498
18.7400,1.434722
18.7600,1.346948
18.7800,1.265741
18.8000,1.195988
18.8200,1.151595
18.8400,1.174327
18.8600,1.218544
18.8800,1.276914
18.9000,1.350968
18.9200,1.440683
18.9400,1.543929
18.9600,1.658398
18.9800,1.782308
19.0000,1.912671
19.0200,2.022218
19.0400,2.007437
19.0600,2.002958
19.0800,2.020568
19.1000,2.050815
19.1200,2.088475
19.1400,2.133080
19.1600,2.181027
19.1800,2.229715
19.2000,2.274985
19.2200,2.314008
19.2400,2.347849
19.2600,2.376311
19.2800,2.394839
19.3000,2.403981
19.3200,2.402175
19.3400,2.387386
19.3600,2.362004
19.3800,2.326494
19.4000,2.282092
19.4200,2.221772
19.4400,2.075194
19.4600,1.921758
19.4800,1.782888
19.5000,1.657352
19.5200,1.543721
19.5400,1.440119
19.5600,1.344912
19.5800,1.258822
19.6000,1.189102
19.6200,1.142387
19.6400,1.099089
19.6600,1.053254
19.6800,1.014741
19.7000,0.986411
19.7200,0.970114
19.7400,0.965789
19.7600,0.972217
19.7800,0.986789
19.8000,1.007033
19.8200,1.029597
19.8400,1.102908
19.8600,1.192308
19.8800,1.265161
19.9000,1.320705
19.9200,1.358057
19.9400,1.375545
19.9600,1.371058
19.9800,1.344734
20.0000,1.298706
20.0200,1.236210
20.0400,1.158162
20.0600,1.077461
20.0800,1.002144
20.1000,0.934397
20.1200,0.875535
20.1400,0.821934
20.1600,0.772361
20.1800,0.726381
20.2000,0.685435
20.2200,0.656283
20.2400,0.704873
20.2600,0.776486
20.2800,0.876599
20.3000,0.965603
20.3200,1.017473
20.3400,1.061810
20.3600,1.102859
20.3800,1.140029
20.4000,1.172217
20.4200,1.198189
20.4400,1.172459
20.4600,1.105906
20.4800,1.051225
20.5000,1.006009
20.5200,0.968777
20.5400,0.937127
20.5600,0.910295
20.5800,0.887433
20.6000,0.865933
20.6200,0.845650
20.6400,0.831134
20.6600,0.829950
20.6800,0.829772
20.7000,0.830369
20.7200,0.831037
20.7400,0.832334
20.7600,0.832834
20.7800,0.834573
20.8000,0.836370
20.8200,0.838094
20.8400,0.836950
20.8600,0.792395
20.8800,0.745996
20.9000,0.705799
20.9200,0.671040
20.9400,0.641880
20.9600,0.618680
20.9800,0.599758
21.0000,0.585766
21.0200,0.576728
21.0400,0.579684
21.0600,0.625994
21.0800,0.671532
21.1000,0.729764
21.1200,0.788053
21.1400,0.833583
21.1600,0.851571
21.1800,0.879636
21.2000,0.899589
21.2200,0.901683
21.2400,0.885121
21.2600,0.827960
21.2800,0.767617
21.3000,0.713017
21.3200,0.663758
21.3400,0.622490
21.3600,0.591517
21.3800,0.572958
21.4000,0.566787
21.4200,0.572974
21.4400,0.592234
21.4600,0.610939
21.4800,0.633695
21.5000,0.668277
21.5200,0.712824
21.5400,0.763090
21.5600,0.815055
21.5800,0.866997
21.6000,0.918036
21.6200,0.966642
21.6400,1.011761
21.6600,1.097109
21.6800,1.268666
21.7000,1.480791
21.7200,1.639083
21.7400,1.751406
21.7600,1.854881
21.7800,1.949163
21.8000,2.035688
21.8200,2.112724
21.8400,2.182574
21.8600,2.244593
21.8800,2.297454
21.9000,2.343138
21.9200,2.384294
21.9400,2.422573
21.9600,2.459958
21.9800,2.494752
22.0000,2.526981
22.0200,2.557319
22.0400,2.582654
22.0600,2.603173
22.0800,2.569855
22.1000,2.510460
22.1200,2.460677
22.1400,2.417894
22.1600,2.380409
22.1800,2.348260
22.2000,2.319752
22.2200,2.294071
22.2400,2.270661
22.2600,2.248701
22.2800,2.208808
22.3000,2.149714
22.3200,2.100140
22.3400,2.056906
22.3600,2.019512
22.3800,1.986098
22.4000,1.955503
22.4200,1.926769
22.4400,1.900000
22.4600,1.874818
22.4800,1.835652
22.5000,1.748910
22.5200,1.663016
22.5400,1.581927
22.5600,1.505046
22.5800,1.433007
22.6000,1.366330
22.6200,1.306882
22.6400,1.255713
22.6600,1.213607
22.6800,1.199630
22.7000,1.242131
22.7200,1.303136
22.7400,1.357654
22.7600,1.373678
22.7800,1.383037
22.8000,1.386806
22.8200,1.385913
22.8400,1.380307
22.8600,1.370052
22.8800,1.353489
22.9000,1.334270
22.9200,1.315484
22.9400,1.297544
22.9600,1.282385
22.9800,1.270131
23.0000,1.260924
23.0200,1.255382
23.0400,1.251718
23.0600,1.246876
23.0800,1.226778
23.1000,1.146143
23.1200,1.071444
23.1400,1.003963
23.1600,0.941026
23.1800,0.883156
23.2000,0.829217
23.2200,0.778959
23.2400,0.731504
23.2600,0.687498
23.2800,0.652046
23.3000,0.664620
23.3200,0.679780
23.3400,0.685967
23.3600,0.684735
23.3800,0.677920
23.4000,0.667754
23.4200,0.656774
23.4400,0.647438
23.4600,0.641445
23.4800,0.638867
23.5000,0.690615
23.5200,0.773078
23.5400,0.853681
23.5600,0.932294
23.5800,1.007612
23.6000,1.079009
23.6200,1.149204
23.6400,1.217330
23.6600,1.284568
23.6800,1.346571
23.7000,1.296216
23.7200,1.204207
23.7400,1.124046
23.7600,1.053447
23.7800,0.992709
23.8000,0.941171
23.8200,0.893781
23.8400,0.853512
23.8600,0.820396
23.8800,0.794296
23.9000,0.815877
23.9200,0.907862
23.9400,0.956017
23.9600,0.986072
23.9800,1.006565
24.0000,1.036242
24.0200,1.055623
24.0400,1.052200
24.0600,1.054577
24.0800,1.042701
24.1000,1.048486
24.1200,1.114413
24.1400,1.136532
24.1600,1.135968
24.1800,1.123063
24.2000,1.109263
24.2200,1.086445
24.2400,1.041510
24.2600,0.987917
24.2800,0.929297
24.3000,0.903762
24.3200,0.946149
24.3400,0.989045
24.3600,1.032608
24.3800,1.073949
24.4000,1.111803
24.4200,1.144129
24.4400,1.169453
24.4600,1.186492
24.4800,1.203167
24.5000,1.227148
24.5200,1.244757
24.5400,1.236782
24.5600,1.217361
24.5800,1.185951
24.6000,1.142929
24.6200,1.089414
24.6400,1.028516
24.6600,0.963469
24.6800,0.898719
24.7000,0.846971
24.7200,0.868100
24.7400,0.903641
24.7600,0.940688
24.7800,0.977187
24.8000,1.009635
24.8200,1.035751
24.8400,1.052636
24.8600,1.060900
24.8800,1.059893
24.9000,1.048390
24.9200,1.006629
24.9400,0.948034
24.9600,0.890349
24.9800,0.834920
25.0000,0.783164
25.0200,0.735911
25.0400,0.691928
25.0600,0.651965
25.0800,0.617697
25.1000,0.590212
25.1200,0.586048
25.1400,0.621927
25.1600,0.647188
25.1800,0.660496
25.2000,0.660931
25.2200,0.650531
25.2400,0.630377
25.2600,0.603898
25.2800,0.572442
25.3000,0.539922
25.3200,0.516763
25.3400,0.597784
25.3600,0.696923
25.3800,0.786434
25.4000,0.867907
25.4200,0.942283
25.4400,1.008144
25.4600,1.066933
25.4800,1.118053
25.5000,1.157967
25.5200,1.185589
25.5400,1.199380
25.5600,1.211391
25.5800,1.225884
25.6000,1.241132
25.6200,1.255085
25.6400,1.265459
25.6600,1.270001
25.6800,1.270342
25.7000,1.266668
25.7200,1.274891
25.7400,1.216006
25.7600,1.124795
25.7800,1.043733
25.8000,0.969840
25.8200,0.902843
25.8400,0.840857
25.8600,0.784195
25.8800,0.732640
25.9000,0.687804
25.9200,0.650572
25.9400,0.613106
25.9600,0.573006
25.9800,0.536418
26.0000,0.502827
26.0200,0.472225
26.0400,0.445690
26.0600,0.425487
26.0800,0.412429
26.1000,0.407838
26.1200,0.415603
26.1400,0.424641
26.1600,0.424754
26.1800,0.431537
26.2000,0.445835
26.2200,0.466505
26.2400,0.492283
26.2600,0.521000
26.2800,0.552771
26.3000,0.585669
26.3200,0.621701
26.3400,0.620670
26.3600,0.573570
26.3800,0.532238
26.4000,0.497970
26.4200,0.472185
26.4400,0.456565
26.4600,0.449661
26.4800,0.449710
26.5000,0.455397
26.5200,0.465611
26.5400,0.451667
26.5600,0.419188
26.5800,0.393620
26.6000,0.376446
26.6200,0.365604
26.6400,0.360754
26.6600,0.359578
26.6800,0.362897
26.7000,0.370751
26.7200,0.383454
26.7400,0.412728
26.7600,0.459650
26.7800,0.506581
26.8000,0.554680
26.8200,0.603963
26.8400,0.654406
26.8600,0.704551
26.8800,0.753689
26.9000,0.800862
26.9200,0.846246
26.9400,0.895070
26.9600,0.944780
26.9800,0.984380
27.0000,1.014282
27.0200,1.034244
27.0400,1.045603
27.0600,1.048027
27.0800,1.044192
27.1000,1.035042
27.1200,1.021234
27.1400,1.010915
27.1600,1.030241
27.1800,1.056357
27.2000,1.084671
27.2200,1.113509
27.2400,1.142510
27.2600,1.171437
27.2800,1.197962
27.3000,1.221864
27.3200,1.242139
27.3400,1.253216
27.3600,1.239738
27.3800,1.218254
27.4000,1.195168
27.4200,1.173821
27.4400,1.160971
27.4600,1.160739
27.4800,1.175352
27.5000,1.206460
27.5200,1.251169
27.5400,1.297882
27.5600,1.315041
27.5800,1.332900
27.6000,1.354787
27.6200,1.379348
27.6400,1.405012
27.6600,1.431104
27.6800,1.456584
27.7000,1.480638
27.7200,1.503749
27.7400,1.532547
27.7600,1.614488
27.7800,1.697501
27.8000,1.774664
27.8200,1.846705
27.8400,1.913308
27.8600,1.974062
27.8800,2.028510
27.9000,2.078005
27.9200,2.123420
27.9400,2.168871
27.9600,2.258077
27.9800,2.353400
28.0000,2.440827
28.0200,2.519490
28.0400,2.592805
28.0600,2.657507
28.0800,2.713050
28.1000,2.757550
28.1200,2.794221
28.1400,2.822022
28.1600,2.819514
28.1800,2.788058
28.2000,2.771228
28.2200,2.766348
28.2400,2.770601
28.2600,2.781476
28.2800,2.798771
28.3000,2.816374
28.3200,2.834241
28.3400,2.851697
28.3600,2.846316
28.3800,2.779696
28.4000,2.712326
28.4200,2.650564
28.4400,2.592779
28.4600,2.565246
28.4800,2.532461
28.5000,2.465807
28.5200,2.399872
28.5400,2.333340
28.5600,2.264635
28.5800,2.194140
28.6000,2.120891
28.6200,2.044517
28.6400,1.966152
28.6600,1.886370
28.6800,1.805042
28.7000,1.724131
28.7200,1.644656
28.7400,1.566630
28.7600,1.497773
28.7800,1.476344
28.8000,1.461466
28.8200,1.445806
28.8400,1.430194
28.8600,1.413850
28.8800,1.397528
28.9000,1.380741
28.9200,1.363341
28.9400,1.344459
28.9600,1.323652
28.9800,1.278034
29.0000,1.228921
29.0200,1.186394
29.0400,1.148165
29.0600,1.113373
29.0800,1.083752
29.1000,1.062366
29.1200,1.032069
29.1400,0.998108
29.1600,0.963565
29.1800,0.930755
29.2000,0.907338
29.2200,0.892331
29.2400,0.885226
29.2600,0.884646
29.2800,0.888384
29.3000,0.894538
29.3200,0.900886
29.3400,0.908273
29.3600,0.915708
29.3800,0.923852
29.4000,0.933237
29.4200,0.941993
29.4400,0.951241
29.4600,0.962824
29.4800,0.976188
29.5000,0.991647
29.5200,1.008288
29.5400,1.025254
29.5600,1.041584
29.5800,1.056453
29.6000,1.024062
29.6200,0.979910
29.6400,0.946133
29.6600,0.920300
29.6800,0.901313
29.7000,0.887337
29.7200,0.875592
29.7400,0.866143
29.7600,0.856613
29.7800,0.845617
29.8000,0.809545
29.8200,0.769389
29.8400,0.732326
29.8600,0.698187
29.8800,0.665498
29.9000,0.634847
29.9200,0.605896
29.9400,0.578588
29.9600,0.553383
29.9800,0.530216
30.0000,0.506670
30.0200,0.480747
30.0400,0.454994
30.0600,0.429877
30.0800,0.406001
30.1000,0.383454
30.1200,0.361777
30.1400,0.341663
30.1600,0.323288
30.1800,0.307597
30.2000,0.293910
30.2200,0.281086
30.2400,0.271291
30.2600,0.265725
30.2800,0.264114
30.3000,0.266981
30.3200,0.275174
30.3400,0.286540
30.3600,0.301402
30.3800,0.317537
30.4000,0.334767
30.4200,0.383060
30.4400,0.442452
30.4600,0.500217
30.4800,0.557983
30.5000,0.615393
30.5200,0.671894
30.5400,0.726357
30.5600,0.774915
30.5800,0.816763
30.6000,0.842653
30.6200,0.794353
30.6400,0.735403
30.6600,0.682221
30.6800,0.634042
30.7000,0.589761
30.7200,0.549460
30.7400,0.511881
30.7600,0.478532
30.7800,0.451579
30.8000,0.433873
30.8200,0.450129
30.8400,0.484042
30.8600,0.513170
30.8800,0.537933
30.9000,0.554809
30.9200,0.563807
30.9400,0.565861
30.9600,0.560343
30.9800,0.549436
31.0000,0.535774
31.0200,0.525584
31.0400,0.526953
31.0600,0.537345
31.0800,0.549097
31.1000,0.560947
31.1200,0.580127
31.1400,0.590470
31.1600,0.594756
31.1800,0.600692
31.2000,0.607813
31.2200,0.610512
31.2400,0.598300
31.2600,0.587087
31.2800,0.574166
31.3000,0.563194
31.3200,0.556895
31.3400,0.558184
31.3600,0.567617
31.3800,0.583663
31.4000,0.605429
31.4200,0.632664
31.4400,0.637900
31.4600,0.635186
31.4800,0.636821
31.5000,0.642677
31.5200,0.661108
31.5400,0.679579
31.5600,0.685041
31.5800,0.690808
31.6000,0.697196
31.6200,0.703890
31.6400,0.719937
31.6600,0.739068
31.6800,0.748960
31.7000,0.754720
31.7200,0.763686
31.7400,0.755872
31.7600,0.748171
31.7800,0.736539
31.8000,0.717254
31.8200,0.701442
31.8400,0.677428
31.8600,0.655952
31.8800,0.643281
31.9000,0.644643
31.9200,0.661495
31.9400,0.691944
31.9600,0.732342
31.9800,0.777589
32.0000,0.824359
32.0200,0.868511
32.0400,0.921306
32.0600,0.977364
32.0800,1.021395
32.1000,1.051370
32.1200,1.066078
32.1400,1.066844
32.1600,1.054270
32.1800,1.032463
32.2000,1.004568
32.2200,0.973771
32.2400,0.945940
32.2600,0.921685
32.2800,0.898944
32.3000,0.880022
32.3200,0.864395
32.3400,0.853866
32.3600,0.847978
32.3800,0.848236
32.4000,0.853560
32.4200,0.864645
32.4400,0.864443
32.4600,0.822144
32.4800,0.789648
32.5000,0.771072
32.5200,0.765643
32.5400,0.772498
32.5600,0.790196
32.5800,0.814950
32.6000,0.843588
32.6200,0.875785
32.6400,0.889721
32.6600,0.853480
32.6800,0.816247
32.7000,0.779925
32.7200,0.745247
32.7400,0.710987
32.7600,0.673377
32.7800,0.634525
32.8000,0.595142
32.8200,0.558119
32.8400,0.528298
32.8600,0.567939
32.8800,0.622370
32.9000,0.666948
32.9200,0.705308
32.9400,0.737659
32.9600,0.759553
32.9800,0.769719
33.0000,0.767343
33.0200,0.755574
33.0400,0.735460
33.0600,0.700314
33.0800,0.651409
33.1000,0.607709
33.1200,0.568857
33.1400,0.535798
33.1600,0.507805
33.1800,0.486724
33.2000,0.473771
33.2200,0.471693
33.2400,0.483518
33.2600,0.491244
33.2800,0.463259
33.3000,0.444756
33.3200,0.436966
33.3400,0.436999
33.3600,0.442114
33.3800,0.450846
33.4000,0.464032
33.4200,0.478419
33.4400,0.493805
33.4600,0.510077
33.4800,0.569373
33.5000,0.640357
33.5200,0.696125
33.5400,0.737055
33.5600,0.762034
33.5800,0.772982
33.6000,0.772579
33.6200,0.763025
33.6400,0.748461
33.6600,0.732640
33.6800,0.734010
33.7000,0.753069
33.7200,0.769018
33.7400,0.781609
33.7600,0.789689
33.7800,0.790446
33.8000,0.785693
33.8200,0.777404
33.8400,0.767730
33.8600,0.755751
33.8800,0.730771
33.9000,0.678274
33.9200,0.629450
33.9400,0.585822
33.9600,0.548235
33.9800,0.517118
34.0000,0.492162
34.0200,0.473111
34.0400,0.458804
34.0600,0.447398
34.0800,0.439713
34.1000,0.458410
34.1200,0.487973
34.1400,0.521709
34.1600,0.557604
34.1800,0.596794
34.2000,0.641332
34.2200,0.690655
34.2400,0.746842
34.2600,0.806637
34.2800,0.867899
34.3000,0.918777
34.3200,0.987627
34.3400,1.057284
34.3600,1.132796
34.3800,1.240528
34.4000,1.310795
34.4200,1.362407
34.4400,1.410530
34.4600,1.452219
34.4800,1.486092
34.5000,1.480018
34.5200,1.382007
34.5400,1.291051
34.5600,1.209676
34.5800,1.136105
34.6000,1.067133
34.6200,1.001732
34.6400,0.938183
34.6600,0.876615
34.6800,0.819647
34.7000,0.765377
34.7200,0.715643
34.7400,0.669018
34.7600,0.626083
34.7800,0.585854
34.8000,0.548034
34.8200,0.513484
34.8400,0.480498
34.8600,0.450612
34.8800,0.424690
34.9000,0.409570
34.9200,0.430176
34.9400,0.448792
34.9600,0.458877
34.9800,0.461374
35.0000,0.458692
35.0200,0.455059
35.0400,0.452360
35.0600,0.453375
35.0800,0.458716
35.1000,0.466046
35.1200,0.471967
35.1400,0.477292
35.1600,0.481416
35.1800,0.482874
35.2000,0.481263
35.2200,0.475495
35.2400,0.465982
35.2600,0.453005
35.2800,0.440035
35.3000,0.424617
35.3200,0.395956
35.3400,0.369591
35.3600,0.346069
35.3800,0.324819
35.4000,0.306855
35.4200,0.293097
35.4400,0.284880
35.4600,0.280675
35.4800,0.279435
35.5000,0.280426
35.5200,0.277888
35.5400,0.273224
35.5600,0.267336
35.5800,0.259594
35.6000,0.250742
35.6200,0.240874
35.6400,0.230708
35.6600,0.220929
35.6800,0.210771
35.7000,0.201394
35.7200,0.194161
35.7400,0.188514
35.7600,0.182690
35.7800,0.176535
35.8000,0.170252
35.8200,0.164364
35.8400,0.158870
35.8600,0.153433
35.8800,0.148897
35.9000,0.144813
35.9200,0.139392
35.9400,0.133898
35.9600,0.130442
35.9800,0.129234
36.0000,0.129017
36.0200,0.129822
36.0400,0.136097
36.0600,0.145248
36.0800,0.150976
36.1000,0.157621
36.1200,0.165790
36.1400,0.159192
36.1600,0.147673
36.1800,0.137032
36.2000,0.127696
36.2200,0.119044
36.2400,0.111617
36.2600,0.104971
36.2800,0.098454
36.3000,0.092767
36.3200,0.087934
36.3400,0.082585
36.3600,0.077833
36.3800,0.073628
36.4000,0.069866
36.4200,0.065879
36.4400,0.062423
36.4600,0.059152
36.4800,0.055987
36.5000,0.053401
36.5200,0.051177
36.5400,0.049148
36.5600,0.048882
36.5800,0.049196
36.6000,0.050638
36.6200,0.051596
36.6400,0.052055
36.6600,0.053336
36.6800,0.056381
36.7000,0.058951
36.7200,0.061867
36.7400,0.064574
36.7600,0.068005
36.7800,0.080088
36.8000,0.092083
36.8200,0.103102
36.8400,0.113502
36.8600,0.123781
36.8800,0.133415
36.9000,0.143267
36.9200,0.152716
36.9400,0.161979
36.9600,0.171146
36.9800,0.177832
37.0000,0.182198
37.0200,0.185944
37.0400,0.188320
37.0600,0.188280
37.0800,0.186008
37.1000,0.180055
37.1200,0.171976
37.1400,0.162092
37.1600,0.156759
37.1800,0.167634
37.2000,0.178718
37.2200,0.188538
37.2400,0.196102
37.2600,0.201507
37.2800,0.205615
37.3000,0.208209
37.3200,0.211101
37.3400,0.213244
37.3600,0.215491
37.3800,0.209796
37.4000,0.201467
37.4200,0.193605
37.4400,0.185799
37.4600,0.178026
37.4800,0.170985
37.5000,0.164066
37.5200,0.157936
37.5400,0.152627
37.5600,0.147995
37.5800,0.142864
37.6000,0.137128
37.6200,0.131498
37.6400,0.125843
37.6600,0.121356
37.6800,0.117651
37.7000,0.114702
37.7200,0.112761
37.7400,0.111778
37.7600,0.110401
37.7800,0.108886
37.8000,0.109039
37.8200,0.108644
37.8400,0.107944
37.8600,0.107356
37.8800,0.106929
37.9000,0.106582
37.9200,0.106977
37.9400,0.107058
37.9600,0.107622
37.9800,0.109853
38.0000,0.115814
38.0200,0.119415
38.0400,0.121445
38.0600,0.120824
38.0800,0.118279
38.1000,0.114767
38.1200,0.111367
38.1400,0.109998
38.1600,0.111029
38.1800,0.115234
38.2000,0.122677
38.2200,0.131272
38.2400,0.139948
38.2600,0.149622
38.2800,0.159788
38.3000,0.170019
38.3200,0.178968
38.3400,0.185871
38.3600,0.189706
38.3800,0.190745
38.4000,0.199646
38.4200,0.207919
38.4400,0.210875
38.4600,0.211254
38.4800,0.209740
38.5000,0.207081
38.5200,0.203650
38.5400,0.200589
38.5600,0.198132
38.5800,0.196497
38.6000,0.191188
38.6200,0.178340
38.6400,0.166659
38.6600,0.155446
38.6800,0.144644
38.7000,0.134253
38.7200,0.124973
38.7400,0.116724
38.7600,0.109434
38.7800,0.103819
38.8000,0.099413
38.8200,0.094773
38.8400,0.091736
38.8600,0.089497
38.8800,0.088965
38.9000,0.089199
38.9200,0.089876
38.9400,0.091495
38.9600,0.093090
38.9800,0.095200
39.0000,0.098036
39.0200,0.108403
39.0400,0.118907
39.0600,0.126890
39.0800,0.132086
39.1000,0.134639
39.1200,0.134905
39.1400,0.133536
39.1600,0.131063
39.1800,0.127591
39.2000,0.124683
39.2200,0.122427
39.2400,0.122798
39.2600,0.126584
39.2800,0.133939
39.3000,0.143581
39.3200,0.153433
39.3400,0.161778
39.3600,0.168875
39.3800,0.177518
39.4000,0.182182
39.4200,0.182609
39.4400,0.176713
39.4600,0.171928
39.4800,0.169503
39.5000,0.070663
39.5200,0.096143
39.5400,0.119559
39.5600,0.141535
39.5800,0.162720
39.6000,0.182577
39.6200,0.201233
39.6400,0.218568
39.6600,0.235283
39.6800,0.250057
39.7000,0.256678
39.7200,0.261399
39.7400,0.265902
39.7600,0.270252
39.7800,0.274521
39.8000,0.278396
39.8200,0.283285
39.8400,0.288449
39.8600,0.294515
39.8800,0.300830
39.9000,0.301708
39.9200,0.301200
39.9400,0.302683
39.9600,0.305784
39.9800,0.310851
40.0000,0.315773
40.0200,0.321065
40.0400,0.325923
40.0600,0.329999
40.0800,0.333559
40.1000,0.335742
40.1200,0.336056
40.1400,0.334767
40.1600,0.331940
40.1800,0.327832
40.2000,0.321919
40.2200,0.314073
40.2400,0.304165
40.2600,0.292227
40.2800,0.278895
40.3000,0.271105
40.3200,0.270485
40.3400,0.266611
40.3600,0.258112
40.3800,0.248003
40.4000,0.237909
40.4200,0.228710
40.4400,0.220034
40.4600,0.211818
40.4800,0.203819
40.5000,0.198776
40.5200,0.208032
40.5400,0.217682
40.5600,0.229097
40.5800,0.233358
40.6000,0.233809
40.6200,0.233060
40.6400,0.231964
40.6600,0.230885
40.6800,0.230619
40.7000,0.230257
40.7200,0.231014
40.7400,0.230796
40.7600,0.227808
40.7800,0.221992
40.8000,0.212527
40.8200,0.200154
40.8400,0.186685
40.8600,0.172935
40.8800,0.160352
40.9000,0.149131
40.9200,0.138296
40.9400,0.128799
40.9600,0.119447
40.9800,0.111416
41.0000,0.103666
41.0200,0.097979
41.0400,0.096320
41.0600,0.100275
41.0800,0.110634
41.1000,0.125682
41.1200,0.137789
41.1400,0.152272
41.1600,0.169431
41.1800,0.187853
41.2000,0.206993
41.2200,0.228791
41.2400,0.254012
41.2600,0.283624
41.2800,0.318213
41.3000,0.359103
41.3200,0.384952
41.3400,0.403037
41.3600,0.422612
41.3800,0.441316
41.4000,0.460810
41.4200,0.481988
41.4400,0.505663
41.4600,0.531633
41.4800,0.558748
41.5000,0.585895
41.5200,0.566844
41.5400,0.526510
41.5600,0.495062
41.5800,0.471943
41.6000,0.456307
41.6200,0.445940
41.6400,0.439616
41.6600,0.436620
41.6800,0.435710
41.7000,0.435991
41.7200,0.428347
41.7400,0.414137
41.7600,0.397221
41.7800,0.378420
41.8000,0.358321
41.8200,0.338199
41.8400,0.320002
41.8600,0.305035
41.8800,0.294490
41.9000,0.289142
41.9200,0.284429
41.9400,0.274022
41.9600,0.262760
41.9800,0.250991
42.0000,0.238062
42.0200,0.225480
42.0400,0.212414
42.0600,0.198768
42.0800,0.185154
42.1000,0.172306
42.1200,0.165540
42.1400,0.177864
42.1600,0.193266
42.1800,0.213276
42.2000,0.239359
42.2200,0.276664
42.2400,0.330393
42.2600,0.401917
42.2800,0.492621
42.3000,0.599033
42.3200,0.694618
42.3400,0.732978
42.3600,0.774593
42.3800,0.823650
42.4000,0.891525
42.4200,0.937764
42.4400,0.997205
42.4600,1.036057
42.4800,1.070148
42.5000,1.107950
42.5200,1.189883
42.5400,1.406101
42.5600,1.607770
42.5800,1.796485
42.6000,1.974998
42.6200,2.140636
42.6400,2.291605
42.6600,2.428913
42.6800,2.551890
42.7000,2.664749
42.7200,2.768941
42.7400,2.770875
42.7600,2.739199
42.7800,2.730193
42.8000,2.742502
42.8200,2.772752
42.8400,2.816019
42.8600,2.867913
42.8800,2.928227
42.9000,2.993389
42.9200,3.060597
42.9400,3.121838
42.9600,3.229043
42.9800,3.356501
43.0000,3.406707
43.0200,3.448797
43.0400,3.487899
43.0600,3.522088
43.0800,3.552064
43.1000,3.580042
43.1200,3.600000
43.1400,3.600000
43.1600,3.600000
43.1800,3.600000
43.2000,3.600000
43.2200,3.600000
43.2400,3.600000
43.2600,3.600000
43.2800,3.600000
43.3000,3.600000
43.3200,3.600000
43.3400,3.600000
43.3600,3.600000
43.3800,3.600000
43.4000,3.600000
43.4200,3.600000
43.4400,3.600000
43.4600,3.600000
43.4800,3.600000
43.5000,3.600000
43.5200,3.600000
43.5400,3.600000
43.5600,3.600000
43.5800,3.600000
43.6000,3.600000
43.6200,3.600000
43.6400,3.600000
43.6600,3.600000
43.6800,3.600000
43.7000,3.600000
43.7200,3.600000
43.7400,3.600000
43.7600,3.600000
43.7800,3.600000
43.8000,3.600000
43.8200,3.600000
43.8400,3.600000
43.8600,3.600000
43.8800,3.600000
43.9000,3.600000
43.9200,3.600000
43.9400,3.600000
43.9600,3.600000
43.9800,3.600000
44.0000,3.600000
44.0200,3.600000
44.0400,3.600000
44.0600,3.600000
44.0800,3.600000
44.1000,3.600000
44.1200,3.600000
44.1400,3.600000
44.1600,3.600000
44.1800,3.600000
44.2000,3.600000
44.2200,3.600000
44.2400,3.600000
44.2600,3.600000
44.2800,3.600000
44.3000,3.600000
44.3200,3.600000
44.3400,3.600000
44.3600,3.600000
44.3800,3.600000
44.4000,3.600000
44.4200,3.600000
44.4400,3.600000
44.4600,3.600000
44.4800,3.600000
44.5000,3.600000
44.5200,3.600000
44.5400,3.600000
44.5600,3.600000
44.5800,3.600000
44.6000,3.600000
44.6200,3.600000
44.6400,3.600000
44.6600,3.600000
44.6800,3.600000
44.7000,3.600000
44.7200,3.600000
44.7400,3.600000
44.7600,3.600000
44.7800,3.600000
44.8000,3.600000
44.8200,3.600000
44.8400,3.600000
44.8600,3.600000
44.8800,3.600000
44.9000,3.600000
44.9200,3.600000
44.9400,3.600000
44.9600,3.600000
44.9800,3.451931
45.0000,3.304396
45.0200,3.172347
45.0400,3.054718
45.0600,2.947681
45.0800,2.850578
45.1000,2.761442
45.1200,2.677148
45.1400,2.595810
45.1600,2.519998
45.1800,2.504274
45.2000,2.503967
45.2200,2.497806
45.2400,2.486012
45.2600,2.469643
45.2800,2.450920
45.3000,2.428929
45.3200,2.404497
45.3400,2.377325
45.3600,2.346658
45.3800,2.300249
45.4000,2.239768
45.4200,2.180695
45.4400,2.123686
45.4600,2.066194
45.4800,2.006954
45.5000,1.947486
45.5200,1.888135
45.5400,1.828950
45.5600,1.769059
45.5800,1.680954
45.6000,1.576788
45.6200,1.480904
45.6400,1.392172
45.6600,1.309902
45.6800,1.234277
45.7000,1.165524
45.7200,1.104068
45.7400,1.050338
45.7600,1.004890
45.7800,1.023635
45.8000,1.079692
45.8200,1.129805
45.8400,1.176164
45.8600,1.219117
45.8800,1.260949
45.9000,1.302442
45.9200,1.346507
45.9400,1.393566
45.9600,1.440119
45.9800,1.436035
46.0000,1.402636
46.0200,1.373492
46.0400,1.363818
46.0600,1.341711
46.0800,1.309176
46.1000,1.277398
46.1200,1.245136
46.1400,1.212083
46.1600,1.183407
46.1800,1.267312
46.2000,1.369069
46.2200,1.454909
46.2400,1.530953
46.2600,1.599650
46.2800,1.665222
46.3000,1.725581
46.3200,1.782494
46.3400,1.838085
46.3600,1.893886
46.3800,1.894378
46.4000,1.862486
46.4200,1.840518
46.4400,1.827040
46.4600,1.823255
46.4800,1.830223
46.5000,1.847220
46.5200,1.875463
46.5400,1.912092
46.5600,1.953682
46.5800,1.973088
46.6000,1.948526
46.6200,1.945851
46.6400,1.962512
46.6600,1.988458
46.6800,2.019126
46.7000,2.052645
46.7200,2.082741
46.7400,2.114285
46.7600,2.183395
46.7800,2.248170
46.8000,2.378944
46.8200,2.477126
46.8400,2.528344
46.8600,2.573817
46.8800,2.637014
46.9000,2.741214
46.9200,2.783530
46.9400,2.802437
46.9600,2.822592
46.9800,2.829706
47.0000,2.752089
47.0200,2.675641
47.0400,2.615192
47.0600,2.566149
47.0800,2.525629
47.1000,2.491005
47.1200,2.461047
47.1400,2.435672
47.1600,2.415476
47.1800,2.396827
47.2000,2.365136
47.2200,2.328491
47.2400,2.294022
47.2600,2.258561
47.2800,2.222762
47.3000,2.185722
47.3200,2.149722
47.3400,2.114609
47.3600,2.082708
47.3800,2.045839
47.4000,1.936636
47.4200,1.823938
47.4400,1.725114
47.4600,1.636745
47.4800,1.557156
47.5000,1.484713
47.5200,1.418554
47.5400,1.357590
47.5600,1.300895
47.5800,1.253054
47.6000,1.305729
47.6200,1.377190
47.6400,1.432692
47.6600,1.473227
47.6800,1.502420
47.7000,1.522099
47.7200,1.532298
47.7400,1.533980
47.7600,1.526432
47.7800,1.510467
47.8000,1.480314
47.8200,1.440748
47.8400,1.406245
47.8600,1.360305
47.8800,1.299228
47.9000,1.237007
47.9200,1.175133
47.9400,1.113670
47.9600,1.051966
47.9800,0.991453
48.0000,0.938142
48.0200,0.894353
48.0400,0.859859
48.0600,0.832519
48.0800,0.812107
48.1000,0.799041
48.1200,0.793362
48.1400,0.794296
48.1600,0.802787
48.1800,0.817859
48.2000,0.795158
48.2200,0.764894
48.2400,0.750298
48.2600,0.747623
48.2800,0.754293
48.3000,0.769606
48.3200,0.792830
48.3400,0.822579
48.3600,0.856734
48.3800,0.893563
48.4000,0.962905
48.4200,1.039053
48.4400,1.104335
48.4600,1.159885
48.4800,1.205987
48.5000,1.242703
48.5200,1.269818
48.5400,1.288731
48.5600,1.299293
48.5800,1.302176
48.6000,1.278800
48.6200,1.240295
48.6400,1.202361
48.6600,1.165056
48.6800,1.128799
48.7000,1.093935
48.7200,1.061559
48.7400,1.033101
48.7600,1.019067
48.7800,1.002666
48.8000,0.986604
48.8200,0.984904
48.8400,0.981698
48.8600,0.974545
48.8800,0.963581
48.9000,0.947978
48.9200,0.929660
48.9400,0.909924
48.9600,0.889697
48.9800,0.869518
49.0000,0.864507
49.0200,0.900032
49.0400,0.948026
49.0600,0.989802
49.0800,1.002546
49.1000,1.009602
49.1200,1.013259
49.1400,1.014516
49.1600,1.016980
49.1800,1.037055
49.2000,1.047600
49.2200,1.066304
49.2400,1.084501
49.2600,1.099702
49.2800,1.113050
49.3000,1.125463
49.3200,1.135477
49.3400,1.144530
49.3600,1.151395
49.3800,1.156316
49.4000,1.159482
49.4200,1.154109
49.4400,1.145868
49.4600,1.135050
49.4800,1.121186
49.5000,1.104816
49.5200,1.084591
49.5400,1.060560
49.5600,1.032237
49.5800,1.000604
49.6000,0.966473
49.6200,1.002795
49.6400,1.076381
49.6600,1.146352
49.6800,1.211552
49.7000,1.271220
49.7200,1.326191
49.7400,1.373734
49.7600,1.413615
49.7800,1.446821
49.8000,1.472042
49.8200,1.446781
49.8400,1.381433
49.8600,1.325724
49.8800,1.278252
49.9000,1.238328
49.9200,1.205640
49.9400,1.179894
49.9600,1.160078
49.9800,1.145369
50.0000,1.134276
50.0200,1.126978
50.0400,1.121904
50.0600,1.116846
50.0800,1.110601
50.1000,1.103956
50.1200,1.095851
50.1400,1.086637
50.1600,1.075945
50.1800,1.063711
50.2000,1.050749
50.2200,1.018303
50.2400,0.972910
50.2600,0.927920
50.2800,0.882745
50.3000,0.837691
50.3200,0.792709
50.3400,0.748848
50.3600,0.706976
50.3800,0.667641
50.4000,0.629652
50.4200,0.612655
50.4400,0.634912
50.4600,0.645497
50.4800,0.642830
50.5000,0.628306
50.5200,0.604124
50.5400,0.575350
50.5600,0.544200
50.5800,0.513895
50.6000,0.485130
50.6200,0.474891
50.6400,0.517037
50.6600,0.558716
50.6800,0.597317
50.7000,0.633599
50.7200,0.666546
50.7400,0.695803
50.7600,0.720098
50.7800,0.740091
50.8000,0.755679
50.8200,0.762840
50.8400,0.744739
50.8600,0.723997
50.8800,0.705461
50.9000,0.688617
50.9200,0.675036
50.9400,0.664008
50.9600,0.656452
50.9800,0.652481
51.0000,0.651135
51.0200,0.662179
51.0400,0.809239
51.0600,0.997503
51.0800,1.116628
51.1000,1.212842
51.1200,1.298109
51.1400,1.373299
51.1600,1.438548
51.1800,1.530750
51.2000,1.607487
51.2200,1.641554
51.2400,1.673584
51.2600,1.701358
51.2800,1.723519
51.3000,1.742691
51.3200,1.757634
51.3400,1.768155
51.3600,1.776743
51.3800,1.783010
51.4000,1.787464
51.4200,1.784127
51.4400,1.740967
51.4600,1.696686
51.4800,1.657038
51.5000,1.623817
51.5200,1.594108
51.5400,1.568595
51.5600,1.546313
51.5800,1.527068
51.6000,1.510917
51.6200,1.495733
51.6400,1.458461
51.6600,1.421430
51.6800,1.389352
51.7000,1.361239
51.7200,1.337411
51.7400,1.320076
51.7600,1.323846
51.7800,1.315775
51.8000,1.298736
51.8200,1.283416
51.8400,1.295361
51.8600,1.322002
51.8800,1.344781
51.9000,1.363183
51.9200,1.398366
51.9400,1.434956
51.9600,1.438750
51.9800,1.438918
52.0000,1.437146
52.0200,1.433375
52.0400,1.402338
52.0600,1.343276
52.0800,1.290310
52.1000,1.242937
52.1200,1.199646
52.1400,1.159183
52.1600,1.122339
52.1800,1.087418
52.2000,1.054777
52.2200,1.023828
52.2400,0.993443
52.2600,0.963372
52.2800,0.934904
52.3000,0.908377
52.3200,0.882971
52.3400,0.858716
52.3600,0.836378
52.3800,0.815635
52.4000,0.796310
52.4200,0.777847
52.4400,0.760617
52.4600,0.746117
52.4800,0.727742
52.5000,0.708337
52.5200,0.688102
52.5400,0.667456
52.5600,0.646077
52.5800,0.624480
52.6000,0.603842
52.6200,0.582455
52.6400,0.559811
52.6600,0.526373
52.6800,0.494143
52.7000,0.464822
52.7200,0.437643
52.7400,0.412502
52.7600,0.389254
52.7800,0.367794
52.8000,0.347044
52.8200,0.327985
52.8400,0.314009
52.8600,0.321484
52.8800,0.329733
52.9000,0.337418
52.9200,0.343548
52.9400,0.349718
52.9600,0.354793
52.9800,0.359949
53.0000,0.364081
53.0200,0.367786
53.0400,0.369969
53.0600,0.362268
53.0800,0.353464
53.1000,0.346649
53.1200,0.340567
53.1400,0.335766
53.1600,0.331312
53.1800,0.328081
53.2000,0.325310
53.2200,0.323192
53.2400,0.321138
53.2600,0.305011
53.2800,0.285009
53.3000,0.267811
53.3200,0.251829
53.3400,0.237442
53.3600,0.223724
53.3800,0.211633
53.4000,0.199590
53.4200,0.188506
53.4400,0.178026
53.4600,0.186258
53.4800,0.213421
53.5000,0.239665
53.5200,0.266667
53.5400,0.294482
53.5600,0.323232
53.5800,0.354173
53.6000,0.387192
53.6200,0.422257
53.6400,0.459723
53.6600,0.495859
53.6800,0.526478
53.7000,0.555920
53.7200,0.585290
53.7400,0.613202
53.7600,0.639640
53.7800,0.664677
53.8000,0.686660
53.8200,0.704204
53.8400,0.716892
53.8600,0.724085
53.8800,0.724424
53.9000,0.718406
53.9200,0.704712
53.9400,0.684332
53.9600,0.659497
53.9800,0.631996
54.0000,0.603713
54.0200,0.575729
54.0400,0.549750
54.0600,0.524569
54.0800,0.489963
54.1000,0.456267
54.1200,0.425302
54.1400,0.397543
54.1600,0.378540
54.1800,0.370557
54.2000,0.375431
54.2200,0.393346
54.2400,0.421983
54.2600,0.457918
54.2800,0.484791
54.3000,0.519437
54.3200,0.564934
54.3400,0.619534
54.3600,0.682463
54.3800,0.751248
54.4000,0.823836
54.4200,0.898606
54.4400,0.974271
54.4600,1.051443
54.4800,1.151483
54.5000,1.252611
54.5200,1.346466
54.5400,1.435889
54.5600,1.561040
54.5800,1.661846
54.6000,1.766680
54.6200,1.855502
54.6400,1.902907
54.6600,1.953006
54.6800,1.980209
54.7000,1.985919
54.7200,1.957798
54.7400,1.926133
54.7600,1.893933
54.7800,1.862702
54.8000,1.830537
54.8200,1.797494
54.8400,1.763097
54.8600,1.729826
54.8800,1.768404
54.9000,1.833428
54.9200,1.890018
54.9400,1.940294
54.9600,1.987267
54.9800,2.028599
55.0000,2.066477
55.0200,2.101428
55.0400,2.132129
55.0600,2.158470
55.0800,2.190910
55.1000,2.228320
55.1200,2.259060
55.1400,2.284556
55.1600,2.303246
55.1800,2.318382
55.2000,2.328604
55.2200,2.332020
55.2400,2.328998
55.2600,2.316457
55.2800,2.305333
55.3000,2.305146
55.3200,2.303447
55.3400,2.302037
55.3600,2.301949
55.3800,2.300611
55.4000,2.301160
55.4200,2.302504
55.4400,2.304607
55.4600,2.306009
55.4800,2.315998
55.5000,2.339625
55.5200,2.353731
55.5400,2.362301
55.5600,2.366370
55.5800,2.365097
55.6000,2.361496
55.6200,2.351992
55.6400,2.340994
55.6600,2.327736
55.6800,2.302811
55.7000,2.215085
55.7200,2.136858
55.7400,2.076579
55.7600,2.030556
55.7800,1.997617
55.8000,1.974031
55.8200,1.958426
55.8400,1.949703
55.8600,1.946771
55.8800,1.947334
55.9000,1.959619
55.9200,1.969785
55.9400,1.976955
55.9600,1.979379
55.9800,1.977672
56.0000,1.970518
56.0200,1.960118
56.0400,1.947263
56.0600,1.932551
56.0800,1.917183
56.1000,1.912647
56.1200,1.949790
56.1400,1.983994
56.1600,2.010410
56.1800,2.029711
56.2000,2.043050
56.2200,2.054087
56.2400,2.062932
56.2600,2.069409
56.2800,2.074112
56.3000,2.073050
56.3200,2.026633
56.3400,1.967819
56.3600,1.912438
56.3800,1.860940
56.4000,1.811575
56.4200,1.763974
56.4400,1.718525
56.4600,1.676322
56.4800,1.636601
56.5000,1.600036
56.5200,1.549762
56.5400,1.492222
56.5600,1.432031
56.5800,1.369505
56.6000,1.304884
56.6200,1.238225
56.6400,1.171887
56.6600,1.106493
56.6800,1.043628
56.7000,0.986056
56.7200,0.963565
56.7400,0.966997
56.7600,0.986395
56.7800,1.021114
56.8000,1.070286
56.8200,1.130885
56.8400,1.201950
56.8600,1.278855
56.8800,1.361739
56.9000,1.449180
56.9200,1.561861
56.9400,1.717623
56.9600,1.868680
56.9800,2.016442
57.0000,2.160920
57.0200,2.301102
57.0400,2.435084
57.0600,2.554953
57.0800,2.665516
57.1000,2.763231
57.1200,2.805715
57.1400,2.763995
57.1600,2.719190
57.1800,2.670051
57.2000,2.618341
57.2200,2.564827
57.2400,2.508284
57.2600,2.447119
57.2800,2.380845
57.3000,2.308924
57.3200,2.227734
57.3400,2.125361
57.3600,2.029219
57.3800,1.942349
57.4000,1.865078
57.4200,1.798702
57.4400,1.743827
57.4600,1.700440
57.4800,1.668072
57.5000,1.645228
57.5200,1.653057
57.5400,1.731349
57.5600,1.802770
57.5800,1.865200
57.6000,1.918415
57.6200,1.962198
57.6400,1.999301
57.6600,2.031853
57.6800,2.059500
57.7000,2.081766
57.7200,2.078551
57.7400,2.027722
57.7600,1.987354
57.7800,1.957202
57.8000,1.933979
57.8200,1.918270
57.8400,1.905849
57.8600,1.898260
57.8800,1.894603
57.9000,1.892967
57.9200,1.900097
57.9400,1.914717
57.9600,1.926366
57.9800,1.936550
58.0000,1.945998
58.0200,1.953176
58.0400,1.959716
58.0600,1.966097
58.0800,1.972893
58.1000,1.980837
58.1200,1.977649
58.1400,1.898244
58.1600,1.806732
58.1800,1.714352
58.2000,1.619466
58.2200,1.526498
58.2400,1.434722
58.2600,1.346948
58.2800,1.265741
58.3000,1.195988
58.3200,1.151595
58.3400,1.174327
58.3600,1.218544
58.3800,1.276914
58.4000,1.350968
58.4200,1.440683
58.4400,1.543929
58.4600,1.658398
58.4800,1.782308
58.5000,1.912671
58.5200,2.022218
58.5400,2.007437
58.5600,2.002958
58.5800,2.020568
58.6000,2.050815
58.6200,2.088475
58.6400,2.133080
58.6600,2.181027
58.6800,2.229715
58.7000,2.274985
58.7200,2.314008
58.7400,2.347849
58.7600,2.376311
58.7800,2.394839
58.8000,2.403981
58.8200,2.402175
58.8400,2.387386
58.8600,2.362004
58.8800,2.326494
58.9000,2.282092
58.9200,2.221772
58.9400,2.075194
58.9600,1.921758
58.9800,1.782888
59.0000,1.657352
59.0200,1.543721
59.0400,1.440119
59.0600,1.344912
59.0800,1.258822
59.1000,1.189102
59.1200,1.142387
59.1400,1.099089
59.1600,1.053254
59.1800,1.014741
59.2000,0.986411
59.2200,0.970114
59.2400,0.965789
59.2600,0.972217
59.2800,0.986789
59.3000,1.007033
59.3200,1.029597
59.3400,1.102908
59.3600,1.192308
59.3800,1.265161
59.4000,1.320705
59.4200,1.358057
59.4400,1.375545
59.4600,1.371058
59.4800,1.344734
59.5000,1.298706
59.5200,1.236210
59.5400,1.158162
59.5600,1.077461
59.5800,1.002144
59.6000,0.934397
59.6200,0.875535
59.6400,0.821934
59.6600,0.772361
59.6800,0.726381
59.7000,0.685435
59.7200,0.656283
59.7400,0.704873
59.7600,0.776486
59.7800,0.876599
59.8000,0.965603
59.8200,1.017473
59.8400,1.061810
59.8600,1.102859
59.8800,1.140029
59.9000,1.172217
59.9200,1.198189
59.9400,1.172459
59.9600,1.105906
59.9800,1.051225
60.0000,1.006009
60.0200,0.968777
60.0400,0.937127
60.0600,0.910295
60.0800,0.887433
60.1000,0.865933
60.1200,0.845650
60.1400,0.831134
60.1600,0.829950
60.1800,0.829772
60.2000,0.830369
60.2200,0.831037
60.2400,0.832334
60.2600,0.832834
60.2800,0.834573
60.3000,0.836370
60.3200,0.838094
60.3400,0.836950
60.3600,0.792395
60.3800,0.745996
60.4000,0.705799
60.4200,0.671040
60.4400,0.641880
60.4600,0.618680
60.4800,0.599758
60.5000,0.585766
60.5200,0.576728
60.5400,0.579684
60.5600,0.625994
60.5800,0.671532
60.6000,0.729764
60.6200,0.788053
60.6400,0.833583
60.6600,0.851571
60.6800,0.879636
60.7000,0.899589
60.7200,0.901683
60.7400,0.885121
60.7600,0.827960
60.7800,0.767617
60.8000,0.713017
60.8200,0.663758
60.8400,0.622490
60.8600,0.591517
60.8800,0.572958
60.9000,0.566787
60.9200,0.572974
60.9400,0.592234
60.9600,0.610939
60.9800,0.633695
61.0000,0.668277
61.0200,0.712824
61.0400,0.763090
61.0600,0.815055
61.0800,0.866997
61.1000,0.918036
61.1200,0.966642
61.1400,1.011761
61.1600,1.097109
61.1800,1.268666
61.2000,1.480791
61.2200,1.639083
61.2400,1.751406
61.2600,1.854881
61.2800,1.949163
61.3000,2.035688
61.3200,2.112724
61.3400,2.182574
61.3600,2.244593
61.3800,2.297454
61.4000,2.343138
61.4200,2.384294
61.4400,2.422573
61.4600,2.459958
61.4800,2.494752
61.5000,2.526981
61.5200,2.557319
61.5400,2.582654
61.5600,2.603173
61.5800,2.569855
61.6000,2.510460
61.6200,2.460677
61.6400,2.417894
61.6600,2.380409
61.6800,2.348260
61.7000,2.319752
61.7200,2.294071
61.7400,2.270661
61.7600,2.248701
61.7800,2.208808
61.8000,2.149714
61.8200,2.100140
61.8400,2.056906
61.8600,2.019512
61.8800,1.986098
61.9000,1.955503
61.9200,1.926769
61.9400,1.900000
61.9600,1.874818
61.9800,1.835652
62.0000,1.748910
62.0200,1.663016
62.0400,1.581927
62.0600,1.505046
62.0800,1.433007
62.1000,1.366330
62.1200,1.306882
62.1400,1.255713
62.1600,1.213607
62.1800,1.199630
62.2000,1.242131
62.2200,1.303136
62.2400,1.357654
62.2600,1.373678
62.2800,1.383037
62.3000,1.386806
62.3200,1.385913
62.3400,1.380307
62.3600,1.370052
62.3800,1.353489
62.4000,1.334270
62.4200,1.315484
62.4400,1.297544
62.4600,1.282385
62.4800,1.270131
62.5000,1.260924
62.5200,1.255382
62.5400,1.251718
62.5600,1.246876
62.5800,1.226778
62.6000,1.146143
62.6200,1.071444
62.6400,1.003963
62.6600,0.941026
62.6800,0.883156
62.7000,0.829217
62.7200,0.778959
62.7400,0.731504
62.7600,0.687498
62.7800,0.652046
62.8000,0.664620
62.8200,0.679780
62.8400,0.685967
62.8600,0.684735
62.8800,0.677920
62.9000,0.667754
62.9200,0.656774
62.9400,0.647438
62.9600,0.641445
62.9800,0.638867
63.0000,0.690615
63.0200,0.773078
63.0400,0.853681
63.0600,0.932294
63.0800,1.007612
63.1000,1.079009
63.1200,1.149204
63.1400,1.217330
63.1600,1.284568
63.1800,1.346571
63.2000,1.296216
63.2200,1.204207
63.2400,1.124046
63.2600,1.053447
63.2800,0.992709
63.3000,0.941171
63.3200,0.893781
63.3400,0.853512
63.3600,0.820396
63.3800,0.794296
63.4000,0.815877
63.4200,0.907862
63.4400,0.956017
63.4600,0.986072
63.4800,1.006565
63.5000,1.036242
63.5200,1.055623
63.5400,1.052200
63.5600,1.054577
63.5800,1.042701
63.6000,1.048486
63.6200,1.114413
63.6400,1.136532
63.6600,1.135968
63.6800,1.123063
63.7000,1.109263
63.7200,1.086445
63.7400,1.041510
63.7600,0.987917
63.7800,0.929297
63.8000,0.903762
63.8200,0.946149
63.8400,0.989045
63.8600,1.032608
63.8800,1.073949
63.9000,1.111803
63.9200,1.144129
63.9400,1.169453
63.9600,1.186492
63.9800,1.203167
64.0000,1.227148
64.0200,1.244757
64.0400,1.236782
64.0600,1.217361
64.0800,1.185951
64.1000,1.142929
64.1200,1.089414
64.1400,1.028516
64.1600,0.963469
64.1800,0.898719
64.2000,0.846971
64.2200,0.868100
64.2400,0.903641
64.2600,0.940688
64.2800,0.977187
64.3000,1.009635
64.3200,1.035751
64.3400,1.052636
64.3600,1.060900
64.3800,1.059893
64.4000,1.048390
64.4200,1.006629
64.4400,0.948034
64.4600,0.890349
64.4800,0.834920
64.5000,0.783164
64.5200,0.735911
64.5400,0.691928
64.5600,0.651965
64.5800,0.617697
64.6000,0.590212
64.6200,0.586048
64.6400,0.621927
64.6600,0.647188
64.6800,0.660496
64.7000,0.660931
64.7200,0.650531
64.7400,0.630377
64.7600,0.603898
64.7800,0.572442
64.8000,0.539922
64.8200,0.516763
64.8400,0.597784
64.8600,0.696923
64.8800,0.786434
64.9000,0.867907
64.9200,0.942283
64.9400,1.008144
64.9600,1.066933
64.9800,1.118053
65.0000,1.157967
65.0200,1.185589
65.0400,1.199380
65.0600,1.211391
65.0800,1.225884
65.1000,1.241132
65.1200,1.255085
65.1400,1.265459
65.1600,1.270001
65.1800,1.270342
65.2000,1.266668
65.2200,1.274891
65.2400,1.216006
65.2600,1.124795
65.2800,1.043733
65.3000,0.969840
65.3200,0.902843
65.3400,0.840857
65.3600,0.784195
65.3800,0.732640
65.4000,0.687804
65.4200,0.650572
65.4400,0.613106
65.4600,0.573006
65.4800,0.536418
65.5000,0.502827
65.5200,0.472225
65.5400,0.445690
65.5600,0.425487
65.5800,0.412429
65.6000,0.407838
65.6200,0.415603
65.6400,0.424641
65.6600,0.424754
65.6800,0.431537
65.7000,0.445835
65.7200,0.466505
65.7400,0.492283
65.7600,0.521000
65.7800,0.552771
65.8000,0.585669
65.8200,0.621701
65.8400,0.620670
65.8600,0.573570
65.8800,0.532238
65.9000,0.497970
65.9200,0.472185
65.9400,0.456565
65.9600,0.449661
65.9800,0.449710
66.0000,0.455397
66.0200,0.465611
66.0400,0.451667
66.0600,0.419188
66.0800,0.393620
66.1000,0.376446
66.1200,0.365604
66.1400,0.360754
66.1600,0.359578
66.1800,0.362897
66.2000,0.370751
66.2200,0.383454
66.2400,0.412728
66.2600,0.459650
66.2800,0.506581
66.3000,0.554680
66.3200,0.603963
66.3400,0.654406
66.3600,0.704551
66.3800,0.753689
66.4000,0.800862
66.4200,0.846246
66.4400,0.895070
66.4600,0.944780
66.4800,0.984380
66.5000,1.014282
66.5200,1.034244
66.5400,1.045603
66.5600,1.048027
66.5800,1.044192
66.6000,1.035042
66.6200,1.021234
66.6400,1.010915
66.6600,1.030241
66.6800,1.056357
66.7000,1.084671
66.7200,1.113509
66.7400,1.142510
66.7600,1.171437
66.7800,1.197962
66.8000,1.221864
66.8200,1.242139
66.8400,1.253216
66.8600,1.239738
66.8800,1.218254
66.9000,1.195168
66.9200,1.173821
66.9400,1.160971
66.9600,1.160739
66.9800,1.175352
67.0000,1.206460
67.0200,1.251169
67.0400,1.297882
67.0600,1.315041
67.0800,1.332900
67.1000,1.354787
67.1200,1.379348
67.1400,1.405012
67.1600,1.431104
67.1800,1.456584
67.2000,1.480638
67.2200,1.503749
67.2400,1.532547
67.2600,1.614488
67.2800,1.697501
67.3000,1.774664
67.3200,1.846705
67.3400,1.913308
67.3600,1.974062
67.3800,2.028510
67.4000,2.078005
67.4200,2.123420
67.4400,2.168871
67.4600,2.258077
67.4800,2.353400
67.5000,2.440827
67.5200,2.519490
67.5400,2.592805
67.5600,2.657507
67.5800,2.713050
67.6000,2.757550
67.6200,2.794221
67.6400,2.822022
67.6600,2.819514
67.6800,2.788058
67.7000,2.771228
67.7200,2.766348
67.7400,2.770601
67.7600,2.781476
67.7800,2.798771
67.8000,2.816374
67.8200,2.834241
67.8400,2.851697
67.8600,2.846316
67.8800,2.779696
67.9000,2.712326
67.9200,2.650564
67.9400,2.592779
67.9600,2.565246
67.9800,2.532461
68.0000,2.465807
68.0200,2.399872
68.0400,2.333340
68.0600,2.264635
68.0800,2.194140
68.1000,2.120891
68.1200,2.044517
68.1400,1.966152
68.1600,1.886370
68.1800,1.805042
68.2000,1.724131
68.2200,1.644656
68.2400,1.566630
68.2600,1.497773
68.2800,1.476344
68.3000,1.461466
68.3200,1.445806
68.3400,1.430194
68.3600,1.413850
68.3800,1.397528
68.4000,1.380741
68.4200,1.363341
68.4400,1.344459
68.4600,1.323652
68.4800,1.278034
68.5000,1.228921
68.5200,1.186394
68.5400,1.148165
68.5600,1.113373
68.5800,1.083752
68.6000,1.062366
68.6200,1.032069
68.6400,0.998108
68.6600,0.963565
68.6800,0.930755
68.7000,0.907338
68.7200,0.892331
68.7400,0.885226
68.7600,0.884646
68.7800,0.888384
68.8000,0.894538
68.8200,0.900886
68.8400,0.908273
68.8600,0.915708
68.8800,0.923852
68.9000,0.933237
68.9200,0.941993
68.9400,0.951241
68.9600,0.962824
68.9800,0.976188
69.0000,0.991647
69.0200,1.008288
69.0400,1.025254
69.0600,1.041584
69.0800,1.056453
69.1000,1.024062
69.1200,0.979910
69.1400,0.946133
69.1600,0.920300
69.1800,0.901313
69.2000,0.887337
69.2200,0.875592
69.2400,0.866143
69.2600,0.856613
69.2800,0.845617
69.3000,0.809545
69.3200,0.769389
69.3400,0.732326
69.3600,0.698187
69.3800,0.665498
69.4000,0.634847
69.4200,0.605896
69.4400,0.578588
69.4600,0.553383
69.4800,0.530216
69.5000,0.506670
69.5200,0.480747
69.5400,0.454994
69.5600,0.429877
69.5800,0.406001
69.6000,0.383454
69.6200,0.361777
69.6400,0.341663
69.6600,0.323288
69.6800,0.307597
69.7000,0.293910
69.7200,0.281086
69.7400,0.271291
69.7600,0.265725
69.7800,0.264114
69.8000,0.266981
69.8200,0.275174
69.8400,0.286540
69.8600,0.301402
69.8800,0.317537
69.9000,0.334767
69.9200,0.383060
69.9400,0.442452
69.9600,0.500217
69.9800,0.557983
70.0000,0.615393
70.0200,0.671894
70.0400,0.726357
70.0600,0.774915
70.0800,0.816763
70.1000,0.842653
70.1200,0.794353
70.1400,0.735403
70.1600,0.682221
70.1800,0.634042
70.2000,0.589761
70.2200,0.549460
70.2400,0.511881
70.2600,0.478532
70.2800,0.451579
70.3000,0.433873
70.3200,0.450129
70.3400,0.484042
70.3600,0.513170
70.3800,0.537933
70.4000,0.554809
70.4200,0.563807
70.4400,0.565861
70.4600,0.560343
70.4800,0.549436
70.5000,0.535774
70.5200,0.525584
70.5400,0.526953
70.5600,0.537345
70.5800,0.549097
70.6000,0.560947
70.6200,0.580127
70.6400,0.590470
70.6600,0.594756
70.6800,0.600692
70.7000,0.607813
70.7200,0.610512
70.7400,0.598300
70.7600,0.587087
70.7800,0.574166
70.8000,0.563194
70.8200,0.556895
70.8400,0.558184
70.8600,0.567617
70.8800,0.583663
70.9000,0.605429
70.9200,0.632664
70.9400,0.637900
70.9600,0.635186
70.9800,0.636821
71.0000,0.642677
71.0200,0.661108
71.0400,0.679579
71.0600,0.685041
71.0800,0.690808
71.1000,0.697196
71.1200,0.703890
71.1400,0.719937
71.1600,0.739068
71.1800,0.748960
71.2000,0.754720
71.2200,0.763686
71.2400,0.755872
71.2600,0.748171
71.2800,0.736539
71.3000,0.717254
71.3200,0.701442
71.3400,0.677428
71.3600,0.655952
71.3800,0.643281
71.4000,0.644643
71.4200,0.661495
71.4400,0.691944
71.4600,0.732342
71.4800,0.777589
71.5000,0.824359
71.5200,0.868511
71.5400,0.921306
71.5600,0.977364
71.5800,1.021395
71.6000,1.051370
71.6200,1.066078
71.6400,1.066844
71.6600,1.054270
71.6800,1.032463
71.7000,1.004568
71.7200,0.973771
71.7400,0.945940
71.7600,0.921685
71.7800,0.898944
71.8000,0.880022
71.8200,0.864395
71.8400,0.853866
71.8600,0.847978
71.8800,0.848236
71.9000,0.853560
71.9200,0.864645
71.9400,0.864443
71.9600,0.822144
71.9800,0.789648
72.0000,0.771072
72.0200,0.765643
72.0400,0.772498
72.0600,0.790196
72.0800,0.814950
72.1000,0.843588
72.1200,0.875785
72.1400,0.889721
72.1600,0.853480
72.1800,0.816247
72.2000,0.779925
72.2200,0.745247
72.2400,0.710987
72.2600,0.673377
72.2800,0.634525
72.3000,0.595142
72.3200,0.558119
72.3400,0.528298
72.3600,0.567939
72.3800,0.622370
72.4000,0.666948
72.4200,0.705308
72.4400,0.737659
72.4600,0.759553
72.4800,0.769719
72.5000,0.767343
72.5200,0.755574
72.5400,0.735460
72.5600,0.700314
72.5800,0.651409
72.6000,0.607709
72.6200,0.568857
72.6400,0.535798
72.6600,0.507805
72.6800,0.486724
72.7000,0.473771
72.7200,0.471693
72.7400,0.483518
72.7600,0.491244
72.7800,0.463259
72.8000,0.444756
72.8200,0.436966
72.8400,0.436999
72.8600,0.442114
72.8800,0.450846
72.9000,0.464032
72.9200,0.478419
72.9400,0.493805
72.9600,0.510077
72.9800,0.569373
73.0000,0.640357
73.0200,0.696125
73.0400,0.737055
73.0600,0.762034
73.0800,0.772982
73.1000,0.772579
73.1200,0.763025
73.1400,0.748461
73.1600,0.732640
73.1800,0.734010
73.2000,0.753069
73.2200,0.769018
73.2400,0.781609
73.2600,0.789689
73.2800,0.790446
73.3000,0.785693
73.3200,0.777404
73.3400,0.767730
73.3600,0.755751
73.3800,0.730771
73.4000,0.678274
73.4200,0.629450
73.4400,0.585822
73.4600,0.548235
73.4800,0.517118
73.5000,0.492162
73.5200,0.473111
73.5400,0.458804
73.5600,0.447398
73.5800,0.439713
73.6000,0.458410
73.6200,0.487973
73.6400,0.521709
73.6600,0.557604
73.6800,0.596794
73.7000,0.641332
73.7200,0.690655
73.7400,0.746842
73.7600,0.806637
73.7800,0.867899
73.8000,0.918777
73.8200,0.987627
73.8400,1.057284
73.8600,1.132796
73.8800,1.240528
73.9000,1.310795
73.9200,1.362407
73.9400,1.410530
73.9600,1.452219
73.9800,1.486092
74.0000,1.480018
74.0200,1.382007
74.0400,1.291051
74.0600,1.209676
74.0800,1.136105
74.1000,1.067133
74.1200,1.001732
74.1400,0.938183
74.1600,0.876615
74.1800,0.819647
74.2000,0.765377
74.2200,0.715643
74.2400,0.669018
74.2600,0.626083
74.2800,0.585854
74.3000,0.548034
74.3200,0.513484
74.3400,0.480498
74.3600,0.450612
74.3800,0.424690
74.4000,0.409570
74.4200,0.430176
74.4400,0.448792
74.4600,0.458877
74.4800,0.461374
74.5000,0.458692
74.5200,0.455059
74.5400,0.452360
74.5600,0.453375
74.5800,0.458716
74.6000,0.466046
74.6200,0.471967
74.6400,0.477292
74.6600,0.481416
74.6800,0.482874
74.7000,0.481263
74.7200,0.475495
74.7400,0.465982
74.7600,0.453005
74.7800,0.440035
74.8000,0.424617
74.8200,0.395956
74.8400,0.369591
74.8600,0.346069
74.8800,0.324819
74.9000,0.306855
74.9200,0.293097
74.9400,0.284880
74.9600,0.280675
74.9800,0.279435
75.0000,0.280426
75.0200,0.277888
75.0400,0.273224
75.0600,0.267336
75.0800,0.259594
75.1000,0.250742
75.1200,0.240874
75.1400,0.230708
75.1600,0.220929
75.1800,0.210771
75.2000,0.201394
75.2200,0.194161
75.2400,0.188514
75.2600,0.182690
75.2800,0.176535
75.3000,0.170252
75.3200,0.164364
75.3400,0.158870
75.3600,0.153433
75.3800,0.148897
75.4000,0.144813
75.4200,0.139392
75.4400,0.133898
75.4600,0.130442
75.4800,0.129234
75.5000,0.129017
75.5200,0.129822
75.5400,0.136097
75.5600,0.145248
75.5800,0.150976
75.6000,0.157621
75.6200,0.165790
75.6400,0.159192
75.6600,0.147673
75.6800,0.137032
75.7000,0.127696
75.7200,0.119044
75.7400,0.111617
75.7600,0.104971
75.7800,0.098454
75.8000,0.092767
75.8200,0.087934
75.8400,0.082585
75.8600,0.077833
75.8800,0.073628
75.9000,0.069866
75.9200,0.065879
75.9400,0.062423
75.9600,0.059152
75.9800,0.055987
76.0000,0.053401
76.0200,0.051177
76.0400,0.049148
76.0600,0.048882
76.0800,0.049196
76.1000,0.050638
76.1200,0.051596
76.1400,0.052055
76.1600,0.053336
76.1800,0.056381
76.2000,0.058951
76.2200,0.061867
76.2400,0.064574
76.2600,0.068005
76.2800,0.080088
76.3000,0.092083
76.3200,0.103102
76.3400,0.113502
76.3600,0.123781
76.3800,0.133415
76.4000,0.143267
76.4200,0.152716
76.4400,0.161979
76.4600,0.171146
76.4800,0.177832
76.5000,0.182198
76.5200,0.185944
76.5400,0.188320
76.5600,0.188280
76.5800,0.186008
76.6000,0.180055
76.6200,0.171976
76.6400,0.162092
76.6600,0.156759
76.6800,0.167634
76.7000,0.178718
76.7200,0.188538
76.7400,0.196102
76.7600,0.201507
76.7800,0.205615
76.8000,0.208209
76.8200,0.211101
76.8400,0.213244
76.8600,0.215491
76.8800,0.209796
76.9000,0.201467
76.9200,0.193605
76.9400,0.185799
76.9600,0.178026
76.9800,0.170985
77.0000,0.164066
77.0200,0.157936
77.0400,0.152627
77.0600,0.147995
77.0800,0.142864
77.1000,0.137128
77.1200,0.131498
77.1400,0.125843
77.1600,0.121356
77.1800,0.117651
77.2000,0.114702
77.2200,0.112761
77.2400,0.111778
77.2600,0.110401
77.2800,0.108886
77.3000,0.109039
77.3200,0.108644
77.3400,0.107944
77.3600,0.107356
77.3800,0.106929
77.4000,0.106582
77.4200,0.106977
77.4400,0.107058
77.4600,0.107622
77.4800,0.109853
77.5000,0.115814
77.5200,0.119415
77.5400,0.121445
77.5600,0.120824
77.5800,0.118279
77.6000,0.114767
77.6200,0.111367
77.6400,0.109998
77.6600,0.111029
77.6800,0.115234
77.7000,0.122677
77.7200,0.131272
77.7400,0.139948
77.7600,0.149622
77.7800,0.159788
77.8000,0.170019
77.8200,0.178968
77.8400,0.185871
77.8600,0.189706
77.8800,0.190745
77.9000,0.199646
77.9200,0.207919
77.9400,0.210875
77.9600,0.211254
77.9800,0.209740
78.0000,0.207081
78.0200,0.203650
78.0400,0.200589
78.0600,0.198132
78.0800,0.196497
78.1000,0.191188
78.1200,0.178340
78.1400,0.166659
78.1600,0.155446
78.1800,0.144644
78.2000,0.134253
78.2200,0.124973
78.2400,0.116724
78.2600,0.109434
78.2800,0.103819
78.3000,0.099413
78.3200,0.094773
78.3400,0.091736
78.3600,0.089497
78.3800,0.088965
78.4000,0.089199
78.4200,0.089876
78.4400,0.091495
78.4600,0.093090
78.4800,0.095200
78.5000,0.098036
78.5200,0.108403
78.5400,0.118907
78.5600,0.126890
78.5800,0.132086
78.6000,0.134639
78.6200,0.134905
78.6400,0.133536
78.6600,0.131063
78.6800,0.127591
78.7000,0.124683
78.7200,0.122427
78.7400,0.122798
78.7600,0.126584
78.7800,0.133939
78.8000,0.143581
78.8200,0.153433
78.8400,0.161778
78.8600,0.168875
78.8800,0.177518
78.9000,0.182182
78.9200,0.182609
78.9400,0.176713
78.9600,0.171928
78.9800,0.169503
79.0000,0.070663
79.0200,0.096143
79.0400,0.119559
79.0600,0.141535
79.0800,0.162720
79.1000,0.182577
79.1200,0.201233
79.1400,0.218568
79.1600,0.235283
79.1800,0.250057
79.2000,0.256678
79.2200,0.261399
79.2400,0.265902
79.2600,0.270252
79.2800,0.274521
79.3000,0.278396
79.3200,0.283285
79.3400,0.288449
79.3600,0.294515
79.3800,0.300830
79.4000,0.301708
79.4200,0.301200
79.4400,0.302683
79.4600,0.305784
79.4800,0.310851
79.5000,0.315773
79.5200,0.321065
79.5400,0.325923
79.5600,0.329999
79.5800,0.333559
79.6000,0.335742
79.6200,0.336056
79.6400,0.334767
79.6600,0.331940
79.6800,0.327832
79.7000,0.321919
79.7200,0.314073
79.7400,0.304165
79.7600,0.292227
79.7800,0.278895
79.8000,0.271105
79.8200,0.270485
79.8400,0.266611
79.8600,0.258112
79.8800,0.248003
79.9000,0.237909
79.9200,0.228710
79.9400,0.220034
79.9600,0.211818
79.9800,0.203819
80.0000,0.198776
80.0200,0.208032
80.0400,0.217682
80.0600,0.229097
80.0800,0.233358
80.1000,0.233809
80.1200,0.233060
80.1400,0.231964
80.1600,0.230885
80.1800,0.230619
80.2000,0.230257
80.2200,0.231014
80.2400,0.230796
80.2600,0.227808
80.2800,0.221992
80.3000,0.212527
80.3200,0.200154
80.3400,0.186685
80.3600,0.172935
80.3800,0.160352
80.4000,0.149131
80.4200,0.138296
80.4400,0.128799
80.4600,0.119447
80.4800,0.111416
80.5000,0.103666
80.5200,0.097979
80.5400,0.096320
80.5600,0.100275
80.5800,0.110634
80.6000,0.125682
80.6200,0.137789
80.6400,0.152272
80.6600,0.169431
80.6800,0.187853
80.7000,0.206993
80.7200,0.228791
80.7400,0.254012
80.7600,0.283624
80.7800,0.318213
80.8000,0.359103
80.8200,0.384952
80.8400,0.403037
80.8600,0.422612
80.8800,0.441316
80.9000,0.460810
80.9200,0.481988
80.9400,0.505663
80.9600,0.531633
80.9800,0.558748
81.0000,0.585895
81.0200,0.566844
81.0400,0.526510
81.0600,0.495062
81.0800,0.471943
81.1000,0.456307
81.1200,0.445940
81.1400,0.439616
81.1600,0.436620
81.1800,0.435710
81.2000,0.435991
81.2200,0.428347
81.2400,0.414137
81.2600,0.397221
81.2800,0.378420
81.3000,0.358321
81.3200,0.338199
81.3400,0.320002
81.3600,0.305035
81.3800,0.294490
81.4000,0.289142
81.4200,0.284429
81.4400,0.274022
81.4600,0.262760
81.4800,0.250991
81.5000,0.238062
81.5200,0.225480
81.5400,0.212414
81.5600,0.198768
81.5800,0.185154
81.6000,0.172306
81.6200,0.165540
81.6400,0.177864
81.6600,0.193266
81.6800,0.213276
81.7000,0.239359
81.7200,0.276664
81.7400,0.330393
81.7600,0.401917
81.7800,0.492621
81.8000,0.599033
81.8200,0.694618
81.8400,0.732978
81.8600,0.774593
81.8800,0.823650
81.9000,0.891525
81.9200,0.937764
81.9400,0.997205
81.9600,1.036057
81.9800,1.070148
82.0000,1.107950
82.0200,1.189883
82.0400,1.406101
82.0600,1.607770
82.0800,1.796485
82.1000,1.974998
82.1200,2.140636
82.1400,2.291605
82.1600,2.428913
82.1800,2.551890
82.2000,2.664749
82.2200,2.768941
82.2400,2.770875
82.2600,2.739199
82.2800,2.730193
82.3000,2.742502
82.3200,2.772752
82.3400,2.816019
82.3600,2.867913
82.3800,2.928227
82.4000,2.993389
82.4200,3.060597
82.4400,3.121838
82.4600,3.229043
82.4800,3.356501
82.5000,3.406707
82.5200,3.448797
82.5400,3.487899
82.5600,3.522088
82.5800,3.552064
82.6000,3.580042
82.6200,3.600000
82.6400,3.600000
82.6600,3.600000
82.6800,3.600000
82.7000,3.600000
82.7200,3.600000
82.7400,3.600000
82.7600,3.600000
82.7800,3.600000
82.8000,3.600000
82.8200,3.600000
82.8400,3.600000
82.8600,3.600000
82.8800,3.600000
82.9000,3.600000
82.9200,3.600000
82.9400,3.600000
82.9600,3.600000
82.9800,3.600000
83.0000,3.600000
83.0200,3.600000
83.0400,3.600000
83.0600,3.600000
83.0800,3.600000
83.1000,3.600000
83.1200,3.600000
83.1400,3.600000
83.1600,3.600000
83.1800,3.600000
83.2000,3.600000
83.2200,3.600000
83.2400,3.600000
83.2600,3.600000
83.2800,3.600000
83.3000,3.600000
83.3200,3.600000
83.3400,3.600000
83.3600,3.600000
83.3800,3.600000
83.4000,3.600000
83.4200,3.600000
83.4400,3.600000
83.4600,3.600000
83.4800,3.600000
83.5000,3.600000
83.5200,3.600000
83.5400,3.600000
83.5600,3.600000
83.5800,3.600000
83.6000,3.600000
83.6200,3.600000
83.6400,3.600000
83.6600,3.600000
83.6800,3.600000
83.7000,3.600000
83.7200,3.600000
83.7400,3.600000
83.7600,3.600000
83.7800,3.600000
83.8000,3.600000
83.8200,3.600000
83.8400,3.600000
83.8600,3.600000
83.8800,3.600000
83.9000,3.600000
83.9200,3.600000
83.9400,3.600000
83.9600,3.600000
83.9800,3.600000
84.0000,3.600000
84.0200,3.600000
84.0400,3.600000
84.0600,3.600000
84.0800,3.600000
84.1000,3.600000
84.1200,3.600000
84.1400,3.600000
84.1600,3.600000
84.1800,3.600000
84.2000,3.600000
84.2200,3.600000
84.2400,3.600000
84.2600,3.600000
84.2800,3.600000
84.3000,3.600000
84.3200,3.600000
84.3400,3.600000
84.3600,3.600000
84.3800,3.600000
84.4000,3.600000
84.4200,3.600000
84.4400,3.600000
84.4600,3.600000
84.4800,3.451931
84.5000,3.304396
84.5200,3.172347
84.5400,3.054718
84.5600,2.947681
84.5800,2.850578
84.6000,2.761442
84.6200,2.677148
84.6400,2.595810
84.6600,2.519998
84.6800,2.504274
84.7000,2.503967
84.7200,2.497806
84.7400,2.486012
84.7600,2.469643
84.7800,2.450920
84.8000,2.428929
84.8200,2.404497
84.8400,2.377325
84.8600,2.346658
84.8800,2.300249
84.9000,2.239768
84.9200,2.180695
84.9400,2.123686
84.9600,2.066194
84.9800,2.006954
85.0000,1.947486
85.0200,1.888135
85.0400,1.828950
85.0600,1.769059
85.0800,1.680954
85.1000,1.576788
85.1200,1.480904
85.1400,1.392172
85.1600,1.309902
85.1800,1.234277
85.2000,1.165524
85.2200,1.104068
85.2400,1.050338
85.2600,1.004890
85.2800,1.023635
85.3000,1.079692
85.3200,1.129805
85.3400,1.176164
85.3600,1.219117
85.3800,1.260949
85.4000,1.302442
85.4200,1.346507
85.4400,1.393566
85.4600,1.440119
85.4800,1.436035
85.5000,1.402636
85.5200,1.373492
85.5400,1.363818
85.5600,1.341711
85.5800,1.309176
85.6000,1.277398
85.6200,1.245136
85.6400,1.212083
85.6600,1.183407
85.6800,1.267312
85.7000,1.369069
85.7200,1.454909
85.7400,1.530953
85.7600,1.599650
85.7800,1.665222
85.8000,1.725581
85.8200,1.782494
85.8400,1.838085
85.8600,1.893886
85.8800,1.894378
85.9000,1.862486
85.9200,1.840518
85.9400,1.827040
85.9600,1.823255
85.9800,1.830223
86.0000,1.847220
86.0200,1.875463
86.0400,1.912092
86.0600,1.953682
86.0800,1.973088
86.1000,1.948526
86.1200,1.945851
86.1400,1.962512
86.1600,1.988458
86.1800,2.019126
86.2000,2.052645
86.2200,2.082741
86.2400,2.114285
86.2600,2.183395
86.2800,2.248170
86.3000,2.378944
86.3200,2.477126
86.3400,2.528344
86.3600,2.573817
86.3800,2.637014
86.4000,2.741214
86.4200,2.783530
86.4400,2.802437
86.4600,2.822592
86.4800,2.829706
86.5000,2.752089
86.5200,2.675641
86.5400,2.615192
86.5600,2.566149
86.5800,2.525629
86.6000,2.491005
86.6200,2.461047
86.6400,2.435672
86.6600,2.415476
86.6800,2.396827
86.7000,2.365136
86.7200,2.328491
86.7400,2.294022
86.7600,2.258561
86.7800,2.222762
86.8000,2.185722
86.8200,2.149722
86.8400,2.114609
86.8600,2.082708
86.8800,2.045839
86.9000,1.936636
86.9200,1.823938
86.9400,1.725114
86.9600,1.636745
86.9800,1.557156
87.0000,1.484713
87.0200,1.418554
87.0400,1.357590
87.0600,1.300895
87.0800,1.253054
87.1000,1.305729
87.1200,1.377190
87.1400,1.432692
87.1600,1.473227
87.1800,1.502420
87.2000,1.522099
87.2200,1.532298
87.2400,1.533980
87.2600,1.526432
87.2800,1.510467
87.3000,1.480314
87.3200,1.440748
87.3400,1.406245
87.3600,1.360305
87.3800,1.299228
87.4000,1.237007
87.4200,1.175133
87.4400,1.113670
87.4600,1.051966
87.4800,0.991453
87.5000,0.938142
87.5200,0.894353
87.5400,0.859859
87.5600,0.832519
87.5800,0.812107
87.6000,0.799041
87.6200,0.793362
87.6400,0.794296
87.6600,0.802787
87.6800,0.817859
87.7000,0.795158
87.7200,0.764894
87.7400,0.750298
87.7600,0.747623
87.7800,0.754293
87.8000,0.769606
87.8200,0.792830
87.8400,0.822579
87.8600,0.856734
87.8800,0.893563
87.9000,0.962905
87.9200,1.039053
87.9400,1.104335
87.9600,1.159885
87.9800,1.205987
88.0000,1.242703
88.0200,1.269818
88.0400,1.288731
88.0600,1.299293
88.0800,1.302176
88.1000,1.278800
88.1200,1.240295
88.1400,1.202361
88.1600,1.165056
88.1800,1.128799
88.2000,1.093935
88.2200,1.061559
88.2400,1.033101
88.2600,1.019067
88.2800,1.002666
88.3000,0.986604
88.3200,0.984904
88.3400,0.981698
88.3600,0.974545
88.3800,0.963581
88.4000,0.947978
88.4200,0.929660
88.4400,0.909924
88.4600,0.889697
88.4800,0.869518
88.5000,0.864507
88.5200,0.900032
88.5400,0.948026
88.5600,0.989802
88.5800,1.002546
88.6000,1.009602
88.6200,1.013259
88.6400,1.014516
88.6600,1.016980
88.6800,1.037055
88.7000,1.047600
88.7200,1.066304
88.7400,1.084501
88.7600,1.099702
88.7800,1.113050
88.8000,1.125463
88.8200,1.135477
88.8400,1.144530
88.8600,1.151395
88.8800,1.156316
88.9000,1.159482
88.9200,1.154109
88.9400,1.145868
88.9600,1.135050
88.9800,1.121186
89.0000,1.104816
89.0200,1.084591
89.0400,1.060560
89.0600,1.032237
89.0800,1.000604
89.1000,0.966473
89.1200,1.002795
89.1400,1.076381
89.1600,1.146352
89.1800,1.211552
89.2000,1.271220
89.2200,1.326191
89.2400,1.373734
89.2600,1.413615
89.2800,1.446821
89.3000,1.472042
89.3200,1.446781
89.3400,1.381433
89.3600,1.325724
89.3800,1.278252
89.4000,1.238328
89.4200,1.205640
89.4400,1.179894
89.4600,1.160078
89.4800,1.145369
89.5000,1.134276
89.5200,1.126978
89.5400,1.121904
89.5600,1.116846
89.5800,1.110601
89.6000,1.103956
89.6200,1.095851
89.6400,1.086637
89.6600,1.075945
89.6800,1.063711
89.7000,1.050749
89.7200,1.018303
89.7400,0.972910
89.7600,0.927920
89.7800,0.882745
89.8000,0.837691
89.8200,0.792709
89.8400,0.748848
89.8600,0.706976
89.8800,0.667641
89.9000,0.629652
89.9200,0.612655
89.9400,0.634912
89.9600,0.645497
89.9800,0.642830
90.0000,0.628306
90.0200,0.604124
90.0400,0.575350
90.0600,0.544200
90.0800,0.513895
90.1000,0.485130
90.1200,0.474891
90.1400,0.517037
90.1600,0.558716
90.1800,0.597317
90.2000,0.633599
90.2200,0.666546
90.2400,0.695803
90.2600,0.720098
90.2800,0.740091
90.3000,0.755679
90.3200,0.762840
90.3400,0.744739
90.3600,0.723997
90.3800,0.705461
90.4000,0.688617
90.4200,0.675036
90.4400,0.664008
90.4600,0.656452
90.4800,0.652481
90.5000,0.651135
90.5200,0.662179
90.5400,0.809239
90.5600,0.997503
90.5800,1.116628
90.6000,1.212842
90.6200,1.298109
90.6400,1.373299
90.6600,1.438548
90.6800,1.530750
90.7000,1.607487
90.7200,1.641554
90.7400,1.673584
90.7600,1.701358
90.7800,1.723519
90.8000,1.742691
90.8200,1.757634
90.8400,1.768155
90.8600,1.776743
90.8800,1.783010
90.9000,1.787464
90.9200,1.784127
90.9400,1.740967
90.9600,1.696686
90.9800,1.657038
91.0000,1.623817
91.0200,1.594108
91.0400,1.568595
91.0600,1.546313
91.0800,1.527068
91.1000,1.510917
91.1200,1.495733
91.1400,1.458461
91.1600,1.421430
91.1800,1.389352
91.2000,1.361239
91.2200,1.337411
91.2400,1.320076
91.2600,1.323846
91.2800,1.315775
91.3000,1.298736
91.3200,1.283416
91.3400,1.295361
91.3600,1.322002
91.3800,1.344781
91.4000,1.363183
91.4200,1.398366
91.4400,1.434956
91.4600,1.438750
91.4800,1.438918
91.5000,1.437146
91.5200,1.433375
91.5400,1.402338
91.5600,1.343276
91.5800,1.290310
91.6000,1.242937
91.6200,1.199646
91.6400,1.159183
91.6600,1.122339
91.6800,1.087418
91.7000,1.054777
91.7200,1.023828
91.7400,0.993443
91.7600,0.963372
91.7800,0.934904
91.8000,0.908377
91.8200,0.882971
91.8400,0.858716
91.8600,0.836378
91.8800,0.815635
91.9000,0.796310
91.9200,0.777847
91.9400,0.760617
91.9600,0.746117
91.9800,0.727742
92.0000,0.708337
92.0200,0.688102
92.0400,0.667456
92.0600,0.646077
92.0800,0.624480
92.1000,0.603842
92.1200,0.582455
92.1400,0.559811
92.1600,0.526373
92.1800,0.494143
92.2000,0.464822
92.2200,0.437643
92.2400,0.412502
92.2600,0.389254
92.2800,0.367794
92.3000,0.347044
92.3200,0.327985
92.3400,0.314009
92.3600,0.321484
92.3800,0.329733
92.4000,0.337418
92.4200,0.343548
92.4400,0.349718
92.4600,0.354793
92.4800,0.359949
92.5000,0.364081
92.5200,0.367786
92.5400,0.369969
92.5600,0.362268
92.5800,0.353464
92.6000,0.346649
92.6200,0.340567
92.6400,0.335766
92.6600,0.331312
92.6800,0.328081
92.7000,0.325310
92.7200,0.323192
92.7400,0.321138
92.7600,0.305011
92.7800,0.285009
92.8000,0.267811
92.8200,0.251829
92.8400,0.237442
92.8600,0.223724
92.8800,0.211633
92.9000,0.199590
92.9200,0.188506
92.9400,0.178026
92.9600,0.186258
92.9800,0.213421
93.0000,0.239665
93.0200,0.266667
93.0400,0.294482
93.0600,0.323232
93.0800,0.354173
93.1000,0.387192
93.1200,0.422257
93.1400,0.459723
93.1600,0.495859
93.1800,0.526478
93.2000,0.555920
93.2200,0.585290
93.2400,0.613202
93.2600,0.639640
93.2800,0.664677
93.3000,0.686660
93.3200,0.704204
93.3400,0.716892
93.3600,0.724085
93.3800,0.724424
93.4000,0.718406
93.4200,0.704712
93.4400,0.684332
93.4600,0.659497
93.4800,0.631996
93.5000,0.603713
93.5200,0.575729
93.5400,0.549750
93.5600,0.524569
93.5800,0.489963
93.6000,0.456267
93.6200,0.425302
93.6400,0.397543
93.6600,0.378540
93.6800,0.370557
93.7000,0.375431
93.7200,0.393346
93.7400,0.421983
93.7600,0.457918
93.7800,0.484791
93.8000,0.519437
93.8200,0.564934
93.8400,0.619534
93.8600,0.682463
93.8800,0.751248
93.9000,0.823836
93.9200,0.898606
93.9400,0.974271
93.9600,1.051443
93.9800,1.151483
94.0000,1.252611
94.0200,1.346466
94.0400,1.435889
94.0600,1.561040
94.0800,1.661846
94.1000,1.766680
94.1200,1.855502
94.1400,1.902907
94.1600,1.953006
94.1800,1.980209
94.2000,1.985919
94.2200,1.957798
94.2400,1.926133
94.2600,1.893933
94.2800,1.862702
94.3000,1.830537
94.3200,1.797494
94.3400,1.763097
94.3600,1.729826
94.3800,1.768404
94.4000,1.833428
94.4200,1.890018
94.4400,1.940294
94.4600,1.987267
94.4800,2.028599
94.5000,2.066477
94.5200,2.101428
94.5400,2.132129
94.5600,2.158470
94.5800,2.190910
94.6000,2.228320
94.6200,2.259060
94.6400,2.284556
94.6600,2.303246
94.6800,2.318382
94.7000,2.328604
94.7200,2.332020
94.7400,2.328998
94.7600,2.316457
94.7800,2.305333
94.8000,2.305146
94.8200,2.303447
94.8400,2.302037
94.8600,2.301949
94.8800,2.300611
94.9000,2.301160
94.9200,2.302504
94.9400,2.304607
94.9600,2.306009
94.9800,2.315998
95.0000,2.339625
95.0200,2.353731
95.0400,2.362301
95.0600,2.366370
95.0800,2.365097
95.1000,2.361496
95.1200,2.351992
95.1400,2.340994
95.1600,2.327736
95.1800,2.302811
95.2000,2.215085
95.2200,2.136858
95.2400,2.076579
95.2600,2.030556
95.2800,1.997617
95.3000,1.974031
95.3200,1.958426
95.3400,1.949703
95.3600,1.946771
95.3800,1.947334
95.4000,1.959619
95.4200,1.969785
95.4400,1.976955
95.4600,1.979379
95.4800,1.977672
95.5000,1.970518
95.5200,1.960118
95.5400,1.947263
95.5600,1.932551
95.5800,1.917183
95.6000,1.912647
95.6200,1.949790
95.6400,1.983994
95.6600,2.010410
95.6800,2.029711
95.7000,2.043050
95.7200,2.054087
95.7400,2.062932
95.7600,2.069409
95.7800,2.074112
95.8000,2.073050
95.8200,2.026633
95.8400,1.967819
95.8600,1.912438
95.8800,1.860940
95.9000,1.811575
95.9200,1.763974
95.9400,1.718525
95.9600,1.676322
95.9800,1.636601
96.0000,1.600036
96.0200,1.549762
96.0400,1.492222
96.0600,1.432031
96.0800,1.369505
96.1000,1.304884
96.1200,1.238225
96.1400,1.171887
96.1600,1.106493
96.1800,1.043628
96.2000,0.986056
96.2200,0.963565
96.2400,0.966997
96.2600,0.986395
96.2800,1.021114
96.3000,1.070286
96.3200,1.130885
96.3400,1.201950
96.3600,1.278855
96.3800,1.361739
96.4000,1.449180
96.4200,1.561861
96.4400,1.717623
96.4600,1.868680
96.4800,2.016442
96.5000,2.160920
96.5200,2.301102
96.5400,2.435084
96.5600,2.554953
96.5800,2.665516
96.6000,2.763231
96.6200,2.805715
96.6400,2.763995
96.6600,2.719190
96.6800,2.670051
96.7000,2.618341
96.7200,2.564827
96.7400,2.508284
96.7600,2.447119
96.7800,2.380845
96.8000,2.308924
96.8200,2.227734
96.8400,2.125361
96.8600,2.029219
96.8800,1.942349
96.9000,1.865078
96.9200,1.798702
96.9400,1.743827
96.9600,1.700440
96.9800,1.668072
97.0000,1.645228
97.0200,1.653057
97.0400,1.731349
97.0600,1.802770
97.0800,1.865200
97.1000,1.918415
97.1200,1.962198
97.1400,1.999301
97.1600,2.031853
97.1800,2.059500
97.2000,2.081766
97.2200,2.078551
97.2400,2.027722
97.2600,1.987354
97.2800,1.957202
97.3000,1.933979
97.3200,1.918270
97.3400,1.905849
97.3600,1.898260
97.3800,1.894603
97.4000,1.892967
97.4200,1.900097
97.4400,1.914717
97.4600,1.926366
97.4800,1.936550
97.5000,1.945998
97.5200,1.953176
97.5400,1.959716
97.5600,1.966097
97.5800,1.972893
97.6000,1.980837
97.6200,1.977649
97.6400,1.898244
97.6600,1.806732
97.6800,1.714352
97.7000,1.619466
97.7200,1.526498
97.7400,1.434722
97.7600,1.346948
97.7800,1.265741
97.8000,1.195988
97.8200,1.151595
97.8400,1.174327
97.8600,1.218544
97.8800,1.276914
97.9000,1.350968
97.9200,1.440683
97.9400,1.543929
97.9600,1.658398
97.9800,1.782308
98.0000,1.912671
98.0200,2.022218
98.0400,2.007437
98.0600,2.002958
98.0800,2.020568
98.1000,2.050815
98.1200,2.088475
98.1400,2.133080
98.1600,2.181027
98.1800,2.229715
98.2000,2.274985
98.2200,2.314008
98.2400,2.347849
98.2600,2.376311
98.2800,2.394839
98.3000,2.403981
98.3200,2.402175
98.3400,2.387386
98.3600,2.362004
98.3800,2.326494
98.4000,2.282092
98.4200,2.221772
98.4400,2.075194
98.4600,1.921758
98.4800,1.782888
98.5000,1.657352
98.5200,1.543721
98.5400,1.440119
98.5600,1.344912
98.5800,1.258822
98.6000,1.189102
98.6200,1.142387
98.6400,1.099089
98.6600,1.053254
98.6800,1.014741
98.7000,0.986411
98.7200,0.970114
98.7400,0.965789
98.7600,0.972217
98.7800,0.986789
98.8000,1.007033
98.8200,1.029597
98.8400,1.102908
98.8600,1.192308
98.8800,1.265161
98.9000,1.320705
98.9200,1.358057
98.9400,1.375545
98.9600,1.371058
98.9800,1.344734
99.0000,1.298706
99.0200,1.236210
99.0400,1.158162
99.0600,1.077461
99.0800,1.002144
99.1000,0.934397
99.1200,0.875535
99.1400,0.821934
99.1600,0.772361
99.1800,0.726381
99.2000,0.685435
99.2200,0.656283
99.2400,0.704873
99.2600,0.776486
99.2800,0.876599
99.3000,0.965603
99.3200,1.017473
99.3400,1.061810
99.3600,1.102859
99.3800,1.140029
99.4000,1.172217
99.4200,1.198189
99.4400,1.172459
99.4600,1.105906
99.4800,1.051225
99.5000,1.006009
99.5200,0.968777
99.5400,0.937127
99.5600,0.910295
99.5800,0.887433
99.6000,0.865933
99.6200,0.845650
99.6400,0.831134
99.6600,0.829950
99.6800,0.829772
99.7000,0.830369
99.7200,0.831037
99.7400,0.832334
99.7600,0.832834
99.7800,0.834573
99.8000,0.836370
99.8200,0.838094
99.8400,0.836950
99.8600,0.792395
99.8800,0.745996
99.9000,0.705799
99.9200,0.671040
99.9400,0.641880
99.9600,0.618680
99.9800,0.599758
100.0000,0.585766
100.0200,0.576728
100.0400,0.579684
100.0600,0.625994
100.0800,0.671532
100.1000,0.729764
100.1200,0.788053
100.1400,0.833583
100.1600,0.851571
100.1800,0.879636
100.2000,0.899589
100.2200,0.901683
100.2400,0.885121
100.2600,0.827960
100.2800,0.767617
100.3000,0.713017
100.3200,0.663758
100.3400,0.622490
100.3600,0.591517
100.3800,0.572958
100.4000,0.566787
100.4200,0.572974
100.4400,0.592234
100.4600,0.610939
100.4800,0.633695
100.5000,0.668277
100.5200,0.712824
100.5400,0.763090
100.5600,0.815055
100.5800,0.866997
100.6000,0.918036
100.6200,0.966642
100.6400,1.011761
100.6600,1.097109
100.6800,1.268666
100.7000,1.480791
100.7200,1.639083
100.7400,1.751406
100.7600,1.854881
100.7800,1.949163
100.8000,2.035688
100.8200,2.112724
100.8400,2.182574
100.8600,2.244593
100.8800,2.297454
100.9000,2.343138
100.9200,2.384294
100.9400,2.422573
100.9600,2.459958
100.9800,2.494752
101.0000,2.526981
101.0200,2.557319
101.0400,2.582654
101.0600,2.603173
101.0800,2.569855
101.1000,2.510460
101.1200,2.460677
101.1400,2.417894
101.1600,2.380409
101.1800,2.348260
101.2000,2.319752
101.2200,2.294071
101.2400,2.270661
101.2600,2.248701
101.2800,2.208808
101.3000,2.149714
101.3200,2.100140
101.3400,2.056906
101.3600,2.019512
101.3800,1.986098
101.4000,1.955503
101.4200,1.926769
101.4400,1.900000
101.4600,1.874818
101.4800,1.835652
101.5000,1.748910
101.5200,1.663016
101.5400,1.581927
101.5600,1.505046
101.5800,1.433007
101.6000,1.366330
101.6200,1.306882
101.6400,1.255713
101.6600,1.213607
101.6800,1.199630
101.7000,1.242131
101.7200,1.303136
101.7400,1.357654
101.7600,1.373678
101.7800,1.383037
101.8000,1.386806
101.8200,1.385913
101.8400,1.380307
101.8600,1.370052
101.8800,1.353489
101.9000,1.334270
101.9200,1.315484
101.9400,1.297544
101.9600,1.282385
101.9800,1.270131
102.0000,1.260924
102.0200,1.255382
102.0400,1.251718
102.0600,1.246876
102.0800,1.226778
102.1000,1.146143
102.1200,1.071444
102.1400,1.003963
102.1600,0.941026
102.1800,0.883156
102.2000,0.829217
102.2200,0.778959
102.2400,0.731504
102.2600,0.687498
102.2800,0.652046
102.3000,0.664620
102.3200,0.679780
102.3400,0.685967
102.3600,0.684735
102.3800,0.677920
102.4000,0.667754
102.4200,0.656774
102.4400,0.647438
102.4600,0.641445
102.4800,0.638867
102.5000,0.690615
102.5200,0.773078
102.5400,0.853681
102.5600,0.932294
102.5800,1.007612
102.6000,1.079009
102.6200,1.149204
102.6400,1.217330
102.6600,1.284568
102.6800,1.346571
102.7000,1.296216
102.7200,1.204207
102.7400,1.124046
102.7600,1.053447
102.7800,0.992709
102.8000,0.941171
102.8200,0.893781
102.8400,0.853512
102.8600,0.820396
102.8800,0.794296
102.9000,0.815877
102.9200,0.907862
102.9400,0.956017
102.9600,0.986072
102.9800,1.006565
103.0000,1.036242
103.0200,1.055623
103.0400,1.052200
103.0600,1.054577
103.0800,1.042701
103.1000,1.048486
103.1200,1.114413
103.1400,1.136532
103.1600,1.135968
103.1800,1.123063
103.2000,1.109263
103.2200,1.086445
103.2400,1.041510
103.2600,0.987917
103.2800,0.929297
103.3000,0.903762
103.3200,0.946149
103.3400,0.989045
103.3600,1.032608
103.3800,1.073949
103.4000,1.111803
103.4200,1.144129
103.4400,1.169453
103.4600,1.186492
103.4800,1.203167
103.5000,1.227148
103.5200,1.244757
103.5400,1.236782
103.5600,1.217361
103.5800,1.185951
103.6000,1.142929
103.6200,1.089414
103.6400,1.028516
103.6600,0.963469
103.6800,0.898719
103.7000,0.846971
103.7200,0.868100
103.7400,0.903641
103.7600,0.940688
103.7800,0.977187
103.8000,1.009635
103.8200,1.035751
103.8400,1.052636
103.8600,1.060900
103.8800,1.059893
103.9000,1.048390
103.9200,1.006629
103.9400,0.948034
103.9600,0.890349
103.9800,0.834920
104.0000,0.783164
104.0200,0.735911
104.0400,0.691928
104.0600,0.651965
104.0800,0.617697
104.1000,0.590212
104.1200,0.586048
104.1400,0.621927
104.1600,0.647188
104.1800,0.660496
104.2000,0.660931
104.2200,0.650531
104.2400,0.630377
104.2600,0.603898
104.2800,0.572442
104.3000,0.539922
104.3200,0.516763
104.3400,0.597784
104.3600,0.696923
104.3800,0.786434
104.4000,0.867907
104.4200,0.942283
104.4400,1.008144
104.4600,1.066933
104.4800,1.118053
104.5000,1.157967
104.5200,1.185589
104.5400,1.199380
104.5600,1.211391
104.5800,1.225884
104.6000,1.241132
104.6200,1.255085
104.6400,1.265459
104.6600,1.270001
104.6800,1.270342
104.7000,1.266668
104.7200,1.274891
104.7400,1.216006
104.7600,1.124795
104.7800,1.043733
104.8000,0.969840
104.8200,0.902843
104.8400,0.840857
104.8600,0.784195
104.8800,0.732640
104.9000,0.687804
104.9200,0.650572
104.9400,0.613106
104.9600,0.573006
104.9800,0.536418
105.0000,0.502827
105.0200,0.472225
105.0400,0.445690
105.0600,0.425487
105.0800,0.412429
105.1000,0.407838
105.1200,0.415603
105.1400,0.424641
105.1600,0.424754
105.1800,0.431537
105.2000,0.445835
105.2200,0.466505
105.2400,0.492283
105.2600,0.521000
105.2800,0.552771
105.3000,0.585669
105.3200,0.621701
105.3400,0.620670
105.3600,0.573570
105.3800,0.532238
105.4000,0.497970
105.4200,0.472185
105.4400,0.456565
105.4600,0.449661
105.4800,0.449710
105.5000,0.455397
105.5200,0.465611
105.5400,0.451667
105.5600,0.419188
105.5800,0.393620
105.6000,0.376446
105.6200,0.365604
105.6400,0.360754
105.6600,0.359578
105.6800,0.362897
105.7000,0.370751
105.7200,0.383454
105.7400,0.412728
105.7600,0.459650
105.7800,0.506581
105.8000,0.554680
105.8200,0.603963
105.8400,0.654406
105.8600,0.704551
105.8800,0.753689
105.9000,0.800862
105.9200,0.846246
105.9400,0.895070
105.9600,0.944780
105.9800,0.984380
106.0000,1.014282
106.0200,1.034244
106.0400,1.045603
106.0600,1.048027
106.0800,1.044192
106.1000,1.035042
106.1200,1.021234
106.1400,1.010915
106.1600,1.030241
106.1800,1.056357
106.2000,1.084671
106.2200,1.113509
106.2400,1.142510
106.2600,1.171437
106.2800,1.197962
106.3000,1.221864
106.3200,1.242139
106.3400,1.253216
106.3600,1.239738
106.3800,1.218254
106.4000,1.195168
106.4200,1.173821
106.4400,1.160971
106.4600,1.160739
106.4800,1.175352
106.5000,1.206460
106.5200,1.251169
106.5400,1.297882
106.5600,1.315041
106.5800,1.332900
106.6000,1.354787
106.6200,1.379348
106.6400,1.405012
106.6600,1.431104
106.6800,1.456584
106.7000,1.480638
106.7200,1.503749
106.7400,1.532547
106.7600,1.614488
106.7800,1.697501
106.8000,1.774664
106.8200,1.846705
106.8400,1.913308
106.8600,1.974062
106.8800,2.028510
106.9000,2.078005
106.9200,2.123420
106.9400,2.168871
106.9600,2.258077
106.9800,2.353400
107.0000,2.440827
107.0200,2.519490
107.0400,2.592805
107.0600,2.657507
107.0800,2.713050
107.1000,2.757550
107.1200,2.794221
107.1400,2.822022
107.1600,2.819514
107.1800,2.788058
107.2000,2.771228
107.2200,2.766348
107.2400,2.770601
107.2600,2.781476
107.2800,2.798771
107.3000,2.816374
107.3200,2.834241
107.3400,2.851697
107.3600,2.846316
107.3800,2.779696
107.4000,2.712326
107.4200,2.650564
107.4400,2.592779
107.4600,2.565246
107.4800,2.532461
107.5000,2.465807
107.5200,2.399872
107.5400,2.333340
107.5600,2.264635
107.5800,2.194140
107.6000,2.120891
107.6200,2.044517
107.6400,1.966152
107.6600,1.886370
107.6800,1.805042
107.7000,1.724131
107.7200,1.644656
107.7400,1.566630
107.7600,1.497773
107.7800,1.476344
107.8000,1.461466
107.8200,1.445806
107.8400,1.430194
107.8600,1.413850
107.8800,1.397528
107.9000,1.380741
107.9200,1.363341
107.9400,1.344459
107.9600,1.323652
107.9800,1.278034
108.0000,1.228921
108.0200,1.186394
108.0400,1.148165
108.0600,1.113373
108.0800,1.083752
108.1000,1.062366
108.1200,1.032069
108.1400,0.998108
108.1600,0.963565
108.1800,0.930755
108.2000,0.907338
108.2200,0.892331
108.2400,0.885226
108.2600,0.884646
108.2800,0.888384
108.3000,0.894538
108.3200,0.900886
108.3400,0.908273
108.3600,0.915708
108.3800,0.923852
108.4000,0.933237
108.4200,0.941993
108.4400,0.951241
108.4600,0.962824
108.4800,0.976188
108.5000,0.991647
108.5200,1.008288
108.5400,1.025254
108.5600,1.041584
108.5800,1.056453
108.6000,1.024062
108.6200,0.979910
108.6400,0.946133
108.6600,0.920300
108.6800,0.901313
108.7000,0.887337
108.7200,0.875592
108.7400,0.866143
108.7600,0.856613
108.7800,0.845617
108.8000,0.809545
108.8200,0.769389
108.8400,0.732326
108.8600,0.698187
108.8800,0.665498
108.9000,0.634847
108.9200,0.605896
108.9400,0.578588
108.9600,0.553383
108.9800,0.530216
109.0000,0.506670
109.0200,0.480747
109.0400,0.454994
109.0600,0.429877
109.0800,0.406001
109.1000,0.383454
109.1200,0.361777
109.1400,0.341663
109.1600,0.323288
109.1800,0.307597
109.2000,0.293910
109.2200,0.281086
109.2400,0.271291
109.2600,0.265725
109.2800,0.264114
109.3000,0.266981
109.3200,0.275174
109.3400,0.286540
109.3600,0.301402
109.3800,0.317537
109.4000,0.334767
109.4200,0.383060
109.4400,0.442452
109.4600,0.500217
109.4800,0.557983
109.5000,0.615393
109.5200,0.671894
109.5400,0.726357
109.5600,0.774915
109.5800,0.816763
109.6000,0.842653
109.6200,0.794353
109.6400,0.735403
109.6600,0.682221
109.6800,0.634042
109.7000,0.589761
109.7200,0.549460
109.7400,0.511881
109.7600,0.478532
109.7800,0.451579
109.8000,0.433873
109.8200,0.450129
109.8400,0.484042
109.8600,0.513170
109.8800,0.537933
109.9000,0.554809
109.9200,0.563807
109.9400,0.565861
109.9600,0.560343
109.9800,0.549436
110.0000,0.535774
110.0200,0.525584
110.0400,0.526953
110.0600,0.537345
110.0800,0.549097
110.1000,0.560947
110.1200,0.580127
110.1400,0.590470
110.1600,0.594756
110.1800,0.600692
110.2000,0.607813
110.2200,0.610512
110.2400,0.598300
110.2600,0.587087
110.2800,0.574166
110.3000,0.563194
110.3200,0.556895
110.3400,0.558184
110.3600,0.567617
110.3800,0.583663
110.4000,0.605429
110.4200,0.632664
110.4400,0.637900
110.4600,0.635186
110.4800,0.636821
110.5000,0.642677
110.5200,0.661108
110.5400,0.679579
110.5600,0.685041
110.5800,0.690808
110.6000,0.697196
110.6200,0.703890
110.6400,0.719937
110.6600,0.739068
110.6800,0.748960
110.7000,0.754720
110.7200,0.763686
110.7400,0.755872
110.7600,0.748171
110.7800,0.736539
110.8000,0.717254
110.8200,0.701442
110.8400,0.677428
110.8600,0.655952
110.8800,0.643281
110.9000,0.644643
110.9200,0.661495
110.9400,0.691944
110.9600,0.732342
110.9800,0.777589
111.0000,0.824359
111.0200,0.868511
111.0400,0.921306
111.0600,0.977364
111.0800,1.021395
111.1000,1.051370
111.1200,1.066078
111.1400,1.066844
111.1600,1.054270
111.1800,1.032463
111.2000,1.004568
111.2200,0.973771
111.2400,0.945940
111.2600,0.921685
111.2800,0.898944
111.3000,0.880022
111.3200,0.864395
111.3400,0.853866
111.3600,0.847978
111.3800,0.848236
111.4000,0.853560
111.4200,0.864645
111.4400,0.864443
111.4600,0.822144
111.4800,0.789648
111.5000,0.771072
111.5200,0.765643
111.5400,0.772498
111.5600,0.790196
111.5800,0.814950
111.6000,0.843588
111.6200,0.875785
111.6400,0.889721
111.6600,0.853480
111.6800,0.816247
111.7000,0.779925
111.7200,0.745247
111.7400,0.710987
111.7600,0.673377
111.7800,0.634525
111.8000,0.595142
111.8200,0.558119
111.8400,0.528298
111.8600,0.567939
111.8800,0.622370
111.9000,0.666948
111.9200,0.705308
111.9400,0.737659
111.9600,0.759553
111.9800,0.769719
112.0000,0.767343
112.0200,0.755574
112.0400,0.735460
112.0600,0.700314
112.0800,0.651409
112.1000,0.607709
112.1200,0.568857
112.1400,0.535798
112.1600,0.507805
112.1800,0.486724
112.2000,0.473771
112.2200,0.471693
112.2400,0.483518
112.2600,0.491244
112.2800,0.463259
112.3000,0.444756
112.3200,0.436966
112.3400,0.436999
112.3600,0.442114
112.3800,0.450846
112.4000,0.464032
112.4200,0.478419
112.4400,0.493805
112.4600,0.510077
112.4800,0.569373
112.5000,0.640357
112.5200,0.696125
112.5400,0.737055
112.5600,0.762034
112.5800,0.772982
112.6000,0.772579
112.6200,0.763025
112.6400,0.748461
112.6600,0.732640
112.6800,0.734010
112.7000,0.753069
112.7200,0.769018
112.7400,0.781609
112.7600,0.789689
112.7800,0.790446
112.8000,0.785693
112.8200,0.777404
112.8400,0.767730
112.8600,0.755751
112.8800,0.730771
112.9000,0.678274
112.9200,0.629450
112.9400,0.585822
112.9600,0.548235
112.9800,0.517118
113.0000,0.492162
113.0200,0.473111
113.0400,0.458804
113.0600,0.447398
113.0800,0.439713
113.1000,0.458410
113.1200,0.487973
113.1400,0.521709
113.1600,0.557604
113.1800,0.596794
113.2000,0.641332
113.2200,0.690655
113.2400,0.746842
113.2600,0.806637
113.2800,0.867899
113.3000,0.918777
113.3200,0.987627
113.3400,1.057284
113.3600,1.132796
113.3800,1.240528
113.4000,1.310795
113.4200,1.362407
113.4400,1.410530
113.4600,1.452219
113.4800,1.486092
113.5000,1.480018
113.5200,1.382007
113.5400,1.291051
113.5600,1.209676
113.5800,1.136105
113.6000,1.067133
113.6200,1.001732
113.6400,0.938183
113.6600,0.876615
113.6800,0.819647
113.7000,0.765377
113.7200,0.715643
113.7400,0.669018
113.7600,0.626083
113.7800,0.585854
113.8000,0.548034
113.8200,0.513484
113.8400,0.480498
113.8600,0.450612
113.8800,0.424690
113.9000,0.409570
113.9200,0.430176
113.9400,0.448792
113.9600,0.458877
113.9800,0.461374
114.0000,0.458692
114.0200,0.455059
114.0400,0.452360
114.0600,0.453375
114.0800,0.458716
114.1000,0.466046
114.1200,0.471967
114.1400,0.477292
114.1600,0.481416
114.1800,0.482874
114.2000,0.481263
114.2200,0.475495
114.2400,0.465982
114.2600,0.453005
114.2800,0.440035
114.3000,0.424617
114.3200,0.395956
114.3400,0.369591
114.3600,0.346069
114.3800,0.324819
114.4000,0.306855
114.4200,0.293097
114.4400,0.284880
114.4600,0.280675
114.4800,0.279435
114.5000,0.280426
114.5200,0.277888
114.5400,0.273224
114.5600,0.267336
114.5800,0.259594
114.6000,0.250742
114.6200,0.240874
114.6400,0.230708
114.6600,0.220929
114.6800,0.210771
114.7000,0.201394
114.7200,0.194161
114.7400,0.188514
114.7600,0.182690
114.7800,0.176535
114.8000,0.170252
114.8200,0.164364
114.8400,0.158870
114.8600,0.153433
114.8800,0.148897
114.9000,0.144813
114.9200,0.139392
114.9400,0.133898
114.9600,0.130442
114.9800,0.129234
115.0000,0.129017
115.0200,0.129822
115.0400,0.136097
115.0600,0.145248
115.0800,0.150976
115.1000,0.157621
115.1200,0.165790
115.1400,0.159192
115.1600,0.147673
115.1800,0.137032
115.2000,0.127696
115.2200,0.119044
115.2400,0.111617
115.2600,0.104971
115.2800,0.098454
115.3000,0.092767
115.3200,0.087934
115.3400,0.082585
115.3600,0.077833
115.3800,0.073628
115.4000,0.069866
115.4200,0.065879
115.4400,0.062423
115.4600,0.059152
115.4800,0.055987
115.5000,0.053401
115.5200,0.051177
115.5400,0.049148
115.5600,0.048882
115.5800,0.049196
115.6000,0.050638
115.6200,0.051596
115.6400,0.052055
115.6600,0.053336
115.6800,0.056381
115.7000,0.058951
115.7200,0.061867
115.7400,0.064574
115.7600,0.068005
115.7800,0.080088
115.8000,0.092083
115.8200,0.103102
115.8400,0.113502
115.8600,0.123781
115.8800,0.133415
115.9000,0.143267
115.9200,0.152716
115.9400,0.161979
115.9600,0.171146
115.9800,0.177832
116.0000,0.182198
116.0200,0.185944
116.0400,0.188320
116.0600,0.188280
116.0800,0.186008
116.1000,0.180055
116.1200,0.171976
116.1400,0.162092
116.1600,0.156759
116.1800,0.167634
116.2000,0.178718
116.2200,0.188538
116.2400,0.196102
116.2600,0.201507
116.2800,0.205615
116.3000,0.208209
116.3200,0.211101
116.3400,0.213244
116.3600,0.215491
116.3800,0.209796
116.4000,0.201467
116.4200,0.193605
116.4400,0.185799
116.4600,0.178026
116.4800,0.170985
116.5000,0.164066
116.5200,0.157936
116.5400,0.152627
116.5600,0.147995
116.5800,0.142864
116.6000,0.137128
116.6200,0.131498
116.6400,0.125843
116.6600,0.121356
116.6800,0.117651
116.7000,0.114702
116.7200,0.112761
116.7400,0.111778
116.7600,0.110401
116.7800,0.108886
116.8000,0.109039
116.8200,0.108644
116.8400,0.107944
116.8600,0.107356
116.8800,0.106929
116.9000,0.106582
116.9200,0.106977
116.9400,0.107058
116.9600,0.107622
116.9800,0.109853
117.0000,0.115814
117.0200,0.119415
117.0400,0.121445
117.0600,0.120824
117.0800,0.118279
117.1000,0.114767
117.1200,0.111367
117.1400,0.109998
117.1600,0.111029
117.1800,0.115234
117.2000,0.122677
117.2200,0.131272
117.2400,0.139948
117.2600,0.149622
117.2800,0.159788
117.3000,0.170019
117.3200,0.178968
117.3400,0.185871
117.3600,0.189706
117.3800,0.190745
117.4000,0.199646
117.4200,0.207919
117.4400,0.210875
117.4600,0.211254
117.4800,0.209740
117.5000,0.207081
117.5200,0.203650
117.5400,0.200589
117.5600,0.198132
117.5800,0.196497
117.6000,0.191188
117.6200,0.178340
117.6400,0.166659
117.6600,0.155446
117.6800,0.144644
117.7000,0.134253
117.7200,0.124973
117.7400,0.116724
117.7600,0.109434
117.7800,0.103819
117.8000,0.099413
117.8200,0.094773
117.8400,0.091736
117.8600,0.089497
117.8800,0.088965
117.9000,0.089199
117.9200,0.089876
117.9400,0.091495
117.9600,0.093090
117.9800,0.095200
118.0000,0.098036
118.0200,0.108403
118.0400,0.118907
118.0600,0.126890
118.0800,0.132086
118.1000,0.134639
118.1200,0.134905
118.1400,0.133536
118.1600,0.131063
118.1800,0.127591
118.2000,0.124683
118.2200,0.122427
118.2400,0.122798
118.2600,0.126584
118.2800,0.133939
118.3000,0.143581
118.3200,0.153433
118.3400,0.161778
118.3600,0.168875
118.3800,0.177518
118.4000,0.182182
118.4200,0.182609
118.4400,0.176713
118.4600,0.171928
118.4800,0.169503
118.5000,0.070663
118.5200,0.096143
118.5400,0.119559
118.5600,0.141535
118.5800,0.162720
118.6000,0.182577
118.6200,0.201233
118.6400,0.218568
118.6600,0.235283
118.6800,0.250057
118.7000,0.256678
118.7200,0.261399
118.7400,0.265902
118.7600,0.270252
118.7800,0.274521
118.8000,0.278396
118.8200,0.283285
118.8400,0.288449
118.8600,0.294515
118.8800,0.300830
118.9000,0.301708
118.9200,0.301200
118.9400,0.302683
118.9600,0.305784
118.9800,0.310851
119.0000,0.315773
119.0200,0.321065
119.0400,0.325923
119.0600,0.329999
119.0800,0.333559
119.1000,0.335742
119.1200,0.336056
119.1400,0.334767
119.1600,0.331940
119.1800,0.327832
119.2000,0.321919
119.2200,0.314073
119.2400,0.304165
119.2600,0.292227
119.2800,0.278895
119.3000,0.271105
119.3200,0.270485
119.3400,0.266611
119.3600,0.258112
119.3800,0.248003
119.4000,0.237909
119.4200,0.228710
119.4400,0.220034
119.4600,0.211818
119.4800,0.203819
119.5000,0.198776
119.5200,0.208032
119.5400,0.217682
119.5600,0.229097
119.5800,0.233358
119.6000,0.233809
119.6200,0.233060
119.6400,0.231964
119.6600,0.230885
119.6800,0.230619
119.7000,0.230257
119.7200,0.231014
119.7400,0.230796
119.7600,0.227808
119.7800,0.221992
119.8000,0.212527
119.8200,0.200154
119.8400,0.186685
119.8600,0.172935
119.8800,0.160352
119.9000,0.149131
119.9200,0.138296
119.9400,0.128799
119.9600,0.119447
119.9800,0.111416
120.0000,0.103666
120.0200,0.097979
120.0400,0.096320
120.0600,0.100275
120.0800,0.110634
120.1000,0.125682
120.1200,0.137789
120.1400,0.152272
120.1600,0.169431
120.1800,0.187853
120.2000,0.206993
120.2200,0.228791
120.2400,0.254012
120.2600,0.283624
120.2800,0.318213
120.3000,0.359103
120.3200,0.384952
120.3400,0.403037
120.3600,0.422612
120.3800,0.441316
120.4000,0.460810
120.4200,0.481988
120.4400,0.505663
120.4600,0.531633
120.4800,0.558748
120.5000,0.585895
120.5200,0.566844
120.5400,0.526510
120.5600,0.495062
120.5800,0.471943
120.6000,0.456307
120.6200,0.445940
120.6400,0.439616
120.6600,0.436620
120.6800,0.435710
120.7000,0.435991
120.7200,0.428347
120.7400,0.414137
120.7600,0.397221
120.7800,0.378420
120.8000,0.358321
120.8200,0.338199
120.8400,0.320002
120.8600,0.305035
120.8800,0.294490
120.9000,0.289142
120.9200,0.284429
120.9400,0.274022
120.9600,0.262760
120.9800,0.250991
121.0000,0.238062
121.0200,0.225480
121.0400,0.212414
121.0600,0.198768
121.0800,0.185154
121.1000,0.172306
121.1200,0.165540
121.1400,0.177864
121.1600,0.193266
121.1800,0.213276
121.2000,0.239359
121.2200,0.276664
121.2400,0.330393
121.2600,0.401917
121.2800,0.492621
121.3000,0.599033
121.3200,0.694618
121.3400,0.732978
121.3600,0.774593
121.3800,0.823650
121.4000,0.891525
121.4200,0.937764
121.4400,0.997205
121.4600,1.036057
121.4800,1.070148
121.5000,1.107950
121.5200,1.189883
121.5400,1.406101
121.5600,1.607770
121.5800,1.796485
121.6000,1.974998
121.6200,2.140636
121.6400,2.291605
121.6600,2.428913
121.6800,2.551890
121.7000,2.664749
121.7200,2.768941
121.7400,2.770875
121.7600,2.739199
121.7800,2.730193
121.8000,2.742502
121.8200,2.772752
121.8400,2.816019
121.8600,2.867913
121.8800,2.928227
121.9000,2.993389
121.9200,3.060597
121.9400,3.121838
121.9600,3.229043
121.9800,3.356501
122.0000,3.406707
122.0200,3.448797
122.0400,3.487899
122.0600,3.522088
122.0800,3.552064
122.1000,3.580042
122.1200,3.600000
122.1400,3.600000
122.1600,3.600000
122.1800,3.600000
122.2000,3.600000
122.2200,3.600000
122.2400,3.600000
122.2600,3.600000
122.2800,3.600000
122.3000,3.600000
122.3200,3.600000
122.3400,3.600000
122.3600,3.600000
122.3800,3.600000
122.4000,3.600000
122.4200,3.600000
122.4400,3.600000
122.4600,3.600000
122.4800,3.600000
122.5000,3.600000
122.5200,3.600000
122.5400,3.600000
122.5600,3.600000
122.5800,3.600000
122.6000,3.600000
122.6200,3.600000
122.6400,3.600000
122.6600,3.600000
122.6800,3.600000
122.7000,3.600000
122.7200,3.600000
122.7400,3.600000
122.7600,3.600000
122.7800,3.600000
122.8000,3.600000
122.8200,3.600000
122.8400,3.600000
122.8600,3.600000
122.8800,3.600000
122.9000,3.600000
122.9200,3.600000
122.9400,3.600000
122.9600,3.600000
122.9800,3.600000
123.0000,3.600000
123.0200,3.600000
123.0400,3.600000
123.0600,3.600000
123.0800,3.600000
123.1000,3.600000
123.1200,3.600000
123.1400,3.600000
123.1600,3.600000
123.1800,3.600000
123.2000,3.600000
123.2200,3.600000
123.2400,3.600000
123.2600,3.600000
123.2800,3.600000
123.3000,3.600000
123.3200,3.600000
123.3400,3.600000
123.3600,3.600000
123.3800,3.600000
123.4000,3.600000
123.4200,3.600000
123.4400,3.600000
123.4600,3.600000
123.4800,3.600000
123.5000,3.600000
123.5200,3.600000
123.5400,3.600000
123.5600,3.600000
123.5800,3.600000
123.6000,3.600000
123.6200,3.600000
123.6400,3.600000
123.6600,3.600000
123.6800,3.600000
123.7000,3.600000
123.7200,3.600000
123.7400,3.600000
123.7600,3.600000
123.7800,3.600000
123.8000,3.600000
123.8200,3.600000
123.8400,3.600000
123.8600,3.600000
123.8800,3.600000
123.9000,3.600000
123.9200,3.600000
123.9400,3.600000
123.9600,3.600000
123.9800,3.451931
124.0000,3.304396
124.0200,3.172347
124.0400,3.054718
124.0600,2.947681
124.0800,2.850578
124.1000,2.761442
124.1200,2.677148
124.1400,2.595810
124.1600,2.519998
124.1800,2.504274
124.2000,2.503967
124.2200,2.497806
124.2400,2.486012
124.2600,2.469643
124.2800,2.450920
124.3000,2.428929
124.3200,2.404497
124.3400,2.377325
124.3600,2.346658
124.3800,2.300249
124.4000,2.239768
124.4200,2.180695
124.4400,2.123686
124.4600,2.066194
124.4800,2.006954
124.5000,1.947486
124.5200,1.888135
124.5400,1.828950
124.5600,1.769059
124.5800,1.680954
124.6000,1.576788
124.6200,1.480904
124.6400,1.392172
124.6600,1.309902
124.6800,1.234277
124.7000,1.165524
124.7200,1.104068
124.7400,1.050338
124.7600,1.004890
124.7800,1.023635
124.8000,1.079692
124.8200,1.129805
124.8400,1.176164
124.8600,1.219117
124.8800,1.260949
124.9000,1.302442
124.9200,1.346507
124.9400,1.393566
124.9600,1.440119
124.9800,1.436035
125.0000,1.402636
125.0200,1.373492
125.0400,1.363818
125.0600,1.341711
125.0800,1.309176
125.1000,1.277398
125.1200,1.245136
125.1400,1.212083
125.1600,1.183407
125.1800,1.267312
125.2000,1.369069
125.2200,1.454909
125.2400,1.530953
125.2600,1.599650
125.2800,1.665222
125.3000,1.725581
125.3200,1.782494
125.3400,1.838085
125.3600,1.893886
125.3800,1.894378
125.4000,1.862486
125.4200,1.840518
125.4400,1.827040
125.4600,1.823255
125.4800,1.830223
125.5000,1.847220
125.5200,1.875463
125.5400,1.912092
125.5600,1.953682
125.5800,1.973088
125.6000,1.948526
125.6200,1.945851
125.6400,1.962512
125.6600,1.988458
125.6800,2.019126
125.7000,2.052645
125.7200,2.082741
125.7400,2.114285
125.7600,2.183395
125.7800,2.248170
125.8000,2.378944
125.8200,2.477126
125.8400,2.528344
125.8600,2.573817
125.8800,2.637014
125.9000,2.741214
125.9200,2.783530
125.9400,2.802437
125.9600,2.822592
125.9800,2.829706
126.0000,2.752089
126.0200,2.675641
126.0400,2.615192
126.0600,2.566149
126.0800,2.525629
126.1000,2.491005
126.1200,2.461047
126.1400,2.435672
126.1600,2.415476
126.1800,2.396827
126.2000,2.365136
126.2200,2.328491
126.2400,2.294022
126.2600,2.258561
126.2800,2.222762
126.3000,2.185722
126.3200,2.149722
126.3400,2.114609
126.3600,2.082708
126.3800,2.045839
126.4000,1.936636
126.4200,1.823938
126.4400,1.725114
126.4600,1.636745
126.4800,1.557156
126.5000,1.484713
126.5200,1.418554
126.5400,1.357590
126.5600,1.300895
126.5800,1.253054
126.6000,1.305729
126.6200,1.377190
126.6400,1.432692
126.6600,1.473227
126.6800,1.502420
126.7000,1.522099
126.7200,1.532298
126.7400,1.533980
126.7600,1.526432
126.7800,1.510467
126.8000,1.480314
126.8200,1.440748
126.8400,1.406245
126.8600,1.360305
126.8800,1.299228
126.9000,1.237007
126.9200,1.175133
126.9400,1.113670
126.9600,1.051966
126.9800,0.991453
127.0000,0.938142
127.0200,0.894353
127.0400,0.859859
127.0600,0.832519
127.0800,0.812107
127.1000,0.799041
127.1200,0.793362
127.1400,0.794296
127.1600,0.802787
127.1800,0.817859
127.2000,0.795158
127.2200,0.764894
127.2400,0.750298
127.2600,0.747623
127.2800,0.754293
127.3000,0.769606
127.3200,0.792830
127.3400,0.822579
127.3600,0.856734
127.3800,0.893563
127.4000,0.962905
127.4200,1.039053
127.4400,1.104335
127.4600,1.159885
127.4800,1.205987
127.5000,1.242703
127.5200,1.269818
127.5400,1.288731
127.5600,1.299293
127.5800,1.302176
127.6000,1.278800
127.6200,1.240295
127.6400,1.202361
127.6600,1.165056
127.6800,1.128799
127.7000,1.093935
127.7200,1.061559
127.7400,1.033101
127.7600,1.019067
127.7800,1.002666
127.8000,0.986604
127.8200,0.984904
127.8400,0.981698
127.8600,0.974545
127.8800,0.963581
127.9000,0.947978
127.9200,0.929660
127.9400,0.909924
127.9600,0.889697
127.9800,0.869518
128.0000,0.864507
128.0200,0.900032
128.0400,0.948026
128.0600,0.989802
128.0800,1.002546
128.1000,1.009602
128.1200,1.013259
128.1400,1.014516
128.1600,1.016980
128.1800,1.037055
128.2000,1.047600
128.2200,1.066304
128.2400,1.084501
128.2600,1.099702
128.2800,1.113050
128.3000,1.125463
128.3200,1.135477
128.3400,1.144530
128.3600,1.151395
128.3800,1.156316
128.4000,1.159482
128.4200,1.154109
128.4400,1.145868
128.4600,1.135050
128.4800,1.121186
128.5000,1.104816
128.5200,1.084591
128.5400,1.060560
128.5600,1.032237
128.5800,1.000604
128.6000,0.966473
128.6200,1.002795
128.6400,1.076381
128.6600,1.146352
128.6800,1.211552
128.7000,1.271220
128.7200,1.326191
128.7400,1.373734
128.7600,1.413615
128.7800,1.446821
128.8000,1.472042
128.8200,1.446781
128.8400,1.381433
128.8600,1.325724
128.8800,1.278252
128.9000,1.238328
128.9200,1.205640
128.9400,1.179894
128.9600,1.160078
128.9800,1.145369
129.0000,1.134276
129.0200,1.126978
129.0400,1.121904
129.0600,1.116846
129.0800,1.110601
129.1000,1.103956
129.1200,1.095851
129.1400,1.086637
129.1600,1.075945
129.1800,1.063711
129.2000,1.050749
129.2200,1.018303
129.2400,0.972910
129.2600,0.927920
129.2800,0.882745
129.3000,0.837691
129.3200,0.792709
129.3400,0.748848
129.3600,0.706976
129.3800,0.667641
129.4000,0.629652
129.4200,0.612655
129.4400,0.634912
129.4600,0.645497
129.4800,0.642830
129.5000,0.628306
129.5200,0.604124
129.5400,0.575350
129.5600,0.544200
129.5800,0.513895
129.6000,0.485130
129.6200,0.474891
129.6400,0.517037
129.6600,0.558716
129.6800,0.597317
129.7000,0.633599
129.7200,0.666546
129.7400,0.695803
129.7600,0.720098
129.7800,0.740091
129.8000,0.755679
129.8200,0.762840
129.8400,0.744739
129.8600,0.723997
129.8800,0.705461
129.9000,0.688617
129.9200,0.675036
129.9400,0.664008
129.9600,0.656452
129.9800,0.652481
130.0000,0.651135
130.0200,0.662179
130.0400,0.809239
130.0600,0.997503
130.0800,1.116628
130.1000,1.212842
130.1200,1.298109
130.1400,1.373299
130.1600,1.438548
130.1800,1.530750
130.2000,1.607487
130.2200,1.641554
130.2400,1.673584
130.2600,1.701358
130.2800,1.723519
130.3000,1.742691
130.3200,1.757634
130.3400,1.768155
130.3600,1.776743
130.3800,1.783010
130.4000,1.787464
130.4200,1.784127
130.4400,1.740967
130.4600,1.696686
130.4800,1.657038
130.5000,1.623817
130.5200,1.594108
130.5400,1.568595
130.5600,1.546313
130.5800,1.527068
130.6000,1.510917
130.6200,1.495733
130.6400,1.458461
130.6600,1.421430
130.6800,1.389352
130.7000,1.361239
130.7200,1.337411
130.7400,1.320076
130.7600,1.323846
130.7800,1.315775
130.8000,1.298736
130.8200,1.283416
130.8400,1.295361
130.8600,1.322002
130.8800,1.344781
130.9000,1.363183
130.9200,1.398366
130.9400,1.434956
130.9600,1.438750
130.9800,1.438918
131.0000,1.437146
131.0200,1.433375
131.0400,1.402338
131.0600,1.343276
131.0800,1.290310
131.1000,1.242937
131.1200,1.199646
131.1400,1.159183
131.1600,1.122339
131.1800,1.087418
131.2000,1.054777
131.2200,1.023828
131.2400,0.993443
131.2600,0.963372
131.2800,0.934904
131.3000,0.908377
131.3200,0.882971
131.3400,0.858716
131.3600,0.836378
131.3800,0.815635
131.4000,0.796310
131.4200,0.777847
131.4400,0.760617
131.4600,0.746117
131.4800,0.727742
131.5000,0.708337
131.5200,0.688102
131.5400,0.667456
131.5600,0.646077
131.5800,0.624480
131.6000,0.603842
131.6200,0.582455
131.6400,0.559811
131.6600,0.526373
131.6800,0.494143
131.7000,0.464822
131.7200,0.437643
131.7400,0.412502
131.7600,0.389254
131.7800,0.367794
131.8000,0.347044
131.8200,0.327985
131.8400,0.314009
131.8600,0.321484
131.8800,0.329733
131.9000,0.337418
131.9200,0.343548
131.9400,0.349718
131.9600,0.354793
131.9800,0.359949
132.0000,0.364081
132.0200,0.367786
132.0400,0.369969
132.0600,0.362268
132.0800,0.353464
132.1000,0.346649
132.1200,0.340567
132.1400,0.335766
132.1600,0.331312
132.1800,0.328081
132.2000,0.325310
132.2200,0.323192
132.2400,0.321138
132.2600,0.305011
132.2800,0.285009
132.3000,0.267811
132.3200,0.251829
132.3400,0.237442
132.3600,0.223724
132.3800,0.211633
132.4000,0.199590
132.4200,0.188506
132.4400,0.178026
132.4600,0.186258
132.4800,0.213421
132.5000,0.239665
132.5200,0.266667
132.5400,0.294482
132.5600,0.323232
132.5800,0.354173
132.6000,0.387192
132.6200,0.422257
132.6400,0.459723
132.6600,0.495859
132.6800,0.526478
132.7000,0.555920
132.7200,0.585290
132.7400,0.613202
132.7600,0.639640
132.7800,0.664677
132.8000,0.686660
132.8200,0.704204
132.8400,0.716892
132.8600,0.724085
132.8800,0.724424
132.9000,0.718406
132.9200,0.704712
132.9400,0.684332
132.9600,0.659497
132.9800,0.631996
133.0000,0.603713
133.0200,0.575729
133.0400,0.549750
133.0600,0.524569
133.0800,0.489963
133.1000,0.456267
133.1200,0.425302
133.1400,0.397543
133.1600,0.378540
133.1800,0.370557
133.2000,0.375431
133.2200,0.393346
133.2400,0.421983
133.2600,0.457918
133.2800,0.484791
133.3000,0.519437
133.3200,0.564934
133.3400,0.619534
133.3600,0.682463
133.3800,0.751248
133.4000,0.823836
133.4200,0.898606
133.4400,0.974271
133.4600,1.051443
133.4800,1.151483
133.5000,1.252611
133.5200,1.346466
133.5400,1.435889
133.5600,1.561040
133.5800,1.661846
133.6000,1.766680
133.6200,1.855502
133.6400,1.902907
133.6600,1.953006
133.6800,1.980209
133.7000,1.985919
133.7200,1.957798
133.7400,1.926133
133.7600,1.893933
133.7800,1.862702
133.8000,1.830537
133.8200,1.797494
133.8400,1.763097
133.8600,1.729826
133.8800,1.768404
133.9000,1.833428
133.9200,1.890018
133.9400,1.940294
133.9600,1.987267
133.9800,2.028599
134.0000,2.066477
134.0200,2.101428
134.0400,2.132129
134.0600,2.158470
134.0800,2.190910
134.1000,2.228320
134.1200,2.259060
134.1400,2.284556
134.1600,2.303246
134.1800,2.318382
134.2000,2.328604
134.2200,2.332020
134.2400,2.328998
134.2600,2.316457
134.2800,2.305333
134.3000,2.305146
134.3200,2.303447
134.3400,2.302037
134.3600,2.301949
134.3800,2.300611
134.4000,2.301160
134.4200,2.302504
134.4400,2.304607
134.4600,2.306009
134.4800,2.315998
134.5000,2.339625
134.5200,2.353731
134.5400,2.362301
134.5600,2.366370
134.5800,2.365097
134.6000,2.361496
134.6200,2.351992
134.6400,2.340994
134.6600,2.327736
134.6800,2.302811
134.7000,2.215085
134.7200,2.136858
134.7400,2.076579
134.7600,2.030556
134.7800,1.997617
134.8000,1.974031
134.8200,1.958426
134.8400,1.949703
134.8600,1.946771
134.8800,1.947334
134.9000,1.959619
134.9200,1.969785
134.9400,1.976955
134.9600,1.979379
134.9800,1.977672
135.0000,1.970518
135.0200,1.960118
135.0400,1.947263
135.0600,1.932551
135.0800,1.917183
135.1000,1.912647
135.1200,1.949790
135.1400,1.983994
135.1600,2.010410
135.1800,2.029711
135.2000,2.043050
135.2200,2.054087
135.2400,2.062932
135.2600,2.069409
135.2800,2.074112
135.3000,2.073050
135.3200,2.026633
135.3400,1.967819
135.3600,1.912438
135.3800,1.860940
135.4000,1.811575
135.4200,1.763974
135.4400,1.718525
135.4600,1.676322
135.4800,1.636601
135.5000,1.600036
135.5200,1.549762
135.5400,1.492222
135.5600,1.432031
135.5800,1.369505
135.6000,1.304884
135.6200,1.238225
135.6400,1.171887
135.6600,1.106493
135.6800,1.043628
135.7000,0.986056
135.7200,0.963565
135.7400,0.966997
135.7600,0.986395
135.7800,1.021114
135.8000,1.070286
135.8200,1.130885
135.8400,1.201950
135.8600,1.278855
135.8800,1.361739
135.9000,1.449180
135.9200,1.561861
135.9400,1.717623
135.9600,1.868680
135.9800,2.016442
136.0000,2.160920
136.0200,2.301102
136.0400,2.435084
136.0600,2.554953
136.0800,2.665516
136.1000,2.763231
136.1200,2.805715
136.1400,2.763995
136.1600,2.719190
136.1800,2.670051
136.2000,2.618341
136.2200,2.564827
136.2400,2.508284
136.2600,2.447119
136.2800,2.380845
136.3000,2.308924
136.3200,2.227734
136.3400,2.125361
136.3600,2.029219
136.3800,1.942349
136.4000,1.865078
136.4200,1.798702
136.4400,1.743827
136.4600,1.700440
136.4800,1.668072
136.5000,1.645228
136.5200,1.653057
136.5400,1.731349
136.5600,1.802770
136.5800,1.865200
136.6000,1.918415
136.6200,1.962198
136.6400,1.999301
136.6600,2.031853
136.6800,2.059500
136.7000,2.081766
136.7200,2.078551
136.7400,2.027722
136.7600,1.987354
136.7800,1.957202
136.8000,1.933979
136.8200,1.918270
136.8400,1.905849
136.8600,1.898260
136.8800,1.894603
136.9000,1.892967
136.9200,1.900097
136.9400,1.914717
136.9600,1.926366
136.9800,1.936550
137.0000,1.945998
137.0200,1.953176
137.0400,1.959716
137.0600,1.966097
137.0800,1.972893
137.1000,1.980837
137.1200,1.977649
137.1400,1.898244
137.1600,1.806732
137.1800,1.714352
137.2000,1.619466
137.2200,1.526498
137.2400,1.434722
137.2600,1.346948
137.2800,1.265741
137.3000,1.195988
137.3200,1.151595
137.3400,1.174327
137.3600,1.218544
137.3800,1.276914
137.4000,1.350968
137.4200,1.440683
137.4400,1.543929
137.4600,1.658398
137.4800,1.782308
137.5000,1.912671
137.5200,2.022218
137.5400,2.007437
137.5600,2.002958
137.5800,2.020568
137.6000,2.050815
137.6200,2.088475
137.6400,2.133080
137.6600,2.181027
137.6800,2.229715
137.7000,2.274985
137.7200,2.314008
137.7400,2.347849
137.7600,2.376311
137.7800,2.394839
137.8000,2.403981
137.8200,2.402175
137.8400,2.387386
137.8600,2.362004
137.8800,2.326494
137.9000,2.282092
137.9200,2.221772
137.9400,2.075194
137.9600,1.921758
137.9800,1.782888
138.0000,1.657352
138.0200,1.543721
138.0400,1.440119
138.0600,1.344912
138.0800,1.258822
138.1000,1.189102
138.1200,1.142387
138.1400,1.099089
138.1600,1.053254
138.1800,1.014741
138.2000,0.986411
138.2200,0.970114
138.2400,0.965789
138.2600,0.972217
138.2800,0.986789
138.3000,1.007033
138.3200,1.029597
138.3400,1.102908
138.3600,1.192308
138.3800,1.265161
138.4000,1.320705
138.4200,1.358057
138.4400,1.375545
138.4600,1.371058
138.4800,1.344734
138.5000,1.298706
138.5200,1.236210
138.5400,1.158162
138.5600,1.077461
138.5800,1.002144
138.6000,0.934397
138.6200,0.875535
138.6400,0.821934
138.6600,0.772361
138.6800,0.726381
138.7000,0.685435
138.7200,0.656283
138.7400,0.704873
138.7600,0.776486
138.7800,0.876599
138.8000,0.965603
138.8200,1.017473
138.8400,1.061810
138.8600,1.102859
138.8800,1.140029
138.9000,1.172217
138.9200,1.198189
138.9400,1.172459
138.9600,1.105906
138.9800,1.051225
139.0000,1.006009
139.0200,0.968777
139.0400,0.937127
139.0600,0.910295
139.0800,0.887433
139.1000,0.865933
139.1200,0.845650
139.1400,0.831134
139.1600,0.829950
139.1800,0.829772
139.2000,0.830369
139.2200,0.831037
139.2400,0.832334
139.2600,0.832834
139.2800,0.834573
139.3000,0.836370
139.3200,0.838094
139.3400,0.836950
139.3600,0.792395
139.3800,0.745996
139.4000,0.705799
139.4200,0.671040
139.4400,0.641880
139.4600,0.618680
139.4800,0.599758
139.5000,0.585766
139.5200,0.576728
139.5400,0.579684
139.5600,0.625994
139.5800,0.671532
139.6000,0.729764
139.6200,0.788053
139.6400,0.833583
139.6600,0.851571
139.6800,0.879636
139.7000,0.899589
139.7200,0.901683
139.7400,0.885121
139.7600,0.827960
139.7800,0.767617
139.8000,0.713017
139.8200,0.663758
139.8400,0.622490
139.8600,0.591517
139.8800,0.572958
139.9000,0.566787
139.9200,0.572974
139.9400,0.592234
139.9600,0.610939
139.9800,0.633695
140.0000,0.668277
140.0200,0.712824
140.0400,0.763090
140.0600,0.815055
140.0800,0.866997
140.1000,0.918036
140.1200,0.966642
140.1400,1.011761
140.1600,1.097109
140.1800,1.268666
140.2000,1.480791
140.2200,1.639083
140.2400,1.751406
140.2600,1.854881
140.2800,1.949163
140.3000,2.035688
140.3200,2.112724
140.3400,2.182574
140.3600,2.244593
140.3800,2.297454
140.4000,2.343138
140.4200,2.384294
140.4400,2.422573
140.4600,2.459958
140.4800,2.494752
140.5000,2.526981
140.5200,2.557319
140.5400,2.582654
140.5600,2.603173
140.5800,2.569855
140.6000,2.510460
140.6200,2.460677
140.6400,2.417894
140.6600,2.380409
140.6800,2.348260
140.7000,2.319752
140.7200,2.294071
140.7400,2.270661
140.7600,2.248701
140.7800,2.208808
140.8000,2.149714
140.8200,2.100140
140.8400,2.056906
140.8600,2.019512
140.8800,1.986098
140.9000,1.955503
140.9200,1.926769
140.9400,1.900000
140.9600,1.874818
140.9800,1.835652
141.0000,1.748910
141.0200,1.663016
141.0400,1.581927
141.0600,1.505046
141.0800,1.433007
141.1000,1.366330
141.1200,1.306882
141.1400,1.255713
141.1600,1.213607
141.1800,1.199630
141.2000,1.242131
141.2200,1.303136
141.2400,1.357654
141.2600,1.373678
141.2800,1.383037
141.3000,1.386806
141.3200,1.385913
141.3400,1.380307
141.3600,1.370052
141.3800,1.353489
141.4000,1.334270
141.4200,1.315484
141.4400,1.297544
141.4600,1.282385
141.4800,1.270131
141.5000,1.260924
141.5200,1.255382
141.5400,1.251718
141.5600,1.246876
141.5800,1.226778
141.6000,1.146143
141.6200,1.071444
141.6400,1.003963
141.6600,0.941026
141.6800,0.883156
141.7000,0.829217
141.7200,0.778959
141.7400,0.731504
141.7600,0.687498
141.7800,0.652046
141.8000,0.664620
141.8200,0.679780
141.8400,0.685967
141.8600,0.684735
141.8800,0.677920
141.9000,0.667754
141.9200,0.656774
141.9400,0.647438
141.9600,0.641445
141.9800,0.638867
142.0000,0.690615
142.0200,0.773078
142.0400,0.853681
142.0600,0.932294
142.0800,1.007612
142.1000,1.079009
142.1200,1.149204
142.1400,1.217330
142.1600,1.284568
142.1800,1.346571
142.2000,1.296216
142.2200,1.204207
142.2400,1.124046
142.2600,1.053447
142.2800,0.992709
142.3000,0.941171
142.3200,0.893781
142.3400,0.853512
142.3600,0.820396
142.3800,0.794296
142.4000,0.815877
142.4200,0.907862
142.4400,0.956017
142.4600,0.986072
142.4800,1.006565
142.5000,1.036242
142.5200,1.055623
142.5400,1.052200
142.5600,1.054577
142.5800,1.042701
142.6000,1.048486
142.6200,1.114413
142.6400,1.136532
142.6600,1.135968
142.6800,1.123063
142.7000,1.109263
142.7200,1.086445
142.7400,1.041510
142.7600,0.987917
142.7800,0.929297
142.8000,0.903762
142.8200,0.946149
142.8400,0.989045
142.8600,1.032608
142.8800,1.073949
142.9000,1.111803
142.9200,1.144129
142.9400,1.169453
142.9600,1.186492
142.9800,1.203167
143.0000,1.227148
143.0200,1.244757
143.0400,1.236782
143.0600,1.217361
143.0800,1.185951
143.1000,1.142929
143.1200,1.089414
143.1400,1.028516
143.1600,0.963469
143.1800,0.898719
143.2000,0.846971
143.2200,0.868100
143.2400,0.903641
143.2600,0.940688
143.2800,0.977187
143.3000,1.009635
143.3200,1.035751
143.3400,1.052636
143.3600,1.060900
143.3800,1.059893
143.4000,1.048390
143.4200,1.006629
143.4400,0.948034
143.4600,0.890349
143.4800,0.834920
143.5000,0.783164
143.5200,0.735911
143.5400,0.691928
143.5600,0.651965
143.5800,0.617697
143.6000,0.590212
143.6200,0.586048
143.6400,0.621927
143.6600,0.647188
143.6800,0.660496
143.7000,0.660931
143.7200,0.650531
143.7400,0.630377
143.7600,0.603898
143.7800,0.572442
143.8000,0.539922
143.8200,0.516763
143.8400,0.597784
143.8600,0.696923
143.8800,0.786434
143.9000,0.867907
143.9200,0.942283
143.9400,1.008144
143.9600,1.066933
143.9800,1.118053
144.0000,1.157967
144.0200,1.185589
144.0400,1.199380
144.0600,1.211391
144.0800,1.225884
144.1000,1.241132
144.1200,1.255085
144.1400,1.265459
144.1600,1.270001
144.1800,1.270342
144.2000,1.266668
144.2200,1.274891
144.2400,1.216006
144.2600,1.124795
144.2800,1.043733
144.3000,0.969840
144.3200,0.902843
144.3400,0.840857
144.3600,0.784195
144.3800,0.732640
144.4000,0.687804
144.4200,0.650572
144.4400,0.613106
144.4600,0.573006
144.4800,0.536418
144.5000,0.502827
144.5200,0.472225
144.5400,0.445690
144.5600,0.425487
144.5800,0.412429
144.6000,0.407838
144.6200,0.415603
144.6400,0.424641
144.6600,0.424754
144.6800,0.431537
144.7000,0.445835
144.7200,0.466505
144.7400,0.492283
144.7600,0.521000
144.7800,0.552771
144.8000,0.585669
144.8200,0.621701
144.8400,0.620670
144.8600,0.573570
144.8800,0.532238
144.9000,0.497970
144.9200,0.472185
144.9400,0.456565
144.9600,0.449661
144.9800,0.449710
145.0000,0.455397
145.0200,0.465611
145.0400,0.451667
145.0600,0.419188
145.0800,0.393620
145.1000,0.376446
145.1200,0.365604
145.1400,0.360754
145.1600,0.359578
145.1800,0.362897
145.2000,0.370751
145.2200,0.383454
145.2400,0.412728
145.2600,0.459650
145.2800,0.506581
145.3000,0.554680
145.3200,0.603963
145.3400,0.654406
145.3600,0.704551
145.3800,0.753689
145.4000,0.800862
145.4200,0.846246
145.4400,0.895070
145.4600,0.944780
145.4800,0.984380
145.5000,1.014282
145.5200,1.034244
145.5400,1.045603
145.5600,1.048027
145.5800,1.044192
145.6000,1.035042
145.6200,1.021234
145.6400,1.010915
145.6600,1.030241
145.6800,1.056357
145.7000,1.084671
145.7200,1.113509
145.7400,1.142510
145.7600,1.171437
145.7800,1.197962
145.8000,1.221864
145.8200,1.242139
145.8400,1.253216
145.8600,1.239738
145.8800,1.218254
145.9000,1.195168
145.9200,1.173821
145.9400,1.160971
145.9600,1.160739
145.9800,1.175352
146.0000,1.206460
146.0200,1.251169
146.0400,1.297882
146.0600,1.315041
146.0800,1.332900
146.1000,1.354787
146.1200,1.379348
146.1400,1.405012
146.1600,1.431104
146.1800,1.456584
146.2000,1.480638
146.2200,1.503749
146.2400,1.532547
146.2600,1.614488
146.2800,1.697501
146.3000,1.774664
146.3200,1.846705
146.3400,1.913308
146.3600,1.974062
146.3800,2.028510
146.4000,2.078005
146.4200,2.123420
146.4400,2.168871
146.4600,2.258077
146.4800,2.353400
146.5000,2.440827
146.5200,2.519490
146.5400,2.592805
146.5600,2.657507
146.5800,2.713050
146.6000,2.757550
146.6200,2.794221
146.6400,2.822022
146.6600,2.819514
146.6800,2.788058
146.7000,2.771228
146.7200,2.766348
146.7400,2.770601
146.7600,2.781476
146.7800,2.798771
146.8000,2.816374
146.8200,2.834241
146.8400,2.851697
146.8600,2.846316
146.8800,2.779696
146.9000,2.712326
146.9200,2.650564
146.9400,2.592779
146.9600,2.565246
146.9800,2.532461
147.0000,2.465807
147.0200,2.399872
147.0400,2.333340
147.0600,2.264635
147.0800,2.194140
147.1000,2.120891
147.1200,2.044517
147.1400,1.966152
147.1600,1.886370
147.1800,1.805042
147.2000,1.724131
147.2200,1.644656
147.2400,1.566630
147.2600,1.497773
147.2800,1.476344
147.3000,1.461466
147.3200,1.445806
147.3400,1.430194
147.3600,1.413850
147.3800,1.397528
147.4000,1.380741
147.4200,1.363341
147.4400,1.344459
147.4600,1.323652
147.4800,1.278034
147.5000,1.228921
147.5200,1.186394
147.5400,1.148165
147.5600,1.113373
147.5800,1.083752
147.6000,1.062366
147.6200,1.032069
147.6400,0.998108
147.6600,0.963565
147.6800,0.930755
147.7000,0.907338
147.7200,0.892331
147.7400,0.885226
147.7600,0.884646
147.7800,0.888384
147.8000,0.894538
147.8200,0.900886
147.8400,0.908273
147.8600,0.915708
147.8800,0.923852
147.9000,0.933237
147.9200,0.941993
147.9400,0.951241
147.9600,0.962824
147.9800,0.976188
148.0000,0.991647
148.0200,1.008288
148.0400,1.025254
148.0600,1.041584
148.0800,1.056453
148.1000,1.024062
148.1200,0.979910
148.1400,0.946133
148.1600,0.920300
148.1800,0.901313
148.2000,0.887337
148.2200,0.875592
148.2400,0.866143
148.2600,0.856613
148.2800,0.845617
148.3000,0.809545
148.3200,0.769389
148.3400,0.732326
148.3600,0.698187
148.3800,0.665498
148.4000,0.634847
148.4200,0.605896
148.4400,0.578588
148.4600,0.553383
148.4800,0.530216
148.5000,0.506670
148.5200,0.480747
148.5400,0.454994
148.5600,0.429877
148.5800,0.406001
148.6000,0.383454
148.6200,0.361777
148.6400,0.341663
148.6600,0.323288
148.6800,0.307597
148.7000,0.293910
148.7200,0.281086
148.7400,0.271291
148.7600,0.265725
148.7800,0.264114
148.8000,0.266981
148.8200,0.275174
148.8400,0.286540
148.8600,0.301402
148.8800,0.317537
148.9000,0.334767
148.9200,0.383060
148.9400,0.442452
148.9600,0.500217
148.9800,0.557983
149.0000,0.615393
149.0200,0.671894
149.0400,0.726357
149.0600,0.774915
149.0800,0.816763
149.1000,0.842653
149.1200,0.794353
149.1400,0.735403
149.1600,0.682221
149.1800,0.634042
149.2000,0.589761
149.2200,0.549460
149.2400,0.511881
149.2600,0.478532
149.2800,0.451579
149.3000,0.433873
149.3200,0.450129
149.3400,0.484042
149.3600,0.513170
149.3800,0.537933
149.4000,0.554809
149.4200,0.563807
149.4400,0.565861
149.4600,0.560343
149.4800,0.549436
149.5000,0.535774
149.5200,0.525584
149.5400,0.526953
149.5600,0.537345
149.5800,0.549097
149.6000,0.560947
149.6200,0.580127
149.6400,0.590470
149.6600,0.594756
149.6800,0.600692
149.7000,0.607813
149.7200,0.610512
149.7400,0.598300
149.7600,0.587087
149.7800,0.574166
149.8000,0.563194
149.8200,0.556895
149.8400,0.558184
149.8600,0.567617
149.8800,0.583663
149.9000,0.605429
149.9200,0.632664
149.9400,0.637900
149.9600,0.635186
149.9800,0.636821
150.0000,0.642677
150.0200,0.661108
150.0400,0.679579
150.0600,0.685041
150.0800,0.690808
150.1000,0.697196
150.1200,0.703890
150.1400,0.719937
150.1600,0.739068
150.1800,0.748960
150.2000,0.754720
150.2200,0.763686
150.2400,0.755872
150.2600,0.748171
150.2800,0.736539
150.3000,0.717254
150.3200,0.701442
150.3400,0.677428
150.3600,0.655952
150.3800,0.643281
150.4000,0.644643
150.4200,0.661495
150.4400,0.691944
150.4600,0.732342
150.4800,0.777589
150.5000,0.824359
150.5200,0.868511
150.5400,0.921306
150.5600,0.977364
150.5800,1.021395
150.6000,1.051370
150.6200,1.066078
150.6400,1.066844
150.6600,1.054270
150.6800,1.032463
150.7000,1.004568
150.7200,0.973771
150.7400,0.945940
150.7600,0.921685
150.7800,0.898944
150.8000,0.880022
150.8200,0.864395
150.8400,0.853866
150.8600,0.847978
150.8800,0.848236
150.9000,0.853560
150.9200,0.864645
150.9400,0.864443
150.9600,0.822144
150.9800,0.789648
151.0000,0.771072
151.0200,0.765643
151.0400,0.772498
151.0600,0.790196
151.0800,0.814950
151.1000,0.843588
151.1200,0.875785
151.1400,0.889721
151.1600,0.853480
151.1800,0.816247
151.2000,0.779925
151.2200,0.745247
151.2400,0.710987
151.2600,0.673377
151.2800,0.634525
151.3000,0.595142
151.3200,0.558119
151.3400,0.528298
151.3600,0.567939
151.3800,0.622370
151.4000,0.666948
151.4200,0.705308
151.4400,0.737659
151.4600,0.759553
151.4800,0.769719
151.5000,0.767343
151.5200,0.755574
151.5400,0.735460
151.5600,0.700314
151.5800,0.651409
151.6000,0.607709
151.6200,0.568857
151.6400,0.535798
151.6600,0.507805
151.6800,0.486724
151.7000,0.473771
151.7200,0.471693
151.7400,0.483518
151.7600,0.491244
151.7800,0.463259
151.8000,0.444756
151.8200,0.436966
151.8400,0.436999
151.8600,0.442114
151.8800,0.450846
151.9000,0.464032
151.9200,0.478419
151.9400,0.493805
151.9600,0.510077
151.9800,0.569373
152.0000,0.640357
152.0200,0.696125
152.0400,0.737055
152.0600,0.762034
152.0800,0.772982
152.1000,0.772579
152.1200,0.763025
152.1400,0.748461
152.1600,0.732640
152.1800,0.734010
152.2000,0.753069
152.2200,0.769018
152.2400,0.781609
152.2600,0.789689
152.2800,0.790446
152.3000,0.785693
152.3200,0.777404
152.3400,0.767730
152.3600,0.755751
152.3800,0.730771
152.4000,0.678274
152.4200,0.629450
152.4400,0.585822
152.4600,0.548235
152.4800,0.517118
152.5000,0.492162
152.5200,0.473111
152.5400,0.458804
152.5600,0.447398
152.5800,0.439713
152.6000,0.458410
152.6200,0.487973
152.6400,0.521709
152.6600,0.557604
152.6800,0.596794
152.7000,0.641332
152.7200,0.690655
152.7400,0.746842
152.7600,0.806637
152.7800,0.867899
152.8000,0.918777
152.8200,0.987627
152.8400,1.057284
152.8600,1.132796
152.8800,1.240528
152.9000,1.310795
152.9200,1.362407
152.9400,1.410530
152.9600,1.452219
152.9800,1.486092
153.0000,1.480018
153.0200,1.382007
153.0400,1.291051
153.0600,1.209676
153.0800,1.136105
153.1000,1.067133
153.1200,1.001732
153.1400,0.938183
153.1600,0.876615
153.1800,0.819647
153.2000,0.765377
153.2200,0.715643
153.2400,0.669018
153.2600,0.626083
153.2800,0.585854
153.3000,0.548034
153.3200,0.513484
153.3400,0.480498
153.3600,0.450612
153.3800,0.424690
153.4000,0.409570
153.4200,0.430176
153.4400,0.448792
153.4600,0.458877
153.4800,0.461374
153.5000,0.458692
153.5200,0.455059
153.5400,0.452360
153.5600,0.453375
153.5800,0.458716
153.6000,0.466046
153.6200,0.471967
153.6400,0.477292
153.6600,0.481416
153.6800,0.482874
153.7000,0.481263
153.7200,0.475495
153.7400,0.465982
153.7600,0.453005
153.7800,0.440035
153.8000,0.424617
153.8200,0.395956
153.8400,0.369591
153.8600,0.346069
153.8800,0.324819
153.9000,0.306855
153.9200,0.293097
153.9400,0.284880
153.9600,0.280675
153.9800,0.279435
154.0000,0.280426
154.0200,0.277888
154.0400,0.273224
154.0600,0.267336
154.0800,0.259594
154.1000,0.250742
154.1200,0.240874
154.1400,0.230708
154.1600,0.220929
154.1800,0.210771
154.2000,0.201394
154.2200,0.194161
154.2400,0.188514
154.2600,0.182690
154.2800,0.176535
154.3000,0.170252
154.3200,0.164364
154.3400,0.158870
154.3600,0.153433
154.3800,0.148897
154.4000,0.144813
154.4200,0.139392
154.4400,0.133898
154.4600,0.130442
154.4800,0.129234
154.5000,0.129017
154.5200,0.129822
154.5400,0.136097
154.5600,0.145248
154.5800,0.150976
154.6000,0.157621
154.6200,0.165790
154.6400,0.159192
154.6600,0.147673
154.6800,0.137032
154.7000,0.127696
154.7200,0.119044
154.7400,0.111617
154.7600,0.104971
154.7800,0.098454
154.8000,0.092767
154.8200,0.087934
154.8400,0.082585
154.8600,0.077833
154.8800,0.073628
154.9000,0.069866
154.9200,0.065879
154.9400,0.062423
154.9600,0.059152
154.9800,0.055987
155.0000,0.053401
155.0200,0.051177
155.0400,0.049148
155.0600,0.048882
155.0800,0.049196
155.1000,0.050638
155.1200,0.051596
155.1400,0.052055
155.1600,0.053336
155.1800,0.056381
155.2000,0.058951
155.2200,0.061867
155.2400,0.064574
155.2600,0.068005
155.2800,0.080088
155.3000,0.092083
155.3200,0.103102
155.3400,0.113502
155.3600,0.123781
155.3800,0.133415
155.4000,0.143267
155.4200,0.152716
155.4400,0.161979
155.4600,0.171146
155.4800,0.177832
155.5000,0.182198
155.5200,0.185944
155.5400,0.188320
155.5600,0.188280
155.5800,0.186008
155.6000,0.180055
155.6200,0.171976
155.6400,0.162092
155.6600,0.156759
155.6800,0.167634
155.7000,0.178718
155.7200,0.188538
155.7400,0.196102
155.7600,0.201507
155.7800,0.205615
155.8000,0.208209
155.8200,0.211101
155.8400,0.213244
155.8600,0.215491
155.8800,0.209796
155.9000,0.201467
155.9200,0.193605
155.9400,0.185799
155.9600,0.178026
155.9800,0.170985
156.0000,0.164066
156.0200,0.157936
156.0400,0.152627
156.0600,0.147995
156.0800,0.142864
156.1000,0.137128
156.1200,0.131498
156.1400,0.125843
156.1600,0.121356
156.1800,0.117651
156.2000,0.114702
156.2200,0.112761
156.2400,0.111778
156.2600,0.110401
156.2800,0.108886
156.3000,0.109039
156.3200,0.108644
156.3400,0.107944
156.3600,0.107356
156.3800,0.106929
156.4000,0.106582
156.4200,0.106977
156.4400,0.107058
156.4600,0.107622
156.4800,0.109853
156.5000,0.115814
156.5200,0.119415
156.5400,0.121445
156.5600,0.120824
156.5800,0.118279
156.6000,0.114767
156.6200,0.111367
156.6400,0.109998
156.6600,0.111029
156.6800,0.115234
156.7000,0.122677
156.7200,0.131272
156.7400,0.139948
156.7600,0.149622
156.7800,0.159788
156.8000,0.170019
156.8200,0.178968
156.8400,0.185871
156.8600,0.189706
156.8800,0.190745
156.9000,0.199646
156.9200,0.207919
156.9400,0.210875
156.9600,0.211254
156.9800,0.209740
157.0000,0.207081
157.0200,0.203650
157.0400,0.200589
157.0600,0.198132
157.0800,0.196497
157.1000,0.191188
157.1200,0.178340
157.1400,0.166659
157.1600,0.155446
157.1800,0.144644
157.2000,0.134253
157.2200,0.124973
157.2400,0.116724
157.2600,0.109434
157.2800,0.103819
157.3000,0.099413
157.3200,0.094773
157.3400,0.091736
157.3600,0.089497
157.3800,0.088965
157.4000,0.089199
157.4200,0.089876
157.4400,0.091495
157.4600,0.093090
157.4800,0.095200
157.5000,0.098036
157.5200,0.108403
157.5400,0.118907
157.5600,0.126890
157.5800,0.132086
157.6000,0.134639
157.6200,0.134905
157.6400,0.133536
157.6600,0.131063
157.6800,0.127591
157.7000,0.124683
157.7200,0.122427
157.7400,0.122798
157.7600,0.126584
157.7800,0.133939
157.8000,0.143581
157.8200,0.153433
157.8400,0.161778
157.8600,0.168875
157.8800,0.177518
157.9000,0.182182
157.9200,0.182609
157.9400,0.176713
157.9600,0.171928
157.9800,0.169503
158.0000,0.070663
158.0200,0.096143
158.0400,0.119559
158.0600,0.141535
158.0800,0.162720
158.1000,0.182577
158.1200,0.201233
158.1400,0.218568
158.1600,0.235283
158.1800,0.250057
158.2000,0.256678
158.2200,0.261399
158.2400,0.265902
158.2600,0.270252
158.2800,0.274521
158.3000,0.278396
158.3200,0.283285
158.3400,0.288449
158.3600,0.294515
158.3800,0.300830
158.4000,0.301708
158.4200,0.301200
158.4400,0.302683
158.4600,0.305784
158.4800,0.310851
158.5000,0.315773
158.5200,0.321065
158.5400,0.325923
158.5600,0.329999
158.5800,0.333559
158.6000,0.335742
158.6200,0.336056
158.6400,0.334767
158.6600,0.331940
158.6800,0.327832
158.7000,0.321919
158.7200,0.314073
158.7400,0.304165
158.7600,0.292227
158.7800,0.278895
158.8000,0.271105
158.8200,0.270485
158.8400,0.266611
158.8600,0.258112
158.8800,0.248003
158.9000,0.237909
158.9200,0.228710
158.9400,0.220034
158.9600,0.211818
158.9800,0.203819
159.0000,0.198776
159.0200,0.208032
159.0400,0.217682
159.0600,0.229097
159.0800,0.233358
159.1000,0.233809
159.1200,0.233060
159.1400,0.231964
159.1600,0.230885
159.1800,0.230619
159.2000,0.230257
159.2200,0.231014
159.2400,0.230796
159.2600,0.227808
159.2800,0.221992
159.3000,0.212527
159.3200,0.200154
159.3400,0.186685
159.3600,0.172935
159.3800,0.160352
159.4000,0.149131
159.4200,0.138296
159.4400,0.128799
159.4600,0.119447
159.4800,0.111416
159.5000,0.103666
159.5200,0.097979
159.5400,0.096320
159.5600,0.100275
159.5800,0.110634
159.6000,0.125682
159.6200,0.137789
159.6400,0.152272
159.6600,0.169431
159.6800,0.187853
159.7000,0.206993
159.7200,0.228791
159.7400,0.254012
159.7600,0.283624
159.7800,0.318213
159.8000,0.359103
159.8200,0.384952
159.8400,0.403037
159.8600,0.422612
159.8800,0.441316
159.9000,0.460810
159.9200,0.481988
159.9400,0.505663
159.9600,0.531633
159.9800,0.558748
160.0000,0.585895
160.0200,0.566844
160.0400,0.526510
160.0600,0.495062
160.0800,0.471943
160.1000,0.456307
160.1200,0.445940
160.1400,0.439616
160.1600,0.436620
160.1800,0.435710
160.2000,0.435991
160.2200,0.428347
160.2400,0.414137
160.2600,0.397221
160.2800,0.378420
160.3000,0.358321
160.3200,0.338199
160.3400,0.320002
160.3600,0.305035
160.3800,0.294490
160.4000,0.289142
160.4200,0.284429
160.4400,0.274022
160.4600,0.262760
160.4800,0.250991
160.5000,0.238062
160.5200,0.225480
160.5400,0.212414
160.5600,0.198768
160.5800,0.185154
160.6000,0.172306
160.6200,0.165540
160.6400,0.177864
160.6600,0.193266
160.6800,0.213276
160.7000,0.239359
160.7200,0.276664
160.7400,0.330393
160.7600,0.401917
160.7800,0.492621
160.8000,0.599033
160.8200,0.694618
160.8400,0.732978
160.8600,0.774593
160.8800,0.823650
160.9000,0.891525
160.9200,0.937764
160.9400,0.997205
160.9600,1.036057
160.9800,1.070148
161.0000,1.107950
161.0200,1.189883
161.0400,1.406101
161.0600,1.607770
161.0800,1.796485
161.1000,1.974998
161.1200,2.140636
161.1400,2.291605
161.1600,2.428913
161.1800,2.551890
161.2000,2.664749
161.2200,2.768941
161.2400,2.770875
161.2600,2.739199
161.2800,2.730193
161.3000,2.742502
161.3200,2.772752
161.3400,2.816019
161.3600,2.867913
161.3800,2.928227
161.4000,2.993389
161.4200,3.060597
161.4400,3.121838
161.4600,3.229043
161.4800,3.356501
161.5000,3.406707
161.5200,3.448797
161.5400,3.487899
161.5600,3.522088
161.5800,3.552064
161.6000,3.580042
161.6200,3.600000
161.6400,3.600000
161.6600,3.600000
161.6800,3.600000
161.7000,3.600000
161.7200,3.600000
161.7400,3.600000
161.7600,3.600000
161.7800,3.600000
161.8000,3.600000
161.8200,3.600000
161.8400,3.600000
161.8600,3.600000
161.8800,3.600000
161.9000,3.600000
161.9200,3.600000
161.9400,3.600000
161.9600,3.600000
161.9800,3.600000
162.0000,3.600000
162.0200,3.600000
162.0400,3.600000
162.0600,3.600000
162.0800,3.600000
162.1000,3.600000
162.1200,3.600000
162.1400,3.600000
162.1600,3.600000
162.1800,3.600000
162.2000,3.600000
162.2200,3.600000
162.2400,3.600000
162.2600,3.600000
162.2800,3.600000
162.3000,3.600000
162.3200,3.600000
162.3400,3.600000
162.3600,3.600000
162.3800,3.600000
162.4000,3.600000
162.4200,3.600000
162.4400,3.600000
162.4600,3.600000
162.4800,3.600000
162.5000,3.600000
162.5200,3.600000
162.5400,3.600000
162.5600,3.600000
162.5800,3.600000
162.6000,3.600000
162.6200,3.600000
162.6400,3.600000
162.6600,3.600000
162.6800,3.600000
162.7000,3.600000
162.7200,3.600000
162.7400,3.600000
162.7600,3.600000
162.7800,3.600000
162.8000,3.600000
162.8200,3.600000
162.8400,3.600000
162.8600,3.600000
162.8800,3.600000
162.9000,3.600000
162.9200,3.600000
162.9400,3.600000
162.9600,3.600000
162.9800,3.600000
163.0000,3.600000
163.0200,3.600000
163.0400,3.600000
163.0600,3.600000
163.0800,3.600000
163.1000,3.600000
163.1200,3.600000
163.1400,3.600000
163.1600,3.600000
163.1800,3.600000
163.2000,3.600000
163.2200,3.600000
163.2400,3.600000
163.2600,3.600000
163.2800,3.600000
163.3000,3.600000
163.3200,3.600000
163.3400,3.600000
163.3600,3.600000
163.3800,3.600000
163.4000,3.600000
163.4200,3.600000
163.4400,3.600000
163.4600,3.600000
163.4800,3.451931
163.5000,3.304396
163.5200,3.172347
163.5400,3.054718
163.5600,2.947681
163.5800,2.850578
163.6000,2.761442
163.6200,2.677148
163.6400,2.595810
163.6600,2.519998
163.6800,2.504274
163.7000,2.503967
163.7200,2.497806
163.7400,2.486012
163.7600,2.469643
163.7800,2.450920
163.8000,2.428929
163.8200,2.404497
163.8400,2.377325
163.8600,2.346658
163.8800,2.300249
163.9000,2.239768
163.9200,2.180695
163.9400,2.123686
163.9600,2.066194
163.9800,2.006954
164.0000,1.947486
164.0200,1.888135
164.0400,1.828950
164.0600,1.769059
164.0800,1.680954
164.1000,1.576788
164.1200,1.480904
164.1400,1.392172
164.1600,1.309902
164.1800,1.234277
164.2000,1.165524
164.2200,1.104068
164.2400,1.050338
164.2600,1.004890
164.2800,1.023635
164.3000,1.079692
164.3200,1.129805
164.3400,1.176164
164.3600,1.219117
164.3800,1.260949
164.4000,1.302442
164.4200,1.346507
164.4400,1.393566
164.4600,1.440119
164.4800,1.436035
164.5000,1.402636
164.5200,1.373492
164.5400,1.363818
164.5600,1.341711
164.5800,1.309176
164.6000,1.277398
164.6200,1.245136
164.6400,1.212083
164.6600,1.183407
164.6800,1.267312
164.7000,1.369069
164.7200,1.454909
164.7400,1.530953
164.7600,1.599650
164.7800,1.665222
164.8000,1.725581
164.8200,1.782494
164.8400,1.838085
164.8600,1.893886
164.8800,1.894378
164.9000,1.862486
164.9200,1.840518
164.9400,1.827040
164.9600,1.823255
164.9800,1.830223
165.0000,1.847220
165.0200,1.875463
165.0400,1.912092
165.0600,1.953682
165.0800,1.973088
165.1000,1.948526
165.1200,1.945851
165.1400,1.962512
165.1600,1.988458
165.1800,2.019126
165.2000,2.052645
165.2200,2.082741
165.2400,2.114285
165.2600,2.183395
165.2800,2.248170
165.3000,2.378944
165.3200,2.477126
165.3400,2.528344
165.3600,2.573817
165.3800,2.637014
165.4000,2.741214
165.4200,2.783530
165.4400,2.802437
165.4600,2.822592
165.4800,2.829706
165.5000,2.752089
165.5200,2.675641
165.5400,2.615192
165.5600,2.566149
165.5800,2.525629
165.6000,2.491005
165.6200,2.461047
165.6400,2.435672
165.6600,2.415476
165.6800,2.396827
165.7000,2.365136
165.7200,2.328491
165.7400,2.294022
165.7600,2.258561
165.7800,2.222762
165.8000,2.185722
165.8200,2.149722
165.8400,2.114609
165.8600,2.082708
165.8800,2.045839
165.9000,1.936636
165.9200,1.823938
165.9400,1.725114
165.9600,1.636745
165.9800,1.557156
166.0000,1.484713
166.0200,1.418554
166.0400,1.357590
166.0600,1.300895
166.0800,1.253054
166.1000,1.305729
166.1200,1.377190
166.1400,1.432692
166.1600,1.473227
166.1800,1.502420
166.2000,1.522099
166.2200,1.532298
166.2400,1.533980
166.2600,1.526432
166.2800,1.510467
166.3000,1.480314
166.3200,1.440748
166.3400,1.406245
166.3600,1.360305
166.3800,1.299228
166.4000,1.237007
166.4200,1.175133
166.4400,1.113670
166.4600,1.051966
166.4800,0.991453
166.5000,0.938142
166.5200,0.894353
166.5400,0.859859
166.5600,0.832519
166.5800,0.812107
166.6000,0.799041
166.6200,0.793362
166.6400,0.794296
166.6600,0.802787
166.6800,0.817859
166.7000,0.795158
166.7200,0.764894
166.7400,0.750298
166.7600,0.747623
166.7800,0.754293
166.8000,0.769606
166.8200,0.792830
166.8400,0.822579
166.8600,0.856734
166.8800,0.893563
166.9000,0.962905
166.9200,1.039053
166.9400,1.104335
166.9600,1.159885
166.9800,1.205987
167.0000,1.242703
167.0200,1.269818
167.0400,1.288731
167.0600,1.299293
167.0800,1.302176
167.1000,1.278800
167.1200,1.240295
167.1400,1.202361
167.1600,1.165056
167.1800,1.128799
167.2000,1.093935
167.2200,1.061559
167.2400,1.033101
167.2600,1.019067
167.2800,1.002666
167.3000,0.986604
167.3200,0.984904
167.3400,0.981698
167.3600,0.974545
167.3800,0.963581
167.4000,0.947978
167.4200,0.929660
167.4400,0.909924
167.4600,0.889697
167.4800,0.869518
167.5000,0.864507
167.5200,0.900032
167.5400,0.948026
167.5600,0.989802
167.5800,1.002546
167.6000,1.009602
167.6200,1.013259
167.6400,1.014516
167.6600,1.016980
167.6800,1.037055
167.7000,1.047600
167.7200,1.066304
167.7400,1.084501
167.7600,1.099702
167.7800,1.113050
167.8000,1.125463
167.8200,1.135477
167.8400,1.144530
167.8600,1.151395
167.8800,1.156316
167.9000,1.159482
167.9200,1.154109
167.9400,1.145868
167.9600,1.135050
167.9800,1.121186
168.0000,1.104816
168.0200,1.084591
168.0400,1.060560
168.0600,1.032237
168.0800,1.000604
168.1000,0.966473
168.1200,1.002795
168.1400,1.076381
168.1600,1.146352
168.1800,1.211552
168.2000,1.271220
168.2200,1.326191
168.2400,1.373734
168.2600,1.413615
168.2800,1.446821
168.3000,1.472042
168.3200,1.446781
168.3400,1.381433
168.3600,1.325724
168.3800,1.278252
168.4000,1.238328
168.4200,1.205640
168.4400,1.179894
168.4600,1.160078
168.4800,1.145369
168.5000,1.134276
168.5200,1.126978
168.5400,1.121904
168.5600,1.116846
168.5800,1.110601
168.6000,1.103956
168.6200,1.095851
168.6400,1.086637
168.6600,1.075945
168.6800,1.063711
168.7000,1.050749
168.7200,1.018303
168.7400,0.972910
168.7600,0.927920
168.7800,0.882745
168.8000,0.837691
168.8200,0.792709
168.8400,0.748848
168.8600,0.706976
168.8800,0.667641
168.9000,0.629652
168.9200,0.612655
168.9400,0.634912
168.9600,0.645497
168.9800,0.642830
169.0000,0.628306
169.0200,0.604124
169.0400,0.575350
169.0600,0.544200
169.0800,0.513895
169.1000,0.485130
169.1200,0.474891
169.1400,0.517037
169.1600,0.558716
169.1800,0.597317
169.2000,0.633599
169.2200,0.666546
169.2400,0.695803
169.2600,0.720098
169.2800,0.740091
169.3000,0.755679
169.3200,0.762840
169.3400,0.744739
169.3600,0.723997
169.3800,0.705461
169.4000,0.688617
169.4200,0.675036
169.4400,0.664008
169.4600,0.656452
169.4800,0.652481
169.5000,0.651135
169.5200,0.662179
169.5400,0.809239
169.5600,0.997503
169.5800,1.116628
169.6000,1.212842
169.6200,1.298109
169.6400,1.373299
169.6600,1.438548
169.6800,1.530750
169.7000,1.607487
169.7200,1.641554
169.7400,1.673584
169.7600,1.701358
169.7800,1.723519
169.8000,1.742691
169.8200,1.757634
169.8400,1.768155
169.8600,1.776743
169.8800,1.783010
169.9000,1.787464
169.9200,1.784127
169.9400,1.740967
169.9600,1.696686
169.9800,1.657038
170.0000,1.623817
170.0200,1.594108
170.0400,1.568595
170.0600,1.546313
170.0800,1.527068
170.1000,1.510917
170.1200,1.495733
170.1400,1.458461
170.1600,1.421430
170.1800,1.389352
170.2000,1.361239
170.2200,1.337411
170.2400,1.320076
170.2600,1.323846
170.2800,1.315775
170.3000,1.298736
170.3200,1.283416
170.3400,1.295361
170.3600,1.322002
170.3800,1.344781
170.4000,1.363183
170.4200,1.398366
170.4400,1.434956
170.4600,1.438750
170.4800,1.438918
170.5000,1.437146
170.5200,1.433375
170.5400,1.402338
170.5600,1.343276
170.5800,1.290310
170.6000,1.242937
170.6200,1.199646
170.6400,1.159183
170.6600,1.122339
170.6800,1.087418
170.7000,1.054777
170.7200,1.023828
170.7400,0.993443
170.7600,0.963372
170.7800,0.934904
170.8000,0.908377
170.8200,0.882971
170.8400,0.858716
170.8600,0.836378
170.8800,0.815635
170.9000,0.796310
170.9200,0.777847
170.9400,0.760617
170.9600,0.746117
170.9800,0.727742
171.0000,0.708337
171.0200,0.688102
171.0400,0.667456
171.0600,0.646077
171.0800,0.624480
171.1000,0.603842
171.1200,0.582455
171.1400,0.559811
171.1600,0.526373
171.1800,0.494143
171.2000,0.464822
171.2200,0.437643
171.2400,0.412502
171.2600,0.389254
171.2800,0.367794
171.3000,0.347044
171.3200,0.327985
171.3400,0.314009
171.3600,0.321484
171.3800,0.329733
171.4000,0.337418
171.4200,0.343548
171.4400,0.349718
171.4600,0.354793
171.4800,0.359949
171.5000,0.364081
171.5200,0.367786
171.5400,0.369969
171.5600,0.362268
171.5800,0.353464
171.6000,0.346649
171.6200,0.340567
171.6400,0.335766
171.6600,0.331312
171.6800,0.328081
171.7000,0.325310
171.7200,0.323192
171.7400,0.321138
171.7600,0.305011
171.7800,0.285009
171.8000,0.267811
171.8200,0.251829
171.8400,0.237442
171.8600,0.223724
171.8800,0.211633
171.9000,0.199590
171.9200,0.188506
171.9400,0.178026
171.9600,0.186258
171.9800,0.213421
172.0000,0.239665
172.0200,0.266667
172.0400,0.294482
172.0600,0.323232
172.0800,0.354173
172.1000,0.387192
172.1200,0.422257
172.1400,0.459723
172.1600,0.495859
172.1800,0.526478
172.2000,0.555920
172.2200,0.585290
172.2400,0.613202
172.2600,0.639640
172.2800,0.664677
172.3000,0.686660
172.3200,0.704204
172.3400,0.716892
172.3600,0.724085
172.3800,0.724424
172.4000,0.718406
172.4200,0.704712
172.4400,0.684332
172.4600,0.659497
172.4800,0.631996
172.5000,0.603713
172.5200,0.575729
172.5400,0.549750
172.5600,0.524569
172.5800,0.489963
172.6000,0.456267
172.6200,0.425302
172.6400,0.397543
172.6600,0.378540
172.6800,0.370557
172.7000,0.375431
172.7200,0.393346
172.7400,0.421983
172.7600,0.457918
172.7800,0.484791
172.8000,0.519437
172.8200,0.564934
172.8400,0.619534
172.8600,0.682463
172.8800,0.751248
172.9000,0.823836
172.9200,0.898606
172.9400,0.974271
172.9600,1.051443
172.9800,1.151483
173.0000,1.252611
173.0200,1.346466
173.0400,1.435889
173.0600,1.561040
173.0800,1.661846
173.1000,1.766680
173.1200,1.855502
173.1400,1.902907
173.1600,1.953006
173.1800,1.980209
173.2000,1.985919
173.2200,1.957798
173.2400,1.926133
173.2600,1.893933
173.2800,1.862702
173.3000,1.830537
173.3200,1.797494
173.3400,1.763097
173.3600,1.729826
173.3800,1.768404
173.4000,1.833428
173.4200,1.890018
173.4400,1.940294
173.4600,1.987267
173.4800,2.028599
173.5000,2.066477
173.5200,2.101428
173.5400,2.132129
173.5600,2.158470
173.5800,2.190910
173.6000,2.228320
173.6200,2.259060
173.6400,2.284556
173.6600,2.303246
173.6800,2.318382
173.7000,2.328604
173.7200,2.332020
173.7400,2.328998
173.7600,2.316457
173.7800,2.305333
173.8000,2.305146
173.8200,2.303447
173.8400,2.302037
173.8600,2.301949
173.8800,2.300611
173.9000,2.301160
173.9200,2.302504
173.9400,2.304607
173.9600,2.306009
173.9800,2.315998
174.0000,2.339625
174.0200,2.353731
174.0400,2.362301
174.0600,2.366370
174.0800,2.365097
174.1000,2.361496
174.1200,2.351992
174.1400,2.340994
174.1600,2.327736
174.1800,2.302811
174.2000,2.215085
174.2200,2.136858
174.2400,2.076579
174.2600,2.030556
174.2800,1.997617
174.3000,1.974031
174.3200,1.958426
174.3400,1.949703
174.3600,1.946771
174.3800,1.947334
174.4000,1.959619
174.4200,1.969785
174.4400,1.976955
174.4600,1.979379
174.4800,1.977672
174.5000,1.970518
174.5200,1.960118
174.5400,1.947263
174.5600,1.932551
174.5800,1.917183
174.6000,1.912647
174.6200,1.949790
174.6400,1.983994
174.6600,2.010410
174.6800,2.029711
174.7000,2.043050
174.7200,2.054087
174.7400,2.062932
174.7600,2.069409
174.7800,2.074112
174.8000,2.073050
174.8200,2.026633
174.8400,1.967819
174.8600,1.912438
174.8800,1.860940
174.9000,1.811575
174.9200,1.763974
174.9400,1.718525
174.9600,1.676322
174.9800,1.636601
175.0000,1.600036
175.0200,1.549762
175.0400,1.492222
175.0600,1.432031
175.0800,1.369505
175.1000,1.304884
175.1200,1.238225
175.1400,1.171887
175.1600,1.106493
175.1800,1.043628
175.2000,0.986056
175.2200,0.963565
175.2400,0.966997
175.2600,0.986395
175.2800,1.021114
175.3000,1.070286
175.3200,1.130885
175.3400,1.201950
175.3600,1.278855
175.3800,1.361739
175.4000,1.449180
175.4200,1.561861
175.4400,1.717623
175.4600,1.868680
175.4800,2.016442
175.5000,2.160920
175.5200,2.301102
175.5400,2.435084
175.5600,2.554953
175.5800,2.665516
175.6000,2.763231
175.6200,2.805715
175.6400,2.763995
175.6600,2.719190
175.6800,2.670051
175.7000,2.618341
175.7200,2.564827
175.7400,2.508284
175.7600,2.447119
175.7800,2.380845
175.8000,2.308924
175.8200,2.227734
175.8400,2.125361
175.8600,2.029219
175.8800,1.942349
175.9000,1.865078
175.9200,1.798702
175.9400,1.743827
175.9600,1.700440
175.9800,1.668072
176.0000,1.645228
176.0200,1.653057
176.0400,1.731349
176.0600,1.802770
176.0800,1.865200
176.1000,1.918415
176.1200,1.962198
176.1400,1.999301
176.1600,2.031853
176.1800,2.059500
176.2000,2.081766
176.2200,2.078551
176.2400,2.027722
176.2600,1.987354
176.2800,1.957202
176.3000,1.933979
176.3200,1.918270
176.3400,1.905849
176.3600,1.898260
176.3800,1.894603
176.4000,1.892967
176.4200,1.900097
176.4400,1.914717
176.4600,1.926366
176.4800,1.936550
176.5000,1.945998
176.5200,1.953176
176.5400,1.959716
176.5600,1.966097
176.5800,1.972893
176.6000,1.980837
176.6200,1.977649
176.6400,1.898244
176.6600,1.806732
176.6800,1.714352
176.7000,1.619466
176.7200,1.526498
176.7400,1.434722
176.7600,1.346948
176.7800,1.265741
176.8000,1.195988
176.8200,1.151595
176.8400,1.174327
176.8600,1.218544
176.8800,1.276914
176.9000,1.350968
176.9200,1.440683
176.9400,1.543929
176.9600,1.658398
176.9800,1.782308
177.0000,1.912671
177.0200,2.022218
177.0400,2.007437
177.0600,2.002958
177.0800,2.020568
177.1000,2.050815
177.1200,2.088475
177.1400,2.133080
177.1600,2.181027
177.1800,2.229715
177.2000,2.274985
177.2200,2.314008
177.2400,2.347849
177.2600,2.376311
177.2800,2.394839
177.3000,2.403981
177.3200,2.402175
177.3400,2.387386
177.3600,2.362004
177.3800,2.326494
177.4000,2.282092
177.4200,2.221772
177.4400,2.075194
177.4600,1.921758
177.4800,1.782888
177.5000,1.657352
177.5200,1.543721
177.5400,1.440119
177.5600,1.344912
177.5800,1.258822
177.6000,1.189102
177.6200,1.142387
177.6400,1.099089
177.6600,1.053254
177.6800,1.014741
177.7000,0.986411
177.7200,0.970114
177.7400,0.965789
177.7600,0.972217
177.7800,0.986789
177.8000,1.007033
177.8200,1.029597
177.8400,1.102908
177.8600,1.192308
177.8800,1.265161
177.9000,1.320705
177.9200,1.358057
177.9400,1.375545
177.9600,1.371058
177.9800,1.344734
178.0000,1.298706
178.0200,1.236210
178.0400,1.158162
178.0600,1.077461
178.0800,1.002144
178.1000,0.934397
178.1200,0.875535
178.1400,0.821934
178.1600,0.772361
178.1800,0.726381
178.2000,0.685435
178.2200,0.656283
178.2400,0.704873
178.2600,0.776486
178.2800,0.876599
178.3000,0.965603
178.3200,1.017473
178.3400,1.061810
178.3600,1.102859
178.3800,1.140029
178.4000,1.172217
178.4200,1.198189
178.4400,1.172459
178.4600,1.105906
178.4800,1.051225
178.5000,1.006009
178.5200,0.968777
178.5400,0.937127
178.5600,0.910295
178.5800,0.887433
178.6000,0.865933
178.6200,0.845650
178.6400,0.831134
178.6600,0.829950
178.6800,0.829772
178.7000,0.830369
178.7200,0.831037
178.7400,0.832334
178.7600,0.832834
178.7800,0.834573
178.8000,0.836370
178.8200,0.838094
178.8400,0.836950
178.8600,0.792395
178.8800,0.745996
178.9000,0.705799
178.9200,0.671040
178.9400,0.641880
178.9600,0.618680
178.9800,0.599758
179.0000,0.585766
179.0200,0.576728
179.0400,0.579684
179.0600,0.625994
179.0800,0.671532
179.1000,0.729764
179.1200,0.788053
179.1400,0.833583
179.1600,0.851571
179.1800,0.879636
179.2000,0.899589
179.2200,0.901683
179.2400,0.885121
179.2600,0.827960
179.2800,0.767617
179.3000,0.713017
179.3200,0.663758
179.3400,0.622490
179.3600,0.591517
179.3800,0.572958
179.4000,0.566787
179.4200,0.572974
179.4400,0.592234
179.4600,0.610939
179.4800,0.633695
179.5000,0.668277
179.5200,0.712824
179.5400,0.763090
179.5600,0.815055
179.5800,0.866997
179.6000,0.918036
179.6200,0.966642
179.6400,1.011761
179.6600,1.097109
179.6800,1.268666
179.7000,1.480791
179.7200,1.639083
179.7400,1.751406
179.7600,1.854881
179.7800,1.949163
179.8000,2.035688
179.8200,2.112724
179.8400,2.182574
179.8600,2.244593
179.8800,2.297454
179.9000,2.343138
179.9200,2.384294
179.9400,2.422573
179.9600,2.459958
179.9800,2.494752
180.0000,2.526981
180.0200,2.557319
180.0400,2.582654
180.0600,2.603173
180.0800,2.569855
180.1000,2.510460
180.1200,2.460677
180.1400,2.417894
180.1600,2.380409
180.1800,2.348260
180.2000,2.319752
180.2200,2.294071
180.2400,2.270661
180.2600,2.248701
180.2800,2.208808
180.3000,2.149714
180.3200,2.100140
180.3400,2.056906
180.3600,2.019512
180.3800,1.986098
180.4000,1.955503
180.4200,1.926769
180.4400,1.900000
180.4600,1.874818
180.4800,1.835652
180.5000,1.748910
180.5200,1.663016
180.5400,1.581927
180.5600,1.505046
180.5800,1.433007
180.6000,1.366330
180.6200,1.306882
180.6400,1.255713
180.6600,1.213607
180.6800,1.199630
180.7000,1.242131
180.7200,1.303136
180.7400,1.357654
180.7600,1.373678
180.7800,1.383037
180.8000,1.386806
180.8200,1.385913
180.8400,1.380307
180.8600,1.370052
180.8800,1.353489
180.9000,1.334270
180.9200,1.315484
180.9400,1.297544
180.9600,1.282385
180.9800,1.270131
181.0000,1.260924
181.0200,1.255382
181.0400,1.251718
181.0600,1.246876
181.0800,1.226778
181.1000,1.146143
181.1200,1.071444
181.1400,1.003963
181.1600,0.941026
181.1800,0.883156
181.2000,0.829217
181.2200,0.778959
181.2400,0.731504
181.2600,0.687498
181.2800,0.652046
181.3000,0.664620
181.3200,0.679780
181.3400,0.685967
181.3600,0.684735
181.3800,0.677920
181.4000,0.667754
181.4200,0.656774
181.4400,0.647438
181.4600,0.641445
181.4800,0.638867
181.5000,0.690615
181.5200,0.773078
181.5400,0.853681
181.5600,0.932294
181.5800,1.007612
181.6000,1.079009
181.6200,1.149204
181.6400,1.217330
181.6600,1.284568
181.6800,1.346571
181.7000,1.296216
181.7200,1.204207
181.7400,1.124046
181.7600,1.053447
181.7800,0.992709
181.8000,0.941171
181.8200,0.893781
181.8400,0.853512
181.8600,0.820396
181.8800,0.794296
181.9000,0.815877
181.9200,0.907862
181.9400,0.956017
181.9600,0.986072
181.9800,1.006565
182.0000,1.036242
182.0200,1.055623
182.0400,1.052200
182.0600,1.054577
182.0800,1.042701
182.1000,1.048486
182.1200,1.114413
182.1400,1.136532
182.1600,1.135968
182.1800,1.123063
182.2000,1.109263
182.2200,1.086445
182.2400,1.041510
182.2600,0.987917
182.2800,0.929297
182.3000,0.903762
182.3200,0.946149
182.3400,0.989045
182.3600,1.032608
182.3800,1.073949
182.4000,1.111803
182.4200,1.144129
182.4400,1.169453
182.4600,1.186492
182.4800,1.203167
182.5000,1.227148
182.5200,1.244757
182.5400,1.236782
182.5600,1.217361
182.5800,1.185951
182.6000,1.142929
182.6200,1.089414
182.6400,1.028516
182.6600,0.963469
182.6800,0.898719
182.7000,0.846971
182.7200,0.868100
182.7400,0.903641
182.7600,0.940688
182.7800,0.977187
182.8000,1.009635
182.8200,1.035751
182.8400,1.052636
182.8600,1.060900
182.8800,1.059893
182.9000,1.048390
182.9200,1.006629
182.9400,0.948034
182.9600,0.890349
182.9800,0.834920
183.0000,0.783164
183.0200,0.735911
183.0400,0.691928
183.0600,0.651965
183.0800,0.617697
183.1000,0.590212
183.1200,0.586048
183.1400,0.621927
183.1600,0.647188
183.1800,0.660496
183.2000,0.660931
183.2200,0.650531
183.2400,0.630377
183.2600,0.603898
183.2800,0.572442
183.3000,0.539922
183.3200,0.516763
183.3400,0.597784
183.3600,0.696923
183.3800,0.786434
183.4000,0.867907
183.4200,0.942283
183.4400,1.008144
183.4600,1.066933
183.4800,1.118053
183.5000,1.157967
183.5200,1.185589
183.5400,1.199380
183.5600,1.211391
183.5800,1.225884
183.6000,1.241132
183.6200,1.255085
183.6400,1.265459
183.6600,1.270001
183.6800,1.270342
183.7000,1.266668
183.7200,1.274891
183.7400,1.216006
183.7600,1.124795
183.7800,1.043733
183.8000,0.969840
183.8200,0.902843
183.8400,0.840857
183.8600,0.784195
183.8800,0.732640
183.9000,0.687804
183.9200,0.650572
183.9400,0.613106
183.9600,0.573006
183.9800,0.536418
184.0000,0.502827
184.0200,0.472225
184.0400,0.445690
184.0600,0.425487
184.0800,0.412429
184.1000,0.407838
184.1200,0.415603
184.1400,0.424641
184.1600,0.424754
184.1800,0.431537
184.2000,0.445835
184.2200,0.466505
184.2400,0.492283
184.2600,0.521000
184.2800,0.552771
184.3000,0.585669
184.3200,0.621701
184.3400,0.620670
184.3600,0.573570
184.3800,0.532238
184.4000,0.497970
184.4200,0.472185
184.4400,0.456565
184.4600,0.449661
184.4800,0.449710
184.5000,0.455397
184.5200,0.465611
184.5400,0.451667
184.5600,0.419188
184.5800,0.393620
184.6000,0.376446
184.6200,0.365604
184.6400,0.360754
184.6600,0.359578
184.6800,0.362897
184.7000,0.370751
184.7200,0.383454
184.7400,0.412728
184.7600,0.459650
184.7800,0.506581
184.8000,0.554680
184.8200,0.603963
184.8400,0.654406
184.8600,0.704551
184.8800,0.753689
184.9000,0.800862
184.9200,0.846246
184.9400,0.895070
184.9600,0.944780
184.9800,0.984380
185.0000,1.014282
185.0200,1.034244
185.0400,1.045603
185.0600,1.048027
185.0800,1.044192
185.1000,1.035042
185.1200,1.021234
185.1400,1.010915
185.1600,1.030241
185.1800,1.056357
185.2000,1.084671
185.2200,1.113509
185.2400,1.142510
185.2600,1.171437
185.2800,1.197962
185.3000,1.221864
185.3200,1.242139
185.3400,1.253216
185.3600,1.239738
185.3800,1.218254
185.4000,1.195168
185.4200,1.173821
185.4400,1.160971
185.4600,1.160739
185.4800,1.175352
185.5000,1.206460
185.5200,1.251169
185.5400,1.297882
185.5600,1.315041
185.5800,1.332900
185.6000,1.354787
185.6200,1.379348
185.6400,1.405012
185.6600,1.431104
185.6800,1.456584
185.7000,1.480638
185.7200,1.503749
185.7400,1.532547
185.7600,1.614488
185.7800,1.697501
185.8000,1.774664
185.8200,1.846705
185.8400,1.913308
185.8600,1.974062
185.8800,2.028510
185.9000,2.078005
185.9200,2.123420
185.9400,2.168871
185.9600,2.258077
185.9800,2.353400
186.0000,2.440827
186.0200,2.519490
186.0400,2.592805
186.0600,2.657507
186.0800,2.713050
186.1000,2.757550
186.1200,2.794221
186.1400,2.822022
186.1600,2.819514
186.1800,2.788058
186.2000,2.771228
186.2200,2.766348
186.2400,2.770601
186.2600,2.781476
186.2800,2.798771
186.3000,2.816374
186.3200,2.834241
186.3400,2.851697
186.3600,2.846316
186.3800,2.779696
186.4000,2.712326
186.4200,2.650564
186.4400,2.592779
186.4600,2.565246
186.4800,2.532461
186.5000,2.465807
186.5200,2.399872
186.5400,2.333340
186.5600,2.264635
186.5800,2.194140
186.6000,2.120891
186.6200,2.044517
186.6400,1.966152
186.6600,1.886370
186.6800,1.805042
186.7000,1.724131
186.7200,1.644656
186.7400,1.566630
186.7600,1.497773
186.7800,1.476344
186.8000,1.461466
186.8200,1.445806
186.8400,1.430194
186.8600,1.413850
186.8800,1.397528
186.9000,1.380741
186.9200,1.363341
186.9400,1.344459
186.9600,1.323652
186.9800,1.278034
187.0000,1.228921
187.0200,1.186394
187.0400,1.148165
187.0600,1.113373
187.0800,1.083752
187.1000,1.062366
187.1200,1.032069
187.1400,0.998108
187.1600,0.963565
187.1800,0.930755
187.2000,0.907338
187.2200,0.892331
187.2400,0.885226
187.2600,0.884646
187.2800,0.888384
187.3000,0.894538
187.3200,0.900886
187.3400,0.908273
187.3600,0.915708
187.3800,0.923852
187.4000,0.933237
187.4200,0.941993
187.4400,0.951241
187.4600,0.962824
187.4800,0.976188
187.5000,0.991647
187.5200,1.008288
187.5400,1.025254
187.5600,1.041584
187.5800,1.056453
187.6000,1.024062
187.6200,0.979910
187.6400,0.946133
187.6600,0.920300
187.6800,0.901313
187.7000,0.887337
187.7200,0.875592
187.7400,0.866143
187.7600,0.856613
187.7800,0.845617
187.8000,0.809545
187.8200,0.769389
187.8400,0.732326
187.8600,0.698187
187.8800,0.665498
187.9000,0.634847
187.9200,0.605896
187.9400,0.578588
187.9600,0.553383
187.9800,0.530216
188.0000,0.506670
188.0200,0.480747
188.0400,0.454994
188.0600,0.429877
188.0800,0.406001
188.1000,0.383454
188.1200,0.361777
188.1400,0.341663
188.1600,0.323288
188.1800,0.307597
188.2000,0.293910
188.2200,0.281086
188.2400,0.271291
188.2600,0.265725
188.2800,0.264114
188.3000,0.266981
188.3200,0.275174
188.3400,0.286540
188.3600,0.301402
188.3800,0.317537
188.4000,0.334767
188.4200,0.383060
188.4400,0.442452
188.4600,0.500217
188.4800,0.557983
188.5000,0.615393
188.5200,0.671894
188.5400,0.726357
188.5600,0.774915
188.5800,0.816763
188.6000,0.842653
188.6200,0.794353
188.6400,0.735403
188.6600,0.682221
188.6800,0.634042
188.7000,0.589761
188.7200,0.549460
188.7400,0.511881
188.7600,0.478532
188.7800,0.451579
188.8000,0.433873
188.8200,0.450129
188.8400,0.484042
188.8600,0.513170
188.8800,0.537933
188.9000,0.554809
188.9200,0.563807
188.9400,0.565861
188.9600,0.560343
188.9800,0.549436
189.0000,0.535774
189.0200,0.525584
189.0400,0.526953
189.0600,0.537345
189.0800,0.549097
189.1000,0.560947
189.1200,0.580127
189.1400,0.590470
189.1600,0.594756
189.1800,0.600692
189.2000,0.607813
189.2200,0.610512
189.2400,0.598300
189.2600,0.587087
189.2800,0.574166
189.3000,0.563194
189.3200,0.556895
189.3400,0.558184
189.3600,0.567617
189.3800,0.583663
189.4000,0.605429
189.4200,0.632664
189.4400,0.637900
189.4600,0.635186
189.4800,0.636821
189.5000,0.642677
189.5200,0.661108
189.5400,0.679579
189.5600,0.685041
189.5800,0.690808
189.6000,0.697196
189.6200,0.703890
189.6400,0.719937
189.6600,0.739068
189.6800,0.748960
189.7000,0.754720
189.7200,0.763686
189.7400,0.755872
189.7600,0.748171
189.7800,0.736539
189.8000,0.717254
189.8200,0.701442
189.8400,0.677428
189.8600,0.655952
189.8800,0.643281
189.9000,0.644643
189.9200,0.661495
189.9400,0.691944
189.9600,0.732342
189.9800,0.777589
190.0000,0.824359
190.0200,0.868511
190.0400,0.921306
190.0600,0.977364
190.0800,1.021395
190.1000,1.051370
190.1200,1.066078
190.1400,1.066844
190.1600,1.054270
190.1800,1.032463
190.2000,1.004568
190.2200,0.973771
190.2400,0.945940
190.2600,0.921685
190.2800,0.898944
190.3000,0.880022
190.3200,0.864395
190.3400,0.853866
190.3600,0.847978
190.3800,0.848236
190.4000,0.853560
190.4200,0.864645
190.4400,0.864443
190.4600,0.822144
190.4800,0.789648
190.5000,0.771072
190.5200,0.765643
190.5400,0.772498
190.5600,0.790196
190.5800,0.814950
190.6000,0.843588
190.6200,0.875785
190.6400,0.889721
190.6600,0.853480
190.6800,0.816247
190.7000,0.779925
190.7200,0.745247
190.7400,0.710987
190.7600,0.673377
190.7800,0.634525
190.8000,0.595142
190.8200,0.558119
190.8400,0.528298
190.8600,0.567939
190.8800,0.622370
190.9000,0.666948
190.9200,0.705308
190.9400,0.737659
190.9600,0.759553
190.9800,0.769719
191.0000,0.767343
191.0200,0.755574
191.0400,0.735460
191.0600,0.700314
191.0800,0.651409
191.1000,0.607709
191.1200,0.568857
191.1400,0.535798
191.1600,0.507805
191.1800,0.486724
191.2000,0.473771
191.2200,0.471693
191.2400,0.483518
191.2600,0.491244
191.2800,0.463259
191.3000,0.444756
191.3200,0.436966
191.3400,0.436999
191.3600,0.442114
191.3800,0.450846
191.4000,0.464032
191.4200,0.478419
191.4400,0.493805
191.4600,0.510077
191.4800,0.569373
191.5000,0.640357
191.5200,0.696125
191.5400,0.737055
191.5600,0.762034
191.5800,0.772982
191.6000,0.772579
191.6200,0.763025
191.6400,0.748461
191.6600,0.732640
191.6800,0.734010
191.7000,0.753069
191.7200,0.769018
191.7400,0.781609
191.7600,0.789689
191.7800,0.790446
191.8000,0.785693
191.8200,0.777404
191.8400,0.767730
191.8600,0.755751
191.8800,0.730771
191.9000,0.678274
191.9200,0.629450
191.9400,0.585822
191.9600,0.548235
191.9800,0.517118
192.0000,0.492162
192.0200,0.473111
192.0400,0.458804
192.0600,0.447398
192.0800,0.439713
192.1000,0.458410
192.1200,0.487973
192.1400,0.521709
192.1600,0.557604
192.1800,0.596794
192.2000,0.641332
192.2200,0.690655
192.2400,0.746842
192.2600,0.806637
192.2800,0.867899
192.3000,0.918777
192.3200,0.987627
192.3400,1.057284
192.3600,1.132796
192.3800,1.240528
192.4000,1.310795
192.4200,1.362407
192.4400,1.410530
192.4600,1.452219
192.4800,1.486092
192.5000,1.480018
192.5200,1.382007
192.5400,1.291051
192.5600,1.209676
192.5800,1.136105
192.6000,1.067133
192.6200,1.001732
192.6400,0.938183
192.6600,0.876615
192.6800,0.819647
192.7000,0.765377
192.7200,0.715643
192.7400,0.669018
192.7600,0.626083
192.7800,0.585854
192.8000,0.548034
192.8200,0.513484
192.8400,0.480498
192.8600,0.450612
192.8800,0.424690
192.9000,0.409570
192.9200,0.430176
192.9400,0.448792
192.9600,0.458877
192.9800,0.461374
193.0000,0.458692
193.0200,0.455059
193.0400,0.452360
193.0600,0.453375
193.0800,0.458716
193.1000,0.466046
193.1200,0.471967
193.1400,0.477292
193.1600,0.481416
193.1800,0.482874
193.2000,0.481263
193.2200,0.475495
193.2400,0.465982
193.2600,0.453005
193.2800,0.440035
193.3000,0.424617
193.3200,0.395956
193.3400,0.369591
193.3600,0.346069
193.3800,0.324819
193.4000,0.306855
193.4200,0.293097
193.4400,0.284880
193.4600,0.280675
193.4800,0.279435
193.5000,0.280426
193.5200,0.277888
193.5400,0.273224
193.5600,0.267336
193.5800,0.259594
193.6000,0.250742
193.6200,0.240874
193.6400,0.230708
193.6600,0.220929
193.6800,0.210771
193.7000,0.201394
193.7200,0.194161
193.7400,0.188514
193.7600,0.182690
193.7800,0.176535
193.8000,0.170252
193.8200,0.164364
193.8400,0.158870
193.8600,0.153433
193.8800,0.148897
193.9000,0.144813
193.9200,0.139392
193.9400,0.133898
193.9600,0.130442
193.9800,0.129234
194.0000,0.129017
194.0200,0.129822
194.0400,0.136097
194.0600,0.145248
194.0800,0.150976
194.1000,0.157621
194.1200,0.165790
194.1400,0.159192
194.1600,0.147673
194.1800,0.137032
194.2000,0.127696
194.2200,0.119044
194.2400,0.111617
194.2600,0.104971
194.2800,0.098454
194.3000,0.092767
194.3200,0.087934
194.3400,0.082585
194.3600,0.077833
194.3800,0.073628
194.4000,0.069866
194.4200,0.065879
194.4400,0.062423
194.4600,0.059152
194.4800,0.055987
194.5000,0.053401
194.5200,0.051177
194.5400,0.049148
194.5600,0.048882
194.5800,0.049196
194.6000,0.050638
194.6200,0.051596
194.6400,0.052055
194.6600,0.053336
194.6800,0.056381
194.7000,0.058951
194.7200,0.061867
194.7400,0.064574
194.7600,0.068005
194.7800,0.080088
194.8000,0.092083
194.8200,0.103102
194.8400,0.113502
194.8600,0.123781
194.8800,0.133415
194.9000,0.143267
194.9200,0.152716
194.9400,0.161979
194.9600,0.171146
194.9800,0.177832
195.0000,0.182198
195.0200,0.185944
195.0400,0.188320
195.0600,0.188280
195.0800,0.186008
195.1000,0.180055
195.1200,0.171976
195.1400,0.162092
195.1600,0.156759
195.1800,0.167634
195.2000,0.178718
195.2200,0.188538
195.2400,0.196102
195.2600,0.201507
195.2800,0.205615
195.3000,0.208209
195.3200,0.211101
195.3400,0.213244
195.3600,0.215491
195.3800,0.209796
195.4000,0.201467
195.4200,0.193605
195.4400,0.185799
195.4600,0.178026
195.4800,0.170985
195.5000,0.164066
195.5200,0.157936
195.5400,0.152627
195.5600,0.147995
195.5800,0.142864
195.6000,0.137128
195.6200,0.131498
195.6400,0.125843
195.6600,0.121356
195.6800,0.117651
195.7000,0.114702
195.7200,0.112761
195.7400,0.111778
195.7600,0.110401
195.7800,0.108886
195.8000,0.109039
195.8200,0.108644
195.8400,0.107944
195.8600,0.107356
195.8800,0.106929
195.9000,0.106582
195.9200,0.106977
195.9400,0.107058
195.9600,0.107622
195.9800,0.109853
196.0000,0.115814
196.0200,0.119415
196.0400,0.121445
196.0600,0.120824
196.0800,0.118279
196.1000,0.114767
196.1200,0.111367
196.1400,0.109998
196.1600,0.111029
196.1800,0.115234
196.2000,0.122677
196.2200,0.131272
196.2400,0.139948
196.2600,0.149622
196.2800,0.159788
196.3000,0.170019
196.3200,0.178968
196.3400,0.185871
196.3600,0.189706
196.3800,0.190745
196.4000,0.199646
196.4200,0.207919
196.4400,0.210875
196.4600,0.211254
196.4800,0.209740
196.5000,0.207081
196.5200,0.203650
196.5400,0.200589
196.5600,0.198132
196.5800,0.196497
196.6000,0.191188
196.6200,0.178340
196.6400,0.166659
196.6600,0.155446
196.6800,0.144644
196.7000,0.134253
196.7200,0.124973
196.7400,0.116724
196.7600,0.109434
196.7800,0.103819
196.8000,0.099413
196.8200,0.094773
196.8400,0.091736
196.8600,0.089497
196.8800,0.088965
196.9000,0.089199
196.9200,0.089876
196.9400,0.091495
196.9600,0.093090
196.9800,0.095200
197.0000,0.098036
197.0200,0.108403
197.0400,0.118907
197.0600,0.126890
197.0800,0.132086
197.1000,0.134639
197.1200,0.134905
197.1400,0.133536
197.1600,0.131063
197.1800,0.127591
197.2000,0.124683
197.2200,0.122427
197.2400,0.122798
197.2600,0.126584
197.2800,0.133939
197.3000,0.143581
197.3200,0.153433
197.3400,0.161778
197.3600,0.168875
197.3800,0.177518
197.4000,0.182182
197.4200,0.182609
197.4400,0.176713
197.4600,0.171928
197.4800,0.169503
197.5000,0.070663
197.5200,0.096143
197.5400,0.119559
197.5600,0.141535
197.5800,0.162720
197.6000,0.182577
197.6200,0.201233
197.6400,0.218568
197.6600,0.235283
197.6800,0.250057
197.7000,0.256678
197.7200,0.261399
197.7400,0.265902
197.7600,0.270252
197.7800,0.274521
197.8000,0.278396
197.8200,0.283285
197.8400,0.288449
197.8600,0.294515
197.8800,0.300830
197.9000,0.301708
197.9200,0.301200
197.9400,0.302683
197.9600,0.305784
197.9800,0.310851
198.0000,0.315773
198.0200,0.321065
198.0400,0.325923
198.0600,0.329999
198.0800,0.333559
198.1000,0.335742
198.1200,0.336056
198.1400,0.334767
198.1600,0.331940
198.1800,0.327832
198.2000,0.321919
198.2200,0.314073
198.2400,0.304165
198.2600,0.292227
198.2800,0.278895
198.3000,0.271105
198.3200,0.270485
198.3400,0.266611
198.3600,0.258112
198.3800,0.248003
198.4000,0.237909
198.4200,0.228710
198.4400,0.220034
198.4600,0.211818
198.4800,0.203819
198.5000,0.198776
198.5200,0.208032
198.5400,0.217682
198.5600,0.229097
198.5800,0.233358
198.6000,0.233809
198.6200,0.233060
198.6400,0.231964
198.6600,0.230885
198.6800,0.230619
198.7000,0.230257
198.7200,0.231014
198.7400,0.230796
198.7600,0.227808
198.7800,0.221992
198.8000,0.212527
198.8200,0.200154
198.8400,0.186685
198.8600,0.172935
198.8800,0.160352
198.9000,0.149131
198.9200,0.138296
198.9400,0.128799
198.9600,0.119447
198.9800,0.111416
199.0000,0.103666
199.0200,0.097979
199.0400,0.096320
199.0600,0.100275
199.0800,0.110634
199.1000,0.125682
199.1200,0.137789
199.1400,0.152272
199.1600,0.169431
199.1800,0.187853
199.2000,0.206993
199.2200,0.228791
199.2400,0.254012
199.2600,0.283624
199.2800,0.318213
199.3000,0.359103
199.3200,0.384952
199.3400,0.403037
199.3600,0.422612
199.3800,0.441316
199.4000,0.460810
199.4200,0.481988
199.4400,0.505663
199.4600,0.531633
199.4800,0.558748
199.5000,0.585895
199.5200,0.566844
199.5400,0.526510
199.5600,0.495062
199.5800,0.471943
199.6000,0.456307
199.6200,0.445940
199.6400,0.439616
199.6600,0.436620
199.6800,0.435710
199.7000,0.435991
199.7200,0.428347
199.7400,0.414137
199.7600,0.397221
199.7800,0.378420
199.8000,0.358321
199.8200,0.338199
199.8400,0.320002
199.8600,0.305035
199.8800,0.294490
199.9000,0.289142
199.9200,0.284429
199.9400,0.274022
199.9600,0.262760
199.9800,0.250991
200.0000,0.238062
200.0200,0.225480
200.0400,0.212414
200.0600,0.198768
200.0800,0.185154
200.1000,0.172306
200.1200,0.165540
200.1400,0.177864
200.1600,0.193266
200.1800,0.213276
200.2000,0.239359
200.2200,0.276664
200.2400,0.330393
200.2600,0.401917
200.2800,0.492621
200.3000,0.599033
200.3200,0.694618
200.3400,0.732978
200.3600,0.774593
200.3800,0.823650
200.4000,0.891525
200.4200,0.937764
200.4400,0.997205
200.4600,1.036057
200.4800,1.070148
200.5000,1.107950
200.5200,1.189883
200.5400,1.406101
200.5600,1.607770
200.5800,1.796485
200.6000,1.974998
200.6200,2.140636
200.6400,2.291605
200.6600,2.428913
200.6800,2.551890
200.7000,2.664749
200.7200,2.768941
200.7400,2.770875
200.7600,2.739199
200.7800,2.730193
200.8000,2.742502
200.8200,2.772752
200.8400,2.816019
200.8600,2.867913
200.8800,2.928227
200.9000,2.993389
200.9200,3.060597
200.9400,3.121838
200.9600,3.229043
200.9800,3.356501
201.0000,3.406707
201.0200,3.448797
201.0400,3.487899
201.0600,3.522088
201.0800,3.552064
201.1000,3.580042
201.1200,3.600000
201.1400,3.600000
201.1600,3.600000
201.1800,3.600000
201.2000,3.600000
201.2200,3.600000
201.2400,3.600000
201.2600,3.600000
201.2800,3.600000
201.3000,3.600000
201.3200,3.600000
201.3400,3.600000
201.3600,3.600000
201.3800,3.600000
201.4000,3.600000
201.4200,3.600000
201.4400,3.600000
201.4600,3.600000
201.4800,3.600000
201.5000,3.600000
201.5200,3.600000
201.5400,3.600000
201.5600,3.600000
201.5800,3.600000
201.6000,3.600000
201.6200,3.600000
201.6400,3.600000
201.6600,3.600000
201.6800,3.600000
201.7000,3.600000
201.7200,3.600000
201.7400,3.600000
201.7600,3.600000
201.7800,3.600000
201.8000,3.600000
201.8200,3.600000
201.8400,3.600000
201.8600,3.600000
201.8800,3.600000
201.9000,3.600000
201.9200,3.600000
201.9400,3.600000
201.9600,3.600000
201.9800,3.600000
202.0000,3.600000
202.0200,3.600000
202.0400,3.600000
202.0600,3.600000
202.0800,3.600000
202.1000,3.600000
202.1200,3.600000
202.1400,3.600000
202.1600,3.600000
202.1800,3.600000
202.2000,3.600000
202.2200,3.600000
202.2400,3.600000
202.2600,3.600000
202.2800,3.600000
202.3000,3.600000
202.3200,3.600000
202.3400,3.600000
202.3600,3.600000
202.3800,3.600000
202.4000,3.600000
202.4200,3.600000
202.4400,3.600000
202.4600,3.600000
202.4800,3.600000
202.5000,3.600000
202.5200,3.600000
202.5400,3.600000
202.5600,3.600000
202.5800,3.600000
202.6000,3.600000
202.6200,3.600000
202.6400,3.600000
202.6600,3.600000
202.6800,3.600000
202.7000,3.600000
202.7200,3.600000
202.7400,3.600000
202.7600,3.600000
202.7800,3.600000
202.8000,3.600000
202.8200,3.600000
202.8400,3.600000
202.8600,3.600000
202.8800,3.600000
202.9000,3.600000
202.9200,3.600000
202.9400,3.600000
202.9600,3.600000
202.9800,3.451931
203.0000,3.304396
203.0200,3.172347
203.0400,3.054718
203.0600,2.947681
203.0800,2.850578
203.1000,2.761442
203.1200,2.677148
203.1400,2.595810
203.1600,2.519998
203.1800,2.504274
203.2000,2.503967
203.2200,2.497806
203.2400,2.486012
203.2600,2.469643
203.2800,2.450920
203.3000,2.428929
203.3200,2.404497
203.3400,2.377325
203.3600,2.346658
203.3800,2.300249
203.4000,2.239768
203.4200,2.180695
203.4400,2.123686
203.4600,2.066194
203.4800,2.006954
203.5000,1.947486
203.5200,1.888135
203.5400,1.828950
203.5600,1.769059
203.5800,1.680954
203.6000,1.576788
203.6200,1.480904
203.6400,1.392172
203.6600,1.309902
203.6800,1.234277
203.7000,1.165524
203.7200,1.104068
203.7400,1.050338
203.7600,1.004890
203.7800,1.023635
203.8000,1.079692
203.8200,1.129805
203.8400,1.176164
203.8600,1.219117
203.8800,1.260949
203.9000,1.302442
203.9200,1.346507
203.9400,1.393566
203.9600,1.440119
203.9800,1.436035
204.0000,1.402636
204.0200,1.373492
204.0400,1.363818
204.0600,1.341711
204.0800,1.309176
204.1000,1.277398
204.1200,1.245136
204.1400,1.212083
204.1600,1.183407
204.1800,1.267312
204.2000,1.369069
204.2200,1.454909
204.2400,1.530953
204.2600,1.599650
204.2800,1.665222
204.3000,1.725581
204.3200,1.782494
204.3400,1.838085
204.3600,1.893886
204.3800,1.894378
204.4000,1.862486
204.4200,1.840518
204.4400,1.827040
204.4600,1.823255
204.4800,1.830223
204.5000,1.847220
204.5200,1.875463
204.5400,1.912092
204.5600,1.953682
204.5800,1.973088
204.6000,1.948526
204.6200,1.945851
204.6400,1.962512
204.6600,1.988458
204.6800,2.019126
204.7000,2.052645
204.7200,2.082741
204.7400,2.114285
204.7600,2.183395
204.7800,2.248170
204.8000,2.378944
204.8200,2.477126
204.8400,2.528344
204.8600,2.573817
204.8800,2.637014
204.9000,2.741214
204.9200,2.783530
204.9400,2.802437
204.9600,2.822592
204.9800,2.829706
205.0000,2.752089
205.0200,2.675641
205.0400,2.615192
205.0600,2.566149
205.0800,2.525629
205.1000,2.491005
205.1200,2.461047
205.1400,2.435672
205.1600,2.415476
205.1800,2.396827
205.2000,2.365136
205.2200,2.328491
205.2400,2.294022
205.2600,2.258561
205.2800,2.222762
205.3000,2.185722
205.3200,2.149722
205.3400,2.114609
205.3600,2.082708
205.3800,2.045839
205.4000,1.936636
205.4200,1.823938
205.4400,1.725114
205.4600,1.636745
205.4800,1.557156
205.5000,1.484713
205.5200,1.418554
205.5400,1.357590
205.5600,1.300895
205.5800,1.253054
205.6000,1.305729
205.6200,1.377190
205.6400,1.432692
205.6600,1.473227
205.6800,1.502420
205.7000,1.522099
205.7200,1.532298
205.7400,1.533980
205.7600,1.526432
205.7800,1.510467
205.8000,1.480314
205.8200,1.440748
205.8400,1.406245
205.8600,1.360305
205.8800,1.299228
205.9000,1.237007
205.9200,1.175133
205.9400,1.113670
205.9600,1.051966
205.9800,0.991453
206.0000,0.938142
206.0200,0.894353
206.0400,0.859859
206.0600,0.832519
206.0800,0.812107
206.1000,0.799041
206.1200,0.793362
206.1400,0.794296
206.1600,0.802787
206.1800,0.817859
206.2000,0.795158
206.2200,0.764894
206.2400,0.750298
206.2600,0.747623
206.2800,0.754293
206.3000,0.769606
206.3200,0.792830
206.3400,0.822579
206.3600,0.856734
206.3800,0.893563
206.4000,0.962905
206.4200,1.039053
206.4400,1.104335
206.4600,1.159885
206.4800,1.205987
206.5000,1.242703
206.5200,1.269818
206.5400,1.288731
206.5600,1.299293
206.5800,1.302176
206.6000,1.278800
206.6200,1.240295
206.6400,1.202361
206.6600,1.165056
206.6800,1.128799
206.7000,1.093935
206.7200,1.061559
206.7400,1.033101
206.7600,1.019067
206.7800,1.002666
206.8000,0.986604
206.8200,0.984904
206.8400,0.981698
206.8600,0.974545
206.8800,0.963581
206.9000,0.947978
206.9200,0.929660
206.9400,0.909924
206.9600,0.889697
206.9800,0.869518
207.0000,0.864507
207.0200,0.900032
207.0400,0.948026
207.0600,0.989802
207.0800,1.002546
207.1000,1.009602
207.1200,1.013259
207.1400,1.014516
207.1600,1.016980
207.1800,1.037055
207.2000,1.047600
207.2200,1.066304
207.2400,1.084501
207.2600,1.099702
207.2800,1.113050
207.3000,1.125463
207.3200,1.135477
207.3400,1.144530
207.3600,1.151395
207.3800,1.156316
207.4000,1.159482
207.4200,1.154109
207.4400,1.145868
207.4600,1.135050
207.4800,1.121186
207.5000,1.104816
207.5200,1.084591
207.5400,1.060560
207.5600,1.032237
207.5800,1.000604
207.6000,0.966473
207.6200,1.002795
207.6400,1.076381
207.6600,1.146352
207.6800,1.211552
207.7000,1.271220
207.7200,1.326191
207.7400,1.373734
207.7600,1.413615
207.7800,1.446821
207.8000,1.472042
207.8200,1.446781
207.8400,1.381433
207.8600,1.325724
207.8800,1.278252
207.9000,1.238328
207.9200,1.205640
207.9400,1.179894
207.9600,1.160078
207.9800,1.145369
208.0000,1.134276
208.0200,1.126978
208.0400,1.121904
208.0600,1.116846
208.0800,1.110601
208.1000,1.103956
208.1200,1.095851
208.1400,1.086637
208.1600,1.075945
208.1800,1.063711
208.2000,1.050749
208.2200,1.018303
208.2400,0.972910
208.2600,0.927920
208.2800,0.882745
208.3000,0.837691
208.3200,0.792709
208.3400,0.748848
208.3600,0.706976
208.3800,0.667641
208.4000,0.629652
208.4200,0.612655
208.4400,0.634912
208.4600,0.645497
208.4800,0.642830
208.5000,0.628306
208.5200,0.604124
208.5400,0.575350
208.5600,0.544200
208.5800,0.513895
208.6000,0.485130
208.6200,0.474891
208.6400,0.517037
208.6600,0.558716
208.6800,0.597317
208.7000,0.633599
208.7200,0.666546
208.7400,0.695803
208.7600,0.720098
208.7800,0.740091
208.8000,0.755679
208.8200,0.762840
208.8400,0.744739
208.8600,0.723997
208.8800,0.705461
208.9000,0.688617
208.9200,0.675036
208.9400,0.664008
208.9600,0.656452
208.9800,0.652481
209.0000,0.651135
209.0200,0.662179
209.0400,0.809239
209.0600,0.997503
209.0800,1.116628
209.1000,1.212842
209.1200,1.298109
209.1400,1.373299
209.1600,1.438548
209.1800,1.530750
209.2000,1.607487
209.2200,1.641554
209.2400,1.673584
209.2600,1.701358
209.2800,1.723519
209.3000,1.742691
209.3200,1.757634
209.3400,1.768155
209.3600,1.776743
209.3800,1.783010
209.4000,1.787464
209.4200,1.784127
209.4400,1.740967
209.4600,1.696686
209.4800,1.657038
209.5000,1.623817
209.5200,1.594108
209.5400,1.568595
209.5600,1.546313
209.5800,1.527068
209.6000,1.510917
209.6200,1.495733
209.6400,1.458461
209.6600,1.421430
209.6800,1.389352
209.7000,1.361239
209.7200,1.337411
209.7400,1.320076
209.7600,1.323846
209.7800,1.315775
209.8000,1.298736
209.8200,1.283416
209.8400,1.295361
209.8600,1.322002
209.8800,1.344781
209.9000,1.363183
209.9200,1.398366
209.9400,1.434956
209.9600,1.438750
209.9800,1.438918
210.0000,1.437146
210.0200,1.433375
210.0400,1.402338
210.0600,1.343276
210.0800,1.290310
210.1000,1.242937
210.1200,1.199646
210.1400,1.159183
210.1600,1.122339
210.1800,1.087418
210.2000,1.054777
210.2200,1.023828
210.2400,0.993443
210.2600,0.963372
210.2800,0.934904
210.3000,0.908377
210.3200,0.882971
210.3400,0.858716
210.3600,0.836378
210.3800,0.815635
210.4000,0.796310
210.4200,0.777847
210.4400,0.760617
210.4600,0.746117
210.4800,0.727742
210.5000,0.708337
210.5200,0.688102
210.5400,0.667456
210.5600,0.646077
210.5800,0.624480
210.6000,0.603842
210.6200,0.582455
210.6400,0.559811
210.6600,0.526373
210.6800,0.494143
210.7000,0.464822
210.7200,0.437643
210.7400,0.412502
210.7600,0.389254
210.7800,0.367794
210.8000,0.347044
210.8200,0.327985
210.8400,0.314009
210.8600,0.321484
210.8800,0.329733
210.9000,0.337418
210.9200,0.343548
210.9400,0.349718
210.9600,0.354793
210.9800,0.359949
211.0000,0.364081
211.0200,0.367786
211.0400,0.369969
211.0600,0.362268
211.0800,0.353464
211.1000,0.346649
211.1200,0.340567
211.1400,0.335766
211.1600,0.331312
211.1800,0.328081
211.2000,0.325310
211.2200,0.323192
211.2400,0.321138
211.2600,0.305011
211.2800,0.285009
211.3000,0.267811
211.3200,0.251829
211.3400,0.237442
211.3600,0.223724
211.3800,0.211633
211.4000,0.199590
211.4200,0.188506
211.4400,0.178026
211.4600,0.186258
211.4800,0.213421
211.5000,0.239665
211.5200,0.266667
211.5400,0.294482
211.5600,0.323232
211.5800,0.354173
211.6000,0.387192
211.6200,0.422257
211.6400,0.459723
211.6600,0.495859
211.6800,0.526478
211.7000,0.555920
211.7200,0.585290
211.7400,0.613202
211.7600,0.639640
211.7800,0.664677
211.8000,0.686660
211.8200,0.704204
211.8400,0.716892
211.8600,0.724085
211.8800,0.724424
211.9000,0.718406
211.9200,0.704712
211.9400,0.684332
211.9600,0.659497
211.9800,0.631996
212.0000,0.603713
212.0200,0.575729
212.0400,0.549750
212.0600,0.524569
212.0800,0.489963
212.1000,0.456267
212.1200,0.425302
212.1400,0.397543
212.1600,0.378540
212.1800,0.370557
212.2000,0.375431
212.2200,0.393346
212.2400,0.421983
212.2600,0.457918
212.2800,0.484791
212.3000,0.519437
212.3200,0.564934
212.3400,0.619534
212.3600,0.682463
212.3800,0.751248
212.4000,0.823836
212.4200,0.898606
212.4400,0.974271
212.4600,1.051443
212.4800,1.151483
212.5000,1.252611
212.5200,1.346466
212.5400,1.435889
212.5600,1.561040
212.5800,1.661846
212.6000,1.766680
212.6200,1.855502
212.6400,1.902907
212.6600,1.953006
212.6800,1.980209
212.7000,1.985919
212.7200,1.957798
212.7400,1.926133
212.7600,1.893933
212.7800,1.862702
212.8000,1.830537
212.8200,1.797494
212.8400,1.763097
212.8600,1.729826
212.8800,1.768404
212.9000,1.833428
212.9200,1.890018
212.9400,1.940294
212.9600,1.987267
212.9800,2.028599
213.0000,2.066477
213.0200,2.101428
213.0400,2.132129
213.0600,2.158470
213.0800,2.190910
213.1000,2.228320
213.1200,2.259060
213.1400,2.284556
213.1600,2.303246
213.1800,2.318382
213.2000,2.328604
213.2200,2.332020
213.2400,2.328998
213.2600,2.316457
213.2800,2.305333
213.3000,2.305146
213.3200,2.303447
213.3400,2.302037
213.3600,2.301949
213.3800,2.300611
213.4000,2.301160
213.4200,2.302504
213.4400,2.304607
213.4600,2.306009
213.4800,2.315998
213.5000,2.339625
213.5200,2.353731
213.5400,2.362301
213.5600,2.366370
213.5800,2.365097
213.6000,2.361496
213.6200,2.351992
213.6400,2.340994
213.6600,2.327736
213.6800,2.302811
213.7000,2.215085
213.7200,2.136858
213.7400,2.076579
213.7600,2.030556
213.7800,1.997617
213.8000,1.974031
213.8200,1.958426
213.8400,1.949703
213.8600,1.946771
213.8800,1.947334
213.9000,1.959619
213.9200,1.969785
213.9400,1.976955
213.9600,1.979379
213.9800,1.977672
214.0000,1.970518
214.0200,1.960118
214.0400,1.947263
214.0600,1.932551
214.0800,1.917183
214.1000,1.912647
214.1200,1.949790
214.1400,1.983994
214.1600,2.010410
214.1800,2.029711
214.2000,2.043050
214.2200,2.054087
214.2400,2.062932
214.2600,2.069409
214.2800,2.074112
214.3000,2.073050
214.3200,2.026633
214.3400,1.967819
214.3600,1.912438
214.3800,1.860940
214.4000,1.811575
214.4200,1.763974
214.4400,1.718525
214.4600,1.676322
214.4800,1.636601
214.5000,1.600036
214.5200,1.549762
214.5400,1.492222
214.5600,1.432031
214.5800,1.369505
214.6000,1.304884
214.6200,1.238225
214.6400,1.171887
214.6600,1.106493
214.6800,1.043628
214.7000,0.986056
214.7200,0.963565
214.7400,0.966997
214.7600,0.986395
214.7800,1.021114
214.8000,1.070286
214.8200,1.130885
214.8400,1.201950
214.8600,1.278855
214.8800,1.361739
214.9000,1.449180
214.9200,1.561861
214.9400,1.717623
214.9600,1.868680
214.9800,2.016442
215.0000,2.160920
215.0200,2.301102
215.0400,2.435084
215.0600,2.554953
215.0800,2.665516
215.1000,2.763231
215.1200,2.805715
215.1400,2.763995
215.1600,2.719190
215.1800,2.670051
215.2000,2.618341
215.2200,2.564827
215.2400,2.508284
215.2600,2.447119
215.2800,2.380845
215.3000,2.308924
215.3200,2.227734
215.3400,2.125361
215.3600,2.029219
215.3800,1.942349
215.4000,1.865078
215.4200,1.798702
215.4400,1.743827
215.4600,1.700440
215.4800,1.668072
215.5000,1.645228
215.5200,1.653057
215.5400,1.731349
215.5600,1.802770
215.5800,1.865200
215.6000,1.918415
215.6200,1.962198
215.6400,1.999301
215.6600,2.031853
215.6800,2.059500
215.7000,2.081766
215.7200,2.078551
215.7400,2.027722
215.7600,1.987354
215.7800,1.957202
215.8000,1.933979
215.8200,1.918270
215.8400,1.905849
215.8600,1.898260
215.8800,1.894603
215.9000,1.892967
215.9200,1.900097
215.9400,1.914717
215.9600,1.926366
215.9800,1.936550
216.0000,1.945998
216.0200,1.953176
216.0400,1.959716
216.0600,1.966097
216.0800,1.972893
216.1000,1.980837
216.1200,1.977649
216.1400,1.898244
216.1600,1.806732
216.1800,1.714352
216.2000,1.619466
216.2200,1.526498
216.2400,1.434722
216.2600,1.346948
216.2800,1.265741
216.3000,1.195988
216.3200,1.151595
216.3400,1.174327
216.3600,1.218544
216.3800,1.276914
216.4000,1.350968
216.4200,1.440683
216.4400,1.543929
216.4600,1.658398
216.4800,1.782308
216.5000,1.912671
216.5200,2.022218
216.5400,2.007437
216.5600,2.002958
216.5800,2.020568
216.6000,2.050815
216.6200,2.088475
216.6400,2.133080
216.6600,2.181027
216.6800,2.229715
216.7000,2.274985
216.7200,2.314008
216.7400,2.347849
216.7600,2.376311
216.7800,2.394839
216.8000,2.403981
216.8200,2.402175
216.8400,2.387386
216.8600,2.362004
216.8800,2.326494
216.9000,2.282092
216.9200,2.221772
216.9400,2.075194
216.9600,1.921758
216.9800,1.782888
217.0000,1.657352
217.0200,1.543721
217.0400,1.440119
217.0600,1.344912
217.0800,1.258822
217.1000,1.189102
217.1200,1.142387
217.1400,1.099089
217.1600,1.053254
217.1800,1.014741
217.2000,0.986411
217.2200,0.970114
217.2400,0.965789
217.2600,0.972217
217.2800,0.986789
217.3000,1.007033
217.3200,1.029597
217.3400,1.102908
217.3600,1.192308
217.3800,1.265161
217.4000,1.320705
217.4200,1.358057
217.4400,1.375545
217.4600,1.371058
217.4800,1.344734
217.5000,1.298706
217.5200,1.236210
217.5400,1.158162
217.5600,1.077461
217.5800,1.002144
217.6000,0.934397
217.6200,0.875535
217.6400,0.821934
217.6600,0.772361
217.6800,0.726381
217.7000,0.685435
217.7200,0.656283
217.7400,0.704873
217.7600,0.776486
217.7800,0.876599
217.8000,0.965603
217.8200,1.017473
217.8400,1.061810
217.8600,1.102859
217.8800,1.140029
217.9000,1.172217
217.9200,1.198189
217.9400,1.172459
217.9600,1.105906
217.9800,1.051225
218.0000,1.006009
218.0200,0.968777
218.0400,0.937127
218.0600,0.910295
218.0800,0.887433
218.1000,0.865933
218.1200,0.845650
218.1400,0.831134
218.1600,0.829950
218.1800,0.829772
218.2000,0.830369
218.2200,0.831037
218.2400,0.832334
218.2600,0.832834
218.2800,0.834573
218.3000,0.836370
218.3200,0.838094
218.3400,0.836950
218.3600,0.792395
218.3800,0.745996
218.4000,0.705799
218.4200,0.671040
218.4400,0.641880
218.4600,0.618680
218.4800,0.599758
218.5000,0.585766
218.5200,0.576728
218.5400,0.579684
218.5600,0.625994
218.5800,0.671532
218.6000,0.729764
218.6200,0.788053
218.6400,0.833583
218.6600,0.851571
218.6800,0.879636
218.7000,0.899589
218.7200,0.901683
218.7400,0.885121
218.7600,0.827960
218.7800,0.767617
218.8000,0.713017
218.8200,0.663758
218.8400,0.622490
218.8600,0.591517
218.8800,0.572958
218.9000,0.566787
218.9200,0.572974
218.9400,0.592234
218.9600,0.610939
218.9800,0.633695
219.0000,0.668277
219.0200,0.712824
219.0400,0.763090
219.0600,0.815055
219.0800,0.866997
219.1000,0.918036
219.1200,0.966642
219.1400,1.011761
219.1600,1.097109
219.1800,1.268666
219.2000,1.480791
219.2200,1.639083
219.2400,1.751406
219.2600,1.854881
219.2800,1.949163
219.3000,2.035688
219.3200,2.112724
219.3400,2.182574
219.3600,2.244593
219.3800,2.297454
219.4000,2.343138
219.4200,2.384294
219.4400,2.422573
219.4600,2.459958
219.4800,2.494752
219.5000,2.526981
219.5200,2.557319
219.5400,2.582654
219.5600,2.603173
219.5800,2.569855
219.6000,2.510460
219.6200,2.460677
219.6400,2.417894
219.6600,2.380409
219.6800,2.348260
219.7000,2.319752
219.7200,2.294071
219.7400,2.270661
219.7600,2.248701
219.7800,2.208808
219.8000,2.149714
219.8200,2.100140
219.8400,2.056906
219.8600,2.019512
219.8800,1.986098
219.9000,1.955503
219.9200,1.926769
219.9400,1.900000
219.9600,1.874818
219.9800,1.835652
220.0000,1.748910
220.0200,1.663016
220.0400,1.581927
220.0600,1.505046
220.0800,1.433007
220.1000,1.366330
220.1200,1.306882
220.1400,1.255713
220.1600,1.213607
220.1800,1.199630
220.2000,1.242131
220.2200,1.303136
220.2400,1.357654
220.2600,1.373678
220.2800,1.383037
220.3000,1.386806
220.3200,1.385913
220.3400,1.380307
220.3600,1.370052
220.3800,1.353489
220.4000,1.334270
220.4200,1.315484
220.4400,1.297544
220.4600,1.282385
220.4800,1.270131
220.5000,1.260924
220.5200,1.255382
220.5400,1.251718
220.5600,1.246876
220.5800,1.226778
220.6000,1.146143
220.6200,1.071444
220.6400,1.003963
220.6600,0.941026
220.6800,0.883156
220.7000,0.829217
220.7200,0.778959
220.7400,0.731504
220.7600,0.687498
220.7800,0.652046
220.8000,0.664620
220.8200,0.679780
220.8400,0.685967
220.8600,0.684735
220.8800,0.677920
220.9000,0.667754
220.9200,0.656774
220.9400,0.647438
220.9600,0.641445
220.9800,0.638867
221.0000,0.690615
221.0200,0.773078
221.0400,0.853681
221.0600,0.932294
221.0800,1.007612
221.1000,1.079009
221.1200,1.149204
221.1400,1.217330
221.1600,1.284568
221.1800,1.346571
221.2000,1.296216
221.2200,1.204207
221.2400,1.124046
221.2600,1.053447
221.2800,0.992709
221.3000,0.941171
221.3200,0.893781
221.3400,0.853512
221.3600,0.820396
221.3800,0.794296
221.4000,0.815877
221.4200,0.907862
221.4400,0.956017
221.4600,0.986072
221.4800,1.006565
221.5000,1.036242
221.5200,1.055623
221.5400,1.052200
221.5600,1.054577
221.5800,1.042701
221.6000,1.048486
221.6200,1.114413
221.6400,1.136532
221.6600,1.135968
221.6800,1.123063
221.7000,1.109263
221.7200,1.086445
221.7400,1.041510
221.7600,0.987917
221.7800,0.929297
221.8000,0.903762
221.8200,0.946149
221.8400,0.989045
221.8600,1.032608
221.8800,1.073949
221.9000,1.111803
221.9200,1.144129
221.9400,1.169453
221.9600,1.186492
221.9800,1.203167
222.0000,1.227148
222.0200,1.244757
222.0400,1.236782
222.0600,1.217361
222.0800,1.185951
222.1000,1.142929
222.1200,1.089414
222.1400,1.028516
222.1600,0.963469
222.1800,0.898719
222.2000,0.846971
222.2200,0.868100
222.2400,0.903641
222.2600,0.940688
222.2800,0.977187
222.3000,1.009635
222.3200,1.035751
222.3400,1.052636
222.3600,1.060900
222.3800,1.059893
222.4000,1.048390
222.4200,1.006629
222.4400,0.948034
222.4600,0.890349
222.4800,0.834920
222.5000,0.783164
222.5200,0.735911
222.5400,0.691928
222.5600,0.651965
222.5800,0.617697
222.6000,0.590212
222.6200,0.586048
222.6400,0.621927
222.6600,0.647188
222.6800,0.660496
222.7000,0.660931
222.7200,0.650531
222.7400,0.630377
222.7600,0.603898
222.7800,0.572442
222.8000,0.539922
222.8200,0.516763
222.8400,0.597784
222.8600,0.696923
222.8800,0.786434
222.9000,0.867907
222.9200,0.942283
222.9400,1.008144
222.9600,1.066933
222.9800,1.118053
223.0000,1.157967
223.0200,1.185589
223.0400,1.199380
223.0600,1.211391
223.0800,1.225884
223.1000,1.241132
223.1200,1.255085
223.1400,1.265459
223.1600,1.270001
223.1800,1.270342
223.2000,1.266668
223.2200,1.274891
223.2400,1.216006
223.2600,1.124795
223.2800,1.043733
223.3000,0.969840
223.3200,0.902843
223.3400,0.840857
223.3600,0.784195
223.3800,0.732640
223.4000,0.687804
223.4200,0.650572
223.4400,0.613106
223.4600,0.573006
223.4800,0.536418
223.5000,0.502827
223.5200,0.472225
223.5400,0.445690
223.5600,0.425487
223.5800,0.412429
223.6000,0.407838
223.6200,0.415603
223.6400,0.424641
223.6600,0.424754
223.6800,0.431537
223.7000,0.445835
223.7200,0.466505
223.7400,0.492283
223.7600,0.521000
223.7800,0.552771
223.8000,0.585669
223.8200,0.621701
223.8400,0.620670
223.8600,0.573570
223.8800,0.532238
223.9000,0.497970
223.9200,0.472185
223.9400,0.456565
223.9600,0.449661
223.9800,0.449710
224.0000,0.455397
224.0200,0.465611
224.0400,0.451667
224.0600,0.419188
224.0800,0.393620
224.1000,0.376446
224.1200,0.365604
224.1400,0.360754
224.1600,0.359578
224.1800,0.362897
224.2000,0.370751
224.2200,0.383454
224.2400,0.412728
224.2600,0.459650
224.2800,0.506581
224.3000,0.554680
224.3200,0.603963
224.3400,0.654406
224.3600,0.704551
224.3800,0.753689
224.4000,0.800862
224.4200,0.846246
224.4400,0.895070
224.4600,0.944780
224.4800,0.984380
224.5000,1.014282
224.5200,1.034244
224.5400,1.045603
224.5600,1.048027
224.5800,1.044192
224.6000,1.035042
224.6200,1.021234
224.6400,1.010915
224.6600,1.030241
224.6800,1.056357
224.7000,1.084671
224.7200,1.113509
224.7400,1.142510
224.7600,1.171437
224.7800,1.197962
224.8000,1.221864
224.8200,1.242139
224.8400,1.253216
224.8600,1.239738
224.8800,1.218254
224.9000,1.195168
224.9200,1.173821
224.9400,1.160971
224.9600,1.160739
224.9800,1.175352
225.0000,1.206460
225.0200,1.251169
225.0400,1.297882
225.0600,1.315041
225.0800,1.332900
225.1000,1.354787
225.1200,1.379348
225.1400,1.405012
225.1600,1.431104
225.1800,1.456584
225.2000,1.480638
225.2200,1.503749
225.2400,1.532547
225.2600,1.614488
225.2800,1.697501
225.3000,1.774664
225.3200,1.846705
225.3400,1.913308
225.3600,1.974062
225.3800,2.028510
225.4000,2.078005
225.4200,2.123420
225.4400,2.168871
225.4600,2.258077
225.4800,2.353400
225.5000,2.440827
225.5200,2.519490
225.5400,2.592805
225.5600,2.657507
225.5800,2.713050
225.6000,2.757550
225.6200,2.794221
225.6400,2.822022
225.6600,2.819514
225.6800,2.788058
225.7000,2.771228
225.7200,2.766348
225.7400,2.770601
225.7600,2.781476
225.7800,2.798771
225.8000,2.816374
225.8200,2.834241
225.8400,2.851697
225.8600,2.846316
225.8800,2.779696
225.9000,2.712326
225.9200,2.650564
225.9400,2.592779
225.9600,2.565246
225.9800,2.532461
226.0000,2.465807
226.0200,2.399872
226.0400,2.333340
226.0600,2.264635
226.0800,2.194140
226.1000,2.120891
226.1200,2.044517
226.1400,1.966152
226.1600,1.886370
226.1800,1.805042
226.2000,1.724131
226.2200,1.644656
226.2400,1.566630
226.2600,1.497773
226.2800,1.476344
226.3000,1.461466
226.3200,1.445806
226.3400,1.430194
226.3600,1.413850
226.3800,1.397528
226.4000,1.380741
226.4200,1.363341
226.4400,1.344459
226.4600,1.323652
226.4800,1.278034
226.5000,1.228921
226.5200,1.186394
226.5400,1.148165
226.5600,1.113373
226.5800,1.083752
226.6000,1.062366
226.6200,1.032069
226.6400,0.998108
226.6600,0.963565
226.6800,0.930755
226.7000,0.907338
226.7200,0.892331
226.7400,0.885226
226.7600,0.884646
226.7800,0.888384
226.8000,0.894538
226.8200,0.900886
226.8400,0.908273
226.8600,0.915708
226.8800,0.923852
226.9000,0.933237
226.9200,0.941993
226.9400,0.951241
226.9600,0.962824
226.9800,0.976188
227.0000,0.991647
227.0200,1.008288
227.0400,1.025254
227.0600,1.041584
227.0800,1.056453
227.1000,1.024062
227.1200,0.979910
227.1400,0.946133
227.1600,0.920300
227.1800,0.901313
227.2000,0.887337
227.2200,0.875592
227.2400,0.866143
227.2600,0.856613
227.2800,0.845617
227.3000,0.809545
227.3200,0.769389
227.3400,0.732326
227.3600,0.698187
227.3800,0.665498
227.4000,0.634847
227.4200,0.605896
227.4400,0.578588
227.4600,0.553383
227.4800,0.530216
227.5000,0.506670
227.5200,0.480747
227.5400,0.454994
227.5600,0.429877
227.5800,0.406001
227.6000,0.383454
227.6200,0.361777
227.6400,0.341663
227.6600,0.323288
227.6800,0.307597
227.7000,0.293910
227.7200,0.281086
227.7400,0.271291
227.7600,0.265725
227.7800,0.264114
227.8000,0.266981
227.8200,0.275174
227.8400,0.286540
227.8600,0.301402
227.8800,0.317537
227.9000,0.334767
227.9200,0.383060
227.9400,0.442452
227.9600,0.500217
227.9800,0.557983
228.0000,0.615393
228.0200,0.671894
228.0400,0.726357
228.0600,0.774915
228.0800,0.816763
228.1000,0.842653
228.1200,0.794353
228.1400,0.735403
228.1600,0.682221
228.1800,0.634042
228.2000,0.589761
228.2200,0.549460
228.2400,0.511881
228.2600,0.478532
228.2800,0.451579
228.3000,0.433873
228.3200,0.450129
228.3400,0.484042
228.3600,0.513170
228.3800,0.537933
228.4000,0.554809
228.4200,0.563807
228.4400,0.565861
228.4600,0.560343
228.4800,0.549436
228.5000,0.535774
228.5200,0.525584
228.5400,0.526953
228.5600,0.537345
228.5800,0.549097
228.6000,0.560947
228.6200,0.580127
228.6400,0.590470
228.6600,0.594756
228.6800,0.600692
228.7000,0.607813
228.7200,0.610512
228.7400,0.598300
228.7600,0.587087
228.7800,0.574166
228.8000,0.563194
228.8200,0.556895
228.8400,0.558184
228.8600,0.567617
228.8800,0.583663
228.9000,0.605429
228.9200,0.632664
228.9400,0.637900
228.9600,0.635186
228.9800,0.636821
229.0000,0.642677
229.0200,0.661108
229.0400,0.679579
229.0600,0.685041
229.0800,0.690808
229.1000,0.697196
229.1200,0.703890
229.1400,0.719937
229.1600,0.739068
229.1800,0.748960
229.2000,0.754720
229.2200,0.763686
229.2400,0.755872
229.2600,0.748171
229.2800,0.736539
229.3000,0.717254
229.3200,0.701442
229.3400,0.677428
229.3600,0.655952
229.3800,0.643281
229.4000,0.644643
229.4200,0.661495
229.4400,0.691944
229.4600,0.732342
229.4800,0.777589
229.5000,0.824359
229.5200,0.868511
229.5400,0.921306
229.5600,0.977364
229.5800,1.021395
229.6000,1.051370
229.6200,1.066078
229.6400,1.066844
229.6600,1.054270
229.6800,1.032463
229.7000,1.004568
229.7200,0.973771
229.7400,0.945940
229.7600,0.921685
229.7800,0.898944
229.8000,0.880022
229.8200,0.864395
229.8400,0.853866
229.8600,0.847978
229.8800,0.848236
229.9000,0.853560
229.9200,0.864645
229.9400,0.864443
229.9600,0.822144
229.9800,0.789648
230.0000,0.771072
230.0200,0.765643
230.0400,0.772498
230.0600,0.790196
230.0800,0.814950
230.1000,0.843588
230.1200,0.875785
230.1400,0.889721
230.1600,0.853480
230.1800,0.816247
230.2000,0.779925
230.2200,0.745247
230.2400,0.710987
230.2600,0.673377
230.2800,0.634525
230.3000,0.595142
230.3200,0.558119
230.3400,0.528298
230.3600,0.567939
230.3800,0.622370
230.4000,0.666948
230.4200,0.705308
230.4400,0.737659
230.4600,0.759553
230.4800,0.769719
230.5000,0.767343
230.5200,0.755574
230.5400,0.735460
230.5600,0.700314
230.5800,0.651409
230.6000,0.607709
230.6200,0.568857
230.6400,0.535798
230.6600,0.507805
230.6800,0.486724
230.7000,0.473771
230.7200,0.471693
230.7400,0.483518
230.7600,0.491244
230.7800,0.463259
230.8000,0.444756
230.8200,0.436966
230.8400,0.436999
230.8600,0.442114
230.8800,0.450846
230.9000,0.464032
230.9200,0.478419
230.9400,0.493805
230.9600,0.510077
230.9800,0.569373
231.0000,0.640357
231.0200,0.696125
231.0400,0.737055
231.0600,0.762034
231.0800,0.772982
231.1000,0.772579
231.1200,0.763025
231.1400,0.748461
231.1600,0.732640
231.1800,0.734010
231.2000,0.753069
231.2200,0.769018
231.2400,0.781609
231.2600,0.789689
231.2800,0.790446
231.3000,0.785693
231.3200,0.777404
231.3400,0.767730
231.3600,0.755751
231.3800,0.730771
231.4000,0.678274
231.4200,0.629450
231.4400,0.585822
231.4600,0.548235
231.4800,0.517118
231.5000,0.492162
231.5200,0.473111
231.5400,0.458804
231.5600,0.447398
231.5800,0.439713
231.6000,0.458410
231.6200,0.487973
231.6400,0.521709
231.6600,0.557604
231.6800,0.596794
231.7000,0.641332
231.7200,0.690655
231.7400,0.746842
231.7600,0.806637
231.7800,0.867899
231.8000,0.918777
231.8200,0.987627
231.8400,1.057284
231.8600,1.132796
231.8800,1.240528
231.9000,1.310795
231.9200,1.362407
231.9400,1.410530
231.9600,1.452219
231.9800,1.486092
232.0000,1.480018
232.0200,1.382007
232.0400,1.291051
232.0600,1.209676
232.0800,1.136105
232.1000,1.067133
232.1200,1.001732
232.1400,0.938183
232.1600,0.876615
232.1800,0.819647
232.2000,0.765377
232.2200,0.715643
232.2400,0.669018
232.2600,0.626083
232.2800,0.585854
232.3000,0.548034
232.3200,0.513484
232.3400,0.480498
232.3600,0.450612
232.3800,0.424690
232.4000,0.409570
232.4200,0.430176
232.4400,0.448792
232.4600,0.458877
232.4800,0.461374
232.5000,0.458692
232.5200,0.455059
232.5400,0.452360
232.5600,0.453375
232.5800,0.458716
232.6000,0.466046
232.6200,0.471967
232.6400,0.477292
232.6600,0.481416
232.6800,0.482874
232.7000,0.481263
232.7200,0.475495
232.7400,0.465982
232.7600,0.453005
232.7800,0.440035
232.8000,0.424617
232.8200,0.395956
232.8400,0.369591
232.8600,0.346069
232.8800,0.324819
232.9000,0.306855
232.9200,0.293097
232.9400,0.284880
232.9600,0.280675
232.9800,0.279435
233.0000,0.280426
233.0200,0.277888
233.0400,0.273224
233.0600,0.267336
233.0800,0.259594
233.1000,0.250742
233.1200,0.240874
233.1400,0.230708
233.1600,0.220929
233.1800,0.210771
233.2000,0.201394
233.2200,0.194161
233.2400,0.188514
233.2600,0.182690
233.2800,0.176535
233.3000,0.170252
233.3200,0.164364
233.3400,0.158870
233.3600,0.153433
233.3800,0.148897
233.4000,0.144813
233.4200,0.139392
233.4400,0.133898
233.4600,0.130442
233.4800,0.129234
233.5000,0.129017
233.5200,0.129822
233.5400,0.136097
233.5600,0.145248
233.5800,0.150976
233.6000,0.157621
233.6200,0.165790
233.6400,0.159192
233.6600,0.147673
233.6800,0.137032
233.7000,0.127696
233.7200,0.119044
233.7400,0.111617
233.7600,0.104971
233.7800,0.098454
233.8000,0.092767
233.8200,0.087934
233.8400,0.082585
233.8600,0.077833
233.8800,0.073628
233.9000,0.069866
233.9200,0.065879
233.9400,0.062423
233.9600,0.059152
233.9800,0.055987
234.0000,0.053401
234.0200,0.051177
234.0400,0.049148
234.0600,0.048882
234.0800,0.049196
234.1000,0.050638
234.1200,0.051596
234.1400,0.052055
234.1600,0.053336
234.1800,0.056381
234.2000,0.058951
234.2200,0.061867
234.2400,0.064574
234.2600,0.068005
234.2800,0.080088
234.3000,0.092083
234.3200,0.103102
234.3400,0.113502
234.3600,0.123781
234.3800,0.133415
234.4000,0.143267
234.4200,0.152716
234.4400,0.161979
234.4600,0.171146
234.4800,0.177832
234.5000,0.182198
234.5200,0.185944
234.5400,0.188320
234.5600,0.188280
234.5800,0.186008
234.6000,0.180055
234.6200,0.171976
234.6400,0.162092
234.6600,0.156759
234.6800,0.167634
234.7000,0.178718
234.7200,0.188538
234.7400,0.196102
234.7600,0.201507
234.7800,0.205615
234.8000,0.208209
234.8200,0.211101
234.8400,0.213244
234.8600,0.215491
234.8800,0.209796
234.9000,0.201467
234.9200,0.193605
234.9400,0.185799
234.9600,0.178026
234.9800,0.170985
235.0000,0.164066
235.0200,0.157936
235.0400,0.152627
235.0600,0.147995
235.0800,0.142864
235.1000,0.137128
235.1200,0.131498
235.1400,0.125843
235.1600,0.121356
235.1800,0.117651
235.2000,0.114702
235.2200,0.112761
235.2400,0.111778
235.2600,0.110401
235.2800,0.108886
235.3000,0.109039
235.3200,0.108644
235.3400,0.107944
235.3600,0.107356
235.3800,0.106929
235.4000,0.106582
235.4200,0.106977
235.4400,0.107058
235.4600,0.107622
235.4800,0.109853
235.5000,0.115814
235.5200,0.119415
235.5400,0.121445
235.5600,0.120824
235.5800,0.118279
235.6000,0.114767
235.6200,0.111367
235.6400,0.109998
235.6600,0.111029
235.6800,0.115234
235.7000,0.122677
235.7200,0.131272
235.7400,0.139948
235.7600,0.149622
235.7800,0.159788
235.8000,0.170019
235.8200,0.178968
235.8400,0.185871
235.8600,0.189706
235.8800,0.190745
235.9000,0.199646
235.9200,0.207919
235.9400,0.210875
235.9600,0.211254
235.9800,0.209740
236.0000,0.207081
236.0200,0.203650
236.0400,0.200589
236.0600,0.198132
236.0800,0.196497
236.1000,0.191188
236.1200,0.178340
236.1400,0.166659
236.1600,0.155446
236.1800,0.144644
236.2000,0.134253
236.2200,0.124973
236.2400,0.116724
236.2600,0.109434
236.2800,0.103819
236.3000,0.099413
236.3200,0.094773
236.3400,0.091736
236.3600,0.089497
236.3800,0.088965
236.4000,0.089199
236.4200,0.089876
236.4400,0.091495
236.4600,0.093090
236.4800,0.095200
236.5000,0.098036
236.5200,0.108403
236.5400,0.118907
236.5600,0.126890
236.5800,0.132086
236.6000,0.134639
236.6200,0.134905
236.6400,0.133536
236.6600,0.131063
236.6800,0.127591
236.7000,0.124683
236.7200,0.122427
236.7400,0.122798
236.7600,0.126584
236.7800,0.133939
236.8000,0.143581
236.8200,0.153433
236.8400,0.161778
236.8600,0.168875
236.8800,0.177518
236.9000,0.182182
236.9200,0.182609
236.9400,0.176713
236.9600,0.171928
236.9800,0.169503
237.0000,0.070663
237.0200,0.096143
237.0400,0.119559
237.0600,0.141535
237.0800,0.162720
237.1000,0.182577
237.1200,0.201233
237.1400,0.218568
237.1600,0.235283
237.1800,0.250057
237.2000,0.256678
237.2200,0.261399
237.2400,0.265902
237.2600,0.270252
237.2800,0.274521
237.3000,0.278396
237.3200,0.283285
237.3400,0.288449
237.3600,0.294515
237.3800,0.300830
237.4000,0.301708
237.4200,0.301200
237.4400,0.302683
237.4600,0.305784
237.4800,0.310851
237.5000,0.315773
237.5200,0.321065
237.5400,0.325923
237.5600,0.329999
237.5800,0.333559
237.6000,0.335742
237.6200,0.336056
237.6400,0.334767
237.6600,0.331940
237.6800,0.327832
237.7000,0.321919
237.7200,0.314073
237.7400,0.304165
237.7600,0.292227
237.7800,0.278895
237.8000,0.271105
237.8200,0.270485
237.8400,0.266611
237.8600,0.258112
237.8800,0.248003
237.9000,0.237909
237.9200,0.228710
237.9400,0.220034
237.9600,0.211818
237.9800,0.203819
238.0000,0.198776
238.0200,0.208032
238.0400,0.217682
238.0600,0.229097
238.0800,0.233358
238.1000,0.233809
238.1200,0.233060
238.1400,0.231964
238.1600,0.230885
238.1800,0.230619
238.2000,0.230257
238.2200,0.231014
238.2400,0.230796
238.2600,0.227808
238.2800,0.221992
238.3000,0.212527
238.3200,0.200154
238.3400,0.186685
238.3600,0.172935
238.3800,0.160352
238.4000,0.149131
238.4200,0.138296
238.4400,0.128799
238.4600,0.119447
238.4800,0.111416
238.5000,0.103666
238.5200,0.097979
238.5400,0.096320
238.5600,0.100275
238.5800,0.110634
238.6000,0.125682
238.6200,0.137789
238.6400,0.152272
238.6600,0.169431
238.6800,0.187853
238.7000,0.206993
238.7200,0.228791
238.7400,0.254012
238.7600,0.283624
238.7800,0.318213
238.8000,0.359103
238.8200,0.384952
238.8400,0.403037
238.8600,0.422612
238.8800,0.441316
238.9000,0.460810
238.9200,0.481988
238.9400,0.505663
238.9600,0.531633
238.9800,0.558748
239.0000,0.585895
239.0200,0.566844
239.0400,0.526510
239.0600,0.495062
239.0800,0.471943
239.1000,0.456307
239.1200,0.445940
239.1400,0.439616
239.1600,0.436620
239.1800,0.435710
239.2000,0.435991
239.2200,0.428347
239.2400,0.414137
239.2600,0.397221
239.2800,0.378420
239.3000,0.358321
239.3200,0.338199
239.3400,0.320002
239.3600,0.305035
239.3800,0.294490
239.4000,0.289142
239.4200,0.284429
239.4400,0.274022
239.4600,0.262760
239.4800,0.250991
239.5000,0.238062
239.5200,0.225480
239.5400,0.212414
239.5600,0.198768
239.5800,0.185154
239.6000,0.172306
239.6200,0.165540
239.6400,0.177864
239.6600,0.193266
239.6800,0.213276
239.7000,0.239359
239.7200,0.276664
239.7400,0.330393
239.7600,0.401917
239.7800,0.492621
239.8000,0.599033
239.8200,0.694618
239.8400,0.732978
239.8600,0.774593
239.8800,0.823650
239.9000,0.891525
239.9200,0.937764
239.9400,0.997205
239.9600,1.036057
239.9800,1.070148
240.0000,1.107950
240.0200,1.189883
240.0400,1.406101
240.0600,1.607770
240.0800,1.796485
240.1000,1.974998
240.1200,2.140636
240.1400,2.291605
240.1600,2.428913
240.1800,2.551890
240.2000,2.664749
240.2200,2.768941
240.2400,2.770875
240.2600,2.739199
240.2800,2.730193
240.3000,2.742502
240.3200,2.772752
240.3400,2.816019
240.3600,2.867913
240.3800,2.928227
240.4000,2.993389
240.4200,3.060597
240.4400,3.121838
240.4600,3.229043
240.4800,3.356501
240.5000,3.406707
240.5200,3.448797
240.5400,3.487899
240.5600,3.522088
240.5800,3.552064
240.6000,3.580042
240.6200,3.600000
240.6400,3.600000
240.6600,3.600000
240.6800,3.600000
240.7000,3.600000
240.7200,3.600000
240.7400,3.600000
240.7600,3.600000
240.7800,3.600000
240.8000,3.600000
240.8200,3.600000
240.8400,3.600000
240.8600,3.600000
240.8800,3.600000
240.9000,3.600000
240.9200,3.600000
240.9400,3.600000
240.9600,3.600000
240.9800,3.600000
241.0000,3.600000
241.0200,3.600000
241.0400,3.600000
241.0600,3.600000
241.0800,3.600000
241.1000,3.600000
241.1200,3.600000
241.1400,3.600000
241.1600,3.600000
241.1800,3.600000
241.2000,3.600000
241.2200,3.600000
241.2400,3.600000
241.2600,3.600000
241.2800,3.600000
241.3000,3.600000
241.3200,3.600000
241.3400,3.600000
241.3600,3.600000
241.3800,3.600000
241.4000,3.600000
241.4200,3.600000
241.4400,3.600000
241.4600,3.600000
241.4800,3.600000
241.5000,3.600000
241.5200,3.600000
241.5400,3.600000
241.5600,3.600000
241.5800,3.600000
241.6000,3.600000
241.6200,3.600000
241.6400,3.600000
241.6600,3.600000
241.6800,3.600000
241.7000,3.600000
241.7200,3.600000
241.7400,3.600000
241.7600,3.600000
241.7800,3.600000
241.8000,3.600000
241.8200,3.600000
241.8400,3.600000
241.8600,3.600000
241.8800,3.600000
241.9000,3.600000
241.9200,3.600000
241.9400,3.600000
241.9600,3.600000
241.9800,3.600000
242.0000,3.600000
242.0200,3.600000
242.0400,3.600000
242.0600,3.600000
242.0800,3.600000
242.1000,3.600000
242.1200,3.600000
242.1400,3.600000
242.1600,3.600000
242.1800,3.600000
242.2000,3.600000
242.2200,3.600000
242.2400,3.600000
242.2600,3.600000
242.2800,3.600000
242.3000,3.600000
242.3200,3.600000
242.3400,3.600000
242.3600,3.600000
242.3800,3.600000
242.4000,3.600000
242.4200,3.600000
242.4400,3.600000
242.4600,3.600000
242.4800,3.451931
242.5000,3.304396
242.5200,3.172347
242.5400,3.054718
242.5600,2.947681
242.5800,2.850578
242.6000,2.761442
242.6200,2.677148
242.6400,2.595810
242.6600,2.519998
242.6800,2.504274
242.7000,2.503967
242.7200,2.497806
242.7400,2.486012
242.7600,2.469643
242.7800,2.450920
242.8000,2.428929
242.8200,2.404497
242.8400,2.377325
242.8600,2.346658
242.8800,2.300249
242.9000,2.239768
242.9200,2.180695
242.9400,2.123686
242.9600,2.066194
242.9800,2.006954
243.0000,1.947486
243.0200,1.888135
243.0400,1.828950
243.0600,1.769059
243.0800,1.680954
243.1000,1.576788
243.1200,1.480904
243.1400,1.392172
243.1600,1.309902
243.1800,1.234277
243.2000,1.165524
243.2200,1.104068
243.2400,1.050338
243.2600,1.004890
243.2800,1.023635
243.3000,1.079692
243.3200,1.129805
243.3400,1.176164
243.3600,1.219117
243.3800,1.260949
243.4000,1.302442
243.4200,1.346507
243.4400,1.393566
243.4600,1.440119
243.4800,1.436035
243.5000,1.402636
243.5200,1.373492
243.5400,1.363818
243.5600,1.341711
243.5800,1.309176
243.6000,1.277398
243.6200,1.245136
243.6400,1.212083
243.6600,1.183407
243.6800,1.267312
243.7000,1.369069
243.7200,1.454909
243.7400,1.530953
243.7600,1.599650
243.7800,1.665222
243.8000,1.725581
243.8200,1.782494
243.8400,1.838085
243.8600,1.893886
243.8800,1.894378
243.9000,1.862486
243.9200,1.840518
243.9400,1.827040
243.9600,1.823255
243.9800,1.830223
244.0000,1.847220
244.0200,1.875463
244.0400,1.912092
244.0600,1.953682
244.0800,1.973088
244.1000,1.948526
244.1200,1.945851
244.1400,1.962512
244.1600,1.988458
244.1800,2.019126
244.2000,2.052645
244.2200,2.082741
244.2400,2.114285
244.2600,2.183395
244.2800,2.248170
244.3000,2.378944
244.3200,2.477126
244.3400,2.528344
244.3600,2.573817
244.3800,2.637014
244.4000,2.741214
244.4200,2.783530
244.4400,2.802437
244.4600,2.822592
244.4800,2.829706
244.5000,2.752089
244.5200,2.675641
244.5400,2.615192
244.5600,2.566149
244.5800,2.525629
244.6000,2.491005
244.6200,2.461047
244.6400,2.435672
244.6600,2.415476
244.6800,2.396827
244.7000,2.365136
244.7200,2.328491
244.7400,2.294022
244.7600,2.258561
244.7800,2.222762
244.8000,2.185722
244.8200,2.149722
244.8400,2.114609
244.8600,2.082708
244.8800,2.045839
244.9000,1.936636
244.9200,1.823938
244.9400,1.725114
244.9600,1.636745
244.9800,1.557156
245.0000,1.484713
245.0200,1.418554
245.0400,1.357590
245.0600,1.300895
245.0800,1.253054
245.1000,1.305729
245.1200,1.377190
245.1400,1.432692
245.1600,1.473227
245.1800,1.502420
245.2000,1.522099
245.2200,1.532298
245.2400,1.533980
245.2600,1.526432
245.2800,1.510467
245.3000,1.480314
245.3200,1.440748
245.3400,1.406245
245.3600,1.360305
245.3800,1.299228
245.4000,1.237007
245.4200,1.175133
245.4400,1.113670
245.4600,1.051966
245.4800,0.991453
245.5000,0.938142
245.5200,0.894353
245.5400,0.859859
245.5600,0.832519
245.5800,0.812107
245.6000,0.799041
245.6200,0.793362
245.6400,0.794296
245.6600,0.802787
245.6800,0.817859
245.7000,0.795158
245.7200,0.764894
245.7400,0.750298
245.7600,0.747623
245.7800,0.754293
245.8000,0.769606
245.8200,0.792830
245.8400,0.822579
245.8600,0.856734
245.8800,0.893563
245.9000,0.962905
245.9200,1.039053
245.9400,1.104335
245.9600,1.159885
245.9800,1.205987
246.0000,1.242703
246.0200,1.269818
246.0400,1.288731
246.0600,1.299293
246.0800,1.302176
246.1000,1.278800
246.1200,1.240295
246.1400,1.202361
246.1600,1.165056
246.1800,1.128799
246.2000,1.093935
246.2200,1.061559
246.2400,1.033101
246.2600,1.019067
246.2800,1.002666
246.3000,0.986604
246.3200,0.984904
246.3400,0.981698
246.3600,0.974545
246.3800,0.963581
246.4000,0.947978
246.4200,0.929660
246.4400,0.909924
246.4600,0.889697
246.4800,0.869518
246.5000,0.864507
246.5200,0.900032
246.5400,0.948026
246.5600,0.989802
246.5800,1.002546
246.6000,1.009602
246.6200,1.013259
246.6400,1.014516
246.6600,1.016980
246.6800,1.037055
246.7000,1.047600
246.7200,1.066304
246.7400,1.084501
246.7600,1.099702
246.7800,1.113050
246.8000,1.125463
246.8200,1.135477
246.8400,1.144530
246.8600,1.151395
246.8800,1.156316
246.9000,1.159482
246.9200,1.154109
246.9400,1.145868
246.9600,1.135050
246.9800,1.121186
247.0000,1.104816
247.0200,1.084591
247.0400,1.060560
247.0600,1.032237
247.0800,1.000604
247.1000,0.966473
247.1200,1.002795
247.1400,1.076381
247.1600,1.146352
247.1800,1.211552
247.2000,1.271220
247.2200,1.326191
247.2400,1.373734
247.2600,1.413615
247.2800,1.446821
247.3000,1.472042
247.3200,1.446781
247.3400,1.381433
247.3600,1.325724
247.3800,1.278252
247.4000,1.238328
247.4200,1.205640
247.4400,1.179894
247.4600,1.160078
247.4800,1.145369
247.5000,1.134276
247.5200,1.126978
247.5400,1.121904
247.5600,1.116846
247.5800,1.110601
247.6000,1.103956
247.6200,1.095851
247.6400,1.086637
247.6600,1.075945
247.6800,1.063711
247.7000,1.050749
247.7200,1.018303
247.7400,0.972910
247.7600,0.927920
247.7800,0.882745
247.8000,0.837691
247.8200,0.792709
247.8400,0.748848
247.8600,0.706976
247.8800,0.667641
247.9000,0.629652
247.9200,0.612655
247.9400,0.634912
247.9600,0.645497
247.9800,0.642830
248.0000,0.628306
248.0200,0.604124
248.0400,0.575350
248.0600,0.544200
248.0800,0.513895
248.1000,0.485130
248.1200,0.474891
248.1400,0.517037
248.1600,0.558716
248.1800,0.597317
248.2000,0.633599
248.2200,0.666546
248.2400,0.695803
248.2600,0.720098
248.2800,0.740091
248.3000,0.755679
248.3200,0.762840
248.3400,0.744739
248.3600,0.723997
248.3800,0.705461
248.4000,0.688617
248.4200,0.675036
248.4400,0.664008
248.4600,0.656452
248.4800,0.652481
248.5000,0.651135
248.5200,0.662179
248.5400,0.809239
248.5600,0.997503
248.5800,1.116628
248.6000,1.212842
248.6200,1.298109
248.6400,1.373299
248.6600,1.438548
248.6800,1.530750
248.7000,1.607487
248.7200,1.641554
248.7400,1.673584
248.7600,1.701358
248.7800,1.723519
248.8000,1.742691
248.8200,1.757634
248.8400,1.768155
248.8600,1.776743
248.8800,1.783010
248.9000,1.787464
248.9200,1.784127
248.9400,1.740967
248.9600,1.696686
248.9800,1.657038
249.0000,1.623817
249.0200,1.594108
249.0400,1.568595
249.0600,1.546313
249.0800,1.527068
249.1000,1.510917
249.1200,1.495733
249.1400,1.458461
249.1600,1.421430
249.1800,1.389352
249.2000,1.361239
249.2200,1.337411
249.2400,1.320076
249.2600,1.323846
249.2800,1.315775
249.3000,1.298736
249.3200,1.283416
249.3400,1.295361
249.3600,1.322002
249.3800,1.344781
249.4000,1.363183
249.4200,1.398366
249.4400,1.434956
249.4600,1.438750
249.4800,1.438918
249.5000,1.437146
249.5200,1.433375
249.5400,1.402338
249.5600,1.343276
249.5800,1.290310
249.6000,1.242937
249.6200,1.199646
249.6400,1.159183
249.6600,1.122339
249.6800,1.087418
249.7000,1.054777
249.7200,1.023828
249.7400,0.993443
249.7600,0.963372
249.7800,0.934904
249.8000,0.908377
249.8200,0.882971
249.8400,0.858716
249.8600,0.836378
249.8800,0.815635
249.9000,0.796310
249.9200,0.777847
249.9400,0.760617
249.9600,0.746117
249.9800,0.727742
250.0000,0.708337
250.0200,0.688102
250.0400,0.667456
250.0600,0.646077
250.0800,0.624480
250.1000,0.603842
250.1200,0.582455
250.1400,0.559811
250.1600,0.526373
250.1800,0.494143
250.2000,0.464822
250.2200,0.437643
250.2400,0.412502
250.2600,0.389254
250.2800,0.367794
250.3000,0.347044
250.3200,0.327985
250.3400,0.314009
250.3600,0.321484
250.3800,0.329733
250.4000,0.337418
250.4200,0.343548
250.4400,0.349718
250.4600,0.354793
250.4800,0.359949
250.5000,0.364081
250.5200,0.367786
250.5400,0.369969
250.5600,0.362268
250.5800,0.353464
250.6000,0.346649
250.6200,0.340567
250.6400,0.335766
250.6600,0.331312
250.6800,0.328081
250.7000,0.325310
250.7200,0.323192
250.7400,0.321138
250.7600,0.305011
250.7800,0.285009
250.8000,0.267811
250.8200,0.251829
250.8400,0.237442
250.8600,0.223724
250.8800,0.211633
250.9000,0.199590
250.9200,0.188506
250.9400,0.178026
250.9600,0.186258
250.9800,0.213421
251.0000,0.239665
251.0200,0.266667
251.0400,0.294482
251.0600,0.323232
251.0800,0.354173
251.1000,0.387192
251.1200,0.422257
251.1400,0.459723
251.1600,0.495859
251.1800,0.526478
251.2000,0.555920
251.2200,0.585290
251.2400,0.613202
251.2600,0.639640
251.2800,0.664677
251.3000,0.686660
251.3200,0.704204
251.3400,0.716892
251.3600,0.724085
251.3800,0.724424
251.4000,0.718406
251.4200,0.704712
251.4400,0.684332
251.4600,0.659497
251.4800,0.631996
251.5000,0.603713
251.5200,0.575729
251.5400,0.549750
251.5600,0.524569
251.5800,0.489963
251.6000,0.456267
251.6200,0.425302
251.6400,0.397543
251.6600,0.378540
251.6800,0.370557
251.7000,0.375431
251.7200,0.393346
251.7400,0.421983
251.7600,0.457918
251.7800,0.484791
251.8000,0.519437
251.8200,0.564934
251.8400,0.619534
251.8600,0.682463
251.8800,0.751248
251.9000,0.823836
251.9200,0.898606
251.9400,0.974271
251.9600,1.051443
251.9800,1.151483
252.0000,1.252611
252.0200,1.346466
252.0400,1.435889
252.0600,1.561040
252.0800,1.661846
252.1000,1.766680
252.1200,1.855502
252.1400,1.902907
252.1600,1.953006
252.1800,1.980209
252.2000,1.985919
252.2200,1.957798
252.2400,1.926133
252.2600,1.893933
252.2800,1.862702
252.3000,1.830537
252.3200,1.797494
252.3400,1.763097
252.3600,1.729826
252.3800,1.768404
252.4000,1.833428
252.4200,1.890018
252.4400,1.940294
252.4600,1.987267
252.4800,2.028599
252.5000,2.066477
252.5200,2.101428
252.5400,2.132129
252.5600,2.158470
252.5800,2.190910
252.6000,2.228320
252.6200,2.259060
252.6400,2.284556
252.6600,2.303246
252.6800,2.318382
252.7000,2.328604
252.7200,2.332020
252.7400,2.328998
252.7600,2.316457
252.7800,2.305333
252.8000,2.305146
252.8200,2.303447
252.8400,2.302037
252.8600,2.301949
252.8800,2.300611
252.9000,2.301160
252.9200,2.302504
252.9400,2.304607
252.9600,2.306009
252.9800,2.315998
253.0000,2.339625
253.0200,2.353731
253.0400,2.362301
253.0600,2.366370
253.0800,2.365097
253.1000,2.361496
253.1200,2.351992
253.1400,2.340994
253.1600,2.327736
253.1800,2.302811
253.2000,2.215085
253.2200,2.136858
253.2400,2.076579
253.2600,2.030556
253.2800,1.997617
253.3000,1.974031
253.3200,1.958426
253.3400,1.949703
253.3600,1.946771
253.3800,1.947334
253.4000,1.959619
253.4200,1.969785
253.4400,1.976955
253.4600,1.979379
253.4800,1.977672
253.5000,1.970518
253.5200,1.960118
253.5400,1.947263
253.5600,1.932551
253.5800,1.917183
253.6000,1.912647
253.6200,1.949790
253.6400,1.983994
253.6600,2.010410
253.6800,2.029711
253.7000,2.043050
253.7200,2.054087
253.7400,2.062932
253.7600,2.069409
253.7800,2.074112
253.8000,2.073050
253.8200,2.026633
253.8400,1.967819
253.8600,1.912438
253.8800,1.860940
253.9000,1.811575
253.9200,1.763974
253.9400,1.718525
253.9600,1.676322
253.9800,1.636601
254.0000,1.600036
254.0200,1.549762
254.0400,1.492222
254.0600,1.432031
254.0800,1.369505
254.1000,1.304884
254.1200,1.238225
254.1400,1.171887
254.1600,1.106493
254.1800,1.043628
254.2000,0.986056
254.2200,0.963565
254.2400,0.966997
254.2600,0.986395
254.2800,1.021114
254.3000,1.070286
254.3200,1.130885
254.3400,1.201950
254.3600,1.278855
254.3800,1.361739
254.4000,1.449180
254.4200,1.561861
254.4400,1.717623
254.4600,1.868680
254.4800,2.016442
254.5000,2.160920
254.5200,2.301102
254.5400,2.435084
254.5600,2.554953
254.5800,2.665516
254.6000,2.763231
254.6200,2.805715
254.6400,2.763995
254.6600,2.719190
254.6800,2.670051
254.7000,2.618341
254.7200,2.564827
254.7400,2.508284
254.7600,2.447119
254.7800,2.380845
254.8000,2.308924
254.8200,2.227734
254.8400,2.125361
254.8600,2.029219
254.8800,1.942349
254.9000,1.865078
254.9200,1.798702
254.9400,1.743827
254.9600,1.700440
254.9800,1.668072
255.0000,1.645228
255.0200,1.653057
255.0400,1.731349
255.0600,1.802770
255.0800,1.865200
255.1000,1.918415
255.1200,1.962198
255.1400,1.999301
255.1600,2.031853
255.1800,2.059500
255.2000,2.081766
255.2200,2.078551
255.2400,2.027722
255.2600,1.987354
255.2800,1.957202
255.3000,1.933979
255.3200,1.918270
255.3400,1.905849
255.3600,1.898260
255.3800,1.894603
255.4000,1.892967
255.4200,1.900097
255.4400,1.914717
255.4600,1.926366
255.4800,1.936550
255.5000,1.945998
255.5200,1.953176
255.5400,1.959716
255.5600,1.966097
255.5800,1.972893
255.6000,1.980837
255.6200,1.977649
255.6400,1.898244
255.6600,1.806732
255.6800,1.714352
255.7000,1.619466
255.7200,1.526498
255.7400,1.434722
255.7600,1.346948
255.7800,1.265741
255.8000,1.195988
255.8200,1.151595
255.8400,1.174327
255.8600,1.218544
255.8800,1.276914
255.9000,1.350968
255.9200,1.440683
255.9400,1.543929
255.9600,1.658398
255.9800,1.782308
256.0000,1.912671
256.0200,2.022218
256.0400,2.007437
256.0600,2.002958
256.0800,2.020568
256.1000,2.050815
256.1200,2.088475
256.1400,2.133080
256.1600,2.181027
256.1800,2.229715
256.2000,2.274985
256.2200,2.314008
256.2400,2.347849
256.2600,2.376311
256.2800,2.394839
256.3000,2.403981
256.3200,2.402175
256.3400,2.387386
256.3600,2.362004
256.3800,2.326494
256.4000,2.282092
256.4200,2.221772
256.4400,2.075194
256.4600,1.921758
256.4800,1.782888
256.5000,1.657352
256.5200,1.543721
256.5400,1.440119
256.5600,1.344912
256.5800,1.258822
256.6000,1.189102
256.6200,1.142387
256.6400,1.099089
256.6600,1.053254
256.6800,1.014741
256.7000,0.986411
256.7200,0.970114
256.7400,0.965789
256.7600,0.972217
256.7800,0.986789
256.8000,1.007033
256.8200,1.029597
256.8400,1.102908
256.8600,1.192308
256.8800,1.265161
256.9000,1.320705
256.9200,1.358057
256.9400,1.375545
256.9600,1.371058
256.9800,1.344734
257.0000,1.298706
257.0200,1.236210
257.0400,1.158162
257.0600,1.077461
257.0800,1.002144
257.1000,0.934397
257.1200,0.875535
257.1400,0.821934
257.1600,0.772361
257.1800,0.726381
257.2000,0.685435
257.2200,0.656283
257.2400,0.704873
257.2600,0.776486
257.2800,0.876599
257.3000,0.965603
257.3200,1.017473
257.3400,1.061810
257.3600,1.102859
257.3800,1.140029
257.4000,1.172217
257.4200,1.198189
257.4400,1.172459
257.4600,1.105906
257.4800,1.051225
257.5000,1.006009
257.5200,0.968777
257.5400,0.937127
257.5600,0.910295
257.5800,0.887433
257.6000,0.865933
257.6200,0.845650
257.6400,0.831134
257.6600,0.829950
257.6800,0.829772
257.7000,0.830369
257.7200,0.831037
257.7400,0.832334
257.7600,0.832834
257.7800,0.834573
257.8000,0.836370
257.8200,0.838094
257.8400,0.836950
257.8600,0.792395
257.8800,0.745996
257.9000,0.705799
257.9200,0.671040
257.9400,0.641880
257.9600,0.618680
257.9800,0.599758
258.0000,0.585766
258.0200,0.576728
258.0400,0.579684
258.0600,0.625994
258.0800,0.671532
258.1000,0.729764
258.1200,0.788053
258.1400,0.833583
258.1600,0.851571
258.1800,0.879636
258.2000,0.899589
258.2200,0.901683
258.2400,0.885121
258.2600,0.827960
258.2800,0.767617
258.3000,0.713017
258.3200,0.663758
258.3400,0.622490
258.3600,0.591517
258.3800,0.572958
258.4000,0.566787
258.4200,0.572974
258.4400,0.592234
258.4600,0.610939
258.4800,0.633695
258.5000,0.668277
258.5200,0.712824
258.5400,0.763090
258.5600,0.815055
258.5800,0.866997
258.6000,0.918036
258.6200,0.966642
258.6400,1.011761
258.6600,1.097109
258.6800,1.268666
258.7000,1.480791
258.7200,1.639083
258.7400,1.751406
258.7600,1.854881
258.7800,1.949163
258.8000,2.035688
258.8200,2.112724
258.8400,2.182574
258.8600,2.244593
258.8800,2.297454
258.9000,2.343138
258.9200,2.384294
258.9400,2.422573
258.9600,2.459958
258.9800,2.494752
259.0000,2.526981
259.0200,2.557319
259.0400,2.582654
259.0600,2.603173
259.0800,2.569855
259.1000,2.510460
259.1200,2.460677
259.1400,2.417894
259.1600,2.380409
259.1800,2.348260
259.2000,2.319752
259.2200,2.294071
259.2400,2.270661
259.2600,2.248701
259.2800,2.208808
259.3000,2.149714
259.3200,2.100140
259.3400,2.056906
259.3600,2.019512
259.3800,1.986098
259.4000,1.955503
259.4200,1.926769
259.4400,1.900000
259.4600,1.874818
259.4800,1.835652
259.5000,1.748910
259.5200,1.663016
259.5400,1.581927
259.5600,1.505046
259.5800,1.433007
259.6000,1.366330
259.6200,1.306882
259.6400,1.255713
259.6600,1.213607
259.6800,1.199630
259.7000,1.242131
259.7200,1.303136
259.7400,1.357654
259.7600,1.373678
259.7800,1.383037
259.8000,1.386806
259.8200,1.385913
259.8400,1.380307
259.8600,1.370052
259.8800,1.353489
259.9000,1.334270
259.9200,1.315484
259.9400,1.297544
259.9600,1.282385
259.9800,1.270131
260.0000,1.260924
260.0200,1.255382
260.0400,1.251718
260.0600,1.246876
260.0800,1.226778
260.1000,1.146143
260.1200,1.071444
260.1400,1.003963
260.1600,0.941026
260.1800,0.883156
260.2000,0.829217
260.2200,0.778959
260.2400,0.731504
260.2600,0.687498
260.2800,0.652046
260.3000,0.664620
260.3200,0.679780
260.3400,0.685967
260.3600,0.684735
260.3800,0.677920
260.4000,0.667754
260.4200,0.656774
260.4400,0.647438
260.4600,0.641445
260.4800,0.638867
260.5000,0.690615
260.5200,0.773078
260.5400,0.853681
260.5600,0.932294
260.5800,1.007612
260.6000,1.079009
260.6200,1.149204
260.6400,1.217330
260.6600,1.284568
260.6800,1.346571
260.7000,1.296216
260.7200,1.204207
260.7400,1.124046
260.7600,1.053447
260.7800,0.992709
260.8000,0.941171
260.8200,0.893781
260.8400,0.853512
260.8600,0.820396
260.8800,0.794296
260.9000,0.815877
260.9200,0.907862
260.9400,0.956017
260.9600,0.986072
260.9800,1.006565
261.0000,1.036242
261.0200,1.055623
261.0400,1.052200
261.0600,1.054577
261.0800,1.042701
261.1000,1.048486
261.1200,1.114413
261.1400,1.136532
261.1600,1.135968
261.1800,1.123063
261.2000,1.109263
261.2200,1.086445
261.2400,1.041510
261.2600,0.987917
261.2800,0.929297
261.3000,0.903762
261.3200,0.946149
261.3400,0.989045
261.3600,1.032608
261.3800,1.073949
261.4000,1.111803
261.4200,1.144129
261.4400,1.169453
261.4600,1.186492
261.4800,1.203167
261.5000,1.227148
261.5200,1.244757
261.5400,1.236782
261.5600,1.217361
261.5800,1.185951
261.6000,1.142929
261.6200,1.089414
261.6400,1.028516
261.6600,0.963469
261.6800,0.898719
261.7000,0.846971
261.7200,0.868100
261.7400,0.903641
261.7600,0.940688
261.7800,0.977187
261.8000,1.009635
261.8200,1.035751
261.8400,1.052636
261.8600,1.060900
261.8800,1.059893
261.9000,1.048390
261.9200,1.006629
261.9400,0.948034
261.9600,0.890349
261.9800,0.834920
262.0000,0.783164
262.0200,0.735911
262.0400,0.691928
262.0600,0.651965
262.0800,0.617697
262.1000,0.590212
262.1200,0.586048
262.1400,0.621927
262.1600,0.647188
262.1800,0.660496
262.2000,0.660931
262.2200,0.650531
262.2400,0.630377
262.2600,0.603898
262.2800,0.572442
262.3000,0.539922
262.3200,0.516763
262.3400,0.597784
262.3600,0.696923
262.3800,0.786434
262.4000,0.867907
262.4200,0.942283
262.4400,1.008144
262.4600,1.066933
262.4800,1.118053
262.5000,1.157967
262.5200,1.185589
262.5400,1.199380
262.5600,1.211391
262.5800,1.225884
262.6000,1.241132
262.6200,1.255085
262.6400,1.265459
262.6600,1.270001
262.6800,1.270342
262.7000,1.266668
262.7200,1.274891
262.7400,1.216006
262.7600,1.124795
262.7800,1.043733
262.8000,0.969840
262.8200,0.902843
262.8400,0.840857
262.8600,0.784195
262.8800,0.732640
262.9000,0.687804
262.9200,0.650572
262.9400,0.613106
262.9600,0.573006
262.9800,0.536418
263.0000,0.502827
263.0200,0.472225
263.0400,0.445690
263.0600,0.425487
263.0800,0.412429
263.1000,0.407838
263.1200,0.415603
263.1400,0.424641
263.1600,0.424754
263.1800,0.431537
263.2000,0.445835
263.2200,0.466505
263.2400,0.492283
263.2600,0.521000
263.2800,0.552771
263.3000,0.585669
263.3200,0.621701
263.3400,0.620670
263.3600,0.573570
263.3800,0.532238
263.4000,0.497970
263.4200,0.472185
263.4400,0.456565
263.4600,0.449661
263.4800,0.449710
263.5000,0.455397
263.5200,0.465611
263.5400,0.451667
263.5600,0.419188
263.5800,0.393620
263.6000,0.376446
263.6200,0.365604
263.6400,0.360754
263.6600,0.359578
263.6800,0.362897
263.7000,0.370751
263.7200,0.383454
263.7400,0.412728
263.7600,0.459650
263.7800,0.506581
263.8000,0.554680
263.8200,0.603963
263.8400,0.654406
263.8600,0.704551
263.8800,0.753689
263.9000,0.800862
263.9200,0.846246
263.9400,0.895070
263.9600,0.944780
263.9800,0.984380
264.0000,1.014282
264.0200,1.034244
264.0400,1.045603
264.0600,1.048027
264.0800,1.044192
264.1000,1.035042
264.1200,1.021234
264.1400,1.010915
264.1600,1.030241
264.1800,1.056357
264.2000,1.084671
264.2200,1.113509
264.2400,1.142510
264.2600,1.171437
264.2800,1.197962
264.3000,1.221864
264.3200,1.242139
264.3400,1.253216
264.3600,1.239738
264.3800,1.218254
264.4000,1.195168
264.4200,1.173821
264.4400,1.160971
264.4600,1.160739
264.4800,1.175352
264.5000,1.206460
264.5200,1.251169
264.5400,1.297882
264.5600,1.315041
264.5800,1.332900
264.6000,1.354787
264.6200,1.379348
264.6400,1.405012
264.6600,1.431104
264.6800,1.456584
264.7000,1.480638
264.7200,1.503749
264.7400,1.532547
264.7600,1.614488
264.7800,1.697501
264.8000,1.774664
264.8200,1.846705
264.8400,1.913308
264.8600,1.974062
264.8800,2.028510
264.9000,2.078005
264.9200,2.123420
264.9400,2.168871
264.9600,2.258077
264.9800,2.353400
265.0000,2.440827
265.0200,2.519490
265.0400,2.592805
265.0600,2.657507
265.0800,2.713050
265.1000,2.757550
265.1200,2.794221
265.1400,2.822022
265.1600,2.819514
265.1800,2.788058
265.2000,2.771228
265.2200,2.766348
265.2400,2.770601
265.2600,2.781476
265.2800,2.798771
265.3000,2.816374
265.3200,2.834241
265.3400,2.851697
265.3600,2.846316
265.3800,2.779696
265.4000,2.712326
265.4200,2.650564
265.4400,2.592779
265.4600,2.565246
265.4800,2.532461
265.5000,2.465807
265.5200,2.399872
265.5400,2.333340
265.5600,2.264635
265.5800,2.194140
265.6000,2.120891
265.6200,2.044517
265.6400,1.966152
265.6600,1.886370
265.6800,1.805042
265.7000,1.724131
265.7200,1.644656
265.7400,1.566630
265.7600,1.497773
265.7800,1.476344
265.8000,1.461466
265.8200,1.445806
265.8400,1.430194
265.8600,1.413850
265.8800,1.397528
265.9000,1.380741
265.9200,1.363341
265.9400,1.344459
265.9600,1.323652
265.9800,1.278034
266.0000,1.228921
266.0200,1.186394
266.0400,1.148165
266.0600,1.113373
266.0800,1.083752
266.1000,1.062366
266.1200,1.032069
266.1400,0.998108
266.1600,0.963565
266.1800,0.930755
266.2000,0.907338
266.2200,0.892331
266.2400,0.885226
266.2600,0.884646
266.2800,0.888384
266.3000,0.894538
266.3200,0.900886
266.3400,0.908273
266.3600,0.915708
266.3800,0.923852
266.4000,0.933237
266.4200,0.941993
266.4400,0.951241
266.4600,0.962824
266.4800,0.976188
266.5000,0.991647
266.5200,1.008288
266.5400,1.025254
266.5600,1.041584
266.5800,1.056453
266.6000,1.024062
266.6200,0.979910
266.6400,0.946133
266.6600,0.920300
266.6800,0.901313
266.7000,0.887337
266.7200,0.875592
266.7400,0.866143
266.7600,0.856613
266.7800,0.845617
266.8000,0.809545
266.8200,0.769389
266.8400,0.732326
266.8600,0.698187
266.8800,0.665498
266.9000,0.634847
266.9200,0.605896
266.9400,0.578588
266.9600,0.553383
266.9800,0.530216
267.0000,0.506670
267.0200,0.480747
267.0400,0.454994
267.0600,0.429877
267.0800,0.406001
267.1000,0.383454
267.1200,0.361777
267.1400,0.341663
267.1600,0.323288
267.1800,0.307597
267.2000,0.293910
267.2200,0.281086
267.2400,0.271291
267.2600,0.265725
267.2800,0.264114
267.3000,0.266981
267.3200,0.275174
267.3400,0.286540
267.3600,0.301402
267.3800,0.317537
267.4000,0.334767
267.4200,0.383060
267.4400,0.442452
267.4600,0.500217
267.4800,0.557983
267.5000,0.615393
267.5200,0.671894
267.5400,0.726357
267.5600,0.774915
267.5800,0.816763
267.6000,0.842653
267.6200,0.794353
267.6400,0.735403
267.6600,0.682221
267.6800,0.634042
267.7000,0.589761
267.7200,0.549460
267.7400,0.511881
267.7600,0.478532
267.7800,0.451579
267.8000,0.433873
267.8200,0.450129
267.8400,0.484042
267.8600,0.513170
267.8800,0.537933
267.9000,0.554809
267.9200,0.563807
267.9400,0.565861
267.9600,0.560343
267.9800,0.549436
268.0000,0.535774
268.0200,0.525584
268.0400,0.526953
268.0600,0.537345
268.0800,0.549097
268.1000,0.560947
268.1200,0.580127
268.1400,0.590470
268.1600,0.594756
268.1800,0.600692
268.2000,0.607813
268.2200,0.610512
268.2400,0.598300
268.2600,0.587087
268.2800,0.574166
268.3000,0.563194
268.3200,0.556895
268.3400,0.558184
268.3600,0.567617
268.3800,0.583663
268.4000,0.605429
268.4200,0.632664
268.4400,0.637900
268.4600,0.635186
268.4800,0.636821
268.5000,0.642677
268.5200,0.661108
268.5400,0.679579
268.5600,0.685041
268.5800,0.690808
268.6000,0.697196
268.6200,0.703890
268.6400,0.719937
268.6600,0.739068
268.6800,0.748960
268.7000,0.754720
268.7200,0.763686
268.7400,0.755872
268.7600,0.748171
268.7800,0.736539
268.8000,0.717254
268.8200,0.701442
268.8400,0.677428
268.8600,0.655952
268.8800,0.643281
268.9000,0.644643
268.9200,0.661495
268.9400,0.691944
268.9600,0.732342
268.9800,0.777589
269.0000,0.824359
269.0200,0.868511
269.0400,0.921306
269.0600,0.977364
269.0800,1.021395
269.1000,1.051370
269.1200,1.066078
269.1400,1.066844
269.1600,1.054270
269.1800,1.032463
269.2000,1.004568
269.2200,0.973771
269.2400,0.945940
269.2600,0.921685
269.2800,0.898944
269.3000,0.880022
269.3200,0.864395
269.3400,0.853866
269.3600,0.847978
269.3800,0.848236
269.4000,0.853560
269.4200,0.864645
269.4400,0.864443
269.4600,0.822144
269.4800,0.789648
269.5000,0.771072
269.5200,0.765643
269.5400,0.772498
269.5600,0.790196
269.5800,0.814950
269.6000,0.843588
269.6200,0.875785
269.6400,0.889721
269.6600,0.853480
269.6800,0.816247
269.7000,0.779925
269.7200,0.745247
269.7400,0.710987
269.7600,0.673377
269.7800,0.634525
269.8000,0.595142
269.8200,0.558119
269.8400,0.528298
269.8600,0.567939
269.8800,0.622370
269.9000,0.666948
269.9200,0.705308
269.9400,0.737659
269.9600,0.759553
269.9800,0.769719
270.0000,0.767343
270.0200,0.755574
270.0400,0.735460
270.0600,0.700314
270.0800,0.651409
270.1000,0.607709
270.1200,0.568857
270.1400,0.535798
270.1600,0.507805
270.1800,0.486724
270.2000,0.473771
270.2200,0.471693
270.2400,0.483518
270.2600,0.491244
270.2800,0.463259
270.3000,0.444756
270.3200,0.436966
270.3400,0.436999
270.3600,0.442114
270.3800,0.450846
270.4000,0.464032
270.4200,0.478419
270.4400,0.493805
270.4600,0.510077
270.4800,0.569373
270.5000,0.640357
270.5200,0.696125
270.5400,0.737055
270.5600,0.762034
270.5800,0.772982
270.6000,0.772579
270.6200,0.763025
270.6400,0.748461
270.6600,0.732640
270.6800,0.734010
270.7000,0.753069
270.7200,0.769018
270.7400,0.781609
270.7600,0.789689
270.7800,0.790446
270.8000,0.785693
270.8200,0.777404
270.8400,0.767730
270.8600,0.755751
270.8800,0.730771
270.9000,0.678274
270.9200,0.629450
270.9400,0.585822
270.9600,0.548235
270.9800,0.517118
271.0000,0.492162
271.0200,0.473111
271.0400,0.458804
271.0600,0.447398
271.0800,0.439713
271.1000,0.458410
271.1200,0.487973
271.1400,0.521709
271.1600,0.557604
271.1800,0.596794
271.2000,0.641332
271.2200,0.690655
271.2400,0.746842
271.2600,0.806637
271.2800,0.867899
271.3000,0.918777
271.3200,0.987627
271.3400,1.057284
271.3600,1.132796
271.3800,1.240528
271.4000,1.310795
271.4200,1.362407
271.4400,1.410530
271.4600,1.452219
271.4800,1.486092
271.5000,1.480018
271.5200,1.382007
271.5400,1.291051
271.5600,1.209676
271.5800,1.136105
271.6000,1.067133
271.6200,1.001732
271.6400,0.938183
271.6600,0.876615
271.6800,0.819647
271.7000,0.765377
271.7200,0.715643
271.7400,0.669018
271.7600,0.626083
271.7800,0.585854
271.8000,0.548034
271.8200,0.513484
271.8400,0.480498
271.8600,0.450612
271.8800,0.424690
271.9000,0.409570
271.9200,0.430176
271.9400,0.448792
271.9600,0.458877
271.9800,0.461374
272.0000,0.458692
272.0200,0.455059
272.0400,0.452360
272.0600,0.453375
272.0800,0.458716
272.1000,0.466046
272.1200,0.471967
272.1400,0.477292
272.1600,0.481416
272.1800,0.482874
272.2000,0.481263
272.2200,0.475495
272.2400,0.465982
272.2600,0.453005
272.2800,0.440035
272.3000,0.424617
272.3200,0.395956
272.3400,0.369591
272.3600,0.346069
272.3800,0.324819
272.4000,0.306855
272.4200,0.293097
272.4400,0.284880
272.4600,0.280675
272.4800,0.279435
272.5000,0.280426
272.5200,0.277888
272.5400,0.273224
272.5600,0.267336
272.5800,0.259594
272.6000,0.250742
272.6200,0.240874
272.6400,0.230708
272.6600,0.220929
272.6800,0.210771
272.7000,0.201394
272.7200,0.194161
272.7400,0.188514
272.7600,0.182690
272.7800,0.176535
272.8000,0.170252
272.8200,0.164364
272.8400,0.158870
272.8600,0.153433
272.8800,0.148897
272.9000,0.144813
272.9200,0.139392
272.9400,0.133898
272.9600,0.130442
272.9800,0.129234
273.0000,0.129017
273.0200,0.129822
273.0400,0.136097
273.0600,0.145248
273.0800,0.150976
273.1000,0.157621
273.1200,0.165790
273.1400,0.159192
273.1600,0.147673
273.1800,0.137032
273.2000,0.127696
273.2200,0.119044
273.2400,0.111617
273.2600,0.104971
273.2800,0.098454
273.3000,0.092767
273.3200,0.087934
273.3400,0.082585
273.3600,0.077833
273.3800,0.073628
273.4000,0.069866
273.4200,0.065879
273.4400,0.062423
273.4600,0.059152
273.4800,0.055987
273.5000,0.053401
273.5200,0.051177
273.5400,0.049148
273.5600,0.048882
273.5800,0.049196
273.6000,0.050638
273.6200,0.051596
273.6400,0.052055
273.6600,0.053336
273.6800,0.056381
273.7000,0.058951
273.7200,0.061867
273.7400,0.064574
273.7600,0.068005
273.7800,0.080088
273.8000,0.092083
273.8200,0.103102
273.8400,0.113502
273.8600,0.123781
273.8800,0.133415
273.9000,0.143267
273.9200,0.152716
273.9400,0.161979
273.9600,0.171146
273.9800,0.177832
274.0000,0.182198
274.0200,0.185944
274.0400,0.188320
274.0600,0.188280
274.0800,0.186008
274.1000,0.180055
274.1200,0.171976
274.1400,0.162092
274.1600,0.156759
274.1800,0.167634
274.2000,0.178718
274.2200,0.188538
274.2400,0.196102
274.2600,0.201507
274.2800,0.205615
274.3000,0.208209
274.3200,0.211101
274.3400,0.213244
274.3600,0.215491
274.3800,0.209796
274.4000,0.201467
274.4200,0.193605
274.4400,0.185799
274.4600,0.178026
274.4800,0.170985
274.5000,0.164066
274.5200,0.157936
274.5400,0.152627
274.5600,0.147995
274.5800,0.142864
274.6000,0.137128
274.6200,0.131498
274.6400,0.125843
274.6600,0.121356
274.6800,0.117651
274.7000,0.114702
274.7200,0.112761
274.7400,0.111778
274.7600,0.110401
274.7800,0.108886
274.8000,0.109039
274.8200,0.108644
274.8400,0.107944
274.8600,0.107356
274.8800,0.106929
274.9000,0.106582
274.9200,0.106977
274.9400,0.107058
274.9600,0.107622
274.9800,0.109853
275.0000,0.115814
275.0200,0.119415
275.0400,0.121445
275.0600,0.120824
275.0800,0.118279
275.1000,0.114767
275.1200,0.111367
275.1400,0.109998
275.1600,0.111029
275.1800,0.115234
275.2000,0.122677
275.2200,0.131272
275.2400,0.139948
275.2600,0.149622
275.2800,0.159788
275.3000,0.170019
275.3200,0.178968
275.3400,0.185871
275.3600,0.189706
275.3800,0.190745
275.4000,0.199646
275.4200,0.207919
275.4400,0.210875
275.4600,0.211254
275.4800,0.209740
275.5000,0.207081
275.5200,0.203650
275.5400,0.200589
275.5600,0.198132
275.5800,0.196497
275.6000,0.191188
275.6200,0.178340
275.6400,0.166659
275.6600,0.155446
275.6800,0.144644
275.7000,0.134253
275.7200,0.124973
275.7400,0.116724
275.7600,0.109434
275.7800,0.103819
275.8000,0.099413
275.8200,0.094773
275.8400,0.091736
275.8600,0.089497
275.8800,0.088965
275.9000,0.089199
275.9200,0.089876
275.9400,0.091495
275.9600,0.093090
275.9800,0.095200
276.0000,0.098036
276.0200,0.108403
276.0400,0.118907
276.0600,0.126890
276.0800,0.132086
276.1000,0.134639
276.1200,0.134905
276.1400,0.133536
276.1600,0.131063
276.1800,0.127591
276.2000,0.124683
276.2200,0.122427
276.2400,0.122798
276.2600,0.126584
276.2800,0.133939
276.3000,0.143581
276.3200,0.153433
276.3400,0.161778
276.3600,0.168875
276.3800,0.177518
276.4000,0.182182
276.4200,0.182609
276.4400,0.176713
276.4600,0.171928
276.4800,0.169503
276.5000,0.070663
276.5200,0.096143
276.5400,0.119559
276.5600,0.141535
276.5800,0.162720
276.6000,0.182577
276.6200,0.201233
276.6400,0.218568
276.6600,0.235283
276.6800,0.250057
276.7000,0.256678
276.7200,0.261399
276.7400,0.265902
276.7600,0.270252
276.7800,0.274521
276.8000,0.278396
276.8200,0.283285
276.8400,0.288449
276.8600,0.294515
276.8800,0.300830
276.9000,0.301708
276.9200,0.301200
276.9400,0.302683
276.9600,0.305784
276.9800,0.310851
277.0000,0.315773
277.0200,0.321065
277.0400,0.325923
277.0600,0.329999
277.0800,0.333559
277.1000,0.335742
277.1200,0.336056
277.1400,0.334767
277.1600,0.331940
277.1800,0.327832
277.2000,0.321919
277.2200,0.314073
277.2400,0.304165
277.2600,0.292227
277.2800,0.278895
277.3000,0.271105
277.3200,0.270485
277.3400,0.266611
277.3600,0.258112
277.3800,0.248003
277.4000,0.237909
277.4200,0.228710
277.4400,0.220034
277.4600,0.211818
277.4800,0.203819
277.5000,0.198776
277.5200,0.208032
277.5400,0.217682
277.5600,0.229097
277.5800,0.233358
277.6000,0.233809
277.6200,0.233060
277.6400,0.231964
277.6600,0.230885
277.6800,0.230619
277.7000,0.230257
277.7200,0.231014
277.7400,0.230796
277.7600,0.227808
277.7800,0.221992
277.8000,0.212527
277.8200,0.200154
277.8400,0.186685
277.8600,0.172935
277.8800,0.160352
277.9000,0.149131
277.9200,0.138296
277.9400,0.128799
277.9600,0.119447
277.9800,0.111416
278.0000,0.103666
278.0200,0.097979
278.0400,0.096320
278.0600,0.100275
278.0800,0.110634
278.1000,0.125682
278.1200,0.137789
278.1400,0.152272
278.1600,0.169431
278.1800,0.187853
278.2000,0.206993
278.2200,0.228791
278.2400,0.254012
278.2600,0.283624
278.2800,0.318213
278.3000,0.359103
278.3200,0.384952
278.3400,0.403037
278.3600,0.422612
278.3800,0.441316
278.4000,0.460810
278.4200,0.481988
278.4400,0.505663
278.4600,0.531633
278.4800,0.558748
278.5000,0.585895
278.5200,0.566844
278.5400,0.526510
278.5600,0.495062
278.5800,0.471943
278.6000,0.456307
278.6200,0.445940
278.6400,0.439616
278.6600,0.436620
278.6800,0.435710
278.7000,0.435991
278.7200,0.428347
278.7400,0.414137
278.7600,0.397221
278.7800,0.378420
278.8000,0.358321
278.8200,0.338199
278.8400,0.320002
278.8600,0.305035
278.8800,0.294490
278.9000,0.289142
278.9200,0.284429
278.9400,0.274022
278.9600,0.262760
278.9800,0.250991
279.0000,0.238062
279.0200,0.225480
279.0400,0.212414
279.0600,0.198768
279.0800,0.185154
279.1000,0.172306
279.1200,0.165540
279.1400,0.177864
279.1600,0.193266
279.1800,0.213276
279.2000,0.239359
279.2200,0.276664
279.2400,0.330393
279.2600,0.401917
279.2800,0.492621
279.3000,0.599033
279.3200,0.694618
279.3400,0.732978
279.3600,0.774593
279.3800,0.823650
279.4000,0.891525
279.4200,0.937764
279.4400,0.997205
279.4600,1.036057
279.4800,1.070148
279.5000,1.107950
279.5200,1.189883
279.5400,1.406101
279.5600,1.607770
279.5800,1.796485
279.6000,1.974998
279.6200,2.140636
279.6400,2.291605
279.6600,2.428913
279.6800,2.551890
279.7000,2.664749
279.7200,2.768941
279.7400,2.770875
279.7600,2.739199
279.7800,2.730193
279.8000,2.742502
279.8200,2.772752
279.8400,2.816019
279.8600,2.867913
279.8800,2.928227
279.9000,2.993389
279.9200,3.060597
279.9400,3.121838
279.9600,3.229043
279.9800,3.356501
280.0000,3.406707
280.0200,3.448797
280.0400,3.487899
280.0600,3.522088
280.0800,3.552064
280.1000,3.580042
280.1200,3.600000
280.1400,3.600000
280.1600,3.600000
280.1800,3.600000
280.2000,3.600000
280.2200,3.600000
280.2400,3.600000
280.2600,3.600000
280.2800,3.600000
280.3000,3.600000
280.3200,3.600000
280.3400,3.600000
280.3600,3.600000
280.3800,3.600000
280.4000,3.600000
280.4200,3.600000
280.4400,3.600000
280.4600,3.600000
280.4800,3.600000
280.5000,3.600000
280.5200,3.600000
280.5400,3.600000
280.5600,3.600000
280.5800,3.600000
280.6000,3.600000
280.6200,3.600000
280.6400,3.600000
280.6600,3.600000
280.6800,3.600000
280.7000,3.600000
280.7200,3.600000
280.7400,3.600000
280.7600,3.600000
280.7800,3.600000
280.8000,3.600000
280.8200,3.600000
280.8400,3.600000
280.8600,3.600000
280.8800,3.600000
280.9000,3.600000
280.9200,3.600000
280.9400,3.600000
280.9600,3.600000
280.9800,3.600000
281.0000,3.600000
281.0200,3.600000
281.0400,3.600000
281.0600,3.600000
281.0800,3.600000
281.1000,3.600000
281.1200,3.600000
281.1400,3.600000
281.1600,3.600000
281.1800,3.600000
281.2000,3.600000
281.2200,3.600000
281.2400,3.600000
281.2600,3.600000
281.2800,3.600000
281.3000,3.600000
281.3200,3.600000
281.3400,3.600000
281.3600,3.600000
281.3800,3.600000
281.4000,3.600000
281.4200,3.600000
281.4400,3.600000
281.4600,3.600000
281.4800,3.600000
281.5000,3.600000
281.5200,3.600000
281.5400,3.600000
281.5600,3.600000
281.5800,3.600000
281.6000,3.600000
281.6200,3.600000
281.6400,3.600000
281.6600,3.600000
281.6800,3.600000
281.7000,3.600000
281.7200,3.600000
281.7400,3.600000
281.7600,3.600000
281.7800,3.600000
281.8000,3.600000
281.8200,3.600000
281.8400,3.600000
281.8600,3.600000
281.8800,3.600000
281.9000,3.600000
281.9200,3.600000
281.9400,3.600000
281.9600,3.600000
281.9800,3.451931
282.0000,3.304396
282.0200,3.172347
282.0400,3.054718
282.0600,2.947681
282.0800,2.850578
282.1000,2.761442
282.1200,2.677148
282.1400,2.595810
282.1600,2.519998
282.1800,2.504274
282.2000,2.503967
282.2200,2.497806
282.2400,2.486012
282.2600,2.469643
282.2800,2.450920
282.3000,2.428929
282.3200,2.404497
282.3400,2.377325
282.3600,2.346658
282.3800,2.300249
282.4000,2.239768
282.4200,2.180695
282.4400,2.123686
282.4600,2.066194
282.4800,2.006954
282.5000,1.947486
282.5200,1.888135
282.5400,1.828950
282.5600,1.769059
282.5800,1.680954
282.6000,1.576788
282.6200,1.480904
282.6400,1.392172
282.6600,1.309902
282.6800,1.234277
282.7000,1.165524
282.7200,1.104068
282.7400,1.050338
282.7600,1.004890
282.7800,1.023635
282.8000,1.079692
282.8200,1.129805
282.8400,1.176164
282.8600,1.219117
282.8800,1.260949
282.9000,1.302442
282.9200,1.346507
282.9400,1.393566
282.9600,1.440119
282.9800,1.436035
283.0000,1.402636
283.0200,1.373492
283.0400,1.363818
283.0600,1.341711
283.0800,1.309176
283.1000,1.277398
283.1200,1.245136
283.1400,1.212083
283.1600,1.183407
283.1800,1.267312
283.2000,1.369069
283.2200,1.454909
283.2400,1.530953
283.2600,1.599650
283.2800,1.665222
283.3000,1.725581
283.3200,1.782494
283.3400,1.838085
283.3600,1.893886
283.3800,1.894378
283.4000,1.862486
283.4200,1.840518
283.4400,1.827040
283.4600,1.823255
283.4800,1.830223
283.5000,1.847220
283.5200,1.875463
283.5400,1.912092
283.5600,1.953682
283.5800,1.973088
283.6000,1.948526
283.6200,1.945851
283.6400,1.962512
283.6600,1.988458
283.6800,2.019126
283.7000,2.052645
283.7200,2.082741
283.7400,2.114285
283.7600,2.183395
283.7800,2.248170
283.8000,2.378944
283.8200,2.477126
283.8400,2.528344
283.8600,2.573817
283.8800,2.637014
283.9000,2.741214
283.9200,2.783530
283.9400,2.802437
283.9600,2.822592
283.9800,2.829706
284.0000,2.752089
284.0200,2.675641
284.0400,2.615192
284.0600,2.566149
284.0800,2.525629
284.1000,2.491005
284.1200,2.461047
284.1400,2.435672
284.1600,2.415476
284.1800,2.396827
284.2000,2.365136
284.2200,2.328491
284.2400,2.294022
284.2600,2.258561
284.2800,2.222762
284.3000,2.185722
284.3200,2.149722
284.3400,2.114609
284.3600,2.082708
284.3800,2.045839
284.4000,1.936636
284.4200,1.823938
284.4400,1.725114
284.4600,1.636745
284.4800,1.557156
284.5000,1.484713
284.5200,1.418554
284.5400,1.357590
284.5600,1.300895
284.5800,1.253054
284.6000,1.305729
284.6200,1.377190
284.6400,1.432692
284.6600,1.473227
284.6800,1.502420
284.7000,1.522099
284.7200,1.532298
284.7400,1.533980
284.7600,1.526432
284.7800,1.510467
284.8000,1.480314
284.8200,1.440748
284.8400,1.406245
284.8600,1.360305
284.8800,1.299228
284.9000,1.237007
284.9200,1.175133
284.9400,1.113670
284.9600,1.051966
284.9800,0.991453
285.0000,0.938142
285.0200,0.894353
285.0400,0.859859
285.0600,0.832519
285.0800,0.812107
285.1000,0.799041
285.1200,0.793362
285.1400,0.794296
285.1600,0.802787
285.1800,0.817859
285.2000,0.795158
285.2200,0.764894
285.2400,0.750298
285.2600,0.747623
285.2800,0.754293
285.3000,0.769606
285.3200,0.792830
285.3400,0.822579
285.3600,0.856734
285.3800,0.893563
285.4000,0.962905
285.4200,1.039053
285.4400,1.104335
285.4600,1.159885
285.4800,1.205987
285.5000,1.242703
285.5200,1.269818
285.5400,1.288731
285.5600,1.299293
285.5800,1.302176
285.6000,1.278800
285.6200,1.240295
285.6400,1.202361
285.6600,1.165056
285.6800,1.128799
285.7000,1.093935
285.7200,1.061559
285.7400,1.033101
285.7600,1.019067
285.7800,1.002666
285.8000,0.986604
285.8200,0.984904
285.8400,0.981698
285.8600,0.974545
285.8800,0.963581
285.9000,0.947978
285.9200,0.929660
285.9400,0.909924
285.9600,0.889697
285.9800,0.869518
286.0000,0.864507
286.0200,0.900032
286.0400,0.948026
286.0600,0.989802
286.0800,1.002546
286.1000,1.009602
286.1200,1.013259
286.1400,1.014516
286.1600,1.016980
286.1800,1.037055
286.2000,1.047600
286.2200,1.066304
286.2400,1.084501
286.2600,1.099702
286.2800,1.113050
286.3000,1.125463
286.3200,1.135477
286.3400,1.144530
286.3600,1.151395
286.3800,1.156316
286.4000,1.159482
286.4200,1.154109
286.4400,1.145868
286.4600,1.135050
286.4800,1.121186
286.5000,1.104816
286.5200,1.084591
286.5400,1.060560
286.5600,1.032237
286.5800,1.000604
286.6000,0.966473
286.6200,1.002795
286.6400,1.076381
286.6600,1.146352
286.6800,1.211552
286.7000,1.271220
286.7200,1.326191
286.7400,1.373734
286.7600,1.413615
286.7800,1.446821
286.8000,1.472042
286.8200,1.446781
286.8400,1.381433
286.8600,1.325724
286.8800,1.278252
286.9000,1.238328
286.9200,1.205640
286.9400,1.179894
286.9600,1.160078
286.9800,1.145369
287.0000,1.134276
287.0200,1.126978
287.0400,1.121904
287.0600,1.116846
287.0800,1.110601
287.1000,1.103956
287.1200,1.095851
287.1400,1.086637
287.1600,1.075945
287.1800,1.063711
287.2000,1.050749
287.2200,1.018303
287.2400,0.972910
287.2600,0.927920
287.2800,0.882745
287.3000,0.837691
287.3200,0.792709
287.3400,0.748848
287.3600,0.706976
287.3800,0.667641
287.4000,0.629652
287.4200,0.612655
287.4400,0.634912
287.4600,0.645497
287.4800,0.642830
287.5000,0.628306
287.5200,0.604124
287.5400,0.575350
287.5600,0.544200
287.5800,0.513895
287.6000,0.485130
287.6200,0.474891
287.6400,0.517037
287.6600,0.558716
287.6800,0.597317
287.7000,0.633599
287.7200,0.666546
287.7400,0.695803
287.7600,0.720098
287.7800,0.740091
287.8000,0.755679
287.8200,0.762840
287.8400,0.744739
287.8600,0.723997
287.8800,0.705461
287.9000,0.688617
287.9200,0.675036
287.9400,0.664008
287.9600,0.656452
287.9800,0.652481
288.0000,0.651135
288.0200,0.662179
288.0400,0.809239
288.0600,0.997503
288.0800,1.116628
288.1000,1.212842
288.1200,1.298109
288.1400,1.373299
288.1600,1.438548
288.1800,1.530750
288.2000,1.607487
288.2200,1.641554
288.2400,1.673584
288.2600,1.701358
288.2800,1.723519
288.3000,1.742691
288.3200,1.757634
288.3400,1.768155
288.3600,1.776743
288.3800,1.783010
288.4000,1.787464
288.4200,1.784127
288.4400,1.740967
288.4600,1.696686
288.4800,1.657038
288.5000,1.623817
288.5200,1.594108
288.5400,1.568595
288.5600,1.546313
288.5800,1.527068
288.6000,1.510917
288.6200,1.495733
288.6400,1.458461
288.6600,1.421430
288.6800,1.389352
288.7000,1.361239
288.7200,1.337411
288.7400,1.320076
288.7600,1.323846
288.7800,1.315775
288.8000,1.298736
288.8200,1.283416
288.8400,1.295361
288.8600,1.322002
288.8800,1.344781
288.9000,1.363183
288.9200,1.398366
288.9400,1.434956
288.9600,1.438750
288.9800,1.438918
289.0000,1.437146
289.0200,1.433375
289.0400,1.402338
289.0600,1.343276
289.0800,1.290310
289.1000,1.242937
289.1200,1.199646
289.1400,1.159183
289.1600,1.122339
289.1800,1.087418
289.2000,1.054777
289.2200,1.023828
289.2400,0.993443
289.2600,0.963372
289.2800,0.934904
289.3000,0.908377
289.3200,0.882971
289.3400,0.858716
289.3600,0.836378
289.3800,0.815635
289.4000,0.796310
289.4200,0.777847
289.4400,0.760617
289.4600,0.746117
289.4800,0.727742
289.5000,0.708337
289.5200,0.688102
289.5400,0.667456
289.5600,0.646077
289.5800,0.624480
289.6000,0.603842
289.6200,0.582455
289.6400,0.559811
289.6600,0.526373
289.6800,0.494143
289.7000,0.464822
289.7200,0.437643
289.7400,0.412502
289.7600,0.389254
289.7800,0.367794
289.8000,0.347044
289.8200,0.327985
289.8400,0.314009
289.8600,0.321484
289.8800,0.329733
289.9000,0.337418
289.9200,0.343548
289.9400,0.349718
289.9600,0.354793
289.9800,0.359949
290.0000,0.364081
290.0200,0.367786
290.0400,0.369969
290.0600,0.362268
290.0800,0.353464
290.1000,0.346649
290.1200,0.340567
290.1400,0.335766
290.1600,0.331312
290.1800,0.328081
290.2000,0.325310
290.2200,0.323192
290.2400,0.321138
290.2600,0.305011
290.2800,0.285009
290.3000,0.267811
290.3200,0.251829
290.3400,0.237442
290.3600,0.223724
290.3800,0.211633
290.4000,0.199590
290.4200,0.188506
290.4400,0.178026
290.4600,0.186258
290.4800,0.213421
290.5000,0.239665
290.5200,0.266667
290.5400,0.294482
290.5600,0.323232
290.5800,0.354173
290.6000,0.387192
290.6200,0.422257
290.6400,0.459723
290.6600,0.495859
290.6800,0.526478
290.7000,0.555920
290.7200,0.585290
290.7400,0.613202
290.7600,0.639640
290.7800,0.664677
290.8000,0.686660
290.8200,0.704204
290.8400,0.716892
290.8600,0.724085
290.8800,0.724424
290.9000,0.718406
290.9200,0.704712
290.9400,0.684332
290.9600,0.659497
290.9800,0.631996
291.0000,0.603713
291.0200,0.575729
291.0400,0.549750
291.0600,0.524569
291.0800,0.489963
291.1000,0.456267
291.1200,0.425302
291.1400,0.397543
291.1600,0.378540
291.1800,0.370557
291.2000,0.375431
291.2200,0.393346
291.2400,0.421983
291.2600,0.457918
291.2800,0.484791
291.3000,0.519437
291.3200,0.564934
291.3400,0.619534
291.3600,0.682463
291.3800,0.751248
291.4000,0.823836
291.4200,0.898606
291.4400,0.974271
291.4600,1.051443
291.4800,1.151483
291.5000,1.252611
291.5200,1.346466
291.5400,1.435889
291.5600,1.561040
291.5800,1.661846
291.6000,1.766680
291.6200,1.855502
291.6400,1.902907
291.6600,1.953006
291.6800,1.980209
291.7000,1.985919
291.7200,1.957798
291.7400,1.926133
291.7600,1.893933
291.7800,1.862702
291.8000,1.830537
291.8200,1.797494
291.8400,1.763097
291.8600,1.729826
291.8800,1.768404
291.9000,1.833428
291.9200,1.890018
291.9400,1.940294
291.9600,1.987267
291.9800,2.028599
292.0000,2.066477
292.0200,2.101428
292.0400,2.132129
292.0600,2.158470
292.0800,2.190910
292.1000,2.228320
292.1200,2.259060
292.1400,2.284556
292.1600,2.303246
292.1800,2.318382
292.2000,2.328604
292.2200,2.332020
292.2400,2.328998
292.2600,2.316457
292.2800,2.305333
292.3000,2.305146
292.3200,2.303447
292.3400,2.302037
292.3600,2.301949
292.3800,2.300611
292.4000,2.301160
292.4200,2.302504
292.4400,2.304607
292.4600,2.306009
292.4800,2.315998
292.5000,2.339625
292.5200,2.353731
292.5400,2.362301
292.5600,2.366370
292.5800,2.365097
292.6000,2.361496
292.6200,2.351992
292.6400,2.340994
292.6600,2.327736
292.6800,2.302811
292.7000,2.215085
292.7200,2.136858
292.7400,2.076579
292.7600,2.030556
292.7800,1.997617
292.8000,1.974031
292.8200,1.958426
292.8400,1.949703
292.8600,1.946771
292.8800,1.947334
292.9000,1.959619
292.9200,1.969785
292.9400,1.976955
292.9600,1.979379
292.9800,1.977672
293.0000,1.970518
293.0200,1.960118
293.0400,1.947263
293.0600,1.932551
293.0800,1.917183
293.1000,1.912647
293.1200,1.949790
293.1400,1.983994
293.1600,2.010410
293.1800,2.029711
293.2000,2.043050
293.2200,2.054087
293.2400,2.062932
293.2600,2.069409
293.2800,2.074112
293.3000,2.073050
293.3200,2.026633
293.3400,1.967819
293.3600,1.912438
293.3800,1.860940
293.4000,1.811575
293.4200,1.763974
293.4400,1.718525
293.4600,1.676322
293.4800,1.636601
293.5000,1.600036
293.5200,1.549762
293.5400,1.492222
293.5600,1.432031
293.5800,1.369505
293.6000,1.304884
293.6200,1.238225
293.6400,1.171887
293.6600,1.106493
293.6800,1.043628
293.7000,0.986056
293.7200,0.963565
293.7400,0.966997
293.7600,0.986395
293.7800,1.021114
293.8000,1.070286
293.8200,1.130885
293.8400,1.201950
293.8600,1.278855
293.8800,1.361739
293.9000,1.449180
293.9200,1.561861
293.9400,1.717623
293.9600,1.868680
293.9800,2.016442
294.0000,2.160920
294.0200,2.301102
294.0400,2.435084
294.0600,2.554953
294.0800,2.665516
294.1000,2.763231
294.1200,2.805715
294.1400,2.763995
294.1600,2.719190
294.1800,2.670051
294.2000,2.618341
294.2200,2.564827
294.2400,2.508284
294.2600,2.447119
294.2800,2.380845
294.3000,2.308924
294.3200,2.227734
294.3400,2.125361
294.3600,2.029219
294.3800,1.942349
294.4000,1.865078
294.4200,1.798702
294.4400,1.743827
294.4600,1.700440
294.4800,1.668072
294.5000,1.645228
294.5200,1.653057
294.5400,1.731349
294.5600,1.802770
294.5800,1.865200
294.6000,1.918415
294.6200,1.962198
294.6400,1.999301
294.6600,2.031853
294.6800,2.059500
294.7000,2.081766
294.7200,2.078551
294.7400,2.027722
294.7600,1.987354
294.7800,1.957202
294.8000,1.933979
294.8200,1.918270
294.8400,1.905849
294.8600,1.898260
294.8800,1.894603
294.9000,1.892967
294.9200,1.900097
294.9400,1.914717
294.9600,1.926366
294.9800,1.936550
295.0000,1.945998
295.0200,1.953176
295.0400,1.959716
295.0600,1.966097
295.0800,1.972893
295.1000,1.980837
295.1200,1.977649
295.1400,1.898244
295.1600,1.806732
295.1800,1.714352
295.2000,1.619466
295.2200,1.526498
295.2400,1.434722
295.2600,1.346948
295.2800,1.265741
295.3000,1.195988
295.3200,1.151595
295.3400,1.174327
295.3600,1.218544
295.3800,1.276914
295.4000,1.350968
295.4200,1.440683
295.4400,1.543929
295.4600,1.658398
295.4800,1.782308
295.5000,1.912671
295.5200,2.022218
295.5400,2.007437
295.5600,2.002958
295.5800,2.020568
295.6000,2.050815
295.6200,2.088475
295.6400,2.133080
295.6600,2.181027
295.6800,2.229715
295.7000,2.274985
295.7200,2.314008
295.7400,2.347849
295.7600,2.376311
295.7800,2.394839
295.8000,2.403981
295.8200,2.402175
295.8400,2.387386
295.8600,2.362004
295.8800,2.326494
295.9000,2.282092
295.9200,2.221772
295.9400,2.075194
295.9600,1.921758
295.9800,1.782888
296.0000,1.657352
296.0200,1.543721
296.0400,1.440119
296.0600,1.344912
296.0800,1.258822
296.1000,1.189102
296.1200,1.142387
296.1400,1.099089
296.1600,1.053254
296.1800,1.014741
296.2000,0.986411
296.2200,0.970114
296.2400,0.965789
296.2600,0.972217
296.2800,0.986789
296.3000,1.007033
296.3200,1.029597
296.3400,1.102908
296.3600,1.192308
296.3800,1.265161
296.4000,1.320705
296.4200,1.358057
296.4400,1.375545
296.4600,1.371058
296.4800,1.344734
296.5000,1.298706
296.5200,1.236210
296.5400,1.158162
296.5600,1.077461
296.5800,1.002144
296.6000,0.934397
296.6200,0.875535
296.6400,0.821934
296.6600,0.772361
296.6800,0.726381
296.7000,0.685435
296.7200,0.656283
296.7400,0.704873
296.7600,0.776486
296.7800,0.876599
296.8000,0.965603
296.8200,1.017473
296.8400,1.061810
296.8600,1.102859
296.8800,1.140029
296.9000,1.172217
296.9200,1.198189
296.9400,1.172459
296.9600,1.105906
296.9800,1.051225
297.0000,1.006009
297.0200,0.968777
297.0400,0.937127
297.0600,0.910295
297.0800,0.887433
297.1000,0.865933
297.1200,0.845650
297.1400,0.831134
297.1600,0.829950
297.1800,0.829772
297.2000,0.830369
297.2200,0.831037
297.2400,0.832334
297.2600,0.832834
297.2800,0.834573
297.3000,0.836370
297.3200,0.838094
297.3400,0.836950
297.3600,0.792395
297.3800,0.745996
297.4000,0.705799
297.4200,0.671040
297.4400,0.641880
297.4600,0.618680
297.4800,0.599758
297.5000,0.585766
297.5200,0.576728
297.5400,0.579684
297.5600,0.625994
297.5800,0.671532
297.6000,0.729764
297.6200,0.788053
297.6400,0.833583
297.6600,0.851571
297.6800,0.879636
297.7000,0.899589
297.7200,0.901683
297.7400,0.885121
297.7600,0.827960
297.7800,0.767617
297.8000,0.713017
297.8200,0.663758
297.8400,0.622490
297.8600,0.591517
297.8800,0.572958
297.9000,0.566787
297.9200,0.572974
297.9400,0.592234
297.9600,0.610939
297.9800,0.633695
298.0000,0.668277
298.0200,0.712824
298.0400,0.763090
298.0600,0.815055
298.0800,0.866997
298.1000,0.918036
298.1200,0.966642
298.1400,1.011761
298.1600,1.097109
298.1800,1.268666
298.2000,1.480791
298.2200,1.639083
298.2400,1.751406
298.2600,1.854881
298.2800,1.949163
298.3000,2.035688
298.3200,2.112724
298.3400,2.182574
298.3600,2.244593
298.3800,2.297454
298.4000,2.343138
298.4200,2.384294
298.4400,2.422573
298.4600,2.459958
298.4800,2.494752
298.5000,2.526981
298.5200,2.557319
298.5400,2.582654
298.5600,2.603173
298.5800,2.569855
298.6000,2.510460
298.6200,2.460677
298.6400,2.417894
298.6600,2.380409
298.6800,2.348260
298.7000,2.319752
298.7200,2.294071
298.7400,2.270661
298.7600,2.248701
298.7800,2.208808
298.8000,2.149714
298.8200,2.100140
298.8400,2.056906
298.8600,2.019512
298.8800,1.986098
298.9000,1.955503
298.9200,1.926769
298.9400,1.900000
298.9600,1.874818
298.9800,1.835652
299.0000,1.748910
299.0200,1.663016
299.0400,1.581927
299.0600,1.505046
299.0800,1.433007
299.1000,1.366330
299.1200,1.306882
299.1400,1.255713
299.1600,1.213607
299.1800,1.199630
299.2000,1.242131
299.2200,1.303136
299.2400,1.357654
299.2600,1.373678
299.2800,1.383037
299.3000,1.386806
299.3200,1.385913
299.3400,1.380307
299.3600,1.370052
299.3800,1.353489
299.4000,1.334270
299.4200,1.315484
299.4400,1.297544
299.4600,1.282385
299.4800,1.270131
299.5000,1.260924
299.5200,1.255382
299.5400,1.251718
299.5600,1.246876
299.5800,1.226778
299.6000,1.146143
299.6200,1.071444
299.6400,1.003963
299.6600,0.941026
299.6800,0.883156
299.7000,0.829217
299.7200,0.778959
299.7400,0.731504
299.7600,0.687498
299.7800,0.652046
299.8000,0.664620
299.8200,0.679780
299.8400,0.685967
299.8600,0.684735
299.8800,0.677920
299.9000,0.667754
299.9200,0.656774
299.9400,0.647438
299.9600,0.641445
299.9800,0.638867
300.0000,0.690615
300.0200,0.773078
300.0400,0.853681
300.0600,0.932294
300.0800,1.007612
300.1000,1.079009
300.1200,1.149204
300.1400,1.217330
300.1600,1.284568
300.1800,1.346571
300.2000,1.296216
300.2200,1.204207
300.2400,1.124046
300.2600,1.053447
300.2800,0.992709
300.3000,0.941171
300.3200,0.893781
300.3400,0.853512
300.3600,0.820396
300.3800,0.794296
300.4000,0.815877
300.4200,0.907862
300.4400,0.956017
300.4600,0.986072
300.4800,1.006565
300.5000,1.036242
300.5200,1.055623
300.5400,1.052200
300.5600,1.054577
300.5800,1.042701
300.6000,1.048486
300.6200,1.114413
300.6400,1.136532
300.6600,1.135968
300.6800,1.123063
300.7000,1.109263
300.7200,1.086445
300.7400,1.041510
300.7600,0.987917
300.7800,0.929297
300.8000,0.903762
300.8200,0.946149
300.8400,0.989045
300.8600,1.032608
300.8800,1.073949
300.9000,1.111803
300.9200,1.144129
300.9400,1.169453
300.9600,1.186492
300.9800,1.203167
301.0000,1.227148
301.0200,1.244757
301.0400,1.236782
301.0600,1.217361
301.0800,1.185951
301.1000,1.142929
301.1200,1.089414
301.1400,1.028516
301.1600,0.963469
301.1800,0.898719
301.2000,0.846971
301.2200,0.868100
301.2400,0.903641
301.2600,0.940688
301.2800,0.977187
301.3000,1.009635
301.3200,1.035751
301.3400,1.052636
301.3600,1.060900
301.3800,1.059893
301.4000,1.048390
301.4200,1.006629
301.4400,0.948034
301.4600,0.890349
301.4800,0.834920
301.5000,0.783164
301.5200,0.735911
301.5400,0.691928
301.5600,0.651965
301.5800,0.617697
301.6000,0.590212
301.6200,0.586048
301.6400,0.621927
301.6600,0.647188
301.6800,0.660496
301.7000,0.660931
301.7200,0.650531
301.7400,0.630377
301.7600,0.603898
301.7800,0.572442
301.8000,0.539922
301.8200,0.516763
301.8400,0.597784
301.8600,0.696923
301.8800,0.786434
301.9000,0.867907
301.9200,0.942283
301.9400,1.008144
301.9600,1.066933
301.9800,1.118053
302.0000,1.157967
302.0200,1.185589
302.0400,1.199380
302.0600,1.211391
302.0800,1.225884
302.1000,1.241132
302.1200,1.255085
302.1400,1.265459
302.1600,1.270001
302.1800,1.270342
302.2000,1.266668
302.2200,1.274891
302.2400,1.216006
302.2600,1.124795
302.2800,1.043733
302.3000,0.969840
302.3200,0.902843
302.3400,0.840857
302.3600,0.784195
302.3800,0.732640
302.4000,0.687804
302.4200,0.650572
302.4400,0.613106
302.4600,0.573006
302.4800,0.536418
302.5000,0.502827
302.5200,0.472225
302.5400,0.445690
302.5600,0.425487
302.5800,0.412429
302.6000,0.407838
302.6200,0.415603
302.6400,0.424641
302.6600,0.424754
302.6800,0.431537
302.7000,0.445835
302.7200,0.466505
302.7400,0.492283
302.7600,0.521000
302.7800,0.552771
302.8000,0.585669
302.8200,0.621701
302.8400,0.620670
302.8600,0.573570
302.8800,0.532238
302.9000,0.497970
302.9200,0.472185
302.9400,0.456565
302.9600,0.449661
302.9800,0.449710
303.0000,0.455397
303.0200,0.465611
303.0400,0.451667
303.0600,0.419188
303.0800,0.393620
303.1000,0.376446
303.1200,0.365604
303.1400,0.360754
303.1600,0.359578
303.1800,0.362897
303.2000,0.370751
303.2200,0.383454
303.2400,0.412728
303.2600,0.459650
303.2800,0.506581
303.3000,0.554680
303.3200,0.603963
303.3400,0.654406
303.3600,0.704551
303.3800,0.753689
303.4000,0.800862
303.4200,0.846246
303.4400,0.895070
303.4600,0.944780
303.4800,0.984380
303.5000,1.014282
303.5200,1.034244
303.5400,1.045603
303.5600,1.048027
303.5800,1.044192
303.6000,1.035042
303.6200,1.021234
303.6400,1.010915
303.6600,1.030241
303.6800,1.056357
303.7000,1.084671
303.7200,1.113509
303.7400,1.142510
303.7600,1.171437
303.7800,1.197962
303.8000,1.221864
303.8200,1.242139
303.8400,1.253216
303.8600,1.239738
303.8800,1.218254
303.9000,1.195168
303.9200,1.173821
303.9400,1.160971
303.9600,1.160739
303.9800,1.175352
304.0000,1.206460
304.0200,1.251169
304.0400,1.297882
304.0600,1.315041
304.0800,1.332900
304.1000,1.354787
304.1200,1.379348
304.1400,1.405012
304.1600,1.431104
304.1800,1.456584
304.2000,1.480638
304.2200,1.503749
304.2400,1.532547
304.2600,1.614488
304.2800,1.697501
304.3000,1.774664
304.3200,1.846705
304.3400,1.913308
304.3600,1.974062
304.3800,2.028510
304.4000,2.078005
304.4200,2.123420
304.4400,2.168871
304.4600,2.258077
304.4800,2.353400
304.5000,2.440827
304.5200,2.519490
304.5400,2.592805
304.5600,2.657507
304.5800,2.713050
304.6000,2.757550
304.6200,2.794221
304.6400,2.822022
304.6600,2.819514
304.6800,2.788058
304.7000,2.771228
304.7200,2.766348
304.7400,2.770601
304.7600,2.781476
304.7800,2.798771
304.8000,2.816374
304.8200,2.834241
304.8400,2.851697
304.8600,2.846316
304.8800,2.779696
304.9000,2.712326
304.9200,2.650564
304.9400,2.592779
304.9600,2.565246
304.9800,2.532461
305.0000,2.465807
305.0200,2.399872
305.0400,2.333340
305.0600,2.264635
305.0800,2.194140
305.1000,2.120891
305.1200,2.044517
305.1400,1.966152
305.1600,1.886370
305.1800,1.805042
305.2000,1.724131
305.2200,1.644656
305.2400,1.566630
305.2600,1.497773
305.2800,1.476344
305.3000,1.461466
305.3200,1.445806
305.3400,1.430194
305.3600,1.413850
305.3800,1.397528
305.4000,1.380741
305.4200,1.363341
305.4400,1.344459
305.4600,1.323652
305.4800,1.278034
305.5000,1.228921
305.5200,1.186394
305.5400,1.148165
305.5600,1.113373
305.5800,1.083752
305.6000,1.062366
305.6200,1.032069
305.6400,0.998108
305.6600,0.963565
305.6800,0.930755
305.7000,0.907338
305.7200,0.892331
305.7400,0.885226
305.7600,0.884646
305.7800,0.888384
305.8000,0.894538
305.8200,0.900886
305.8400,0.908273
305.8600,0.915708
305.8800,0.923852
305.9000,0.933237
305.9200,0.941993
305.9400,0.951241
305.9600,0.962824
305.9800,0.976188
306.0000,0.991647
306.0200,1.008288
306.0400,1.025254
306.0600,1.041584
306.0800,1.056453
306.1000,1.024062
306.1200,0.979910
306.1400,0.946133
306.1600,0.920300
306.1800,0.901313
306.2000,0.887337
306.2200,0.875592
306.2400,0.866143
306.2600,0.856613
306.2800,0.845617
306.3000,0.809545
306.3200,0.769389
306.3400,0.732326
306.3600,0.698187
306.3800,0.665498
306.4000,0.634847
306.4200,0.605896
306.4400,0.578588
306.4600,0.553383
306.4800,0.530216
306.5000,0.506670
306.5200,0.480747
306.5400,0.454994
306.5600,0.429877
306.5800,0.406001
306.6000,0.383454
306.6200,0.361777
306.6400,0.341663
306.6600,0.323288
306.6800,0.307597
306.7000,0.293910
306.7200,0.281086
306.7400,0.271291
306.7600,0.265725
306.7800,0.264114
306.8000,0.266981
306.8200,0.275174
306.8400,0.286540
306.8600,0.301402
306.8800,0.317537
306.9000,0.334767
306.9200,0.383060
306.9400,0.442452
306.9600,0.500217
306.9800,0.557983
307.0000,0.615393
307.0200,0.671894
307.0400,0.726357
307.0600,0.774915
307.0800,0.816763
307.1000,0.842653
307.1200,0.794353
307.1400,0.735403
307.1600,0.682221
307.1800,0.634042
307.2000,0.589761
307.2200,0.549460
307.2400,0.511881
307.2600,0.478532
307.2800,0.451579
307.3000,0.433873
307.3200,0.450129
307.3400,0.484042
307.3600,0.513170
307.3800,0.537933
307.4000,0.554809
307.4200,0.563807
307.4400,0.565861
307.4600,0.560343
307.4800,0.549436
307.5000,0.535774
307.5200,0.525584
307.5400,0.526953
307.5600,0.537345
307.5800,0.549097
307.6000,0.560947
307.6200,0.580127
307.6400,0.590470
307.6600,0.594756
307.6800,0.600692
307.7000,0.607813
307.7200,0.610512
307.7400,0.598300
307.7600,0.587087
307.7800,0.574166
307.8000,0.563194
307.8200,0.556895
307.8400,0.558184
307.8600,0.567617
307.8800,0.583663
307.9000,0.605429
307.9200,0.632664
307.9400,0.637900
307.9600,0.635186
307.9800,0.636821
308.0000,0.642677
308.0200,0.661108
308.0400,0.679579
308.0600,0.685041
308.0800,0.690808
308.1000,0.697196
308.1200,0.703890
308.1400,0.719937
308.1600,0.739068
308.1800,0.748960
308.2000,0.754720
308.2200,0.763686
308.2400,0.755872
308.2600,0.748171
308.2800,0.736539
308.3000,0.717254
308.3200,0.701442
308.3400,0.677428
308.3600,0.655952
308.3800,0.643281
308.4000,0.644643
308.4200,0.661495
308.4400,0.691944
308.4600,0.732342
308.4800,0.777589
308.5000,0.824359
308.5200,0.868511
308.5400,0.921306
308.5600,0.977364
308.5800,1.021395
308.6000,1.051370
308.6200,1.066078
308.6400,1.066844
308.6600,1.054270
308.6800,1.032463
308.7000,1.004568
308.7200,0.973771
308.7400,0.945940
308.7600,0.921685
308.7800,0.898944
308.8000,0.880022
308.8200,0.864395
308.8400,0.853866
308.8600,0.847978
308.8800,0.848236
308.9000,0.853560
308.9200,0.864645
308.9400,0.864443
308.9600,0.822144
308.9800,0.789648
309.0000,0.771072
309.0200,0.765643
309.0400,0.772498
309.0600,0.790196
309.0800,0.814950
309.1000,0.843588
309.1200,0.875785
309.1400,0.889721
309.1600,0.853480
309.1800,0.816247
309.2000,0.779925
309.2200,0.745247
309.2400,0.710987
309.2600,0.673377
309.2800,0.634525
309.3000,0.595142
309.3200,0.558119
309.3400,0.528298
309.3600,0.567939
309.3800,0.622370
309.4000,0.666948
309.4200,0.705308
309.4400,0.737659
309.4600,0.759553
309.4800,0.769719
309.5000,0.767343
309.5200,0.755574
309.5400,0.735460
309.5600,0.700314
309.5800,0.651409
309.6000,0.607709
309.6200,0.568857
309.6400,0.535798
309.6600,0.507805
309.6800,0.486724
309.7000,0.473771
309.7200,0.471693
309.7400,0.483518
309.7600,0.491244
309.7800,0.463259
309.8000,0.444756
309.8200,0.436966
309.8400,0.436999
309.8600,0.442114
309.8800,0.450846
309.9000,0.464032
309.9200,0.478419
309.9400,0.493805
309.9600,0.510077
309.9800,0.569373
310.0000,0.640357
310.0200,0.696125
310.0400,0.737055
310.0600,0.762034
310.0800,0.772982
310.1000,0.772579
310.1200,0.763025
310.1400,0.748461
310.1600,0.732640
310.1800,0.734010
310.2000,0.753069
310.2200,0.769018
310.2400,0.781609
310.2600,0.789689
310.2800,0.790446
310.3000,0.785693
310.3200,0.777404
310.3400,0.767730
310.3600,0.755751
310.3800,0.730771
310.4000,0.678274
310.4200,0.629450
310.4400,0.585822
310.4600,0.548235
310.4800,0.517118
310.5000,0.492162
310.5200,0.473111
310.5400,0.458804
310.5600,0.447398
310.5800,0.439713
310.6000,0.458410
310.6200,0.487973
310.6400,0.521709
310.6600,0.557604
310.6800,0.596794
310.7000,0.641332
310.7200,0.690655
310.7400,0.746842
310.7600,0.806637
310.7800,0.867899
310.8000,0.918777
310.8200,0.987627
310.8400,1.057284
310.8600,1.132796
310.8800,1.240528
310.9000,1.310795
310.9200,1.362407
310.9400,1.410530
310.9600,1.452219
310.9800,1.486092
311.0000,1.480018
311.0200,1.382007
311.0400,1.291051
311.0600,1.209676
311.0800,1.136105
311.1000,1.067133
311.1200,1.001732
311.1400,0.938183
311.1600,0.876615
311.1800,0.819647
311.2000,0.765377
311.2200,0.715643
311.2400,0.669018
311.2600,0.626083
311.2800,0.585854
311.3000,0.548034
311.3200,0.513484
311.3400,0.480498
311.3600,0.450612
311.3800,0.424690
311.4000,0.409570
311.4200,0.430176
311.4400,0.448792
311.4600,0.458877
311.4800,0.461374
311.5000,0.458692
311.5200,0.455059
311.5400,0.452360
311.5600,0.453375
311.5800,0.458716
311.6000,0.466046
311.6200,0.471967
311.6400,0.477292
311.6600,0.481416
311.6800,0.482874
311.7000,0.481263
311.7200,0.475495
311.7400,0.465982
311.7600,0.453005
311.7800,0.440035
311.8000,0.424617
311.8200,0.395956
311.8400,0.369591
311.8600,0.346069
311.8800,0.324819
311.9000,0.306855
311.9200,0.293097
311.9400,0.284880
311.9600,0.280675
311.9800,0.279435
312.0000,0.280426
312.0200,0.277888
312.0400,0.273224
312.0600,0.267336
312.0800,0.259594
312.1000,0.250742
312.1200,0.240874
312.1400,0.230708
312.1600,0.220929
312.1800,0.210771
312.2000,0.201394
312.2200,0.194161
312.2400,0.188514
312.2600,0.182690
312.2800,0.176535
312.3000,0.170252
312.3200,0.164364
312.3400,0.158870
312.3600,0.153433
312.3800,0.148897
312.4000,0.144813
312.4200,0.139392
312.4400,0.133898
312.4600,0.130442
312.4800,0.129234
312.5000,0.129017
312.5200,0.129822
312.5400,0.136097
312.5600,0.145248
312.5800,0.150976
312.6000,0.157621
312.6200,0.165790
312.6400,0.159192
312.6600,0.147673
312.6800,0.137032
312.7000,0.127696
312.7200,0.119044
312.7400,0.111617
312.7600,0.104971
312.7800,0.098454
312.8000,0.092767
312.8200,0.087934
312.8400,0.082585
312.8600,0.077833
312.8800,0.073628
312.9000,0.069866
312.9200,0.065879
312.9400,0.062423
312.9600,0.059152
312.9800,0.055987
313.0000,0.053401
313.0200,0.051177
313.0400,0.049148
313.0600,0.048882
313.0800,0.049196
313.1000,0.050638
313.1200,0.051596
313.1400,0.052055
313.1600,0.053336
313.1800,0.056381
313.2000,0.058951
313.2200,0.061867
313.2400,0.064574
313.2600,0.068005
313.2800,0.080088
313.3000,0.092083
313.3200,0.103102
313.3400,0.113502
313.3600,0.123781
313.3800,0.133415
313.4000,0.143267
313.4200,0.152716
313.4400,0.161979
313.4600,0.171146
313.4800,0.177832
313.5000,0.182198
313.5200,0.185944
313.5400,0.188320
313.5600,0.188280
313.5800,0.186008
313.6000,0.180055
313.6200,0.171976
313.6400,0.162092
313.6600,0.156759
313.6800,0.167634
313.7000,0.178718
313.7200,0.188538
313.7400,0.196102
313.7600,0.201507
313.7800,0.205615
313.8000,0.208209
313.8200,0.211101
313.8400,0.213244
313.8600,0.215491
313.8800,0.209796
313.9000,0.201467
313.9200,0.193605
313.9400,0.185799
313.9600,0.178026
313.9800,0.170985
314.0000,0.164066
314.0200,0.157936
314.0400,0.152627
314.0600,0.147995
314.0800,0.142864
314.1000,0.137128
314.1200,0.131498
314.1400,0.125843
314.1600,0.121356
314.1800,0.117651
314.2000,0.114702
314.2200,0.112761
314.2400,0.111778
314.2600,0.110401
314.2800,0.108886
314.3000,0.109039
314.3200,0.108644
314.3400,0.107944
314.3600,0.107356
314.3800,0.106929
314.4000,0.106582
314.4200,0.106977
314.4400,0.107058
314.4600,0.107622
314.4800,0.109853
314.5000,0.115814
314.5200,0.119415
314.5400,0.121445
314.5600,0.120824
314.5800,0.118279
314.6000,0.114767
314.6200,0.111367
314.6400,0.109998
314.6600,0.111029
314.6800,0.115234
314.7000,0.122677
314.7200,0.131272
314.7400,0.139948
314.7600,0.149622
314.7800,0.159788
314.8000,0.170019
314.8200,0.178968
314.8400,0.185871
314.8600,0.189706
314.8800,0.190745
314.9000,0.199646
314.9200,0.207919
314.9400,0.210875
314.9600,0.211254
314.9800,0.209740
315.0000,0.207081
315.0200,0.203650
315.0400,0.200589
315.0600,0.198132
315.0800,0.196497
315.1000,0.191188
315.1200,0.178340
315.1400,0.166659
315.1600,0.155446
315.1800,0.144644
315.2000,0.134253
315.2200,0.124973
315.2400,0.116724
315.2600,0.109434
315.2800,0.103819
315.3000,0.099413
315.3200,0.094773
315.3400,0.091736
315.3600,0.089497
315.3800,0.088965
315.4000,0.089199
315.4200,0.089876
315.4400,0.091495
315.4600,0.093090
315.4800,0.095200
315.5000,0.098036
315.5200,0.108403
315.5400,0.118907
315.5600,0.126890
315.5800,0.132086
315.6000,0.134639
315.6200,0.134905
315.6400,0.133536
315.6600,0.131063
315.6800,0.127591
315.7000,0.124683
315.7200,0.122427
315.7400,0.122798
315.7600,0.126584
315.7800,0.133939
315.8000,0.143581
315.8200,0.153433
315.8400,0.161778
315.8600,0.168875
315.8800,0.177518
315.9000,0.182182
315.9200,0.182609
315.9400,0.176713
315.9600,0.171928
315.9800,0.169503
