time_s,voltage_v
0.0000,0.298277
0.0200,0.349286
0.0400,0.370454
0.0600,0.398975
0.0800,0.367295
0.1000,0.298007
0.1200,0.286044
0.1400,0.220285
0.1600,0.212151
0.1800,0.185866
0.2000,0.214326
0.2200,0.231140
0.2400,0.264514
0.2600,0.265825
0.2800,0.251571
0.3000,0.297950
0.3200,0.300175
0.3400,0.238683
0.3600,0.277992
0.3800,0.265420
0.4000,0.281427
0.4200,0.351672
0.4400,0.280125
0.4600,0.442949
0.4800,0.664585
0.5000,0.824362
0.5200,0.909037
0.5400,1.076342
0.5600,1.248677
0.5800,1.265157
0.6000,1.312822
0.6200,1.402953
0.6400,1.303300
0.6600,1.481405
0.6800,1.878731
0.7000,1.768939
0.7200,1.795538
0.7400,1.891114
0.7600,1.936246
0.7800,1.724672
0.8000,1.540256
0.8200,1.355815
0.8400,1.478131
0.8600,1.623501
0.8800,1.806595
0.9000,1.911733
0.9200,1.703410
0.9400,1.625751
0.9600,1.692836
0.9800,1.697165
1.0000,1.630712
1.0200,1.646140
1.0400,1.659845
1.0600,1.825228
1.0800,1.804828
1.1000,1.865473
1.1200,2.162821
1.1400,2.999084
1.1600,3.185849
1.1800,2.449100
1.2000,2.126992
1.2200,2.295722
1.2400,3.184280
1.2600,2.607737
1.2800,2.213046
1.3000,2.027401
1.3200,2.357038
1.3400,2.196258
1.3600,2.109800
1.3800,2.678498
1.4000,3.526120
1.4200,2.757345
1.4400,2.317573
1.4600,2.076883
1.4800,2.087711
1.5000,2.409688
1.5200,2.352303
1.5400,3.399872
1.5600,3.600000
1.5800,3.600000
1.6000,2.812456
1.6200,2.466254
1.6400,2.251052
1.6600,2.146028
1.6800,2.435472
1.7000,3.600000
1.7200,3.600000
1.7400,2.990682
1.7600,2.852252
1.7800,3.600000
1.8000,3.600000
1.8200,3.589656
1.8400,2.669958
1.8600,3.460991
1.8800,3.600000
1.9000,3.600000
1.9200,3.330552
1.9400,3.523586
1.9600,3.044116
1.9800,3.600000
2.0000,3.077805
2.0200,2.877171
2.0400,3.600000
2.0600,3.600000
2.0800,2.963048
2.1000,2.319196
2.1200,1.883908
2.1400,1.774912
2.1600,1.922059
2.1800,1.860032
2.2000,1.618335
2.2200,1.758605
2.2400,1.563139
2.2600,1.596143
2.2800,1.439677
2.3000,1.542278
2.3200,1.662035
2.3400,1.639329
2.3600,1.639228
2.3800,1.864925
2.4000,2.235026
2.4200,2.377342
2.4400,2.209184
2.4600,2.438095
2.4800,2.744062
2.5000,2.709627
2.5200,2.695549
2.5400,2.690804
2.5600,2.687877
2.5800,3.250606
2.6000,3.231558
2.6200,2.641751
2.6400,2.578821
2.6600,2.452767
2.6800,2.262800
2.7000,2.274788
2.7200,2.417952
2.7400,2.397942
2.7600,2.476231
2.7800,3.370232
2.8000,3.240671
2.8200,3.600000
2.8400,3.600000
2.8600,3.600000
2.8800,2.835819
2.9000,2.356736
2.9200,2.127821
2.9400,2.242208
2.9600,2.381505
2.9800,2.283762
3.0000,2.849893
3.0200,3.600000
3.0400,3.600000
3.0600,3.215490
3.0800,3.600000
3.1000,3.310185
3.1200,2.938757
3.1400,2.545240
3.1600,2.168987
3.1800,2.158347
3.2000,2.442166
3.2200,2.795279
3.2400,3.600000
3.2600,3.125430
3.2800,2.477639
3.3000,2.442844
3.3200,2.186185
3.3400,2.400447
3.3600,2.426276
3.3800,2.189982
3.4000,2.379772
3.4200,2.955736
3.4400,2.821428
3.4600,2.617130
3.4800,2.230810
3.5000,2.173177
3.5200,2.094239
3.5400,2.047234
3.5600,1.891813
3.5800,1.833766
3.6000,2.016202
3.6200,1.902700
3.6400,1.663080
3.6600,1.714168
3.6800,1.927309
3.7000,1.933346
3.7200,1.818545
3.7400,1.843218
3.7600,1.956040
3.7800,1.927578
3.8000,1.876599
3.8200,1.970822
3.8400,1.919124
3.8600,1.691853
3.8800,1.559549
3.9000,1.671496
3.9200,0.298277
3.9400,0.349286
3.9600,0.370454
3.9800,0.398975
4.0000,0.367295
4.0200,0.298007
4.0400,0.286044
4.0600,0.220285
4.0800,0.212151
4.1000,0.185866
4.1200,0.214326
4.1400,0.231140
4.1600,0.264514
4.1800,0.265825
4.2000,0.251571
4.2200,0.297950
4.2400,0.300175
4.2600,0.238683
4.2800,0.277992
4.3000,0.265420
4.3200,0.281427
4.3400,0.351672
4.3600,0.280125
4.3800,0.442949
4.4000,0.664585
4.4200,0.824362
4.4400,0.909037
4.4600,1.076342
4.4800,1.248677
4.5000,1.265157
4.5200,1.312822
4.5400,1.402953
4.5600,1.303300
4.5800,1.481405
4.6000,1.878731
4.6200,1.768939
4.6400,1.795538
4.6600,1.891114
4.6800,1.936246
4.7000,1.724672
4.7200,1.540256
4.7400,1.355815
4.7600,1.478131
4.7800,1.623501
4.8000,1.806595
4.8200,1.911733
4.8400,1.703410
4.8600,1.625751
4.8800,1.692836
4.9000,1.697165
4.9200,1.630712
4.9400,1.646140
4.9600,1.659845
4.9800,1.825228
5.0000,1.804828
5.0200,1.865473
5.0400,2.162821
5.0600,2.999084
5.0800,3.185849
5.1000,2.449100
5.1200,2.126992
5.1400,2.295722
5.1600,3.184280
5.1800,2.607737
5.2000,2.213046
5.2200,2.027401
5.2400,2.357038
5.2600,2.196258
5.2800,2.109800
5.3000,2.678498
5.3200,3.526120
5.3400,2.757345
5.3600,2.317573
5.3800,2.076883
5.4000,2.087711
5.4200,2.409688
5.4400,2.352303
5.4600,3.399872
5.4800,3.600000
5.5000,3.600000
5.5200,2.812456
5.5400,2.466254
5.5600,2.251052
5.5800,2.146028
5.6000,2.435472
5.6200,3.600000
5.6400,3.600000
5.6600,2.990682
5.6800,2.852252
5.7000,3.600000
5.7200,3.600000
5.7400,3.589656
5.7600,2.669958
5.7800,3.460991
5.8000,3.600000
5.8200,3.600000
5.8400,3.330552
5.8600,3.523586
5.8800,3.044116
5.9000,3.600000
5.9200,3.077805
5.9400,2.877171
5.9600,3.600000
5.9800,3.600000
6.0000,2.963048
6.0200,2.319196
6.0400,1.883908
6.0600,1.774912
6.0800,1.922059
6.1000,1.860032
6.1200,1.618335
6.1400,1.758605
6.1600,1.563139
6.1800,1.596143
6.2000,1.439677
6.2200,1.542278
6.2400,1.662035
6.2600,1.639329
6.2800,1.639228
6.3000,1.864925
6.3200,2.235026
6.3400,2.377342
6.3600,2.209184
6.3800,2.438095
6.4000,2.744062
6.4200,2.709627
6.4400,2.695549
6.4600,2.690804
6.4800,2.687877
6.5000,3.250606
6.5200,3.231558
6.5400,2.641751
6.5600,2.578821
6.5800,2.452767
6.6000,2.262800
6.6200,2.274788
6.6400,2.417952
6.6600,2.397942
6.6800,2.476231
6.7000,3.370232
6.7200,3.240671
6.7400,3.600000
6.7600,3.600000
6.7800,3.600000
6.8000,2.835819
6.8200,2.356736
6.8400,2.127821
6.8600,2.242208
6.8800,2.381505
6.9000,2.283762
6.9200,2.849893
6.9400,3.600000
6.9600,3.600000
6.9800,3.215490
7.0000,3.600000
7.0200,3.310185
7.0400,2.938757
7.0600,2.545240
7.0800,2.168987
7.1000,2.158347
7.1200,2.442166
7.1400,2.795279
7.1600,3.600000
7.1800,3.125430
7.2000,2.477639
7.2200,2.442844
7.2400,2.186185
7.2600,2.400447
7.2800,2.426276
7.3000,2.189982
7.3200,2.379772
7.3400,2.955736
7.3600,2.821428
7.3800,2.617130
7.4000,2.230810
7.4200,2.173177
7.4400,2.094239
7.4600,2.047234
7.4800,1.891813
7.5000,1.833766
7.5200,2.016202
7.5400,1.902700
7.5600,1.663080
7.5800,1.714168
7.6000,1.927309
7.6200,1.933346
7.6400,1.818545
7.6600,1.843218
7.6800,1.956040
7.7000,1.927578
7.7200,1.876599
7.7400,1.970822
7.7600,1.919124
7.7800,1.691853
7.8000,1.559549
7.8200,1.671496
7.8400,0.298277
7.8600,0.349286
7.8800,0.370454
7.9000,0.398975
7.9200,0.367295
7.9400,0.298007
7.9600,0.286044
7.9800,0.220285
8.0000,0.212151
8.0200,0.185866
8.0400,0.214326
8.0600,0.231140
8.0800,0.264514
8.1000,0.265825
8.1200,0.251571
8.1400,0.297950
8.1600,0.300175
8.1800,0.238683
8.2000,0.277992
8.2200,0.265420
8.2400,0.281427
8.2600,0.351672
8.2800,0.280125
8.3000,0.442949
8.3200,0.664585
8.3400,0.824362
8.3600,0.909037
8.3800,1.076342
8.4000,1.248677
8.4200,1.265157
8.4400,1.312822
8.4600,1.402953
8.4800,1.303300
8.5000,1.481405
8.5200,1.878731
8.5400,1.768939
8.5600,1.795538
8.5800,1.891114
8.6000,1.936246
8.6200,1.724672
8.6400,1.540256
8.6600,1.355815
8.6800,1.478131
8.7000,1.623501
8.7200,1.806595
8.7400,1.911733
8.7600,1.703410
8.7800,1.625751
8.8000,1.692836
8.8200,1.697165
8.8400,1.630712
8.8600,1.646140
8.8800,1.659845
8.9000,1.825228
8.9200,1.804828
8.9400,1.865473
8.9600,2.162821
8.9800,2.999084
9.0000,3.185849
9.0200,2.449100
9.0400,2.126992
9.0600,2.295722
9.0800,3.184280
9.1000,2.607737
9.1200,2.213046
9.1400,2.027401
9.1600,2.357038
9.1800,2.196258
9.2000,2.109800
9.2200,2.678498
9.2400,3.526120
9.2600,2.757345
9.2800,2.317573
9.3000,2.076883
9.3200,2.087711
9.3400,2.409688
9.3600,2.352303
9.3800,3.399872
9.4000,3.600000
9.4200,3.600000
9.4400,2.812456
9.4600,2.466254
9.4800,2.251052
9.5000,2.146028
9.5200,2.435472
9.5400,3.600000
9.5600,3.600000
9.5800,2.990682
9.6000,2.852252
9.6200,3.600000
9.6400,3.600000
9.6600,3.589656
9.6800,2.669958
9.7000,3.460991
9.7200,3.600000
9.7400,3.600000
9.7600,3.330552
9.7800,3.523586
9.8000,3.044116
9.8200,3.600000
9.8400,3.077805
9.8600,2.877171
9.8800,3.600000
9.9000,3.600000
9.9200,2.963048
9.9400,2.319196
9.9600,1.883908
9.9800,1.774912
10.0000,1.922059
10.0200,1.860032
10.0400,1.618335
10.0600,1.758605
10.0800,1.563139
10.1000,1.596143
10.1200,1.439677
10.1400,1.542278
10.1600,1.662035
10.1800,1.639329
10.2000,1.639228
10.2200,1.864925
10.2400,2.235026
10.2600,2.377342
10.2800,2.209184
10.3000,2.438095
10.3200,2.744062
10.3400,2.709627
10.3600,2.695549
10.3800,2.690804
10.4000,2.687877
10.4200,3.250606
10.4400,3.231558
10.4600,2.641751
10.4800,2.578821
10.5000,2.452767
10.5200,2.262800
10.5400,2.274788
10.5600,2.417952
10.5800,2.397942
10.6000,2.476231
10.6200,3.370232
10.6400,3.240671
10.6600,3.600000
10.6800,3.600000
10.7000,3.600000
10.7200,2.835819
10.7400,2.356736
10.7600,2.127821
10.7800,2.242208
10.8000,2.381505
10.8200,2.283762
10.8400,2.849893
10.8600,3.600000
10.8800,3.600000
10.9000,3.215490
10.9200,3.600000
10.9400,3.310185
10.9600,2.938757
10.9800,2.545240
11.0000,2.168987
11.0200,2.158347
11.0400,2.442166
11.0600,2.795279
11.0800,3.600000
11.1000,3.125430
11.1200,2.477639
11.1400,2.442844
11.1600,2.186185
11.1800,2.400447
11.2000,2.426276
11.2200,2.189982
11.2400,2.379772
11.2600,2.955736
11.2800,2.821428
11.3000,2.617130
11.3200,2.230810
11.3400,2.173177
11.3600,2.094239
11.3800,2.047234
11.4000,1.891813
11.4200,1.833766
11.4400,2.016202
11.4600,1.902700
11.4800,1.663080
11.5000,1.714168
11.5200,1.927309
11.5400,1.933346
11.5600,1.818545
11.5800,1.843218
11.6000,1.956040
11.6200,1.927578
11.6400,1.876599
11.6600,1.970822
11.6800,1.919124
11.7000,1.691853
11.7200,1.559549
11.7400,1.671496
11.7600,0.298277
11.7800,0.349286
11.8000,0.370454
11.8200,0.398975
11.8400,0.367295
11.8600,0.298007
11.8800,0.286044
11.9000,0.220285
11.9200,0.212151
11.9400,0.185866
11.9600,0.214326
11.9800,0.231140
12.0000,0.264514
12.0200,0.265825
12.0400,0.251571
12.0600,0.297950
12.0800,0.300175
12.1000,0.238683
12.1200,0.277992
12.1400,0.265420
12.1600,0.281427
12.1800,0.351672
12.2000,0.280125
12.2200,0.442949
12.2400,0.664585
12.2600,0.824362
12.2800,0.909037
12.3000,1.076342
12.3200,1.248677
12.3400,1.265157
12.3600,1.312822
12.3800,1.402953
12.4000,1.303300
12.4200,1.481405
12.4400,1.878731
12.4600,1.768939
12.4800,1.795538
12.5000,1.891114
12.5200,1.936246
12.5400,1.724672
12.5600,1.540256
12.5800,1.355815
12.6000,1.478131
12.6200,1.623501
12.6400,1.806595
12.6600,1.911733
12.6800,1.703410
12.7000,1.625751
12.7200,1.692836
12.7400,1.697165
12.7600,1.630712
12.7800,1.646140
12.8000,1.659845
12.8200,1.825228
12.8400,1.804828
12.8600,1.865473
12.8800,2.162821
12.9000,2.999084
12.9200,3.185849
12.9400,2.449100
12.9600,2.126992
12.9800,2.295722
13.0000,3.184280
13.0200,2.607737
13.0400,2.213046
13.0600,2.027401
13.0800,2.357038
13.1000,2.196258
13.1200,2.109800
13.1400,2.678498
13.1600,3.526120
13.1800,2.757345
13.2000,2.317573
13.2200,2.076883
13.2400,2.087711
13.2600,2.409688
13.2800,2.352303
13.3000,3.399872
13.3200,3.600000
13.3400,3.600000
13.3600,2.812456
13.3800,2.466254
13.4000,2.251052
13.4200,2.146028
13.4400,2.435472
13.4600,3.600000
13.4800,3.600000
13.5000,2.990682
13.5200,2.852252
13.5400,3.600000
13.5600,3.600000
13.5800,3.589656
13.6000,2.669958
13.6200,3.460991
13.6400,3.600000
13.6600,3.600000
13.6800,3.330552
13.7000,3.523586
13.7200,3.044116
13.7400,3.600000
13.7600,3.077805
13.7800,2.877171
13.8000,3.600000
13.8200,3.600000
13.8400,2.963048
13.8600,2.319196
13.8800,1.883908
13.9000,1.774912
13.9200,1.922059
13.9400,1.860032
13.9600,1.618335
13.9800,1.758605
14.0000,1.563139
14.0200,1.596143
14.0400,1.439677
14.0600,1.542278
14.0800,1.662035
14.1000,1.639329
14.1200,1.639228
14.1400,1.864925
14.1600,2.235026
14.1800,2.377342
14.2000,2.209184
14.2200,2.438095
14.2400,2.744062
14.2600,2.709627
14.2800,2.695549
14.3000,2.690804
14.3200,2.687877
14.3400,3.250606
14.3600,3.231558
14.3800,2.641751
14.4000,2.578821
14.4200,2.452767
14.4400,2.262800
14.4600,2.274788
14.4800,2.417952
14.5000,2.397942
14.5200,2.476231
14.5400,3.370232
14.5600,3.240671
14.5800,3.600000
14.6000,3.600000
14.6200,3.600000
14.6400,2.835819
14.6600,2.356736
14.6800,2.127821
14.7000,2.242208
14.7200,2.381505
14.7400,2.283762
14.7600,2.849893
14.7800,3.600000
14.8000,3.600000
14.8200,3.215490
14.8400,3.600000
14.8600,3.310185
14.8800,2.938757
14.9000,2.545240
14.9200,2.168987
14.9400,2.158347
14.9600,2.442166
14.9800,2.795279
15.0000,3.600000
15.0200,3.125430
15.0400,2.477639
15.0600,2.442844
15.0800,2.186185
15.1000,2.400447
15.1200,2.426276
15.1400,2.189982
15.1600,2.379772
15.1800,2.955736
15.2000,2.821428
15.2200,2.617130
15.2400,2.230810
15.2600,2.173177
15.2800,2.094239
15.3000,2.047234
15.3200,1.891813
15.3400,1.833766
15.3600,2.016202
15.3800,1.902700
15.4000,1.663080
15.4200,1.714168
15.4400,1.927309
15.4600,1.933346
15.4800,1.818545
15.5000,1.843218
15.5200,1.956040
15.5400,1.927578
15.5600,1.876599
15.5800,1.970822
15.6000,1.919124
15.6200,1.691853
15.6400,1.559549
15.6600,1.671496
15.6800,0.298277
15.7000,0.349286
15.7200,0.370454
15.7400,0.398975
15.7600,0.367295
15.7800,0.298007
15.8000,0.286044
15.8200,0.220285
15.8400,0.212151
15.8600,0.185866
15.8800,0.214326
15.9000,0.231140
15.9200,0.264514
15.9400,0.265825
15.9600,0.251571
15.9800,0.297950
16.0000,0.300175
16.0200,0.238683
16.0400,0.277992
16.0600,0.265420
16.0800,0.281427
16.1000,0.351672
16.1200,0.280125
16.1400,0.442949
16.1600,0.664585
16.1800,0.824362
16.2000,0.909037
16.2200,1.076342
16.2400,1.248677
16.2600,1.265157
16.2800,1.312822
16.3000,1.402953
16.3200,1.303300
16.3400,1.481405
16.3600,1.878731
16.3800,1.768939
16.4000,1.795538
16.4200,1.891114
16.4400,1.936246
16.4600,1.724672
16.4800,1.540256
16.5000,1.355815
16.5200,1.478131
16.5400,1.623501
16.5600,1.806595
16.5800,1.911733
16.6000,1.703410
16.6200,1.625751
16.6400,1.692836
16.6600,1.697165
16.6800,1.630712
16.7000,1.646140
16.7200,1.659845
16.7400,1.825228
16.7600,1.804828
16.7800,1.865473
16.8000,2.162821
16.8200,2.999084
16.8400,3.185849
16.8600,2.449100
16.8800,2.126992
16.9000,2.295722
16.9200,3.184280
16.9400,2.607737
16.9600,2.213046
16.9800,2.027401
17.0000,2.357038
17.0200,2.196258
17.0400,2.109800
17.0600,2.678498
17.0800,3.526120
17.1000,2.757345
17.1200,2.317573
17.1400,2.076883
17.1600,2.087711
17.1800,2.409688
17.2000,2.352303
17.2200,3.399872
17.2400,3.600000
17.2600,3.600000
17.2800,2.812456
17.3000,2.466254
17.3200,2.251052
17.3400,2.146028
17.3600,2.435472
17.3800,3.600000
17.4000,3.600000
17.4200,2.990682
17.4400,2.852252
17.4600,3.600000
17.4800,3.600000
17.5000,3.589656
17.5200,2.669958
17.5400,3.460991
17.5600,3.600000
17.5800,3.600000
17.6000,3.330552
17.6200,3.523586
17.6400,3.044116
17.6600,3.600000
17.6800,3.077805
17.7000,2.877171
17.7200,3.600000
17.7400,3.600000
17.7600,2.963048
17.7800,2.319196
17.8000,1.883908
17.8200,1.774912
17.8400,1.922059
17.8600,1.860032
17.8800,1.618335
17.9000,1.758605
17.9200,1.563139
17.9400,1.596143
17.9600,1.439677
17.9800,1.542278
18.0000,1.662035
18.0200,1.639329
18.0400,1.639228
18.0600,1.864925
18.0800,2.235026
18.1000,2.377342
18.1200,2.209184
18.1400,2.438095
18.1600,2.744062
18.1800,2.709627
18.2000,2.695549
18.2200,2.690804
18.2400,2.687877
18.2600,3.250606
18.2800,3.231558
18.3000,2.641751
18.3200,2.578821
18.3400,2.452767
18.3600,2.262800
18.3800,2.274788
18.4000,2.417952
18.4200,2.397942
18.4400,2.476231
18.4600,3.370232
18.4800,3.240671
18.5000,3.600000
18.5200,3.600000
18.5400,3.600000
18.5600,2.835819
18.5800,2.356736
18.6000,2.127821
18.6200,2.242208
18.6400,2.381505
18.6600,2.283762
18.6800,2.849893
18.7000,3.600000
18.7200,3.600000
18.7400,3.215490
18.7600,3.600000
18.7800,3.310185
18.8000,2.938757
18.8200,2.545240
18.8400,2.168987
18.8600,2.158347
18.8800,2.442166
18.9000,2.795279
18.9200,3.600000
18.9400,3.125430
18.9600,2.477639
18.9800,2.442844
19.0000,2.186185
19.0200,2.400447
19.0400,2.426276
19.0600,2.189982
19.0800,2.379772
19.1000,2.955736
19.1200,2.821428
19.1400,2.617130
19.1600,2.230810
19.1800,2.173177
19.2000,2.094239
19.2200,2.047234
19.2400,1.891813
19.2600,1.833766
19.2800,2.016202
19.3000,1.902700
19.3200,1.663080
19.3400,1.714168
19.3600,1.927309
19.3800,1.933346
19.4000,1.818545
19.4200,1.843218
19.4400,1.956040
19.4600,1.927578
19.4800,1.876599
19.5000,1.970822
19.5200,1.919124
19.5400,1.691853
19.5600,1.559549
19.5800,1.671496
19.6000,0.298277
19.6200,0.349286
19.6400,0.370454
19.6600,0.398975
19.6800,0.367295
19.7000,0.298007
19.7200,0.286044
19.7400,0.220285
19.7600,0.212151
19.7800,0.185866
19.8000,0.214326
19.8200,0.231140
19.8400,0.264514
19.8600,0.265825
19.8800,0.251571
19.9000,0.297950
19.9200,0.300175
19.9400,0.238683
19.9600,0.277992
19.9800,0.265420
20.0000,0.281427
20.0200,0.351672
20.0400,0.280125
20.0600,0.442949
20.0800,0.664585
20.1000,0.824362
20.1200,0.909037
20.1400,1.076342
20.1600,1.248677
20.1800,1.265157
20.2000,1.312822
20.2200,1.402953
20.2400,1.303300
20.2600,1.481405
20.2800,1.878731
20.3000,1.768939
20.3200,1.795538
20.3400,1.891114
20.3600,1.936246
20.3800,1.724672
20.4000,1.540256
20.4200,1.355815
20.4400,1.478131
20.4600,1.623501
20.4800,1.806595
20.5000,1.911733
20.5200,1.703410
20.5400,1.625751
20.5600,1.692836
20.5800,1.697165
20.6000,1.630712
20.6200,1.646140
20.6400,1.659845
20.6600,1.825228
20.6800,1.804828
20.7000,1.865473
20.7200,2.162821
20.7400,2.999084
20.7600,3.185849
20.7800,2.449100
20.8000,2.126992
20.8200,2.295722
20.8400,3.184280
20.8600,2.607737
20.8800,2.213046
20.9000,2.027401
20.9200,2.357038
20.9400,2.196258
20.9600,2.109800
20.9800,2.678498
21.0000,3.526120
21.0200,2.757345
21.0400,2.317573
21.0600,2.076883
21.0800,2.087711
21.1000,2.409688
21.1200,2.352303
21.1400,3.399872
21.1600,3.600000
21.1800,3.600000
21.2000,2.812456
21.2200,2.466254
21.2400,2.251052
21.2600,2.146028
21.2800,2.435472
21.3000,3.600000
21.3200,3.600000
21.3400,2.990682
21.3600,2.852252
21.3800,3.600000
21.4000,3.600000
21.4200,3.589656
21.4400,2.669958
21.4600,3.460991
21.4800,3.600000
21.5000,3.600000
21.5200,3.330552
21.5400,3.523586
21.5600,3.044116
21.5800,3.600000
21.6000,3.077805
21.6200,2.877171
21.6400,3.600000
21.6600,3.600000
21.6800,2.963048
21.7000,2.319196
21.7200,1.883908
21.7400,1.774912
21.7600,1.922059
21.7800,1.860032
21.8000,1.618335
21.8200,1.758605
21.8400,1.563139
21.8600,1.596143
21.8800,1.439677
21.9000,1.542278
21.9200,1.662035
21.9400,1.639329
21.9600,1.639228
21.9800,1.864925
22.0000,2.235026
22.0200,2.377342
22.0400,2.209184
22.0600,2.438095
22.0800,2.744062
22.1000,2.709627
22.1200,2.695549
22.1400,2.690804
22.1600,2.687877
22.1800,3.250606
22.2000,3.231558
22.2200,2.641751
22.2400,2.578821
22.2600,2.452767
22.2800,2.262800
22.3000,2.274788
22.3200,2.417952
22.3400,2.397942
22.3600,2.476231
22.3800,3.370232
22.4000,3.240671
22.4200,3.600000
22.4400,3.600000
22.4600,3.600000
22.4800,2.835819
22.5000,2.356736
22.5200,2.127821
22.5400,2.242208
22.5600,2.381505
22.5800,2.283762
22.6000,2.849893
22.6200,3.600000
22.6400,3.600000
22.6600,3.215490
22.6800,3.600000
22.7000,3.310185
22.7200,2.938757
22.7400,2.545240
22.7600,2.168987
22.7800,2.158347
22.8000,2.442166
22.8200,2.795279
22.8400,3.600000
22.8600,3.125430
22.8800,2.477639
22.9000,2.442844
22.9200,2.186185
22.9400,2.400447
22.9600,2.426276
22.9800,2.189982
23.0000,2.379772
23.0200,2.955736
23.0400,2.821428
23.0600,2.617130
23.0800,2.230810
23.1000,2.173177
23.1200,2.094239
23.1400,2.047234
23.1600,1.891813
23.1800,1.833766
23.2000,2.016202
23.2200,1.902700
23.2400,1.663080
23.2600,1.714168
23.2800,1.927309
23.3000,1.933346
23.3200,1.818545
23.3400,1.843218
23.3600,1.956040
23.3800,1.927578
23.4000,1.876599
23.4200,1.970822
23.4400,1.919124
23.4600,1.691853
23.4800,1.559549
23.5000,1.671496
23.5200,0.298277
23.5400,0.349286
23.5600,0.370454
23.5800,0.398975
23.6000,0.367295
23.6200,0.298007
23.6400,0.286044
23.6600,0.220285
23.6800,0.212151
23.7000,0.185866
23.7200,0.214326
23.7400,0.231140
23.7600,0.264514
23.7800,0.265825
23.8000,0.251571
23.8200,0.297950
23.8400,0.300175
23.8600,0.238683
23.8800,0.277992
23.9000,0.265420
23.9200,0.281427
23.9400,0.351672
23.9600,0.280125
23.9800,0.442949
24.0000,0.664585
24.0200,0.824362
24.0400,0.909037
24.0600,1.076342
24.0800,1.248677
24.1000,1.265157
24.1200,1.312822
24.1400,1.402953
24.1600,1.303300
24.1800,1.481405
24.2000,1.878731
24.2200,1.768939
24.2400,1.795538
24.2600,1.891114
24.2800,1.936246
24.3000,1.724672
24.3200,1.540256
24.3400,1.355815
24.3600,1.478131
24.3800,1.623501
24.4000,1.806595
24.4200,1.911733
24.4400,1.703410
24.4600,1.625751
24.4800,1.692836
24.5000,1.697165
24.5200,1.630712
24.5400,1.646140
24.5600,1.659845
24.5800,1.825228
24.6000,1.804828
24.6200,1.865473
24.6400,2.162821
24.6600,2.999084
24.6800,3.185849
24.7000,2.449100
24.7200,2.126992
24.7400,2.295722
24.7600,3.184280
24.7800,2.607737
24.8000,2.213046
24.8200,2.027401
24.8400,2.357038
24.8600,2.196258
24.8800,2.109800
24.9000,2.678498
24.9200,3.526120
24.9400,2.757345
24.9600,2.317573
24.9800,2.076883
25.0000,2.087711
25.0200,2.409688
25.0400,2.352303
25.0600,3.399872
25.0800,3.600000
25.1000,3.600000
25.1200,2.812456
25.1400,2.466254
25.1600,2.251052
25.1800,2.146028
25.2000,2.435472
25.2200,3.600000
25.2400,3.600000
25.2600,2.990682
25.2800,2.852252
25.3000,3.600000
25.3200,3.600000
25.3400,3.589656
25.3600,2.669958
25.3800,3.460991
25.4000,3.600000
25.4200,3.600000
25.4400,3.330552
25.4600,3.523586
25.4800,3.044116
25.5000,3.600000
25.5200,3.077805
25.5400,2.877171
25.5600,3.600000
25.5800,3.600000
25.6000,2.963048
25.6200,2.319196
25.6400,1.883908
25.6600,1.774912
25.6800,1.922059
25.7000,1.860032
25.7200,1.618335
25.7400,1.758605
25.7600,1.563139
25.7800,1.596143
25.8000,1.439677
25.8200,1.542278
25.8400,1.662035
25.8600,1.639329
25.8800,1.639228
25.9000,1.864925
25.9200,2.235026
25.9400,2.377342
25.9600,2.209184
25.9800,2.438095
26.0000,2.744062
26.0200,2.709627
26.0400,2.695549
26.0600,2.690804
26.0800,2.687877
26.1000,3.250606
26.1200,3.231558
26.1400,2.641751
26.1600,2.578821
26.1800,2.452767
26.2000,2.262800
26.2200,2.274788
26.2400,2.417952
26.2600,2.397942
26.2800,2.476231
26.3000,3.370232
26.3200,3.240671
26.3400,3.600000
26.3600,3.600000
26.3800,3.600000
26.4000,2.835819
26.4200,2.356736
26.4400,2.127821
26.4600,2.242208
26.4800,2.381505
26.5000,2.283762
26.5200,2.849893
26.5400,3.600000
26.5600,3.600000
26.5800,3.215490
26.6000,3.600000
26.6200,3.310185
26.6400,2.938757
26.6600,2.545240
26.6800,2.168987
26.7000,2.158347
26.7200,2.442166
26.7400,2.795279
26.7600,3.600000
26.7800,3.125430
26.8000,2.477639
26.8200,2.442844
26.8400,2.186185
26.8600,2.400447
26.8800,2.426276
26.9000,2.189982
26.9200,2.379772
26.9400,2.955736
26.9600,2.821428
26.9800,2.617130
27.0000,2.230810
27.0200,2.173177
27.0400,2.094239
27.0600,2.047234
27.0800,1.891813
27.1000,1.833766
27.1200,2.016202
27.1400,1.902700
27.1600,1.663080
27.1800,1.714168
27.2000,1.927309
27.2200,1.933346
27.2400,1.818545
27.2600,1.843218
27.2800,1.956040
27.3000,1.927578
27.3200,1.876599
27.3400,1.970822
27.3600,1.919124
27.3800,1.691853
27.4000,1.559549
27.4200,1.671496
27.4400,0.298277
27.4600,0.349286
27.4800,0.370454
27.5000,0.398975
27.5200,0.367295
27.5400,0.298007
27.5600,0.286044
27.5800,0.220285
27.6000,0.212151
27.6200,0.185866
27.6400,0.214326
27.6600,0.231140
27.6800,0.264514
27.7000,0.265825
27.7200,0.251571
27.7400,0.297950
27.7600,0.300175
27.7800,0.238683
27.8000,0.277992
27.8200,0.265420
27.8400,0.281427
27.8600,0.351672
27.8800,0.280125
27.9000,0.442949
27.9200,0.664585
27.9400,0.824362
27.9600,0.909037
27.9800,1.076342
28.0000,1.248677
28.0200,1.265157
28.0400,1.312822
28.0600,1.402953
28.0800,1.303300
28.1000,1.481405
28.1200,1.878731
28.1400,1.768939
28.1600,1.795538
28.1800,1.891114
28.2000,1.936246
28.2200,1.724672
28.2400,1.540256
28.2600,1.355815
28.2800,1.478131
28.3000,1.623501
28.3200,1.806595
28.3400,1.911733
28.3600,1.703410
28.3800,1.625751
28.4000,1.692836
28.4200,1.697165
28.4400,1.630712
28.4600,1.646140
28.4800,1.659845
28.5000,1.825228
28.5200,1.804828
28.5400,1.865473
28.5600,2.162821
28.5800,2.999084
28.6000,3.185849
28.6200,2.449100
28.6400,2.126992
28.6600,2.295722
28.6800,3.184280
28.7000,2.607737
28.7200,2.213046
28.7400,2.027401
28.7600,2.357038
28.7800,2.196258
28.8000,2.109800
28.8200,2.678498
28.8400,3.526120
28.8600,2.757345
28.8800,2.317573
28.9000,2.076883
28.9200,2.087711
28.9400,2.409688
28.9600,2.352303
28.9800,3.399872
29.0000,3.600000
29.0200,3.600000
29.0400,2.812456
29.0600,2.466254
29.0800,2.251052
29.1000,2.146028
29.1200,2.435472
29.1400,3.600000
29.1600,3.600000
29.1800,2.990682
29.2000,2.852252
29.2200,3.600000
29.2400,3.600000
29.2600,3.589656
29.2800,2.669958
29.3000,3.460991
29.3200,3.600000
29.3400,3.600000
29.3600,3.330552
29.3800,3.523586
29.4000,3.044116
29.4200,3.600000
29.4400,3.077805
29.4600,2.877171
29.4800,3.600000
29.5000,3.600000
29.5200,2.963048
29.5400,2.319196
29.5600,1.883908
29.5800,1.774912
29.6000,1.922059
29.6200,1.860032
29.6400,1.618335
29.6600,1.758605
29.6800,1.563139
29.7000,1.596143
29.7200,1.439677
29.7400,1.542278
29.7600,1.662035
29.7800,1.639329
29.8000,1.639228
29.8200,1.864925
29.8400,2.235026
29.8600,2.377342
29.8800,2.209184
29.9000,2.438095
29.9200,2.744062
29.9400,2.709627
29.9600,2.695549
29.9800,2.690804
30.0000,2.687877
30.0200,3.250606
30.0400,3.231558
30.0600,2.641751
30.0800,2.578821
30.1000,2.452767
30.1200,2.262800
30.1400,2.274788
30.1600,2.417952
30.1800,2.397942
30.2000,2.476231
30.2200,3.370232
30.2400,3.240671
30.2600,3.600000
30.2800,3.600000
30.3000,3.600000
30.3200,2.835819
30.3400,2.356736
30.3600,2.127821
30.3800,2.242208
30.4000,2.381505
30.4200,2.283762
30.4400,2.849893
30.4600,3.600000
30.4800,3.600000
30.5000,3.215490
30.5200,3.600000
30.5400,3.310185
30.5600,2.938757
30.5800,2.545240
30.6000,2.168987
30.6200,2.158347
30.6400,2.442166
30.6600,2.795279
30.6800,3.600000
30.7000,3.125430
30.7200,2.477639
30.7400,2.442844
30.7600,2.186185
30.7800,2.400447
30.8000,2.426276
30.8200,2.189982
30.8400,2.379772
30.8600,2.955736
30.8800,2.821428
30.9000,2.617130
30.9200,2.230810
30.9400,2.173177
30.9600,2.094239
30.9800,2.047234
31.0000,1.891813
31.0200,1.833766
31.0400,2.016202
31.0600,1.902700
31.0800,1.663080
31.1000,1.714168
31.1200,1.927309
31.1400,1.933346
31.1600,1.818545
31.1800,1.843218
31.2000,1.956040
31.2200,1.927578
31.2400,1.876599
31.2600,1.970822
31.2800,1.919124
31.3000,1.691853
31.3200,1.559549
31.3400,1.671496
31.3600,0.298277
31.3800,0.349286
31.4000,0.370454
31.4200,0.398975
31.4400,0.367295
31.4600,0.298007
31.4800,0.286044
31.5000,0.220285
31.5200,0.212151
31.5400,0.185866
31.5600,0.214326
31.5800,0.231140
31.6000,0.264514
31.6200,0.265825
31.6400,0.251571
31.6600,0.297950
31.6800,0.300175
31.7000,0.238683
31.7200,0.277992
31.7400,0.265420
31.7600,0.281427
31.7800,0.351672
31.8000,0.280125
31.8200,0.442949
31.8400,0.664585
31.8600,0.824362
31.8800,0.909037
31.9000,1.076342
31.9200,1.248677
31.9400,1.265157
31.9600,1.312822
31.9800,1.402953
32.0000,1.303300
32.0200,1.481405
32.0400,1.878731
32.0600,1.768939
32.0800,1.795538
32.1000,1.891114
32.1200,1.936246
32.1400,1.724672
32.1600,1.540256
32.1800,1.355815
32.2000,1.478131
32.2200,1.623501
32.2400,1.806595
32.2600,1.911733
32.2800,1.703410
32.3000,1.625751
32.3200,1.692836
32.3400,1.697165
32.3600,1.630712
32.3800,1.646140
32.4000,1.659845
32.4200,1.825228
32.4400,1.804828
32.4600,1.865473
32.4800,2.162821
32.5000,2.999084
32.5200,3.185849
32.5400,2.449100
32.5600,2.126992
32.5800,2.295722
32.6000,3.184280
32.6200,2.607737
32.6400,2.213046
32.6600,2.027401
32.6800,2.357038
32.7000,2.196258
32.7200,2.109800
32.7400,2.678498
32.7600,3.526120
32.7800,2.757345
32.8000,2.317573
32.8200,2.076883
32.8400,2.087711
32.8600,2.409688
32.8800,2.352303
32.9000,3.399872
32.9200,3.600000
32.9400,3.600000
32.9600,2.812456
32.9800,2.466254
33.0000,2.251052
33.0200,2.146028
33.0400,2.435472
33.0600,3.600000
33.0800,3.600000
33.1000,2.990682
33.1200,2.852252
33.1400,3.600000
33.1600,3.600000
33.1800,3.589656
33.2000,2.669958
33.2200,3.460991
33.2400,3.600000
33.2600,3.600000
33.2800,3.330552
33.3000,3.523586
33.3200,3.044116
33.3400,3.600000
33.3600,3.077805
33.3800,2.877171
33.4000,3.600000
33.4200,3.600000
33.4400,2.963048
33.4600,2.319196
33.4800,1.883908
33.5000,1.774912
33.5200,1.922059
33.5400,1.860032
33.5600,1.618335
33.5800,1.758605
33.6000,1.563139
33.6200,1.596143
33.6400,1.439677
33.6600,1.542278
33.6800,1.662035
33.7000,1.639329
33.7200,1.639228
33.7400,1.864925
33.7600,2.235026
33.7800,2.377342
33.8000,2.209184
33.8200,2.438095
33.8400,2.744062
33.8600,2.709627
33.8800,2.695549
33.9000,2.690804
33.9200,2.687877
33.9400,3.250606
33.9600,3.231558
33.9800,2.641751
34.0000,2.578821
34.0200,2.452767
34.0400,2.262800
34.0600,2.274788
34.0800,2.417952
34.1000,2.397942
34.1200,2.476231
34.1400,3.370232
34.1600,3.240671
34.1800,3.600000
34.2000,3.600000
34.2200,3.600000
34.2400,2.835819
34.2600,2.356736
34.2800,2.127821
34.3000,2.242208
34.3200,2.381505
34.3400,2.283762
34.3600,2.849893
34.3800,3.600000
34.4000,3.600000
34.4200,3.215490
34.4400,3.600000
34.4600,3.310185
34.4800,2.938757
34.5000,2.545240
34.5200,2.168987
34.5400,2.158347
34.5600,2.442166
34.5800,2.795279
34.6000,3.600000
34.6200,3.125430
34.6400,2.477639
34.6600,2.442844
34.6800,2.186185
34.7000,2.400447
34.7200,2.426276
34.7400,2.189982
34.7600,2.379772
34.7800,2.955736
34.8000,2.821428
34.8200,2.617130
34.8400,2.230810
34.8600,2.173177
34.8800,2.094239
34.9000,2.047234
34.9200,1.891813
34.9400,1.833766
34.9600,2.016202
34.9800,1.902700
35.0000,1.663080
35.0200,1.714168
35.0400,1.927309
35.0600,1.933346
35.0800,1.818545
35.1000,1.843218
35.1200,1.956040
35.1400,1.927578
35.1600,1.876599
35.1800,1.970822
35.2000,1.919124
35.2200,1.691853
35.2400,1.559549
35.2600,1.671496
35.2800,0.298277
35.3000,0.349286
35.3200,0.370454
35.3400,0.398975
35.3600,0.367295
35.3800,0.298007
35.4000,0.286044
35.4200,0.220285
35.4400,0.212151
35.4600,0.185866
35.4800,0.214326
35.5000,0.231140
35.5200,0.264514
35.5400,0.265825
35.5600,0.251571
35.5800,0.297950
35.6000,0.300175
35.6200,0.238683
35.6400,0.277992
35.6600,0.265420
35.6800,0.281427
35.7000,0.351672
35.7200,0.280125
35.7400,0.442949
35.7600,0.664585
35.7800,0.824362
35.8000,0.909037
35.8200,1.076342
35.8400,1.248677
35.8600,1.265157
35.8800,1.312822
35.9000,1.402953
35.9200,1.303300
35.9400,1.481405
35.9600,1.878731
35.9800,1.768939
36.0000,1.795538
36.0200,1.891114
36.0400,1.936246
36.0600,1.724672
36.0800,1.540256
36.1000,1.355815
36.1200,1.478131
36.1400,1.623501
36.1600,1.806595
36.1800,1.911733
36.2000,1.703410
36.2200,1.625751
36.2400,1.692836
36.2600,1.697165
36.2800,1.630712
36.3000,1.646140
36.3200,1.659845
36.3400,1.825228
36.3600,1.804828
36.3800,1.865473
36.4000,2.162821
36.4200,2.999084
36.4400,3.185849
36.4600,2.449100
36.4800,2.126992
36.5000,2.295722
36.5200,3.184280
36.5400,2.607737
36.5600,2.213046
36.5800,2.027401
36.6000,2.357038
36.6200,2.196258
36.6400,2.109800
36.6600,2.678498
36.6800,3.526120
36.7000,2.757345
36.7200,2.317573
36.7400,2.076883
36.7600,2.087711
36.7800,2.409688
36.8000,2.352303
36.8200,3.399872
36.8400,3.600000
36.8600,3.600000
36.8800,2.812456
36.9000,2.466254
36.9200,2.251052
36.9400,2.146028
36.9600,2.435472
36.9800,3.600000
37.0000,3.600000
37.0200,2.990682
37.0400,2.852252
37.0600,3.600000
37.0800,3.600000
37.1000,3.589656
37.1200,2.669958
37.1400,3.460991
37.1600,3.600000
37.1800,3.600000
37.2000,3.330552
37.2200,3.523586
37.2400,3.044116
37.2600,3.600000
37.2800,3.077805
37.3000,2.877171
37.3200,3.600000
37.3400,3.600000
37.3600,2.963048
37.3800,2.319196
37.4000,1.883908
37.4200,1.774912
37.4400,1.922059
37.4600,1.860032
37.4800,1.618335
37.5000,1.758605
37.5200,1.563139
37.5400,1.596143
37.5600,1.439677
37.5800,1.542278
37.6000,1.662035
37.6200,1.639329
37.6400,1.639228
37.6600,1.864925
37.6800,2.235026
37.7000,2.377342
37.7200,2.209184
37.7400,2.438095
37.7600,2.744062
37.7800,2.709627
37.8000,2.695549
37.8200,2.690804
37.8400,2.687877
37.8600,3.250606
37.8800,3.231558
37.9000,2.641751
37.9200,2.578821
37.9400,2.452767
37.9600,2.262800
37.9800,2.274788
38.0000,2.417952
38.0200,2.397942
38.0400,2.476231
38.0600,3.370232
38.0800,3.240671
38.1000,3.600000
38.1200,3.600000
38.1400,3.600000
38.1600,2.835819
38.1800,2.356736
38.2000,2.127821
38.2200,2.242208
38.2400,2.381505
38.2600,2.283762
38.2800,2.849893
38.3000,3.600000
38.3200,3.600000
38.3400,3.215490
38.3600,3.600000
38.3800,3.310185
38.4000,2.938757
38.4200,2.545240
38.4400,2.168987
38.4600,2.158347
38.4800,2.442166
38.5000,2.795279
38.5200,3.600000
38.5400,3.125430
38.5600,2.477639
38.5800,2.442844
38.6000,2.186185
38.6200,2.400447
38.6400,2.426276
38.6600,2.189982
38.6800,2.379772
38.7000,2.955736
38.7200,2.821428
38.7400,2.617130
38.7600,2.230810
38.7800,2.173177
38.8000,2.094239
38.8200,2.047234
38.8400,1.891813
38.8600,1.833766
38.8800,2.016202
38.9000,1.902700
38.9200,1.663080
38.9400,1.714168
38.9600,1.927309
38.9800,1.933346
39.0000,1.818545
39.0200,1.843218
39.0400,1.956040
39.0600,1.927578
39.0800,1.876599
39.1000,1.970822
39.1200,1.919124
39.1400,1.691853
39.1600,1.559549
39.1800,1.671496
39.2000,0.298277
39.2200,0.349286
39.2400,0.370454
39.2600,0.398975
39.2800,0.367295
39.3000,0.298007
39.3200,0.286044
39.3400,0.220285
39.3600,0.212151
39.3800,0.185866
39.4000,0.214326
39.4200,0.231140
39.4400,0.264514
39.4600,0.265825
39.4800,0.251571
39.5000,0.297950
39.5200,0.300175
39.5400,0.238683
39.5600,0.277992
39.5800,0.265420
39.6000,0.281427
39.6200,0.351672
39.6400,0.280125
39.6600,0.442949
39.6800,0.664585
39.7000,0.824362
39.7200,0.909037
39.7400,1.076342
39.7600,1.248677
39.7800,1.265157
39.8000,1.312822
39.8200,1.402953
39.8400,1.303300
39.8600,1.481405
39.8800,1.878731
39.9000,1.768939
39.9200,1.795538
39.9400,1.891114
39.9600,1.936246
39.9800,1.724672
40.0000,1.540256
40.0200,1.355815
40.0400,1.478131
40.0600,1.623501
40.0800,1.806595
40.1000,1.911733
40.1200,1.703410
40.1400,1.625751
40.1600,1.692836
40.1800,1.697165
40.2000,1.630712
40.2200,1.646140
40.2400,1.659845
40.2600,1.825228
40.2800,1.804828
40.3000,1.865473
40.3200,2.162821
40.3400,2.999084
40.3600,3.185849
40.3800,2.449100
40.4000,2.126992
40.4200,2.295722
40.4400,3.184280
40.4600,2.607737
40.4800,2.213046
40.5000,2.027401
40.5200,2.357038
40.5400,2.196258
40.5600,2.109800
40.5800,2.678498
40.6000,3.526120
40.6200,2.757345
40.6400,2.317573
40.6600,2.076883
40.6800,2.087711
40.7000,2.409688
40.7200,2.352303
40.7400,3.399872
40.7600,3.600000
40.7800,3.600000
40.8000,2.812456
40.8200,2.466254
40.8400,2.251052
40.8600,2.146028
40.8800,2.435472
40.9000,3.600000
40.9200,3.600000
40.9400,2.990682
40.9600,2.852252
40.9800,3.600000
41.0000,3.600000
41.0200,3.589656
41.0400,2.669958
41.0600,3.460991
41.0800,3.600000
41.1000,3.600000
41.1200,3.330552
41.1400,3.523586
41.1600,3.044116
41.1800,3.600000
41.2000,3.077805
41.2200,2.877171
41.2400,3.600000
41.2600,3.600000
41.2800,2.963048
41.3000,2.319196
41.3200,1.883908
41.3400,1.774912
41.3600,1.922059
41.3800,1.860032
41.4000,1.618335
41.4200,1.758605
41.4400,1.563139
41.4600,1.596143
41.4800,1.439677
41.5000,1.542278
41.5200,1.662035
41.5400,1.639329
41.5600,1.639228
41.5800,1.864925
41.6000,2.235026
41.6200,2.377342
41.6400,2.209184
41.6600,2.438095
41.6800,2.744062
41.7000,2.709627
41.7200,2.695549
41.7400,2.690804
41.7600,2.687877
41.7800,3.250606
41.8000,3.231558
41.8200,2.641751
41.8400,2.578821
41.8600,2.452767
41.8800,2.262800
41.9000,2.274788
41.9200,2.417952
41.9400,2.397942
41.9600,2.476231
41.9800,3.370232
42.0000,3.240671
42.0200,3.600000
42.0400,3.600000
42.0600,3.600000
42.0800,2.835819
42.1000,2.356736
42.1200,2.127821
42.1400,2.242208
42.1600,2.381505
42.1800,2.283762
42.2000,2.849893
42.2200,3.600000
42.2400,3.600000
42.2600,3.215490
42.2800,3.600000
42.3000,3.310185
42.3200,2.938757
42.3400,2.545240
42.3600,2.168987
42.3800,2.158347
42.4000,2.442166
42.4200,2.795279
42.4400,3.600000
42.4600,3.125430
42.4800,2.477639
42.5000,2.442844
42.5200,2.186185
42.5400,2.400447
42.5600,2.426276
42.5800,2.189982
42.6000,2.379772
42.6200,2.955736
42.6400,2.821428
42.6600,2.617130
42.6800,2.230810
42.7000,2.173177
42.7200,2.094239
42.7400,2.047234
42.7600,1.891813
42.7800,1.833766
42.8000,2.016202
42.8200,1.902700
42.8400,1.663080
42.8600,1.714168
42.8800,1.927309
42.9000,1.933346
42.9200,1.818545
42.9400,1.843218
42.9600,1.956040
42.9800,1.927578
43.0000,1.876599
43.0200,1.970822
43.0400,1.919124
43.0600,1.691853
43.0800,1.559549
43.1000,1.671496
43.1200,0.298277
43.1400,0.349286
43.1600,0.370454
43.1800,0.398975
43.2000,0.367295
43.2200,0.298007
43.2400,0.286044
43.2600,0.220285
43.2800,0.212151
43.3000,0.185866
43.3200,0.214326
43.3400,0.231140
43.3600,0.264514
43.3800,0.265825
43.4000,0.251571
43.4200,0.297950
43.4400,0.300175
43.4600,0.238683
43.4800,0.277992
43.5000,0.265420
43.5200,0.281427
43.5400,0.351672
43.5600,0.280125
43.5800,0.442949
43.6000,0.664585
43.6200,0.824362
43.6400,0.909037
43.6600,1.076342
43.6800,1.248677
43.7000,1.265157
43.7200,1.312822
43.7400,1.402953
43.7600,1.303300
43.7800,1.481405
43.8000,1.878731
43.8200,1.768939
43.8400,1.795538
43.8600,1.891114
43.8800,1.936246
43.9000,1.724672
43.9200,1.540256
43.9400,1.355815
43.9600,1.478131
43.9800,1.623501
44.0000,1.806595
44.0200,1.911733
44.0400,1.703410
44.0600,1.625751
44.0800,1.692836
44.1000,1.697165
44.1200,1.630712
44.1400,1.646140
44.1600,1.659845
44.1800,1.825228
44.2000,1.804828
44.2200,1.865473
44.2400,2.162821
44.2600,2.999084
44.2800,3.185849
44.3000,2.449100
44.3200,2.126992
44.3400,2.295722
44.3600,3.184280
44.3800,2.607737
44.4000,2.213046
44.4200,2.027401
44.4400,2.357038
44.4600,2.196258
44.4800,2.109800
44.5000,2.678498
44.5200,3.526120
44.5400,2.757345
44.5600,2.317573
44.5800,2.076883
44.6000,2.087711
44.6200,2.409688
44.6400,2.352303
44.6600,3.399872
44.6800,3.600000
44.7000,3.600000
44.7200,2.812456
44.7400,2.466254
44.7600,2.251052
44.7800,2.146028
44.8000,2.435472
44.8200,3.600000
44.8400,3.600000
44.8600,2.990682
44.8800,2.852252
44.9000,3.600000
44.9200,3.600000
44.9400,3.589656
44.9600,2.669958
44.9800,3.460991
45.0000,3.600000
45.0200,3.600000
45.0400,3.330552
45.0600,3.523586
45.0800,3.044116
45.1000,3.600000
45.1200,3.077805
45.1400,2.877171
45.1600,3.600000
45.1800,3.600000
45.2000,2.963048
45.2200,2.319196
45.2400,1.883908
45.2600,1.774912
45.2800,1.922059
45.3000,1.860032
45.3200,1.618335
45.3400,1.758605
45.3600,1.563139
45.3800,1.596143
45.4000,1.439677
45.4200,1.542278
45.4400,1.662035
45.4600,1.639329
45.4800,1.639228
45.5000,1.864925
45.5200,2.235026
45.5400,2.377342
45.5600,2.209184
45.5800,2.438095
45.6000,2.744062
45.6200,2.709627
45.6400,2.695549
45.6600,2.690804
45.6800,2.687877
45.7000,3.250606
45.7200,3.231558
45.7400,2.641751
45.7600,2.578821
45.7800,2.452767
45.8000,2.262800
45.8200,2.274788
45.8400,2.417952
45.8600,2.397942
45.8800,2.476231
45.9000,3.370232
45.9200,3.240671
45.9400,3.600000
45.9600,3.600000
45.9800,3.600000
46.0000,2.835819
46.0200,2.356736
46.0400,2.127821
46.0600,2.242208
46.0800,2.381505
46.1000,2.283762
46.1200,2.849893
46.1400,3.600000
46.1600,3.600000
46.1800,3.215490
46.2000,3.600000
46.2200,3.310185
46.2400,2.938757
46.2600,2.545240
46.2800,2.168987
46.3000,2.158347
46.3200,2.442166
46.3400,2.795279
46.3600,3.600000
46.3800,3.125430
46.4000,2.477639
46.4200,2.442844
46.4400,2.186185
46.4600,2.400447
46.4800,2.426276
46.5000,2.189982
46.5200,2.379772
46.5400,2.955736
46.5600,2.821428
46.5800,2.617130
46.6000,2.230810
46.6200,2.173177
46.6400,2.094239
46.6600,2.047234
46.6800,1.891813
46.7000,1.833766
46.7200,2.016202
46.7400,1.902700
46.7600,1.663080
46.7800,1.714168
46.8000,1.927309
46.8200,1.933346
46.8400,1.818545
46.8600,1.843218
46.8800,1.956040
46.9000,1.927578
46.9200,1.876599
46.9400,1.970822
46.9600,1.919124
46.9800,1.691853
47.0000,1.559549
47.0200,1.671496
47.0400,0.298277
47.0600,0.349286
47.0800,0.370454
47.1000,0.398975
47.1200,0.367295
47.1400,0.298007
47.1600,0.286044
47.1800,0.220285
47.2000,0.212151
47.2200,0.185866
47.2400,0.214326
47.2600,0.231140
47.2800,0.264514
47.3000,0.265825
47.3200,0.251571
47.3400,0.297950
47.3600,0.300175
47.3800,0.238683
47.4000,0.277992
47.4200,0.265420
47.4400,0.281427
47.4600,0.351672
47.4800,0.280125
47.5000,0.442949
47.5200,0.664585
47.5400,0.824362
47.5600,0.909037
47.5800,1.076342
47.6000,1.248677
47.6200,1.265157
47.6400,1.312822
47.6600,1.402953
47.6800,1.303300
47.7000,1.481405
47.7200,1.878731
47.7400,1.768939
47.7600,1.795538
47.7800,1.891114
47.8000,1.936246
47.8200,1.724672
47.8400,1.540256
47.8600,1.355815
47.8800,1.478131
47.9000,1.623501
47.9200,1.806595
47.9400,1.911733
47.9600,1.703410
47.9800,1.625751
48.0000,1.692836
48.0200,1.697165
48.0400,1.630712
48.0600,1.646140
48.0800,1.659845
48.1000,1.825228
48.1200,1.804828
48.1400,1.865473
48.1600,2.162821
48.1800,2.999084
48.2000,3.185849
48.2200,2.449100
48.2400,2.126992
48.2600,2.295722
48.2800,3.184280
48.3000,2.607737
48.3200,2.213046
48.3400,2.027401
48.3600,2.357038
48.3800,2.196258
48.4000,2.109800
48.4200,2.678498
48.4400,3.526120
48.4600,2.757345
48.4800,2.317573
48.5000,2.076883
48.5200,2.087711
48.5400,2.409688
48.5600,2.352303
48.5800,3.399872
48.6000,3.600000
48.6200,3.600000
48.6400,2.812456
48.6600,2.466254
48.6800,2.251052
48.7000,2.146028
48.7200,2.435472
48.7400,3.600000
48.7600,3.600000
48.7800,2.990682
48.8000,2.852252
48.8200,3.600000
48.8400,3.600000
48.8600,3.589656
48.8800,2.669958
48.9000,3.460991
48.9200,3.600000
48.9400,3.600000
48.9600,3.330552
48.9800,3.523586
49.0000,3.044116
49.0200,3.600000
49.0400,3.077805
49.0600,2.877171
49.0800,3.600000
49.1000,3.600000
49.1200,2.963048
49.1400,2.319196
49.1600,1.883908
49.1800,1.774912
49.2000,1.922059
49.2200,1.860032
49.2400,1.618335
49.2600,1.758605
49.2800,1.563139
49.3000,1.596143
49.3200,1.439677
49.3400,1.542278
49.3600,1.662035
49.3800,1.639329
49.4000,1.639228
49.4200,1.864925
49.4400,2.235026
49.4600,2.377342
49.4800,2.209184
49.5000,2.438095
49.5200,2.744062
49.5400,2.709627
49.5600,2.695549
49.5800,2.690804
49.6000,2.687877
49.6200,3.250606
49.6400,3.231558
49.6600,2.641751
49.6800,2.578821
49.7000,2.452767
49.7200,2.262800
49.7400,2.274788
49.7600,2.417952
49.7800,2.397942
49.8000,2.476231
49.8200,3.370232
49.8400,3.240671
49.8600,3.600000
49.8800,3.600000
49.9000,3.600000
49.9200,2.835819
49.9400,2.356736
49.9600,2.127821
49.9800,2.242208
50.0000,2.381505
50.0200,2.283762
50.0400,2.849893
50.0600,3.600000
50.0800,3.600000
50.1000,3.215490
50.1200,3.600000
50.1400,3.310185
50.1600,2.938757
50.1800,2.545240
50.2000,2.168987
50.2200,2.158347
50.2400,2.442166
50.2600,2.795279
50.2800,3.600000
50.3000,3.125430
50.3200,2.477639
50.3400,2.442844
50.3600,2.186185
50.3800,2.400447
50.4000,2.426276
50.4200,2.189982
50.4400,2.379772
50.4600,2.955736
50.4800,2.821428
50.5000,2.617130
50.5200,2.230810
50.5400,2.173177
50.5600,2.094239
50.5800,2.047234
50.6000,1.891813
50.6200,1.833766
50.6400,2.016202
50.6600,1.902700
50.6800,1.663080
50.7000,1.714168
50.7200,1.927309
50.7400,1.933346
50.7600,1.818545
50.7800,1.843218
50.8000,1.956040
50.8200,1.927578
50.8400,1.876599
50.8600,1.970822
50.8800,1.919124
50.9000,1.691853
50.9200,1.559549
50.9400,1.671496
50.9600,0.298277
50.9800,0.349286
51.0000,0.370454
51.0200,0.398975
51.0400,0.367295
51.0600,0.298007
51.0800,0.286044
51.1000,0.220285
51.1200,0.212151
51.1400,0.185866
51.1600,0.214326
51.1800,0.231140
51.2000,0.264514
51.2200,0.265825
51.2400,0.251571
51.2600,0.297950
51.2800,0.300175
51.3000,0.238683
51.3200,0.277992
51.3400,0.265420
51.3600,0.281427
51.3800,0.351672
51.4000,0.280125
51.4200,0.442949
51.4400,0.664585
51.4600,0.824362
51.4800,0.909037
51.5000,1.076342
51.5200,1.248677
51.5400,1.265157
51.5600,1.312822
51.5800,1.402953
51.6000,1.303300
51.6200,1.481405
51.6400,1.878731
51.6600,1.768939
51.6800,1.795538
51.7000,1.891114
51.7200,1.936246
51.7400,1.724672
51.7600,1.540256
51.7800,1.355815
51.8000,1.478131
51.8200,1.623501
51.8400,1.806595
51.8600,1.911733
51.8800,1.703410
51.9000,1.625751
51.9200,1.692836
51.9400,1.697165
51.9600,1.630712
51.9800,1.646140
52.0000,1.659845
52.0200,1.825228
52.0400,1.804828
52.0600,1.865473
52.0800,2.162821
52.1000,2.999084
52.1200,3.185849
52.1400,2.449100
52.1600,2.126992
52.1800,2.295722
52.2000,3.184280
52.2200,2.607737
52.2400,2.213046
52.2600,2.027401
52.2800,2.357038
52.3000,2.196258
52.3200,2.109800
52.3400,2.678498
52.3600,3.526120
52.3800,2.757345
52.4000,2.317573
52.4200,2.076883
52.4400,2.087711
52.4600,2.409688
52.4800,2.352303
52.5000,3.399872
52.5200,3.600000
52.5400,3.600000
52.5600,2.812456
52.5800,2.466254
52.6000,2.251052
52.6200,2.146028
52.6400,2.435472
52.6600,3.600000
52.6800,3.600000
52.7000,2.990682
52.7200,2.852252
52.7400,3.600000
52.7600,3.600000
52.7800,3.589656
52.8000,2.669958
52.8200,3.460991
52.8400,3.600000
52.8600,3.600000
52.8800,3.330552
52.9000,3.523586
52.9200,3.044116
52.9400,3.600000
52.9600,3.077805
52.9800,2.877171
53.0000,3.600000
53.0200,3.600000
53.0400,2.963048
53.0600,2.319196
53.0800,1.883908
53.1000,1.774912
53.1200,1.922059
53.1400,1.860032
53.1600,1.618335
53.1800,1.758605
53.2000,1.563139
53.2200,1.596143
53.2400,1.439677
53.2600,1.542278
53.2800,1.662035
53.3000,1.639329
53.3200,1.639228
53.3400,1.864925
53.3600,2.235026
53.3800,2.377342
53.4000,2.209184
53.4200,2.438095
53.4400,2.744062
53.4600,2.709627
53.4800,2.695549
53.5000,2.690804
53.5200,2.687877
53.5400,3.250606
53.5600,3.231558
53.5800,2.641751
53.6000,2.578821
53.6200,2.452767
53.6400,2.262800
53.6600,2.274788
53.6800,2.417952
53.7000,2.397942
53.7200,2.476231
53.7400,3.370232
53.7600,3.240671
53.7800,3.600000
53.8000,3.600000
53.8200,3.600000
53.8400,2.835819
53.8600,2.356736
53.8800,2.127821
53.9000,2.242208
53.9200,2.381505
53.9400,2.283762
53.9600,2.849893
53.9800,3.600000
54.0000,3.600000
54.0200,3.215490
54.0400,3.600000
54.0600,3.310185
54.0800,2.938757
54.1000,2.545240
54.1200,2.168987
54.1400,2.158347
54.1600,2.442166
54.1800,2.795279
54.2000,3.600000
54.2200,3.125430
54.2400,2.477639
54.2600,2.442844
54.2800,2.186185
54.3000,2.400447
54.3200,2.426276
54.3400,2.189982
54.3600,2.379772
54.3800,2.955736
54.4000,2.821428
54.4200,2.617130
54.4400,2.230810
54.4600,2.173177
54.4800,2.094239
54.5000,2.047234
54.5200,1.891813
54.5400,1.833766
54.5600,2.016202
54.5800,1.902700
54.6000,1.663080
54.6200,1.714168
54.6400,1.927309
54.6600,1.933346
54.6800,1.818545
54.7000,1.843218
54.7200,1.956040
54.7400,1.927578
54.7600,1.876599
54.7800,1.970822
54.8000,1.919124
54.8200,1.691853
54.8400,1.559549
54.8600,1.671496
54.8800,0.298277
54.9000,0.349286
54.9200,0.370454
54.9400,0.398975
54.9600,0.367295
54.9800,0.298007
55.0000,0.286044
55.0200,0.220285
55.0400,0.212151
55.0600,0.185866
55.0800,0.214326
55.1000,0.231140
55.1200,0.264514
55.1400,0.265825
55.1600,0.251571
55.1800,0.297950
55.2000,0.300175
55.2200,0.238683
55.2400,0.277992
55.2600,0.265420
55.2800,0.281427
55.3000,0.351672
55.3200,0.280125
55.3400,0.442949
55.3600,0.664585
55.3800,0.824362
55.4000,0.909037
55.4200,1.076342
55.4400,1.248677
55.4600,1.265157
55.4800,1.312822
55.5000,1.402953
55.5200,1.303300
55.5400,1.481405
55.5600,1.878731
55.5800,1.768939
55.6000,1.795538
55.6200,1.891114
55.6400,1.936246
55.6600,1.724672
55.6800,1.540256
55.7000,1.355815
55.7200,1.478131
55.7400,1.623501
55.7600,1.806595
55.7800,1.911733
55.8000,1.703410
55.8200,1.625751
55.8400,1.692836
55.8600,1.697165
55.8800,1.630712
55.9000,1.646140
55.9200,1.659845
55.9400,1.825228
55.9600,1.804828
55.9800,1.865473
56.0000,2.162821
56.0200,2.999084
56.0400,3.185849
56.0600,2.449100
56.0800,2.126992
56.1000,2.295722
56.1200,3.184280
56.1400,2.607737
56.1600,2.213046
56.1800,2.027401
56.2000,2.357038
56.2200,2.196258
56.2400,2.109800
56.2600,2.678498
56.2800,3.526120
56.3000,2.757345
56.3200,2.317573
56.3400,2.076883
56.3600,2.087711
56.3800,2.409688
56.4000,2.352303
56.4200,3.399872
56.4400,3.600000
56.4600,3.600000
56.4800,2.812456
56.5000,2.466254
56.5200,2.251052
56.5400,2.146028
56.5600,2.435472
56.5800,3.600000
56.6000,3.600000
56.6200,2.990682
56.6400,2.852252
56.6600,3.600000
56.6800,3.600000
56.7000,3.589656
56.7200,2.669958
56.7400,3.460991
56.7600,3.600000
56.7800,3.600000
56.8000,3.330552
56.8200,3.523586
56.8400,3.044116
56.8600,3.600000
56.8800,3.077805
56.9000,2.877171
56.9200,3.600000
56.9400,3.600000
56.9600,2.963048
56.9800,2.319196
57.0000,1.883908
57.0200,1.774912
57.0400,1.922059
57.0600,1.860032
57.0800,1.618335
57.1000,1.758605
57.1200,1.563139
57.1400,1.596143
57.1600,1.439677
57.1800,1.542278
57.2000,1.662035
57.2200,1.639329
57.2400,1.639228
57.2600,1.864925
57.2800,2.235026
57.3000,2.377342
57.3200,2.209184
57.3400,2.438095
57.3600,2.744062
57.3800,2.709627
57.4000,2.695549
57.4200,2.690804
57.4400,2.687877
57.4600,3.250606
57.4800,3.231558
57.5000,2.641751
57.5200,2.578821
57.5400,2.452767
57.5600,2.262800
57.5800,2.274788
57.6000,2.417952
57.6200,2.397942
57.6400,2.476231
57.6600,3.370232
57.6800,3.240671
57.7000,3.600000
57.7200,3.600000
57.7400,3.600000
57.7600,2.835819
57.7800,2.356736
57.8000,2.127821
57.8200,2.242208
57.8400,2.381505
57.8600,2.283762
57.8800,2.849893
57.9000,3.600000
57.9200,3.600000
57.9400,3.215490
57.9600,3.600000
57.9800,3.310185
58.0000,2.938757
58.0200,2.545240
58.0400,2.168987
58.0600,2.158347
58.0800,2.442166
58.1000,2.795279
58.1200,3.600000
58.1400,3.125430
58.1600,2.477639
58.1800,2.442844
58.2000,2.186185
58.2200,2.400447
58.2400,2.426276
58.2600,2.189982
58.2800,2.379772
58.3000,2.955736
58.3200,2.821428
58.3400,2.617130
58.3600,2.230810
58.3800,2.173177
58.4000,2.094239
58.4200,2.047234
58.4400,1.891813
58.4600,1.833766
58.4800,2.016202
58.5000,1.902700
58.5200,1.663080
58.5400,1.714168
58.5600,1.927309
58.5800,1.933346
58.6000,1.818545
58.6200,1.843218
58.6400,1.956040
58.6600,1.927578
58.6800,1.876599
58.7000,1.970822
58.7200,1.919124
58.7400,1.691853
58.7600,1.559549
58.7800,1.671496
58.8000,0.298277
58.8200,0.349286
58.8400,0.370454
58.8600,0.398975
58.8800,0.367295
58.9000,0.298007
58.9200,0.286044
58.9400,0.220285
58.9600,0.212151
58.9800,0.185866
59.0000,0.214326
59.0200,0.231140
59.0400,0.264514
59.0600,0.265825
59.0800,0.251571
59.1000,0.297950
59.1200,0.300175
59.1400,0.238683
59.1600,0.277992
59.1800,0.265420
59.2000,0.281427
59.2200,0.351672
59.2400,0.280125
59.2600,0.442949
59.2800,0.664585
59.3000,0.824362
59.3200,0.909037
59.3400,1.076342
59.3600,1.248677
59.3800,1.265157
59.4000,1.312822
59.4200,1.402953
59.4400,1.303300
59.4600,1.481405
59.4800,1.878731
59.5000,1.768939
59.5200,1.795538
59.5400,1.891114
59.5600,1.936246
59.5800,1.724672
59.6000,1.540256
59.6200,1.355815
59.6400,1.478131
59.6600,1.623501
59.6800,1.806595
59.7000,1.911733
59.7200,1.703410
59.7400,1.625751
59.7600,1.692836
59.7800,1.697165
59.8000,1.630712
59.8200,1.646140
59.8400,1.659845
59.8600,1.825228
59.8800,1.804828
59.9000,1.865473
59.9200,2.162821
59.9400,2.999084
59.9600,3.185849
59.9800,2.449100
60.0000,2.126992
60.0200,2.295722
60.0400,3.184280
60.0600,2.607737
60.0800,2.213046
60.1000,2.027401
60.1200,2.357038
60.1400,2.196258
60.1600,2.109800
60.1800,2.678498
60.2000,3.526120
60.2200,2.757345
60.2400,2.317573
60.2600,2.076883
60.2800,2.087711
60.3000,2.409688
60.3200,2.352303
60.3400,3.399872
60.3600,3.600000
60.3800,3.600000
60.4000,2.812456
60.4200,2.466254
60.4400,2.251052
60.4600,2.146028
60.4800,2.435472
60.5000,3.600000
60.5200,3.600000
60.5400,2.990682
60.5600,2.852252
60.5800,3.600000
60.6000,3.600000
60.6200,3.589656
60.6400,2.669958
60.6600,3.460991
60.6800,3.600000
60.7000,3.600000
60.7200,3.330552
60.7400,3.523586
60.7600,3.044116
60.7800,3.600000
60.8000,3.077805
60.8200,2.877171
60.8400,3.600000
60.8600,3.600000
60.8800,2.963048
60.9000,2.319196
60.9200,1.883908
60.9400,1.774912
60.9600,1.922059
60.9800,1.860032
61.0000,1.618335
61.0200,1.758605
61.0400,1.563139
61.0600,1.596143
61.0800,1.439677
61.1000,1.542278
61.1200,1.662035
61.1400,1.639329
61.1600,1.639228
61.1800,1.864925
61.2000,2.235026
61.2200,2.377342
61.2400,2.209184
61.2600,2.438095
61.2800,2.744062
61.3000,2.709627
61.3200,2.695549
61.3400,2.690804
61.3600,2.687877
61.3800,3.250606
61.4000,3.231558
61.4200,2.641751
61.4400,2.578821
61.4600,2.452767
61.4800,2.262800
61.5000,2.274788
61.5200,2.417952
61.5400,2.397942
61.5600,2.476231
61.5800,3.370232
61.6000,3.240671
61.6200,3.600000
61.6400,3.600000
61.6600,3.600000
61.6800,2.835819
61.7000,2.356736
61.7200,2.127821
61.7400,2.242208
61.7600,2.381505
61.7800,2.283762
61.8000,2.849893
61.8200,3.600000
61.8400,3.600000
61.8600,3.215490
61.8800,3.600000
61.9000,3.310185
61.9200,2.938757
61.9400,2.545240
61.9600,2.168987
61.9800,2.158347
62.0000,2.442166
62.0200,2.795279
62.0400,3.600000
62.0600,3.125430
62.0800,2.477639
62.1000,2.442844
62.1200,2.186185
62.1400,2.400447
62.1600,2.426276
62.1800,2.189982
62.2000,2.379772
62.2200,2.955736
62.2400,2.821428
62.2600,2.617130
62.2800,2.230810
62.3000,2.173177
62.3200,2.094239
62.3400,2.047234
62.3600,1.891813
62.3800,1.833766
62.4000,2.016202
62.4200,1.902700
62.4400,1.663080
62.4600,1.714168
62.4800,1.927309
62.5000,1.933346
62.5200,1.818545
62.5400,1.843218
62.5600,1.956040
62.5800,1.927578
62.6000,1.876599
62.6200,1.970822
62.6400,1.919124
62.6600,1.691853
62.6800,1.559549
62.7000,1.671496
62.7200,0.298277
62.7400,0.349286
62.7600,0.370454
62.7800,0.398975
62.8000,0.367295
62.8200,0.298007
62.8400,0.286044
62.8600,0.220285
62.8800,0.212151
62.9000,0.185866
62.9200,0.214326
62.9400,0.231140
62.9600,0.264514
62.9800,0.265825
63.0000,0.251571
63.0200,0.297950
63.0400,0.300175
63.0600,0.238683
63.0800,0.277992
63.1000,0.265420
63.1200,0.281427
63.1400,0.351672
63.1600,0.280125
63.1800,0.442949
63.2000,0.664585
63.2200,0.824362
63.2400,0.909037
63.2600,1.076342
63.2800,1.248677
63.3000,1.265157
63.3200,1.312822
63.3400,1.402953
63.3600,1.303300
63.3800,1.481405
63.4000,1.878731
63.4200,1.768939
63.4400,1.795538
63.4600,1.891114
63.4800,1.936246
63.5000,1.724672
63.5200,1.540256
63.5400,1.355815
63.5600,1.478131
63.5800,1.623501
63.6000,1.806595
63.6200,1.911733
63.6400,1.703410
63.6600,1.625751
63.6800,1.692836
63.7000,1.697165
63.7200,1.630712
63.7400,1.646140
63.7600,1.659845
63.7800,1.825228
63.8000,1.804828
63.8200,1.865473
63.8400,2.162821
63.8600,2.999084
63.8800,3.185849
63.9000,2.449100
63.9200,2.126992
63.9400,2.295722
63.9600,3.184280
63.9800,2.607737
64.0000,2.213046
64.0200,2.027401
64.0400,2.357038
64.0600,2.196258
64.0800,2.109800
64.1000,2.678498
64.1200,3.526120
64.1400,2.757345
64.1600,2.317573
64.1800,2.076883
64.2000,2.087711
64.2200,2.409688
64.2400,2.352303
64.2600,3.399872
64.2800,3.600000
64.3000,3.600000
64.3200,2.812456
64.3400,2.466254
64.3600,2.251052
64.3800,2.146028
64.4000,2.435472
64.4200,3.600000
64.4400,3.600000
64.4600,2.990682
64.4800,2.852252
64.5000,3.600000
64.5200,3.600000
64.5400,3.589656
64.5600,2.669958
64.5800,3.460991
64.6000,3.600000
64.6200,3.600000
64.6400,3.330552
64.6600,3.523586
64.6800,3.044116
64.7000,3.600000
64.7200,3.077805
64.7400,2.877171
64.7600,3.600000
64.7800,3.600000
64.8000,2.963048
64.8200,2.319196
64.8400,1.883908
64.8600,1.774912
64.8800,1.922059
64.9000,1.860032
64.9200,1.618335
64.9400,1.758605
64.9600,1.563139
64.9800,1.596143
65.0000,1.439677
65.0200,1.542278
65.0400,1.662035
65.0600,1.639329
65.0800,1.639228
65.1000,1.864925
65.1200,2.235026
65.1400,2.377342
65.1600,2.209184
65.1800,2.438095
65.2000,2.744062
65.2200,2.709627
65.2400,2.695549
65.2600,2.690804
65.2800,2.687877
65.3000,3.250606
65.3200,3.231558
65.3400,2.641751
65.3600,2.578821
65.3800,2.452767
65.4000,2.262800
65.4200,2.274788
65.4400,2.417952
65.4600,2.397942
65.4800,2.476231
65.5000,3.370232
65.5200,3.240671
65.5400,3.600000
65.5600,3.600000
65.5800,3.600000
65.6000,2.835819
65.6200,2.356736
65.6400,2.127821
65.6600,2.242208
65.6800,2.381505
65.7000,2.283762
65.7200,2.849893
65.7400,3.600000
65.7600,3.600000
65.7800,3.215490
65.8000,3.600000
65.8200,3.310185
65.8400,2.938757
65.8600,2.545240
65.8800,2.168987
65.9000,2.158347
65.9200,2.442166
65.9400,2.795279
65.9600,3.600000
65.9800,3.125430
66.0000,2.477639
66.0200,2.442844
66.0400,2.186185
66.0600,2.400447
66.0800,2.426276
66.1000,2.189982
66.1200,2.379772
66.1400,2.955736
66.1600,2.821428
66.1800,2.617130
66.2000,2.230810
66.2200,2.173177
66.2400,2.094239
66.2600,2.047234
66.2800,1.891813
66.3000,1.833766
66.3200,2.016202
66.3400,1.902700
66.3600,1.663080
66.3800,1.714168
66.4000,1.927309
66.4200,1.933346
66.4400,1.818545
66.4600,1.843218
66.4800,1.956040
66.5000,1.927578
66.5200,1.876599
66.5400,1.970822
66.5600,1.919124
66.5800,1.691853
66.6000,1.559549
66.6200,1.671496
66.6400,0.298277
66.6600,0.349286
66.6800,0.370454
66.7000,0.398975
66.7200,0.367295
66.7400,0.298007
66.7600,0.286044
66.7800,0.220285
66.8000,0.212151
66.8200,0.185866
66.8400,0.214326
66.8600,0.231140
66.8800,0.264514
66.9000,0.265825
66.9200,0.251571
66.9400,0.297950
66.9600,0.300175
66.9800,0.238683
67.0000,0.277992
67.0200,0.265420
67.0400,0.281427
67.0600,0.351672
67.0800,0.280125
67.1000,0.442949
67.1200,0.664585
67.1400,0.824362
67.1600,0.909037
67.1800,1.076342
67.2000,1.248677
67.2200,1.265157
67.2400,1.312822
67.2600,1.402953
67.2800,1.303300
67.3000,1.481405
67.3200,1.878731
67.3400,1.768939
67.3600,1.795538
67.3800,1.891114
67.4000,1.936246
67.4200,1.724672
67.4400,1.540256
67.4600,1.355815
67.4800,1.478131
67.5000,1.623501
67.5200,1.806595
67.5400,1.911733
67.5600,1.703410
67.5800,1.625751
67.6000,1.692836
67.6200,1.697165
67.6400,1.630712
67.6600,1.646140
67.6800,1.659845
67.7000,1.825228
67.7200,1.804828
67.7400,1.865473
67.7600,2.162821
67.7800,2.999084
67.8000,3.185849
67.8200,2.449100
67.8400,2.126992
67.8600,2.295722
67.8800,3.184280
67.9000,2.607737
67.9200,2.213046
67.9400,2.027401
67.9600,2.357038
67.9800,2.196258
68.0000,2.109800
68.0200,2.678498
68.0400,3.526120
68.0600,2.757345
68.0800,2.317573
68.1000,2.076883
68.1200,2.087711
68.1400,2.409688
68.1600,2.352303
68.1800,3.399872
68.2000,3.600000
68.2200,3.600000
68.2400,2.812456
68.2600,2.466254
68.2800,2.251052
68.3000,2.146028
68.3200,2.435472
68.3400,3.600000
68.3600,3.600000
68.3800,2.990682
68.4000,2.852252
68.4200,3.600000
68.4400,3.600000
68.4600,3.589656
68.4800,2.669958
68.5000,3.460991
68.5200,3.600000
68.5400,3.600000
68.5600,3.330552
68.5800,3.523586
68.6000,3.044116
68.6200,3.600000
68.6400,3.077805
68.6600,2.877171
68.6800,3.600000
68.7000,3.600000
68.7200,2.963048
68.7400,2.319196
68.7600,1.883908
68.7800,1.774912
68.8000,1.922059
68.8200,1.860032
68.8400,1.618335
68.8600,1.758605
68.8800,1.563139
68.9000,1.596143
68.9200,1.439677
68.9400,1.542278
68.9600,1.662035
68.9800,1.639329
69.0000,1.639228
69.0200,1.864925
69.0400,2.235026
69.0600,2.377342
69.0800,2.209184
69.1000,2.438095
69.1200,2.744062
69.1400,2.709627
69.1600,2.695549
69.1800,2.690804
69.2000,2.687877
69.2200,3.250606
69.2400,3.231558
69.2600,2.641751
69.2800,2.578821
69.3000,2.452767
69.3200,2.262800
69.3400,2.274788
69.3600,2.417952
69.3800,2.397942
69.4000,2.476231
69.4200,3.370232
69.4400,3.240671
69.4600,3.600000
69.4800,3.600000
69.5000,3.600000
69.5200,2.835819
69.5400,2.356736
69.5600,2.127821
69.5800,2.242208
69.6000,2.381505
69.6200,2.283762
69.6400,2.849893
69.6600,3.600000
69.6800,3.600000
69.7000,3.215490
69.7200,3.600000
69.7400,3.310185
69.7600,2.938757
69.7800,2.545240
69.8000,2.168987
69.8200,2.158347
69.8400,2.442166
69.8600,2.795279
69.8800,3.600000
69.9000,3.125430
69.9200,2.477639
69.9400,2.442844
69.9600,2.186185
69.9800,2.400447
70.0000,2.426276
70.0200,2.189982
70.0400,2.379772
70.0600,2.955736
70.0800,2.821428
70.1000,2.617130
70.1200,2.230810
70.1400,2.173177
70.1600,2.094239
70.1800,2.047234
70.2000,1.891813
70.2200,1.833766
70.2400,2.016202
70.2600,1.902700
70.2800,1.663080
70.3000,1.714168
70.3200,1.927309
70.3400,1.933346
70.3600,1.818545
70.3800,1.843218
70.4000,1.956040
70.4200,1.927578
70.4400,1.876599
70.4600,1.970822
70.4800,1.919124
70.5000,1.691853
70.5200,1.559549
70.5400,1.671496
70.5600,0.298277
70.5800,0.349286
70.6000,0.370454
70.6200,0.398975
70.6400,0.367295
70.6600,0.298007
70.6800,0.286044
70.7000,0.220285
70.7200,0.212151
70.7400,0.185866
70.7600,0.214326
70.7800,0.231140
70.8000,0.264514
70.8200,0.265825
70.8400,0.251571
70.8600,0.297950
70.8800,0.300175
70.9000,0.238683
70.9200,0.277992
70.9400,0.265420
70.9600,0.281427
70.9800,0.351672
71.0000,0.280125
71.0200,0.442949
71.0400,0.664585
71.0600,0.824362
71.0800,0.909037
71.1000,1.076342
71.1200,1.248677
71.1400,1.265157
71.1600,1.312822
71.1800,1.402953
71.2000,1.303300
71.2200,1.481405
71.2400,1.878731
71.2600,1.768939
71.2800,1.795538
71.3000,1.891114
71.3200,1.936246
71.3400,1.724672
71.3600,1.540256
71.3800,1.355815
71.4000,1.478131
71.4200,1.623501
71.4400,1.806595
71.4600,1.911733
71.4800,1.703410
71.5000,1.625751
71.5200,1.692836
71.5400,1.697165
71.5600,1.630712
71.5800,1.646140
71.6000,1.659845
71.6200,1.825228
71.6400,1.804828
71.6600,1.865473
71.6800,2.162821
71.7000,2.999084
71.7200,3.185849
71.7400,2.449100
71.7600,2.126992
71.7800,2.295722
71.8000,3.184280
71.8200,2.607737
71.8400,2.213046
71.8600,2.027401
71.8800,2.357038
71.9000,2.196258
71.9200,2.109800
71.9400,2.678498
71.9600,3.526120
71.9800,2.757345
72.0000,2.317573
72.0200,2.076883
72.0400,2.087711
72.0600,2.409688
72.0800,2.352303
72.1000,3.399872
72.1200,3.600000
72.1400,3.600000
72.1600,2.812456
72.1800,2.466254
72.2000,2.251052
72.2200,2.146028
72.2400,2.435472
72.2600,3.600000
72.2800,3.600000
72.3000,2.990682
72.3200,2.852252
72.3400,3.600000
72.3600,3.600000
72.3800,3.589656
72.4000,2.669958
72.4200,3.460991
72.4400,3.600000
72.4600,3.600000
72.4800,3.330552
72.5000,3.523586
72.5200,3.044116
72.5400,3.600000
72.5600,3.077805
72.5800,2.877171
72.6000,3.600000
72.6200,3.600000
72.6400,2.963048
72.6600,2.319196
72.6800,1.883908
72.7000,1.774912
72.7200,1.922059
72.7400,1.860032
72.7600,1.618335
72.7800,1.758605
72.8000,1.563139
72.8200,1.596143
72.8400,1.439677
72.8600,1.542278
72.8800,1.662035
72.9000,1.639329
72.9200,1.639228
72.9400,1.864925
72.9600,2.235026
72.9800,2.377342
73.0000,2.209184
73.0200,2.438095
73.0400,2.744062
73.0600,2.709627
73.0800,2.695549
73.1000,2.690804
73.1200,2.687877
73.1400,3.250606
73.1600,3.231558
73.1800,2.641751
73.2000,2.578821
73.2200,2.452767
73.2400,2.262800
73.2600,2.274788
73.2800,2.417952
73.3000,2.397942
73.3200,2.476231
73.3400,3.370232
73.3600,3.240671
73.3800,3.600000
73.4000,3.600000
73.4200,3.600000
73.4400,2.835819
73.4600,2.356736
73.4800,2.127821
73.5000,2.242208
73.5200,2.381505
73.5400,2.283762
73.5600,2.849893
73.5800,3.600000
73.6000,3.600000
73.6200,3.215490
73.6400,3.600000
73.6600,3.310185
73.6800,2.938757
73.7000,2.545240
73.7200,2.168987
73.7400,2.158347
73.7600,2.442166
73.7800,2.795279
73.8000,3.600000
73.8200,3.125430
73.8400,2.477639
73.8600,2.442844
73.8800,2.186185
73.9000,2.400447
73.9200,2.426276
73.9400,2.189982
73.9600,2.379772
73.9800,2.955736
74.0000,2.821428
74.0200,2.617130
74.0400,2.230810
74.0600,2.173177
74.0800,2.094239
74.1000,2.047234
74.1200,1.891813
74.1400,1.833766
74.1600,2.016202
74.1800,1.902700
74.2000,1.663080
74.2200,1.714168
74.2400,1.927309
74.2600,1.933346
74.2800,1.818545
74.3000,1.843218
74.3200,1.956040
74.3400,1.927578
74.3600,1.876599
74.3800,1.970822
74.4000,1.919124
74.4200,1.691853
74.4400,1.559549
74.4600,1.671496
74.4800,0.298277
74.5000,0.349286
74.5200,0.370454
74.5400,0.398975
74.5600,0.367295
74.5800,0.298007
74.6000,0.286044
74.6200,0.220285
74.6400,0.212151
74.6600,0.185866
74.6800,0.214326
74.7000,0.231140
74.7200,0.264514
74.7400,0.265825
74.7600,0.251571
74.7800,0.297950
74.8000,0.300175
74.8200,0.238683
74.8400,0.277992
74.8600,0.265420
74.8800,0.281427
74.9000,0.351672
74.9200,0.280125
74.9400,0.442949
74.9600,0.664585
74.9800,0.824362
75.0000,0.909037
75.0200,1.076342
75.0400,1.248677
75.0600,1.265157
75.0800,1.312822
75.1000,1.402953
75.1200,1.303300
75.1400,1.481405
75.1600,1.878731
75.1800,1.768939
75.2000,1.795538
75.2200,1.891114
75.2400,1.936246
75.2600,1.724672
75.2800,1.540256
75.3000,1.355815
75.3200,1.478131
75.3400,1.623501
75.3600,1.806595
75.3800,1.911733
75.4000,1.703410
75.4200,1.625751
75.4400,1.692836
75.4600,1.697165
75.4800,1.630712
75.5000,1.646140
75.5200,1.659845
75.5400,1.825228
75.5600,1.804828
75.5800,1.865473
75.6000,2.162821
75.6200,2.999084
75.6400,3.185849
75.6600,2.449100
75.6800,2.126992
75.7000,2.295722
75.7200,3.184280
75.7400,2.607737
75.7600,2.213046
75.7800,2.027401
75.8000,2.357038
75.8200,2.196258
75.8400,2.109800
75.8600,2.678498
75.8800,3.526120
75.9000,2.757345
75.9200,2.317573
75.9400,2.076883
75.9600,2.087711
75.9800,2.409688
76.0000,2.352303
76.0200,3.399872
76.0400,3.600000
76.0600,3.600000
76.0800,2.812456
76.1000,2.466254
76.1200,2.251052
76.1400,2.146028
76.1600,2.435472
76.1800,3.600000
76.2000,3.600000
76.2200,2.990682
76.2400,2.852252
76.2600,3.600000
76.2800,3.600000
76.3000,3.589656
76.3200,2.669958
76.3400,3.460991
76.3600,3.600000
76.3800,3.600000
76.4000,3.330552
76.4200,3.523586
76.4400,3.044116
76.4600,3.600000
76.4800,3.077805
76.5000,2.877171
76.5200,3.600000
76.5400,3.600000
76.5600,2.963048
76.5800,2.319196
76.6000,1.883908
76.6200,1.774912
76.6400,1.922059
76.6600,1.860032
76.6800,1.618335
76.7000,1.758605
76.7200,1.563139
76.7400,1.596143
76.7600,1.439677
76.7800,1.542278
76.8000,1.662035
76.8200,1.639329
76.8400,1.639228
76.8600,1.864925
76.8800,2.235026
76.9000,2.377342
76.9200,2.209184
76.9400,2.438095
76.9600,2.744062
76.9800,2.709627
77.0000,2.695549
77.0200,2.690804
77.0400,2.687877
77.0600,3.250606
77.0800,3.231558
77.1000,2.641751
77.1200,2.578821
77.1400,2.452767
77.1600,2.262800
77.1800,2.274788
77.2000,2.417952
77.2200,2.397942
77.2400,2.476231
77.2600,3.370232
77.2800,3.240671
77.3000,3.600000
77.3200,3.600000
77.3400,3.600000
77.3600,2.835819
77.3800,2.356736
77.4000,2.127821
77.4200,2.242208
77.4400,2.381505
77.4600,2.283762
77.4800,2.849893
77.5000,3.600000
77.5200,3.600000
77.5400,3.215490
77.5600,3.600000
77.5800,3.310185
77.6000,2.938757
77.6200,2.545240
77.6400,2.168987
77.6600,2.158347
77.6800,2.442166
77.7000,2.795279
77.7200,3.600000
77.7400,3.125430
77.7600,2.477639
77.7800,2.442844
77.8000,2.186185
77.8200,2.400447
77.8400,2.426276
77.8600,2.189982
77.8800,2.379772
77.9000,2.955736
77.9200,2.821428
77.9400,2.617130
77.9600,2.230810
77.9800,2.173177
78.0000,2.094239
78.0200,2.047234
78.0400,1.891813
78.0600,1.833766
78.0800,2.016202
78.1000,1.902700
78.1200,1.663080
78.1400,1.714168
78.1600,1.927309
78.1800,1.933346
78.2000,1.818545
78.2200,1.843218
78.2400,1.956040
78.2600,1.927578
78.2800,1.876599
78.3000,1.970822
78.3200,1.919124
78.3400,1.691853
78.3600,1.559549
78.3800,1.671496
78.4000,0.298277
78.4200,0.349286
78.4400,0.370454
78.4600,0.398975
78.4800,0.367295
78.5000,0.298007
78.5200,0.286044
78.5400,0.220285
78.5600,0.212151
78.5800,0.185866
78.6000,0.214326
78.6200,0.231140
78.6400,0.264514
78.6600,0.265825
78.6800,0.251571
78.7000,0.297950
78.7200,0.300175
78.7400,0.238683
78.7600,0.277992
78.7800,0.265420
78.8000,0.281427
78.8200,0.351672
78.8400,0.280125
78.8600,0.442949
78.8800,0.664585
78.9000,0.824362
78.9200,0.909037
78.9400,1.076342
78.9600,1.248677
78.9800,1.265157
79.0000,1.312822
79.0200,1.402953
79.0400,1.303300
79.0600,1.481405
79.0800,1.878731
79.1000,1.768939
79.1200,1.795538
79.1400,1.891114
79.1600,1.936246
79.1800,1.724672
79.2000,1.540256
79.2200,1.355815
79.2400,1.478131
79.2600,1.623501
79.2800,1.806595
79.3000,1.911733
79.3200,1.703410
79.3400,1.625751
79.3600,1.692836
79.3800,1.697165
79.4000,1.630712
79.4200,1.646140
79.4400,1.659845
79.4600,1.825228
79.4800,1.804828
79.5000,1.865473
79.5200,2.162821
79.5400,2.999084
79.5600,3.185849
79.5800,2.449100
79.6000,2.126992
79.6200,2.295722
79.6400,3.184280
79.6600,2.607737
79.6800,2.213046
79.7000,2.027401
79.7200,2.357038
79.7400,2.196258
79.7600,2.109800
79.7800,2.678498
79.8000,3.526120
79.8200,2.757345
79.8400,2.317573
79.8600,2.076883
79.8800,2.087711
79.9000,2.409688
79.9200,2.352303
79.9400,3.399872
79.9600,3.600000
79.9800,3.600000
80.0000,2.812456
80.0200,2.466254
80.0400,2.251052
80.0600,2.146028
80.0800,2.435472
80.1000,3.600000
80.1200,3.600000
80.1400,2.990682
80.1600,2.852252
80.1800,3.600000
80.2000,3.600000
80.2200,3.589656
80.2400,2.669958
80.2600,3.460991
80.2800,3.600000
80.3000,3.600000
80.3200,3.330552
80.3400,3.523586
80.3600,3.044116
80.3800,3.600000
80.4000,3.077805
80.4200,2.877171
80.4400,3.600000
80.4600,3.600000
80.4800,2.963048
80.5000,2.319196
80.5200,1.883908
80.5400,1.774912
80.5600,1.922059
80.5800,1.860032
80.6000,1.618335
80.6200,1.758605
80.6400,1.563139
80.6600,1.596143
80.6800,1.439677
80.7000,1.542278
80.7200,1.662035
80.7400,1.639329
80.7600,1.639228
80.7800,1.864925
80.8000,2.235026
80.8200,2.377342
80.8400,2.209184
80.8600,2.438095
80.8800,2.744062
80.9000,2.709627
80.9200,2.695549
80.9400,2.690804
80.9600,2.687877
80.9800,3.250606
81.0000,3.231558
81.0200,2.641751
81.0400,2.578821
81.0600,2.452767
81.0800,2.262800
81.1000,2.274788
81.1200,2.417952
81.1400,2.397942
81.1600,2.476231
81.1800,3.370232
81.2000,3.240671
81.2200,3.600000
81.2400,3.600000
81.2600,3.600000
81.2800,2.835819
81.3000,2.356736
81.3200,2.127821
81.3400,2.242208
81.3600,2.381505
81.3800,2.283762
81.4000,2.849893
81.4200,3.600000
81.4400,3.600000
81.4600,3.215490
81.4800,3.600000
81.5000,3.310185
81.5200,2.938757
81.5400,2.545240
81.5600,2.168987
81.5800,2.158347
81.6000,2.442166
81.6200,2.795279
81.6400,3.600000
81.6600,3.125430
81.6800,2.477639
81.7000,2.442844
81.7200,2.186185
81.7400,2.400447
81.7600,2.426276
81.7800,2.189982
81.8000,2.379772
81.8200,2.955736
81.8400,2.821428
81.8600,2.617130
81.8800,2.230810
81.9000,2.173177
81.9200,2.094239
81.9400,2.047234
81.9600,1.891813
81.9800,1.833766
82.0000,2.016202
82.0200,1.902700
82.0400,1.663080
82.0600,1.714168
82.0800,1.927309
82.1000,1.933346
82.1200,1.818545
82.1400,1.843218
82.1600,1.956040
82.1800,1.927578
82.2000,1.876599
82.2200,1.970822
82.2400,1.919124
82.2600,1.691853
82.2800,1.559549
82.3000,1.671496
82.3200,0.298277
82.3400,0.349286
82.3600,0.370454
82.3800,0.398975
82.4000,0.367295
82.4200,0.298007
82.4400,0.286044
82.4600,0.220285
82.4800,0.212151
82.5000,0.185866
82.5200,0.214326
82.5400,0.231140
82.5600,0.264514
82.5800,0.265825
82.6000,0.251571
82.6200,0.297950
82.6400,0.300175
82.6600,0.238683
82.6800,0.277992
82.7000,0.265420
82.7200,0.281427
82.7400,0.351672
82.7600,0.280125
82.7800,0.442949
82.8000,0.664585
82.8200,0.824362
82.8400,0.909037
82.8600,1.076342
82.8800,1.248677
82.9000,1.265157
82.9200,1.312822
82.9400,1.402953
82.9600,1.303300
82.9800,1.481405
83.0000,1.878731
83.0200,1.768939
83.0400,1.795538
83.0600,1.891114
83.0800,1.936246
83.1000,1.724672
83.1200,1.540256
83.1400,1.355815
83.1600,1.478131
83.1800,1.623501
83.2000,1.806595
83.2200,1.911733
83.2400,1.703410
83.2600,1.625751
83.2800,1.692836
83.3000,1.697165
83.3200,1.630712
83.3400,1.646140
83.3600,1.659845
83.3800,1.825228
83.4000,1.804828
83.4200,1.865473
83.4400,2.162821
83.4600,2.999084
83.4800,3.185849
83.5000,2.449100
83.5200,2.126992
83.5400,2.295722
83.5600,3.184280
83.5800,2.607737
83.6000,2.213046
83.6200,2.027401
83.6400,2.357038
83.6600,2.196258
83.6800,2.109800
83.7000,2.678498
83.7200,3.526120
83.7400,2.757345
83.7600,2.317573
83.7800,2.076883
83.8000,2.087711
83.8200,2.409688
83.8400,2.352303
83.8600,3.399872
83.8800,3.600000
83.9000,3.600000
83.9200,2.812456
83.9400,2.466254
83.9600,2.251052
83.9800,2.146028
84.0000,2.435472
84.0200,3.600000
84.0400,3.600000
84.0600,2.990682
84.0800,2.852252
84.1000,3.600000
84.1200,3.600000
84.1400,3.589656
84.1600,2.669958
84.1800,3.460991
84.2000,3.600000
84.2200,3.600000
84.2400,3.330552
84.2600,3.523586
84.2800,3.044116
84.3000,3.600000
84.3200,3.077805
84.3400,2.877171
84.3600,3.600000
84.3800,3.600000
84.4000,2.963048
84.4200,2.319196
84.4400,1.883908
84.4600,1.774912
84.4800,1.922059
84.5000,1.860032
84.5200,1.618335
84.5400,1.758605
84.5600,1.563139
84.5800,1.596143
84.6000,1.439677
84.6200,1.542278
84.6400,1.662035
84.6600,1.639329
84.6800,1.639228
84.7000,1.864925
84.7200,2.235026
84.7400,2.377342
84.7600,2.209184
84.7800,2.438095
84.8000,2.744062
84.8200,2.709627
84.8400,2.695549
84.8600,2.690804
84.8800,2.687877
84.9000,3.250606
84.9200,3.231558
84.9400,2.641751
84.9600,2.578821
84.9800,2.452767
85.0000,2.262800
85.0200,2.274788
85.0400,2.417952
85.0600,2.397942
85.0800,2.476231
85.1000,3.370232
85.1200,3.240671
85.1400,3.600000
85.1600,3.600000
85.1800,3.600000
85.2000,2.835819
85.2200,2.356736
85.2400,2.127821
85.2600,2.242208
85.2800,2.381505
85.3000,2.283762
85.3200,2.849893
85.3400,3.600000
85.3600,3.600000
85.3800,3.215490
85.4000,3.600000
85.4200,3.310185
85.4400,2.938757
85.4600,2.545240
85.4800,2.168987
85.5000,2.158347
85.5200,2.442166
85.5400,2.795279
85.5600,3.600000
85.5800,3.125430
85.6000,2.477639
85.6200,2.442844
85.6400,2.186185
85.6600,2.400447
85.6800,2.426276
85.7000,2.189982
85.7200,2.379772
85.7400,2.955736
85.7600,2.821428
85.7800,2.617130
85.8000,2.230810
85.8200,2.173177
85.8400,2.094239
85.8600,2.047234
85.8800,1.891813
85.9000,1.833766
85.9200,2.016202
85.9400,1.902700
85.9600,1.663080
85.9800,1.714168
86.0000,1.927309
86.0200,1.933346
86.0400,1.818545
86.0600,1.843218
86.0800,1.956040
86.1000,1.927578
86.1200,1.876599
86.1400,1.970822
86.1600,1.919124
86.1800,1.691853
86.2000,1.559549
86.2200,1.671496
86.2400,0.298277
86.2600,0.349286
86.2800,0.370454
86.3000,0.398975
86.3200,0.367295
86.3400,0.298007
86.3600,0.286044
86.3800,0.220285
86.4000,0.212151
86.4200,0.185866
86.4400,0.214326
86.4600,0.231140
86.4800,0.264514
86.5000,0.265825
86.5200,0.251571
86.5400,0.297950
86.5600,0.300175
86.5800,0.238683
86.6000,0.277992
86.6200,0.265420
86.6400,0.281427
86.6600,0.351672
86.6800,0.280125
86.7000,0.442949
86.7200,0.664585
86.7400,0.824362
86.7600,0.909037
86.7800,1.076342
86.8000,1.248677
86.8200,1.265157
86.8400,1.312822
86.8600,1.402953
86.8800,1.303300
86.9000,1.481405
86.9200,1.878731
86.9400,1.768939
86.9600,1.795538
86.9800,1.891114
87.0000,1.936246
87.0200,1.724672
87.0400,1.540256
87.0600,1.355815
87.0800,1.478131
87.1000,1.623501
87.1200,1.806595
87.1400,1.911733
87.1600,1.703410
87.1800,1.625751
87.2000,1.692836
87.2200,1.697165
87.2400,1.630712
87.2600,1.646140
87.2800,1.659845
87.3000,1.825228
87.3200,1.804828
87.3400,1.865473
87.3600,2.162821
87.3800,2.999084
87.4000,3.185849
87.4200,2.449100
87.4400,2.126992
87.4600,2.295722
87.4800,3.184280
87.5000,2.607737
87.5200,2.213046
87.5400,2.027401
87.5600,2.357038
87.5800,2.196258
87.6000,2.109800
87.6200,2.678498
87.6400,3.526120
87.6600,2.757345
87.6800,2.317573
87.7000,2.076883
87.7200,2.087711
87.7400,2.409688
87.7600,2.352303
87.7800,3.399872
87.8000,3.600000
87.8200,3.600000
87.8400,2.812456
87.8600,2.466254
87.8800,2.251052
87.9000,2.146028
87.9200,2.435472
87.9400,3.600000
87.9600,3.600000
87.9800,2.990682
88.0000,2.852252
88.0200,3.600000
88.0400,3.600000
88.0600,3.589656
88.0800,2.669958
88.1000,3.460991
88.1200,3.600000
88.1400,3.600000
88.1600,3.330552
88.1800,3.523586
88.2000,3.044116
88.2200,3.600000
88.2400,3.077805
88.2600,2.877171
88.2800,3.600000
88.3000,3.600000
88.3200,2.963048
88.3400,2.319196
88.3600,1.883908
88.3800,1.774912
88.4000,1.922059
88.4200,1.860032
88.4400,1.618335
88.4600,1.758605
88.4800,1.563139
88.5000,1.596143
88.5200,1.439677
88.5400,1.542278
88.5600,1.662035
88.5800,1.639329
88.6000,1.639228
88.6200,1.864925
88.6400,2.235026
88.6600,2.377342
88.6800,2.209184
88.7000,2.438095
88.7200,2.744062
88.7400,2.709627
88.7600,2.695549
88.7800,2.690804
88.8000,2.687877
88.8200,3.250606
88.8400,3.231558
88.8600,2.641751
88.8800,2.578821
88.9000,2.452767
88.9200,2.262800
88.9400,2.274788
88.9600,2.417952
88.9800,2.397942
89.0000,2.476231
89.0200,3.370232
89.0400,3.240671
89.0600,3.600000
89.0800,3.600000
89.1000,3.600000
89.1200,2.835819
89.1400,2.356736
89.1600,2.127821
89.1800,2.242208
89.2000,2.381505
89.2200,2.283762
89.2400,2.849893
89.2600,3.600000
89.2800,3.600000
89.3000,3.215490
89.3200,3.600000
89.3400,3.310185
89.3600,2.938757
89.3800,2.545240
89.4000,2.168987
89.4200,2.158347
89.4400,2.442166
89.4600,2.795279
89.4800,3.600000
89.5000,3.125430
89.5200,2.477639
89.5400,2.442844
89.5600,2.186185
89.5800,2.400447
89.6000,2.426276
89.6200,2.189982
89.6400,2.379772
89.6600,2.955736
89.6800,2.821428
89.7000,2.617130
89.7200,2.230810
89.7400,2.173177
89.7600,2.094239
89.7800,2.047234
89.8000,1.891813
89.8200,1.833766
89.8400,2.016202
89.8600,1.902700
89.8800,1.663080
89.9000,1.714168
89.9200,1.927309
89.9400,1.933346
89.9600,1.818545
89.9800,1.843218
90.0000,1.956040
90.0200,1.927578
90.0400,1.876599
90.0600,1.970822
90.0800,1.919124
90.1000,1.691853
90.1200,1.559549
90.1400,1.671496
90.1600,0.298277
90.1800,0.349286
90.2000,0.370454
90.2200,0.398975
90.2400,0.367295
90.2600,0.298007
90.2800,0.286044
90.3000,0.220285
90.3200,0.212151
90.3400,0.185866
90.3600,0.214326
90.3800,0.231140
90.4000,0.264514
90.4200,0.265825
90.4400,0.251571
90.4600,0.297950
90.4800,0.300175
90.5000,0.238683
90.5200,0.277992
90.5400,0.265420
90.5600,0.281427
90.5800,0.351672
90.6000,0.280125
90.6200,0.442949
90.6400,0.664585
90.6600,0.824362
90.6800,0.909037
90.7000,1.076342
90.7200,1.248677
90.7400,1.265157
90.7600,1.312822
90.7800,1.402953
90.8000,1.303300
90.8200,1.481405
90.8400,1.878731
90.8600,1.768939
90.8800,1.795538
90.9000,1.891114
90.9200,1.936246
90.9400,1.724672
90.9600,1.540256
90.9800,1.355815
91.0000,1.478131
91.0200,1.623501
91.0400,1.806595
91.0600,1.911733
91.0800,1.703410
91.1000,1.625751
91.1200,1.692836
91.1400,1.697165
91.1600,1.630712
91.1800,1.646140
91.2000,1.659845
91.2200,1.825228
91.2400,1.804828
91.2600,1.865473
91.2800,2.162821
91.3000,2.999084
91.3200,3.185849
91.3400,2.449100
91.3600,2.126992
91.3800,2.295722
91.4000,3.184280
91.4200,2.607737
91.4400,2.213046
91.4600,2.027401
91.4800,2.357038
91.5000,2.196258
91.5200,2.109800
91.5400,2.678498
91.5600,3.526120
91.5800,2.757345
91.6000,2.317573
91.6200,2.076883
91.6400,2.087711
91.6600,2.409688
91.6800,2.352303
91.7000,3.399872
91.7200,3.600000
91.7400,3.600000
91.7600,2.812456
91.7800,2.466254
91.8000,2.251052
91.8200,2.146028
91.8400,2.435472
91.8600,3.600000
91.8800,3.600000
91.9000,2.990682
91.9200,2.852252
91.9400,3.600000
91.9600,3.600000
91.9800,3.589656
92.0000,2.669958
92.0200,3.460991
92.0400,3.600000
92.0600,3.600000
92.0800,3.330552
92.1000,3.523586
92.1200,3.044116
92.1400,3.600000
92.1600,3.077805
92.1800,2.877171
92.2000,3.600000
92.2200,3.600000
92.2400,2.963048
92.2600,2.319196
92.2800,1.883908
92.3000,1.774912
92.3200,1.922059
92.3400,1.860032
92.3600,1.618335
92.3800,1.758605
92.4000,1.563139
92.4200,1.596143
92.4400,1.439677
92.4600,1.542278
92.4800,1.662035
92.5000,1.639329
92.5200,1.639228
92.5400,1.864925
92.5600,2.235026
92.5800,2.377342
92.6000,2.209184
92.6200,2.438095
92.6400,2.744062
92.6600,2.709627
92.6800,2.695549
92.7000,2.690804
92.7200,2.687877
92.7400,3.250606
92.7600,3.231558
92.7800,2.641751
92.8000,2.578821
92.8200,2.452767
92.8400,2.262800
92.8600,2.274788
92.8800,2.417952
92.9000,2.397942
92.9200,2.476231
92.9400,3.370232
92.9600,3.240671
92.9800,3.600000
93.0000,3.600000
93.0200,3.600000
93.0400,2.835819
93.0600,2.356736
93.0800,2.127821
93.1000,2.242208
93.1200,2.381505
93.1400,2.283762
93.1600,2.849893
93.1800,3.600000
93.2000,3.600000
93.2200,3.215490
93.2400,3.600000
93.2600,3.310185
93.2800,2.938757
93.3000,2.545240
93.3200,2.168987
93.3400,2.158347
93.3600,2.442166
93.3800,2.795279
93.4000,3.600000
93.4200,3.125430
93.4400,2.477639
93.4600,2.442844
93.4800,2.186185
93.5000,2.400447
93.5200,2.426276
93.5400,2.189982
93.5600,2.379772
93.5800,2.955736
93.6000,2.821428
93.6200,2.617130
93.6400,2.230810
93.6600,2.173177
93.6800,2.094239
93.7000,2.047234
93.7200,1.891813
93.7400,1.833766
93.7600,2.016202
93.7800,1.902700
93.8000,1.663080
93.8200,1.714168
93.8400,1.927309
93.8600,1.933346
93.8800,1.818545
93.9000,1.843218
93.9200,1.956040
93.9400,1.927578
93.9600,1.876599
93.9800,1.970822
94.0000,1.919124
94.0200,1.691853
94.0400,1.559549
94.0600,1.671496
94.0800,0.298277
94.1000,0.349286
94.1200,0.370454
94.1400,0.398975
94.1600,0.367295
94.1800,0.298007
94.2000,0.286044
94.2200,0.220285
94.2400,0.212151
94.2600,0.185866
94.2800,0.214326
94.3000,0.231140
94.3200,0.264514
94.3400,0.265825
94.3600,0.251571
94.3800,0.297950
94.4000,0.300175
94.4200,0.238683
94.4400,0.277992
94.4600,0.265420
94.4800,0.281427
94.5000,0.351672
94.5200,0.280125
94.5400,0.442949
94.5600,0.664585
94.5800,0.824362
94.6000,0.909037
94.6200,1.076342
94.6400,1.248677
94.6600,1.265157
94.6800,1.312822
94.7000,1.402953
94.7200,1.303300
94.7400,1.481405
94.7600,1.878731
94.7800,1.768939
94.8000,1.795538
94.8200,1.891114
94.8400,1.936246
94.8600,1.724672
94.8800,1.540256
94.9000,1.355815
94.9200,1.478131
94.9400,1.623501
94.9600,1.806595
94.9800,1.911733
95.0000,1.703410
95.0200,1.625751
95.0400,1.692836
95.0600,1.697165
95.0800,1.630712
95.1000,1.646140
95.1200,1.659845
95.1400,1.825228
95.1600,1.804828
95.1800,1.865473
95.2000,2.162821
95.2200,2.999084
95.2400,3.185849
95.2600,2.449100
95.2800,2.126992
95.3000,2.295722
95.3200,3.184280
95.3400,2.607737
95.3600,2.213046
95.3800,2.027401
95.4000,2.357038
95.4200,2.196258
95.4400,2.109800
95.4600,2.678498
95.4800,3.526120
95.5000,2.757345
95.5200,2.317573
95.5400,2.076883
95.5600,2.087711
95.5800,2.409688
95.6000,2.352303
95.6200,3.399872
95.6400,3.600000
95.6600,3.600000
95.6800,2.812456
95.7000,2.466254
95.7200,2.251052
95.7400,2.146028
95.7600,2.435472
95.7800,3.600000
95.8000,3.600000
95.8200,2.990682
95.8400,2.852252
95.8600,3.600000
95.8800,3.600000
95.9000,3.589656
95.9200,2.669958
95.9400,3.460991
95.9600,3.600000
95.9800,3.600000
96.0000,3.330552
96.0200,3.523586
96.0400,3.044116
96.0600,3.600000
96.0800,3.077805
96.1000,2.877171
96.1200,3.600000
96.1400,3.600000
96.1600,2.963048
96.1800,2.319196
96.2000,1.883908
96.2200,1.774912
96.2400,1.922059
96.2600,1.860032
96.2800,1.618335
96.3000,1.758605
96.3200,1.563139
96.3400,1.596143
96.3600,1.439677
96.3800,1.542278
96.4000,1.662035
96.4200,1.639329
96.4400,1.639228
96.4600,1.864925
96.4800,2.235026
96.5000,2.377342
96.5200,2.209184
96.5400,2.438095
96.5600,2.744062
96.5800,2.709627
96.6000,2.695549
96.6200,2.690804
96.6400,2.687877
96.6600,3.250606
96.6800,3.231558
96.7000,2.641751
96.7200,2.578821
96.7400,2.452767
96.7600,2.262800
96.7800,2.274788
96.8000,2.417952
96.8200,2.397942
96.8400,2.476231
96.8600,3.370232
96.8800,3.240671
96.9000,3.600000
96.9200,3.600000
96.9400,3.600000
96.9600,2.835819
96.9800,2.356736
97.0000,2.127821
97.0200,2.242208
97.0400,2.381505
97.0600,2.283762
97.0800,2.849893
97.1000,3.600000
97.1200,3.600000
97.1400,3.215490
97.1600,3.600000
97.1800,3.310185
97.2000,2.938757
97.2200,2.545240
97.2400,2.168987
97.2600,2.158347
97.2800,2.442166
97.3000,2.795279
97.3200,3.600000
97.3400,3.125430
97.3600,2.477639
97.3800,2.442844
97.4000,2.186185
97.4200,2.400447
97.4400,2.426276
97.4600,2.189982
97.4800,2.379772
97.5000,2.955736
97.5200,2.821428
97.5400,2.617130
97.5600,2.230810
97.5800,2.173177
97.6000,2.094239
97.6200,2.047234
97.6400,1.891813
97.6600,1.833766
97.6800,2.016202
97.7000,1.902700
97.7200,1.663080
97.7400,1.714168
97.7600,1.927309
97.7800,1.933346
97.8000,1.818545
97.8200,1.843218
97.8400,1.956040
97.8600,1.927578
97.8800,1.876599
97.9000,1.970822
97.9200,1.919124
97.9400,1.691853
97.9600,1.559549
97.9800,1.671496
98.0000,0.298277
98.0200,0.349286
98.0400,0.370454
98.0600,0.398975
98.0800,0.367295
98.1000,0.298007
98.1200,0.286044
98.1400,0.220285
98.1600,0.212151
98.1800,0.185866
98.2000,0.214326
98.2200,0.231140
98.2400,0.264514
98.2600,0.265825
98.2800,0.251571
98.3000,0.297950
98.3200,0.300175
98.3400,0.238683
98.3600,0.277992
98.3800,0.265420
98.4000,0.281427
98.4200,0.351672
98.4400,0.280125
98.4600,0.442949
98.4800,0.664585
98.5000,0.824362
98.5200,0.909037
98.5400,1.076342
98.5600,1.248677
98.5800,1.265157
98.6000,1.312822
98.6200,1.402953
98.6400,1.303300
98.6600,1.481405
98.6800,1.878731
98.7000,1.768939
98.7200,1.795538
98.7400,1.891114
98.7600,1.936246
98.7800,1.724672
98.8000,1.540256
98.8200,1.355815
98.8400,1.478131
98.8600,1.623501
98.8800,1.806595
98.9000,1.911733
98.9200,1.703410
98.9400,1.625751
98.9600,1.692836
98.9800,1.697165
99.0000,1.630712
99.0200,1.646140
99.0400,1.659845
99.0600,1.825228
99.0800,1.804828
99.1000,1.865473
99.1200,2.162821
99.1400,2.999084
99.1600,3.185849
99.1800,2.449100
99.2000,2.126992
99.2200,2.295722
99.2400,3.184280
99.2600,2.607737
99.2800,2.213046
99.3000,2.027401
99.3200,2.357038
99.3400,2.196258
99.3600,2.109800
99.3800,2.678498
99.4000,3.526120
99.4200,2.757345
99.4400,2.317573
99.4600,2.076883
99.4800,2.087711
99.5000,2.409688
99.5200,2.352303
99.5400,3.399872
99.5600,3.600000
99.5800,3.600000
99.6000,2.812456
99.6200,2.466254
99.6400,2.251052
99.6600,2.146028
99.6800,2.435472
99.7000,3.600000
99.7200,3.600000
99.7400,2.990682
99.7600,2.852252
99.7800,3.600000
99.8000,3.600000
99.8200,3.589656
99.8400,2.669958
99.8600,3.460991
99.8800,3.600000
99.9000,3.600000
99.9200,3.330552
99.9400,3.523586
99.9600,3.044116
99.9800,3.600000
100.0000,3.077805
100.0200,2.877171
100.0400,3.600000
100.0600,3.600000
100.0800,2.963048
100.1000,2.319196
100.1200,1.883908
100.1400,1.774912
100.1600,1.922059
100.1800,1.860032
100.2000,1.618335
100.2200,1.758605
100.2400,1.563139
100.2600,1.596143
100.2800,1.439677
100.3000,1.542278
100.3200,1.662035
100.3400,1.639329
100.3600,1.639228
100.3800,1.864925
100.4000,2.235026
100.4200,2.377342
100.4400,2.209184
100.4600,2.438095
100.4800,2.744062
100.5000,2.709627
100.5200,2.695549
100.5400,2.690804
100.5600,2.687877
100.5800,3.250606
100.6000,3.231558
100.6200,2.641751
100.6400,2.578821
100.6600,2.452767
100.6800,2.262800
100.7000,2.274788
100.7200,2.417952
100.7400,2.397942
100.7600,2.476231
100.7800,3.370232
100.8000,3.240671
100.8200,3.600000
100.8400,3.600000
100.8600,3.600000
100.8800,2.835819
100.9000,2.356736
100.9200,2.127821
100.9400,2.242208
100.9600,2.381505
100.9800,2.283762
101.0000,2.849893
101.0200,3.600000
101.0400,3.600000
101.0600,3.215490
101.0800,3.600000
101.1000,3.310185
101.1200,2.938757
101.1400,2.545240
101.1600,2.168987
101.1800,2.158347
101.2000,2.442166
101.2200,2.795279
101.2400,3.600000
101.2600,3.125430
101.2800,2.477639
101.3000,2.442844
101.3200,2.186185
101.3400,2.400447
101.3600,2.426276
101.3800,2.189982
101.4000,2.379772
101.4200,2.955736
101.4400,2.821428
101.4600,2.617130
101.4800,2.230810
101.5000,2.173177
101.5200,2.094239
101.5400,2.047234
101.5600,1.891813
101.5800,1.833766
101.6000,2.016202
101.6200,1.902700
101.6400,1.663080
101.6600,1.714168
101.6800,1.927309
101.7000,1.933346
101.7200,1.818545
101.7400,1.843218
101.7600,1.956040
101.7800,1.927578
101.8000,1.876599
101.8200,1.970822
101.8400,1.919124
101.8600,1.691853
101.8800,1.559549
101.9000,1.671496
101.9200,0.298277
101.9400,0.349286
101.9600,0.370454
101.9800,0.398975
102.0000,0.367295
102.0200,0.298007
102.0400,0.286044
102.0600,0.220285
102.0800,0.212151
102.1000,0.185866
102.1200,0.214326
102.1400,0.231140
102.1600,0.264514
102.1800,0.265825
102.2000,0.251571
102.2200,0.297950
102.2400,0.300175
102.2600,0.238683
102.2800,0.277992
102.3000,0.265420
102.3200,0.281427
102.3400,0.351672
102.3600,0.280125
102.3800,0.442949
102.4000,0.664585
102.4200,0.824362
102.4400,0.909037
102.4600,1.076342
102.4800,1.248677
102.5000,1.265157
102.5200,1.312822
102.5400,1.402953
102.5600,1.303300
102.5800,1.481405
102.6000,1.878731
102.6200,1.768939
102.6400,1.795538
102.6600,1.891114
102.6800,1.936246
102.7000,1.724672
102.7200,1.540256
102.7400,1.355815
102.7600,1.478131
102.7800,1.623501
102.8000,1.806595
102.8200,1.911733
102.8400,1.703410
102.8600,1.625751
102.8800,1.692836
102.9000,1.697165
102.9200,1.630712
102.9400,1.646140
102.9600,1.659845
102.9800,1.825228
103.0000,1.804828
103.0200,1.865473
103.0400,2.162821
103.0600,2.999084
103.0800,3.185849
103.1000,2.449100
103.1200,2.126992
103.1400,2.295722
103.1600,3.184280
103.1800,2.607737
103.2000,2.213046
103.2200,2.027401
103.2400,2.357038
103.2600,2.196258
103.2800,2.109800
103.3000,2.678498
103.3200,3.526120
103.3400,2.757345
103.3600,2.317573
103.3800,2.076883
103.4000,2.087711
103.4200,2.409688
103.4400,2.352303
103.4600,3.399872
103.4800,3.600000
103.5000,3.600000
103.5200,2.812456
103.5400,2.466254
103.5600,2.251052
103.5800,2.146028
103.6000,2.435472
103.6200,3.600000
103.6400,3.600000
103.6600,2.990682
103.6800,2.852252
103.7000,3.600000
103.7200,3.600000
103.7400,3.589656
103.7600,2.669958
103.7800,3.460991
103.8000,3.600000
103.8200,3.600000
103.8400,3.330552
103.8600,3.523586
103.8800,3.044116
103.9000,3.600000
103.9200,3.077805
103.9400,2.877171
103.9600,3.600000
103.9800,3.600000
104.0000,2.963048
104.0200,2.319196
104.0400,1.883908
104.0600,1.774912
104.0800,1.922059
104.1000,1.860032
104.1200,1.618335
104.1400,1.758605
104.1600,1.563139
104.1800,1.596143
104.2000,1.439677
104.2200,1.542278
104.2400,1.662035
104.2600,1.639329
104.2800,1.639228
104.3000,1.864925
104.3200,2.235026
104.3400,2.377342
104.3600,2.209184
104.3800,2.438095
104.4000,2.744062
104.4200,2.709627
104.4400,2.695549
104.4600,2.690804
104.4800,2.687877
104.5000,3.250606
104.5200,3.231558
104.5400,2.641751
104.5600,2.578821
104.5800,2.452767
104.6000,2.262800
104.6200,2.274788
104.6400,2.417952
104.6600,2.397942
104.6800,2.476231
104.7000,3.370232
104.7200,3.240671
104.7400,3.600000
104.7600,3.600000
104.7800,3.600000
104.8000,2.835819
104.8200,2.356736
104.8400,2.127821
104.8600,2.242208
104.8800,2.381505
104.9000,2.283762
104.9200,2.849893
104.9400,3.600000
104.9600,3.600000
104.9800,3.215490
105.0000,3.600000
105.0200,3.310185
105.0400,2.938757
105.0600,2.545240
105.0800,2.168987
105.1000,2.158347
105.1200,2.442166
105.1400,2.795279
105.1600,3.600000
105.1800,3.125430
105.2000,2.477639
105.2200,2.442844
105.2400,2.186185
105.2600,2.400447
105.2800,2.426276
105.3000,2.189982
105.3200,2.379772
105.3400,2.955736
105.3600,2.821428
105.3800,2.617130
105.4000,2.230810
105.4200,2.173177
105.4400,2.094239
105.4600,2.047234
105.4800,1.891813
105.5000,1.833766
105.5200,2.016202
105.5400,1.902700
105.5600,1.663080
105.5800,1.714168
105.6000,1.927309
105.6200,1.933346
105.6400,1.818545
105.6600,1.843218
105.6800,1.956040
105.7000,1.927578
105.7200,1.876599
105.7400,1.970822
105.7600,1.919124
105.7800,1.691853
105.8000,1.559549
105.8200,1.671496
105.8400,0.298277
105.8600,0.349286
105.8800,0.370454
105.9000,0.398975
105.9200,0.367295
105.9400,0.298007
105.9600,0.286044
105.9800,0.220285
106.0000,0.212151
106.0200,0.185866
106.0400,0.214326
106.0600,0.231140
106.0800,0.264514
106.1000,0.265825
106.1200,0.251571
106.1400,0.297950
106.1600,0.300175
106.1800,0.238683
106.2000,0.277992
106.2200,0.265420
106.2400,0.281427
106.2600,0.351672
106.2800,0.280125
106.3000,0.442949
106.3200,0.664585
106.3400,0.824362
106.3600,0.909037
106.3800,1.076342
106.4000,1.248677
106.4200,1.265157
106.4400,1.312822
106.4600,1.402953
106.4800,1.303300
106.5000,1.481405
106.5200,1.878731
106.5400,1.768939
106.5600,1.795538
106.5800,1.891114
106.6000,1.936246
106.6200,1.724672
106.6400,1.540256
106.6600,1.355815
106.6800,1.478131
106.7000,1.623501
106.7200,1.806595
106.7400,1.911733
106.7600,1.703410
106.7800,1.625751
106.8000,1.692836
106.8200,1.697165
106.8400,1.630712
106.8600,1.646140
106.8800,1.659845
106.9000,1.825228
106.9200,1.804828
106.9400,1.865473
106.9600,2.162821
106.9800,2.999084
107.0000,3.185849
107.0200,2.449100
107.0400,2.126992
107.0600,2.295722
107.0800,3.184280
107.1000,2.607737
107.1200,2.213046
107.1400,2.027401
107.1600,2.357038
107.1800,2.196258
107.2000,2.109800
107.2200,2.678498
107.2400,3.526120
107.2600,2.757345
107.2800,2.317573
107.3000,2.076883
107.3200,2.087711
107.3400,2.409688
107.3600,2.352303
107.3800,3.399872
107.4000,3.600000
107.4200,3.600000
107.4400,2.812456
107.4600,2.466254
107.4800,2.251052
107.5000,2.146028
107.5200,2.435472
107.5400,3.600000
107.5600,3.600000
107.5800,2.990682
107.6000,2.852252
107.6200,3.600000
107.6400,3.600000
107.6600,3.589656
107.6800,2.669958
107.7000,3.460991
107.7200,3.600000
107.7400,3.600000
107.7600,3.330552
107.7800,3.523586
107.8000,3.044116
107.8200,3.600000
107.8400,3.077805
107.8600,2.877171
107.8800,3.600000
107.9000,3.600000
107.9200,2.963048
107.9400,2.319196
107.9600,1.883908
107.9800,1.774912
108.0000,1.922059
108.0200,1.860032
108.0400,1.618335
108.0600,1.758605
108.0800,1.563139
108.1000,1.596143
108.1200,1.439677
108.1400,1.542278
108.1600,1.662035
108.1800,1.639329
108.2000,1.639228
108.2200,1.864925
108.2400,2.235026
108.2600,2.377342
108.2800,2.209184
108.3000,2.438095
108.3200,2.744062
108.3400,2.709627
108.3600,2.695549
108.3800,2.690804
108.4000,2.687877
108.4200,3.250606
108.4400,3.231558
108.4600,2.641751
108.4800,2.578821
108.5000,2.452767
108.5200,2.262800
108.5400,2.274788
108.5600,2.417952
108.5800,2.397942
108.6000,2.476231
108.6200,3.370232
108.6400,3.240671
108.6600,3.600000
108.6800,3.600000
108.7000,3.600000
108.7200,2.835819
108.7400,2.356736
108.7600,2.127821
108.7800,2.242208
108.8000,2.381505
108.8200,2.283762
108.8400,2.849893
108.8600,3.600000
108.8800,3.600000
108.9000,3.215490
108.9200,3.600000
108.9400,3.310185
108.9600,2.938757
108.9800,2.545240
109.0000,2.168987
109.0200,2.158347
109.0400,2.442166
109.0600,2.795279
109.0800,3.600000
109.1000,3.125430
109.1200,2.477639
109.1400,2.442844
109.1600,2.186185
109.1800,2.400447
109.2000,2.426276
109.2200,2.189982
109.2400,2.379772
109.2600,2.955736
109.2800,2.821428
109.3000,2.617130
109.3200,2.230810
109.3400,2.173177
109.3600,2.094239
109.3800,2.047234
109.4000,1.891813
109.4200,1.833766
109.4400,2.016202
109.4600,1.902700
109.4800,1.663080
109.5000,1.714168
109.5200,1.927309
109.5400,1.933346
109.5600,1.818545
109.5800,1.843218
109.6000,1.956040
109.6200,1.927578
109.6400,1.876599
109.6600,1.970822
109.6800,1.919124
109.7000,1.691853
109.7200,1.559549
109.7400,1.671496
109.7600,0.298277
109.7800,0.349286
109.8000,0.370454
109.8200,0.398975
109.8400,0.367295
109.8600,0.298007
109.8800,0.286044
109.9000,0.220285
109.9200,0.212151
109.9400,0.185866
109.9600,0.214326
109.9800,0.231140
110.0000,0.264514
110.0200,0.265825
110.0400,0.251571
110.0600,0.297950
110.0800,0.300175
110.1000,0.238683
110.1200,0.277992
110.1400,0.265420
110.1600,0.281427
110.1800,0.351672
110.2000,0.280125
110.2200,0.442949
110.2400,0.664585
110.2600,0.824362
110.2800,0.909037
110.3000,1.076342
110.3200,1.248677
110.3400,1.265157
110.3600,1.312822
110.3800,1.402953
110.4000,1.303300
110.4200,1.481405
110.4400,1.878731
110.4600,1.768939
110.4800,1.795538
110.5000,1.891114
110.5200,1.936246
110.5400,1.724672
110.5600,1.540256
110.5800,1.355815
110.6000,1.478131
110.6200,1.623501
110.6400,1.806595
110.6600,1.911733
110.6800,1.703410
110.7000,1.625751
110.7200,1.692836
110.7400,1.697165
110.7600,1.630712
110.7800,1.646140
110.8000,1.659845
110.8200,1.825228
110.8400,1.804828
110.8600,1.865473
110.8800,2.162821
110.9000,2.999084
110.9200,3.185849
110.9400,2.449100
110.9600,2.126992
110.9800,2.295722
111.0000,3.184280
111.0200,2.607737
111.0400,2.213046
111.0600,2.027401
111.0800,2.357038
111.1000,2.196258
111.1200,2.109800
111.1400,2.678498
111.1600,3.526120
111.1800,2.757345
111.2000,2.317573
111.2200,2.076883
111.2400,2.087711
111.2600,2.409688
111.2800,2.352303
111.3000,3.399872
111.3200,3.600000
111.3400,3.600000
111.3600,2.812456
111.3800,2.466254
111.4000,2.251052
111.4200,2.146028
111.4400,2.435472
111.4600,3.600000
111.4800,3.600000
111.5000,2.990682
111.5200,2.852252
111.5400,3.600000
111.5600,3.600000
111.5800,3.589656
111.6000,2.669958
111.6200,3.460991
111.6400,3.600000
111.6600,3.600000
111.6800,3.330552
111.7000,3.523586
111.7200,3.044116
111.7400,3.600000
111.7600,3.077805
111.7800,2.877171
111.8000,3.600000
111.8200,3.600000
111.8400,2.963048
111.8600,2.319196
111.8800,1.883908
111.9000,1.774912
111.9200,1.922059
111.9400,1.860032
111.9600,1.618335
111.9800,1.758605
112.0000,1.563139
112.0200,1.596143
112.0400,1.439677
112.0600,1.542278
112.0800,1.662035
112.1000,1.639329
112.1200,1.639228
112.1400,1.864925
112.1600,2.235026
112.1800,2.377342
112.2000,2.209184
112.2200,2.438095
112.2400,2.744062
112.2600,2.709627
112.2800,2.695549
112.3000,2.690804
112.3200,2.687877
112.3400,3.250606
112.3600,3.231558
112.3800,2.641751
112.4000,2.578821
112.4200,2.452767
112.4400,2.262800
112.4600,2.274788
112.4800,2.417952
112.5000,2.397942
112.5200,2.476231
112.5400,3.370232
112.5600,3.240671
112.5800,3.600000
112.6000,3.600000
112.6200,3.600000
112.6400,2.835819
112.6600,2.356736
112.6800,2.127821
112.7000,2.242208
112.7200,2.381505
112.7400,2.283762
112.7600,2.849893
112.7800,3.600000
112.8000,3.600000
112.8200,3.215490
112.8400,3.600000
112.8600,3.310185
112.8800,2.938757
112.9000,2.545240
112.9200,2.168987
112.9400,2.158347
112.9600,2.442166
112.9800,2.795279
113.0000,3.600000
113.0200,3.125430
113.0400,2.477639
113.0600,2.442844
113.0800,2.186185
113.1000,2.400447
113.1200,2.426276
113.1400,2.189982
113.1600,2.379772
113.1800,2.955736
113.2000,2.821428
113.2200,2.617130
113.2400,2.230810
113.2600,2.173177
113.2800,2.094239
113.3000,2.047234
113.3200,1.891813
113.3400,1.833766
113.3600,2.016202
113.3800,1.902700
113.4000,1.663080
113.4200,1.714168
113.4400,1.927309
113.4600,1.933346
113.4800,1.818545
113.5000,1.843218
113.5200,1.956040
113.5400,1.927578
113.5600,1.876599
113.5800,1.970822
113.6000,1.919124
113.6200,1.691853
113.6400,1.559549
113.6600,1.671496
113.6800,0.298277
113.7000,0.349286
113.7200,0.370454
113.7400,0.398975
113.7600,0.367295
113.7800,0.298007
113.8000,0.286044
113.8200,0.220285
113.8400,0.212151
113.8600,0.185866
113.8800,0.214326
113.9000,0.231140
113.9200,0.264514
113.9400,0.265825
113.9600,0.251571
113.9800,0.297950
114.0000,0.300175
114.0200,0.238683
114.0400,0.277992
114.0600,0.265420
114.0800,0.281427
114.1000,0.351672
114.1200,0.280125
114.1400,0.442949
114.1600,0.664585
114.1800,0.824362
114.2000,0.909037
114.2200,1.076342
114.2400,1.248677
114.2600,1.265157
114.2800,1.312822
114.3000,1.402953
114.3200,1.303300
114.3400,1.481405
114.3600,1.878731
114.3800,1.768939
114.4000,1.795538
114.4200,1.891114
114.4400,1.936246
114.4600,1.724672
114.4800,1.540256
114.5000,1.355815
114.5200,1.478131
114.5400,1.623501
114.5600,1.806595
114.5800,1.911733
114.6000,1.703410
114.6200,1.625751
114.6400,1.692836
114.6600,1.697165
114.6800,1.630712
114.7000,1.646140
114.7200,1.659845
114.7400,1.825228
114.7600,1.804828
114.7800,1.865473
114.8000,2.162821
114.8200,2.999084
114.8400,3.185849
114.8600,2.449100
114.8800,2.126992
114.9000,2.295722
114.9200,3.184280
114.9400,2.607737
114.9600,2.213046
114.9800,2.027401
115.0000,2.357038
115.0200,2.196258
115.0400,2.109800
115.0600,2.678498
115.0800,3.526120
115.1000,2.757345
115.1200,2.317573
115.1400,2.076883
115.1600,2.087711
115.1800,2.409688
115.2000,2.352303
115.2200,3.399872
115.2400,3.600000
115.2600,3.600000
115.2800,2.812456
115.3000,2.466254
115.3200,2.251052
115.3400,2.146028
115.3600,2.435472
115.3800,3.600000
115.4000,3.600000
115.4200,2.990682
115.4400,2.852252
115.4600,3.600000
115.4800,3.600000
115.5000,3.589656
115.5200,2.669958
115.5400,3.460991
115.5600,3.600000
115.5800,3.600000
115.6000,3.330552
115.6200,3.523586
115.6400,3.044116
115.6600,3.600000
115.6800,3.077805
115.7000,2.877171
115.7200,3.600000
115.7400,3.600000
115.7600,2.963048
115.7800,2.319196
115.8000,1.883908
115.8200,1.774912
115.8400,1.922059
115.8600,1.860032
115.8800,1.618335
115.9000,1.758605
115.9200,1.563139
115.9400,1.596143
115.9600,1.439677
115.9800,1.542278
116.0000,1.662035
116.0200,1.639329
116.0400,1.639228
116.0600,1.864925
116.0800,2.235026
116.1000,2.377342
116.1200,2.209184
116.1400,2.438095
116.1600,2.744062
116.1800,2.709627
116.2000,2.695549
116.2200,2.690804
116.2400,2.687877
116.2600,3.250606
116.2800,3.231558
116.3000,2.641751
116.3200,2.578821
116.3400,2.452767
116.3600,2.262800
116.3800,2.274788
116.4000,2.417952
116.4200,2.397942
116.4400,2.476231
116.4600,3.370232
116.4800,3.240671
116.5000,3.600000
116.5200,3.600000
116.5400,3.600000
116.5600,2.835819
116.5800,2.356736
116.6000,2.127821
116.6200,2.242208
116.6400,2.381505
116.6600,2.283762
116.6800,2.849893
116.7000,3.600000
116.7200,3.600000
116.7400,3.215490
116.7600,3.600000
116.7800,3.310185
116.8000,2.938757
116.8200,2.545240
116.8400,2.168987
116.8600,2.158347
116.8800,2.442166
116.9000,2.795279
116.9200,3.600000
116.9400,3.125430
116.9600,2.477639
116.9800,2.442844
117.0000,2.186185
117.0200,2.400447
117.0400,2.426276
117.0600,2.189982
117.0800,2.379772
117.1000,2.955736
117.1200,2.821428
117.1400,2.617130
117.1600,2.230810
117.1800,2.173177
117.2000,2.094239
117.2200,2.047234
117.2400,1.891813
117.2600,1.833766
117.2800,2.016202
117.3000,1.902700
117.3200,1.663080
117.3400,1.714168
117.3600,1.927309
117.3800,1.933346
117.4000,1.818545
117.4200,1.843218
117.4400,1.956040
117.4600,1.927578
117.4800,1.876599
117.5000,1.970822
117.5200,1.919124
117.5400,1.691853
117.5600,1.559549
117.5800,1.671496
117.6000,0.298277
117.6200,0.349286
117.6400,0.370454
117.6600,0.398975
117.6800,0.367295
117.7000,0.298007
117.7200,0.286044
117.7400,0.220285
117.7600,0.212151
117.7800,0.185866
117.8000,0.214326
117.8200,0.231140
117.8400,0.264514
117.8600,0.265825
117.8800,0.251571
117.9000,0.297950
117.9200,0.300175
117.9400,0.238683
117.9600,0.277992
117.9800,0.265420
118.0000,0.281427
118.0200,0.351672
118.0400,0.280125
118.0600,0.442949
118.0800,0.664585
118.1000,0.824362
118.1200,0.909037
118.1400,1.076342
118.1600,1.248677
118.1800,1.265157
118.2000,1.312822
118.2200,1.402953
118.2400,1.303300
118.2600,1.481405
118.2800,1.878731
118.3000,1.768939
118.3200,1.795538
118.3400,1.891114
118.3600,1.936246
118.3800,1.724672
118.4000,1.540256
118.4200,1.355815
118.4400,1.478131
118.4600,1.623501
118.4800,1.806595
118.5000,1.911733
118.5200,1.703410
118.5400,1.625751
118.5600,1.692836
118.5800,1.697165
118.6000,1.630712
118.6200,1.646140
118.6400,1.659845
118.6600,1.825228
118.6800,1.804828
118.7000,1.865473
118.7200,2.162821
118.7400,2.999084
118.7600,3.185849
118.7800,2.449100
118.8000,2.126992
118.8200,2.295722
118.8400,3.184280
118.8600,2.607737
118.8800,2.213046
118.9000,2.027401
118.9200,2.357038
118.9400,2.196258
118.9600,2.109800
118.9800,2.678498
119.0000,3.526120
119.0200,2.757345
119.0400,2.317573
119.0600,2.076883
119.0800,2.087711
119.1000,2.409688
119.1200,2.352303
119.1400,3.399872
119.1600,3.600000
119.1800,3.600000
119.2000,2.812456
119.2200,2.466254
119.2400,2.251052
119.2600,2.146028
119.2800,2.435472
119.3000,3.600000
119.3200,3.600000
119.3400,2.990682
119.3600,2.852252
119.3800,3.600000
119.4000,3.600000
119.4200,3.589656
119.4400,2.669958
119.4600,3.460991
119.4800,3.600000
119.5000,3.600000
119.5200,3.330552
119.5400,3.523586
119.5600,3.044116
119.5800,3.600000
119.6000,3.077805
119.6200,2.877171
119.6400,3.600000
119.6600,3.600000
119.6800,2.963048
119.7000,2.319196
119.7200,1.883908
119.7400,1.774912
119.7600,1.922059
119.7800,1.860032
119.8000,1.618335
119.8200,1.758605
119.8400,1.563139
119.8600,1.596143
119.8800,1.439677
119.9000,1.542278
119.9200,1.662035
119.9400,1.639329
119.9600,1.639228
119.9800,1.864925
120.0000,2.235026
120.0200,2.377342
120.0400,2.209184
120.0600,2.438095
120.0800,2.744062
120.1000,2.709627
120.1200,2.695549
120.1400,2.690804
120.1600,2.687877
120.1800,3.250606
120.2000,3.231558
120.2200,2.641751
120.2400,2.578821
120.2600,2.452767
120.2800,2.262800
120.3000,2.274788
120.3200,2.417952
120.3400,2.397942
120.3600,2.476231
120.3800,3.370232
120.4000,3.240671
120.4200,3.600000
120.4400,3.600000
120.4600,3.600000
120.4800,2.835819
120.5000,2.356736
120.5200,2.127821
120.5400,2.242208
120.5600,2.381505
120.5800,2.283762
120.6000,2.849893
120.6200,3.600000
120.6400,3.600000
120.6600,3.215490
120.6800,3.600000
120.7000,3.310185
120.7200,2.938757
120.7400,2.545240
120.7600,2.168987
120.7800,2.158347
120.8000,2.442166
120.8200,2.795279
120.8400,3.600000
120.8600,3.125430
120.8800,2.477639
120.9000,2.442844
120.9200,2.186185
120.9400,2.400447
120.9600,2.426276
120.9800,2.189982
121.0000,2.379772
121.0200,2.955736
121.0400,2.821428
121.0600,2.617130
121.0800,2.230810
121.1000,2.173177
121.1200,2.094239
121.1400,2.047234
121.1600,1.891813
121.1800,1.833766
121.2000,2.016202
121.2200,1.902700
121.2400,1.663080
121.2600,1.714168
121.2800,1.927309
121.3000,1.933346
121.3200,1.818545
121.3400,1.843218
121.3600,1.956040
121.3800,1.927578
121.4000,1.876599
121.4200,1.970822
121.4400,1.919124
121.4600,1.691853
121.4800,1.559549
121.5000,1.671496
121.5200,0.298277
121.5400,0.349286
121.5600,0.370454
121.5800,0.398975
121.6000,0.367295
121.6200,0.298007
121.6400,0.286044
121.6600,0.220285
121.6800,0.212151
121.7000,0.185866
121.7200,0.214326
121.7400,0.231140
121.7600,0.264514
121.7800,0.265825
121.8000,0.251571
121.8200,0.297950
121.8400,0.300175
121.8600,0.238683
121.8800,0.277992
121.9000,0.265420
121.9200,0.281427
121.9400,0.351672
121.9600,0.280125
121.9800,0.442949
122.0000,0.664585
122.0200,0.824362
122.0400,0.909037
122.0600,1.076342
122.0800,1.248677
122.1000,1.265157
122.1200,1.312822
122.1400,1.402953
122.1600,1.303300
122.1800,1.481405
122.2000,1.878731
122.2200,1.768939
122.2400,1.795538
122.2600,1.891114
122.2800,1.936246
122.3000,1.724672
122.3200,1.540256
122.3400,1.355815
122.3600,1.478131
122.3800,1.623501
122.4000,1.806595
122.4200,1.911733
122.4400,1.703410
122.4600,1.625751
122.4800,1.692836
122.5000,1.697165
122.5200,1.630712
122.5400,1.646140
122.5600,1.659845
122.5800,1.825228
122.6000,1.804828
122.6200,1.865473
122.6400,2.162821
122.6600,2.999084
122.6800,3.185849
122.7000,2.449100
122.7200,2.126992
122.7400,2.295722
122.7600,3.184280
122.7800,2.607737
122.8000,2.213046
122.8200,2.027401
122.8400,2.357038
122.8600,2.196258
122.8800,2.109800
122.9000,2.678498
122.9200,3.526120
122.9400,2.757345
122.9600,2.317573
122.9800,2.076883
123.0000,2.087711
123.0200,2.409688
123.0400,2.352303
123.0600,3.399872
123.0800,3.600000
123.1000,3.600000
123.1200,2.812456
123.1400,2.466254
123.1600,2.251052
123.1800,2.146028
123.2000,2.435472
123.2200,3.600000
123.2400,3.600000
123.2600,2.990682
123.2800,2.852252
123.3000,3.600000
123.3200,3.600000
123.3400,3.589656
123.3600,2.669958
123.3800,3.460991
123.4000,3.600000
123.4200,3.600000
123.4400,3.330552
123.4600,3.523586
123.4800,3.044116
123.5000,3.600000
123.5200,3.077805
123.5400,2.877171
123.5600,3.600000
123.5800,3.600000
123.6000,2.963048
123.6200,2.319196
123.6400,1.883908
123.6600,1.774912
123.6800,1.922059
123.7000,1.860032
123.7200,1.618335
123.7400,1.758605
123.7600,1.563139
123.7800,1.596143
123.8000,1.439677
123.8200,1.542278
123.8400,1.662035
123.8600,1.639329
123.8800,1.639228
123.9000,1.864925
123.9200,2.235026
123.9400,2.377342
123.9600,2.209184
123.9800,2.438095
124.0000,2.744062
124.0200,2.709627
124.0400,2.695549
124.0600,2.690804
124.0800,2.687877
124.1000,3.250606
124.1200,3.231558
124.1400,2.641751
124.1600,2.578821
124.1800,2.452767
124.2000,2.262800
124.2200,2.274788
124.2400,2.417952
124.2600,2.397942
124.2800,2.476231
124.3000,3.370232
124.3200,3.240671
124.3400,3.600000
124.3600,3.600000
124.3800,3.600000
124.4000,2.835819
124.4200,2.356736
124.4400,2.127821
124.4600,2.242208
124.4800,2.381505
124.5000,2.283762
124.5200,2.849893
124.5400,3.600000
124.5600,3.600000
124.5800,3.215490
124.6000,3.600000
124.6200,3.310185
124.6400,2.938757
124.6600,2.545240
124.6800,2.168987
124.7000,2.158347
124.7200,2.442166
124.7400,2.795279
124.7600,3.600000
124.7800,3.125430
124.8000,2.477639
124.8200,2.442844
124.8400,2.186185
124.8600,2.400447
124.8800,2.426276
124.9000,2.189982
124.9200,2.379772
124.9400,2.955736
124.9600,2.821428
124.9800,2.617130
125.0000,2.230810
125.0200,2.173177
125.0400,2.094239
125.0600,2.047234
125.0800,1.891813
125.1000,1.833766
125.1200,2.016202
125.1400,1.902700
125.1600,1.663080
125.1800,1.714168
125.2000,1.927309
125.2200,1.933346
125.2400,1.818545
125.2600,1.843218
125.2800,1.956040
125.3000,1.927578
125.3200,1.876599
125.3400,1.970822
125.3600,1.919124
125.3800,1.691853
125.4000,1.559549
125.4200,1.671496
125.4400,0.298277
125.4600,0.349286
125.4800,0.370454
125.5000,0.398975
125.5200,0.367295
125.5400,0.298007
125.5600,0.286044
125.5800,0.220285
125.6000,0.212151
125.6200,0.185866
125.6400,0.214326
125.6600,0.231140
125.6800,0.264514
125.7000,0.265825
125.7200,0.251571
125.7400,0.297950
125.7600,0.300175
125.7800,0.238683
125.8000,0.277992
125.8200,0.265420
125.8400,0.281427
125.8600,0.351672
125.8800,0.280125
125.9000,0.442949
125.9200,0.664585
125.9400,0.824362
125.9600,0.909037
125.9800,1.076342
126.0000,1.248677
126.0200,1.265157
126.0400,1.312822
126.0600,1.402953
126.0800,1.303300
126.1000,1.481405
126.1200,1.878731
126.1400,1.768939
126.1600,1.795538
126.1800,1.891114
126.2000,1.936246
126.2200,1.724672
126.2400,1.540256
126.2600,1.355815
126.2800,1.478131
126.3000,1.623501
126.3200,1.806595
126.3400,1.911733
126.3600,1.703410
126.3800,1.625751
126.4000,1.692836
126.4200,1.697165
126.4400,1.630712
126.4600,1.646140
126.4800,1.659845
126.5000,1.825228
126.5200,1.804828
126.5400,1.865473
126.5600,2.162821
126.5800,2.999084
126.6000,3.185849
126.6200,2.449100
126.6400,2.126992
126.6600,2.295722
126.6800,3.184280
126.7000,2.607737
126.7200,2.213046
126.7400,2.027401
126.7600,2.357038
126.7800,2.196258
126.8000,2.109800
126.8200,2.678498
126.8400,3.526120
126.8600,2.757345
126.8800,2.317573
126.9000,2.076883
126.9200,2.087711
126.9400,2.409688
126.9600,2.352303
126.9800,3.399872
127.0000,3.600000
127.0200,3.600000
127.0400,2.812456
127.0600,2.466254
127.0800,2.251052
127.1000,2.146028
127.1200,2.435472
127.1400,3.600000
127.1600,3.600000
127.1800,2.990682
127.2000,2.852252
127.2200,3.600000
127.2400,3.600000
127.2600,3.589656
127.2800,2.669958
127.3000,3.460991
127.3200,3.600000
127.3400,3.600000
127.3600,3.330552
127.3800,3.523586
127.4000,3.044116
127.4200,3.600000
127.4400,3.077805
127.4600,2.877171
127.4800,3.600000
127.5000,3.600000
127.5200,2.963048
127.5400,2.319196
127.5600,1.883908
127.5800,1.774912
127.6000,1.922059
127.6200,1.860032
127.6400,1.618335
127.6600,1.758605
127.6800,1.563139
127.7000,1.596143
127.7200,1.439677
127.7400,1.542278
127.7600,1.662035
127.7800,1.639329
127.8000,1.639228
127.8200,1.864925
127.8400,2.235026
127.8600,2.377342
127.8800,2.209184
127.9000,2.438095
127.9200,2.744062
127.9400,2.709627
127.9600,2.695549
127.9800,2.690804
128.0000,2.687877
128.0200,3.250606
128.0400,3.231558
128.0600,2.641751
128.0800,2.578821
128.1000,2.452767
128.1200,2.262800
128.1400,2.274788
128.1600,2.417952
128.1800,2.397942
128.2000,2.476231
128.2200,3.370232
128.2400,3.240671
128.2600,3.600000
128.2800,3.600000
128.3000,3.600000
128.3200,2.835819
128.3400,2.356736
128.3600,2.127821
128.3800,2.242208
128.4000,2.381505
128.4200,2.283762
128.4400,2.849893
128.4600,3.600000
128.4800,3.600000
128.5000,3.215490
128.5200,3.600000
128.5400,3.310185
128.5600,2.938757
128.5800,2.545240
128.6000,2.168987
128.6200,2.158347
128.6400,2.442166
128.6600,2.795279
128.6800,3.600000
128.7000,3.125430
128.7200,2.477639
128.7400,2.442844
128.7600,2.186185
128.7800,2.400447
128.8000,2.426276
128.8200,2.189982
128.8400,2.379772
128.8600,2.955736
128.8800,2.821428
128.9000,2.617130
128.9200,2.230810
128.9400,2.173177
128.9600,2.094239
128.9800,2.047234
129.0000,1.891813
129.0200,1.833766
129.0400,2.016202
129.0600,1.902700
129.0800,1.663080
129.1000,1.714168
129.1200,1.927309
129.1400,1.933346
129.1600,1.818545
129.1800,1.843218
129.2000,1.956040
129.2200,1.927578
129.2400,1.876599
129.2600,1.970822
129.2800,1.919124
129.3000,1.691853
129.3200,1.559549
129.3400,1.671496
129.3600,0.298277
129.3800,0.349286
129.4000,0.370454
129.4200,0.398975
129.4400,0.367295
129.4600,0.298007
129.4800,0.286044
129.5000,0.220285
129.5200,0.212151
129.5400,0.185866
129.5600,0.214326
129.5800,0.231140
129.6000,0.264514
129.6200,0.265825
129.6400,0.251571
129.6600,0.297950
129.6800,0.300175
129.7000,0.238683
129.7200,0.277992
129.7400,0.265420
129.7600,0.281427
129.7800,0.351672
129.8000,0.280125
129.8200,0.442949
129.8400,0.664585
129.8600,0.824362
129.8800,0.909037
129.9000,1.076342
129.9200,1.248677
129.9400,1.265157
129.9600,1.312822
129.9800,1.402953
130.0000,1.303300
130.0200,1.481405
130.0400,1.878731
130.0600,1.768939
130.0800,1.795538
130.1000,1.891114
130.1200,1.936246
130.1400,1.724672
130.1600,1.540256
130.1800,1.355815
130.2000,1.478131
130.2200,1.623501
130.2400,1.806595
130.2600,1.911733
130.2800,1.703410
130.3000,1.625751
130.3200,1.692836
130.3400,1.697165
130.3600,1.630712
130.3800,1.646140
130.4000,1.659845
130.4200,1.825228
130.4400,1.804828
130.4600,1.865473
130.4800,2.162821
130.5000,2.999084
130.5200,3.185849
130.5400,2.449100
130.5600,2.126992
130.5800,2.295722
130.6000,3.184280
130.6200,2.607737
130.6400,2.213046
130.6600,2.027401
130.6800,2.357038
130.7000,2.196258
130.7200,2.109800
130.7400,2.678498
130.7600,3.526120
130.7800,2.757345
130.8000,2.317573
130.8200,2.076883
130.8400,2.087711
130.8600,2.409688
130.8800,2.352303
130.9000,3.399872
130.9200,3.600000
130.9400,3.600000
130.9600,2.812456
130.9800,2.466254
131.0000,2.251052
131.0200,2.146028
131.0400,2.435472
131.0600,3.600000
131.0800,3.600000
131.1000,2.990682
131.1200,2.852252
131.1400,3.600000
131.1600,3.600000
131.1800,3.589656
131.2000,2.669958
131.2200,3.460991
131.2400,3.600000
131.2600,3.600000
131.2800,3.330552
131.3000,3.523586
131.3200,3.044116
131.3400,3.600000
131.3600,3.077805
131.3800,2.877171
131.4000,3.600000
131.4200,3.600000
131.4400,2.963048
131.4600,2.319196
131.4800,1.883908
131.5000,1.774912
131.5200,1.922059
131.5400,1.860032
131.5600,1.618335
131.5800,1.758605
131.6000,1.563139
131.6200,1.596143
131.6400,1.439677
131.6600,1.542278
131.6800,1.662035
131.7000,1.639329
131.7200,1.639228
131.7400,1.864925
131.7600,2.235026
131.7800,2.377342
131.8000,2.209184
131.8200,2.438095
131.8400,2.744062
131.8600,2.709627
131.8800,2.695549
131.9000,2.690804
131.9200,2.687877
131.9400,3.250606
131.9600,3.231558
131.9800,2.641751
132.0000,2.578821
132.0200,2.452767
132.0400,2.262800
132.0600,2.274788
132.0800,2.417952
132.1000,2.397942
132.1200,2.476231
132.1400,3.370232
132.1600,3.240671
132.1800,3.600000
132.2000,3.600000
132.2200,3.600000
132.2400,2.835819
132.2600,2.356736
132.2800,2.127821
132.3000,2.242208
132.3200,2.381505
132.3400,2.283762
132.3600,2.849893
132.3800,3.600000
132.4000,3.600000
132.4200,3.215490
132.4400,3.600000
132.4600,3.310185
132.4800,2.938757
132.5000,2.545240
132.5200,2.168987
132.5400,2.158347
132.5600,2.442166
132.5800,2.795279
132.6000,3.600000
132.6200,3.125430
132.6400,2.477639
132.6600,2.442844
132.6800,2.186185
132.7000,2.400447
132.7200,2.426276
132.7400,2.189982
132.7600,2.379772
132.7800,2.955736
132.8000,2.821428
132.8200,2.617130
132.8400,2.230810
132.8600,2.173177
132.8800,2.094239
132.9000,2.047234
132.9200,1.891813
132.9400,1.833766
132.9600,2.016202
132.9800,1.902700
133.0000,1.663080
133.0200,1.714168
133.0400,1.927309
133.0600,1.933346
133.0800,1.818545
133.1000,1.843218
133.1200,1.956040
133.1400,1.927578
133.1600,1.876599
133.1800,1.970822
133.2000,1.919124
133.2200,1.691853
133.2400,1.559549
133.2600,1.671496
133.2800,0.298277
133.3000,0.349286
133.3200,0.370454
133.3400,0.398975
133.3600,0.367295
133.3800,0.298007
133.4000,0.286044
133.4200,0.220285
133.4400,0.212151
133.4600,0.185866
133.4800,0.214326
133.5000,0.231140
133.5200,0.264514
133.5400,0.265825
133.5600,0.251571
133.5800,0.297950
133.6000,0.300175
133.6200,0.238683
133.6400,0.277992
133.6600,0.265420
133.6800,0.281427
133.7000,0.351672
133.7200,0.280125
133.7400,0.442949
133.7600,0.664585
133.7800,0.824362
133.8000,0.909037
133.8200,1.076342
133.8400,1.248677
133.8600,1.265157
133.8800,1.312822
133.9000,1.402953
133.9200,1.303300
133.9400,1.481405
133.9600,1.878731
133.9800,1.768939
134.0000,1.795538
134.0200,1.891114
134.0400,1.936246
134.0600,1.724672
134.0800,1.540256
134.1000,1.355815
134.1200,1.478131
134.1400,1.623501
134.1600,1.806595
134.1800,1.911733
134.2000,1.703410
134.2200,1.625751
134.2400,1.692836
134.2600,1.697165
134.2800,1.630712
134.3000,1.646140
134.3200,1.659845
134.3400,1.825228
134.3600,1.804828
134.3800,1.865473
134.4000,2.162821
134.4200,2.999084
134.4400,3.185849
134.4600,2.449100
134.4800,2.126992
134.5000,2.295722
134.5200,3.184280
134.5400,2.607737
134.5600,2.213046
134.5800,2.027401
134.6000,2.357038
134.6200,2.196258
134.6400,2.109800
134.6600,2.678498
134.6800,3.526120
134.7000,2.757345
134.7200,2.317573
134.7400,2.076883
134.7600,2.087711
134.7800,2.409688
134.8000,2.352303
134.8200,3.399872
134.8400,3.600000
134.8600,3.600000
134.8800,2.812456
134.9000,2.466254
134.9200,2.251052
134.9400,2.146028
134.9600,2.435472
134.9800,3.600000
135.0000,3.600000
135.0200,2.990682
135.0400,2.852252
135.0600,3.600000
135.0800,3.600000
135.1000,3.589656
135.1200,2.669958
135.1400,3.460991
135.1600,3.600000
135.1800,3.600000
135.2000,3.330552
135.2200,3.523586
135.2400,3.044116
135.2600,3.600000
135.2800,3.077805
135.3000,2.877171
135.3200,3.600000
135.3400,3.600000
135.3600,2.963048
135.3800,2.319196
135.4000,1.883908
135.4200,1.774912
135.4400,1.922059
135.4600,1.860032
135.4800,1.618335
135.5000,1.758605
135.5200,1.563139
135.5400,1.596143
135.5600,1.439677
135.5800,1.542278
135.6000,1.662035
135.6200,1.639329
135.6400,1.639228
135.6600,1.864925
135.6800,2.235026
135.7000,2.377342
135.7200,2.209184
135.7400,2.438095
135.7600,2.744062
135.7800,2.709627
135.8000,2.695549
135.8200,2.690804
135.8400,2.687877
135.8600,3.250606
135.8800,3.231558
135.9000,2.641751
135.9200,2.578821
135.9400,2.452767
135.9600,2.262800
135.9800,2.274788
136.0000,2.417952
136.0200,2.397942
136.0400,2.476231
136.0600,3.370232
136.0800,3.240671
136.1000,3.600000
136.1200,3.600000
136.1400,3.600000
136.1600,2.835819
136.1800,2.356736
136.2000,2.127821
136.2200,2.242208
136.2400,2.381505
136.2600,2.283762
136.2800,2.849893
136.3000,3.600000
136.3200,3.600000
136.3400,3.215490
136.3600,3.600000
136.3800,3.310185
136.4000,2.938757
136.4200,2.545240
136.4400,2.168987
136.4600,2.158347
136.4800,2.442166
136.5000,2.795279
136.5200,3.600000
136.5400,3.125430
136.5600,2.477639
136.5800,2.442844
136.6000,2.186185
136.6200,2.400447
136.6400,2.426276
136.6600,2.189982
136.6800,2.379772
136.7000,2.955736
136.7200,2.821428
136.7400,2.617130
136.7600,2.230810
136.7800,2.173177
136.8000,2.094239
136.8200,2.047234
136.8400,1.891813
136.8600,1.833766
136.8800,2.016202
136.9000,1.902700
136.9200,1.663080
136.9400,1.714168
136.9600,1.927309
136.9800,1.933346
137.0000,1.818545
137.0200,1.843218
137.0400,1.956040
137.0600,1.927578
137.0800,1.876599
137.1000,1.970822
137.1200,1.919124
137.1400,1.691853
137.1600,1.559549
137.1800,1.671496
137.2000,0.298277
137.2200,0.349286
137.2400,0.370454
137.2600,0.398975
137.2800,0.367295
137.3000,0.298007
137.3200,0.286044
137.3400,0.220285
137.3600,0.212151
137.3800,0.185866
137.4000,0.214326
137.4200,0.231140
137.4400,0.264514
137.4600,0.265825
137.4800,0.251571
137.5000,0.297950
137.5200,0.300175
137.5400,0.238683
137.5600,0.277992
137.5800,0.265420
137.6000,0.281427
137.6200,0.351672
137.6400,0.280125
137.6600,0.442949
137.6800,0.664585
137.7000,0.824362
137.7200,0.909037
137.7400,1.076342
137.7600,1.248677
137.7800,1.265157
137.8000,1.312822
137.8200,1.402953
137.8400,1.303300
137.8600,1.481405
137.8800,1.878731
137.9000,1.768939
137.9200,1.795538
137.9400,1.891114
137.9600,1.936246
137.9800,1.724672
138.0000,1.540256
138.0200,1.355815
138.0400,1.478131
138.0600,1.623501
138.0800,1.806595
138.1000,1.911733
138.1200,1.703410
138.1400,1.625751
138.1600,1.692836
138.1800,1.697165
138.2000,1.630712
138.2200,1.646140
138.2400,1.659845
138.2600,1.825228
138.2800,1.804828
138.3000,1.865473
138.3200,2.162821
138.3400,2.999084
138.3600,3.185849
138.3800,2.449100
138.4000,2.126992
138.4200,2.295722
138.4400,3.184280
138.4600,2.607737
138.4800,2.213046
138.5000,2.027401
138.5200,2.357038
138.5400,2.196258
138.5600,2.109800
138.5800,2.678498
138.6000,3.526120
138.6200,2.757345
138.6400,2.317573
138.6600,2.076883
138.6800,2.087711
138.7000,2.409688
138.7200,2.352303
138.7400,3.399872
138.7600,3.600000
138.7800,3.600000
138.8000,2.812456
138.8200,2.466254
138.8400,2.251052
138.8600,2.146028
138.8800,2.435472
138.9000,3.600000
138.9200,3.600000
138.9400,2.990682
138.9600,2.852252
138.9800,3.600000
139.0000,3.600000
139.0200,3.589656
139.0400,2.669958
139.0600,3.460991
139.0800,3.600000
139.1000,3.600000
139.1200,3.330552
139.1400,3.523586
139.1600,3.044116
139.1800,3.600000
139.2000,3.077805
139.2200,2.877171
139.2400,3.600000
139.2600,3.600000
139.2800,2.963048
139.3000,2.319196
139.3200,1.883908
139.3400,1.774912
139.3600,1.922059
139.3800,1.860032
139.4000,1.618335
139.4200,1.758605
139.4400,1.563139
139.4600,1.596143
139.4800,1.439677
139.5000,1.542278
139.5200,1.662035
139.5400,1.639329
139.5600,1.639228
139.5800,1.864925
139.6000,2.235026
139.6200,2.377342
139.6400,2.209184
139.6600,2.438095
139.6800,2.744062
139.7000,2.709627
139.7200,2.695549
139.7400,2.690804
139.7600,2.687877
139.7800,3.250606
139.8000,3.231558
139.8200,2.641751
139.8400,2.578821
139.8600,2.452767
139.8800,2.262800
139.9000,2.274788
139.9200,2.417952
139.9400,2.397942
139.9600,2.476231
139.9800,3.370232
140.0000,3.240671
140.0200,3.600000
140.0400,3.600000
140.0600,3.600000
140.0800,2.835819
140.1000,2.356736
140.1200,2.127821
140.1400,2.242208
140.1600,2.381505
140.1800,2.283762
140.2000,2.849893
140.2200,3.600000
140.2400,3.600000
140.2600,3.215490
140.2800,3.600000
140.3000,3.310185
140.3200,2.938757
140.3400,2.545240
140.3600,2.168987
140.3800,2.158347
140.4000,2.442166
140.4200,2.795279
140.4400,3.600000
140.4600,3.125430
140.4800,2.477639
140.5000,2.442844
140.5200,2.186185
140.5400,2.400447
140.5600,2.426276
140.5800,2.189982
140.6000,2.379772
140.6200,2.955736
140.6400,2.821428
140.6600,2.617130
140.6800,2.230810
140.7000,2.173177
140.7200,2.094239
140.7400,2.047234
140.7600,1.891813
140.7800,1.833766
140.8000,2.016202
140.8200,1.902700
140.8400,1.663080
140.8600,1.714168
140.8800,1.927309
140.9000,1.933346
140.9200,1.818545
140.9400,1.843218
140.9600,1.956040
140.9800,1.927578
141.0000,1.876599
141.0200,1.970822
141.0400,1.919124
141.0600,1.691853
141.0800,1.559549
141.1000,1.671496
141.1200,0.298277
141.1400,0.349286
141.1600,0.370454
141.1800,0.398975
141.2000,0.367295
141.2200,0.298007
141.2400,0.286044
141.2600,0.220285
141.2800,0.212151
141.3000,0.185866
141.3200,0.214326
141.3400,0.231140
141.3600,0.264514
141.3800,0.265825
141.4000,0.251571
141.4200,0.297950
141.4400,0.300175
141.4600,0.238683
141.4800,0.277992
141.5000,0.265420
141.5200,0.281427
141.5400,0.351672
141.5600,0.280125
141.5800,0.442949
141.6000,0.664585
141.6200,0.824362
141.6400,0.909037
141.6600,1.076342
141.6800,1.248677
141.7000,1.265157
141.7200,1.312822
141.7400,1.402953
141.7600,1.303300
141.7800,1.481405
141.8000,1.878731
141.8200,1.768939
141.8400,1.795538
141.8600,1.891114
141.8800,1.936246
141.9000,1.724672
141.9200,1.540256
141.9400,1.355815
141.9600,1.478131
141.9800,1.623501
142.0000,1.806595
142.0200,1.911733
142.0400,1.703410
142.0600,1.625751
142.0800,1.692836
142.1000,1.697165
142.1200,1.630712
142.1400,1.646140
142.1600,1.659845
142.1800,1.825228
142.2000,1.804828
142.2200,1.865473
142.2400,2.162821
142.2600,2.999084
142.2800,3.185849
142.3000,2.449100
142.3200,2.126992
142.3400,2.295722
142.3600,3.184280
142.3800,2.607737
142.4000,2.213046
142.4200,2.027401
142.4400,2.357038
142.4600,2.196258
142.4800,2.109800
142.5000,2.678498
142.5200,3.526120
142.5400,2.757345
142.5600,2.317573
142.5800,2.076883
142.6000,2.087711
142.6200,2.409688
142.6400,2.352303
142.6600,3.399872
142.6800,3.600000
142.7000,3.600000
142.7200,2.812456
142.7400,2.466254
142.7600,2.251052
142.7800,2.146028
142.8000,2.435472
142.8200,3.600000
142.8400,3.600000
142.8600,2.990682
142.8800,2.852252
142.9000,3.600000
142.9200,3.600000
142.9400,3.589656
142.9600,2.669958
142.9800,3.460991
143.0000,3.600000
143.0200,3.600000
143.0400,3.330552
143.0600,3.523586
143.0800,3.044116
143.1000,3.600000
143.1200,3.077805
143.1400,2.877171
143.1600,3.600000
143.1800,3.600000
143.2000,2.963048
143.2200,2.319196
143.2400,1.883908
143.2600,1.774912
143.2800,1.922059
143.3000,1.860032
143.3200,1.618335
143.3400,1.758605
143.3600,1.563139
143.3800,1.596143
143.4000,1.439677
143.4200,1.542278
143.4400,1.662035
143.4600,1.639329
143.4800,1.639228
143.5000,1.864925
143.5200,2.235026
143.5400,2.377342
143.5600,2.209184
143.5800,2.438095
143.6000,2.744062
143.6200,2.709627
143.6400,2.695549
143.6600,2.690804
143.6800,2.687877
143.7000,3.250606
143.7200,3.231558
143.7400,2.641751
143.7600,2.578821
143.7800,2.452767
143.8000,2.262800
143.8200,2.274788
143.8400,2.417952
143.8600,2.397942
143.8800,2.476231
143.9000,3.370232
143.9200,3.240671
143.9400,3.600000
143.9600,3.600000
143.9800,3.600000
144.0000,2.835819
144.0200,2.356736
144.0400,2.127821
144.0600,2.242208
144.0800,2.381505
144.1000,2.283762
144.1200,2.849893
144.1400,3.600000
144.1600,3.600000
144.1800,3.215490
144.2000,3.600000
144.2200,3.310185
144.2400,2.938757
144.2600,2.545240
144.2800,2.168987
144.3000,2.158347
144.3200,2.442166
144.3400,2.795279
144.3600,3.600000
144.3800,3.125430
144.4000,2.477639
144.4200,2.442844
144.4400,2.186185
144.4600,2.400447
144.4800,2.426276
144.5000,2.189982
144.5200,2.379772
144.5400,2.955736
144.5600,2.821428
144.5800,2.617130
144.6000,2.230810
144.6200,2.173177
144.6400,2.094239
144.6600,2.047234
144.6800,1.891813
144.7000,1.833766
144.7200,2.016202
144.7400,1.902700
144.7600,1.663080
144.7800,1.714168
144.8000,1.927309
144.8200,1.933346
144.8400,1.818545
144.8600,1.843218
144.8800,1.956040
144.9000,1.927578
144.9200,1.876599
144.9400,1.970822
144.9600,1.919124
144.9800,1.691853
145.0000,1.559549
145.0200,1.671496
145.0400,0.298277
145.0600,0.349286
145.0800,0.370454
145.1000,0.398975
145.1200,0.367295
145.1400,0.298007
145.1600,0.286044
145.1800,0.220285
145.2000,0.212151
145.2200,0.185866
145.2400,0.214326
145.2600,0.231140
145.2800,0.264514
145.3000,0.265825
145.3200,0.251571
145.3400,0.297950
145.3600,0.300175
145.3800,0.238683
145.4000,0.277992
145.4200,0.265420
145.4400,0.281427
145.4600,0.351672
145.4800,0.280125
145.5000,0.442949
145.5200,0.664585
145.5400,0.824362
145.5600,0.909037
145.5800,1.076342
145.6000,1.248677
145.6200,1.265157
145.6400,1.312822
145.6600,1.402953
145.6800,1.303300
145.7000,1.481405
145.7200,1.878731
145.7400,1.768939
145.7600,1.795538
145.7800,1.891114
145.8000,1.936246
145.8200,1.724672
145.8400,1.540256
145.8600,1.355815
145.8800,1.478131
145.9000,1.623501
145.9200,1.806595
145.9400,1.911733
145.9600,1.703410
145.9800,1.625751
146.0000,1.692836
146.0200,1.697165
146.0400,1.630712
146.0600,1.646140
146.0800,1.659845
146.1000,1.825228
146.1200,1.804828
146.1400,1.865473
146.1600,2.162821
146.1800,2.999084
146.2000,3.185849
146.2200,2.449100
146.2400,2.126992
146.2600,2.295722
146.2800,3.184280
146.3000,2.607737
146.3200,2.213046
146.3400,2.027401
146.3600,2.357038
146.3800,2.196258
146.4000,2.109800
146.4200,2.678498
146.4400,3.526120
146.4600,2.757345
146.4800,2.317573
146.5000,2.076883
146.5200,2.087711
146.5400,2.409688
146.5600,2.352303
146.5800,3.399872
146.6000,3.600000
146.6200,3.600000
146.6400,2.812456
146.6600,2.466254
146.6800,2.251052
146.7000,2.146028
146.7200,2.435472
146.7400,3.600000
146.7600,3.600000
146.7800,2.990682
146.8000,2.852252
146.8200,3.600000
146.8400,3.600000
146.8600,3.589656
146.8800,2.669958
146.9000,3.460991
146.9200,3.600000
146.9400,3.600000
146.9600,3.330552
146.9800,3.523586
147.0000,3.044116
147.0200,3.600000
147.0400,3.077805
147.0600,2.877171
147.0800,3.600000
147.1000,3.600000
147.1200,2.963048
147.1400,2.319196
147.1600,1.883908
147.1800,1.774912
147.2000,1.922059
147.2200,1.860032
147.2400,1.618335
147.2600,1.758605
147.2800,1.563139
147.3000,1.596143
147.3200,1.439677
147.3400,1.542278
147.3600,1.662035
147.3800,1.639329
147.4000,1.639228
147.4200,1.864925
147.4400,2.235026
147.4600,2.377342
147.4800,2.209184
147.5000,2.438095
147.5200,2.744062
147.5400,2.709627
147.5600,2.695549
147.5800,2.690804
147.6000,2.687877
147.6200,3.250606
147.6400,3.231558
147.6600,2.641751
147.6800,2.578821
147.7000,2.452767
147.7200,2.262800
147.7400,2.274788
147.7600,2.417952
147.7800,2.397942
147.8000,2.476231
147.8200,3.370232
147.8400,3.240671
147.8600,3.600000
147.8800,3.600000
147.9000,3.600000
147.9200,2.835819
147.9400,2.356736
147.9600,2.127821
147.9800,2.242208
148.0000,2.381505
148.0200,2.283762
148.0400,2.849893
148.0600,3.600000
148.0800,3.600000
148.1000,3.215490
148.1200,3.600000
148.1400,3.310185
148.1600,2.938757
148.1800,2.545240
148.2000,2.168987
148.2200,2.158347
148.2400,2.442166
148.2600,2.795279
148.2800,3.600000
148.3000,3.125430
148.3200,2.477639
148.3400,2.442844
148.3600,2.186185
148.3800,2.400447
148.4000,2.426276
148.4200,2.189982
148.4400,2.379772
148.4600,2.955736
148.4800,2.821428
148.5000,2.617130
148.5200,2.230810
148.5400,2.173177
148.5600,2.094239
148.5800,2.047234
148.6000,1.891813
148.6200,1.833766
148.6400,2.016202
148.6600,1.902700
148.6800,1.663080
148.7000,1.714168
148.7200,1.927309
148.7400,1.933346
148.7600,1.818545
148.7800,1.843218
148.8000,1.956040
148.8200,1.927578
148.8400,1.876599
148.8600,1.970822
148.8800,1.919124
148.9000,1.691853
148.9200,1.559549
148.9400,1.671496
148.9600,0.298277
148.9800,0.349286
149.0000,0.370454
149.0200,0.398975
149.0400,0.367295
149.0600,0.298007
149.0800,0.286044
149.1000,0.220285
149.1200,0.212151
149.1400,0.185866
149.1600,0.214326
149.1800,0.231140
149.2000,0.264514
149.2200,0.265825
149.2400,0.251571
149.2600,0.297950
149.2800,0.300175
149.3000,0.238683
149.3200,0.277992
149.3400,0.265420
149.3600,0.281427
149.3800,0.351672
149.4000,0.280125
149.4200,0.442949
149.4400,0.664585
149.4600,0.824362
149.4800,0.909037
149.5000,1.076342
149.5200,1.248677
149.5400,1.265157
149.5600,1.312822
149.5800,1.402953
149.6000,1.303300
149.6200,1.481405
149.6400,1.878731
149.6600,1.768939
149.6800,1.795538
149.7000,1.891114
149.7200,1.936246
149.7400,1.724672
149.7600,1.540256
149.7800,1.355815
149.8000,1.478131
149.8200,1.623501
149.8400,1.806595
149.8600,1.911733
149.8800,1.703410
149.9000,1.625751
149.9200,1.692836
149.9400,1.697165
149.9600,1.630712
149.9800,1.646140
150.0000,1.659845
150.0200,1.825228
150.0400,1.804828
150.0600,1.865473
150.0800,2.162821
150.1000,2.999084
150.1200,3.185849
150.1400,2.449100
150.1600,2.126992
150.1800,2.295722
150.2000,3.184280
150.2200,2.607737
150.2400,2.213046
150.2600,2.027401
150.2800,2.357038
150.3000,2.196258
150.3200,2.109800
150.3400,2.678498
150.3600,3.526120
150.3800,2.757345
150.4000,2.317573
150.4200,2.076883
150.4400,2.087711
150.4600,2.409688
150.4800,2.352303
150.5000,3.399872
150.5200,3.600000
150.5400,3.600000
150.5600,2.812456
150.5800,2.466254
150.6000,2.251052
150.6200,2.146028
150.6400,2.435472
150.6600,3.600000
150.6800,3.600000
150.7000,2.990682
150.7200,2.852252
150.7400,3.600000
150.7600,3.600000
150.7800,3.589656
150.8000,2.669958
150.8200,3.460991
150.8400,3.600000
150.8600,3.600000
150.8800,3.330552
150.9000,3.523586
150.9200,3.044116
150.9400,3.600000
150.9600,3.077805
150.9800,2.877171
151.0000,3.600000
151.0200,3.600000
151.0400,2.963048
151.0600,2.319196
151.0800,1.883908
151.1000,1.774912
151.1200,1.922059
151.1400,1.860032
151.1600,1.618335
151.1800,1.758605
151.2000,1.563139
151.2200,1.596143
151.2400,1.439677
151.2600,1.542278
151.2800,1.662035
151.3000,1.639329
151.3200,1.639228
151.3400,1.864925
151.3600,2.235026
151.3800,2.377342
151.4000,2.209184
151.4200,2.438095
151.4400,2.744062
151.4600,2.709627
151.4800,2.695549
151.5000,2.690804
151.5200,2.687877
151.5400,3.250606
151.5600,3.231558
151.5800,2.641751
151.6000,2.578821
151.6200,2.452767
151.6400,2.262800
151.6600,2.274788
151.6800,2.417952
151.7000,2.397942
151.7200,2.476231
151.7400,3.370232
151.7600,3.240671
151.7800,3.600000
151.8000,3.600000
151.8200,3.600000
151.8400,2.835819
151.8600,2.356736
151.8800,2.127821
151.9000,2.242208
151.9200,2.381505
151.9400,2.283762
151.9600,2.849893
151.9800,3.600000
152.0000,3.600000
152.0200,3.215490
152.0400,3.600000
152.0600,3.310185
152.0800,2.938757
152.1000,2.545240
152.1200,2.168987
152.1400,2.158347
152.1600,2.442166
152.1800,2.795279
152.2000,3.600000
152.2200,3.125430
152.2400,2.477639
152.2600,2.442844
152.2800,2.186185
152.3000,2.400447
152.3200,2.426276
152.3400,2.189982
152.3600,2.379772
152.3800,2.955736
152.4000,2.821428
152.4200,2.617130
152.4400,2.230810
152.4600,2.173177
152.4800,2.094239
152.5000,2.047234
152.5200,1.891813
152.5400,1.833766
152.5600,2.016202
152.5800,1.902700
152.6000,1.663080
152.6200,1.714168
152.6400,1.927309
152.6600,1.933346
152.6800,1.818545
152.7000,1.843218
152.7200,1.956040
152.7400,1.927578
152.7600,1.876599
152.7800,1.970822
152.8000,1.919124
152.8200,1.691853
152.8400,1.559549
152.8600,1.671496
152.8800,0.298277
152.9000,0.349286
152.9200,0.370454
152.9400,0.398975
152.9600,0.367295
152.9800,0.298007
153.0000,0.286044
153.0200,0.220285
153.0400,0.212151
153.0600,0.185866
153.0800,0.214326
153.1000,0.231140
153.1200,0.264514
153.1400,0.265825
153.1600,0.251571
153.1800,0.297950
153.2000,0.300175
153.2200,0.238683
153.2400,0.277992
153.2600,0.265420
153.2800,0.281427
153.3000,0.351672
153.3200,0.280125
153.3400,0.442949
153.3600,0.664585
153.3800,0.824362
153.4000,0.909037
153.4200,1.076342
153.4400,1.248677
153.4600,1.265157
153.4800,1.312822
153.5000,1.402953
153.5200,1.303300
153.5400,1.481405
153.5600,1.878731
153.5800,1.768939
153.6000,1.795538
153.6200,1.891114
153.6400,1.936246
153.6600,1.724672
153.6800,1.540256
153.7000,1.355815
153.7200,1.478131
153.7400,1.623501
153.7600,1.806595
153.7800,1.911733
153.8000,1.703410
153.8200,1.625751
153.8400,1.692836
153.8600,1.697165
153.8800,1.630712
153.9000,1.646140
153.9200,1.659845
153.9400,1.825228
153.9600,1.804828
153.9800,1.865473
154.0000,2.162821
154.0200,2.999084
154.0400,3.185849
154.0600,2.449100
154.0800,2.126992
154.1000,2.295722
154.1200,3.184280
154.1400,2.607737
154.1600,2.213046
154.1800,2.027401
154.2000,2.357038
154.2200,2.196258
154.2400,2.109800
154.2600,2.678498
154.2800,3.526120
154.3000,2.757345
154.3200,2.317573
154.3400,2.076883
154.3600,2.087711
154.3800,2.409688
154.4000,2.352303
154.4200,3.399872
154.4400,3.600000
154.4600,3.600000
154.4800,2.812456
154.5000,2.466254
154.5200,2.251052
154.5400,2.146028
154.5600,2.435472
154.5800,3.600000
154.6000,3.600000
154.6200,2.990682
154.6400,2.852252
154.6600,3.600000
154.6800,3.600000
154.7000,3.589656
154.7200,2.669958
154.7400,3.460991
154.7600,3.600000
154.7800,3.600000
154.8000,3.330552
154.8200,3.523586
154.8400,3.044116
154.8600,3.600000
154.8800,3.077805
154.9000,2.877171
154.9200,3.600000
154.9400,3.600000
154.9600,2.963048
154.9800,2.319196
155.0000,1.883908
155.0200,1.774912
155.0400,1.922059
155.0600,1.860032
155.0800,1.618335
155.1000,1.758605
155.1200,1.563139
155.1400,1.596143
155.1600,1.439677
155.1800,1.542278
155.2000,1.662035
155.2200,1.639329
155.2400,1.639228
155.2600,1.864925
155.2800,2.235026
155.3000,2.377342
155.3200,2.209184
155.3400,2.438095
155.3600,2.744062
155.3800,2.709627
155.4000,2.695549
155.4200,2.690804
155.4400,2.687877
155.4600,3.250606
155.4800,3.231558
155.5000,2.641751
155.5200,2.578821
155.5400,2.452767
155.5600,2.262800
155.5800,2.274788
155.6000,2.417952
155.6200,2.397942
155.6400,2.476231
155.6600,3.370232
155.6800,3.240671
155.7000,3.600000
155.7200,3.600000
155.7400,3.600000
155.7600,2.835819
155.7800,2.356736
155.8000,2.127821
155.8200,2.242208
155.8400,2.381505
155.8600,2.283762
155.8800,2.849893
155.9000,3.600000
155.9200,3.600000
155.9400,3.215490
155.9600,3.600000
155.9800,3.310185
156.0000,2.938757
156.0200,2.545240
156.0400,2.168987
156.0600,2.158347
156.0800,2.442166
156.1000,2.795279
156.1200,3.600000
156.1400,3.125430
156.1600,2.477639
156.1800,2.442844
156.2000,2.186185
156.2200,2.400447
156.2400,2.426276
156.2600,2.189982
156.2800,2.379772
156.3000,2.955736
156.3200,2.821428
156.3400,2.617130
156.3600,2.230810
156.3800,2.173177
156.4000,2.094239
156.4200,2.047234
156.4400,1.891813
156.4600,1.833766
156.4800,2.016202
156.5000,1.902700
156.5200,1.663080
156.5400,1.714168
156.5600,1.927309
156.5800,1.933346
156.6000,1.818545
156.6200,1.843218
156.6400,1.956040
156.6600,1.927578
156.6800,1.876599
156.7000,1.970822
156.7200,1.919124
156.7400,1.691853
156.7600,1.559549
156.7800,1.671496
156.8000,0.298277
156.8200,0.349286
156.8400,0.370454
156.8600,0.398975
156.8800,0.367295
156.9000,0.298007
156.9200,0.286044
156.9400,0.220285
156.9600,0.212151
156.9800,0.185866
157.0000,0.214326
157.0200,0.231140
157.0400,0.264514
157.0600,0.265825
157.0800,0.251571
157.1000,0.297950
157.1200,0.300175
157.1400,0.238683
157.1600,0.277992
157.1800,0.265420
157.2000,0.281427
157.2200,0.351672
157.2400,0.280125
157.2600,0.442949
157.2800,0.664585
157.3000,0.824362
157.3200,0.909037
157.3400,1.076342
157.3600,1.248677
157.3800,1.265157
157.4000,1.312822
157.4200,1.402953
157.4400,1.303300
157.4600,1.481405
157.4800,1.878731
157.5000,1.768939
157.5200,1.795538
157.5400,1.891114
157.5600,1.936246
157.5800,1.724672
157.6000,1.540256
157.6200,1.355815
157.6400,1.478131
157.6600,1.623501
157.6800,1.806595
157.7000,1.911733
157.7200,1.703410
157.7400,1.625751
157.7600,1.692836
157.7800,1.697165
157.8000,1.630712
157.8200,1.646140
157.8400,1.659845
157.8600,1.825228
157.8800,1.804828
157.9000,1.865473
157.9200,2.162821
157.9400,2.999084
157.9600,3.185849
157.9800,2.449100
158.0000,2.126992
158.0200,2.295722
158.0400,3.184280
158.0600,2.607737
158.0800,2.213046
158.1000,2.027401
158.1200,2.357038
158.1400,2.196258
158.1600,2.109800
158.1800,2.678498
158.2000,3.526120
158.2200,2.757345
158.2400,2.317573
158.2600,2.076883
158.2800,2.087711
158.3000,2.409688
158.3200,2.352303
158.3400,3.399872
158.3600,3.600000
158.3800,3.600000
158.4000,2.812456
158.4200,2.466254
158.4400,2.251052
158.4600,2.146028
158.4800,2.435472
158.5000,3.600000
158.5200,3.600000
158.5400,2.990682
158.5600,2.852252
158.5800,3.600000
158.6000,3.600000
158.6200,3.589656
158.6400,2.669958
158.6600,3.460991
158.6800,3.600000
158.7000,3.600000
158.7200,3.330552
158.7400,3.523586
158.7600,3.044116
158.7800,3.600000
158.8000,3.077805
158.8200,2.877171
158.8400,3.600000
158.8600,3.600000
158.8800,2.963048
158.9000,2.319196
158.9200,1.883908
158.9400,1.774912
158.9600,1.922059
158.9800,1.860032
159.0000,1.618335
159.0200,1.758605
159.0400,1.563139
159.0600,1.596143
159.0800,1.439677
159.1000,1.542278
159.1200,1.662035
159.1400,1.639329
159.1600,1.639228
159.1800,1.864925
159.2000,2.235026
159.2200,2.377342
159.2400,2.209184
159.2600,2.438095
159.2800,2.744062
159.3000,2.709627
159.3200,2.695549
159.3400,2.690804
159.3600,2.687877
159.3800,3.250606
159.4000,3.231558
159.4200,2.641751
159.4400,2.578821
159.4600,2.452767
159.4800,2.262800
159.5000,2.274788
159.5200,2.417952
159.5400,2.397942
159.5600,2.476231
159.5800,3.370232
159.6000,3.240671
159.6200,3.600000
159.6400,3.600000
159.6600,3.600000
159.6800,2.835819
159.7000,2.356736
159.7200,2.127821
159.7400,2.242208
159.7600,2.381505
159.7800,2.283762
159.8000,2.849893
159.8200,3.600000
159.8400,3.600000
159.8600,3.215490
159.8800,3.600000
159.9000,3.310185
159.9200,2.938757
159.9400,2.545240
159.9600,2.168987
159.9800,2.158347
160.0000,2.442166
160.0200,2.795279
160.0400,3.600000
160.0600,3.125430
160.0800,2.477639
160.1000,2.442844
160.1200,2.186185
160.1400,2.400447
160.1600,2.426276
160.1800,2.189982
160.2000,2.379772
160.2200,2.955736
160.2400,2.821428
160.2600,2.617130
160.2800,2.230810
160.3000,2.173177
160.3200,2.094239
160.3400,2.047234
160.3600,1.891813
160.3800,1.833766
160.4000,2.016202
160.4200,1.902700
160.4400,1.663080
160.4600,1.714168
160.4800,1.927309
160.5000,1.933346
160.5200,1.818545
160.5400,1.843218
160.5600,1.956040
160.5800,1.927578
160.6000,1.876599
160.6200,1.970822
160.6400,1.919124
160.6600,1.691853
160.6800,1.559549
160.7000,1.671496
160.7200,0.298277
160.7400,0.349286
160.7600,0.370454
160.7800,0.398975
160.8000,0.367295
160.8200,0.298007
160.8400,0.286044
160.8600,0.220285
160.8800,0.212151
160.9000,0.185866
160.9200,0.214326
160.9400,0.231140
160.9600,0.264514
160.9800,0.265825
161.0000,0.251571
161.0200,0.297950
161.0400,0.300175
161.0600,0.238683
161.0800,0.277992
161.1000,0.265420
161.1200,0.281427
161.1400,0.351672
161.1600,0.280125
161.1800,0.442949
161.2000,0.664585
161.2200,0.824362
161.2400,0.909037
161.2600,1.076342
161.2800,1.248677
161.3000,1.265157
161.3200,1.312822
161.3400,1.402953
161.3600,1.303300
161.3800,1.481405
161.4000,1.878731
161.4200,1.768939
161.4400,1.795538
161.4600,1.891114
161.4800,1.936246
161.5000,1.724672
161.5200,1.540256
161.5400,1.355815
161.5600,1.478131
161.5800,1.623501
161.6000,1.806595
161.6200,1.911733
161.6400,1.703410
161.6600,1.625751
161.6800,1.692836
161.7000,1.697165
161.7200,1.630712
161.7400,1.646140
161.7600,1.659845
161.7800,1.825228
161.8000,1.804828
161.8200,1.865473
161.8400,2.162821
161.8600,2.999084
161.8800,3.185849
161.9000,2.449100
161.9200,2.126992
161.9400,2.295722
161.9600,3.184280
161.9800,2.607737
162.0000,2.213046
162.0200,2.027401
162.0400,2.357038
162.0600,2.196258
162.0800,2.109800
162.1000,2.678498
162.1200,3.526120
162.1400,2.757345
162.1600,2.317573
162.1800,2.076883
162.2000,2.087711
162.2200,2.409688
162.2400,2.352303
162.2600,3.399872
162.2800,3.600000
162.3000,3.600000
162.3200,2.812456
162.3400,2.466254
162.3600,2.251052
162.3800,2.146028
162.4000,2.435472
162.4200,3.600000
162.4400,3.600000
162.4600,2.990682
162.4800,2.852252
162.5000,3.600000
162.5200,3.600000
162.5400,3.589656
162.5600,2.669958
162.5800,3.460991
162.6000,3.600000
162.6200,3.600000
162.6400,3.330552
162.6600,3.523586
162.6800,3.044116
162.7000,3.600000
162.7200,3.077805
162.7400,2.877171
162.7600,3.600000
162.7800,3.600000
162.8000,2.963048
162.8200,2.319196
162.8400,1.883908
162.8600,1.774912
162.8800,1.922059
162.9000,1.860032
162.9200,1.618335
162.9400,1.758605
162.9600,1.563139
162.9800,1.596143
163.0000,1.439677
163.0200,1.542278
163.0400,1.662035
163.0600,1.639329
163.0800,1.639228
163.1000,1.864925
163.1200,2.235026
163.1400,2.377342
163.1600,2.209184
163.1800,2.438095
163.2000,2.744062
163.2200,2.709627
163.2400,2.695549
163.2600,2.690804
163.2800,2.687877
163.3000,3.250606
163.3200,3.231558
163.3400,2.641751
163.3600,2.578821
163.3800,2.452767
163.4000,2.262800
163.4200,2.274788
163.4400,2.417952
163.4600,2.397942
163.4800,2.476231
163.5000,3.370232
163.5200,3.240671
163.5400,3.600000
163.5600,3.600000
163.5800,3.600000
163.6000,2.835819
163.6200,2.356736
163.6400,2.127821
163.6600,2.242208
163.6800,2.381505
163.7000,2.283762
163.7200,2.849893
163.7400,3.600000
163.7600,3.600000
163.7800,3.215490
163.8000,3.600000
163.8200,3.310185
163.8400,2.938757
163.8600,2.545240
163.8800,2.168987
163.9000,2.158347
163.9200,2.442166
163.9400,2.795279
163.9600,3.600000
163.9800,3.125430
164.0000,2.477639
164.0200,2.442844
164.0400,2.186185
164.0600,2.400447
164.0800,2.426276
164.1000,2.189982
164.1200,2.379772
164.1400,2.955736
164.1600,2.821428
164.1800,2.617130
164.2000,2.230810
164.2200,2.173177
164.2400,2.094239
164.2600,2.047234
164.2800,1.891813
164.3000,1.833766
164.3200,2.016202
164.3400,1.902700
164.3600,1.663080
164.3800,1.714168
164.4000,1.927309
164.4200,1.933346
164.4400,1.818545
164.4600,1.843218
164.4800,1.956040
164.5000,1.927578
164.5200,1.876599
164.5400,1.970822
164.5600,1.919124
164.5800,1.691853
164.6000,1.559549
164.6200,1.671496
164.6400,0.298277
164.6600,0.349286
164.6800,0.370454
164.7000,0.398975
164.7200,0.367295
164.7400,0.298007
164.7600,0.286044
164.7800,0.220285
164.8000,0.212151
164.8200,0.185866
164.8400,0.214326
164.8600,0.231140
164.8800,0.264514
164.9000,0.265825
164.9200,0.251571
164.9400,0.297950
164.9600,0.300175
164.9800,0.238683
165.0000,0.277992
165.0200,0.265420
165.0400,0.281427
165.0600,0.351672
165.0800,0.280125
165.1000,0.442949
165.1200,0.664585
165.1400,0.824362
165.1600,0.909037
165.1800,1.076342
165.2000,1.248677
165.2200,1.265157
165.2400,1.312822
165.2600,1.402953
165.2800,1.303300
165.3000,1.481405
165.3200,1.878731
165.3400,1.768939
165.3600,1.795538
165.3800,1.891114
165.4000,1.936246
165.4200,1.724672
165.4400,1.540256
165.4600,1.355815
165.4800,1.478131
165.5000,1.623501
165.5200,1.806595
165.5400,1.911733
165.5600,1.703410
165.5800,1.625751
165.6000,1.692836
165.6200,1.697165
165.6400,1.630712
165.6600,1.646140
165.6800,1.659845
165.7000,1.825228
165.7200,1.804828
165.7400,1.865473
165.7600,2.162821
165.7800,2.999084
165.8000,3.185849
165.8200,2.449100
165.8400,2.126992
165.8600,2.295722
165.8800,3.184280
165.9000,2.607737
165.9200,2.213046
165.9400,2.027401
165.9600,2.357038
165.9800,2.196258
166.0000,2.109800
166.0200,2.678498
166.0400,3.526120
166.0600,2.757345
166.0800,2.317573
166.1000,2.076883
166.1200,2.087711
166.1400,2.409688
166.1600,2.352303
166.1800,3.399872
166.2000,3.600000
166.2200,3.600000
166.2400,2.812456
166.2600,2.466254
166.2800,2.251052
166.3000,2.146028
166.3200,2.435472
166.3400,3.600000
166.3600,3.600000
166.3800,2.990682
166.4000,2.852252
166.4200,3.600000
166.4400,3.600000
166.4600,3.589656
166.4800,2.669958
166.5000,3.460991
166.5200,3.600000
166.5400,3.600000
166.5600,3.330552
166.5800,3.523586
166.6000,3.044116
166.6200,3.600000
166.6400,3.077805
166.6600,2.877171
166.6800,3.600000
166.7000,3.600000
166.7200,2.963048
166.7400,2.319196
166.7600,1.883908
166.7800,1.774912
166.8000,1.922059
166.8200,1.860032
166.8400,1.618335
166.8600,1.758605
166.8800,1.563139
166.9000,1.596143
166.9200,1.439677
166.9400,1.542278
166.9600,1.662035
166.9800,1.639329
167.0000,1.639228
167.0200,1.864925
167.0400,2.235026
167.0600,2.377342
167.0800,2.209184
167.1000,2.438095
167.1200,2.744062
167.1400,2.709627
167.1600,2.695549
167.1800,2.690804
167.2000,2.687877
167.2200,3.250606
167.2400,3.231558
167.2600,2.641751
167.2800,2.578821
167.3000,2.452767
167.3200,2.262800
167.3400,2.274788
167.3600,2.417952
167.3800,2.397942
167.4000,2.476231
167.4200,3.370232
167.4400,3.240671
167.4600,3.600000
167.4800,3.600000
167.5000,3.600000
167.5200,2.835819
167.5400,2.356736
167.5600,2.127821
167.5800,2.242208
167.6000,2.381505
167.6200,2.283762
167.6400,2.849893
167.6600,3.600000
167.6800,3.600000
167.7000,3.215490
167.7200,3.600000
167.7400,3.310185
167.7600,2.938757
167.7800,2.545240
167.8000,2.168987
167.8200,2.158347
167.8400,2.442166
167.8600,2.795279
167.8800,3.600000
167.9000,3.125430
167.9200,2.477639
167.9400,2.442844
167.9600,2.186185
167.9800,2.400447
168.0000,2.426276
168.0200,2.189982
168.0400,2.379772
168.0600,2.955736
168.0800,2.821428
168.1000,2.617130
168.1200,2.230810
168.1400,2.173177
168.1600,2.094239
168.1800,2.047234
168.2000,1.891813
168.2200,1.833766
168.2400,2.016202
168.2600,1.902700
168.2800,1.663080
168.3000,1.714168
168.3200,1.927309
168.3400,1.933346
168.3600,1.818545
168.3800,1.843218
168.4000,1.956040
168.4200,1.927578
168.4400,1.876599
168.4600,1.970822
168.4800,1.919124
168.5000,1.691853
168.5200,1.559549
168.5400,1.671496
168.5600,0.298277
168.5800,0.349286
168.6000,0.370454
168.6200,0.398975
168.6400,0.367295
168.6600,0.298007
168.6800,0.286044
168.7000,0.220285
168.7200,0.212151
168.7400,0.185866
168.7600,0.214326
168.7800,0.231140
168.8000,0.264514
168.8200,0.265825
168.8400,0.251571
168.8600,0.297950
168.8800,0.300175
168.9000,0.238683
168.9200,0.277992
168.9400,0.265420
168.9600,0.281427
168.9800,0.351672
169.0000,0.280125
169.0200,0.442949
169.0400,0.664585
169.0600,0.824362
169.0800,0.909037
169.1000,1.076342
169.1200,1.248677
169.1400,1.265157
169.1600,1.312822
169.1800,1.402953
169.2000,1.303300
169.2200,1.481405
169.2400,1.878731
169.2600,1.768939
169.2800,1.795538
169.3000,1.891114
169.3200,1.936246
169.3400,1.724672
169.3600,1.540256
169.3800,1.355815
169.4000,1.478131
169.4200,1.623501
169.4400,1.806595
169.4600,1.911733
169.4800,1.703410
169.5000,1.625751
169.5200,1.692836
169.5400,1.697165
169.5600,1.630712
169.5800,1.646140
169.6000,1.659845
169.6200,1.825228
169.6400,1.804828
169.6600,1.865473
169.6800,2.162821
169.7000,2.999084
169.7200,3.185849
169.7400,2.449100
169.7600,2.126992
169.7800,2.295722
169.8000,3.184280
169.8200,2.607737
169.8400,2.213046
169.8600,2.027401
169.8800,2.357038
169.9000,2.196258
169.9200,2.109800
169.9400,2.678498
169.9600,3.526120
169.9800,2.757345
170.0000,2.317573
170.0200,2.076883
170.0400,2.087711
170.0600,2.409688
170.0800,2.352303
170.1000,3.399872
170.1200,3.600000
170.1400,3.600000
170.1600,2.812456
170.1800,2.466254
170.2000,2.251052
170.2200,2.146028
170.2400,2.435472
170.2600,3.600000
170.2800,3.600000
170.3000,2.990682
170.3200,2.852252
170.3400,3.600000
170.3600,3.600000
170.3800,3.589656
170.4000,2.669958
170.4200,3.460991
170.4400,3.600000
170.4600,3.600000
170.4800,3.330552
170.5000,3.523586
170.5200,3.044116
170.5400,3.600000
170.5600,3.077805
170.5800,2.877171
170.6000,3.600000
170.6200,3.600000
170.6400,2.963048
170.6600,2.319196
170.6800,1.883908
170.7000,1.774912
170.7200,1.922059
170.7400,1.860032
170.7600,1.618335
170.7800,1.758605
170.8000,1.563139
170.8200,1.596143
170.8400,1.439677
170.8600,1.542278
170.8800,1.662035
170.9000,1.639329
170.9200,1.639228
170.9400,1.864925
170.9600,2.235026
170.9800,2.377342
171.0000,2.209184
171.0200,2.438095
171.0400,2.744062
171.0600,2.709627
171.0800,2.695549
171.1000,2.690804
171.1200,2.687877
171.1400,3.250606
171.1600,3.231558
171.1800,2.641751
171.2000,2.578821
171.2200,2.452767
171.2400,2.262800
171.2600,2.274788
171.2800,2.417952
171.3000,2.397942
171.3200,2.476231
171.3400,3.370232
171.3600,3.240671
171.3800,3.600000
171.4000,3.600000
171.4200,3.600000
171.4400,2.835819
171.4600,2.356736
171.4800,2.127821
171.5000,2.242208
171.5200,2.381505
171.5400,2.283762
171.5600,2.849893
171.5800,3.600000
171.6000,3.600000
171.6200,3.215490
171.6400,3.600000
171.6600,3.310185
171.6800,2.938757
171.7000,2.545240
171.7200,2.168987
171.7400,2.158347
171.7600,2.442166
171.7800,2.795279
171.8000,3.600000
171.8200,3.125430
171.8400,2.477639
171.8600,2.442844
171.8800,2.186185
171.9000,2.400447
171.9200,2.426276
171.9400,2.189982
171.9600,2.379772
171.9800,2.955736
172.0000,2.821428
172.0200,2.617130
172.0400,2.230810
172.0600,2.173177
172.0800,2.094239
172.1000,2.047234
172.1200,1.891813
172.1400,1.833766
172.1600,2.016202
172.1800,1.902700
172.2000,1.663080
172.2200,1.714168
172.2400,1.927309
172.2600,1.933346
172.2800,1.818545
172.3000,1.843218
172.3200,1.956040
172.3400,1.927578
172.3600,1.876599
172.3800,1.970822
172.4000,1.919124
172.4200,1.691853
172.4400,1.559549
172.4600,1.671496
172.4800,0.298277
172.5000,0.349286
172.5200,0.370454
172.5400,0.398975
172.5600,0.367295
172.5800,0.298007
172.6000,0.286044
172.6200,0.220285
172.6400,0.212151
172.6600,0.185866
172.6800,0.214326
172.7000,0.231140
172.7200,0.264514
172.7400,0.265825
172.7600,0.251571
172.7800,0.297950
172.8000,0.300175
172.8200,0.238683
172.8400,0.277992
172.8600,0.265420
172.8800,0.281427
172.9000,0.351672
172.9200,0.280125
172.9400,0.442949
172.9600,0.664585
172.9800,0.824362
173.0000,0.909037
173.0200,1.076342
173.0400,1.248677
173.0600,1.265157
173.0800,1.312822
173.1000,1.402953
173.1200,1.303300
173.1400,1.481405
173.1600,1.878731
173.1800,1.768939
173.2000,1.795538
173.2200,1.891114
173.2400,1.936246
173.2600,1.724672
173.2800,1.540256
173.3000,1.355815
173.3200,1.478131
173.3400,1.623501
173.3600,1.806595
173.3800,1.911733
173.4000,1.703410
173.4200,1.625751
173.4400,1.692836
173.4600,1.697165
173.4800,1.630712
173.5000,1.646140
173.5200,1.659845
173.5400,1.825228
173.5600,1.804828
173.5800,1.865473
173.6000,2.162821
173.6200,2.999084
173.6400,3.185849
173.6600,2.449100
173.6800,2.126992
173.7000,2.295722
173.7200,3.184280
173.7400,2.607737
173.7600,2.213046
173.7800,2.027401
173.8000,2.357038
173.8200,2.196258
173.8400,2.109800
173.8600,2.678498
173.8800,3.526120
173.9000,2.757345
173.9200,2.317573
173.9400,2.076883
173.9600,2.087711
173.9800,2.409688
174.0000,2.352303
174.0200,3.399872
174.0400,3.600000
174.0600,3.600000
174.0800,2.812456
174.1000,2.466254
174.1200,2.251052
174.1400,2.146028
174.1600,2.435472
174.1800,3.600000
174.2000,3.600000
174.2200,2.990682
174.2400,2.852252
174.2600,3.600000
174.2800,3.600000
174.3000,3.589656
174.3200,2.669958
174.3400,3.460991
174.3600,3.600000
174.3800,3.600000
174.4000,3.330552
174.4200,3.523586
174.4400,3.044116
174.4600,3.600000
174.4800,3.077805
174.5000,2.877171
174.5200,3.600000
174.5400,3.600000
174.5600,2.963048
174.5800,2.319196
174.6000,1.883908
174.6200,1.774912
174.6400,1.922059
174.6600,1.860032
174.6800,1.618335
174.7000,1.758605
174.7200,1.563139
174.7400,1.596143
174.7600,1.439677
174.7800,1.542278
174.8000,1.662035
174.8200,1.639329
174.8400,1.639228
174.8600,1.864925
174.8800,2.235026
174.9000,2.377342
174.9200,2.209184
174.9400,2.438095
174.9600,2.744062
174.9800,2.709627
175.0000,2.695549
175.0200,2.690804
175.0400,2.687877
175.0600,3.250606
175.0800,3.231558
175.1000,2.641751
175.1200,2.578821
175.1400,2.452767
175.1600,2.262800
175.1800,2.274788
175.2000,2.417952
175.2200,2.397942
175.2400,2.476231
175.2600,3.370232
175.2800,3.240671
175.3000,3.600000
175.3200,3.600000
175.3400,3.600000
175.3600,2.835819
175.3800,2.356736
175.4000,2.127821
175.4200,2.242208
175.4400,2.381505
175.4600,2.283762
175.4800,2.849893
175.5000,3.600000
175.5200,3.600000
175.5400,3.215490
175.5600,3.600000
175.5800,3.310185
175.6000,2.938757
175.6200,2.545240
175.6400,2.168987
175.6600,2.158347
175.6800,2.442166
175.7000,2.795279
175.7200,3.600000
175.7400,3.125430
175.7600,2.477639
175.7800,2.442844
175.8000,2.186185
175.8200,2.400447
175.8400,2.426276
175.8600,2.189982
175.8800,2.379772
175.9000,2.955736
175.9200,2.821428
175.9400,2.617130
175.9600,2.230810
175.9800,2.173177
176.0000,2.094239
176.0200,2.047234
176.0400,1.891813
176.0600,1.833766
176.0800,2.016202
176.1000,1.902700
176.1200,1.663080
176.1400,1.714168
176.1600,1.927309
176.1800,1.933346
176.2000,1.818545
176.2200,1.843218
176.2400,1.956040
176.2600,1.927578
176.2800,1.876599
176.3000,1.970822
176.3200,1.919124
176.3400,1.691853
176.3600,1.559549
176.3800,1.671496
176.4000,0.298277
176.4200,0.349286
176.4400,0.370454
176.4600,0.398975
176.4800,0.367295
176.5000,0.298007
176.5200,0.286044
176.5400,0.220285
176.5600,0.212151
176.5800,0.185866
176.6000,0.214326
176.6200,0.231140
176.6400,0.264514
176.6600,0.265825
176.6800,0.251571
176.7000,0.297950
176.7200,0.300175
176.7400,0.238683
176.7600,0.277992
176.7800,0.265420
176.8000,0.281427
176.8200,0.351672
176.8400,0.280125
176.8600,0.442949
176.8800,0.664585
176.9000,0.824362
176.9200,0.909037
176.9400,1.076342
176.9600,1.248677
176.9800,1.265157
177.0000,1.312822
177.0200,1.402953
177.0400,1.303300
177.0600,1.481405
177.0800,1.878731
177.1000,1.768939
177.1200,1.795538
177.1400,1.891114
177.1600,1.936246
177.1800,1.724672
177.2000,1.540256
177.2200,1.355815
177.2400,1.478131
177.2600,1.623501
177.2800,1.806595
177.3000,1.911733
177.3200,1.703410
177.3400,1.625751
177.3600,1.692836
177.3800,1.697165
177.4000,1.630712
177.4200,1.646140
177.4400,1.659845
177.4600,1.825228
177.4800,1.804828
177.5000,1.865473
177.5200,2.162821
177.5400,2.999084
177.5600,3.185849
177.5800,2.449100
177.6000,2.126992
177.6200,2.295722
177.6400,3.184280
177.6600,2.607737
177.6800,2.213046
177.7000,2.027401
177.7200,2.357038
177.7400,2.196258
177.7600,2.109800
177.7800,2.678498
177.8000,3.526120
177.8200,2.757345
177.8400,2.317573
177.8600,2.076883
177.8800,2.087711
177.9000,2.409688
177.9200,2.352303
177.9400,3.399872
177.9600,3.600000
177.9800,3.600000
178.0000,2.812456
178.0200,2.466254
178.0400,2.251052
178.0600,2.146028
178.0800,2.435472
178.1000,3.600000
178.1200,3.600000
178.1400,2.990682
178.1600,2.852252
178.1800,3.600000
178.2000,3.600000
178.2200,3.589656
178.2400,2.669958
178.2600,3.460991
178.2800,3.600000
178.3000,3.600000
178.3200,3.330552
178.3400,3.523586
178.3600,3.044116
178.3800,3.600000
178.4000,3.077805
178.4200,2.877171
178.4400,3.600000
178.4600,3.600000
178.4800,2.963048
178.5000,2.319196
178.5200,1.883908
178.5400,1.774912
178.5600,1.922059
178.5800,1.860032
178.6000,1.618335
178.6200,1.758605
178.6400,1.563139
178.6600,1.596143
178.6800,1.439677
178.7000,1.542278
178.7200,1.662035
178.7400,1.639329
178.7600,1.639228
178.7800,1.864925
178.8000,2.235026
178.8200,2.377342
178.8400,2.209184
178.8600,2.438095
178.8800,2.744062
178.9000,2.709627
178.9200,2.695549
178.9400,2.690804
178.9600,2.687877
178.9800,3.250606
179.0000,3.231558
179.0200,2.641751
179.0400,2.578821
179.0600,2.452767
179.0800,2.262800
179.1000,2.274788
179.1200,2.417952
179.1400,2.397942
179.1600,2.476231
179.1800,3.370232
179.2000,3.240671
179.2200,3.600000
179.2400,3.600000
179.2600,3.600000
179.2800,2.835819
179.3000,2.356736
179.3200,2.127821
179.3400,2.242208
179.3600,2.381505
179.3800,2.283762
179.4000,2.849893
179.4200,3.600000
179.4400,3.600000
179.4600,3.215490
179.4800,3.600000
179.5000,3.310185
179.5200,2.938757
179.5400,2.545240
179.5600,2.168987
179.5800,2.158347
179.6000,2.442166
179.6200,2.795279
179.6400,3.600000
179.6600,3.125430
179.6800,2.477639
179.7000,2.442844
179.7200,2.186185
179.7400,2.400447
179.7600,2.426276
179.7800,2.189982
179.8000,2.379772
179.8200,2.955736
179.8400,2.821428
179.8600,2.617130
179.8800,2.230810
179.9000,2.173177
179.9200,2.094239
179.9400,2.047234
179.9600,1.891813
179.9800,1.833766
180.0000,2.016202
180.0200,1.902700
180.0400,1.663080
180.0600,1.714168
180.0800,1.927309
180.1000,1.933346
180.1200,1.818545
180.1400,1.843218
180.1600,1.956040
180.1800,1.927578
180.2000,1.876599
180.2200,1.970822
180.2400,1.919124
180.2600,1.691853
180.2800,1.559549
180.3000,1.671496
180.3200,0.298277
180.3400,0.349286
180.3600,0.370454
180.3800,0.398975
180.4000,0.367295
180.4200,0.298007
180.4400,0.286044
180.4600,0.220285
180.4800,0.212151
180.5000,0.185866
180.5200,0.214326
180.5400,0.231140
180.5600,0.264514
180.5800,0.265825
180.6000,0.251571
180.6200,0.297950
180.6400,0.300175
180.6600,0.238683
180.6800,0.277992
180.7000,0.265420
180.7200,0.281427
180.7400,0.351672
180.7600,0.280125
180.7800,0.442949
180.8000,0.664585
180.8200,0.824362
180.8400,0.909037
180.8600,1.076342
180.8800,1.248677
180.9000,1.265157
180.9200,1.312822
180.9400,1.402953
180.9600,1.303300
180.9800,1.481405
181.0000,1.878731
181.0200,1.768939
181.0400,1.795538
181.0600,1.891114
181.0800,1.936246
181.1000,1.724672
181.1200,1.540256
181.1400,1.355815
181.1600,1.478131
181.1800,1.623501
181.2000,1.806595
181.2200,1.911733
181.2400,1.703410
181.2600,1.625751
181.2800,1.692836
181.3000,1.697165
181.3200,1.630712
181.3400,1.646140
181.3600,1.659845
181.3800,1.825228
181.4000,1.804828
181.4200,1.865473
181.4400,2.162821
181.4600,2.999084
181.4800,3.185849
181.5000,2.449100
181.5200,2.126992
181.5400,2.295722
181.5600,3.184280
181.5800,2.607737
181.6000,2.213046
181.6200,2.027401
181.6400,2.357038
181.6600,2.196258
181.6800,2.109800
181.7000,2.678498
181.7200,3.526120
181.7400,2.757345
181.7600,2.317573
181.7800,2.076883
181.8000,2.087711
181.8200,2.409688
181.8400,2.352303
181.8600,3.399872
181.8800,3.600000
181.9000,3.600000
181.9200,2.812456
181.9400,2.466254
181.9600,2.251052
181.9800,2.146028
182.0000,2.435472
182.0200,3.600000
182.0400,3.600000
182.0600,2.990682
182.0800,2.852252
182.1000,3.600000
182.1200,3.600000
182.1400,3.589656
182.1600,2.669958
182.1800,3.460991
182.2000,3.600000
182.2200,3.600000
182.2400,3.330552
182.2600,3.523586
182.2800,3.044116
182.3000,3.600000
182.3200,3.077805
182.3400,2.877171
182.3600,3.600000
182.3800,3.600000
182.4000,2.963048
182.4200,2.319196
182.4400,1.883908
182.4600,1.774912
182.4800,1.922059
182.5000,1.860032
182.5200,1.618335
182.5400,1.758605
182.5600,1.563139
182.5800,1.596143
182.6000,1.439677
182.6200,1.542278
182.6400,1.662035
182.6600,1.639329
182.6800,1.639228
182.7000,1.864925
182.7200,2.235026
182.7400,2.377342
182.7600,2.209184
182.7800,2.438095
182.8000,2.744062
182.8200,2.709627
182.8400,2.695549
182.8600,2.690804
182.8800,2.687877
182.9000,3.250606
182.9200,3.231558
182.9400,2.641751
182.9600,2.578821
182.9800,2.452767
183.0000,2.262800
183.0200,2.274788
183.0400,2.417952
183.0600,2.397942
183.0800,2.476231
183.1000,3.370232
183.1200,3.240671
183.1400,3.600000
183.1600,3.600000
183.1800,3.600000
183.2000,2.835819
183.2200,2.356736
183.2400,2.127821
183.2600,2.242208
183.2800,2.381505
183.3000,2.283762
183.3200,2.849893
183.3400,3.600000
183.3600,3.600000
183.3800,3.215490
183.4000,3.600000
183.4200,3.310185
183.4400,2.938757
183.4600,2.545240
183.4800,2.168987
183.5000,2.158347
183.5200,2.442166
183.5400,2.795279
183.5600,3.600000
183.5800,3.125430
183.6000,2.477639
183.6200,2.442844
183.6400,2.186185
183.6600,2.400447
183.6800,2.426276
183.7000,2.189982
183.7200,2.379772
183.7400,2.955736
183.7600,2.821428
183.7800,2.617130
183.8000,2.230810
183.8200,2.173177
183.8400,2.094239
183.8600,2.047234
183.8800,1.891813
183.9000,1.833766
183.9200,2.016202
183.9400,1.902700
183.9600,1.663080
183.9800,1.714168
184.0000,1.927309
184.0200,1.933346
184.0400,1.818545
184.0600,1.843218
184.0800,1.956040
184.1000,1.927578
184.1200,1.876599
184.1400,1.970822
184.1600,1.919124
184.1800,1.691853
184.2000,1.559549
184.2200,1.671496
184.2400,0.298277
184.2600,0.349286
184.2800,0.370454
184.3000,0.398975
184.3200,0.367295
184.3400,0.298007
184.3600,0.286044
184.3800,0.220285
184.4000,0.212151
184.4200,0.185866
184.4400,0.214326
184.4600,0.231140
184.4800,0.264514
184.5000,0.265825
184.5200,0.251571
184.5400,0.297950
184.5600,0.300175
184.5800,0.238683
184.6000,0.277992
184.6200,0.265420
184.6400,0.281427
184.6600,0.351672
184.6800,0.280125
184.7000,0.442949
184.7200,0.664585
184.7400,0.824362
184.7600,0.909037
184.7800,1.076342
184.8000,1.248677
184.8200,1.265157
184.8400,1.312822
184.8600,1.402953
184.8800,1.303300
184.9000,1.481405
184.9200,1.878731
184.9400,1.768939
184.9600,1.795538
184.9800,1.891114
185.0000,1.936246
185.0200,1.724672
185.0400,1.540256
185.0600,1.355815
185.0800,1.478131
185.1000,1.623501
185.1200,1.806595
185.1400,1.911733
185.1600,1.703410
185.1800,1.625751
185.2000,1.692836
185.2200,1.697165
185.2400,1.630712
185.2600,1.646140
185.2800,1.659845
185.3000,1.825228
185.3200,1.804828
185.3400,1.865473
185.3600,2.162821
185.3800,2.999084
185.4000,3.185849
185.4200,2.449100
185.4400,2.126992
185.4600,2.295722
185.4800,3.184280
185.5000,2.607737
185.5200,2.213046
185.5400,2.027401
185.5600,2.357038
185.5800,2.196258
185.6000,2.109800
185.6200,2.678498
185.6400,3.526120
185.6600,2.757345
185.6800,2.317573
185.7000,2.076883
185.7200,2.087711
185.7400,2.409688
185.7600,2.352303
185.7800,3.399872
185.8000,3.600000
185.8200,3.600000
185.8400,2.812456
185.8600,2.466254
185.8800,2.251052
185.9000,2.146028
185.9200,2.435472
185.9400,3.600000
185.9600,3.600000
185.9800,2.990682
186.0000,2.852252
186.0200,3.600000
186.0400,3.600000
186.0600,3.589656
186.0800,2.669958
186.1000,3.460991
186.1200,3.600000
186.1400,3.600000
186.1600,3.330552
186.1800,3.523586
186.2000,3.044116
186.2200,3.600000
186.2400,3.077805
186.2600,2.877171
186.2800,3.600000
186.3000,3.600000
186.3200,2.963048
186.3400,2.319196
186.3600,1.883908
186.3800,1.774912
186.4000,1.922059
186.4200,1.860032
186.4400,1.618335
186.4600,1.758605
186.4800,1.563139
186.5000,1.596143
186.5200,1.439677
186.5400,1.542278
186.5600,1.662035
186.5800,1.639329
186.6000,1.639228
186.6200,1.864925
186.6400,2.235026
186.6600,2.377342
186.6800,2.209184
186.7000,2.438095
186.7200,2.744062
186.7400,2.709627
186.7600,2.695549
186.7800,2.690804
186.8000,2.687877
186.8200,3.250606
186.8400,3.231558
186.8600,2.641751
186.8800,2.578821
186.9000,2.452767
186.9200,2.262800
186.9400,2.274788
186.9600,2.417952
186.9800,2.397942
187.0000,2.476231
187.0200,3.370232
187.0400,3.240671
187.0600,3.600000
187.0800,3.600000
187.1000,3.600000
187.1200,2.835819
187.1400,2.356736
187.1600,2.127821
187.1800,2.242208
187.2000,2.381505
187.2200,2.283762
187.2400,2.849893
187.2600,3.600000
187.2800,3.600000
187.3000,3.215490
187.3200,3.600000
187.3400,3.310185
187.3600,2.938757
187.3800,2.545240
187.4000,2.168987
187.4200,2.158347
187.4400,2.442166
187.4600,2.795279
187.4800,3.600000
187.5000,3.125430
187.5200,2.477639
187.5400,2.442844
187.5600,2.186185
187.5800,2.400447
187.6000,2.426276
187.6200,2.189982
187.6400,2.379772
187.6600,2.955736
187.6800,2.821428
187.7000,2.617130
187.7200,2.230810
187.7400,2.173177
187.7600,2.094239
187.7800,2.047234
187.8000,1.891813
187.8200,1.833766
187.8400,2.016202
187.8600,1.902700
187.8800,1.663080
187.9000,1.714168
187.9200,1.927309
187.9400,1.933346
187.9600,1.818545
187.9800,1.843218
188.0000,1.956040
188.0200,1.927578
188.0400,1.876599
188.0600,1.970822
188.0800,1.919124
188.1000,1.691853
188.1200,1.559549
188.1400,1.671496
188.1600,0.298277
188.1800,0.349286
188.2000,0.370454
188.2200,0.398975
188.2400,0.367295
188.2600,0.298007
188.2800,0.286044
188.3000,0.220285
188.3200,0.212151
188.3400,0.185866
188.3600,0.214326
188.3800,0.231140
188.4000,0.264514
188.4200,0.265825
188.4400,0.251571
188.4600,0.297950
188.4800,0.300175
188.5000,0.238683
188.5200,0.277992
188.5400,0.265420
188.5600,0.281427
188.5800,0.351672
188.6000,0.280125
188.6200,0.442949
188.6400,0.664585
188.6600,0.824362
188.6800,0.909037
188.7000,1.076342
188.7200,1.248677
188.7400,1.265157
188.7600,1.312822
188.7800,1.402953
188.8000,1.303300
188.8200,1.481405
188.8400,1.878731
188.8600,1.768939
188.8800,1.795538
188.9000,1.891114
188.9200,1.936246
188.9400,1.724672
188.9600,1.540256
188.9800,1.355815
189.0000,1.478131
189.0200,1.623501
189.0400,1.806595
189.0600,1.911733
189.0800,1.703410
189.1000,1.625751
189.1200,1.692836
189.1400,1.697165
189.1600,1.630712
189.1800,1.646140
189.2000,1.659845
189.2200,1.825228
189.2400,1.804828
189.2600,1.865473
189.2800,2.162821
189.3000,2.999084
189.3200,3.185849
189.3400,2.449100
189.3600,2.126992
189.3800,2.295722
189.4000,3.184280
189.4200,2.607737
189.4400,2.213046
189.4600,2.027401
189.4800,2.357038
189.5000,2.196258
189.5200,2.109800
189.5400,2.678498
189.5600,3.526120
189.5800,2.757345
189.6000,2.317573
189.6200,2.076883
189.6400,2.087711
189.6600,2.409688
189.6800,2.352303
189.7000,3.399872
189.7200,3.600000
189.7400,3.600000
189.7600,2.812456
189.7800,2.466254
189.8000,2.251052
189.8200,2.146028
189.8400,2.435472
189.8600,3.600000
189.8800,3.600000
189.9000,2.990682
189.9200,2.852252
189.9400,3.600000
189.9600,3.600000
189.9800,3.589656
190.0000,2.669958
190.0200,3.460991
190.0400,3.600000
190.0600,3.600000
190.0800,3.330552
190.1000,3.523586
190.1200,3.044116
190.1400,3.600000
190.1600,3.077805
190.1800,2.877171
190.2000,3.600000
190.2200,3.600000
190.2400,2.963048
190.2600,2.319196
190.2800,1.883908
190.3000,1.774912
190.3200,1.922059
190.3400,1.860032
190.3600,1.618335
190.3800,1.758605
190.4000,1.563139
190.4200,1.596143
190.4400,1.439677
190.4600,1.542278
190.4800,1.662035
190.5000,1.639329
190.5200,1.639228
190.5400,1.864925
190.5600,2.235026
190.5800,2.377342
190.6000,2.209184
190.6200,2.438095
190.6400,2.744062
190.6600,2.709627
190.6800,2.695549
190.7000,2.690804
190.7200,2.687877
190.7400,3.250606
190.7600,3.231558
190.7800,2.641751
190.8000,2.578821
190.8200,2.452767
190.8400,2.262800
190.8600,2.274788
190.8800,2.417952
190.9000,2.397942
190.9200,2.476231
190.9400,3.370232
190.9600,3.240671
190.9800,3.600000
191.0000,3.600000
191.0200,3.600000
191.0400,2.835819
191.0600,2.356736
191.0800,2.127821
191.1000,2.242208
191.1200,2.381505
191.1400,2.283762
191.1600,2.849893
191.1800,3.600000
191.2000,3.600000
191.2200,3.215490
191.2400,3.600000
191.2600,3.310185
191.2800,2.938757
191.3000,2.545240
191.3200,2.168987
191.3400,2.158347
191.3600,2.442166
191.3800,2.795279
191.4000,3.600000
191.4200,3.125430
191.4400,2.477639
191.4600,2.442844
191.4800,2.186185
191.5000,2.400447
191.5200,2.426276
191.5400,2.189982
191.5600,2.379772
191.5800,2.955736
191.6000,2.821428
191.6200,2.617130
191.6400,2.230810
191.6600,2.173177
191.6800,2.094239
191.7000,2.047234
191.7200,1.891813
191.7400,1.833766
191.7600,2.016202
191.7800,1.902700
191.8000,1.663080
191.8200,1.714168
191.8400,1.927309
191.8600,1.933346
191.8800,1.818545
191.9000,1.843218
191.9200,1.956040
191.9400,1.927578
191.9600,1.876599
191.9800,1.970822
192.0000,1.919124
192.0200,1.691853
192.0400,1.559549
192.0600,1.671496
192.0800,0.298277
192.1000,0.349286
192.1200,0.370454
192.1400,0.398975
192.1600,0.367295
192.1800,0.298007
192.2000,0.286044
192.2200,0.220285
192.2400,0.212151
192.2600,0.185866
192.2800,0.214326
192.3000,0.231140
192.3200,0.264514
192.3400,0.265825
192.3600,0.251571
192.3800,0.297950
192.4000,0.300175
192.4200,0.238683
192.4400,0.277992
192.4600,0.265420
192.4800,0.281427
192.5000,0.351672
192.5200,0.280125
192.5400,0.442949
192.5600,0.664585
192.5800,0.824362
192.6000,0.909037
192.6200,1.076342
192.6400,1.248677
192.6600,1.265157
192.6800,1.312822
192.7000,1.402953
192.7200,1.303300
192.7400,1.481405
192.7600,1.878731
192.7800,1.768939
192.8000,1.795538
192.8200,1.891114
192.8400,1.936246
192.8600,1.724672
192.8800,1.540256
192.9000,1.355815
192.9200,1.478131
192.9400,1.623501
192.9600,1.806595
192.9800,1.911733
193.0000,1.703410
193.0200,1.625751
193.0400,1.692836
193.0600,1.697165
193.0800,1.630712
193.1000,1.646140
193.1200,1.659845
193.1400,1.825228
193.1600,1.804828
193.1800,1.865473
193.2000,2.162821
193.2200,2.999084
193.2400,3.185849
193.2600,2.449100
193.2800,2.126992
193.3000,2.295722
193.3200,3.184280
193.3400,2.607737
193.3600,2.213046
193.3800,2.027401
193.4000,2.357038
193.4200,2.196258
193.4400,2.109800
193.4600,2.678498
193.4800,3.526120
193.5000,2.757345
193.5200,2.317573
193.5400,2.076883
193.5600,2.087711
193.5800,2.409688
193.6000,2.352303
193.6200,3.399872
193.6400,3.600000
193.6600,3.600000
193.6800,2.812456
193.7000,2.466254
193.7200,2.251052
193.7400,2.146028
193.7600,2.435472
193.7800,3.600000
193.8000,3.600000
193.8200,2.990682
193.8400,2.852252
193.8600,3.600000
193.8800,3.600000
193.9000,3.589656
193.9200,2.669958
193.9400,3.460991
193.9600,3.600000
193.9800,3.600000
194.0000,3.330552
194.0200,3.523586
194.0400,3.044116
194.0600,3.600000
194.0800,3.077805
194.1000,2.877171
194.1200,3.600000
194.1400,3.600000
194.1600,2.963048
194.1800,2.319196
194.2000,1.883908
194.2200,1.774912
194.2400,1.922059
194.2600,1.860032
194.2800,1.618335
194.3000,1.758605
194.3200,1.563139
194.3400,1.596143
194.3600,1.439677
194.3800,1.542278
194.4000,1.662035
194.4200,1.639329
194.4400,1.639228
194.4600,1.864925
194.4800,2.235026
194.5000,2.377342
194.5200,2.209184
194.5400,2.438095
194.5600,2.744062
194.5800,2.709627
194.6000,2.695549
194.6200,2.690804
194.6400,2.687877
194.6600,3.250606
194.6800,3.231558
194.7000,2.641751
194.7200,2.578821
194.7400,2.452767
194.7600,2.262800
194.7800,2.274788
194.8000,2.417952
194.8200,2.397942
194.8400,2.476231
194.8600,3.370232
194.8800,3.240671
194.9000,3.600000
194.9200,3.600000
194.9400,3.600000
194.9600,2.835819
194.9800,2.356736
195.0000,2.127821
195.0200,2.242208
195.0400,2.381505
195.0600,2.283762
195.0800,2.849893
195.1000,3.600000
195.1200,3.600000
195.1400,3.215490
195.1600,3.600000
195.1800,3.310185
195.2000,2.938757
195.2200,2.545240
195.2400,2.168987
195.2600,2.158347
195.2800,2.442166
195.3000,2.795279
195.3200,3.600000
195.3400,3.125430
195.3600,2.477639
195.3800,2.442844
195.4000,2.186185
195.4200,2.400447
195.4400,2.426276
195.4600,2.189982
195.4800,2.379772
195.5000,2.955736
195.5200,2.821428
195.5400,2.617130
195.5600,2.230810
195.5800,2.173177
195.6000,2.094239
195.6200,2.047234
195.6400,1.891813
195.6600,1.833766
195.6800,2.016202
195.7000,1.902700
195.7200,1.663080
195.7400,1.714168
195.7600,1.927309
195.7800,1.933346
195.8000,1.818545
195.8200,1.843218
195.8400,1.956040
195.8600,1.927578
195.8800,1.876599
195.9000,1.970822
195.9200,1.919124
195.9400,1.691853
195.9600,1.559549
195.9800,1.671496
196.0000,0.298277
196.0200,0.349286
196.0400,0.370454
196.0600,0.398975
196.0800,0.367295
196.1000,0.298007
196.1200,0.286044
196.1400,0.220285
196.1600,0.212151
196.1800,0.185866
196.2000,0.214326
196.2200,0.231140
196.2400,0.264514
196.2600,0.265825
196.2800,0.251571
196.3000,0.297950
196.3200,0.300175
196.3400,0.238683
196.3600,0.277992
196.3800,0.265420
196.4000,0.281427
196.4200,0.351672
196.4400,0.280125
196.4600,0.442949
196.4800,0.664585
196.5000,0.824362
196.5200,0.909037
196.5400,1.076342
196.5600,1.248677
196.5800,1.265157
196.6000,1.312822
196.6200,1.402953
196.6400,1.303300
196.6600,1.481405
196.6800,1.878731
196.7000,1.768939
196.7200,1.795538
196.7400,1.891114
196.7600,1.936246
196.7800,1.724672
196.8000,1.540256
196.8200,1.355815
196.8400,1.478131
196.8600,1.623501
196.8800,1.806595
196.9000,1.911733
196.9200,1.703410
196.9400,1.625751
196.9600,1.692836
196.9800,1.697165
197.0000,1.630712
197.0200,1.646140
197.0400,1.659845
197.0600,1.825228
197.0800,1.804828
197.1000,1.865473
197.1200,2.162821
197.1400,2.999084
197.1600,3.185849
197.1800,2.449100
197.2000,2.126992
197.2200,2.295722
197.2400,3.184280
197.2600,2.607737
197.2800,2.213046
197.3000,2.027401
197.3200,2.357038
197.3400,2.196258
197.3600,2.109800
197.3800,2.678498
197.4000,3.526120
197.4200,2.757345
197.4400,2.317573
197.4600,2.076883
197.4800,2.087711
197.5000,2.409688
197.5200,2.352303
197.5400,3.399872
197.5600,3.600000
197.5800,3.600000
197.6000,2.812456
197.6200,2.466254
197.6400,2.251052
197.6600,2.146028
197.6800,2.435472
197.7000,3.600000
197.7200,3.600000
197.7400,2.990682
197.7600,2.852252
197.7800,3.600000
197.8000,3.600000
197.8200,3.589656
197.8400,2.669958
197.8600,3.460991
197.8800,3.600000
197.9000,3.600000
197.9200,3.330552
197.9400,3.523586
197.9600,3.044116
197.9800,3.600000
198.0000,3.077805
198.0200,2.877171
198.0400,3.600000
198.0600,3.600000
198.0800,2.963048
198.1000,2.319196
198.1200,1.883908
198.1400,1.774912
198.1600,1.922059
198.1800,1.860032
198.2000,1.618335
198.2200,1.758605
198.2400,1.563139
198.2600,1.596143
198.2800,1.439677
198.3000,1.542278
198.3200,1.662035
198.3400,1.639329
198.3600,1.639228
198.3800,1.864925
198.4000,2.235026
198.4200,2.377342
198.4400,2.209184
198.4600,2.438095
198.4800,2.744062
198.5000,2.709627
198.5200,2.695549
198.5400,2.690804
198.5600,2.687877
198.5800,3.250606
198.6000,3.231558
198.6200,2.641751
198.6400,2.578821
198.6600,2.452767
198.6800,2.262800
198.7000,2.274788
198.7200,2.417952
198.7400,2.397942
198.7600,2.476231
198.7800,3.370232
198.8000,3.240671
198.8200,3.600000
198.8400,3.600000
198.8600,3.600000
198.8800,2.835819
198.9000,2.356736
198.9200,2.127821
198.9400,2.242208
198.9600,2.381505
198.9800,2.283762
199.0000,2.849893
199.0200,3.600000
199.0400,3.600000
199.0600,3.215490
199.0800,3.600000
199.1000,3.310185
199.1200,2.938757
199.1400,2.545240
199.1600,2.168987
199.1800,2.158347
199.2000,2.442166
199.2200,2.795279
199.2400,3.600000
199.2600,3.125430
199.2800,2.477639
199.3000,2.442844
199.3200,2.186185
199.3400,2.400447
199.3600,2.426276
199.3800,2.189982
199.4000,2.379772
199.4200,2.955736
199.4400,2.821428
199.4600,2.617130
199.4800,2.230810
199.5000,2.173177
199.5200,2.094239
199.5400,2.047234
199.5600,1.891813
199.5800,1.833766
199.6000,2.016202
199.6200,1.902700
199.6400,1.663080
199.6600,1.714168
199.6800,1.927309
199.7000,1.933346
199.7200,1.818545
199.7400,1.843218
199.7600,1.956040
199.7800,1.927578
199.8000,1.876599
199.8200,1.970822
199.8400,1.919124
199.8600,1.691853
199.8800,1.559549
199.9000,1.671496
199.9200,0.298277
199.9400,0.349286
199.9600,0.370454
199.9800,0.398975
200.0000,0.367295
200.0200,0.298007
200.0400,0.286044
200.0600,0.220285
200.0800,0.212151
200.1000,0.185866
200.1200,0.214326
200.1400,0.231140
200.1600,0.264514
200.1800,0.265825
200.2000,0.251571
200.2200,0.297950
200.2400,0.300175
200.2600,0.238683
200.2800,0.277992
200.3000,0.265420
200.3200,0.281427
200.3400,0.351672
200.3600,0.280125
200.3800,0.442949
200.4000,0.664585
200.4200,0.824362
200.4400,0.909037
200.4600,1.076342
200.4800,1.248677
200.5000,1.265157
200.5200,1.312822
200.5400,1.402953
200.5600,1.303300
200.5800,1.481405
200.6000,1.878731
200.6200,1.768939
200.6400,1.795538
200.6600,1.891114
200.6800,1.936246
200.7000,1.724672
200.7200,1.540256
200.7400,1.355815
200.7600,1.478131
200.7800,1.623501
200.8000,1.806595
200.8200,1.911733
200.8400,1.703410
200.8600,1.625751
200.8800,1.692836
200.9000,1.697165
200.9200,1.630712
200.9400,1.646140
200.9600,1.659845
200.9800,1.825228
201.0000,1.804828
201.0200,1.865473
201.0400,2.162821
201.0600,2.999084
201.0800,3.185849
201.1000,2.449100
201.1200,2.126992
201.1400,2.295722
201.1600,3.184280
201.1800,2.607737
201.2000,2.213046
201.2200,2.027401
201.2400,2.357038
201.2600,2.196258
201.2800,2.109800
201.3000,2.678498
201.3200,3.526120
201.3400,2.757345
201.3600,2.317573
201.3800,2.076883
201.4000,2.087711
201.4200,2.409688
201.4400,2.352303
201.4600,3.399872
201.4800,3.600000
201.5000,3.600000
201.5200,2.812456
201.5400,2.466254
201.5600,2.251052
201.5800,2.146028
201.6000,2.435472
201.6200,3.600000
201.6400,3.600000
201.6600,2.990682
201.6800,2.852252
201.7000,3.600000
201.7200,3.600000
201.7400,3.589656
201.7600,2.669958
201.7800,3.460991
201.8000,3.600000
201.8200,3.600000
201.8400,3.330552
201.8600,3.523586
201.8800,3.044116
201.9000,3.600000
201.9200,3.077805
201.9400,2.877171
201.9600,3.600000
201.9800,3.600000
202.0000,2.963048
202.0200,2.319196
202.0400,1.883908
202.0600,1.774912
202.0800,1.922059
202.1000,1.860032
202.1200,1.618335
202.1400,1.758605
202.1600,1.563139
202.1800,1.596143
202.2000,1.439677
202.2200,1.542278
202.2400,1.662035
202.2600,1.639329
202.2800,1.639228
202.3000,1.864925
202.3200,2.235026
202.3400,2.377342
202.3600,2.209184
202.3800,2.438095
202.4000,2.744062
202.4200,2.709627
202.4400,2.695549
202.4600,2.690804
202.4800,2.687877
202.5000,3.250606
202.5200,3.231558
202.5400,2.641751
202.5600,2.578821
202.5800,2.452767
202.6000,2.262800
202.6200,2.274788
202.6400,2.417952
202.6600,2.397942
202.6800,2.476231
202.7000,3.370232
202.7200,3.240671
202.7400,3.600000
202.7600,3.600000
202.7800,3.600000
202.8000,2.835819
202.8200,2.356736
202.8400,2.127821
202.8600,2.242208
202.8800,2.381505
202.9000,2.283762
202.9200,2.849893
202.9400,3.600000
202.9600,3.600000
202.9800,3.215490
203.0000,3.600000
203.0200,3.310185
203.0400,2.938757
203.0600,2.545240
203.0800,2.168987
203.1000,2.158347
203.1200,2.442166
203.1400,2.795279
203.1600,3.600000
203.1800,3.125430
203.2000,2.477639
203.2200,2.442844
203.2400,2.186185
203.2600,2.400447
203.2800,2.426276
203.3000,2.189982
203.3200,2.379772
203.3400,2.955736
203.3600,2.821428
203.3800,2.617130
203.4000,2.230810
203.4200,2.173177
203.4400,2.094239
203.4600,2.047234
203.4800,1.891813
203.5000,1.833766
203.5200,2.016202
203.5400,1.902700
203.5600,1.663080
203.5800,1.714168
203.6000,1.927309
203.6200,1.933346
203.6400,1.818545
203.6600,1.843218
203.6800,1.956040
203.7000,1.927578
203.7200,1.876599
203.7400,1.970822
203.7600,1.919124
203.7800,1.691853
203.8000,1.559549
203.8200,1.671496
203.8400,0.298277
203.8600,0.349286
203.8800,0.370454
203.9000,0.398975
203.9200,0.367295
203.9400,0.298007
203.9600,0.286044
203.9800,0.220285
204.0000,0.212151
204.0200,0.185866
204.0400,0.214326
204.0600,0.231140
204.0800,0.264514
204.1000,0.265825
204.1200,0.251571
204.1400,0.297950
204.1600,0.300175
204.1800,0.238683
204.2000,0.277992
204.2200,0.265420
204.2400,0.281427
204.2600,0.351672
204.2800,0.280125
204.3000,0.442949
204.3200,0.664585
204.3400,0.824362
204.3600,0.909037
204.3800,1.076342
204.4000,1.248677
204.4200,1.265157
204.4400,1.312822
204.4600,1.402953
204.4800,1.303300
204.5000,1.481405
204.5200,1.878731
204.5400,1.768939
204.5600,1.795538
204.5800,1.891114
204.6000,1.936246
204.6200,1.724672
204.6400,1.540256
204.6600,1.355815
204.6800,1.478131
204.7000,1.623501
204.7200,1.806595
204.7400,1.911733
204.7600,1.703410
204.7800,1.625751
204.8000,1.692836
204.8200,1.697165
204.8400,1.630712
204.8600,1.646140
204.8800,1.659845
204.9000,1.825228
204.9200,1.804828
204.9400,1.865473
204.9600,2.162821
204.9800,2.999084
205.0000,3.185849
205.0200,2.449100
205.0400,2.126992
205.0600,2.295722
205.0800,3.184280
205.1000,2.607737
205.1200,2.213046
205.1400,2.027401
205.1600,2.357038
205.1800,2.196258
205.2000,2.109800
205.2200,2.678498
205.2400,3.526120
205.2600,2.757345
205.2800,2.317573
205.3000,2.076883
205.3200,2.087711
205.3400,2.409688
205.3600,2.352303
205.3800,3.399872
205.4000,3.600000
205.4200,3.600000
205.4400,2.812456
205.4600,2.466254
205.4800,2.251052
205.5000,2.146028
205.5200,2.435472
205.5400,3.600000
205.5600,3.600000
205.5800,2.990682
205.6000,2.852252
205.6200,3.600000
205.6400,3.600000
205.6600,3.589656
205.6800,2.669958
205.7000,3.460991
205.7200,3.600000
205.7400,3.600000
205.7600,3.330552
205.7800,3.523586
205.8000,3.044116
205.8200,3.600000
205.8400,3.077805
205.8600,2.877171
205.8800,3.600000
205.9000,3.600000
205.9200,2.963048
205.9400,2.319196
205.9600,1.883908
205.9800,1.774912
206.0000,1.922059
206.0200,1.860032
206.0400,1.618335
206.0600,1.758605
206.0800,1.563139
206.1000,1.596143
206.1200,1.439677
206.1400,1.542278
206.1600,1.662035
206.1800,1.639329
206.2000,1.639228
206.2200,1.864925
206.2400,2.235026
206.2600,2.377342
206.2800,2.209184
206.3000,2.438095
206.3200,2.744062
206.3400,2.709627
206.3600,2.695549
206.3800,2.690804
206.4000,2.687877
206.4200,3.250606
206.4400,3.231558
206.4600,2.641751
206.4800,2.578821
206.5000,2.452767
206.5200,2.262800
206.5400,2.274788
206.5600,2.417952
206.5800,2.397942
206.6000,2.476231
206.6200,3.370232
206.6400,3.240671
206.6600,3.600000
206.6800,3.600000
206.7000,3.600000
206.7200,2.835819
206.7400,2.356736
206.7600,2.127821
206.7800,2.242208
206.8000,2.381505
206.8200,2.283762
206.8400,2.849893
206.8600,3.600000
206.8800,3.600000
206.9000,3.215490
206.9200,3.600000
206.9400,3.310185
206.9600,2.938757
206.9800,2.545240
207.0000,2.168987
207.0200,2.158347
207.0400,2.442166
207.0600,2.795279
207.0800,3.600000
207.1000,3.125430
207.1200,2.477639
207.1400,2.442844
207.1600,2.186185
207.1800,2.400447
207.2000,2.426276
207.2200,2.189982
207.2400,2.379772
207.2600,2.955736
207.2800,2.821428
207.3000,2.617130
207.3200,2.230810
207.3400,2.173177
207.3600,2.094239
207.3800,2.047234
207.4000,1.891813
207.4200,1.833766
207.4400,2.016202
207.4600,1.902700
207.4800,1.663080
207.5000,1.714168
207.5200,1.927309
207.5400,1.933346
207.5600,1.818545
207.5800,1.843218
207.6000,1.956040
207.6200,1.927578
207.6400,1.876599
207.6600,1.970822
207.6800,1.919124
207.7000,1.691853
207.7200,1.559549
207.7400,1.671496
207.7600,0.298277
207.7800,0.349286
207.8000,0.370454
207.8200,0.398975
207.8400,0.367295
207.8600,0.298007
207.8800,0.286044
207.9000,0.220285
207.9200,0.212151
207.9400,0.185866
207.9600,0.214326
207.9800,0.231140
208.0000,0.264514
208.0200,0.265825
208.0400,0.251571
208.0600,0.297950
208.0800,0.300175
208.1000,0.238683
208.1200,0.277992
208.1400,0.265420
208.1600,0.281427
208.1800,0.351672
208.2000,0.280125
208.2200,0.442949
208.2400,0.664585
208.2600,0.824362
208.2800,0.909037
208.3000,1.076342
208.3200,1.248677
208.3400,1.265157
208.3600,1.312822
208.3800,1.402953
208.4000,1.303300
208.4200,1.481405
208.4400,1.878731
208.4600,1.768939
208.4800,1.795538
208.5000,1.891114
208.5200,1.936246
208.5400,1.724672
208.5600,1.540256
208.5800,1.355815
208.6000,1.478131
208.6200,1.623501
208.6400,1.806595
208.6600,1.911733
208.6800,1.703410
208.7000,1.625751
208.7200,1.692836
208.7400,1.697165
208.7600,1.630712
208.7800,1.646140
208.8000,1.659845
208.8200,1.825228
208.8400,1.804828
208.8600,1.865473
208.8800,2.162821
208.9000,2.999084
208.9200,3.185849
208.9400,2.449100
208.9600,2.126992
208.9800,2.295722
209.0000,3.184280
209.0200,2.607737
209.0400,2.213046
209.0600,2.027401
209.0800,2.357038
209.1000,2.196258
209.1200,2.109800
209.1400,2.678498
209.1600,3.526120
209.1800,2.757345
209.2000,2.317573
209.2200,2.076883
209.2400,2.087711
209.2600,2.409688
209.2800,2.352303
209.3000,3.399872
209.3200,3.600000
209.3400,3.600000
209.3600,2.812456
209.3800,2.466254
209.4000,2.251052
209.4200,2.146028
209.4400,2.435472
209.4600,3.600000
209.4800,3.600000
209.5000,2.990682
209.5200,2.852252
209.5400,3.600000
209.5600,3.600000
209.5800,3.589656
209.6000,2.669958
209.6200,3.460991
209.6400,3.600000
209.6600,3.600000
209.6800,3.330552
209.7000,3.523586
209.7200,3.044116
209.7400,3.600000
209.7600,3.077805
209.7800,2.877171
209.8000,3.600000
209.8200,3.600000
209.8400,2.963048
209.8600,2.319196
209.8800,1.883908
209.9000,1.774912
209.9200,1.922059
209.9400,1.860032
209.9600,1.618335
209.9800,1.758605
210.0000,1.563139
210.0200,1.596143
210.0400,1.439677
210.0600,1.542278
210.0800,1.662035
210.1000,1.639329
210.1200,1.639228
210.1400,1.864925
210.1600,2.235026
210.1800,2.377342
210.2000,2.209184
210.2200,2.438095
210.2400,2.744062
210.2600,2.709627
210.2800,2.695549
210.3000,2.690804
210.3200,2.687877
210.3400,3.250606
210.3600,3.231558
210.3800,2.641751
210.4000,2.578821
210.4200,2.452767
210.4400,2.262800
210.4600,2.274788
210.4800,2.417952
210.5000,2.397942
210.5200,2.476231
210.5400,3.370232
210.5600,3.240671
210.5800,3.600000
210.6000,3.600000
210.6200,3.600000
210.6400,2.835819
210.6600,2.356736
210.6800,2.127821
210.7000,2.242208
210.7200,2.381505
210.7400,2.283762
210.7600,2.849893
210.7800,3.600000
210.8000,3.600000
210.8200,3.215490
210.8400,3.600000
210.8600,3.310185
210.8800,2.938757
210.9000,2.545240
210.9200,2.168987
210.9400,2.158347
210.9600,2.442166
210.9800,2.795279
211.0000,3.600000
211.0200,3.125430
211.0400,2.477639
211.0600,2.442844
211.0800,2.186185
211.1000,2.400447
211.1200,2.426276
211.1400,2.189982
211.1600,2.379772
211.1800,2.955736
211.2000,2.821428
211.2200,2.617130
211.2400,2.230810
211.2600,2.173177
211.2800,2.094239
211.3000,2.047234
211.3200,1.891813
211.3400,1.833766
211.3600,2.016202
211.3800,1.902700
211.4000,1.663080
211.4200,1.714168
211.4400,1.927309
211.4600,1.933346
211.4800,1.818545
211.5000,1.843218
211.5200,1.956040
211.5400,1.927578
211.5600,1.876599
211.5800,1.970822
211.6000,1.919124
211.6200,1.691853
211.6400,1.559549
211.6600,1.671496
211.6800,0.298277
211.7000,0.349286
211.7200,0.370454
211.7400,0.398975
211.7600,0.367295
211.7800,0.298007
211.8000,0.286044
211.8200,0.220285
211.8400,0.212151
211.8600,0.185866
211.8800,0.214326
211.9000,0.231140
211.9200,0.264514
211.9400,0.265825
211.9600,0.251571
211.9800,0.297950
212.0000,0.300175
212.0200,0.238683
212.0400,0.277992
212.0600,0.265420
212.0800,0.281427
212.1000,0.351672
212.1200,0.280125
212.1400,0.442949
212.1600,0.664585
212.1800,0.824362
212.2000,0.909037
212.2200,1.076342
212.2400,1.248677
212.2600,1.265157
212.2800,1.312822
212.3000,1.402953
212.3200,1.303300
212.3400,1.481405
212.3600,1.878731
212.3800,1.768939
212.4000,1.795538
212.4200,1.891114
212.4400,1.936246
212.4600,1.724672
212.4800,1.540256
212.5000,1.355815
212.5200,1.478131
212.5400,1.623501
212.5600,1.806595
212.5800,1.911733
212.6000,1.703410
212.6200,1.625751
212.6400,1.692836
212.6600,1.697165
212.6800,1.630712
212.7000,1.646140
212.7200,1.659845
212.7400,1.825228
212.7600,1.804828
212.7800,1.865473
212.8000,2.162821
212.8200,2.999084
212.8400,3.185849
212.8600,2.449100
212.8800,2.126992
212.9000,2.295722
212.9200,3.184280
212.9400,2.607737
212.9600,2.213046
212.9800,2.027401
213.0000,2.357038
213.0200,2.196258
213.0400,2.109800
213.0600,2.678498
213.0800,3.526120
213.1000,2.757345
213.1200,2.317573
213.1400,2.076883
213.1600,2.087711
213.1800,2.409688
213.2000,2.352303
213.2200,3.399872
213.2400,3.600000
213.2600,3.600000
213.2800,2.812456
213.3000,2.466254
213.3200,2.251052
213.3400,2.146028
213.3600,2.435472
213.3800,3.600000
213.4000,3.600000
213.4200,2.990682
213.4400,2.852252
213.4600,3.600000
213.4800,3.600000
213.5000,3.589656
213.5200,2.669958
213.5400,3.460991
213.5600,3.600000
213.5800,3.600000
213.6000,3.330552
213.6200,3.523586
213.6400,3.044116
213.6600,3.600000
213.6800,3.077805
213.7000,2.877171
213.7200,3.600000
213.7400,3.600000
213.7600,2.963048
213.7800,2.319196
213.8000,1.883908
213.8200,1.774912
213.8400,1.922059
213.8600,1.860032
213.8800,1.618335
213.9000,1.758605
213.9200,1.563139
213.9400,1.596143
213.9600,1.439677
213.9800,1.542278
214.0000,1.662035
214.0200,1.639329
214.0400,1.639228
214.0600,1.864925
214.0800,2.235026
214.1000,2.377342
214.1200,2.209184
214.1400,2.438095
214.1600,2.744062
214.1800,2.709627
214.2000,2.695549
214.2200,2.690804
214.2400,2.687877
214.2600,3.250606
214.2800,3.231558
214.3000,2.641751
214.3200,2.578821
214.3400,2.452767
214.3600,2.262800
214.3800,2.274788
214.4000,2.417952
214.4200,2.397942
214.4400,2.476231
214.4600,3.370232
214.4800,3.240671
214.5000,3.600000
214.5200,3.600000
214.5400,3.600000
214.5600,2.835819
214.5800,2.356736
214.6000,2.127821
214.6200,2.242208
214.6400,2.381505
214.6600,2.283762
214.6800,2.849893
214.7000,3.600000
214.7200,3.600000
214.7400,3.215490
214.7600,3.600000
214.7800,3.310185
214.8000,2.938757
214.8200,2.545240
214.8400,2.168987
214.8600,2.158347
214.8800,2.442166
214.9000,2.795279
214.9200,3.600000
214.9400,3.125430
214.9600,2.477639
214.9800,2.442844
215.0000,2.186185
215.0200,2.400447
215.0400,2.426276
215.0600,2.189982
215.0800,2.379772
215.1000,2.955736
215.1200,2.821428
215.1400,2.617130
215.1600,2.230810
215.1800,2.173177
215.2000,2.094239
215.2200,2.047234
215.2400,1.891813
215.2600,1.833766
215.2800,2.016202
215.3000,1.902700
215.3200,1.663080
215.3400,1.714168
215.3600,1.927309
215.3800,1.933346
215.4000,1.818545
215.4200,1.843218
215.4400,1.956040
215.4600,1.927578
215.4800,1.876599
215.5000,1.970822
215.5200,1.919124
215.5400,1.691853
215.5600,1.559549
215.5800,1.671496
215.6000,0.298277
215.6200,0.349286
215.6400,0.370454
215.6600,0.398975
215.6800,0.367295
215.7000,0.298007
215.7200,0.286044
215.7400,0.220285
215.7600,0.212151
215.7800,0.185866
215.8000,0.214326
215.8200,0.231140
215.8400,0.264514
215.8600,0.265825
215.8800,0.251571
215.9000,0.297950
215.9200,0.300175
215.9400,0.238683
215.9600,0.277992
215.9800,0.265420
216.0000,0.281427
216.0200,0.351672
216.0400,0.280125
216.0600,0.442949
216.0800,0.664585
216.1000,0.824362
216.1200,0.909037
216.1400,1.076342
216.1600,1.248677
216.1800,1.265157
216.2000,1.312822
216.2200,1.402953
216.2400,1.303300
216.2600,1.481405
216.2800,1.878731
216.3000,1.768939
216.3200,1.795538
216.3400,1.891114
216.3600,1.936246
216.3800,1.724672
216.4000,1.540256
216.4200,1.355815
216.4400,1.478131
216.4600,1.623501
216.4800,1.806595
216.5000,1.911733
216.5200,1.703410
216.5400,1.625751
216.5600,1.692836
216.5800,1.697165
216.6000,1.630712
216.6200,1.646140
216.6400,1.659845
216.6600,1.825228
216.6800,1.804828
216.7000,1.865473
216.7200,2.162821
216.7400,2.999084
216.7600,3.185849
216.7800,2.449100
216.8000,2.126992
216.8200,2.295722
216.8400,3.184280
216.8600,2.607737
216.8800,2.213046
216.9000,2.027401
216.9200,2.357038
216.9400,2.196258
216.9600,2.109800
216.9800,2.678498
217.0000,3.526120
217.0200,2.757345
217.0400,2.317573
217.0600,2.076883
217.0800,2.087711
217.1000,2.409688
217.1200,2.352303
217.1400,3.399872
217.1600,3.600000
217.1800,3.600000
217.2000,2.812456
217.2200,2.466254
217.2400,2.251052
217.2600,2.146028
217.2800,2.435472
217.3000,3.600000
217.3200,3.600000
217.3400,2.990682
217.3600,2.852252
217.3800,3.600000
217.4000,3.600000
217.4200,3.589656
217.4400,2.669958
217.4600,3.460991
217.4800,3.600000
217.5000,3.600000
217.5200,3.330552
217.5400,3.523586
217.5600,3.044116
217.5800,3.600000
217.6000,3.077805
217.6200,2.877171
217.6400,3.600000
217.6600,3.600000
217.6800,2.963048
217.7000,2.319196
217.7200,1.883908
217.7400,1.774912
217.7600,1.922059
217.7800,1.860032
217.8000,1.618335
217.8200,1.758605
217.8400,1.563139
217.8600,1.596143
217.8800,1.439677
217.9000,1.542278
217.9200,1.662035
217.9400,1.639329
217.9600,1.639228
217.9800,1.864925
218.0000,2.235026
218.0200,2.377342
218.0400,2.209184
218.0600,2.438095
218.0800,2.744062
218.1000,2.709627
218.1200,2.695549
218.1400,2.690804
218.1600,2.687877
218.1800,3.250606
218.2000,3.231558
218.2200,2.641751
218.2400,2.578821
218.2600,2.452767
218.2800,2.262800
218.3000,2.274788
218.3200,2.417952
218.3400,2.397942
218.3600,2.476231
218.3800,3.370232
218.4000,3.240671
218.4200,3.600000
218.4400,3.600000
218.4600,3.600000
218.4800,2.835819
218.5000,2.356736
218.5200,2.127821
218.5400,2.242208
218.5600,2.381505
218.5800,2.283762
218.6000,2.849893
218.6200,3.600000
218.6400,3.600000
218.6600,3.215490
218.6800,3.600000
218.7000,3.310185
218.7200,2.938757
218.7400,2.545240
218.7600,2.168987
218.7800,2.158347
218.8000,2.442166
218.8200,2.795279
218.8400,3.600000
218.8600,3.125430
218.8800,2.477639
218.9000,2.442844
218.9200,2.186185
218.9400,2.400447
218.9600,2.426276
218.9800,2.189982
219.0000,2.379772
219.0200,2.955736
219.0400,2.821428
219.0600,2.617130
219.0800,2.230810
219.1000,2.173177
219.1200,2.094239
219.1400,2.047234
219.1600,1.891813
219.1800,1.833766
219.2000,2.016202
219.2200,1.902700
219.2400,1.663080
219.2600,1.714168
219.2800,1.927309
219.3000,1.933346
219.3200,1.818545
219.3400,1.843218
219.3600,1.956040
219.3800,1.927578
219.4000,1.876599
219.4200,1.970822
219.4400,1.919124
219.4600,1.691853
219.4800,1.559549
219.5000,1.671496
219.5200,0.298277
219.5400,0.349286
219.5600,0.370454
219.5800,0.398975
219.6000,0.367295
219.6200,0.298007
219.6400,0.286044
219.6600,0.220285
219.6800,0.212151
219.7000,0.185866
219.7200,0.214326
219.7400,0.231140
219.7600,0.264514
219.7800,0.265825
219.8000,0.251571
219.8200,0.297950
219.8400,0.300175
219.8600,0.238683
219.8800,0.277992
219.9000,0.265420
219.9200,0.281427
219.9400,0.351672
219.9600,0.280125
219.9800,0.442949
220.0000,0.664585
220.0200,0.824362
220.0400,0.909037
220.0600,1.076342
220.0800,1.248677
220.1000,1.265157
220.1200,1.312822
220.1400,1.402953
220.1600,1.303300
220.1800,1.481405
220.2000,1.878731
220.2200,1.768939
220.2400,1.795538
220.2600,1.891114
220.2800,1.936246
220.3000,1.724672
220.3200,1.540256
220.3400,1.355815
220.3600,1.478131
220.3800,1.623501
220.4000,1.806595
220.4200,1.911733
220.4400,1.703410
220.4600,1.625751
220.4800,1.692836
220.5000,1.697165
220.5200,1.630712
220.5400,1.646140
220.5600,1.659845
220.5800,1.825228
220.6000,1.804828
220.6200,1.865473
220.6400,2.162821
220.6600,2.999084
220.6800,3.185849
220.7000,2.449100
220.7200,2.126992
220.7400,2.295722
220.7600,3.184280
220.7800,2.607737
220.8000,2.213046
220.8200,2.027401
220.8400,2.357038
220.8600,2.196258
220.8800,2.109800
220.9000,2.678498
220.9200,3.526120
220.9400,2.757345
220.9600,2.317573
220.9800,2.076883
221.0000,2.087711
221.0200,2.409688
221.0400,2.352303
221.0600,3.399872
221.0800,3.600000
221.1000,3.600000
221.1200,2.812456
221.1400,2.466254
221.1600,2.251052
221.1800,2.146028
221.2000,2.435472
221.2200,3.600000
221.2400,3.600000
221.2600,2.990682
221.2800,2.852252
221.3000,3.600000
221.3200,3.600000
221.3400,3.589656
221.3600,2.669958
221.3800,3.460991
221.4000,3.600000
221.4200,3.600000
221.4400,3.330552
221.4600,3.523586
221.4800,3.044116
221.5000,3.600000
221.5200,3.077805
221.5400,2.877171
221.5600,3.600000
221.5800,3.600000
221.6000,2.963048
221.6200,2.319196
221.6400,1.883908
221.6600,1.774912
221.6800,1.922059
221.7000,1.860032
221.7200,1.618335
221.7400,1.758605
221.7600,1.563139
221.7800,1.596143
221.8000,1.439677
221.8200,1.542278
221.8400,1.662035
221.8600,1.639329
221.8800,1.639228
221.9000,1.864925
221.9200,2.235026
221.9400,2.377342
221.9600,2.209184
221.9800,2.438095
222.0000,2.744062
222.0200,2.709627
222.0400,2.695549
222.0600,2.690804
222.0800,2.687877
222.1000,3.250606
222.1200,3.231558
222.1400,2.641751
222.1600,2.578821
222.1800,2.452767
222.2000,2.262800
222.2200,2.274788
222.2400,2.417952
222.2600,2.397942
222.2800,2.476231
222.3000,3.370232
222.3200,3.240671
222.3400,3.600000
222.3600,3.600000
222.3800,3.600000
222.4000,2.835819
222.4200,2.356736
222.4400,2.127821
222.4600,2.242208
222.4800,2.381505
222.5000,2.283762
222.5200,2.849893
222.5400,3.600000
222.5600,3.600000
222.5800,3.215490
222.6000,3.600000
222.6200,3.310185
222.6400,2.938757
222.6600,2.545240
222.6800,2.168987
222.7000,2.158347
222.7200,2.442166
222.7400,2.795279
222.7600,3.600000
222.7800,3.125430
222.8000,2.477639
222.8200,2.442844
222.8400,2.186185
222.8600,2.400447
222.8800,2.426276
222.9000,2.189982
222.9200,2.379772
222.9400,2.955736
222.9600,2.821428
222.9800,2.617130
223.0000,2.230810
223.0200,2.173177
223.0400,2.094239
223.0600,2.047234
223.0800,1.891813
223.1000,1.833766
223.1200,2.016202
223.1400,1.902700
223.1600,1.663080
223.1800,1.714168
223.2000,1.927309
223.2200,1.933346
223.2400,1.818545
223.2600,1.843218
223.2800,1.956040
223.3000,1.927578
223.3200,1.876599
223.3400,1.970822
223.3600,1.919124
223.3800,1.691853
223.4000,1.559549
223.4200,1.671496
223.4400,0.298277
223.4600,0.349286
223.4800,0.370454
223.5000,0.398975
223.5200,0.367295
223.5400,0.298007
223.5600,0.286044
223.5800,0.220285
223.6000,0.212151
223.6200,0.185866
223.6400,0.214326
223.6600,0.231140
223.6800,0.264514
223.7000,0.265825
223.7200,0.251571
223.7400,0.297950
223.7600,0.300175
223.7800,0.238683
223.8000,0.277992
223.8200,0.265420
223.8400,0.281427
223.8600,0.351672
223.8800,0.280125
223.9000,0.442949
223.9200,0.664585
223.9400,0.824362
223.9600,0.909037
223.9800,1.076342
224.0000,1.248677
224.0200,1.265157
224.0400,1.312822
224.0600,1.402953
224.0800,1.303300
224.1000,1.481405
224.1200,1.878731
224.1400,1.768939
224.1600,1.795538
224.1800,1.891114
224.2000,1.936246
224.2200,1.724672
224.2400,1.540256
224.2600,1.355815
224.2800,1.478131
224.3000,1.623501
224.3200,1.806595
224.3400,1.911733
224.3600,1.703410
224.3800,1.625751
224.4000,1.692836
224.4200,1.697165
224.4400,1.630712
224.4600,1.646140
224.4800,1.659845
224.5000,1.825228
224.5200,1.804828
224.5400,1.865473
224.5600,2.162821
224.5800,2.999084
224.6000,3.185849
224.6200,2.449100
224.6400,2.126992
224.6600,2.295722
224.6800,3.184280
224.7000,2.607737
224.7200,2.213046
224.7400,2.027401
224.7600,2.357038
224.7800,2.196258
224.8000,2.109800
224.8200,2.678498
224.8400,3.526120
224.8600,2.757345
224.8800,2.317573
224.9000,2.076883
224.9200,2.087711
224.9400,2.409688
224.9600,2.352303
224.9800,3.399872
225.0000,3.600000
225.0200,3.600000
225.0400,2.812456
225.0600,2.466254
225.0800,2.251052
225.1000,2.146028
225.1200,2.435472
225.1400,3.600000
225.1600,3.600000
225.1800,2.990682
225.2000,2.852252
225.2200,3.600000
225.2400,3.600000
225.2600,3.589656
225.2800,2.669958
225.3000,3.460991
225.3200,3.600000
225.3400,3.600000
225.3600,3.330552
225.3800,3.523586
225.4000,3.044116
225.4200,3.600000
225.4400,3.077805
225.4600,2.877171
225.4800,3.600000
225.5000,3.600000
225.5200,2.963048
225.5400,2.319196
225.5600,1.883908
225.5800,1.774912
225.6000,1.922059
225.6200,1.860032
225.6400,1.618335
225.6600,1.758605
225.6800,1.563139
225.7000,1.596143
225.7200,1.439677
225.7400,1.542278
225.7600,1.662035
225.7800,1.639329
225.8000,1.639228
225.8200,1.864925
225.8400,2.235026
225.8600,2.377342
225.8800,2.209184
225.9000,2.438095
225.9200,2.744062
225.9400,2.709627
225.9600,2.695549
225.9800,2.690804
226.0000,2.687877
226.0200,3.250606
226.0400,3.231558
226.0600,2.641751
226.0800,2.578821
226.1000,2.452767
226.1200,2.262800
226.1400,2.274788
226.1600,2.417952
226.1800,2.397942
226.2000,2.476231
226.2200,3.370232
226.2400,3.240671
226.2600,3.600000
226.2800,3.600000
226.3000,3.600000
226.3200,2.835819
226.3400,2.356736
226.3600,2.127821
226.3800,2.242208
226.4000,2.381505
226.4200,2.283762
226.4400,2.849893
226.4600,3.600000
226.4800,3.600000
226.5000,3.215490
226.5200,3.600000
226.5400,3.310185
226.5600,2.938757
226.5800,2.545240
226.6000,2.168987
226.6200,2.158347
226.6400,2.442166
226.6600,2.795279
226.6800,3.600000
226.7000,3.125430
226.7200,2.477639
226.7400,2.442844
226.7600,2.186185
226.7800,2.400447
226.8000,2.426276
226.8200,2.189982
226.8400,2.379772
226.8600,2.955736
226.8800,2.821428
226.9000,2.617130
226.9200,2.230810
226.9400,2.173177
226.9600,2.094239
226.9800,2.047234
227.0000,1.891813
227.0200,1.833766
227.0400,2.016202
227.0600,1.902700
227.0800,1.663080
227.1000,1.714168
227.1200,1.927309
227.1400,1.933346
227.1600,1.818545
227.1800,1.843218
227.2000,1.956040
227.2200,1.927578
227.2400,1.876599
227.2600,1.970822
227.2800,1.919124
227.3000,1.691853
227.3200,1.559549
227.3400,1.671496
227.3600,0.298277
227.3800,0.349286
227.4000,0.370454
227.4200,0.398975
227.4400,0.367295
227.4600,0.298007
227.4800,0.286044
227.5000,0.220285
227.5200,0.212151
227.5400,0.185866
227.5600,0.214326
227.5800,0.231140
227.6000,0.264514
227.6200,0.265825
227.6400,0.251571
227.6600,0.297950
227.6800,0.300175
227.7000,0.238683
227.7200,0.277992
227.7400,0.265420
227.7600,0.281427
227.7800,0.351672
227.8000,0.280125
227.8200,0.442949
227.8400,0.664585
227.8600,0.824362
227.8800,0.909037
227.9000,1.076342
227.9200,1.248677
227.9400,1.265157
227.9600,1.312822
227.9800,1.402953
228.0000,1.303300
228.0200,1.481405
228.0400,1.878731
228.0600,1.768939
228.0800,1.795538
228.1000,1.891114
228.1200,1.936246
228.1400,1.724672
228.1600,1.540256
228.1800,1.355815
228.2000,1.478131
228.2200,1.623501
228.2400,1.806595
228.2600,1.911733
228.2800,1.703410
228.3000,1.625751
228.3200,1.692836
228.3400,1.697165
228.3600,1.630712
228.3800,1.646140
228.4000,1.659845
228.4200,1.825228
228.4400,1.804828
228.4600,1.865473
228.4800,2.162821
228.5000,2.999084
228.5200,3.185849
228.5400,2.449100
228.5600,2.126992
228.5800,2.295722
228.6000,3.184280
228.6200,2.607737
228.6400,2.213046
228.6600,2.027401
228.6800,2.357038
228.7000,2.196258
228.7200,2.109800
228.7400,2.678498
228.7600,3.526120
228.7800,2.757345
228.8000,2.317573
228.8200,2.076883
228.8400,2.087711
228.8600,2.409688
228.8800,2.352303
228.9000,3.399872
228.9200,3.600000
228.9400,3.600000
228.9600,2.812456
228.9800,2.466254
229.0000,2.251052
229.0200,2.146028
229.0400,2.435472
229.0600,3.600000
229.0800,3.600000
229.1000,2.990682
229.1200,2.852252
229.1400,3.600000
229.1600,3.600000
229.1800,3.589656
229.2000,2.669958
229.2200,3.460991
229.2400,3.600000
229.2600,3.600000
229.2800,3.330552
229.3000,3.523586
229.3200,3.044116
229.3400,3.600000
229.3600,3.077805
229.3800,2.877171
229.4000,3.600000
229.4200,3.600000
229.4400,2.963048
229.4600,2.319196
229.4800,1.883908
229.5000,1.774912
229.5200,1.922059
229.5400,1.860032
229.5600,1.618335
229.5800,1.758605
229.6000,1.563139
229.6200,1.596143
229.6400,1.439677
229.6600,1.542278
229.6800,1.662035
229.7000,1.639329
229.7200,1.639228
229.7400,1.864925
229.7600,2.235026
229.7800,2.377342
229.8000,2.209184
229.8200,2.438095
229.8400,2.744062
229.8600,2.709627
229.8800,2.695549
229.9000,2.690804
229.9200,2.687877
229.9400,3.250606
229.9600,3.231558
229.9800,2.641751
230.0000,2.578821
230.0200,2.452767
230.0400,2.262800
230.0600,2.274788
230.0800,2.417952
230.1000,2.397942
230.1200,2.476231
230.1400,3.370232
230.1600,3.240671
230.1800,3.600000
230.2000,3.600000
230.2200,3.600000
230.2400,2.835819
230.2600,2.356736
230.2800,2.127821
230.3000,2.242208
230.3200,2.381505
230.3400,2.283762
230.3600,2.849893
230.3800,3.600000
230.4000,3.600000
230.4200,3.215490
230.4400,3.600000
230.4600,3.310185
230.4800,2.938757
230.5000,2.545240
230.5200,2.168987
230.5400,2.158347
230.5600,2.442166
230.5800,2.795279
230.6000,3.600000
230.6200,3.125430
230.6400,2.477639
230.6600,2.442844
230.6800,2.186185
230.7000,2.400447
230.7200,2.426276
230.7400,2.189982
230.7600,2.379772
230.7800,2.955736
230.8000,2.821428
230.8200,2.617130
230.8400,2.230810
230.8600,2.173177
230.8800,2.094239
230.9000,2.047234
230.9200,1.891813
230.9400,1.833766
230.9600,2.016202
230.9800,1.902700
231.0000,1.663080
231.0200,1.714168
231.0400,1.927309
231.0600,1.933346
231.0800,1.818545
231.1000,1.843218
231.1200,1.956040
231.1400,1.927578
231.1600,1.876599
231.1800,1.970822
231.2000,1.919124
231.2200,1.691853
231.2400,1.559549
231.2600,1.671496
231.2800,0.298277
231.3000,0.349286
231.3200,0.370454
231.3400,0.398975
231.3600,0.367295
231.3800,0.298007
231.4000,0.286044
231.4200,0.220285
231.4400,0.212151
231.4600,0.185866
231.4800,0.214326
231.5000,0.231140
231.5200,0.264514
231.5400,0.265825
231.5600,0.251571
231.5800,0.297950
231.6000,0.300175
231.6200,0.238683
231.6400,0.277992
231.6600,0.265420
231.6800,0.281427
231.7000,0.351672
231.7200,0.280125
231.7400,0.442949
231.7600,0.664585
231.7800,0.824362
231.8000,0.909037
231.8200,1.076342
231.8400,1.248677
231.8600,1.265157
231.8800,1.312822
231.9000,1.402953
231.9200,1.303300
231.9400,1.481405
231.9600,1.878731
231.9800,1.768939
232.0000,1.795538
232.0200,1.891114
232.0400,1.936246
232.0600,1.724672
232.0800,1.540256
232.1000,1.355815
232.1200,1.478131
232.1400,1.623501
232.1600,1.806595
232.1800,1.911733
232.2000,1.703410
232.2200,1.625751
232.2400,1.692836
232.2600,1.697165
232.2800,1.630712
232.3000,1.646140
232.3200,1.659845
232.3400,1.825228
232.3600,1.804828
232.3800,1.865473
232.4000,2.162821
232.4200,2.999084
232.4400,3.185849
232.4600,2.449100
232.4800,2.126992
232.5000,2.295722
232.5200,3.184280
232.5400,2.607737
232.5600,2.213046
232.5800,2.027401
232.6000,2.357038
232.6200,2.196258
232.6400,2.109800
232.6600,2.678498
232.6800,3.526120
232.7000,2.757345
232.7200,2.317573
232.7400,2.076883
232.7600,2.087711
232.7800,2.409688
232.8000,2.352303
232.8200,3.399872
232.8400,3.600000
232.8600,3.600000
232.8800,2.812456
232.9000,2.466254
232.9200,2.251052
232.9400,2.146028
232.9600,2.435472
232.9800,3.600000
233.0000,3.600000
233.0200,2.990682
233.0400,2.852252
233.0600,3.600000
233.0800,3.600000
233.1000,3.589656
233.1200,2.669958
233.1400,3.460991
233.1600,3.600000
233.1800,3.600000
233.2000,3.330552
233.2200,3.523586
233.2400,3.044116
233.2600,3.600000
233.2800,3.077805
233.3000,2.877171
233.3200,3.600000
233.3400,3.600000
233.3600,2.963048
233.3800,2.319196
233.4000,1.883908
233.4200,1.774912
233.4400,1.922059
233.4600,1.860032
233.4800,1.618335
233.5000,1.758605
233.5200,1.563139
233.5400,1.596143
233.5600,1.439677
233.5800,1.542278
233.6000,1.662035
233.6200,1.639329
233.6400,1.639228
233.6600,1.864925
233.6800,2.235026
233.7000,2.377342
233.7200,2.209184
233.7400,2.438095
233.7600,2.744062
233.7800,2.709627
233.8000,2.695549
233.8200,2.690804
233.8400,2.687877
233.8600,3.250606
233.8800,3.231558
233.9000,2.641751
233.9200,2.578821
233.9400,2.452767
233.9600,2.262800
233.9800,2.274788
234.0000,2.417952
234.0200,2.397942
234.0400,2.476231
234.0600,3.370232
234.0800,3.240671
234.1000,3.600000
234.1200,3.600000
234.1400,3.600000
234.1600,2.835819
234.1800,2.356736
234.2000,2.127821
234.2200,2.242208
234.2400,2.381505
234.2600,2.283762
234.2800,2.849893
234.3000,3.600000
234.3200,3.600000
234.3400,3.215490
234.3600,3.600000
234.3800,3.310185
234.4000,2.938757
234.4200,2.545240
234.4400,2.168987
234.4600,2.158347
234.4800,2.442166
234.5000,2.795279
234.5200,3.600000
234.5400,3.125430
234.5600,2.477639
234.5800,2.442844
234.6000,2.186185
234.6200,2.400447
234.6400,2.426276
234.6600,2.189982
234.6800,2.379772
234.7000,2.955736
234.7200,2.821428
234.7400,2.617130
234.7600,2.230810
234.7800,2.173177
234.8000,2.094239
234.8200,2.047234
234.8400,1.891813
234.8600,1.833766
234.8800,2.016202
234.9000,1.902700
234.9200,1.663080
234.9400,1.714168
234.9600,1.927309
234.9800,1.933346
235.0000,1.818545
235.0200,1.843218
235.0400,1.956040
235.0600,1.927578
235.0800,1.876599
235.1000,1.970822
235.1200,1.919124
235.1400,1.691853
235.1600,1.559549
235.1800,1.671496
235.2000,0.298277
235.2200,0.349286
235.2400,0.370454
235.2600,0.398975
235.2800,0.367295
235.3000,0.298007
235.3200,0.286044
235.3400,0.220285
235.3600,0.212151
235.3800,0.185866
235.4000,0.214326
235.4200,0.231140
235.4400,0.264514
235.4600,0.265825
235.4800,0.251571
235.5000,0.297950
235.5200,0.300175
235.5400,0.238683
235.5600,0.277992
235.5800,0.265420
235.6000,0.281427
235.6200,0.351672
235.6400,0.280125
235.6600,0.442949
235.6800,0.664585
235.7000,0.824362
235.7200,0.909037
235.7400,1.076342
235.7600,1.248677
235.7800,1.265157
235.8000,1.312822
235.8200,1.402953
235.8400,1.303300
235.8600,1.481405
235.8800,1.878731
235.9000,1.768939
235.9200,1.795538
235.9400,1.891114
235.9600,1.936246
235.9800,1.724672
236.0000,1.540256
236.0200,1.355815
236.0400,1.478131
236.0600,1.623501
236.0800,1.806595
236.1000,1.911733
236.1200,1.703410
236.1400,1.625751
236.1600,1.692836
236.1800,1.697165
236.2000,1.630712
236.2200,1.646140
236.2400,1.659845
236.2600,1.825228
236.2800,1.804828
236.3000,1.865473
236.3200,2.162821
236.3400,2.999084
236.3600,3.185849
236.3800,2.449100
236.4000,2.126992
236.4200,2.295722
236.4400,3.184280
236.4600,2.607737
236.4800,2.213046
236.5000,2.027401
236.5200,2.357038
236.5400,2.196258
236.5600,2.109800
236.5800,2.678498
236.6000,3.526120
236.6200,2.757345
236.6400,2.317573
236.6600,2.076883
236.6800,2.087711
236.7000,2.409688
236.7200,2.352303
236.7400,3.399872
236.7600,3.600000
236.7800,3.600000
236.8000,2.812456
236.8200,2.466254
236.8400,2.251052
236.8600,2.146028
236.8800,2.435472
236.9000,3.600000
236.9200,3.600000
236.9400,2.990682
236.9600,2.852252
236.9800,3.600000
237.0000,3.600000
237.0200,3.589656
237.0400,2.669958
237.0600,3.460991
237.0800,3.600000
237.1000,3.600000
237.1200,3.330552
237.1400,3.523586
237.1600,3.044116
237.1800,3.600000
237.2000,3.077805
237.2200,2.877171
237.2400,3.600000
237.2600,3.600000
237.2800,2.963048
237.3000,2.319196
237.3200,1.883908
237.3400,1.774912
237.3600,1.922059
237.3800,1.860032
237.4000,1.618335
237.4200,1.758605
237.4400,1.563139
237.4600,1.596143
237.4800,1.439677
237.5000,1.542278
237.5200,1.662035
237.5400,1.639329
237.5600,1.639228
237.5800,1.864925
237.6000,2.235026
237.6200,2.377342
237.6400,2.209184
237.6600,2.438095
237.6800,2.744062
237.7000,2.709627
237.7200,2.695549
237.7400,2.690804
237.7600,2.687877
237.7800,3.250606
237.8000,3.231558
237.8200,2.641751
237.8400,2.578821
237.8600,2.452767
237.8800,2.262800
237.9000,2.274788
237.9200,2.417952
237.9400,2.397942
237.9600,2.476231
237.9800,3.370232
238.0000,3.240671
238.0200,3.600000
238.0400,3.600000
238.0600,3.600000
238.0800,2.835819
238.1000,2.356736
238.1200,2.127821
238.1400,2.242208
238.1600,2.381505
238.1800,2.283762
238.2000,2.849893
238.2200,3.600000
238.2400,3.600000
238.2600,3.215490
238.2800,3.600000
238.3000,3.310185
238.3200,2.938757
238.3400,2.545240
238.3600,2.168987
238.3800,2.158347
238.4000,2.442166
238.4200,2.795279
238.4400,3.600000
238.4600,3.125430
238.4800,2.477639
238.5000,2.442844
238.5200,2.186185
238.5400,2.400447
238.5600,2.426276
238.5800,2.189982
238.6000,2.379772
238.6200,2.955736
238.6400,2.821428
238.6600,2.617130
238.6800,2.230810
238.7000,2.173177
238.7200,2.094239
238.7400,2.047234
238.7600,1.891813
238.7800,1.833766
238.8000,2.016202
238.8200,1.902700
238.8400,1.663080
238.8600,1.714168
238.8800,1.927309
238.9000,1.933346
238.9200,1.818545
238.9400,1.843218
238.9600,1.956040
238.9800,1.927578
239.0000,1.876599
239.0200,1.970822
239.0400,1.919124
239.0600,1.691853
239.0800,1.559549
239.1000,1.671496
239.1200,0.298277
239.1400,0.349286
239.1600,0.370454
239.1800,0.398975
239.2000,0.367295
239.2200,0.298007
239.2400,0.286044
239.2600,0.220285
239.2800,0.212151
239.3000,0.185866
239.3200,0.214326
239.3400,0.231140
239.3600,0.264514
239.3800,0.265825
239.4000,0.251571
239.4200,0.297950
239.4400,0.300175
239.4600,0.238683
239.4800,0.277992
239.5000,0.265420
239.5200,0.281427
239.5400,0.351672
239.5600,0.280125
239.5800,0.442949
239.6000,0.664585
239.6200,0.824362
239.6400,0.909037
239.6600,1.076342
239.6800,1.248677
239.7000,1.265157
239.7200,1.312822
239.7400,1.402953
239.7600,1.303300
239.7800,1.481405
239.8000,1.878731
239.8200,1.768939
239.8400,1.795538
239.8600,1.891114
239.8800,1.936246
239.9000,1.724672
239.9200,1.540256
239.9400,1.355815
239.9600,1.478131
239.9800,1.623501
240.0000,1.806595
240.0200,1.911733
240.0400,1.703410
240.0600,1.625751
240.0800,1.692836
240.1000,1.697165
240.1200,1.630712
240.1400,1.646140
240.1600,1.659845
240.1800,1.825228
240.2000,1.804828
240.2200,1.865473
240.2400,2.162821
240.2600,2.999084
240.2800,3.185849
240.3000,2.449100
240.3200,2.126992
240.3400,2.295722
240.3600,3.184280
240.3800,2.607737
240.4000,2.213046
240.4200,2.027401
240.4400,2.357038
240.4600,2.196258
240.4800,2.109800
240.5000,2.678498
240.5200,3.526120
240.5400,2.757345
240.5600,2.317573
240.5800,2.076883
240.6000,2.087711
240.6200,2.409688
240.6400,2.352303
240.6600,3.399872
240.6800,3.600000
240.7000,3.600000
240.7200,2.812456
240.7400,2.466254
240.7600,2.251052
240.7800,2.146028
240.8000,2.435472
240.8200,3.600000
240.8400,3.600000
240.8600,2.990682
240.8800,2.852252
240.9000,3.600000
240.9200,3.600000
240.9400,3.589656
240.9600,2.669958
240.9800,3.460991
241.0000,3.600000
241.0200,3.600000
241.0400,3.330552
241.0600,3.523586
241.0800,3.044116
241.1000,3.600000
241.1200,3.077805
241.1400,2.877171
241.1600,3.600000
241.1800,3.600000
241.2000,2.963048
241.2200,2.319196
241.2400,1.883908
241.2600,1.774912
241.2800,1.922059
241.3000,1.860032
241.3200,1.618335
241.3400,1.758605
241.3600,1.563139
241.3800,1.596143
241.4000,1.439677
241.4200,1.542278
241.4400,1.662035
241.4600,1.639329
241.4800,1.639228
241.5000,1.864925
241.5200,2.235026
241.5400,2.377342
241.5600,2.209184
241.5800,2.438095
241.6000,2.744062
241.6200,2.709627
241.6400,2.695549
241.6600,2.690804
241.6800,2.687877
241.7000,3.250606
241.7200,3.231558
241.7400,2.641751
241.7600,2.578821
241.7800,2.452767
241.8000,2.262800
241.8200,2.274788
241.8400,2.417952
241.8600,2.397942
241.8800,2.476231
241.9000,3.370232
241.9200,3.240671
241.9400,3.600000
241.9600,3.600000
241.9800,3.600000
242.0000,2.835819
242.0200,2.356736
242.0400,2.127821
242.0600,2.242208
242.0800,2.381505
242.1000,2.283762
242.1200,2.849893
242.1400,3.600000
242.1600,3.600000
242.1800,3.215490
242.2000,3.600000
242.2200,3.310185
242.2400,2.938757
242.2600,2.545240
242.2800,2.168987
242.3000,2.158347
242.3200,2.442166
242.3400,2.795279
242.3600,3.600000
242.3800,3.125430
242.4000,2.477639
242.4200,2.442844
242.4400,2.186185
242.4600,2.400447
242.4800,2.426276
242.5000,2.189982
242.5200,2.379772
242.5400,2.955736
242.5600,2.821428
242.5800,2.617130
242.6000,2.230810
242.6200,2.173177
242.6400,2.094239
242.6600,2.047234
242.6800,1.891813
242.7000,1.833766
242.7200,2.016202
242.7400,1.902700
242.7600,1.663080
242.7800,1.714168
242.8000,1.927309
242.8200,1.933346
242.8400,1.818545
242.8600,1.843218
242.8800,1.956040
242.9000,1.927578
242.9200,1.876599
242.9400,1.970822
242.9600,1.919124
242.9800,1.691853
243.0000,1.559549
243.0200,1.671496
243.0400,0.298277
243.0600,0.349286
243.0800,0.370454
243.1000,0.398975
243.1200,0.367295
243.1400,0.298007
243.1600,0.286044
243.1800,0.220285
243.2000,0.212151
243.2200,0.185866
243.2400,0.214326
243.2600,0.231140
243.2800,0.264514
243.3000,0.265825
243.3200,0.251571
243.3400,0.297950
243.3600,0.300175
243.3800,0.238683
243.4000,0.277992
243.4200,0.265420
243.4400,0.281427
243.4600,0.351672
243.4800,0.280125
243.5000,0.442949
243.5200,0.664585
243.5400,0.824362
243.5600,0.909037
243.5800,1.076342
243.6000,1.248677
243.6200,1.265157
243.6400,1.312822
243.6600,1.402953
243.6800,1.303300
243.7000,1.481405
243.7200,1.878731
243.7400,1.768939
243.7600,1.795538
243.7800,1.891114
243.8000,1.936246
243.8200,1.724672
243.8400,1.540256
243.8600,1.355815
243.8800,1.478131
243.9000,1.623501
243.9200,1.806595
243.9400,1.911733
243.9600,1.703410
243.9800,1.625751
244.0000,1.692836
244.0200,1.697165
244.0400,1.630712
244.0600,1.646140
244.0800,1.659845
244.1000,1.825228
244.1200,1.804828
244.1400,1.865473
244.1600,2.162821
244.1800,2.999084
244.2000,3.185849
244.2200,2.449100
244.2400,2.126992
244.2600,2.295722
244.2800,3.184280
244.3000,2.607737
244.3200,2.213046
244.3400,2.027401
244.3600,2.357038
244.3800,2.196258
244.4000,2.109800
244.4200,2.678498
244.4400,3.526120
244.4600,2.757345
244.4800,2.317573
244.5000,2.076883
244.5200,2.087711
244.5400,2.409688
244.5600,2.352303
244.5800,3.399872
244.6000,3.600000
244.6200,3.600000
244.6400,2.812456
244.6600,2.466254
244.6800,2.251052
244.7000,2.146028
244.7200,2.435472
244.7400,3.600000
244.7600,3.600000
244.7800,2.990682
244.8000,2.852252
244.8200,3.600000
244.8400,3.600000
244.8600,3.589656
244.8800,2.669958
244.9000,3.460991
244.9200,3.600000
244.9400,3.600000
244.9600,3.330552
244.9800,3.523586
245.0000,3.044116
245.0200,3.600000
245.0400,3.077805
245.0600,2.877171
245.0800,3.600000
245.1000,3.600000
245.1200,2.963048
245.1400,2.319196
245.1600,1.883908
245.1800,1.774912
245.2000,1.922059
245.2200,1.860032
245.2400,1.618335
245.2600,1.758605
245.2800,1.563139
245.3000,1.596143
245.3200,1.439677
245.3400,1.542278
245.3600,1.662035
245.3800,1.639329
245.4000,1.639228
245.4200,1.864925
245.4400,2.235026
245.4600,2.377342
245.4800,2.209184
245.5000,2.438095
245.5200,2.744062
245.5400,2.709627
245.5600,2.695549
245.5800,2.690804
245.6000,2.687877
245.6200,3.250606
245.6400,3.231558
245.6600,2.641751
245.6800,2.578821
245.7000,2.452767
245.7200,2.262800
245.7400,2.274788
245.7600,2.417952
245.7800,2.397942
245.8000,2.476231
245.8200,3.370232
245.8400,3.240671
245.8600,3.600000
245.8800,3.600000
245.9000,3.600000
245.9200,2.835819
245.9400,2.356736
245.9600,2.127821
245.9800,2.242208
246.0000,2.381505
246.0200,2.283762
246.0400,2.849893
246.0600,3.600000
246.0800,3.600000
246.1000,3.215490
246.1200,3.600000
246.1400,3.310185
246.1600,2.938757
246.1800,2.545240
246.2000,2.168987
246.2200,2.158347
246.2400,2.442166
246.2600,2.795279
246.2800,3.600000
246.3000,3.125430
246.3200,2.477639
246.3400,2.442844
246.3600,2.186185
246.3800,2.400447
246.4000,2.426276
246.4200,2.189982
246.4400,2.379772
246.4600,2.955736
246.4800,2.821428
246.5000,2.617130
246.5200,2.230810
246.5400,2.173177
246.5600,2.094239
246.5800,2.047234
246.6000,1.891813
246.6200,1.833766
246.6400,2.016202
246.6600,1.902700
246.6800,1.663080
246.7000,1.714168
246.7200,1.927309
246.7400,1.933346
246.7600,1.818545
246.7800,1.843218
246.8000,1.956040
246.8200,1.927578
246.8400,1.876599
246.8600,1.970822
246.8800,1.919124
246.9000,1.691853
246.9200,1.559549
246.9400,1.671496
246.9600,0.298277
246.9800,0.349286
247.0000,0.370454
247.0200,0.398975
247.0400,0.367295
247.0600,0.298007
247.0800,0.286044
247.1000,0.220285
247.1200,0.212151
247.1400,0.185866
247.1600,0.214326
247.1800,0.231140
247.2000,0.264514
247.2200,0.265825
247.2400,0.251571
247.2600,0.297950
247.2800,0.300175
247.3000,0.238683
247.3200,0.277992
247.3400,0.265420
247.3600,0.281427
247.3800,0.351672
247.4000,0.280125
247.4200,0.442949
247.4400,0.664585
247.4600,0.824362
247.4800,0.909037
247.5000,1.076342
247.5200,1.248677
247.5400,1.265157
247.5600,1.312822
247.5800,1.402953
247.6000,1.303300
247.6200,1.481405
247.6400,1.878731
247.6600,1.768939
247.6800,1.795538
247.7000,1.891114
247.7200,1.936246
247.7400,1.724672
247.7600,1.540256
247.7800,1.355815
247.8000,1.478131
247.8200,1.623501
247.8400,1.806595
247.8600,1.911733
247.8800,1.703410
247.9000,1.625751
247.9200,1.692836
247.9400,1.697165
247.9600,1.630712
247.9800,1.646140
248.0000,1.659845
248.0200,1.825228
248.0400,1.804828
248.0600,1.865473
248.0800,2.162821
248.1000,2.999084
248.1200,3.185849
248.1400,2.449100
248.1600,2.126992
248.1800,2.295722
248.2000,3.184280
248.2200,2.607737
248.2400,2.213046
248.2600,2.027401
248.2800,2.357038
248.3000,2.196258
248.3200,2.109800
248.3400,2.678498
248.3600,3.526120
248.3800,2.757345
248.4000,2.317573
248.4200,2.076883
248.4400,2.087711
248.4600,2.409688
248.4800,2.352303
248.5000,3.399872
248.5200,3.600000
248.5400,3.600000
248.5600,2.812456
248.5800,2.466254
248.6000,2.251052
248.6200,2.146028
248.6400,2.435472
248.6600,3.600000
248.6800,3.600000
248.7000,2.990682
248.7200,2.852252
248.7400,3.600000
248.7600,3.600000
248.7800,3.589656
248.8000,2.669958
248.8200,3.460991
248.8400,3.600000
248.8600,3.600000
248.8800,3.330552
248.9000,3.523586
248.9200,3.044116
248.9400,3.600000
248.9600,3.077805
248.9800,2.877171
249.0000,3.600000
249.0200,3.600000
249.0400,2.963048
249.0600,2.319196
249.0800,1.883908
249.1000,1.774912
249.1200,1.922059
249.1400,1.860032
249.1600,1.618335
249.1800,1.758605
249.2000,1.563139
249.2200,1.596143
249.2400,1.439677
249.2600,1.542278
249.2800,1.662035
249.3000,1.639329
249.3200,1.639228
249.3400,1.864925
249.3600,2.235026
249.3800,2.377342
249.4000,2.209184
249.4200,2.438095
249.4400,2.744062
249.4600,2.709627
249.4800,2.695549
249.5000,2.690804
249.5200,2.687877
249.5400,3.250606
249.5600,3.231558
249.5800,2.641751
249.6000,2.578821
249.6200,2.452767
249.6400,2.262800
249.6600,2.274788
249.6800,2.417952
249.7000,2.397942
249.7200,2.476231
249.7400,3.370232
249.7600,3.240671
249.7800,3.600000
249.8000,3.600000
249.8200,3.600000
249.8400,2.835819
249.8600,2.356736
249.8800,2.127821
249.9000,2.242208
249.9200,2.381505
249.9400,2.283762
249.9600,2.849893
249.9800,3.600000
250.0000,3.600000
250.0200,3.215490
250.0400,3.600000
250.0600,3.310185
250.0800,2.938757
250.1000,2.545240
250.1200,2.168987
250.1400,2.158347
250.1600,2.442166
250.1800,2.795279
250.2000,3.600000
250.2200,3.125430
250.2400,2.477639
250.2600,2.442844
250.2800,2.186185
250.3000,2.400447
250.3200,2.426276
250.3400,2.189982
250.3600,2.379772
250.3800,2.955736
250.4000,2.821428
250.4200,2.617130
250.4400,2.230810
250.4600,2.173177
250.4800,2.094239
250.5000,2.047234
250.5200,1.891813
250.5400,1.833766
250.5600,2.016202
250.5800,1.902700
250.6000,1.663080
250.6200,1.714168
250.6400,1.927309
250.6600,1.933346
250.6800,1.818545
250.7000,1.843218
250.7200,1.956040
250.7400,1.927578
250.7600,1.876599
250.7800,1.970822
250.8000,1.919124
250.8200,1.691853
250.8400,1.559549
250.8600,1.671496
250.8800,0.298277
250.9000,0.349286
250.9200,0.370454
250.9400,0.398975
250.9600,0.367295
250.9800,0.298007
251.0000,0.286044
251.0200,0.220285
251.0400,0.212151
251.0600,0.185866
251.0800,0.214326
251.1000,0.231140
251.1200,0.264514
251.1400,0.265825
251.1600,0.251571
251.1800,0.297950
251.2000,0.300175
251.2200,0.238683
251.2400,0.277992
251.2600,0.265420
251.2800,0.281427
251.3000,0.351672
251.3200,0.280125
251.3400,0.442949
251.3600,0.664585
251.3800,0.824362
251.4000,0.909037
251.4200,1.076342
251.4400,1.248677
251.4600,1.265157
251.4800,1.312822
251.5000,1.402953
251.5200,1.303300
251.5400,1.481405
251.5600,1.878731
251.5800,1.768939
251.6000,1.795538
251.6200,1.891114
251.6400,1.936246
251.6600,1.724672
251.6800,1.540256
251.7000,1.355815
251.7200,1.478131
251.7400,1.623501
251.7600,1.806595
251.7800,1.911733
251.8000,1.703410
251.8200,1.625751
251.8400,1.692836
251.8600,1.697165
251.8800,1.630712
251.9000,1.646140
251.9200,1.659845
251.9400,1.825228
251.9600,1.804828
251.9800,1.865473
252.0000,2.162821
252.0200,2.999084
252.0400,3.185849
252.0600,2.449100
252.0800,2.126992
252.1000,2.295722
252.1200,3.184280
252.1400,2.607737
252.1600,2.213046
252.1800,2.027401
252.2000,2.357038
252.2200,2.196258
252.2400,2.109800
252.2600,2.678498
252.2800,3.526120
252.3000,2.757345
252.3200,2.317573
252.3400,2.076883
252.3600,2.087711
252.3800,2.409688
252.4000,2.352303
252.4200,3.399872
252.4400,3.600000
252.4600,3.600000
252.4800,2.812456
252.5000,2.466254
252.5200,2.251052
252.5400,2.146028
252.5600,2.435472
252.5800,3.600000
252.6000,3.600000
252.6200,2.990682
252.6400,2.852252
252.6600,3.600000
252.6800,3.600000
252.7000,3.589656
252.7200,2.669958
252.7400,3.460991
252.7600,3.600000
252.7800,3.600000
252.8000,3.330552
252.8200,3.523586
252.8400,3.044116
252.8600,3.600000
252.8800,3.077805
252.9000,2.877171
252.9200,3.600000
252.9400,3.600000
252.9600,2.963048
252.9800,2.319196
253.0000,1.883908
253.0200,1.774912
253.0400,1.922059
253.0600,1.860032
253.0800,1.618335
253.1000,1.758605
253.1200,1.563139
253.1400,1.596143
253.1600,1.439677
253.1800,1.542278
253.2000,1.662035
253.2200,1.639329
253.2400,1.639228
253.2600,1.864925
253.2800,2.235026
253.3000,2.377342
253.3200,2.209184
253.3400,2.438095
253.3600,2.744062
253.3800,2.709627
253.4000,2.695549
253.4200,2.690804
253.4400,2.687877
253.4600,3.250606
253.4800,3.231558
253.5000,2.641751
253.5200,2.578821
253.5400,2.452767
253.5600,2.262800
253.5800,2.274788
253.6000,2.417952
253.6200,2.397942
253.6400,2.476231
253.6600,3.370232
253.6800,3.240671
253.7000,3.600000
253.7200,3.600000
253.7400,3.600000
253.7600,2.835819
253.7800,2.356736
253.8000,2.127821
253.8200,2.242208
253.8400,2.381505
253.8600,2.283762
253.8800,2.849893
253.9000,3.600000
253.9200,3.600000
253.9400,3.215490
253.9600,3.600000
253.9800,3.310185
254.0000,2.938757
254.0200,2.545240
254.0400,2.168987
254.0600,2.158347
254.0800,2.442166
254.1000,2.795279
254.1200,3.600000
254.1400,3.125430
254.1600,2.477639
254.1800,2.442844
254.2000,2.186185
254.2200,2.400447
254.2400,2.426276
254.2600,2.189982
254.2800,2.379772
254.3000,2.955736
254.3200,2.821428
254.3400,2.617130
254.3600,2.230810
254.3800,2.173177
254.4000,2.094239
254.4200,2.047234
254.4400,1.891813
254.4600,1.833766
254.4800,2.016202
254.5000,1.902700
254.5200,1.663080
254.5400,1.714168
254.5600,1.927309
254.5800,1.933346
254.6000,1.818545
254.6200,1.843218
254.6400,1.956040
254.6600,1.927578
254.6800,1.876599
254.7000,1.970822
254.7200,1.919124
254.7400,1.691853
254.7600,1.559549
254.7800,1.671496
254.8000,0.298277
254.8200,0.349286
254.8400,0.370454
254.8600,0.398975
254.8800,0.367295
254.9000,0.298007
254.9200,0.286044
254.9400,0.220285
254.9600,0.212151
254.9800,0.185866
255.0000,0.214326
255.0200,0.231140
255.0400,0.264514
255.0600,0.265825
255.0800,0.251571
255.1000,0.297950
255.1200,0.300175
255.1400,0.238683
255.1600,0.277992
255.1800,0.265420
255.2000,0.281427
255.2200,0.351672
255.2400,0.280125
255.2600,0.442949
255.2800,0.664585
255.3000,0.824362
255.3200,0.909037
255.3400,1.076342
255.3600,1.248677
255.3800,1.265157
255.4000,1.312822
255.4200,1.402953
255.4400,1.303300
255.4600,1.481405
255.4800,1.878731
255.5000,1.768939
255.5200,1.795538
255.5400,1.891114
255.5600,1.936246
255.5800,1.724672
255.6000,1.540256
255.6200,1.355815
255.6400,1.478131
255.6600,1.623501
255.6800,1.806595
255.7000,1.911733
255.7200,1.703410
255.7400,1.625751
255.7600,1.692836
255.7800,1.697165
255.8000,1.630712
255.8200,1.646140
255.8400,1.659845
255.8600,1.825228
255.8800,1.804828
255.9000,1.865473
255.9200,2.162821
255.9400,2.999084
255.9600,3.185849
255.9800,2.449100
256.0000,2.126992
256.0200,2.295722
256.0400,3.184280
256.0600,2.607737
256.0800,2.213046
256.1000,2.027401
256.1200,2.357038
256.1400,2.196258
256.1600,2.109800
256.1800,2.678498
256.2000,3.526120
256.2200,2.757345
256.2400,2.317573
256.2600,2.076883
256.2800,2.087711
256.3000,2.409688
256.3200,2.352303
256.3400,3.399872
256.3600,3.600000
256.3800,3.600000
256.4000,2.812456
256.4200,2.466254
256.4400,2.251052
256.4600,2.146028
256.4800,2.435472
256.5000,3.600000
256.5200,3.600000
256.5400,2.990682
256.5600,2.852252
256.5800,3.600000
256.6000,3.600000
256.6200,3.589656
256.6400,2.669958
256.6600,3.460991
256.6800,3.600000
256.7000,3.600000
256.7200,3.330552
256.7400,3.523586
256.7600,3.044116
256.7800,3.600000
256.8000,3.077805
256.8200,2.877171
256.8400,3.600000
256.8600,3.600000
256.8800,2.963048
256.9000,2.319196
256.9200,1.883908
256.9400,1.774912
256.9600,1.922059
256.9800,1.860032
257.0000,1.618335
257.0200,1.758605
257.0400,1.563139
257.0600,1.596143
257.0800,1.439677
257.1000,1.542278
257.1200,1.662035
257.1400,1.639329
257.1600,1.639228
257.1800,1.864925
257.2000,2.235026
257.2200,2.377342
257.2400,2.209184
257.2600,2.438095
257.2800,2.744062
257.3000,2.709627
257.3200,2.695549
257.3400,2.690804
257.3600,2.687877
257.3800,3.250606
257.4000,3.231558
257.4200,2.641751
257.4400,2.578821
257.4600,2.452767
257.4800,2.262800
257.5000,2.274788
257.5200,2.417952
257.5400,2.397942
257.5600,2.476231
257.5800,3.370232
257.6000,3.240671
257.6200,3.600000
257.6400,3.600000
257.6600,3.600000
257.6800,2.835819
257.7000,2.356736
257.7200,2.127821
257.7400,2.242208
257.7600,2.381505
257.7800,2.283762
257.8000,2.849893
257.8200,3.600000
257.8400,3.600000
257.8600,3.215490
257.8800,3.600000
257.9000,3.310185
257.9200,2.938757
257.9400,2.545240
257.9600,2.168987
257.9800,2.158347
258.0000,2.442166
258.0200,2.795279
258.0400,3.600000
258.0600,3.125430
258.0800,2.477639
258.1000,2.442844
258.1200,2.186185
258.1400,2.400447
258.1600,2.426276
258.1800,2.189982
258.2000,2.379772
258.2200,2.955736
258.2400,2.821428
258.2600,2.617130
258.2800,2.230810
258.3000,2.173177
258.3200,2.094239
258.3400,2.047234
258.3600,1.891813
258.3800,1.833766
258.4000,2.016202
258.4200,1.902700
258.4400,1.663080
258.4600,1.714168
258.4800,1.927309
258.5000,1.933346
258.5200,1.818545
258.5400,1.843218
258.5600,1.956040
258.5800,1.927578
258.6000,1.876599
258.6200,1.970822
258.6400,1.919124
258.6600,1.691853
258.6800,1.559549
258.7000,1.671496
258.7200,0.298277
258.7400,0.349286
258.7600,0.370454
258.7800,0.398975
258.8000,0.367295
258.8200,0.298007
258.8400,0.286044
258.8600,0.220285
258.8800,0.212151
258.9000,0.185866
258.9200,0.214326
258.9400,0.231140
258.9600,0.264514
258.9800,0.265825
259.0000,0.251571
259.0200,0.297950
259.0400,0.300175
259.0600,0.238683
259.0800,0.277992
259.1000,0.265420
259.1200,0.281427
259.1400,0.351672
259.1600,0.280125
259.1800,0.442949
259.2000,0.664585
259.2200,0.824362
259.2400,0.909037
259.2600,1.076342
259.2800,1.248677
259.3000,1.265157
259.3200,1.312822
259.3400,1.402953
259.3600,1.303300
259.3800,1.481405
259.4000,1.878731
259.4200,1.768939
259.4400,1.795538
259.4600,1.891114
259.4800,1.936246
259.5000,1.724672
259.5200,1.540256
259.5400,1.355815
259.5600,1.478131
259.5800,1.623501
259.6000,1.806595
259.6200,1.911733
259.6400,1.703410
259.6600,1.625751
259.6800,1.692836
259.7000,1.697165
259.7200,1.630712
259.7400,1.646140
259.7600,1.659845
259.7800,1.825228
259.8000,1.804828
259.8200,1.865473
259.8400,2.162821
259.8600,2.999084
259.8800,3.185849
259.9000,2.449100
259.9200,2.126992
259.9400,2.295722
259.9600,3.184280
259.9800,2.607737
260.0000,2.213046
260.0200,2.027401
260.0400,2.357038
260.0600,2.196258
260.0800,2.109800
260.1000,2.678498
260.1200,3.526120
260.1400,2.757345
260.1600,2.317573
260.1800,2.076883
260.2000,2.087711
260.2200,2.409688
260.2400,2.352303
260.2600,3.399872
260.2800,3.600000
260.3000,3.600000
260.3200,2.812456
260.3400,2.466254
260.3600,2.251052
260.3800,2.146028
260.4000,2.435472
260.4200,3.600000
260.4400,3.600000
260.4600,2.990682
260.4800,2.852252
260.5000,3.600000
260.5200,3.600000
260.5400,3.589656
260.5600,2.669958
260.5800,3.460991
260.6000,3.600000
260.6200,3.600000
260.6400,3.330552
260.6600,3.523586
260.6800,3.044116
260.7000,3.600000
260.7200,3.077805
260.7400,2.877171
260.7600,3.600000
260.7800,3.600000
260.8000,2.963048
260.8200,2.319196
260.8400,1.883908
260.8600,1.774912
260.8800,1.922059
260.9000,1.860032
260.9200,1.618335
260.9400,1.758605
260.9600,1.563139
260.9800,1.596143
261.0000,1.439677
261.0200,1.542278
261.0400,1.662035
261.0600,1.639329
261.0800,1.639228
261.1000,1.864925
261.1200,2.235026
261.1400,2.377342
261.1600,2.209184
261.1800,2.438095
261.2000,2.744062
261.2200,2.709627
261.2400,2.695549
261.2600,2.690804
261.2800,2.687877
261.3000,3.250606
261.3200,3.231558
261.3400,2.641751
261.3600,2.578821
261.3800,2.452767
261.4000,2.262800
261.4200,2.274788
261.4400,2.417952
261.4600,2.397942
261.4800,2.476231
261.5000,3.370232
261.5200,3.240671
261.5400,3.600000
261.5600,3.600000
261.5800,3.600000
261.6000,2.835819
261.6200,2.356736
261.6400,2.127821
261.6600,2.242208
261.6800,2.381505
261.7000,2.283762
261.7200,2.849893
261.7400,3.600000
261.7600,3.600000
261.7800,3.215490
261.8000,3.600000
261.8200,3.310185
261.8400,2.938757
261.8600,2.545240
261.8800,2.168987
261.9000,2.158347
261.9200,2.442166
261.9400,2.795279
261.9600,3.600000
261.9800,3.125430
262.0000,2.477639
262.0200,2.442844
262.0400,2.186185
262.0600,2.400447
262.0800,2.426276
262.1000,2.189982
262.1200,2.379772
262.1400,2.955736
262.1600,2.821428
262.1800,2.617130
262.2000,2.230810
262.2200,2.173177
262.2400,2.094239
262.2600,2.047234
262.2800,1.891813
262.3000,1.833766
262.3200,2.016202
262.3400,1.902700
262.3600,1.663080
262.3800,1.714168
262.4000,1.927309
262.4200,1.933346
262.4400,1.818545
262.4600,1.843218
262.4800,1.956040
262.5000,1.927578
262.5200,1.876599
262.5400,1.970822
262.5600,1.919124
262.5800,1.691853
262.6000,1.559549
262.6200,1.671496
262.6400,0.298277
262.6600,0.349286
262.6800,0.370454
262.7000,0.398975
262.7200,0.367295
262.7400,0.298007
262.7600,0.286044
262.7800,0.220285
262.8000,0.212151
262.8200,0.185866
262.8400,0.214326
262.8600,0.231140
262.8800,0.264514
262.9000,0.265825
262.9200,0.251571
262.9400,0.297950
262.9600,0.300175
262.9800,0.238683
263.0000,0.277992
263.0200,0.265420
263.0400,0.281427
263.0600,0.351672
263.0800,0.280125
263.1000,0.442949
263.1200,0.664585
263.1400,0.824362
263.1600,0.909037
263.1800,1.076342
263.2000,1.248677
263.2200,1.265157
263.2400,1.312822
263.2600,1.402953
263.2800,1.303300
263.3000,1.481405
263.3200,1.878731
263.3400,1.768939
263.3600,1.795538
263.3800,1.891114
263.4000,1.936246
263.4200,1.724672
263.4400,1.540256
263.4600,1.355815
263.4800,1.478131
263.5000,1.623501
263.5200,1.806595
263.5400,1.911733
263.5600,1.703410
263.5800,1.625751
263.6000,1.692836
263.6200,1.697165
263.6400,1.630712
263.6600,1.646140
263.6800,1.659845
263.7000,1.825228
263.7200,1.804828
263.7400,1.865473
263.7600,2.162821
263.7800,2.999084
263.8000,3.185849
263.8200,2.449100
263.8400,2.126992
263.8600,2.295722
263.8800,3.184280
263.9000,2.607737
263.9200,2.213046
263.9400,2.027401
263.9600,2.357038
263.9800,2.196258
264.0000,2.109800
264.0200,2.678498
264.0400,3.526120
264.0600,2.757345
264.0800,2.317573
264.1000,2.076883
264.1200,2.087711
264.1400,2.409688
264.1600,2.352303
264.1800,3.399872
264.2000,3.600000
264.2200,3.600000
264.2400,2.812456
264.2600,2.466254
264.2800,2.251052
264.3000,2.146028
264.3200,2.435472
264.3400,3.600000
264.3600,3.600000
264.3800,2.990682
264.4000,2.852252
264.4200,3.600000
264.4400,3.600000
264.4600,3.589656
264.4800,2.669958
264.5000,3.460991
264.5200,3.600000
264.5400,3.600000
264.5600,3.330552
264.5800,3.523586
264.6000,3.044116
264.6200,3.600000
264.6400,3.077805
264.6600,2.877171
264.6800,3.600000
264.7000,3.600000
264.7200,2.963048
264.7400,2.319196
264.7600,1.883908
264.7800,1.774912
264.8000,1.922059
264.8200,1.860032
264.8400,1.618335
264.8600,1.758605
264.8800,1.563139
264.9000,1.596143
264.9200,1.439677
264.9400,1.542278
264.9600,1.662035
264.9800,1.639329
265.0000,1.639228
265.0200,1.864925
265.0400,2.235026
265.0600,2.377342
265.0800,2.209184
265.1000,2.438095
265.1200,2.744062
265.1400,2.709627
265.1600,2.695549
265.1800,2.690804
265.2000,2.687877
265.2200,3.250606
265.2400,3.231558
265.2600,2.641751
265.2800,2.578821
265.3000,2.452767
265.3200,2.262800
265.3400,2.274788
265.3600,2.417952
265.3800,2.397942
265.4000,2.476231
265.4200,3.370232
265.4400,3.240671
265.4600,3.600000
265.4800,3.600000
265.5000,3.600000
265.5200,2.835819
265.5400,2.356736
265.5600,2.127821
265.5800,2.242208
265.6000,2.381505
265.6200,2.283762
265.6400,2.849893
265.6600,3.600000
265.6800,3.600000
265.7000,3.215490
265.7200,3.600000
265.7400,3.310185
265.7600,2.938757
265.7800,2.545240
265.8000,2.168987
265.8200,2.158347
265.8400,2.442166
265.8600,2.795279
265.8800,3.600000
265.9000,3.125430
265.9200,2.477639
265.9400,2.442844
265.9600,2.186185
265.9800,2.400447
266.0000,2.426276
266.0200,2.189982
266.0400,2.379772
266.0600,2.955736
266.0800,2.821428
266.1000,2.617130
266.1200,2.230810
266.1400,2.173177
266.1600,2.094239
266.1800,2.047234
266.2000,1.891813
266.2200,1.833766
266.2400,2.016202
266.2600,1.902700
266.2800,1.663080
266.3000,1.714168
266.3200,1.927309
266.3400,1.933346
266.3600,1.818545
266.3800,1.843218
266.4000,1.956040
266.4200,1.927578
266.4400,1.876599
266.4600,1.970822
266.4800,1.919124
266.5000,1.691853
266.5200,1.559549
266.5400,1.671496
266.5600,0.298277
266.5800,0.349286
266.6000,0.370454
266.6200,0.398975
266.6400,0.367295
266.6600,0.298007
266.6800,0.286044
266.7000,0.220285
266.7200,0.212151
266.7400,0.185866
266.7600,0.214326
266.7800,0.231140
266.8000,0.264514
266.8200,0.265825
266.8400,0.251571
266.8600,0.297950
266.8800,0.300175
266.9000,0.238683
266.9200,0.277992
266.9400,0.265420
266.9600,0.281427
266.9800,0.351672
267.0000,0.280125
267.0200,0.442949
267.0400,0.664585
267.0600,0.824362
267.0800,0.909037
267.1000,1.076342
267.1200,1.248677
267.1400,1.265157
267.1600,1.312822
267.1800,1.402953
267.2000,1.303300
267.2200,1.481405
267.2400,1.878731
267.2600,1.768939
267.2800,1.795538
267.3000,1.891114
267.3200,1.936246
267.3400,1.724672
267.3600,1.540256
267.3800,1.355815
267.4000,1.478131
267.4200,1.623501
267.4400,1.806595
267.4600,1.911733
267.4800,1.703410
267.5000,1.625751
267.5200,1.692836
267.5400,1.697165
267.5600,1.630712
267.5800,1.646140
267.6000,1.659845
267.6200,1.825228
267.6400,1.804828
267.6600,1.865473
267.6800,2.162821
267.7000,2.999084
267.7200,3.185849
267.7400,2.449100
267.7600,2.126992
267.7800,2.295722
267.8000,3.184280
267.8200,2.607737
267.8400,2.213046
267.8600,2.027401
267.8800,2.357038
267.9000,2.196258
267.9200,2.109800
267.9400,2.678498
267.9600,3.526120
267.9800,2.757345
268.0000,2.317573
268.0200,2.076883
268.0400,2.087711
268.0600,2.409688
268.0800,2.352303
268.1000,3.399872
268.1200,3.600000
268.1400,3.600000
268.1600,2.812456
268.1800,2.466254
268.2000,2.251052
268.2200,2.146028
268.2400,2.435472
268.2600,3.600000
268.2800,3.600000
268.3000,2.990682
268.3200,2.852252
268.3400,3.600000
268.3600,3.600000
268.3800,3.589656
268.4000,2.669958
268.4200,3.460991
268.4400,3.600000
268.4600,3.600000
268.4800,3.330552
268.5000,3.523586
268.5200,3.044116
268.5400,3.600000
268.5600,3.077805
268.5800,2.877171
268.6000,3.600000
268.6200,3.600000
268.6400,2.963048
268.6600,2.319196
268.6800,1.883908
268.7000,1.774912
268.7200,1.922059
268.7400,1.860032
268.7600,1.618335
268.7800,1.758605
268.8000,1.563139
268.8200,1.596143
268.8400,1.439677
268.8600,1.542278
268.8800,1.662035
268.9000,1.639329
268.9200,1.639228
268.9400,1.864925
268.9600,2.235026
268.9800,2.377342
269.0000,2.209184
269.0200,2.438095
269.0400,2.744062
269.0600,2.709627
269.0800,2.695549
269.1000,2.690804
269.1200,2.687877
269.1400,3.250606
269.1600,3.231558
269.1800,2.641751
269.2000,2.578821
269.2200,2.452767
269.2400,2.262800
269.2600,2.274788
269.2800,2.417952
269.3000,2.397942
269.3200,2.476231
269.3400,3.370232
269.3600,3.240671
269.3800,3.600000
269.4000,3.600000
269.4200,3.600000
269.4400,2.835819
269.4600,2.356736
269.4800,2.127821
269.5000,2.242208
269.5200,2.381505
269.5400,2.283762
269.5600,2.849893
269.5800,3.600000
269.6000,3.600000
269.6200,3.215490
269.6400,3.600000
269.6600,3.310185
269.6800,2.938757
269.7000,2.545240
269.7200,2.168987
269.7400,2.158347
269.7600,2.442166
269.7800,2.795279
269.8000,3.600000
269.8200,3.125430
269.8400,2.477639
269.8600,2.442844
269.8800,2.186185
269.9000,2.400447
269.9200,2.426276
269.9400,2.189982
269.9600,2.379772
269.9800,2.955736
270.0000,2.821428
270.0200,2.617130
270.0400,2.230810
270.0600,2.173177
270.0800,2.094239
270.1000,2.047234
270.1200,1.891813
270.1400,1.833766
270.1600,2.016202
270.1800,1.902700
270.2000,1.663080
270.2200,1.714168
270.2400,1.927309
270.2600,1.933346
270.2800,1.818545
270.3000,1.843218
270.3200,1.956040
270.3400,1.927578
270.3600,1.876599
270.3800,1.970822
270.4000,1.919124
270.4200,1.691853
270.4400,1.559549
270.4600,1.671496
270.4800,0.298277
270.5000,0.349286
270.5200,0.370454
270.5400,0.398975
270.5600,0.367295
270.5800,0.298007
270.6000,0.286044
270.6200,0.220285
270.6400,0.212151
270.6600,0.185866
270.6800,0.214326
270.7000,0.231140
270.7200,0.264514
270.7400,0.265825
270.7600,0.251571
270.7800,0.297950
270.8000,0.300175
270.8200,0.238683
270.8400,0.277992
270.8600,0.265420
270.8800,0.281427
270.9000,0.351672
270.9200,0.280125
270.9400,0.442949
270.9600,0.664585
270.9800,0.824362
271.0000,0.909037
271.0200,1.076342
271.0400,1.248677
271.0600,1.265157
271.0800,1.312822
271.1000,1.402953
271.1200,1.303300
271.1400,1.481405
271.1600,1.878731
271.1800,1.768939
271.2000,1.795538
271.2200,1.891114
271.2400,1.936246
271.2600,1.724672
271.2800,1.540256
271.3000,1.355815
271.3200,1.478131
271.3400,1.623501
271.3600,1.806595
271.3800,1.911733
271.4000,1.703410
271.4200,1.625751
271.4400,1.692836
271.4600,1.697165
271.4800,1.630712
271.5000,1.646140
271.5200,1.659845
271.5400,1.825228
271.5600,1.804828
271.5800,1.865473
271.6000,2.162821
271.6200,2.999084
271.6400,3.185849
271.6600,2.449100
271.6800,2.126992
271.7000,2.295722
271.7200,3.184280
271.7400,2.607737
271.7600,2.213046
271.7800,2.027401
271.8000,2.357038
271.8200,2.196258
271.8400,2.109800
271.8600,2.678498
271.8800,3.526120
271.9000,2.757345
271.9200,2.317573
271.9400,2.076883
271.9600,2.087711
271.9800,2.409688
272.0000,2.352303
272.0200,3.399872
272.0400,3.600000
272.0600,3.600000
272.0800,2.812456
272.1000,2.466254
272.1200,2.251052
272.1400,2.146028
272.1600,2.435472
272.1800,3.600000
272.2000,3.600000
272.2200,2.990682
272.2400,2.852252
272.2600,3.600000
272.2800,3.600000
272.3000,3.589656
272.3200,2.669958
272.3400,3.460991
272.3600,3.600000
272.3800,3.600000
272.4000,3.330552
272.4200,3.523586
272.4400,3.044116
272.4600,3.600000
272.4800,3.077805
272.5000,2.877171
272.5200,3.600000
272.5400,3.600000
272.5600,2.963048
272.5800,2.319196
272.6000,1.883908
272.6200,1.774912
272.6400,1.922059
272.6600,1.860032
272.6800,1.618335
272.7000,1.758605
272.7200,1.563139
272.7400,1.596143
272.7600,1.439677
272.7800,1.542278
272.8000,1.662035
272.8200,1.639329
272.8400,1.639228
272.8600,1.864925
272.8800,2.235026
272.9000,2.377342
272.9200,2.209184
272.9400,2.438095
272.9600,2.744062
272.9800,2.709627
273.0000,2.695549
273.0200,2.690804
273.0400,2.687877
273.0600,3.250606
273.0800,3.231558
273.1000,2.641751
273.1200,2.578821
273.1400,2.452767
273.1600,2.262800
273.1800,2.274788
273.2000,2.417952
273.2200,2.397942
273.2400,2.476231
273.2600,3.370232
273.2800,3.240671
273.3000,3.600000
273.3200,3.600000
273.3400,3.600000
273.3600,2.835819
273.3800,2.356736
273.4000,2.127821
273.4200,2.242208
273.4400,2.381505
273.4600,2.283762
273.4800,2.849893
273.5000,3.600000
273.5200,3.600000
273.5400,3.215490
273.5600,3.600000
273.5800,3.310185
273.6000,2.938757
273.6200,2.545240
273.6400,2.168987
273.6600,2.158347
273.6800,2.442166
273.7000,2.795279
273.7200,3.600000
273.7400,3.125430
273.7600,2.477639
273.7800,2.442844
273.8000,2.186185
273.8200,2.400447
273.8400,2.426276
273.8600,2.189982
273.8800,2.379772
273.9000,2.955736
273.9200,2.821428
273.9400,2.617130
273.9600,2.230810
273.9800,2.173177
274.0000,2.094239
274.0200,2.047234
274.0400,1.891813
274.0600,1.833766
274.0800,2.016202
274.1000,1.902700
274.1200,1.663080
274.1400,1.714168
274.1600,1.927309
274.1800,1.933346
274.2000,1.818545
274.2200,1.843218
274.2400,1.956040
274.2600,1.927578
274.2800,1.876599
274.3000,1.970822
274.3200,1.919124
274.3400,1.691853
274.3600,1.559549
274.3800,1.671496
274.4000,0.298277
274.4200,0.349286
274.4400,0.370454
274.4600,0.398975
274.4800,0.367295
274.5000,0.298007
274.5200,0.286044
274.5400,0.220285
274.5600,0.212151
274.5800,0.185866
274.6000,0.214326
274.6200,0.231140
274.6400,0.264514
274.6600,0.265825
274.6800,0.251571
274.7000,0.297950
274.7200,0.300175
274.7400,0.238683
274.7600,0.277992
274.7800,0.265420
274.8000,0.281427
274.8200,0.351672
274.8400,0.280125
274.8600,0.442949
274.8800,0.664585
274.9000,0.824362
274.9200,0.909037
274.9400,1.076342
274.9600,1.248677
274.9800,1.265157
275.0000,1.312822
275.0200,1.402953
275.0400,1.303300
275.0600,1.481405
275.0800,1.878731
275.1000,1.768939
275.1200,1.795538
275.1400,1.891114
275.1600,1.936246
275.1800,1.724672
275.2000,1.540256
275.2200,1.355815
275.2400,1.478131
275.2600,1.623501
275.2800,1.806595
275.3000,1.911733
275.3200,1.703410
275.3400,1.625751
275.3600,1.692836
275.3800,1.697165
275.4000,1.630712
275.4200,1.646140
275.4400,1.659845
275.4600,1.825228
275.4800,1.804828
275.5000,1.865473
275.5200,2.162821
275.5400,2.999084
275.5600,3.185849
275.5800,2.449100
275.6000,2.126992
275.6200,2.295722
275.6400,3.184280
275.6600,2.607737
275.6800,2.213046
275.7000,2.027401
275.7200,2.357038
275.7400,2.196258
275.7600,2.109800
275.7800,2.678498
275.8000,3.526120
275.8200,2.757345
275.8400,2.317573
275.8600,2.076883
275.8800,2.087711
275.9000,2.409688
275.9200,2.352303
275.9400,3.399872
275.9600,3.600000
275.9800,3.600000
276.0000,2.812456
276.0200,2.466254
276.0400,2.251052
276.0600,2.146028
276.0800,2.435472
276.1000,3.600000
276.1200,3.600000
276.1400,2.990682
276.1600,2.852252
276.1800,3.600000
276.2000,3.600000
276.2200,3.589656
276.2400,2.669958
276.2600,3.460991
276.2800,3.600000
276.3000,3.600000
276.3200,3.330552
276.3400,3.523586
276.3600,3.044116
276.3800,3.600000
276.4000,3.077805
276.4200,2.877171
276.4400,3.600000
276.4600,3.600000
276.4800,2.963048
276.5000,2.319196
276.5200,1.883908
276.5400,1.774912
276.5600,1.922059
276.5800,1.860032
276.6000,1.618335
276.6200,1.758605
276.6400,1.563139
276.6600,1.596143
276.6800,1.439677
276.7000,1.542278
276.7200,1.662035
276.7400,1.639329
276.7600,1.639228
276.7800,1.864925
276.8000,2.235026
276.8200,2.377342
276.8400,2.209184
276.8600,2.438095
276.8800,2.744062
276.9000,2.709627
276.9200,2.695549
276.9400,2.690804
276.9600,2.687877
276.9800,3.250606
277.0000,3.231558
277.0200,2.641751
277.0400,2.578821
277.0600,2.452767
277.0800,2.262800
277.1000,2.274788
277.1200,2.417952
277.1400,2.397942
277.1600,2.476231
277.1800,3.370232
277.2000,3.240671
277.2200,3.600000
277.2400,3.600000
277.2600,3.600000
277.2800,2.835819
277.3000,2.356736
277.3200,2.127821
277.3400,2.242208
277.3600,2.381505
277.3800,2.283762
277.4000,2.849893
277.4200,3.600000
277.4400,3.600000
277.4600,3.215490
277.4800,3.600000
277.5000,3.310185
277.5200,2.938757
277.5400,2.545240
277.5600,2.168987
277.5800,2.158347
277.6000,2.442166
277.6200,2.795279
277.6400,3.600000
277.6600,3.125430
277.6800,2.477639
277.7000,2.442844
277.7200,2.186185
277.7400,2.400447
277.7600,2.426276
277.7800,2.189982
277.8000,2.379772
277.8200,2.955736
277.8400,2.821428
277.8600,2.617130
277.8800,2.230810
277.9000,2.173177
277.9200,2.094239
277.9400,2.047234
277.9600,1.891813
277.9800,1.833766
278.0000,2.016202
278.0200,1.902700
278.0400,1.663080
278.0600,1.714168
278.0800,1.927309
278.1000,1.933346
278.1200,1.818545
278.1400,1.843218
278.1600,1.956040
278.1800,1.927578
278.2000,1.876599
278.2200,1.970822
278.2400,1.919124
278.2600,1.691853
278.2800,1.559549
278.3000,1.671496
278.3200,0.298277
278.3400,0.349286
278.3600,0.370454
278.3800,0.398975
278.4000,0.367295
278.4200,0.298007
278.4400,0.286044
278.4600,0.220285
278.4800,0.212151
278.5000,0.185866
278.5200,0.214326
278.5400,0.231140
278.5600,0.264514
278.5800,0.265825
278.6000,0.251571
278.6200,0.297950
278.6400,0.300175
278.6600,0.238683
278.6800,0.277992
278.7000,0.265420
278.7200,0.281427
278.7400,0.351672
278.7600,0.280125
278.7800,0.442949
278.8000,0.664585
278.8200,0.824362
278.8400,0.909037
278.8600,1.076342
278.8800,1.248677
278.9000,1.265157
278.9200,1.312822
278.9400,1.402953
278.9600,1.303300
278.9800,1.481405
279.0000,1.878731
279.0200,1.768939
279.0400,1.795538
279.0600,1.891114
279.0800,1.936246
279.1000,1.724672
279.1200,1.540256
279.1400,1.355815
279.1600,1.478131
279.1800,1.623501
279.2000,1.806595
279.2200,1.911733
279.2400,1.703410
279.2600,1.625751
279.2800,1.692836
279.3000,1.697165
279.3200,1.630712
279.3400,1.646140
279.3600,1.659845
279.3800,1.825228
279.4000,1.804828
279.4200,1.865473
279.4400,2.162821
279.4600,2.999084
279.4800,3.185849
279.5000,2.449100
279.5200,2.126992
279.5400,2.295722
279.5600,3.184280
279.5800,2.607737
279.6000,2.213046
279.6200,2.027401
279.6400,2.357038
279.6600,2.196258
279.6800,2.109800
279.7000,2.678498
279.7200,3.526120
279.7400,2.757345
279.7600,2.317573
279.7800,2.076883
279.8000,2.087711
279.8200,2.409688
279.8400,2.352303
279.8600,3.399872
279.8800,3.600000
279.9000,3.600000
279.9200,2.812456
279.9400,2.466254
279.9600,2.251052
279.9800,2.146028
280.0000,2.435472
280.0200,3.600000
280.0400,3.600000
280.0600,2.990682
280.0800,2.852252
280.1000,3.600000
280.1200,3.600000
280.1400,3.589656
280.1600,2.669958
280.1800,3.460991
280.2000,3.600000
280.2200,3.600000
280.2400,3.330552
280.2600,3.523586
280.2800,3.044116
280.3000,3.600000
280.3200,3.077805
280.3400,2.877171
280.3600,3.600000
280.3800,3.600000
280.4000,2.963048
280.4200,2.319196
280.4400,1.883908
280.4600,1.774912
280.4800,1.922059
280.5000,1.860032
280.5200,1.618335
280.5400,1.758605
280.5600,1.563139
280.5800,1.596143
280.6000,1.439677
280.6200,1.542278
280.6400,1.662035
280.6600,1.639329
280.6800,1.639228
280.7000,1.864925
280.7200,2.235026
280.7400,2.377342
280.7600,2.209184
280.7800,2.438095
280.8000,2.744062
280.8200,2.709627
280.8400,2.695549
280.8600,2.690804
280.8800,2.687877
280.9000,3.250606
280.9200,3.231558
280.9400,2.641751
280.9600,2.578821
280.9800,2.452767
281.0000,2.262800
281.0200,2.274788
281.0400,2.417952
281.0600,2.397942
281.0800,2.476231
281.1000,3.370232
281.1200,3.240671
281.1400,3.600000
281.1600,3.600000
281.1800,3.600000
281.2000,2.835819
281.2200,2.356736
281.2400,2.127821
281.2600,2.242208
281.2800,2.381505
281.3000,2.283762
281.3200,2.849893
281.3400,3.600000
281.3600,3.600000
281.3800,3.215490
281.4000,3.600000
281.4200,3.310185
281.4400,2.938757
281.4600,2.545240
281.4800,2.168987
281.5000,2.158347
281.5200,2.442166
281.5400,2.795279
281.5600,3.600000
281.5800,3.125430
281.6000,2.477639
281.6200,2.442844
281.6400,2.186185
281.6600,2.400447
281.6800,2.426276
281.7000,2.189982
281.7200,2.379772
281.7400,2.955736
281.7600,2.821428
281.7800,2.617130
281.8000,2.230810
281.8200,2.173177
281.8400,2.094239
281.8600,2.047234
281.8800,1.891813
281.9000,1.833766
281.9200,2.016202
281.9400,1.902700
281.9600,1.663080
281.9800,1.714168
282.0000,1.927309
282.0200,1.933346
282.0400,1.818545
282.0600,1.843218
282.0800,1.956040
282.1000,1.927578
282.1200,1.876599
282.1400,1.970822
282.1600,1.919124
282.1800,1.691853
282.2000,1.559549
282.2200,1.671496
282.2400,0.298277
282.2600,0.349286
282.2800,0.370454
282.3000,0.398975
282.3200,0.367295
282.3400,0.298007
282.3600,0.286044
282.3800,0.220285
282.4000,0.212151
282.4200,0.185866
282.4400,0.214326
282.4600,0.231140
282.4800,0.264514
282.5000,0.265825
282.5200,0.251571
282.5400,0.297950
282.5600,0.300175
282.5800,0.238683
282.6000,0.277992
282.6200,0.265420
282.6400,0.281427
282.6600,0.351672
282.6800,0.280125
282.7000,0.442949
282.7200,0.664585
282.7400,0.824362
282.7600,0.909037
282.7800,1.076342
282.8000,1.248677
282.8200,1.265157
282.8400,1.312822
282.8600,1.402953
282.8800,1.303300
282.9000,1.481405
282.9200,1.878731
282.9400,1.768939
282.9600,1.795538
282.9800,1.891114
283.0000,1.936246
283.0200,1.724672
283.0400,1.540256
283.0600,1.355815
283.0800,1.478131
283.1000,1.623501
283.1200,1.806595
283.1400,1.911733
283.1600,1.703410
283.1800,1.625751
283.2000,1.692836
283.2200,1.697165
283.2400,1.630712
283.2600,1.646140
283.2800,1.659845
283.3000,1.825228
283.3200,1.804828
283.3400,1.865473
283.3600,2.162821
283.3800,2.999084
283.4000,3.185849
283.4200,2.449100
283.4400,2.126992
283.4600,2.295722
283.4800,3.184280
283.5000,2.607737
283.5200,2.213046
283.5400,2.027401
283.5600,2.357038
283.5800,2.196258
283.6000,2.109800
283.6200,2.678498
283.6400,3.526120
283.6600,2.757345
283.6800,2.317573
283.7000,2.076883
283.7200,2.087711
283.7400,2.409688
283.7600,2.352303
283.7800,3.399872
283.8000,3.600000
283.8200,3.600000
283.8400,2.812456
283.8600,2.466254
283.8800,2.251052
283.9000,2.146028
283.9200,2.435472
283.9400,3.600000
283.9600,3.600000
283.9800,2.990682
284.0000,2.852252
284.0200,3.600000
284.0400,3.600000
284.0600,3.589656
284.0800,2.669958
284.1000,3.460991
284.1200,3.600000
284.1400,3.600000
284.1600,3.330552
284.1800,3.523586
284.2000,3.044116
284.2200,3.600000
284.2400,3.077805
284.2600,2.877171
284.2800,3.600000
284.3000,3.600000
284.3200,2.963048
284.3400,2.319196
284.3600,1.883908
284.3800,1.774912
284.4000,1.922059
284.4200,1.860032
284.4400,1.618335
284.4600,1.758605
284.4800,1.563139
284.5000,1.596143
284.5200,1.439677
284.5400,1.542278
284.5600,1.662035
284.5800,1.639329
284.6000,1.639228
284.6200,1.864925
284.6400,2.235026
284.6600,2.377342
284.6800,2.209184
284.7000,2.438095
284.7200,2.744062
284.7400,2.709627
284.7600,2.695549
284.7800,2.690804
284.8000,2.687877
284.8200,3.250606
284.8400,3.231558
284.8600,2.641751
284.8800,2.578821
284.9000,2.452767
284.9200,2.262800
284.9400,2.274788
284.9600,2.417952
284.9800,2.397942
285.0000,2.476231
285.0200,3.370232
285.0400,3.240671
285.0600,3.600000
285.0800,3.600000
285.1000,3.600000
285.1200,2.835819
285.1400,2.356736
285.1600,2.127821
285.1800,2.242208
285.2000,2.381505
285.2200,2.283762
285.2400,2.849893
285.2600,3.600000
285.2800,3.600000
285.3000,3.215490
285.3200,3.600000
285.3400,3.310185
285.3600,2.938757
285.3800,2.545240
285.4000,2.168987
285.4200,2.158347
285.4400,2.442166
285.4600,2.795279
285.4800,3.600000
285.5000,3.125430
285.5200,2.477639
285.5400,2.442844
285.5600,2.186185
285.5800,2.400447
285.6000,2.426276
285.6200,2.189982
285.6400,2.379772
285.6600,2.955736
285.6800,2.821428
285.7000,2.617130
285.7200,2.230810
285.7400,2.173177
285.7600,2.094239
285.7800,2.047234
285.8000,1.891813
285.8200,1.833766
285.8400,2.016202
285.8600,1.902700
285.8800,1.663080
285.9000,1.714168
285.9200,1.927309
285.9400,1.933346
285.9600,1.818545
285.9800,1.843218
286.0000,1.956040
286.0200,1.927578
286.0400,1.876599
286.0600,1.970822
286.0800,1.919124
286.1000,1.691853
286.1200,1.559549
286.1400,1.671496
286.1600,0.298277
286.1800,0.349286
286.2000,0.370454
286.2200,0.398975
286.2400,0.367295
286.2600,0.298007
286.2800,0.286044
286.3000,0.220285
286.3200,0.212151
286.3400,0.185866
286.3600,0.214326
286.3800,0.231140
286.4000,0.264514
286.4200,0.265825
286.4400,0.251571
286.4600,0.297950
286.4800,0.300175
286.5000,0.238683
286.5200,0.277992
286.5400,0.265420
286.5600,0.281427
286.5800,0.351672
286.6000,0.280125
286.6200,0.442949
286.6400,0.664585
286.6600,0.824362
286.6800,0.909037
286.7000,1.076342
286.7200,1.248677
286.7400,1.265157
286.7600,1.312822
286.7800,1.402953
286.8000,1.303300
286.8200,1.481405
286.8400,1.878731
286.8600,1.768939
286.8800,1.795538
286.9000,1.891114
286.9200,1.936246
286.9400,1.724672
286.9600,1.540256
286.9800,1.355815
287.0000,1.478131
287.0200,1.623501
287.0400,1.806595
287.0600,1.911733
287.0800,1.703410
287.1000,1.625751
287.1200,1.692836
287.1400,1.697165
287.1600,1.630712
287.1800,1.646140
287.2000,1.659845
287.2200,1.825228
287.2400,1.804828
287.2600,1.865473
287.2800,2.162821
287.3000,2.999084
287.3200,3.185849
287.3400,2.449100
287.3600,2.126992
287.3800,2.295722
287.4000,3.184280
287.4200,2.607737
287.4400,2.213046
287.4600,2.027401
287.4800,2.357038
287.5000,2.196258
287.5200,2.109800
287.5400,2.678498
287.5600,3.526120
287.5800,2.757345
287.6000,2.317573
287.6200,2.076883
287.6400,2.087711
287.6600,2.409688
287.6800,2.352303
287.7000,3.399872
287.7200,3.600000
287.7400,3.600000
287.7600,2.812456
287.7800,2.466254
287.8000,2.251052
287.8200,2.146028
287.8400,2.435472
287.8600,3.600000
287.8800,3.600000
287.9000,2.990682
287.9200,2.852252
287.9400,3.600000
287.9600,3.600000
287.9800,3.589656
288.0000,2.669958
288.0200,3.460991
288.0400,3.600000
288.0600,3.600000
288.0800,3.330552
288.1000,3.523586
288.1200,3.044116
288.1400,3.600000
288.1600,3.077805
288.1800,2.877171
288.2000,3.600000
288.2200,3.600000
288.2400,2.963048
288.2600,2.319196
288.2800,1.883908
288.3000,1.774912
288.3200,1.922059
288.3400,1.860032
288.3600,1.618335
288.3800,1.758605
288.4000,1.563139
288.4200,1.596143
288.4400,1.439677
288.4600,1.542278
288.4800,1.662035
288.5000,1.639329
288.5200,1.639228
288.5400,1.864925
288.5600,2.235026
288.5800,2.377342
288.6000,2.209184
288.6200,2.438095
288.6400,2.744062
288.6600,2.709627
288.6800,2.695549
288.7000,2.690804
288.7200,2.687877
288.7400,3.250606
288.7600,3.231558
288.7800,2.641751
288.8000,2.578821
288.8200,2.452767
288.8400,2.262800
288.8600,2.274788
288.8800,2.417952
288.9000,2.397942
288.9200,2.476231
288.9400,3.370232
288.9600,3.240671
288.9800,3.600000
289.0000,3.600000
289.0200,3.600000
289.0400,2.835819
289.0600,2.356736
289.0800,2.127821
289.1000,2.242208
289.1200,2.381505
289.1400,2.283762
289.1600,2.849893
289.1800,3.600000
289.2000,3.600000
289.2200,3.215490
289.2400,3.600000
289.2600,3.310185
289.2800,2.938757
289.3000,2.545240
289.3200,2.168987
289.3400,2.158347
289.3600,2.442166
289.3800,2.795279
289.4000,3.600000
289.4200,3.125430
289.4400,2.477639
289.4600,2.442844
289.4800,2.186185
289.5000,2.400447
289.5200,2.426276
289.5400,2.189982
289.5600,2.379772
289.5800,2.955736
289.6000,2.821428
289.6200,2.617130
289.6400,2.230810
289.6600,2.173177
289.6800,2.094239
289.7000,2.047234
289.7200,1.891813
289.7400,1.833766
289.7600,2.016202
289.7800,1.902700
289.8000,1.663080
289.8200,1.714168
289.8400,1.927309
289.8600,1.933346
289.8800,1.818545
289.9000,1.843218
289.9200,1.956040
289.9400,1.927578
289.9600,1.876599
289.9800,1.970822
290.0000,1.919124
290.0200,1.691853
290.0400,1.559549
290.0600,1.671496
290.0800,0.298277
290.1000,0.349286
290.1200,0.370454
290.1400,0.398975
290.1600,0.367295
290.1800,0.298007
290.2000,0.286044
290.2200,0.220285
290.2400,0.212151
290.2600,0.185866
290.2800,0.214326
290.3000,0.231140
290.3200,0.264514
290.3400,0.265825
290.3600,0.251571
290.3800,0.297950
290.4000,0.300175
290.4200,0.238683
290.4400,0.277992
290.4600,0.265420
290.4800,0.281427
290.5000,0.351672
290.5200,0.280125
290.5400,0.442949
290.5600,0.664585
290.5800,0.824362
290.6000,0.909037
290.6200,1.076342
290.6400,1.248677
290.6600,1.265157
290.6800,1.312822
290.7000,1.402953
290.7200,1.303300
290.7400,1.481405
290.7600,1.878731
290.7800,1.768939
290.8000,1.795538
290.8200,1.891114
290.8400,1.936246
290.8600,1.724672
290.8800,1.540256
290.9000,1.355815
290.9200,1.478131
290.9400,1.623501
290.9600,1.806595
290.9800,1.911733
291.0000,1.703410
291.0200,1.625751
291.0400,1.692836
291.0600,1.697165
291.0800,1.630712
291.1000,1.646140
291.1200,1.659845
291.1400,1.825228
291.1600,1.804828
291.1800,1.865473
291.2000,2.162821
291.2200,2.999084
291.2400,3.185849
291.2600,2.449100
291.2800,2.126992
291.3000,2.295722
291.3200,3.184280
291.3400,2.607737
291.3600,2.213046
291.3800,2.027401
291.4000,2.357038
291.4200,2.196258
291.4400,2.109800
291.4600,2.678498
291.4800,3.526120
291.5000,2.757345
291.5200,2.317573
291.5400,2.076883
291.5600,2.087711
291.5800,2.409688
291.6000,2.352303
291.6200,3.399872
291.6400,3.600000
291.6600,3.600000
291.6800,2.812456
291.7000,2.466254
291.7200,2.251052
291.7400,2.146028
291.7600,2.435472
291.7800,3.600000
291.8000,3.600000
291.8200,2.990682
291.8400,2.852252
291.8600,3.600000
291.8800,3.600000
291.9000,3.589656
291.9200,2.669958
291.9400,3.460991
291.9600,3.600000
291.9800,3.600000
292.0000,3.330552
292.0200,3.523586
292.0400,3.044116
292.0600,3.600000
292.0800,3.077805
292.1000,2.877171
292.1200,3.600000
292.1400,3.600000
292.1600,2.963048
292.1800,2.319196
292.2000,1.883908
292.2200,1.774912
292.2400,1.922059
292.2600,1.860032
292.2800,1.618335
292.3000,1.758605
292.3200,1.563139
292.3400,1.596143
292.3600,1.439677
292.3800,1.542278
292.4000,1.662035
292.4200,1.639329
292.4400,1.639228
292.4600,1.864925
292.4800,2.235026
292.5000,2.377342
292.5200,2.209184
292.5400,2.438095
292.5600,2.744062
292.5800,2.709627
292.6000,2.695549
292.6200,2.690804
292.6400,2.687877
292.6600,3.250606
292.6800,3.231558
292.7000,2.641751
292.7200,2.578821
292.7400,2.452767
292.7600,2.262800
292.7800,2.274788
292.8000,2.417952
292.8200,2.397942
292.8400,2.476231
292.8600,3.370232
292.8800,3.240671
292.9000,3.600000
292.9200,3.600000
292.9400,3.600000
292.9600,2.835819
292.9800,2.356736
293.0000,2.127821
293.0200,2.242208
293.0400,2.381505
293.0600,2.283762
293.0800,2.849893
293.1000,3.600000
293.1200,3.600000
293.1400,3.215490
293.1600,3.600000
293.1800,3.310185
293.2000,2.938757
293.2200,2.545240
293.2400,2.168987
293.2600,2.158347
293.2800,2.442166
293.3000,2.795279
293.3200,3.600000
293.3400,3.125430
293.3600,2.477639
293.3800,2.442844
293.4000,2.186185
293.4200,2.400447
293.4400,2.426276
293.4600,2.189982
293.4800,2.379772
293.5000,2.955736
293.5200,2.821428
293.5400,2.617130
293.5600,2.230810
293.5800,2.173177
293.6000,2.094239
293.6200,2.047234
293.6400,1.891813
293.6600,1.833766
293.6800,2.016202
293.7000,1.902700
293.7200,1.663080
293.7400,1.714168
293.7600,1.927309
293.7800,1.933346
293.8000,1.818545
293.8200,1.843218
293.8400,1.956040
293.8600,1.927578
293.8800,1.876599
293.9000,1.970822
293.9200,1.919124
293.9400,1.691853
293.9600,1.559549
293.9800,1.671496
294.0000,0.298277
294.0200,0.349286
294.0400,0.370454
294.0600,0.398975
294.0800,0.367295
294.1000,0.298007
294.1200,0.286044
294.1400,0.220285
294.1600,0.212151
294.1800,0.185866
294.2000,0.214326
294.2200,0.231140
294.2400,0.264514
294.2600,0.265825
294.2800,0.251571
294.3000,0.297950
294.3200,0.300175
294.3400,0.238683
294.3600,0.277992
294.3800,0.265420
294.4000,0.281427
294.4200,0.351672
294.4400,0.280125
294.4600,0.442949
294.4800,0.664585
294.5000,0.824362
294.5200,0.909037
294.5400,1.076342
294.5600,1.248677
294.5800,1.265157
294.6000,1.312822
294.6200,1.402953
294.6400,1.303300
294.6600,1.481405
294.6800,1.878731
294.7000,1.768939
294.7200,1.795538
294.7400,1.891114
294.7600,1.936246
294.7800,1.724672
294.8000,1.540256
294.8200,1.355815
294.8400,1.478131
294.8600,1.623501
294.8800,1.806595
294.9000,1.911733
294.9200,1.703410
294.9400,1.625751
294.9600,1.692836
294.9800,1.697165
295.0000,1.630712
295.0200,1.646140
295.0400,1.659845
295.0600,1.825228
295.0800,1.804828
295.1000,1.865473
295.1200,2.162821
295.1400,2.999084
295.1600,3.185849
295.1800,2.449100
295.2000,2.126992
295.2200,2.295722
295.2400,3.184280
295.2600,2.607737
295.2800,2.213046
295.3000,2.027401
295.3200,2.357038
295.3400,2.196258
295.3600,2.109800
295.3800,2.678498
295.4000,3.526120
295.4200,2.757345
295.4400,2.317573
295.4600,2.076883
295.4800,2.087711
295.5000,2.409688
295.5200,2.352303
295.5400,3.399872
295.5600,3.600000
295.5800,3.600000
295.6000,2.812456
295.6200,2.466254
295.6400,2.251052
295.6600,2.146028
295.6800,2.435472
295.7000,3.600000
295.7200,3.600000
295.7400,2.990682
295.7600,2.852252
295.7800,3.600000
295.8000,3.600000
295.8200,3.589656
295.8400,2.669958
295.8600,3.460991
295.8800,3.600000
295.9000,3.600000
295.9200,3.330552
295.9400,3.523586
295.9600,3.044116
295.9800,3.600000
296.0000,3.077805
296.0200,2.877171
296.0400,3.600000
296.0600,3.600000
296.0800,2.963048
296.1000,2.319196
296.1200,1.883908
296.1400,1.774912
296.1600,1.922059
296.1800,1.860032
296.2000,1.618335
296.2200,1.758605
296.2400,1.563139
296.2600,1.596143
296.2800,1.439677
296.3000,1.542278
296.3200,1.662035
296.3400,1.639329
296.3600,1.639228
296.3800,1.864925
296.4000,2.235026
296.4200,2.377342
296.4400,2.209184
296.4600,2.438095
296.4800,2.744062
296.5000,2.709627
296.5200,2.695549
296.5400,2.690804
296.5600,2.687877
296.5800,3.250606
296.6000,3.231558
296.6200,2.641751
296.6400,2.578821
296.6600,2.452767
296.6800,2.262800
296.7000,2.274788
296.7200,2.417952
296.7400,2.397942
296.7600,2.476231
296.7800,3.370232
296.8000,3.240671
296.8200,3.600000
296.8400,3.600000
296.8600,3.600000
296.8800,2.835819
296.9000,2.356736
296.9200,2.127821
296.9400,2.242208
296.9600,2.381505
296.9800,2.283762
297.0000,2.849893
297.0200,3.600000
297.0400,3.600000
297.0600,3.215490
297.0800,3.600000
297.1000,3.310185
297.1200,2.938757
297.1400,2.545240
297.1600,2.168987
297.1800,2.158347
297.2000,2.442166
297.2200,2.795279
297.2400,3.600000
297.2600,3.125430
297.2800,2.477639
297.3000,2.442844
297.3200,2.186185
297.3400,2.400447
297.3600,2.426276
297.3800,2.189982
297.4000,2.379772
297.4200,2.955736
297.4400,2.821428
297.4600,2.617130
297.4800,2.230810
297.5000,2.173177
297.5200,2.094239
297.5400,2.047234
297.5600,1.891813
297.5800,1.833766
297.6000,2.016202
297.6200,1.902700
297.6400,1.663080
297.6600,1.714168
297.6800,1.927309
297.7000,1.933346
297.7200,1.818545
297.7400,1.843218
297.7600,1.956040
297.7800,1.927578
297.8000,1.876599
297.8200,1.970822
297.8400,1.919124
297.8600,1.691853
297.8800,1.559549
297.9000,1.671496
297.9200,0.298277
297.9400,0.349286
297.9600,0.370454
297.9800,0.398975
298.0000,0.367295
298.0200,0.298007
298.0400,0.286044
298.0600,0.220285
298.0800,0.212151
298.1000,0.185866
298.1200,0.214326
298.1400,0.231140
298.1600,0.264514
298.1800,0.265825
298.2000,0.251571
298.2200,0.297950
298.2400,0.300175
298.2600,0.238683
298.2800,0.277992
298.3000,0.265420
298.3200,0.281427
298.3400,0.351672
298.3600,0.280125
298.3800,0.442949
298.4000,0.664585
298.4200,0.824362
298.4400,0.909037
298.4600,1.076342
298.4800,1.248677
298.5000,1.265157
298.5200,1.312822
298.5400,1.402953
298.5600,1.303300
298.5800,1.481405
298.6000,1.878731
298.6200,1.768939
298.6400,1.795538
298.6600,1.891114
298.6800,1.936246
298.7000,1.724672
298.7200,1.540256
298.7400,1.355815
298.7600,1.478131
298.7800,1.623501
298.8000,1.806595
298.8200,1.911733
298.8400,1.703410
298.8600,1.625751
298.8800,1.692836
298.9000,1.697165
298.9200,1.630712
298.9400,1.646140
298.9600,1.659845
298.9800,1.825228
299.0000,1.804828
299.0200,1.865473
299.0400,2.162821
299.0600,2.999084
299.0800,3.185849
299.1000,2.449100
299.1200,2.126992
299.1400,2.295722
299.1600,3.184280
299.1800,2.607737
299.2000,2.213046
299.2200,2.027401
299.2400,2.357038
299.2600,2.196258
299.2800,2.109800
299.3000,2.678498
299.3200,3.526120
299.3400,2.757345
299.3600,2.317573
299.3800,2.076883
299.4000,2.087711
299.4200,2.409688
299.4400,2.352303
299.4600,3.399872
299.4800,3.600000
299.5000,3.600000
299.5200,2.812456
299.5400,2.466254
299.5600,2.251052
299.5800,2.146028
299.6000,2.435472
299.6200,3.600000
299.6400,3.600000
299.6600,2.990682
299.6800,2.852252
299.7000,3.600000
299.7200,3.600000
299.7400,3.589656
299.7600,2.669958
299.7800,3.460991
299.8000,3.600000
299.8200,3.600000
299.8400,3.330552
299.8600,3.523586
299.8800,3.044116
299.9000,3.600000
299.9200,3.077805
299.9400,2.877171
299.9600,3.600000
299.9800,3.600000
300.0000,2.963048
300.0200,2.319196
300.0400,1.883908
300.0600,1.774912
300.0800,1.922059
300.1000,1.860032
300.1200,1.618335
300.1400,1.758605
300.1600,1.563139
300.1800,1.596143
300.2000,1.439677
300.2200,1.542278
300.2400,1.662035
300.2600,1.639329
300.2800,1.639228
300.3000,1.864925
300.3200,2.235026
300.3400,2.377342
300.3600,2.209184
300.3800,2.438095
300.4000,2.744062
300.4200,2.709627
300.4400,2.695549
300.4600,2.690804
300.4800,2.687877
300.5000,3.250606
300.5200,3.231558
300.5400,2.641751
300.5600,2.578821
300.5800,2.452767
300.6000,2.262800
300.6200,2.274788
300.6400,2.417952
300.6600,2.397942
300.6800,2.476231
300.7000,3.370232
300.7200,3.240671
300.7400,3.600000
300.7600,3.600000
300.7800,3.600000
300.8000,2.835819
300.8200,2.356736
300.8400,2.127821
300.8600,2.242208
300.8800,2.381505
300.9000,2.283762
300.9200,2.849893
300.9400,3.600000
300.9600,3.600000
300.9800,3.215490
301.0000,3.600000
301.0200,3.310185
301.0400,2.938757
301.0600,2.545240
301.0800,2.168987
301.1000,2.158347
301.1200,2.442166
301.1400,2.795279
301.1600,3.600000
301.1800,3.125430
301.2000,2.477639
301.2200,2.442844
301.2400,2.186185
301.2600,2.400447
301.2800,2.426276
301.3000,2.189982
301.3200,2.379772
301.3400,2.955736
301.3600,2.821428
301.3800,2.617130
301.4000,2.230810
301.4200,2.173177
301.4400,2.094239
301.4600,2.047234
301.4800,1.891813
301.5000,1.833766
301.5200,2.016202
301.5400,1.902700
301.5600,1.663080
301.5800,1.714168
301.6000,1.927309
301.6200,1.933346
301.6400,1.818545
301.6600,1.843218
301.6800,1.956040
301.7000,1.927578
301.7200,1.876599
301.7400,1.970822
301.7600,1.919124
301.7800,1.691853
301.8000,1.559549
301.8200,1.671496
301.8400,0.298277
301.8600,0.349286
301.8800,0.370454
301.9000,0.398975
301.9200,0.367295
301.9400,0.298007
301.9600,0.286044
301.9800,0.220285
302.0000,0.212151
302.0200,0.185866
302.0400,0.214326
302.0600,0.231140
302.0800,0.264514
302.1000,0.265825
302.1200,0.251571
302.1400,0.297950
302.1600,0.300175
302.1800,0.238683
302.2000,0.277992
302.2200,0.265420
302.2400,0.281427
302.2600,0.351672
302.2800,0.280125
302.3000,0.442949
302.3200,0.664585
302.3400,0.824362
302.3600,0.909037
302.3800,1.076342
302.4000,1.248677
302.4200,1.265157
302.4400,1.312822
302.4600,1.402953
302.4800,1.303300
302.5000,1.481405
302.5200,1.878731
302.5400,1.768939
302.5600,1.795538
302.5800,1.891114
302.6000,1.936246
302.6200,1.724672
302.6400,1.540256
302.6600,1.355815
302.6800,1.478131
302.7000,1.623501
302.7200,1.806595
302.7400,1.911733
302.7600,1.703410
302.7800,1.625751
302.8000,1.692836
302.8200,1.697165
302.8400,1.630712
302.8600,1.646140
302.8800,1.659845
302.9000,1.825228
302.9200,1.804828
302.9400,1.865473
302.9600,2.162821
302.9800,2.999084
303.0000,3.185849
303.0200,2.449100
303.0400,2.126992
303.0600,2.295722
303.0800,3.184280
303.1000,2.607737
303.1200,2.213046
303.1400,2.027401
303.1600,2.357038
303.1800,2.196258
303.2000,2.109800
303.2200,2.678498
303.2400,3.526120
303.2600,2.757345
303.2800,2.317573
303.3000,2.076883
303.3200,2.087711
303.3400,2.409688
303.3600,2.352303
303.3800,3.399872
303.4000,3.600000
303.4200,3.600000
303.4400,2.812456
303.4600,2.466254
303.4800,2.251052
303.5000,2.146028
303.5200,2.435472
303.5400,3.600000
303.5600,3.600000
303.5800,2.990682
303.6000,2.852252
303.6200,3.600000
303.6400,3.600000
303.6600,3.589656
303.6800,2.669958
303.7000,3.460991
303.7200,3.600000
303.7400,3.600000
303.7600,3.330552
303.7800,3.523586
303.8000,3.044116
303.8200,3.600000
303.8400,3.077805
303.8600,2.877171
303.8800,3.600000
303.9000,3.600000
303.9200,2.963048
303.9400,2.319196
303.9600,1.883908
303.9800,1.774912
304.0000,1.922059
304.0200,1.860032
304.0400,1.618335
304.0600,1.758605
304.0800,1.563139
304.1000,1.596143
304.1200,1.439677
304.1400,1.542278
304.1600,1.662035
304.1800,1.639329
304.2000,1.639228
304.2200,1.864925
304.2400,2.235026
304.2600,2.377342
304.2800,2.209184
304.3000,2.438095
304.3200,2.744062
304.3400,2.709627
304.3600,2.695549
304.3800,2.690804
304.4000,2.687877
304.4200,3.250606
304.4400,3.231558
304.4600,2.641751
304.4800,2.578821
304.5000,2.452767
304.5200,2.262800
304.5400,2.274788
304.5600,2.417952
304.5800,2.397942
304.6000,2.476231
304.6200,3.370232
304.6400,3.240671
304.6600,3.600000
304.6800,3.600000
304.7000,3.600000
304.7200,2.835819
304.7400,2.356736
304.7600,2.127821
304.7800,2.242208
304.8000,2.381505
304.8200,2.283762
304.8400,2.849893
304.8600,3.600000
304.8800,3.600000
304.9000,3.215490
304.9200,3.600000
304.9400,3.310185
304.9600,2.938757
304.9800,2.545240
305.0000,2.168987
305.0200,2.158347
305.0400,2.442166
305.0600,2.795279
305.0800,3.600000
305.1000,3.125430
305.1200,2.477639
305.1400,2.442844
305.1600,2.186185
305.1800,2.400447
305.2000,2.426276
305.2200,2.189982
305.2400,2.379772
305.2600,2.955736
305.2800,2.821428
305.3000,2.617130
305.3200,2.230810
305.3400,2.173177
305.3600,2.094239
305.3800,2.047234
305.4000,1.891813
305.4200,1.833766
305.4400,2.016202
305.4600,1.902700
305.4800,1.663080
305.5000,1.714168
305.5200,1.927309
305.5400,1.933346
305.5600,1.818545
305.5800,1.843218
305.6000,1.956040
305.6200,1.927578
305.6400,1.876599
305.6600,1.970822
305.6800,1.919124
305.7000,1.691853
305.7200,1.559549
305.7400,1.671496
305.7600,0.298277
305.7800,0.349286
305.8000,0.370454
305.8200,0.398975
305.8400,0.367295
305.8600,0.298007
305.8800,0.286044
305.9000,0.220285
305.9200,0.212151
305.9400,0.185866
305.9600,0.214326
305.9800,0.231140
306.0000,0.264514
306.0200,0.265825
306.0400,0.251571
306.0600,0.297950
306.0800,0.300175
306.1000,0.238683
306.1200,0.277992
306.1400,0.265420
306.1600,0.281427
306.1800,0.351672
306.2000,0.280125
306.2200,0.442949
306.2400,0.664585
306.2600,0.824362
306.2800,0.909037
306.3000,1.076342
306.3200,1.248677
306.3400,1.265157
306.3600,1.312822
306.3800,1.402953
306.4000,1.303300
306.4200,1.481405
306.4400,1.878731
306.4600,1.768939
306.4800,1.795538
306.5000,1.891114
306.5200,1.936246
306.5400,1.724672
306.5600,1.540256
306.5800,1.355815
306.6000,1.478131
306.6200,1.623501
306.6400,1.806595
306.6600,1.911733
306.6800,1.703410
306.7000,1.625751
306.7200,1.692836
306.7400,1.697165
306.7600,1.630712
306.7800,1.646140
306.8000,1.659845
306.8200,1.825228
306.8400,1.804828
306.8600,1.865473
306.8800,2.162821
306.9000,2.999084
306.9200,3.185849
306.9400,2.449100
306.9600,2.126992
306.9800,2.295722
307.0000,3.184280
307.0200,2.607737
307.0400,2.213046
307.0600,2.027401
307.0800,2.357038
307.1000,2.196258
307.1200,2.109800
307.1400,2.678498
307.1600,3.526120
307.1800,2.757345
307.2000,2.317573
307.2200,2.076883
307.2400,2.087711
307.2600,2.409688
307.2800,2.352303
307.3000,3.399872
307.3200,3.600000
307.3400,3.600000
307.3600,2.812456
307.3800,2.466254
307.4000,2.251052
307.4200,2.146028
307.4400,2.435472
307.4600,3.600000
307.4800,3.600000
307.5000,2.990682
307.5200,2.852252
307.5400,3.600000
307.5600,3.600000
307.5800,3.589656
307.6000,2.669958
307.6200,3.460991
307.6400,3.600000
307.6600,3.600000
307.6800,3.330552
307.7000,3.523586
307.7200,3.044116
307.7400,3.600000
307.7600,3.077805
307.7800,2.877171
307.8000,3.600000
307.8200,3.600000
307.8400,2.963048
307.8600,2.319196
307.8800,1.883908
307.9000,1.774912
307.9200,1.922059
307.9400,1.860032
307.9600,1.618335
307.9800,1.758605
308.0000,1.563139
308.0200,1.596143
308.0400,1.439677
308.0600,1.542278
308.0800,1.662035
308.1000,1.639329
308.1200,1.639228
308.1400,1.864925
308.1600,2.235026
308.1800,2.377342
308.2000,2.209184
308.2200,2.438095
308.2400,2.744062
308.2600,2.709627
308.2800,2.695549
308.3000,2.690804
308.3200,2.687877
308.3400,3.250606
308.3600,3.231558
308.3800,2.641751
308.4000,2.578821
308.4200,2.452767
308.4400,2.262800
308.4600,2.274788
308.4800,2.417952
308.5000,2.397942
308.5200,2.476231
308.5400,3.370232
308.5600,3.240671
308.5800,3.600000
308.6000,3.600000
308.6200,3.600000
308.6400,2.835819
308.6600,2.356736
308.6800,2.127821
308.7000,2.242208
308.7200,2.381505
308.7400,2.283762
308.7600,2.849893
308.7800,3.600000
308.8000,3.600000
308.8200,3.215490
308.8400,3.600000
308.8600,3.310185
308.8800,2.938757
308.9000,2.545240
308.9200,2.168987
308.9400,2.158347
308.9600,2.442166
308.9800,2.795279
309.0000,3.600000
309.0200,3.125430
309.0400,2.477639
309.0600,2.442844
309.0800,2.186185
309.1000,2.400447
309.1200,2.426276
309.1400,2.189982
309.1600,2.379772
309.1800,2.955736
309.2000,2.821428
309.2200,2.617130
309.2400,2.230810
309.2600,2.173177
309.2800,2.094239
309.3000,2.047234
309.3200,1.891813
309.3400,1.833766
309.3600,2.016202
309.3800,1.902700
309.4000,1.663080
309.4200,1.714168
309.4400,1.927309
309.4600,1.933346
309.4800,1.818545
309.5000,1.843218
309.5200,1.956040
309.5400,1.927578
309.5600,1.876599
309.5800,1.970822
309.6000,1.919124
309.6200,1.691853
309.6400,1.559549
309.6600,1.671496
309.6800,0.298277
309.7000,0.349286
309.7200,0.370454
309.7400,0.398975
309.7600,0.367295
309.7800,0.298007
309.8000,0.286044
309.8200,0.220285
309.8400,0.212151
309.8600,0.185866
309.8800,0.214326
309.9000,0.231140
309.9200,0.264514
309.9400,0.265825
309.9600,0.251571
309.9800,0.297950
310.0000,0.300175
310.0200,0.238683
310.0400,0.277992
310.0600,0.265420
310.0800,0.281427
310.1000,0.351672
310.1200,0.280125
310.1400,0.442949
310.1600,0.664585
310.1800,0.824362
310.2000,0.909037
310.2200,1.076342
310.2400,1.248677
310.2600,1.265157
310.2800,1.312822
310.3000,1.402953
310.3200,1.303300
310.3400,1.481405
310.3600,1.878731
310.3800,1.768939
310.4000,1.795538
310.4200,1.891114
310.4400,1.936246
310.4600,1.724672
310.4800,1.540256
310.5000,1.355815
310.5200,1.478131
310.5400,1.623501
310.5600,1.806595
310.5800,1.911733
310.6000,1.703410
310.6200,1.625751
310.6400,1.692836
310.6600,1.697165
310.6800,1.630712
310.7000,1.646140
310.7200,1.659845
310.7400,1.825228
310.7600,1.804828
310.7800,1.865473
310.8000,2.162821
310.8200,2.999084
310.8400,3.185849
310.8600,2.449100
310.8800,2.126992
310.9000,2.295722
310.9200,3.184280
310.9400,2.607737
310.9600,2.213046
310.9800,2.027401
311.0000,2.357038
311.0200,2.196258
311.0400,2.109800
311.0600,2.678498
311.0800,3.526120
311.1000,2.757345
311.1200,2.317573
311.1400,2.076883
311.1600,2.087711
311.1800,2.409688
311.2000,2.352303
311.2200,3.399872
311.2400,3.600000
311.2600,3.600000
311.2800,2.812456
311.3000,2.466254
311.3200,2.251052
311.3400,2.146028
311.3600,2.435472
311.3800,3.600000
311.4000,3.600000
311.4200,2.990682
311.4400,2.852252
311.4600,3.600000
311.4800,3.600000
311.5000,3.589656
311.5200,2.669958
311.5400,3.460991
311.5600,3.600000
311.5800,3.600000
311.6000,3.330552
311.6200,3.523586
311.6400,3.044116
311.6600,3.600000
311.6800,3.077805
311.7000,2.877171
311.7200,3.600000
311.7400,3.600000
311.7600,2.963048
311.7800,2.319196
311.8000,1.883908
311.8200,1.774912
311.8400,1.922059
311.8600,1.860032
311.8800,1.618335
311.9000,1.758605
311.9200,1.563139
311.9400,1.596143
311.9600,1.439677
311.9800,1.542278
312.0000,1.662035
312.0200,1.639329
312.0400,1.639228
312.0600,1.864925
312.0800,2.235026
312.1000,2.377342
312.1200,2.209184
312.1400,2.438095
312.1600,2.744062
312.1800,2.709627
312.2000,2.695549
312.2200,2.690804
312.2400,2.687877
312.2600,3.250606
312.2800,3.231558
312.3000,2.641751
312.3200,2.578821
312.3400,2.452767
312.3600,2.262800
312.3800,2.274788
312.4000,2.417952
312.4200,2.397942
312.4400,2.476231
312.4600,3.370232
312.4800,3.240671
312.5000,3.600000
312.5200,3.600000
312.5400,3.600000
312.5600,2.835819
312.5800,2.356736
312.6000,2.127821
312.6200,2.242208
312.6400,2.381505
312.6600,2.283762
312.6800,2.849893
312.7000,3.600000
312.7200,3.600000
312.7400,3.215490
312.7600,3.600000
312.7800,3.310185
312.8000,2.938757
312.8200,2.545240
312.8400,2.168987
312.8600,2.158347
312.8800,2.442166
312.9000,2.795279
312.9200,3.600000
312.9400,3.125430
312.9600,2.477639
312.9800,2.442844
313.0000,2.186185
313.0200,2.400447
313.0400,2.426276
313.0600,2.189982
313.0800,2.379772
313.1000,2.955736
313.1200,2.821428
313.1400,2.617130
313.1600,2.230810
313.1800,2.173177
313.2000,2.094239
313.2200,2.047234
313.2400,1.891813
313.2600,1.833766
313.2800,2.016202
313.3000,1.902700
313.3200,1.663080
313.3400,1.714168
313.3600,1.927309
313.3800,1.933346
313.4000,1.818545
313.4200,1.843218
313.4400,1.956040
313.4600,1.927578
313.4800,1.876599
313.5000,1.970822
313.5200,1.919124
313.5400,1.691853
313.5600,1.559549
313.5800,1.671496
