time_s,voltage_v
0.0000,0.555226
0.0200,0.560268
0.0400,0.564971
0.0600,0.570491
0.0800,0.574461
0.1000,0.580183
0.1200,0.560141
0.1400,0.577189
0.1600,0.593962
0.1800,0.612889
0.2000,0.629259
0.2200,0.639364
0.2400,0.649237
0.2600,0.657528
0.2800,0.664969
0.3000,0.671636
0.3200,0.673377
0.3400,0.623791
0.3600,0.581733
0.3800,0.543411
0.4000,0.508868
0.4200,0.477913
0.4400,0.449262
0.4600,0.422670
0.4800,0.398944
0.5000,0.376301
0.5200,0.355091
0.5400,0.335336
0.5600,0.341121
0.5800,0.362809
0.6000,0.383063
0.6200,0.402872
0.6400,0.424878
0.6600,0.443200
0.6800,0.456024
0.7000,0.466830
0.7200,0.475429
0.7400,0.480407
0.7600,0.474813
0.7800,0.491469
0.8000,0.529356
0.8200,0.563368
0.8400,0.593728
0.8600,0.623898
0.8800,0.653780
0.9000,0.680744
0.9200,0.701476
0.9400,0.722092
0.9600,0.739628
0.9800,0.731412
1.0000,0.724002
1.0200,0.730361
1.0400,0.734023
1.0600,0.737526
1.0800,0.741030
1.1000,0.751242
1.1200,0.763906
1.1400,0.776294
1.1600,0.789659
1.1800,0.804479
1.2000,0.791878
1.2200,0.771794
1.2400,0.763184
1.2600,0.755584
1.2800,0.750594
1.3000,0.749299
1.3200,0.750658
1.3400,0.753556
1.3600,0.754352
1.3800,0.755775
1.4000,0.757548
1.4200,0.732144
1.4400,0.742463
1.4600,0.755998
1.4800,0.765774
1.5000,0.770934
1.5200,0.773577
1.5400,0.776953
1.5600,0.781656
1.5800,0.783354
1.6000,0.783439
1.6200,0.784851
1.6400,0.754416
1.6600,0.748269
1.6800,0.743832
1.7000,0.738790
1.7200,0.732410
1.7400,0.724682
1.7600,0.719055
1.7800,0.720021
1.8000,0.726720
1.8200,0.732038
1.8400,0.735393
1.8600,0.700659
1.8800,0.716646
1.9000,0.725446
1.9200,0.732941
1.9400,0.740329
1.9600,0.748312
1.9800,0.756327
2.0000,0.765668
2.0200,0.783619
2.0400,0.796432
2.0600,0.802027
2.0800,0.761995
2.1000,0.742081
2.1200,0.720818
2.1400,0.701879
2.1600,0.685436
2.1800,0.670659
2.2000,0.658961
2.2200,0.649693
2.2400,0.646021
2.2600,0.643791
2.2800,0.637655
2.3000,0.601074
2.3200,0.565045
2.3400,0.534250
2.3600,0.508581
2.3800,0.488709
2.4000,0.471660
2.4200,0.457117
2.4400,0.444102
2.4600,0.432117
2.4800,0.419718
2.5000,0.405791
2.5200,0.383923
2.5400,0.393350
2.5600,0.399899
2.5800,0.402362
2.6000,0.401991
2.6200,0.401916
2.6400,0.402575
2.6600,0.402500
2.6800,0.405504
2.7000,0.411438
2.7200,0.418360
2.7400,0.397288
2.7600,0.409772
2.7800,0.424230
2.8000,0.436810
2.8200,0.447881
2.8400,0.458157
2.8600,0.468699
2.8800,0.479463
2.9000,0.489197
2.9200,0.501288
2.9400,0.514335
2.9600,0.490142
2.9800,0.501479
3.0000,0.513708
3.0200,0.524324
3.0400,0.528846
3.0600,0.531553
3.0800,0.533453
3.1000,0.533835
3.1200,0.533761
3.1400,0.533464
3.1600,0.535534
3.1800,0.524600
3.2000,0.565056
3.2200,0.602805
3.2400,0.642061
3.2600,0.675479
3.2800,0.702432
3.3000,0.726210
3.3200,0.748312
3.3400,0.768492
3.3600,0.786592
3.3800,0.801061
3.4000,0.762887
3.4200,0.752600
3.4400,0.742282
3.4600,0.735276
3.4800,0.731147
3.5000,0.723864
3.5200,0.716041
3.5400,0.708833
3.5600,0.702198
3.5800,0.696020
3.6000,0.685277
3.6200,0.668547
3.6400,0.680288
3.6600,0.691466
3.6800,0.701561
3.7000,0.715658
3.7200,0.727803
3.7400,0.733588
3.7600,0.740403
3.7800,0.745679
3.8000,0.749426
3.8200,0.740563
3.8400,0.728057
3.8600,0.736974
3.8800,0.744894
3.9000,0.752919
3.9200,0.762929
3.9400,0.774511
3.9600,0.781783
3.9800,0.786209
4.0000,0.790042
4.0200,0.793598
4.0400,0.777452
4.0600,0.745223
4.0800,0.724788
4.1000,0.705478
4.1200,0.687687
4.1400,0.672634
4.1600,0.661148
4.1800,0.651403
4.2000,0.641562
4.2200,0.631371
4.2400,0.622719
4.2600,0.599503
4.2800,0.591924
4.3000,0.590682
4.3200,0.589960
4.3400,0.589376
4.3600,0.588028
4.3800,0.590565
4.4000,0.593930
4.4200,0.594344
4.4400,0.593272
4.4600,0.591913
4.4800,0.569228
4.5000,0.596679
4.5200,0.625097
4.5400,0.650500
4.5600,0.673377
4.5800,0.693164
4.6000,0.711848
4.6200,0.734639
4.6400,0.755000
4.6600,0.769989
4.6800,0.782388
4.7000,0.750584
4.7200,0.726444
4.7400,0.701922
4.7600,0.680946
4.7800,0.662570
4.8000,0.644757
4.8200,0.629036
4.8400,0.616934
4.8600,0.607783
4.8800,0.598293
4.9000,0.588017
4.9200,0.555555
4.9400,0.592677
4.9600,0.620522
4.9800,0.643589
5.0000,0.664003
5.0200,0.682198
5.0400,0.698748
5.0600,0.714841
5.0800,0.733079
5.1000,0.751327
5.1200,0.762738
5.1400,0.723525
5.1600,0.744023
5.1800,0.760902
5.2000,0.772473
5.2200,0.782303
5.2400,0.790742
5.2600,0.798789
5.2800,0.804999
5.3000,0.811825
5.3200,0.822748
5.3400,0.831644
5.3600,0.785371
5.3800,0.788428
5.4000,0.794500
5.4200,0.797950
5.4400,0.798991
5.4600,0.800264
5.4800,0.802037
5.5000,0.803332
5.5200,0.804638
5.5400,0.809755
5.5600,0.812334
5.5800,0.765467
5.6000,0.755265
5.6200,0.746582
5.6400,0.734841
5.6600,0.712973
5.6800,0.685723
5.7000,0.657708
5.7200,0.638484
5.7400,0.629779
5.7600,0.631159
5.7800,0.640522
5.8000,0.618101
5.8200,0.641540
5.8400,0.661360
5.8600,0.678610
5.8800,0.682878
5.9000,0.682867
5.9200,0.680054
5.9400,0.674608
5.9600,0.668929
5.9800,0.665288
6.0000,0.667475
6.0200,0.631212
6.0400,0.662729
6.0600,0.677028
6.0800,0.688737
6.1000,0.698642
6.1200,0.707962
6.1400,0.718153
6.1600,0.730276
6.1800,0.746475
6.2000,0.770902
6.2200,0.793056
6.2400,0.749777
6.2600,0.802069
6.2800,0.819415
6.3000,0.837398
6.3200,0.855561
6.3400,0.872694
6.3600,0.889000
6.3800,0.906792
6.4000,0.926982
6.4200,0.939466
6.4400,0.948967
6.4600,0.959636
6.4800,0.963925
6.5000,0.957736
6.5200,0.953702
6.5400,0.955305
6.5600,0.951345
6.5800,0.943468
6.6000,0.933766
6.6200,0.922672
6.6400,0.908681
6.6600,0.891961
6.6800,0.875964
6.7000,0.855327
6.7200,0.830657
6.7400,0.804840
6.7600,0.779691
6.7800,0.755785
6.8000,0.734458
6.8200,0.716264
6.8400,0.705744
6.8600,0.701051
6.8800,0.672973
6.9000,0.648770
6.9200,0.627889
6.9400,0.609503
6.9600,0.593845
6.9800,0.580193
7.0000,0.570385
7.0200,0.566701
7.0400,0.562890
7.0600,0.561797
7.0800,0.580236
7.1000,0.606127
7.1200,0.627518
7.1400,0.645574
7.1600,0.664587
7.1800,0.681731
7.2000,0.689279
7.2200,0.692697
7.2400,0.692421
7.2600,0.688366
7.2800,0.673302
7.3000,0.639311
7.3200,0.605586
7.3400,0.572211
7.3600,0.539016
7.3800,0.509324
7.4000,0.482446
7.4200,0.457807
7.4400,0.437085
7.4600,0.419655
7.4800,0.405855
7.5000,0.450811
7.5200,0.486904
7.5400,0.521872
7.5600,0.553708
7.5800,0.582264
7.6000,0.606669
7.6200,0.630585
7.6400,0.657984
7.6600,0.680213
7.6800,0.698015
7.7000,0.675839
7.7200,0.638483
7.7400,0.605129
7.7600,0.574833
7.7800,0.547285
7.8000,0.523591
7.8200,0.499632
7.8400,0.475131
7.8600,0.452138
7.8800,0.429591
7.9000,0.421056
7.9200,0.442659
7.9400,0.466055
7.9600,0.489250
7.9800,0.506235
8.0000,0.520672
8.0200,0.533443
8.0400,0.545735
8.0600,0.557625
8.0800,0.568368
8.1000,0.580024
8.1200,0.553230
8.1400,0.553963
8.1600,0.555258
8.1800,0.560353
8.2000,0.565353
8.2200,0.568304
8.2400,0.572296
8.2600,0.576882
8.2800,0.583134
8.3000,0.589344
8.3200,0.595066
8.3400,0.558368
8.3600,0.532933
8.3800,0.510152
8.4000,0.490598
8.4200,0.474272
8.4400,0.458826
8.4600,0.444272
8.4800,0.429941
8.5000,0.417181
8.5200,0.405897
8.5400,0.392405
8.5600,0.372097
8.5800,0.358605
8.6000,0.345028
8.6200,0.332735
8.6400,0.321217
8.6600,0.309710
8.6800,0.297608
8.7000,0.286016
8.7200,0.274604
8.7400,0.263086
8.7600,0.251409
8.7800,0.250836
8.8000,0.258278
8.8200,0.263320
8.8400,0.268044
8.8600,0.274084
8.8800,0.279148
8.9000,0.282619
8.9200,0.284859
8.9400,0.287491
8.9600,0.290167
8.9800,0.286366
9.0000,0.309444
9.0200,0.344953
9.0400,0.377447
9.0600,0.406958
9.0800,0.434708
9.1000,0.466777
9.1200,0.492053
9.1400,0.511362
9.1600,0.528358
9.1800,0.545183
9.2000,0.540693
9.2200,0.570767
9.2400,0.728832
9.2600,0.752399
9.2800,0.743089
9.3000,0.736688
9.3200,0.726815
9.3400,0.717622
9.3600,0.708758
9.3800,0.700638
9.4000,0.691901
9.4200,0.680521
9.4400,0.661031
9.4600,0.668748
9.4800,0.674873
9.5000,0.684247
9.5200,0.695425
9.5400,0.701604
9.5600,0.705032
9.5800,0.707495
9.6000,0.711455
9.6200,0.715828
9.6400,0.709013
9.6600,0.678982
9.6800,0.665574
9.7000,0.652666
9.7200,0.642008
9.7400,0.636169
9.7600,0.627709
9.7800,0.616573
9.8000,0.606329
9.8200,0.595894
9.8400,0.586181
9.8600,0.570119
9.8800,0.574164
9.9000,0.600076
9.9200,0.624099
9.9400,0.647337
9.9600,0.674470
9.9800,0.703822
10.0000,0.726115
10.0200,0.746497
10.0400,0.765106
10.0600,0.783524
10.0800,0.777314
10.1000,0.725637
10.1200,0.681370
10.1400,0.641222
10.1600,0.604259
10.1800,0.570088
10.2000,0.539833
10.2200,0.511023
10.2400,0.483252
10.2600,0.458295
10.2800,0.434644
10.3000,0.409156
10.3200,0.411162
10.3400,0.418423
10.3600,0.424028
10.3800,0.429379
10.4000,0.434495
10.4200,0.440026
10.4400,0.446629
10.4600,0.449962
10.4800,0.453911
10.5000,0.456268
10.5200,0.441225
10.5400,0.512052
10.5600,0.586531
10.5800,0.656020
10.6000,0.718440
10.6200,0.775297
10.6400,0.828842
10.6600,0.882907
10.6800,0.928362
10.7000,0.964392
10.7200,0.996896
10.7400,0.972077
10.7600,0.901208
10.7800,0.838045
10.8000,0.780212
10.8200,0.727590
10.8400,0.680139
10.8600,0.636498
10.8800,0.597178
10.9000,0.562986
10.9200,0.531415
10.9400,0.502371
10.9600,0.470864
10.9800,0.487180
11.0000,0.501193
11.0200,0.515609
11.0400,0.528422
11.0600,0.541744
11.0800,0.555342
11.1000,0.571202
11.1200,0.592242
11.1400,0.610161
11.1600,0.624099
11.1800,0.597306
11.2000,0.688939
11.2200,0.762367
11.2400,0.826994
11.2600,0.885327
11.2800,0.938585
11.3000,0.986822
11.3200,1.031259
11.3400,1.082744
11.3600,1.130759
11.3800,1.163487
11.4000,1.109889
11.4200,1.157404
11.4400,1.194739
11.4600,1.222626
11.4800,1.247679
11.5000,1.270354
11.5200,1.290004
11.5400,1.307382
11.5600,1.331988
11.5800,1.358485
11.6000,1.373164
11.6200,1.297465
11.6400,1.220736
11.6600,1.152425
11.6800,1.089613
11.7000,1.032989
11.7200,0.981557
11.7400,0.935252
11.7600,0.893257
11.7800,0.856187
11.8000,0.825041
11.8200,0.795477
11.8400,0.754564
11.8600,0.786634
11.8800,0.818045
11.9000,0.842313
11.9200,0.861803
11.9400,0.880752
11.9600,0.899998
11.9800,0.918256
12.0000,0.937311
12.0200,0.962629
12.0400,0.989858
12.0600,0.943978
12.0800,0.976706
12.1000,1.013106
12.1200,1.042756
12.1400,1.062225
12.1600,1.078817
12.1800,1.094040
12.2000,1.108434
12.2200,1.119814
12.2400,1.135504
12.2600,1.152054
12.2800,1.099135
12.3000,1.121215
12.3200,1.148147
12.3400,1.178954
12.3600,1.196788
12.3800,1.211512
12.4000,1.224176
12.4200,1.236649
12.4400,1.249622
12.4600,1.261745
12.4800,1.282647
12.5000,1.206565
12.5200,1.172276
12.5400,1.145217
12.5600,1.123551
12.5800,1.101152
12.6000,1.076725
12.6200,1.055080
12.6400,1.035431
12.6600,1.017682
12.6800,1.002257
12.7000,0.988287
12.7200,0.953776
12.7400,0.967566
12.7600,0.981122
12.7800,0.997863
12.8000,1.015039
12.8200,1.022406
12.8400,1.029486
12.8600,1.036153
12.8800,1.041100
12.9000,1.044019
12.9200,1.044804
12.9400,1.002257
12.9600,1.000272
12.9800,0.998234
13.0000,1.001058
13.0200,1.006440
13.0400,1.005272
13.0600,1.004221
13.0800,1.004349
13.1000,1.004922
13.1200,1.003945
13.1400,0.995315
13.1600,0.983744
13.1800,1.018234
13.2000,1.048520
13.2200,1.076057
13.2400,1.106736
13.2600,1.131396
13.2800,1.149103
13.3000,1.164846
13.3200,1.178327
13.3400,1.190769
13.3600,1.184336
13.3800,1.121120
13.4000,1.079273
13.4200,1.040919
13.4400,1.005909
13.4600,0.976992
13.4800,0.951727
13.5000,0.925135
13.5200,0.900359
13.5400,0.877195
13.5600,0.855741
13.5800,0.824351
13.6000,0.833077
13.6200,0.862535
13.6400,0.888214
13.6600,0.911781
13.6800,0.934445
13.7000,0.962067
13.7200,1.087691
13.7400,1.338209
13.7600,1.332870
13.7800,1.315874
13.8000,1.288560
13.8200,1.227148
13.8400,1.192425
13.8600,1.160419
13.8800,1.133307
13.9000,1.113593
13.9200,1.095207
13.9400,1.073573
13.9600,1.052522
13.9800,1.034210
14.0000,1.017629
14.0200,0.990676
14.0400,0.994901
14.0600,1.035028
14.0800,1.066906
14.1000,1.094347
14.1200,1.126884
14.1400,1.161088
14.1600,1.183699
14.1800,1.203359
14.2000,1.220440
14.2200,1.236819
14.2400,1.224293
14.2600,1.173635
14.2800,1.145525
14.3000,1.120058
14.3200,1.096375
14.3400,1.076726
14.3600,1.063944
14.3800,1.046960
14.4000,1.030378
14.4200,1.015410
14.4400,1.000888
14.4600,0.967958
14.4800,0.967481
14.5000,0.979816
14.5200,0.988691
14.5400,0.996514
14.5600,1.003584
14.5800,1.018616
14.6000,1.032002
14.6200,1.036397
14.6400,1.042618
14.6600,1.048095
14.6800,1.019200
14.7000,0.965931
14.7200,0.922142
14.7400,0.882578
14.7600,0.846485
14.7800,0.812472
14.8000,0.781730
14.8200,0.756295
14.8400,0.731508
14.8600,0.708270
14.8800,0.687081
14.9000,0.653844
14.9200,0.715446
14.9400,0.775912
14.9600,0.829850
14.9800,0.878321
15.0000,0.922471
15.0200,0.963330
15.0400,1.009264
15.0600,1.051439
15.0800,1.081715
15.1000,1.109294
15.1200,1.068658
15.1400,1.128774
15.1600,1.172829
15.1800,1.213454
15.2000,1.250885
15.2200,1.283888
15.2400,1.315396
15.2600,1.347423
15.2800,1.386754
15.3000,1.418271
15.3200,1.440520
15.3400,1.372422
15.3600,1.348007
15.3800,1.310311
15.4000,1.277381
15.4200,1.247732
15.4400,1.221448
15.4600,1.197478
15.4800,1.179028
15.5000,1.166438
15.5200,1.248666
15.5400,1.420119
15.5600,1.350204
15.5800,1.340916
15.6000,1.324631
15.6200,1.310609
15.6400,1.298889
15.6600,1.289451
15.6800,1.280470
15.7000,1.280025
15.7200,1.284101
15.7400,1.280917
15.7600,1.278358
15.7800,1.216586
15.8000,1.273719
15.8200,1.314886
15.8400,1.350247
15.8600,1.380808
15.8800,1.407391
15.9000,1.430002
15.9200,1.449833
15.9400,1.477974
15.9600,1.498081
15.9800,1.510712
16.0000,1.436054
16.0200,1.468155
16.0400,1.480905
16.0600,1.488718
16.0800,1.493919
16.1000,1.497740
16.1200,1.500670
16.1400,1.500468
16.1600,1.509513
16.1800,1.520501
16.2000,1.520309
16.2200,1.436679
16.2400,1.486848
16.2600,1.489620
16.2800,1.491371
16.3000,1.491594
16.3200,1.490968
16.3400,1.488736
16.3600,1.496922
16.3800,1.507274
16.4000,1.508718
16.4200,1.508587
16.4400,1.437412
16.4600,1.471616
16.4800,1.471944
16.5000,1.471032
16.5200,1.469756
16.5400,1.467432
16.5600,1.470416
16.5800,1.479937
16.6000,1.479502
16.6200,1.477232
16.6400,1.474249
16.6600,1.418113
16.6800,1.426021
16.7000,1.430225
16.7200,1.428347
16.7400,1.425746
16.7600,1.429120
16.7800,1.438962
16.8000,1.439280
16.8200,1.439514
16.8400,1.437030
16.8600,1.435639
16.8800,1.440700
16.9000,1.468048
16.9200,1.481924
16.9400,1.497707
16.9600,1.499068
16.9800,1.497899
17.0000,1.494002
17.0200,1.488612
17.0400,1.480861
17.0600,1.475638
17.0800,1.474024
17.1000,1.475500
17.1200,1.462741
17.1400,1.450923
17.1600,1.439386
17.1800,1.428698
17.2000,1.420075
17.2200,1.417413
17.2400,1.420850
17.2600,1.409800
17.2800,1.393718
17.3000,1.361500
17.3200,1.322179
17.3400,1.284950
17.3600,1.253051
17.3800,1.225959
17.4000,1.202796
17.4200,1.176172
17.4400,1.149389
17.4600,1.126460
17.4800,1.107723
17.5000,1.099400
17.5200,1.118158
17.5400,1.135897
17.5600,1.147627
17.5800,1.153784
17.6000,1.159517
17.6200,1.163933
17.6400,1.168136
17.6600,1.172393
17.6800,1.182648
17.7000,1.200185
17.7200,1.219102
17.7400,1.223815
17.7600,1.226480
17.7800,1.227488
17.8000,1.228762
17.8200,1.228507
17.8400,1.233910
17.8600,1.246564
17.8800,1.249834
17.9000,1.248740
17.9200,1.223284
17.9400,1.185779
17.9600,1.151810
17.9800,1.119135
18.0000,1.092437
18.0200,1.067246
18.0400,1.040930
18.0600,1.016493
18.0800,0.992990
18.1000,0.969540
18.1200,0.956717
18.1400,0.990516
18.1600,1.025697
18.1800,1.050930
18.2000,1.067257
18.2200,1.081290
18.2400,1.091365
18.2600,1.099921
18.2800,1.107203
18.3000,1.115271
18.3200,1.127776
18.3400,1.126980
18.3600,1.121269
18.3800,1.115388
18.4000,1.108965
18.4200,1.101577
18.4400,1.093700
18.4600,1.091375
18.4800,1.091492
18.5000,1.087702
18.5200,1.083382
18.5400,1.029115
18.5600,1.050091
18.5800,1.059369
18.6000,1.067639
18.6200,1.076556
18.6400,1.086067
18.6600,1.095059
18.6800,1.109071
18.7000,1.131598
18.7200,1.148306
18.7400,1.158816
18.7600,1.100727
18.7800,1.113954
18.8000,1.119549
18.8200,1.123211
18.8400,1.126088
18.8600,1.130228
18.8800,1.134145
18.9000,1.136406
18.9200,1.143890
18.9400,1.150918
18.9600,1.145185
18.9800,1.081747
19.0000,1.095844
19.0200,1.107914
19.0400,1.114390
19.0600,1.118647
19.0800,1.124443
19.1000,1.130366
19.1200,1.137415
19.1400,1.148795
19.1600,1.168572
19.1800,1.181544
19.2000,1.117574
19.2200,1.135833
19.2400,1.151916
19.2600,1.160769
19.2800,1.166448
19.3000,1.174442
19.3200,1.184325
19.3400,1.194580
19.3600,1.207595
19.3800,1.231501
19.4000,1.254982
19.4200,1.186576
19.4400,1.187319
19.4600,1.196745
19.4800,1.202393
19.5000,1.202818
19.5200,1.203560
19.5400,1.203561
19.5600,1.202658
19.5800,1.201735
19.6000,1.205217
19.6200,1.214293
19.6400,1.152404
19.6600,1.161523
19.6800,1.172977
19.7000,1.185111
19.7200,1.187690
19.7400,1.186406
19.7600,1.183072
19.7800,1.180504
19.8000,1.178083
19.8200,1.174697
19.8400,1.180981
19.8600,1.126778
19.8800,1.140865
19.9000,1.161480
19.9200,1.188465
19.9400,1.210800
19.9600,1.234229
19.9800,1.258337
20.0000,1.285141
20.0200,1.314091
20.0400,1.343398
20.0600,1.381097
20.0800,1.331012
20.1000,1.362529
20.1200,1.398378
20.1400,1.443229
20.1600,1.495087
20.1800,1.537771
20.2000,1.581774
20.2200,1.624991
20.2400,1.670276
20.2600,1.715412
20.2800,1.749565
20.3000,1.726443
20.3200,1.806145
20.3400,1.875464
20.3600,1.947134
20.3800,2.026144
20.4000,2.087300
20.4200,2.139456
20.4400,2.186208
20.4600,2.228733
20.4800,2.268214
20.5000,2.268193
20.5200,2.187301
20.5400,2.168256
20.5600,2.149774
20.5800,2.132524
20.6000,2.129127
20.6200,2.127227
20.6400,2.115304
20.6600,2.102704
20.6800,2.090348
20.7000,2.078033
20.7200,2.030889
20.7400,2.019383
20.7600,2.062344
20.7800,2.098288
20.8000,2.130529
20.8200,2.165115
20.8400,2.208192
20.8600,2.239287
20.8800,2.256302
20.9000,2.268108
20.9200,2.278246
20.9400,2.219966
20.9600,2.204424
20.9800,2.224434
21.0000,2.242746
21.0200,2.259031
21.0400,2.271207
21.0600,2.294615
21.0800,2.321025
21.1000,2.333935
21.1200,2.340570
21.1400,2.345452
21.1600,2.260941
21.1800,2.222724
21.2000,2.200827
21.2200,2.179933
21.2400,2.161686
21.2600,2.145582
21.2800,2.134299
21.3000,2.135984
21.3200,2.140284
21.3400,2.131886
21.3600,2.123969
21.3800,2.026855
21.4000,2.067652
21.4200,2.096813
21.4400,2.121940
21.4600,2.145954
21.4800,2.166718
21.5000,2.183766
21.5200,2.206240
21.5400,2.241377
21.5600,2.264445
21.5800,2.277428
21.6000,2.161876
21.6200,2.154785
21.6400,2.135145
21.6600,2.113628
21.6800,2.092525
21.7000,2.071547
21.7200,2.049753
21.7400,2.025678
21.7600,2.007673
21.7800,1.992205
21.8000,1.964572
21.8200,1.853174
21.8400,1.829638
21.8600,1.802950
21.8800,1.772240
21.9000,1.745224
21.9200,1.721250
21.9400,1.701985
21.9600,1.684500
21.9800,1.674459
22.0000,1.674088
22.0200,1.676007
22.0400,1.590223
22.0600,1.616008
22.0800,1.645466
22.1000,1.666698
22.1200,1.681582
22.1400,1.694405
22.1600,1.705435
22.1800,1.712908
22.2000,1.717186
22.2200,1.726485
22.2400,1.738376
22.2600,1.656707
22.2800,1.693514
22.3000,1.738173
22.3200,1.778981
22.3400,1.805105
22.3600,1.828747
22.3800,1.850360
22.4000,1.870720
22.4200,1.889892
22.4400,1.908619
22.4600,1.937896
22.4800,1.866294
22.5000,1.918555
22.5200,1.969754
22.5400,2.028447
22.5600,2.074372
22.5800,2.104583
22.6000,2.132960
22.6200,2.159232
22.6400,2.183223
22.6600,2.205230
22.6800,2.218916
22.7000,2.127493
22.7200,2.124277
22.7400,2.120677
22.7600,2.127227
22.7800,2.138331
22.8000,2.138237
22.8200,2.134542
22.8400,2.131028
22.8600,2.128394
22.8800,2.125073
22.9000,2.102289
22.9200,2.055911
22.9400,2.089616
22.9600,2.119710
22.9800,2.149699
23.0000,2.193850
23.0200,2.234786
23.0400,2.252640
23.0600,2.266940
23.0800,2.276473
23.1000,2.280878
23.1200,2.240463
23.1400,2.171730
23.1600,2.154690
23.1800,2.140836
23.2000,2.127843
23.2200,2.125848
23.2400,2.136536
23.2600,2.139341
23.2800,2.134243
23.3000,2.123843
23.3200,2.109382
23.3400,2.042238
23.3600,2.038161
23.3800,2.067259
23.4000,2.088628
23.4200,2.107438
23.4400,2.124169
23.4600,2.154753
23.4800,2.195274
23.5000,2.222344
23.5200,2.250136
23.5400,2.277990
23.5600,2.211822
23.5800,2.217820
23.6000,2.239785
23.6200,2.257449
23.6400,2.270007
23.6600,2.278521
23.6800,2.287449
23.7000,2.303554
23.7200,2.310558
23.7400,2.302724
23.7600,2.292704
23.7800,2.188000
23.8000,2.182236
23.8200,2.174519
23.8400,2.166185
23.8600,2.157906
23.8800,2.148481
23.9000,2.139350
23.9200,2.136590
23.9400,2.141495
23.9600,2.134393
23.9800,2.123151
24.0000,2.012598
24.0200,1.999795
24.0400,1.976527
24.0600,1.952473
24.0800,1.930243
24.1000,1.908937
24.1200,1.889267
24.1400,1.872270
24.1600,1.865326
24.1800,1.859892
24.2000,1.847589
24.2200,1.750733
24.2400,1.814118
24.2600,1.868672
24.2800,1.915931
24.3000,1.965614
24.3200,2.017715
24.3400,2.073087
24.3600,2.130316
24.3800,2.192385
24.4000,2.264635
24.4200,2.323289
24.4400,2.208957
24.4600,2.315262
24.4800,2.413130
24.5000,2.476707
24.5200,2.534254
24.5400,2.588470
24.5600,2.638821
24.5800,2.685826
24.6000,2.731081
24.6200,2.795858
24.6400,2.857941
24.6600,2.702684
24.6800,2.731516
24.7000,2.779096
24.7200,2.813597
24.7400,2.835975
24.7600,2.857844
24.7800,2.878576
24.8000,2.897812
24.8200,2.916220
24.8400,2.944064
24.8600,2.986434
24.8800,2.837481
24.9000,2.876240
24.9200,2.930816
24.9400,2.985731
24.9600,3.014892
24.9800,3.036412
25.0000,3.056263
25.0200,3.075604
25.0400,3.092218
25.0600,3.105722
25.0800,3.131784
25.1000,2.988226
25.1200,3.008249
25.1400,3.027663
25.1600,3.065083
25.1800,3.089798
25.2000,3.097833
25.2200,3.103950
25.2400,3.109130
25.2600,3.113876
25.2800,3.118641
25.3000,3.595899
25.3200,3.600000
25.3400,3.600000
25.3600,3.600000
25.3800,3.600000
25.4000,3.600000
25.4200,3.600000
25.4400,3.600000
25.4600,3.600000
25.4800,3.600000
25.5000,3.600000
25.5200,3.600000
25.5400,3.590100
25.5600,3.600000
25.5800,3.600000
25.6000,3.600000
25.6200,3.600000
25.6400,3.592331
25.6600,3.570155
25.6800,3.543836
25.7000,3.519198
25.7200,3.507117
25.7400,3.488135
25.7600,3.280544
25.7800,3.264173
25.8000,3.263549
25.8200,3.248280
25.8400,3.227178
25.8600,3.208070
25.8800,3.190055
25.9000,3.175352
25.9200,3.163758
25.9400,3.165212
25.9600,3.180435
25.9800,3.013979
26.0000,3.031496
26.0200,3.056485
26.0400,3.090009
26.0600,3.102198
26.0800,3.113970
26.1000,3.126953
26.1200,3.140861
26.1400,3.153357
26.1600,3.165404
26.1800,3.198717
26.2000,3.055529
26.2200,3.099862
26.2400,3.145234
26.2600,3.201073
26.2800,3.249099
26.3000,3.273493
26.3200,3.296211
26.3400,3.314164
26.3600,3.328867
26.3800,3.340226
26.4000,3.345280
26.4200,3.214714
26.4400,3.239046
26.4600,3.245852
26.4800,3.265766
26.5000,3.296393
26.5200,3.303517
26.5400,3.307954
26.5600,3.306891
26.5800,3.303007
26.6000,3.295298
26.6200,3.260278
26.6400,3.154980
26.6600,3.171519
26.6800,3.186467
26.7000,3.197868
26.7200,3.231042
26.7400,3.257866
26.7600,3.262803
26.7800,3.271553
26.8000,3.278399
26.8200,3.284799
26.8400,3.227070
26.8600,3.154660
26.8800,3.172345
26.9000,3.188516
26.9200,3.201616
26.9400,3.225425
26.9600,3.263166
26.9800,3.281275
27.0000,3.289429
27.0200,3.295330
27.0400,3.299800
27.0600,3.210723
27.0800,3.159671
27.1000,3.166933
27.1200,3.175573
27.1400,3.183248
27.1600,3.189439
27.1800,3.212953
27.2000,3.242316
27.2200,3.247932
27.2400,3.254589
27.2600,3.259833
27.2800,3.275194
27.3000,3.308717
27.3200,3.340988
27.3400,3.387827
27.3600,3.428569
27.3800,3.450566
27.4000,3.470452
27.4200,3.485162
27.4400,3.495216
27.4600,3.502679
27.4800,3.515367
27.5000,3.549411
27.5200,3.573169
27.5400,3.580143
27.5600,3.583945
27.5800,3.586193
27.6000,3.585303
27.6200,3.584273
27.6400,3.591874
27.6600,3.600000
27.6800,3.600000
27.7000,3.589592
27.7200,3.534793
27.7400,3.482891
27.7600,3.434472
27.7800,3.386978
27.8000,3.356160
27.8200,3.344238
27.8400,3.319536
27.8600,3.294057
27.8800,3.266319
27.9000,3.256774
27.9200,3.269672
27.9400,3.278928
27.9600,3.304662
27.9800,3.336171
28.0000,3.348028
28.0200,3.351869
28.0400,3.352752
28.0600,3.355481
28.0800,3.359515
28.1000,3.357508
28.1200,3.374217
28.1400,3.399302
28.1600,3.402614
28.1800,3.400076
28.2000,3.397721
28.2200,3.395278
28.2400,3.388940
28.2600,3.384228
28.2800,3.398166
28.3000,3.415524
28.3200,3.375703
28.3400,3.332381
28.3600,3.293260
28.3800,3.258408
28.4000,3.226231
28.4200,3.199331
28.4400,3.203450
28.4600,3.196741
28.4800,3.178515
28.5000,3.160234
28.5200,3.169766
28.5400,3.198334
28.5600,3.223016
28.5800,3.253600
28.6000,3.300163
28.6200,3.335481
28.6400,3.349419
28.6600,3.362752
28.6800,3.373505
28.7000,3.382084
28.7200,3.380343
28.7400,3.371744
28.7600,3.362550
28.7800,3.340363
28.8000,3.309619
28.8200,3.281924
28.8400,3.254790
28.8600,3.229140
28.8800,3.203261
28.9000,3.191052
28.9200,3.193908
28.9400,3.027547
28.9600,3.062377
28.9800,3.093312
29.0000,3.122220
29.0200,3.131561
29.0400,3.137994
29.0600,3.141465
29.0800,3.143017
29.1000,3.144979
29.1200,3.147771
29.1400,3.167824
29.1600,3.010903
29.1800,3.026698
29.2000,3.049808
29.2200,3.089344
29.2400,3.115593
29.2600,3.126328
29.2800,3.139215
29.3000,3.151253
29.3200,3.161508
29.3400,3.167762
29.3600,3.171190
29.3800,3.054373
29.4000,3.099076
29.4200,3.136816
29.4400,3.191190
29.4600,3.245350
29.4800,3.275331
29.5000,3.297911
29.5200,3.313761
29.5400,3.327284
29.5600,3.336222
29.5800,3.309790
29.6000,3.199036
29.6200,3.206603
29.6400,3.203399
29.6600,3.202816
29.6800,3.217421
29.7000,3.225734
29.7200,3.217613
29.7400,3.209874
29.7600,3.203314
29.7800,3.196457
29.8000,3.132898
29.8200,3.042357
29.8400,3.027517
29.8600,3.005030
29.8800,2.984203
29.9000,2.976112
29.9200,2.981676
29.9400,2.970922
29.9600,2.954924
29.9800,2.939214
30.0000,2.925614
30.0200,2.849244
30.0400,2.823576
30.0600,2.853683
30.0800,2.879286
30.1000,2.900910
30.1200,2.923831
30.1400,2.960795
30.1600,2.991283
30.1800,3.003873
30.2000,3.012791
30.2200,3.020616
30.2400,2.925742
30.2600,2.881644
30.2800,2.873121
30.3000,2.864945
30.3200,2.857587
30.3400,2.850082
30.3600,2.854572
30.3800,2.873703
30.4000,2.880040
30.4200,2.876166
30.4400,2.874361
30.4600,2.753574
30.4800,2.809753
30.5000,2.865446
30.5200,2.912313
30.5400,2.953397
30.5600,2.990125
30.5800,3.020508
30.6000,3.068874
30.6200,3.120288
30.6400,3.145151
30.6600,3.164768
30.6800,3.008588
30.7000,3.041837
30.7200,3.057155
30.7400,3.067867
30.7600,3.078078
30.7800,3.086157
30.8000,3.094628
30.8200,3.107579
30.8400,3.136541
30.8600,3.161869
30.8800,3.166445
30.9000,2.988153
30.9200,3.024362
30.9400,3.041380
30.9600,3.047706
30.9800,3.052835
31.0000,3.057568
31.0200,3.061123
31.0400,3.061442
31.0600,3.072782
31.0800,3.106232
31.1000,3.115244
31.1200,2.935742
31.1400,3.016507
31.1600,3.085859
31.1800,3.133068
31.2000,3.169173
31.2200,3.200999
31.2400,3.227454
31.2600,3.249928
31.2800,3.274385
31.3000,3.320639
31.3200,3.362327
31.3400,3.163121
31.3600,3.176117
31.3800,3.197390
31.4000,3.206265
31.4200,3.202157
31.4400,3.196837
31.4600,3.192528
31.4800,3.186805
31.5000,3.180904
31.5200,3.184299
31.5400,3.203261
31.5600,3.030700
31.5800,3.051178
31.6000,3.087123
31.6200,3.126496
31.6400,3.141551
31.6600,3.154385
31.6800,3.162761
31.7000,3.170544
31.7200,3.176594
31.7400,3.185171
31.7600,3.202750
31.7800,3.064850
31.8000,3.117390
31.8200,3.168949
31.8400,3.234661
31.8600,3.292507
31.8800,3.323028
31.9000,3.348749
31.9200,3.369027
31.9400,3.386542
31.9600,3.401235
31.9800,3.400863
32.0000,3.244821
32.0200,3.219620
32.0400,3.192549
32.0600,3.176530
32.0800,3.173706
32.1000,3.161707
32.1200,3.136126
32.1400,3.111657
32.1600,3.087260
32.1800,3.063089
32.2000,3.004969
32.2200,2.909277
32.2400,2.906623
32.2600,2.903056
32.2800,2.900901
32.3000,2.924190
32.3200,2.935868
32.3400,2.935211
32.3600,2.930890
32.3800,2.924861
32.4000,2.918820
32.4200,2.859053
32.4400,2.817078
32.4600,2.851632
32.4800,2.883417
32.5000,2.910008
32.5200,2.942844
32.5400,2.992313
32.5600,3.019159
32.5800,3.030065
32.6000,3.038895
32.6200,3.046104
32.6400,2.964946
32.6600,2.932951
32.6800,2.955434
32.7000,2.976346
32.7200,2.996030
32.7400,3.015974
32.7600,3.061263
32.7800,3.106527
32.8000,3.130870
32.8200,3.151816
32.8400,3.170382
32.8600,3.064651
32.8800,3.090893
32.9000,3.121583
32.9200,3.143674
32.9400,3.161752
32.9600,3.177094
32.9800,3.203237
33.0000,3.239566
33.0200,3.258047
33.0400,3.261362
33.0600,3.261700
33.0800,3.122758
33.1000,3.132803
33.1200,3.148800
33.1400,3.158790
33.1600,3.167359
33.1800,3.174152
33.2000,3.180435
33.2200,3.214461
33.2400,3.246497
33.2600,3.259790
33.2800,3.266520
33.3000,3.101551
33.3200,3.136688
33.3400,3.154565
33.3600,3.168759
33.3800,3.180075
33.4000,3.189768
33.4200,3.196921
33.4400,3.207837
33.4600,3.237496
33.4800,3.258961
33.5000,3.262253
33.5200,3.076030
33.5400,3.095891
33.5600,3.097051
33.5800,3.092941
33.6000,3.088929
33.6200,3.082887
33.6400,3.075626
33.6600,3.069640
33.6800,3.076772
33.7000,3.095795
33.7200,3.095851
33.7400,2.916539
33.7600,2.981209
33.7800,3.030254
33.8000,3.062367
33.8200,3.085414
33.8400,3.103248
33.8600,3.120668
33.8800,3.138749
33.9000,3.160766
33.9200,3.201434
33.9400,3.235425
33.9600,3.046243
33.9800,3.088079
34.0000,3.141763
34.0200,3.171583
34.0400,3.188185
34.0600,3.202420
34.0800,3.214536
34.1000,3.223387
34.1200,3.231159
34.1400,3.251149
34.1600,3.279951
34.1800,3.099098
34.2000,3.128503
34.2200,3.172061
34.2400,3.215915
34.2600,3.235829
34.2800,3.250510
34.3000,3.264959
34.3200,3.275288
34.3400,3.284682
34.3600,3.294812
34.3800,3.322517
34.4000,3.139937
34.4200,3.116506
34.4400,3.097218
34.4600,3.101144
34.4800,3.092652
34.5000,3.072282
34.5200,3.056719
34.5400,3.043865
34.5600,3.029692
34.5800,3.015785
34.6000,3.001200
34.6200,2.873331
34.6400,2.876337
34.6600,2.878545
34.6800,2.900168
34.7000,2.917726
34.7200,2.918096
34.7400,2.920922
34.7600,2.919638
34.7800,2.919235
34.8000,2.918702
34.8200,2.893555
34.8400,2.831580
34.8600,2.904637
34.8800,2.967778
34.9000,3.028757
34.9200,3.105170
34.9400,3.165785
34.9600,3.203992
34.9800,3.238845
35.0000,3.273696
35.0200,3.304216
35.0400,3.269375
35.0600,3.184746
35.0800,3.198600
35.1000,3.209461
35.1200,3.219460
35.1400,3.243792
35.1600,3.273028
35.1800,3.280607
35.2000,3.286191
35.2200,3.288919
35.2400,3.289991
35.2600,3.207972
35.2800,3.162666
35.3000,3.189766
35.3200,3.213228
35.3400,3.233674
35.3600,3.255223
35.3800,3.294173
35.4000,3.329279
35.4200,3.340415
35.4400,3.352508
35.4600,3.359770
35.4800,3.248323
35.5000,3.213228
35.5200,3.215332
35.5400,3.215830
35.5600,3.215396
35.5800,3.214162
35.6000,3.224599
35.6200,3.250012
35.6400,3.265437
35.6600,3.261149
35.6800,3.257941
35.7000,3.116889
35.7200,3.160543
35.7400,3.208493
35.7600,3.249916
35.7800,3.286680
35.8000,3.318165
35.8200,3.345353
35.8400,3.388516
35.8600,3.437295
35.8800,3.459867
35.9000,3.473836
35.9200,3.294800
35.9400,3.309120
35.9600,3.297273
35.9800,3.288571
36.0000,3.280216
36.0200,3.270947
36.0400,3.260245
36.0600,3.253089
36.0800,3.267931
36.1000,3.281711
36.1200,3.273845
36.1400,3.083832
36.1600,3.143801
36.1800,3.180192
36.2000,3.199024
36.2200,3.214322
36.2400,3.228420
36.2600,3.241320
36.2800,3.252295
36.3000,3.268271
36.3200,3.302295
36.3400,3.319187
36.3600,3.122580
36.3800,3.181136
36.4000,3.232803
36.4200,3.261445
36.4400,3.280162
36.4600,3.296254
36.4800,3.312563
36.5000,3.326615
36.5200,3.339357
36.5400,3.368092
36.5600,3.395065
36.5800,3.196889
36.6000,3.227380
36.6200,3.275713
36.6400,3.312454
36.6600,3.330202
36.6800,3.342741
36.7000,3.352742
36.7200,3.362031
36.7400,3.369058
36.7600,3.382200
36.7800,3.417191
36.8000,3.230043
36.8200,3.248186
36.8400,3.279461
36.8600,3.317686
36.8800,3.333210
36.9000,3.341169
36.9200,3.347784
36.9400,3.353835
36.9600,3.357805
36.9800,3.359354
37.0000,3.374376
37.0200,3.218771
37.0400,3.243972
37.0600,3.268620
37.0800,3.310894
37.1000,3.350012
37.1200,3.362594
37.1400,3.376744
37.1600,3.387061
37.1800,3.394037
37.2000,3.400662
37.2200,3.386204
37.2400,3.250905
37.2600,3.256477
37.2800,3.259693
37.3000,3.271117
37.3200,3.298919
37.3400,3.311710
37.3600,3.310766
37.3800,3.309459
37.4000,3.306128
37.4200,3.301987
37.4400,3.253016
37.4600,3.156730
37.4800,3.169480
37.5000,3.180458
37.5200,3.191083
37.5400,3.217921
37.5600,3.247890
37.5800,3.255459
37.6000,3.259714
37.6200,3.262030
37.6400,3.262805
37.6600,3.271201
37.6800,3.307114
37.7000,3.363102
37.7200,3.413940
37.7400,3.437776
37.7600,3.456648
37.7800,3.475237
37.8000,3.491097
37.8200,3.502765
37.8400,3.514793
37.8600,3.546546
37.8800,3.578180
37.9000,3.582904
37.9200,3.585811
37.9400,3.587087
37.9600,3.589009
37.9800,3.590335
38.0000,3.594518
38.0200,3.600000
38.0400,3.600000
38.0600,3.600000
38.0800,3.590950
38.1000,3.526651
38.1200,3.470513
38.1400,3.419238
38.1600,3.375205
38.1800,3.354888
38.2000,3.345374
38.2200,3.309525
38.2400,3.274926
38.2600,3.244917
38.2800,3.235722
38.3000,3.254832
38.3200,3.282220
38.3400,3.326923
38.3600,3.356170
38.3800,3.366882
38.4000,3.376022
38.4200,3.382233
38.4400,3.387796
38.4600,3.392796
38.4800,3.405269
38.5000,3.440194
38.5200,3.463041
38.5400,3.465727
38.5600,3.468719
38.5800,3.472710
38.6000,3.472827
38.6200,3.471182
38.6400,3.480609
38.6600,3.511023
38.6800,3.523932
38.7000,3.465576
38.7200,3.403866
38.7400,3.347402
38.7600,3.297964
38.7800,3.256592
38.8000,3.224344
38.8200,3.209077
38.8400,3.181837
38.8600,3.151741
38.8800,3.127315
38.9000,3.136316
38.9200,3.175276
38.9400,3.207464
38.9600,3.261551
38.9800,3.314003
39.0000,3.343187
39.0200,3.364378
39.0400,3.382775
39.0600,3.398242
39.0800,3.411139
39.1000,3.415628
39.1200,3.397764
39.1400,3.390576
39.1600,3.366967
39.1800,3.338560
39.2000,3.312432
39.2200,3.289620
39.2400,3.269578
39.2600,3.249883
39.2800,3.251383
39.3000,3.259395
39.3200,3.071508
39.3400,3.091136
39.3600,3.123375
39.3800,3.157697
39.4000,3.166254
39.4200,3.172072
39.4400,3.176849
39.4600,0.555226
39.4800,0.560268
39.5000,0.564971
39.5200,0.570491
39.5400,0.574461
39.5600,0.580183
39.5800,0.560141
39.6000,0.577189
39.6200,0.593962
39.6400,0.612889
39.6600,0.629259
39.6800,0.639364
39.7000,0.649237
39.7200,0.657528
39.7400,0.664969
39.7600,0.671636
39.7800,0.673377
39.8000,0.623791
39.8200,0.581733
39.8400,0.543411
39.8600,0.508868
39.8800,0.477913
39.9000,0.449262
39.9200,0.422670
39.9400,0.398944
39.9600,0.376301
39.9800,0.355091
40.0000,0.335336
40.0200,0.341121
40.0400,0.362809
40.0600,0.383063
40.0800,0.402872
40.1000,0.424878
40.1200,0.443200
40.1400,0.456024
40.1600,0.466830
40.1800,0.475429
40.2000,0.480407
40.2200,0.474813
40.2400,0.491469
40.2600,0.529356
40.2800,0.563368
40.3000,0.593728
40.3200,0.623898
40.3400,0.653780
40.3600,0.680744
40.3800,0.701476
40.4000,0.722092
40.4200,0.739628
40.4400,0.731412
40.4600,0.724002
40.4800,0.730361
40.5000,0.734023
40.5200,0.737526
40.5400,0.741030
40.5600,0.751242
40.5800,0.763906
40.6000,0.776294
40.6200,0.789659
40.6400,0.804479
40.6600,0.791878
40.6800,0.771794
40.7000,0.763184
40.7200,0.755584
40.7400,0.750594
40.7600,0.749299
40.7800,0.750658
40.8000,0.753556
40.8200,0.754352
40.8400,0.755775
40.8600,0.757548
40.8800,0.732144
40.9000,0.742463
40.9200,0.755998
40.9400,0.765774
40.9600,0.770934
40.9800,0.773577
41.0000,0.776953
41.0200,0.781656
41.0400,0.783354
41.0600,0.783439
41.0800,0.784851
41.1000,0.754416
41.1200,0.748269
41.1400,0.743832
41.1600,0.738790
41.1800,0.732410
41.2000,0.724682
41.2200,0.719055
41.2400,0.720021
41.2600,0.726720
41.2800,0.732038
41.3000,0.735393
41.3200,0.700659
41.3400,0.716646
41.3600,0.725446
41.3800,0.732941
41.4000,0.740329
41.4200,0.748312
41.4400,0.756327
41.4600,0.765668
41.4800,0.783619
41.5000,0.796432
41.5200,0.802027
41.5400,0.761995
41.5600,0.742081
41.5800,0.720818
41.6000,0.701879
41.6200,0.685436
41.6400,0.670659
41.6600,0.658961
41.6800,0.649693
41.7000,0.646021
41.7200,0.643791
41.7400,0.637655
41.7600,0.601074
41.7800,0.565045
41.8000,0.534250
41.8200,0.508581
41.8400,0.488709
41.8600,0.471660
41.8800,0.457117
41.9000,0.444102
41.9200,0.432117
41.9400,0.419718
41.9600,0.405791
41.9800,0.383923
42.0000,0.393350
42.0200,0.399899
42.0400,0.402362
42.0600,0.401991
42.0800,0.401916
42.1000,0.402575
42.1200,0.402500
42.1400,0.405504
42.1600,0.411438
42.1800,0.418360
42.2000,0.397288
42.2200,0.409772
42.2400,0.424230
42.2600,0.436810
42.2800,0.447881
42.3000,0.458157
42.3200,0.468699
42.3400,0.479463
42.3600,0.489197
42.3800,0.501288
42.4000,0.514335
42.4200,0.490142
42.4400,0.501479
42.4600,0.513708
42.4800,0.524324
42.5000,0.528846
42.5200,0.531553
42.5400,0.533453
42.5600,0.533835
42.5800,0.533761
42.6000,0.533464
42.6200,0.535534
42.6400,0.524600
42.6600,0.565056
42.6800,0.602805
42.7000,0.642061
42.7200,0.675479
42.7400,0.702432
42.7600,0.726210
42.7800,0.748312
42.8000,0.768492
42.8200,0.786592
42.8400,0.801061
42.8600,0.762887
42.8800,0.752600
42.9000,0.742282
42.9200,0.735276
42.9400,0.731147
42.9600,0.723864
42.9800,0.716041
43.0000,0.708833
43.0200,0.702198
43.0400,0.696020
43.0600,0.685277
43.0800,0.668547
43.1000,0.680288
43.1200,0.691466
43.1400,0.701561
43.1600,0.715658
43.1800,0.727803
43.2000,0.733588
43.2200,0.740403
43.2400,0.745679
43.2600,0.749426
43.2800,0.740563
43.3000,0.728057
43.3200,0.736974
43.3400,0.744894
43.3600,0.752919
43.3800,0.762929
43.4000,0.774511
43.4200,0.781783
43.4400,0.786209
43.4600,0.790042
43.4800,0.793598
43.5000,0.777452
43.5200,0.745223
43.5400,0.724788
43.5600,0.705478
43.5800,0.687687
43.6000,0.672634
43.6200,0.661148
43.6400,0.651403
43.6600,0.641562
43.6800,0.631371
43.7000,0.622719
43.7200,0.599503
43.7400,0.591924
43.7600,0.590682
43.7800,0.589960
43.8000,0.589376
43.8200,0.588028
43.8400,0.590565
43.8600,0.593930
43.8800,0.594344
43.9000,0.593272
43.9200,0.591913
43.9400,0.569228
43.9600,0.596679
43.9800,0.625097
44.0000,0.650500
44.0200,0.673377
44.0400,0.693164
44.0600,0.711848
44.0800,0.734639
44.1000,0.755000
44.1200,0.769989
44.1400,0.782388
44.1600,0.750584
44.1800,0.726444
44.2000,0.701922
44.2200,0.680946
44.2400,0.662570
44.2600,0.644757
44.2800,0.629036
44.3000,0.616934
44.3200,0.607783
44.3400,0.598293
44.3600,0.588017
44.3800,0.555555
44.4000,0.592677
44.4200,0.620522
44.4400,0.643589
44.4600,0.664003
44.4800,0.682198
44.5000,0.698748
44.5200,0.714841
44.5400,0.733079
44.5600,0.751327
44.5800,0.762738
44.6000,0.723525
44.6200,0.744023
44.6400,0.760902
44.6600,0.772473
44.6800,0.782303
44.7000,0.790742
44.7200,0.798789
44.7400,0.804999
44.7600,0.811825
44.7800,0.822748
44.8000,0.831644
44.8200,0.785371
44.8400,0.788428
44.8600,0.794500
44.8800,0.797950
44.9000,0.798991
44.9200,0.800264
44.9400,0.802037
44.9600,0.803332
44.9800,0.804638
45.0000,0.809755
45.0200,0.812334
45.0400,0.765467
45.0600,0.755265
45.0800,0.746582
45.1000,0.734841
45.1200,0.712973
45.1400,0.685723
45.1600,0.657708
45.1800,0.638484
45.2000,0.629779
45.2200,0.631159
45.2400,0.640522
45.2600,0.618101
45.2800,0.641540
45.3000,0.661360
45.3200,0.678610
45.3400,0.682878
45.3600,0.682867
45.3800,0.680054
45.4000,0.674608
45.4200,0.668929
45.4400,0.665288
45.4600,0.667475
45.4800,0.631212
45.5000,0.662729
45.5200,0.677028
45.5400,0.688737
45.5600,0.698642
45.5800,0.707962
45.6000,0.718153
45.6200,0.730276
45.6400,0.746475
45.6600,0.770902
45.6800,0.793056
45.7000,0.749777
45.7200,0.802069
45.7400,0.819415
45.7600,0.837398
45.7800,0.855561
45.8000,0.872694
45.8200,0.889000
45.8400,0.906792
45.8600,0.926982
45.8800,0.939466
45.9000,0.948967
45.9200,0.959636
45.9400,0.963925
45.9600,0.957736
45.9800,0.953702
46.0000,0.955305
46.0200,0.951345
46.0400,0.943468
46.0600,0.933766
46.0800,0.922672
46.1000,0.908681
46.1200,0.891961
46.1400,0.875964
46.1600,0.855327
46.1800,0.830657
46.2000,0.804840
46.2200,0.779691
46.2400,0.755785
46.2600,0.734458
46.2800,0.716264
46.3000,0.705744
46.3200,0.701051
46.3400,0.672973
46.3600,0.648770
46.3800,0.627889
46.4000,0.609503
46.4200,0.593845
46.4400,0.580193
46.4600,0.570385
46.4800,0.566701
46.5000,0.562890
46.5200,0.561797
46.5400,0.580236
46.5600,0.606127
46.5800,0.627518
46.6000,0.645574
46.6200,0.664587
46.6400,0.681731
46.6600,0.689279
46.6800,0.692697
46.7000,0.692421
46.7200,0.688366
46.7400,0.673302
46.7600,0.639311
46.7800,0.605586
46.8000,0.572211
46.8200,0.539016
46.8400,0.509324
46.8600,0.482446
46.8800,0.457807
46.9000,0.437085
46.9200,0.419655
46.9400,0.405855
46.9600,0.450811
46.9800,0.486904
47.0000,0.521872
47.0200,0.553708
47.0400,0.582264
47.0600,0.606669
47.0800,0.630585
47.1000,0.657984
47.1200,0.680213
47.1400,0.698015
47.1600,0.675839
47.1800,0.638483
47.2000,0.605129
47.2200,0.574833
47.2400,0.547285
47.2600,0.523591
47.2800,0.499632
47.3000,0.475131
47.3200,0.452138
47.3400,0.429591
47.3600,0.421056
47.3800,0.442659
47.4000,0.466055
47.4200,0.489250
47.4400,0.506235
47.4600,0.520672
47.4800,0.533443
47.5000,0.545735
47.5200,0.557625
47.5400,0.568368
47.5600,0.580024
47.5800,0.553230
47.6000,0.553963
47.6200,0.555258
47.6400,0.560353
47.6600,0.565353
47.6800,0.568304
47.7000,0.572296
47.7200,0.576882
47.7400,0.583134
47.7600,0.589344
47.7800,0.595066
47.8000,0.558368
47.8200,0.532933
47.8400,0.510152
47.8600,0.490598
47.8800,0.474272
47.9000,0.458826
47.9200,0.444272
47.9400,0.429941
47.9600,0.417181
47.9800,0.405897
48.0000,0.392405
48.0200,0.372097
48.0400,0.358605
48.0600,0.345028
48.0800,0.332735
48.1000,0.321217
48.1200,0.309710
48.1400,0.297608
48.1600,0.286016
48.1800,0.274604
48.2000,0.263086
48.2200,0.251409
48.2400,0.250836
48.2600,0.258278
48.2800,0.263320
48.3000,0.268044
48.3200,0.274084
48.3400,0.279148
48.3600,0.282619
48.3800,0.284859
48.4000,0.287491
48.4200,0.290167
48.4400,0.286366
48.4600,0.309444
48.4800,0.344953
48.5000,0.377447
48.5200,0.406958
48.5400,0.434708
48.5600,0.466777
48.5800,0.492053
48.6000,0.511362
48.6200,0.528358
48.6400,0.545183
48.6600,0.540693
48.6800,0.570767
48.7000,0.728832
48.7200,0.752399
48.7400,0.743089
48.7600,0.736688
48.7800,0.726815
48.8000,0.717622
48.8200,0.708758
48.8400,0.700638
48.8600,0.691901
48.8800,0.680521
48.9000,0.661031
48.9200,0.668748
48.9400,0.674873
48.9600,0.684247
48.9800,0.695425
49.0000,0.701604
49.0200,0.705032
49.0400,0.707495
49.0600,0.711455
49.0800,0.715828
49.1000,0.709013
49.1200,0.678982
49.1400,0.665574
49.1600,0.652666
49.1800,0.642008
49.2000,0.636169
49.2200,0.627709
49.2400,0.616573
49.2600,0.606329
49.2800,0.595894
49.3000,0.586181
49.3200,0.570119
49.3400,0.574164
49.3600,0.600076
49.3800,0.624099
49.4000,0.647337
49.4200,0.674470
49.4400,0.703822
49.4600,0.726115
49.4800,0.746497
49.5000,0.765106
49.5200,0.783524
49.5400,0.777314
49.5600,0.725637
49.5800,0.681370
49.6000,0.641222
49.6200,0.604259
49.6400,0.570088
49.6600,0.539833
49.6800,0.511023
49.7000,0.483252
49.7200,0.458295
49.7400,0.434644
49.7600,0.409156
49.7800,0.411162
49.8000,0.418423
49.8200,0.424028
49.8400,0.429379
49.8600,0.434495
49.8800,0.440026
49.9000,0.446629
49.9200,0.449962
49.9400,0.453911
49.9600,0.456268
49.9800,0.441225
50.0000,0.512052
50.0200,0.586531
50.0400,0.656020
50.0600,0.718440
50.0800,0.775297
50.1000,0.828842
50.1200,0.882907
50.1400,0.928362
50.1600,0.964392
50.1800,0.996896
50.2000,0.972077
50.2200,0.901208
50.2400,0.838045
50.2600,0.780212
50.2800,0.727590
50.3000,0.680139
50.3200,0.636498
50.3400,0.597178
50.3600,0.562986
50.3800,0.531415
50.4000,0.502371
50.4200,0.470864
50.4400,0.487180
50.4600,0.501193
50.4800,0.515609
50.5000,0.528422
50.5200,0.541744
50.5400,0.555342
50.5600,0.571202
50.5800,0.592242
50.6000,0.610161
50.6200,0.624099
50.6400,0.597306
50.6600,0.688939
50.6800,0.762367
50.7000,0.826994
50.7200,0.885327
50.7400,0.938585
50.7600,0.986822
50.7800,1.031259
50.8000,1.082744
50.8200,1.130759
50.8400,1.163487
50.8600,1.109889
50.8800,1.157404
50.9000,1.194739
50.9200,1.222626
50.9400,1.247679
50.9600,1.270354
50.9800,1.290004
51.0000,1.307382
51.0200,1.331988
51.0400,1.358485
51.0600,1.373164
51.0800,1.297465
51.1000,1.220736
51.1200,1.152425
51.1400,1.089613
51.1600,1.032989
51.1800,0.981557
51.2000,0.935252
51.2200,0.893257
51.2400,0.856187
51.2600,0.825041
51.2800,0.795477
51.3000,0.754564
51.3200,0.786634
51.3400,0.818045
51.3600,0.842313
51.3800,0.861803
51.4000,0.880752
51.4200,0.899998
51.4400,0.918256
51.4600,0.937311
51.4800,0.962629
51.5000,0.989858
51.5200,0.943978
51.5400,0.976706
51.5600,1.013106
51.5800,1.042756
51.6000,1.062225
51.6200,1.078817
51.6400,1.094040
51.6600,1.108434
51.6800,1.119814
51.7000,1.135504
51.7200,1.152054
51.7400,1.099135
51.7600,1.121215
51.7800,1.148147
51.8000,1.178954
51.8200,1.196788
51.8400,1.211512
51.8600,1.224176
51.8800,1.236649
51.9000,1.249622
51.9200,1.261745
51.9400,1.282647
51.9600,1.206565
51.9800,1.172276
52.0000,1.145217
52.0200,1.123551
52.0400,1.101152
52.0600,1.076725
52.0800,1.055080
52.1000,1.035431
52.1200,1.017682
52.1400,1.002257
52.1600,0.988287
52.1800,0.953776
52.2000,0.967566
52.2200,0.981122
52.2400,0.997863
52.2600,1.015039
52.2800,1.022406
52.3000,1.029486
52.3200,1.036153
52.3400,1.041100
52.3600,1.044019
52.3800,1.044804
52.4000,1.002257
52.4200,1.000272
52.4400,0.998234
52.4600,1.001058
52.4800,1.006440
52.5000,1.005272
52.5200,1.004221
52.5400,1.004349
52.5600,1.004922
52.5800,1.003945
52.6000,0.995315
52.6200,0.983744
52.6400,1.018234
52.6600,1.048520
52.6800,1.076057
52.7000,1.106736
52.7200,1.131396
52.7400,1.149103
52.7600,1.164846
52.7800,1.178327
52.8000,1.190769
52.8200,1.184336
52.8400,1.121120
52.8600,1.079273
52.8800,1.040919
52.9000,1.005909
52.9200,0.976992
52.9400,0.951727
52.9600,0.925135
52.9800,0.900359
53.0000,0.877195
53.0200,0.855741
53.0400,0.824351
53.0600,0.833077
53.0800,0.862535
53.1000,0.888214
53.1200,0.911781
53.1400,0.934445
53.1600,0.962067
53.1800,1.087691
53.2000,1.338209
53.2200,1.332870
53.2400,1.315874
53.2600,1.288560
53.2800,1.227148
53.3000,1.192425
53.3200,1.160419
53.3400,1.133307
53.3600,1.113593
53.3800,1.095207
53.4000,1.073573
53.4200,1.052522
53.4400,1.034210
53.4600,1.017629
53.4800,0.990676
53.5000,0.994901
53.5200,1.035028
53.5400,1.066906
53.5600,1.094347
53.5800,1.126884
53.6000,1.161088
53.6200,1.183699
53.6400,1.203359
53.6600,1.220440
53.6800,1.236819
53.7000,1.224293
53.7200,1.173635
53.7400,1.145525
53.7600,1.120058
53.7800,1.096375
53.8000,1.076726
53.8200,1.063944
53.8400,1.046960
53.8600,1.030378
53.8800,1.015410
53.9000,1.000888
53.9200,0.967958
53.9400,0.967481
53.9600,0.979816
53.9800,0.988691
54.0000,0.996514
54.0200,1.003584
54.0400,1.018616
54.0600,1.032002
54.0800,1.036397
54.1000,1.042618
54.1200,1.048095
54.1400,1.019200
54.1600,0.965931
54.1800,0.922142
54.2000,0.882578
54.2200,0.846485
54.2400,0.812472
54.2600,0.781730
54.2800,0.756295
54.3000,0.731508
54.3200,0.708270
54.3400,0.687081
54.3600,0.653844
54.3800,0.715446
54.4000,0.775912
54.4200,0.829850
54.4400,0.878321
54.4600,0.922471
54.4800,0.963330
54.5000,1.009264
54.5200,1.051439
54.5400,1.081715
54.5600,1.109294
54.5800,1.068658
54.6000,1.128774
54.6200,1.172829
54.6400,1.213454
54.6600,1.250885
54.6800,1.283888
54.7000,1.315396
54.7200,1.347423
54.7400,1.386754
54.7600,1.418271
54.7800,1.440520
54.8000,1.372422
54.8200,1.348007
54.8400,1.310311
54.8600,1.277381
54.8800,1.247732
54.9000,1.221448
54.9200,1.197478
54.9400,1.179028
54.9600,1.166438
54.9800,1.248666
55.0000,1.420119
55.0200,1.350204
55.0400,1.340916
55.0600,1.324631
55.0800,1.310609
55.1000,1.298889
55.1200,1.289451
55.1400,1.280470
55.1600,1.280025
55.1800,1.284101
55.2000,1.280917
55.2200,1.278358
55.2400,1.216586
55.2600,1.273719
55.2800,1.314886
55.3000,1.350247
55.3200,1.380808
55.3400,1.407391
55.3600,1.430002
55.3800,1.449833
55.4000,1.477974
55.4200,1.498081
55.4400,1.510712
55.4600,1.436054
55.4800,1.468155
55.5000,1.480905
55.5200,1.488718
55.5400,1.493919
55.5600,1.497740
55.5800,1.500670
55.6000,1.500468
55.6200,1.509513
55.6400,1.520501
55.6600,1.520309
55.6800,1.436679
55.7000,1.486848
55.7200,1.489620
55.7400,1.491371
55.7600,1.491594
55.7800,1.490968
55.8000,1.488736
55.8200,1.496922
55.8400,1.507274
55.8600,1.508718
55.8800,1.508587
55.9000,1.437412
55.9200,1.471616
55.9400,1.471944
55.9600,1.471032
55.9800,1.469756
56.0000,1.467432
56.0200,1.470416
56.0400,1.479937
56.0600,1.479502
56.0800,1.477232
56.1000,1.474249
56.1200,1.418113
56.1400,1.426021
56.1600,1.430225
56.1800,1.428347
56.2000,1.425746
56.2200,1.429120
56.2400,1.438962
56.2600,1.439280
56.2800,1.439514
56.3000,1.437030
56.3200,1.435639
56.3400,1.440700
56.3600,1.468048
56.3800,1.481924
56.4000,1.497707
56.4200,1.499068
56.4400,1.497899
56.4600,1.494002
56.4800,1.488612
56.5000,1.480861
56.5200,1.475638
56.5400,1.474024
56.5600,1.475500
56.5800,1.462741
56.6000,1.450923
56.6200,1.439386
56.6400,1.428698
56.6600,1.420075
56.6800,1.417413
56.7000,1.420850
56.7200,1.409800
56.7400,1.393718
56.7600,1.361500
56.7800,1.322179
56.8000,1.284950
56.8200,1.253051
56.8400,1.225959
56.8600,1.202796
56.8800,1.176172
56.9000,1.149389
56.9200,1.126460
56.9400,1.107723
56.9600,1.099400
56.9800,1.118158
57.0000,1.135897
57.0200,1.147627
57.0400,1.153784
57.0600,1.159517
57.0800,1.163933
57.1000,1.168136
57.1200,1.172393
57.1400,1.182648
57.1600,1.200185
57.1800,1.219102
57.2000,1.223815
57.2200,1.226480
57.2400,1.227488
57.2600,1.228762
57.2800,1.228507
57.3000,1.233910
57.3200,1.246564
57.3400,1.249834
57.3600,1.248740
57.3800,1.223284
57.4000,1.185779
57.4200,1.151810
57.4400,1.119135
57.4600,1.092437
57.4800,1.067246
57.5000,1.040930
57.5200,1.016493
57.5400,0.992990
57.5600,0.969540
57.5800,0.956717
57.6000,0.990516
57.6200,1.025697
57.6400,1.050930
57.6600,1.067257
57.6800,1.081290
57.7000,1.091365
57.7200,1.099921
57.7400,1.107203
57.7600,1.115271
57.7800,1.127776
57.8000,1.126980
57.8200,1.121269
57.8400,1.115388
57.8600,1.108965
57.8800,1.101577
57.9000,1.093700
57.9200,1.091375
57.9400,1.091492
57.9600,1.087702
57.9800,1.083382
58.0000,1.029115
58.0200,1.050091
58.0400,1.059369
58.0600,1.067639
58.0800,1.076556
58.1000,1.086067
58.1200,1.095059
58.1400,1.109071
58.1600,1.131598
58.1800,1.148306
58.2000,1.158816
58.2200,1.100727
58.2400,1.113954
58.2600,1.119549
58.2800,1.123211
58.3000,1.126088
58.3200,1.130228
58.3400,1.134145
58.3600,1.136406
58.3800,1.143890
58.4000,1.150918
58.4200,1.145185
58.4400,1.081747
58.4600,1.095844
58.4800,1.107914
58.5000,1.114390
58.5200,1.118647
58.5400,1.124443
58.5600,1.130366
58.5800,1.137415
58.6000,1.148795
58.6200,1.168572
58.6400,1.181544
58.6600,1.117574
58.6800,1.135833
58.7000,1.151916
58.7200,1.160769
58.7400,1.166448
58.7600,1.174442
58.7800,1.184325
58.8000,1.194580
58.8200,1.207595
58.8400,1.231501
58.8600,1.254982
58.8800,1.186576
58.9000,1.187319
58.9200,1.196745
58.9400,1.202393
58.9600,1.202818
58.9800,1.203560
59.0000,1.203561
59.0200,1.202658
59.0400,1.201735
59.0600,1.205217
59.0800,1.214293
59.1000,1.152404
59.1200,1.161523
59.1400,1.172977
59.1600,1.185111
59.1800,1.187690
59.2000,1.186406
59.2200,1.183072
59.2400,1.180504
59.2600,1.178083
59.2800,1.174697
59.3000,1.180981
59.3200,1.126778
59.3400,1.140865
59.3600,1.161480
59.3800,1.188465
59.4000,1.210800
59.4200,1.234229
59.4400,1.258337
59.4600,1.285141
59.4800,1.314091
59.5000,1.343398
59.5200,1.381097
59.5400,1.331012
59.5600,1.362529
59.5800,1.398378
59.6000,1.443229
59.6200,1.495087
59.6400,1.537771
59.6600,1.581774
59.6800,1.624991
59.7000,1.670276
59.7200,1.715412
59.7400,1.749565
59.7600,1.726443
59.7800,1.806145
59.8000,1.875464
59.8200,1.947134
59.8400,2.026144
59.8600,2.087300
59.8800,2.139456
59.9000,2.186208
59.9200,2.228733
59.9400,2.268214
59.9600,2.268193
59.9800,2.187301
60.0000,2.168256
60.0200,2.149774
60.0400,2.132524
60.0600,2.129127
60.0800,2.127227
60.1000,2.115304
60.1200,2.102704
60.1400,2.090348
60.1600,2.078033
60.1800,2.030889
60.2000,2.019383
60.2200,2.062344
60.2400,2.098288
60.2600,2.130529
60.2800,2.165115
60.3000,2.208192
60.3200,2.239287
60.3400,2.256302
60.3600,2.268108
60.3800,2.278246
60.4000,2.219966
60.4200,2.204424
60.4400,2.224434
60.4600,2.242746
60.4800,2.259031
60.5000,2.271207
60.5200,2.294615
60.5400,2.321025
60.5600,2.333935
60.5800,2.340570
60.6000,2.345452
60.6200,2.260941
60.6400,2.222724
60.6600,2.200827
60.6800,2.179933
60.7000,2.161686
60.7200,2.145582
60.7400,2.134299
60.7600,2.135984
60.7800,2.140284
60.8000,2.131886
60.8200,2.123969
60.8400,2.026855
60.8600,2.067652
60.8800,2.096813
60.9000,2.121940
60.9200,2.145954
60.9400,2.166718
60.9600,2.183766
60.9800,2.206240
61.0000,2.241377
61.0200,2.264445
61.0400,2.277428
61.0600,2.161876
61.0800,2.154785
61.1000,2.135145
61.1200,2.113628
61.1400,2.092525
61.1600,2.071547
61.1800,2.049753
61.2000,2.025678
61.2200,2.007673
61.2400,1.992205
61.2600,1.964572
61.2800,1.853174
61.3000,1.829638
61.3200,1.802950
61.3400,1.772240
61.3600,1.745224
61.3800,1.721250
61.4000,1.701985
61.4200,1.684500
61.4400,1.674459
61.4600,1.674088
61.4800,1.676007
61.5000,1.590223
61.5200,1.616008
61.5400,1.645466
61.5600,1.666698
61.5800,1.681582
61.6000,1.694405
61.6200,1.705435
61.6400,1.712908
61.6600,1.717186
61.6800,1.726485
61.7000,1.738376
61.7200,1.656707
61.7400,1.693514
61.7600,1.738173
61.7800,1.778981
61.8000,1.805105
61.8200,1.828747
61.8400,1.850360
61.8600,1.870720
61.8800,1.889892
61.9000,1.908619
61.9200,1.937896
61.9400,1.866294
61.9600,1.918555
61.9800,1.969754
62.0000,2.028447
62.0200,2.074372
62.0400,2.104583
62.0600,2.132960
62.0800,2.159232
62.1000,2.183223
62.1200,2.205230
62.1400,2.218916
62.1600,2.127493
62.1800,2.124277
62.2000,2.120677
62.2200,2.127227
62.2400,2.138331
62.2600,2.138237
62.2800,2.134542
62.3000,2.131028
62.3200,2.128394
62.3400,2.125073
62.3600,2.102289
62.3800,2.055911
62.4000,2.089616
62.4200,2.119710
62.4400,2.149699
62.4600,2.193850
62.4800,2.234786
62.5000,2.252640
62.5200,2.266940
62.5400,2.276473
62.5600,2.280878
62.5800,2.240463
62.6000,2.171730
62.6200,2.154690
62.6400,2.140836
62.6600,2.127843
62.6800,2.125848
62.7000,2.136536
62.7200,2.139341
62.7400,2.134243
62.7600,2.123843
62.7800,2.109382
62.8000,2.042238
62.8200,2.038161
62.8400,2.067259
62.8600,2.088628
62.8800,2.107438
62.9000,2.124169
62.9200,2.154753
62.9400,2.195274
62.9600,2.222344
62.9800,2.250136
63.0000,2.277990
63.0200,2.211822
63.0400,2.217820
63.0600,2.239785
63.0800,2.257449
63.1000,2.270007
63.1200,2.278521
63.1400,2.287449
63.1600,2.303554
63.1800,2.310558
63.2000,2.302724
63.2200,2.292704
63.2400,2.188000
63.2600,2.182236
63.2800,2.174519
63.3000,2.166185
63.3200,2.157906
63.3400,2.148481
63.3600,2.139350
63.3800,2.136590
63.4000,2.141495
63.4200,2.134393
63.4400,2.123151
63.4600,2.012598
63.4800,1.999795
63.5000,1.976527
63.5200,1.952473
63.5400,1.930243
63.5600,1.908937
63.5800,1.889267
63.6000,1.872270
63.6200,1.865326
63.6400,1.859892
63.6600,1.847589
63.6800,1.750733
63.7000,1.814118
63.7200,1.868672
63.7400,1.915931
63.7600,1.965614
63.7800,2.017715
63.8000,2.073087
63.8200,2.130316
63.8400,2.192385
63.8600,2.264635
63.8800,2.323289
63.9000,2.208957
63.9200,2.315262
63.9400,2.413130
63.9600,2.476707
63.9800,2.534254
64.0000,2.588470
64.0200,2.638821
64.0400,2.685826
64.0600,2.731081
64.0800,2.795858
64.1000,2.857941
64.1200,2.702684
64.1400,2.731516
64.1600,2.779096
64.1800,2.813597
64.2000,2.835975
64.2200,2.857844
64.2400,2.878576
64.2600,2.897812
64.2800,2.916220
64.3000,2.944064
64.3200,2.986434
64.3400,2.837481
64.3600,2.876240
64.3800,2.930816
64.4000,2.985731
64.4200,3.014892
64.4400,3.036412
64.4600,3.056263
64.4800,3.075604
64.5000,3.092218
64.5200,3.105722
64.5400,3.131784
64.5600,2.988226
64.5800,3.008249
64.6000,3.027663
64.6200,3.065083
64.6400,3.089798
64.6600,3.097833
64.6800,3.103950
64.7000,3.109130
64.7200,3.113876
64.7400,3.118641
64.7600,3.595899
64.7800,3.600000
64.8000,3.600000
64.8200,3.600000
64.8400,3.600000
64.8600,3.600000
64.8800,3.600000
64.9000,3.600000
64.9200,3.600000
64.9400,3.600000
64.9600,3.600000
64.9800,3.600000
65.0000,3.590100
65.0200,3.600000
65.0400,3.600000
65.0600,3.600000
65.0800,3.600000
65.1000,3.592331
65.1200,3.570155
65.1400,3.543836
65.1600,3.519198
65.1800,3.507117
65.2000,3.488135
65.2200,3.280544
65.2400,3.264173
65.2600,3.263549
65.2800,3.248280
65.3000,3.227178
65.3200,3.208070
65.3400,3.190055
65.3600,3.175352
65.3800,3.163758
65.4000,3.165212
65.4200,3.180435
65.4400,3.013979
65.4600,3.031496
65.4800,3.056485
65.5000,3.090009
65.5200,3.102198
65.5400,3.113970
65.5600,3.126953
65.5800,3.140861
65.6000,3.153357
65.6200,3.165404
65.6400,3.198717
65.6600,3.055529
65.6800,3.099862
65.7000,3.145234
65.7200,3.201073
65.7400,3.249099
65.7600,3.273493
65.7800,3.296211
65.8000,3.314164
65.8200,3.328867
65.8400,3.340226
65.8600,3.345280
65.8800,3.214714
65.9000,3.239046
65.9200,3.245852
65.9400,3.265766
65.9600,3.296393
65.9800,3.303517
66.0000,3.307954
66.0200,3.306891
66.0400,3.303007
66.0600,3.295298
66.0800,3.260278
66.1000,3.154980
66.1200,3.171519
66.1400,3.186467
66.1600,3.197868
66.1800,3.231042
66.2000,3.257866
66.2200,3.262803
66.2400,3.271553
66.2600,3.278399
66.2800,3.284799
66.3000,3.227070
66.3200,3.154660
66.3400,3.172345
66.3600,3.188516
66.3800,3.201616
66.4000,3.225425
66.4200,3.263166
66.4400,3.281275
66.4600,3.289429
66.4800,3.295330
66.5000,3.299800
66.5200,3.210723
66.5400,3.159671
66.5600,3.166933
66.5800,3.175573
66.6000,3.183248
66.6200,3.189439
66.6400,3.212953
66.6600,3.242316
66.6800,3.247932
66.7000,3.254589
66.7200,3.259833
66.7400,3.275194
66.7600,3.308717
66.7800,3.340988
66.8000,3.387827
66.8200,3.428569
66.8400,3.450566
66.8600,3.470452
66.8800,3.485162
66.9000,3.495216
66.9200,3.502679
66.9400,3.515367
66.9600,3.549411
66.9800,3.573169
67.0000,3.580143
67.0200,3.583945
67.0400,3.586193
67.0600,3.585303
67.0800,3.584273
67.1000,3.591874
67.1200,3.600000
67.1400,3.600000
67.1600,3.589592
67.1800,3.534793
67.2000,3.482891
67.2200,3.434472
67.2400,3.386978
67.2600,3.356160
67.2800,3.344238
67.3000,3.319536
67.3200,3.294057
67.3400,3.266319
67.3600,3.256774
67.3800,3.269672
67.4000,3.278928
67.4200,3.304662
67.4400,3.336171
67.4600,3.348028
67.4800,3.351869
67.5000,3.352752
67.5200,3.355481
67.5400,3.359515
67.5600,3.357508
67.5800,3.374217
67.6000,3.399302
67.6200,3.402614
67.6400,3.400076
67.6600,3.397721
67.6800,3.395278
67.7000,3.388940
67.7200,3.384228
67.7400,3.398166
67.7600,3.415524
67.7800,3.375703
67.8000,3.332381
67.8200,3.293260
67.8400,3.258408
67.8600,3.226231
67.8800,3.199331
67.9000,3.203450
67.9200,3.196741
67.9400,3.178515
67.9600,3.160234
67.9800,3.169766
68.0000,3.198334
68.0200,3.223016
68.0400,3.253600
68.0600,3.300163
68.0800,3.335481
68.1000,3.349419
68.1200,3.362752
68.1400,3.373505
68.1600,3.382084
68.1800,3.380343
68.2000,3.371744
68.2200,3.362550
68.2400,3.340363
68.2600,3.309619
68.2800,3.281924
68.3000,3.254790
68.3200,3.229140
68.3400,3.203261
68.3600,3.191052
68.3800,3.193908
68.4000,3.027547
68.4200,3.062377
68.4400,3.093312
68.4600,3.122220
68.4800,3.131561
68.5000,3.137994
68.5200,3.141465
68.5400,3.143017
68.5600,3.144979
68.5800,3.147771
68.6000,3.167824
68.6200,3.010903
68.6400,3.026698
68.6600,3.049808
68.6800,3.089344
68.7000,3.115593
68.7200,3.126328
68.7400,3.139215
68.7600,3.151253
68.7800,3.161508
68.8000,3.167762
68.8200,3.171190
68.8400,3.054373
68.8600,3.099076
68.8800,3.136816
68.9000,3.191190
68.9200,3.245350
68.9400,3.275331
68.9600,3.297911
68.9800,3.313761
69.0000,3.327284
69.0200,3.336222
69.0400,3.309790
69.0600,3.199036
69.0800,3.206603
69.1000,3.203399
69.1200,3.202816
69.1400,3.217421
69.1600,3.225734
69.1800,3.217613
69.2000,3.209874
69.2200,3.203314
69.2400,3.196457
69.2600,3.132898
69.2800,3.042357
69.3000,3.027517
69.3200,3.005030
69.3400,2.984203
69.3600,2.976112
69.3800,2.981676
69.4000,2.970922
69.4200,2.954924
69.4400,2.939214
69.4600,2.925614
69.4800,2.849244
69.5000,2.823576
69.5200,2.853683
69.5400,2.879286
69.5600,2.900910
69.5800,2.923831
69.6000,2.960795
69.6200,2.991283
69.6400,3.003873
69.6600,3.012791
69.6800,3.020616
69.7000,2.925742
69.7200,2.881644
69.7400,2.873121
69.7600,2.864945
69.7800,2.857587
69.8000,2.850082
69.8200,2.854572
69.8400,2.873703
69.8600,2.880040
69.8800,2.876166
69.9000,2.874361
69.9200,2.753574
69.9400,2.809753
69.9600,2.865446
69.9800,2.912313
70.0000,2.953397
70.0200,2.990125
70.0400,3.020508
70.0600,3.068874
70.0800,3.120288
70.1000,3.145151
70.1200,3.164768
70.1400,3.008588
70.1600,3.041837
70.1800,3.057155
70.2000,3.067867
70.2200,3.078078
70.2400,3.086157
70.2600,3.094628
70.2800,3.107579
70.3000,3.136541
70.3200,3.161869
70.3400,3.166445
70.3600,2.988153
70.3800,3.024362
70.4000,3.041380
70.4200,3.047706
70.4400,3.052835
70.4600,3.057568
70.4800,3.061123
70.5000,3.061442
70.5200,3.072782
70.5400,3.106232
70.5600,3.115244
70.5800,2.935742
70.6000,3.016507
70.6200,3.085859
70.6400,3.133068
70.6600,3.169173
70.6800,3.200999
70.7000,3.227454
70.7200,3.249928
70.7400,3.274385
70.7600,3.320639
70.7800,3.362327
70.8000,3.163121
70.8200,3.176117
70.8400,3.197390
70.8600,3.206265
70.8800,3.202157
70.9000,3.196837
70.9200,3.192528
70.9400,3.186805
70.9600,3.180904
70.9800,3.184299
71.0000,3.203261
71.0200,3.030700
71.0400,3.051178
71.0600,3.087123
71.0800,3.126496
71.1000,3.141551
71.1200,3.154385
71.1400,3.162761
71.1600,3.170544
71.1800,3.176594
71.2000,3.185171
71.2200,3.202750
71.2400,3.064850
71.2600,3.117390
71.2800,3.168949
71.3000,3.234661
71.3200,3.292507
71.3400,3.323028
71.3600,3.348749
71.3800,3.369027
71.4000,3.386542
71.4200,3.401235
71.4400,3.400863
71.4600,3.244821
71.4800,3.219620
71.5000,3.192549
71.5200,3.176530
71.5400,3.173706
71.5600,3.161707
71.5800,3.136126
71.6000,3.111657
71.6200,3.087260
71.6400,3.063089
71.6600,3.004969
71.6800,2.909277
71.7000,2.906623
71.7200,2.903056
71.7400,2.900901
71.7600,2.924190
71.7800,2.935868
71.8000,2.935211
71.8200,2.930890
71.8400,2.924861
71.8600,2.918820
71.8800,2.859053
71.9000,2.817078
71.9200,2.851632
71.9400,2.883417
71.9600,2.910008
71.9800,2.942844
72.0000,2.992313
72.0200,3.019159
72.0400,3.030065
72.0600,3.038895
72.0800,3.046104
72.1000,2.964946
72.1200,2.932951
72.1400,2.955434
72.1600,2.976346
72.1800,2.996030
72.2000,3.015974
72.2200,3.061263
72.2400,3.106527
72.2600,3.130870
72.2800,3.151816
72.3000,3.170382
72.3200,3.064651
72.3400,3.090893
72.3600,3.121583
72.3800,3.143674
72.4000,3.161752
72.4200,3.177094
72.4400,3.203237
72.4600,3.239566
72.4800,3.258047
72.5000,3.261362
72.5200,3.261700
72.5400,3.122758
72.5600,3.132803
72.5800,3.148800
72.6000,3.158790
72.6200,3.167359
72.6400,3.174152
72.6600,3.180435
72.6800,3.214461
72.7000,3.246497
72.7200,3.259790
72.7400,3.266520
72.7600,3.101551
72.7800,3.136688
72.8000,3.154565
72.8200,3.168759
72.8400,3.180075
72.8600,3.189768
72.8800,3.196921
72.9000,3.207837
72.9200,3.237496
72.9400,3.258961
72.9600,3.262253
72.9800,3.076030
73.0000,3.095891
73.0200,3.097051
73.0400,3.092941
73.0600,3.088929
73.0800,3.082887
73.1000,3.075626
73.1200,3.069640
73.1400,3.076772
73.1600,3.095795
73.1800,3.095851
73.2000,2.916539
73.2200,2.981209
73.2400,3.030254
73.2600,3.062367
73.2800,3.085414
73.3000,3.103248
73.3200,3.120668
73.3400,3.138749
73.3600,3.160766
73.3800,3.201434
73.4000,3.235425
73.4200,3.046243
73.4400,3.088079
73.4600,3.141763
73.4800,3.171583
73.5000,3.188185
73.5200,3.202420
73.5400,3.214536
73.5600,3.223387
73.5800,3.231159
73.6000,3.251149
73.6200,3.279951
73.6400,3.099098
73.6600,3.128503
73.6800,3.172061
73.7000,3.215915
73.7200,3.235829
73.7400,3.250510
73.7600,3.264959
73.7800,3.275288
73.8000,3.284682
73.8200,3.294812
73.8400,3.322517
73.8600,3.139937
73.8800,3.116506
73.9000,3.097218
73.9200,3.101144
73.9400,3.092652
73.9600,3.072282
73.9800,3.056719
74.0000,3.043865
74.0200,3.029692
74.0400,3.015785
74.0600,3.001200
74.0800,2.873331
74.1000,2.876337
74.1200,2.878545
74.1400,2.900168
74.1600,2.917726
74.1800,2.918096
74.2000,2.920922
74.2200,2.919638
74.2400,2.919235
74.2600,2.918702
74.2800,2.893555
74.3000,2.831580
74.3200,2.904637
74.3400,2.967778
74.3600,3.028757
74.3800,3.105170
74.4000,3.165785
74.4200,3.203992
74.4400,3.238845
74.4600,3.273696
74.4800,3.304216
74.5000,3.269375
74.5200,3.184746
74.5400,3.198600
74.5600,3.209461
74.5800,3.219460
74.6000,3.243792
74.6200,3.273028
74.6400,3.280607
74.6600,3.286191
74.6800,3.288919
74.7000,3.289991
74.7200,3.207972
74.7400,3.162666
74.7600,3.189766
74.7800,3.213228
74.8000,3.233674
74.8200,3.255223
74.8400,3.294173
74.8600,3.329279
74.8800,3.340415
74.9000,3.352508
74.9200,3.359770
74.9400,3.248323
74.9600,3.213228
74.9800,3.215332
75.0000,3.215830
75.0200,3.215396
75.0400,3.214162
75.0600,3.224599
75.0800,3.250012
75.1000,3.265437
75.1200,3.261149
75.1400,3.257941
75.1600,3.116889
75.1800,3.160543
75.2000,3.208493
75.2200,3.249916
75.2400,3.286680
75.2600,3.318165
75.2800,3.345353
75.3000,3.388516
75.3200,3.437295
75.3400,3.459867
75.3600,3.473836
75.3800,3.294800
75.4000,3.309120
75.4200,3.297273
75.4400,3.288571
75.4600,3.280216
75.4800,3.270947
75.5000,3.260245
75.5200,3.253089
75.5400,3.267931
75.5600,3.281711
75.5800,3.273845
75.6000,3.083832
75.6200,3.143801
75.6400,3.180192
75.6600,3.199024
75.6800,3.214322
75.7000,3.228420
75.7200,3.241320
75.7400,3.252295
75.7600,3.268271
75.7800,3.302295
75.8000,3.319187
75.8200,3.122580
75.8400,3.181136
75.8600,3.232803
75.8800,3.261445
75.9000,3.280162
75.9200,3.296254
75.9400,3.312563
75.9600,3.326615
75.9800,3.339357
76.0000,3.368092
76.0200,3.395065
76.0400,3.196889
76.0600,3.227380
76.0800,3.275713
76.1000,3.312454
76.1200,3.330202
76.1400,3.342741
76.1600,3.352742
76.1800,3.362031
76.2000,3.369058
76.2200,3.382200
76.2400,3.417191
76.2600,3.230043
76.2800,3.248186
76.3000,3.279461
76.3200,3.317686
76.3400,3.333210
76.3600,3.341169
76.3800,3.347784
76.4000,3.353835
76.4200,3.357805
76.4400,3.359354
76.4600,3.374376
76.4800,3.218771
76.5000,3.243972
76.5200,3.268620
76.5400,3.310894
76.5600,3.350012
76.5800,3.362594
76.6000,3.376744
76.6200,3.387061
76.6400,3.394037
76.6600,3.400662
76.6800,3.386204
76.7000,3.250905
76.7200,3.256477
76.7400,3.259693
76.7600,3.271117
76.7800,3.298919
76.8000,3.311710
76.8200,3.310766
76.8400,3.309459
76.8600,3.306128
76.8800,3.301987
76.9000,3.253016
76.9200,3.156730
76.9400,3.169480
76.9600,3.180458
76.9800,3.191083
77.0000,3.217921
77.0200,3.247890
77.0400,3.255459
77.0600,3.259714
77.0800,3.262030
77.1000,3.262805
77.1200,3.271201
77.1400,3.307114
77.1600,3.363102
77.1800,3.413940
77.2000,3.437776
77.2200,3.456648
77.2400,3.475237
77.2600,3.491097
77.2800,3.502765
77.3000,3.514793
77.3200,3.546546
77.3400,3.578180
77.3600,3.582904
77.3800,3.585811
77.4000,3.587087
77.4200,3.589009
77.4400,3.590335
77.4600,3.594518
77.4800,3.600000
77.5000,3.600000
77.5200,3.600000
77.5400,3.590950
77.5600,3.526651
77.5800,3.470513
77.6000,3.419238
77.6200,3.375205
77.6400,3.354888
77.6600,3.345374
77.6800,3.309525
77.7000,3.274926
77.7200,3.244917
77.7400,3.235722
77.7600,3.254832
77.7800,3.282220
77.8000,3.326923
77.8200,3.356170
77.8400,3.366882
77.8600,3.376022
77.8800,3.382233
77.9000,3.387796
77.9200,3.392796
77.9400,3.405269
77.9600,3.440194
77.9800,3.463041
78.0000,3.465727
78.0200,3.468719
78.0400,3.472710
78.0600,3.472827
78.0800,3.471182
78.1000,3.480609
78.1200,3.511023
78.1400,3.523932
78.1600,3.465576
78.1800,3.403866
78.2000,3.347402
78.2200,3.297964
78.2400,3.256592
78.2600,3.224344
78.2800,3.209077
78.3000,3.181837
78.3200,3.151741
78.3400,3.127315
78.3600,3.136316
78.3800,3.175276
78.4000,3.207464
78.4200,3.261551
78.4400,3.314003
78.4600,3.343187
78.4800,3.364378
78.5000,3.382775
78.5200,3.398242
78.5400,3.411139
78.5600,3.415628
78.5800,3.397764
78.6000,3.390576
78.6200,3.366967
78.6400,3.338560
78.6600,3.312432
78.6800,3.289620
78.7000,3.269578
78.7200,3.249883
78.7400,3.251383
78.7600,3.259395
78.7800,3.071508
78.8000,3.091136
78.8200,3.123375
78.8400,3.157697
78.8600,3.166254
78.8800,3.172072
78.9000,3.176849
78.9200,0.555226
78.9400,0.560268
78.9600,0.564971
78.9800,0.570491
79.0000,0.574461
79.0200,0.580183
79.0400,0.560141
79.0600,0.577189
79.0800,0.593962
79.1000,0.612889
79.1200,0.629259
79.1400,0.639364
79.1600,0.649237
79.1800,0.657528
79.2000,0.664969
79.2200,0.671636
79.2400,0.673377
79.2600,0.623791
79.2800,0.581733
79.3000,0.543411
79.3200,0.508868
79.3400,0.477913
79.3600,0.449262
79.3800,0.422670
79.4000,0.398944
79.4200,0.376301
79.4400,0.355091
79.4600,0.335336
79.4800,0.341121
79.5000,0.362809
79.5200,0.383063
79.5400,0.402872
79.5600,0.424878
79.5800,0.443200
79.6000,0.456024
79.6200,0.466830
79.6400,0.475429
79.6600,0.480407
79.6800,0.474813
79.7000,0.491469
79.7200,0.529356
79.7400,0.563368
79.7600,0.593728
79.7800,0.623898
79.8000,0.653780
79.8200,0.680744
79.8400,0.701476
79.8600,0.722092
79.8800,0.739628
79.9000,0.731412
79.9200,0.724002
79.9400,0.730361
79.9600,0.734023
79.9800,0.737526
80.0000,0.741030
80.0200,0.751242
80.0400,0.763906
80.0600,0.776294
80.0800,0.789659
80.1000,0.804479
80.1200,0.791878
80.1400,0.771794
80.1600,0.763184
80.1800,0.755584
80.2000,0.750594
80.2200,0.749299
80.2400,0.750658
80.2600,0.753556
80.2800,0.754352
80.3000,0.755775
80.3200,0.757548
80.3400,0.732144
80.3600,0.742463
80.3800,0.755998
80.4000,0.765774
80.4200,0.770934
80.4400,0.773577
80.4600,0.776953
80.4800,0.781656
80.5000,0.783354
80.5200,0.783439
80.5400,0.784851
80.5600,0.754416
80.5800,0.748269
80.6000,0.743832
80.6200,0.738790
80.6400,0.732410
80.6600,0.724682
80.6800,0.719055
80.7000,0.720021
80.7200,0.726720
80.7400,0.732038
80.7600,0.735393
80.7800,0.700659
80.8000,0.716646
80.8200,0.725446
80.8400,0.732941
80.8600,0.740329
80.8800,0.748312
80.9000,0.756327
80.9200,0.765668
80.9400,0.783619
80.9600,0.796432
80.9800,0.802027
81.0000,0.761995
81.0200,0.742081
81.0400,0.720818
81.0600,0.701879
81.0800,0.685436
81.1000,0.670659
81.1200,0.658961
81.1400,0.649693
81.1600,0.646021
81.1800,0.643791
81.2000,0.637655
81.2200,0.601074
81.2400,0.565045
81.2600,0.534250
81.2800,0.508581
81.3000,0.488709
81.3200,0.471660
81.3400,0.457117
81.3600,0.444102
81.3800,0.432117
81.4000,0.419718
81.4200,0.405791
81.4400,0.383923
81.4600,0.393350
81.4800,0.399899
81.5000,0.402362
81.5200,0.401991
81.5400,0.401916
81.5600,0.402575
81.5800,0.402500
81.6000,0.405504
81.6200,0.411438
81.6400,0.418360
81.6600,0.397288
81.6800,0.409772
81.7000,0.424230
81.7200,0.436810
81.7400,0.447881
81.7600,0.458157
81.7800,0.468699
81.8000,0.479463
81.8200,0.489197
81.8400,0.501288
81.8600,0.514335
81.8800,0.490142
81.9000,0.501479
81.9200,0.513708
81.9400,0.524324
81.9600,0.528846
81.9800,0.531553
82.0000,0.533453
82.0200,0.533835
82.0400,0.533761
82.0600,0.533464
82.0800,0.535534
82.1000,0.524600
82.1200,0.565056
82.1400,0.602805
82.1600,0.642061
82.1800,0.675479
82.2000,0.702432
82.2200,0.726210
82.2400,0.748312
82.2600,0.768492
82.2800,0.786592
82.3000,0.801061
82.3200,0.762887
82.3400,0.752600
82.3600,0.742282
82.3800,0.735276
82.4000,0.731147
82.4200,0.723864
82.4400,0.716041
82.4600,0.708833
82.4800,0.702198
82.5000,0.696020
82.5200,0.685277
82.5400,0.668547
82.5600,0.680288
82.5800,0.691466
82.6000,0.701561
82.6200,0.715658
82.6400,0.727803
82.6600,0.733588
82.6800,0.740403
82.7000,0.745679
82.7200,0.749426
82.7400,0.740563
82.7600,0.728057
82.7800,0.736974
82.8000,0.744894
82.8200,0.752919
82.8400,0.762929
82.8600,0.774511
82.8800,0.781783
82.9000,0.786209
82.9200,0.790042
82.9400,0.793598
82.9600,0.777452
82.9800,0.745223
83.0000,0.724788
83.0200,0.705478
83.0400,0.687687
83.0600,0.672634
83.0800,0.661148
83.1000,0.651403
83.1200,0.641562
83.1400,0.631371
83.1600,0.622719
83.1800,0.599503
83.2000,0.591924
83.2200,0.590682
83.2400,0.589960
83.2600,0.589376
83.2800,0.588028
83.3000,0.590565
83.3200,0.593930
83.3400,0.594344
83.3600,0.593272
83.3800,0.591913
83.4000,0.569228
83.4200,0.596679
83.4400,0.625097
83.4600,0.650500
83.4800,0.673377
83.5000,0.693164
83.5200,0.711848
83.5400,0.734639
83.5600,0.755000
83.5800,0.769989
83.6000,0.782388
83.6200,0.750584
83.6400,0.726444
83.6600,0.701922
83.6800,0.680946
83.7000,0.662570
83.7200,0.644757
83.7400,0.629036
83.7600,0.616934
83.7800,0.607783
83.8000,0.598293
83.8200,0.588017
83.8400,0.555555
83.8600,0.592677
83.8800,0.620522
83.9000,0.643589
83.9200,0.664003
83.9400,0.682198
83.9600,0.698748
83.9800,0.714841
84.0000,0.733079
84.0200,0.751327
84.0400,0.762738
84.0600,0.723525
84.0800,0.744023
84.1000,0.760902
84.1200,0.772473
84.1400,0.782303
84.1600,0.790742
84.1800,0.798789
84.2000,0.804999
84.2200,0.811825
84.2400,0.822748
84.2600,0.831644
84.2800,0.785371
84.3000,0.788428
84.3200,0.794500
84.3400,0.797950
84.3600,0.798991
84.3800,0.800264
84.4000,0.802037
84.4200,0.803332
84.4400,0.804638
84.4600,0.809755
84.4800,0.812334
84.5000,0.765467
84.5200,0.755265
84.5400,0.746582
84.5600,0.734841
84.5800,0.712973
84.6000,0.685723
84.6200,0.657708
84.6400,0.638484
84.6600,0.629779
84.6800,0.631159
84.7000,0.640522
84.7200,0.618101
84.7400,0.641540
84.7600,0.661360
84.7800,0.678610
84.8000,0.682878
84.8200,0.682867
84.8400,0.680054
84.8600,0.674608
84.8800,0.668929
84.9000,0.665288
84.9200,0.667475
84.9400,0.631212
84.9600,0.662729
84.9800,0.677028
85.0000,0.688737
85.0200,0.698642
85.0400,0.707962
85.0600,0.718153
85.0800,0.730276
85.1000,0.746475
85.1200,0.770902
85.1400,0.793056
85.1600,0.749777
85.1800,0.802069
85.2000,0.819415
85.2200,0.837398
85.2400,0.855561
85.2600,0.872694
85.2800,0.889000
85.3000,0.906792
85.3200,0.926982
85.3400,0.939466
85.3600,0.948967
85.3800,0.959636
85.4000,0.963925
85.4200,0.957736
85.4400,0.953702
85.4600,0.955305
85.4800,0.951345
85.5000,0.943468
85.5200,0.933766
85.5400,0.922672
85.5600,0.908681
85.5800,0.891961
85.6000,0.875964
85.6200,0.855327
85.6400,0.830657
85.6600,0.804840
85.6800,0.779691
85.7000,0.755785
85.7200,0.734458
85.7400,0.716264
85.7600,0.705744
85.7800,0.701051
85.8000,0.672973
85.8200,0.648770
85.8400,0.627889
85.8600,0.609503
85.8800,0.593845
85.9000,0.580193
85.9200,0.570385
85.9400,0.566701
85.9600,0.562890
85.9800,0.561797
86.0000,0.580236
86.0200,0.606127
86.0400,0.627518
86.0600,0.645574
86.0800,0.664587
86.1000,0.681731
86.1200,0.689279
86.1400,0.692697
86.1600,0.692421
86.1800,0.688366
86.2000,0.673302
86.2200,0.639311
86.2400,0.605586
86.2600,0.572211
86.2800,0.539016
86.3000,0.509324
86.3200,0.482446
86.3400,0.457807
86.3600,0.437085
86.3800,0.419655
86.4000,0.405855
86.4200,0.450811
86.4400,0.486904
86.4600,0.521872
86.4800,0.553708
86.5000,0.582264
86.5200,0.606669
86.5400,0.630585
86.5600,0.657984
86.5800,0.680213
86.6000,0.698015
86.6200,0.675839
86.6400,0.638483
86.6600,0.605129
86.6800,0.574833
86.7000,0.547285
86.7200,0.523591
86.7400,0.499632
86.7600,0.475131
86.7800,0.452138
86.8000,0.429591
86.8200,0.421056
86.8400,0.442659
86.8600,0.466055
86.8800,0.489250
86.9000,0.506235
86.9200,0.520672
86.9400,0.533443
86.9600,0.545735
86.9800,0.557625
87.0000,0.568368
87.0200,0.580024
87.0400,0.553230
87.0600,0.553963
87.0800,0.555258
87.1000,0.560353
87.1200,0.565353
87.1400,0.568304
87.1600,0.572296
87.1800,0.576882
87.2000,0.583134
87.2200,0.589344
87.2400,0.595066
87.2600,0.558368
87.2800,0.532933
87.3000,0.510152
87.3200,0.490598
87.3400,0.474272
87.3600,0.458826
87.3800,0.444272
87.4000,0.429941
87.4200,0.417181
87.4400,0.405897
87.4600,0.392405
87.4800,0.372097
87.5000,0.358605
87.5200,0.345028
87.5400,0.332735
87.5600,0.321217
87.5800,0.309710
87.6000,0.297608
87.6200,0.286016
87.6400,0.274604
87.6600,0.263086
87.6800,0.251409
87.7000,0.250836
87.7200,0.258278
87.7400,0.263320
87.7600,0.268044
87.7800,0.274084
87.8000,0.279148
87.8200,0.282619
87.8400,0.284859
87.8600,0.287491
87.8800,0.290167
87.9000,0.286366
87.9200,0.309444
87.9400,0.344953
87.9600,0.377447
87.9800,0.406958
88.0000,0.434708
88.0200,0.466777
88.0400,0.492053
88.0600,0.511362
88.0800,0.528358
88.1000,0.545183
88.1200,0.540693
88.1400,0.570767
88.1600,0.728832
88.1800,0.752399
88.2000,0.743089
88.2200,0.736688
88.2400,0.726815
88.2600,0.717622
88.2800,0.708758
88.3000,0.700638
88.3200,0.691901
88.3400,0.680521
88.3600,0.661031
88.3800,0.668748
88.4000,0.674873
88.4200,0.684247
88.4400,0.695425
88.4600,0.701604
88.4800,0.705032
88.5000,0.707495
88.5200,0.711455
88.5400,0.715828
88.5600,0.709013
88.5800,0.678982
88.6000,0.665574
88.6200,0.652666
88.6400,0.642008
88.6600,0.636169
88.6800,0.627709
88.7000,0.616573
88.7200,0.606329
88.7400,0.595894
88.7600,0.586181
88.7800,0.570119
88.8000,0.574164
88.8200,0.600076
88.8400,0.624099
88.8600,0.647337
88.8800,0.674470
88.9000,0.703822
88.9200,0.726115
88.9400,0.746497
88.9600,0.765106
88.9800,0.783524
89.0000,0.777314
89.0200,0.725637
89.0400,0.681370
89.0600,0.641222
89.0800,0.604259
89.1000,0.570088
89.1200,0.539833
89.1400,0.511023
89.1600,0.483252
89.1800,0.458295
89.2000,0.434644
89.2200,0.409156
89.2400,0.411162
89.2600,0.418423
89.2800,0.424028
89.3000,0.429379
89.3200,0.434495
89.3400,0.440026
89.3600,0.446629
89.3800,0.449962
89.4000,0.453911
89.4200,0.456268
89.4400,0.441225
89.4600,0.512052
89.4800,0.586531
89.5000,0.656020
89.5200,0.718440
89.5400,0.775297
89.5600,0.828842
89.5800,0.882907
89.6000,0.928362
89.6200,0.964392
89.6400,0.996896
89.6600,0.972077
89.6800,0.901208
89.7000,0.838045
89.7200,0.780212
89.7400,0.727590
89.7600,0.680139
89.7800,0.636498
89.8000,0.597178
89.8200,0.562986
89.8400,0.531415
89.8600,0.502371
89.8800,0.470864
89.9000,0.487180
89.9200,0.501193
89.9400,0.515609
89.9600,0.528422
89.9800,0.541744
90.0000,0.555342
90.0200,0.571202
90.0400,0.592242
90.0600,0.610161
90.0800,0.624099
90.1000,0.597306
90.1200,0.688939
90.1400,0.762367
90.1600,0.826994
90.1800,0.885327
90.2000,0.938585
90.2200,0.986822
90.2400,1.031259
90.2600,1.082744
90.2800,1.130759
90.3000,1.163487
90.3200,1.109889
90.3400,1.157404
90.3600,1.194739
90.3800,1.222626
90.4000,1.247679
90.4200,1.270354
90.4400,1.290004
90.4600,1.307382
90.4800,1.331988
90.5000,1.358485
90.5200,1.373164
90.5400,1.297465
90.5600,1.220736
90.5800,1.152425
90.6000,1.089613
90.6200,1.032989
90.6400,0.981557
90.6600,0.935252
90.6800,0.893257
90.7000,0.856187
90.7200,0.825041
90.7400,0.795477
90.7600,0.754564
90.7800,0.786634
90.8000,0.818045
90.8200,0.842313
90.8400,0.861803
90.8600,0.880752
90.8800,0.899998
90.9000,0.918256
90.9200,0.937311
90.9400,0.962629
90.9600,0.989858
90.9800,0.943978
91.0000,0.976706
91.0200,1.013106
91.0400,1.042756
91.0600,1.062225
91.0800,1.078817
91.1000,1.094040
91.1200,1.108434
91.1400,1.119814
91.1600,1.135504
91.1800,1.152054
91.2000,1.099135
91.2200,1.121215
91.2400,1.148147
91.2600,1.178954
91.2800,1.196788
91.3000,1.211512
91.3200,1.224176
91.3400,1.236649
91.3600,1.249622
91.3800,1.261745
91.4000,1.282647
91.4200,1.206565
91.4400,1.172276
91.4600,1.145217
91.4800,1.123551
91.5000,1.101152
91.5200,1.076725
91.5400,1.055080
91.5600,1.035431
91.5800,1.017682
91.6000,1.002257
91.6200,0.988287
91.6400,0.953776
91.6600,0.967566
91.6800,0.981122
91.7000,0.997863
91.7200,1.015039
91.7400,1.022406
91.7600,1.029486
91.7800,1.036153
91.8000,1.041100
91.8200,1.044019
91.8400,1.044804
91.8600,1.002257
91.8800,1.000272
91.9000,0.998234
91.9200,1.001058
91.9400,1.006440
91.9600,1.005272
91.9800,1.004221
92.0000,1.004349
92.0200,1.004922
92.0400,1.003945
92.0600,0.995315
92.0800,0.983744
92.1000,1.018234
92.1200,1.048520
92.1400,1.076057
92.1600,1.106736
92.1800,1.131396
92.2000,1.149103
92.2200,1.164846
92.2400,1.178327
92.2600,1.190769
92.2800,1.184336
92.3000,1.121120
92.3200,1.079273
92.3400,1.040919
92.3600,1.005909
92.3800,0.976992
92.4000,0.951727
92.4200,0.925135
92.4400,0.900359
92.4600,0.877195
92.4800,0.855741
92.5000,0.824351
92.5200,0.833077
92.5400,0.862535
92.5600,0.888214
92.5800,0.911781
92.6000,0.934445
92.6200,0.962067
92.6400,1.087691
92.6600,1.338209
92.6800,1.332870
92.7000,1.315874
92.7200,1.288560
92.7400,1.227148
92.7600,1.192425
92.7800,1.160419
92.8000,1.133307
92.8200,1.113593
92.8400,1.095207
92.8600,1.073573
92.8800,1.052522
92.9000,1.034210
92.9200,1.017629
92.9400,0.990676
92.9600,0.994901
92.9800,1.035028
93.0000,1.066906
93.0200,1.094347
93.0400,1.126884
93.0600,1.161088
93.0800,1.183699
93.1000,1.203359
93.1200,1.220440
93.1400,1.236819
93.1600,1.224293
93.1800,1.173635
93.2000,1.145525
93.2200,1.120058
93.2400,1.096375
93.2600,1.076726
93.2800,1.063944
93.3000,1.046960
93.3200,1.030378
93.3400,1.015410
93.3600,1.000888
93.3800,0.967958
93.4000,0.967481
93.4200,0.979816
93.4400,0.988691
93.4600,0.996514
93.4800,1.003584
93.5000,1.018616
93.5200,1.032002
93.5400,1.036397
93.5600,1.042618
93.5800,1.048095
93.6000,1.019200
93.6200,0.965931
93.6400,0.922142
93.6600,0.882578
93.6800,0.846485
93.7000,0.812472
93.7200,0.781730
93.7400,0.756295
93.7600,0.731508
93.7800,0.708270
93.8000,0.687081
93.8200,0.653844
93.8400,0.715446
93.8600,0.775912
93.8800,0.829850
93.9000,0.878321
93.9200,0.922471
93.9400,0.963330
93.9600,1.009264
93.9800,1.051439
94.0000,1.081715
94.0200,1.109294
94.0400,1.068658
94.0600,1.128774
94.0800,1.172829
94.1000,1.213454
94.1200,1.250885
94.1400,1.283888
94.1600,1.315396
94.1800,1.347423
94.2000,1.386754
94.2200,1.418271
94.2400,1.440520
94.2600,1.372422
94.2800,1.348007
94.3000,1.310311
94.3200,1.277381
94.3400,1.247732
94.3600,1.221448
94.3800,1.197478
94.4000,1.179028
94.4200,1.166438
94.4400,1.248666
94.4600,1.420119
94.4800,1.350204
94.5000,1.340916
94.5200,1.324631
94.5400,1.310609
94.5600,1.298889
94.5800,1.289451
94.6000,1.280470
94.6200,1.280025
94.6400,1.284101
94.6600,1.280917
94.6800,1.278358
94.7000,1.216586
94.7200,1.273719
94.7400,1.314886
94.7600,1.350247
94.7800,1.380808
94.8000,1.407391
94.8200,1.430002
94.8400,1.449833
94.8600,1.477974
94.8800,1.498081
94.9000,1.510712
94.9200,1.436054
94.9400,1.468155
94.9600,1.480905
94.9800,1.488718
95.0000,1.493919
95.0200,1.497740
95.0400,1.500670
95.0600,1.500468
95.0800,1.509513
95.1000,1.520501
95.1200,1.520309
95.1400,1.436679
95.1600,1.486848
95.1800,1.489620
95.2000,1.491371
95.2200,1.491594
95.2400,1.490968
95.2600,1.488736
95.2800,1.496922
95.3000,1.507274
95.3200,1.508718
95.3400,1.508587
95.3600,1.437412
95.3800,1.471616
95.4000,1.471944
95.4200,1.471032
95.4400,1.469756
95.4600,1.467432
95.4800,1.470416
95.5000,1.479937
95.5200,1.479502
95.5400,1.477232
95.5600,1.474249
95.5800,1.418113
95.6000,1.426021
95.6200,1.430225
95.6400,1.428347
95.6600,1.425746
95.6800,1.429120
95.7000,1.438962
95.7200,1.439280
95.7400,1.439514
95.7600,1.437030
95.7800,1.435639
95.8000,1.440700
95.8200,1.468048
95.8400,1.481924
95.8600,1.497707
95.8800,1.499068
95.9000,1.497899
95.9200,1.494002
95.9400,1.488612
95.9600,1.480861
95.9800,1.475638
96.0000,1.474024
96.0200,1.475500
96.0400,1.462741
96.0600,1.450923
96.0800,1.439386
96.1000,1.428698
96.1200,1.420075
96.1400,1.417413
96.1600,1.420850
96.1800,1.409800
96.2000,1.393718
96.2200,1.361500
96.2400,1.322179
96.2600,1.284950
96.2800,1.253051
96.3000,1.225959
96.3200,1.202796
96.3400,1.176172
96.3600,1.149389
96.3800,1.126460
96.4000,1.107723
96.4200,1.099400
96.4400,1.118158
96.4600,1.135897
96.4800,1.147627
96.5000,1.153784
96.5200,1.159517
96.5400,1.163933
96.5600,1.168136
96.5800,1.172393
96.6000,1.182648
96.6200,1.200185
96.6400,1.219102
96.6600,1.223815
96.6800,1.226480
96.7000,1.227488
96.7200,1.228762
96.7400,1.228507
96.7600,1.233910
96.7800,1.246564
96.8000,1.249834
96.8200,1.248740
96.8400,1.223284
96.8600,1.185779
96.8800,1.151810
96.9000,1.119135
96.9200,1.092437
96.9400,1.067246
96.9600,1.040930
96.9800,1.016493
97.0000,0.992990
97.0200,0.969540
97.0400,0.956717
97.0600,0.990516
97.0800,1.025697
97.1000,1.050930
97.1200,1.067257
97.1400,1.081290
97.1600,1.091365
97.1800,1.099921
97.2000,1.107203
97.2200,1.115271
97.2400,1.127776
97.2600,1.126980
97.2800,1.121269
97.3000,1.115388
97.3200,1.108965
97.3400,1.101577
97.3600,1.093700
97.3800,1.091375
97.4000,1.091492
97.4200,1.087702
97.4400,1.083382
97.4600,1.029115
97.4800,1.050091
97.5000,1.059369
97.5200,1.067639
97.5400,1.076556
97.5600,1.086067
97.5800,1.095059
97.6000,1.109071
97.6200,1.131598
97.6400,1.148306
97.6600,1.158816
97.6800,1.100727
97.7000,1.113954
97.7200,1.119549
97.7400,1.123211
97.7600,1.126088
97.7800,1.130228
97.8000,1.134145
97.8200,1.136406
97.8400,1.143890
97.8600,1.150918
97.8800,1.145185
97.9000,1.081747
97.9200,1.095844
97.9400,1.107914
97.9600,1.114390
97.9800,1.118647
98.0000,1.124443
98.0200,1.130366
98.0400,1.137415
98.0600,1.148795
98.0800,1.168572
98.1000,1.181544
98.1200,1.117574
98.1400,1.135833
98.1600,1.151916
98.1800,1.160769
98.2000,1.166448
98.2200,1.174442
98.2400,1.184325
98.2600,1.194580
98.2800,1.207595
98.3000,1.231501
98.3200,1.254982
98.3400,1.186576
98.3600,1.187319
98.3800,1.196745
98.4000,1.202393
98.4200,1.202818
98.4400,1.203560
98.4600,1.203561
98.4800,1.202658
98.5000,1.201735
98.5200,1.205217
98.5400,1.214293
98.5600,1.152404
98.5800,1.161523
98.6000,1.172977
98.6200,1.185111
98.6400,1.187690
98.6600,1.186406
98.6800,1.183072
98.7000,1.180504
98.7200,1.178083
98.7400,1.174697
98.7600,1.180981
98.7800,1.126778
98.8000,1.140865
98.8200,1.161480
98.8400,1.188465
98.8600,1.210800
98.8800,1.234229
98.9000,1.258337
98.9200,1.285141
98.9400,1.314091
98.9600,1.343398
98.9800,1.381097
99.0000,1.331012
99.0200,1.362529
99.0400,1.398378
99.0600,1.443229
99.0800,1.495087
99.1000,1.537771
99.1200,1.581774
99.1400,1.624991
99.1600,1.670276
99.1800,1.715412
99.2000,1.749565
99.2200,1.726443
99.2400,1.806145
99.2600,1.875464
99.2800,1.947134
99.3000,2.026144
99.3200,2.087300
99.3400,2.139456
99.3600,2.186208
99.3800,2.228733
99.4000,2.268214
99.4200,2.268193
99.4400,2.187301
99.4600,2.168256
99.4800,2.149774
99.5000,2.132524
99.5200,2.129127
99.5400,2.127227
99.5600,2.115304
99.5800,2.102704
99.6000,2.090348
99.6200,2.078033
99.6400,2.030889
99.6600,2.019383
99.6800,2.062344
99.7000,2.098288
99.7200,2.130529
99.7400,2.165115
99.7600,2.208192
99.7800,2.239287
99.8000,2.256302
99.8200,2.268108
99.8400,2.278246
99.8600,2.219966
99.8800,2.204424
99.9000,2.224434
99.9200,2.242746
99.9400,2.259031
99.9600,2.271207
99.9800,2.294615
100.0000,2.321025
100.0200,2.333935
100.0400,2.340570
100.0600,2.345452
100.0800,2.260941
100.1000,2.222724
100.1200,2.200827
100.1400,2.179933
100.1600,2.161686
100.1800,2.145582
100.2000,2.134299
100.2200,2.135984
100.2400,2.140284
100.2600,2.131886
100.2800,2.123969
100.3000,2.026855
100.3200,2.067652
100.3400,2.096813
100.3600,2.121940
100.3800,2.145954
100.4000,2.166718
100.4200,2.183766
100.4400,2.206240
100.4600,2.241377
100.4800,2.264445
100.5000,2.277428
100.5200,2.161876
100.5400,2.154785
100.5600,2.135145
100.5800,2.113628
100.6000,2.092525
100.6200,2.071547
100.6400,2.049753
100.6600,2.025678
100.6800,2.007673
100.7000,1.992205
100.7200,1.964572
100.7400,1.853174
100.7600,1.829638
100.7800,1.802950
100.8000,1.772240
100.8200,1.745224
100.8400,1.721250
100.8600,1.701985
100.8800,1.684500
100.9000,1.674459
100.9200,1.674088
100.9400,1.676007
100.9600,1.590223
100.9800,1.616008
101.0000,1.645466
101.0200,1.666698
101.0400,1.681582
101.0600,1.694405
101.0800,1.705435
101.1000,1.712908
101.1200,1.717186
101.1400,1.726485
101.1600,1.738376
101.1800,1.656707
101.2000,1.693514
101.2200,1.738173
101.2400,1.778981
101.2600,1.805105
101.2800,1.828747
101.3000,1.850360
101.3200,1.870720
101.3400,1.889892
101.3600,1.908619
101.3800,1.937896
101.4000,1.866294
101.4200,1.918555
101.4400,1.969754
101.4600,2.028447
101.4800,2.074372
101.5000,2.104583
101.5200,2.132960
101.5400,2.159232
101.5600,2.183223
101.5800,2.205230
101.6000,2.218916
101.6200,2.127493
101.6400,2.124277
101.6600,2.120677
101.6800,2.127227
101.7000,2.138331
101.7200,2.138237
101.7400,2.134542
101.7600,2.131028
101.7800,2.128394
101.8000,2.125073
101.8200,2.102289
101.8400,2.055911
101.8600,2.089616
101.8800,2.119710
101.9000,2.149699
101.9200,2.193850
101.9400,2.234786
101.9600,2.252640
101.9800,2.266940
102.0000,2.276473
102.0200,2.280878
102.0400,2.240463
102.0600,2.171730
102.0800,2.154690
102.1000,2.140836
102.1200,2.127843
102.1400,2.125848
102.1600,2.136536
102.1800,2.139341
102.2000,2.134243
102.2200,2.123843
102.2400,2.109382
102.2600,2.042238
102.2800,2.038161
102.3000,2.067259
102.3200,2.088628
102.3400,2.107438
102.3600,2.124169
102.3800,2.154753
102.4000,2.195274
102.4200,2.222344
102.4400,2.250136
102.4600,2.277990
102.4800,2.211822
102.5000,2.217820
102.5200,2.239785
102.5400,2.257449
102.5600,2.270007
102.5800,2.278521
102.6000,2.287449
102.6200,2.303554
102.6400,2.310558
102.6600,2.302724
102.6800,2.292704
102.7000,2.188000
102.7200,2.182236
102.7400,2.174519
102.7600,2.166185
102.7800,2.157906
102.8000,2.148481
102.8200,2.139350
102.8400,2.136590
102.8600,2.141495
102.8800,2.134393
102.9000,2.123151
102.9200,2.012598
102.9400,1.999795
102.9600,1.976527
102.9800,1.952473
103.0000,1.930243
103.0200,1.908937
103.0400,1.889267
103.0600,1.872270
103.0800,1.865326
103.1000,1.859892
103.1200,1.847589
103.1400,1.750733
103.1600,1.814118
103.1800,1.868672
103.2000,1.915931
103.2200,1.965614
103.2400,2.017715
103.2600,2.073087
103.2800,2.130316
103.3000,2.192385
103.3200,2.264635
103.3400,2.323289
103.3600,2.208957
103.3800,2.315262
103.4000,2.413130
103.4200,2.476707
103.4400,2.534254
103.4600,2.588470
103.4800,2.638821
103.5000,2.685826
103.5200,2.731081
103.5400,2.795858
103.5600,2.857941
103.5800,2.702684
103.6000,2.731516
103.6200,2.779096
103.6400,2.813597
103.6600,2.835975
103.6800,2.857844
103.7000,2.878576
103.7200,2.897812
103.7400,2.916220
103.7600,2.944064
103.7800,2.986434
103.8000,2.837481
103.8200,2.876240
103.8400,2.930816
103.8600,2.985731
103.8800,3.014892
103.9000,3.036412
103.9200,3.056263
103.9400,3.075604
103.9600,3.092218
103.9800,3.105722
104.0000,3.131784
104.0200,2.988226
104.0400,3.008249
104.0600,3.027663
104.0800,3.065083
104.1000,3.089798
104.1200,3.097833
104.1400,3.103950
104.1600,3.109130
104.1800,3.113876
104.2000,3.118641
104.2200,3.595899
104.2400,3.600000
104.2600,3.600000
104.2800,3.600000
104.3000,3.600000
104.3200,3.600000
104.3400,3.600000
104.3600,3.600000
104.3800,3.600000
104.4000,3.600000
104.4200,3.600000
104.4400,3.600000
104.4600,3.590100
104.4800,3.600000
104.5000,3.600000
104.5200,3.600000
104.5400,3.600000
104.5600,3.592331
104.5800,3.570155
104.6000,3.543836
104.6200,3.519198
104.6400,3.507117
104.6600,3.488135
104.6800,3.280544
104.7000,3.264173
104.7200,3.263549
104.7400,3.248280
104.7600,3.227178
104.7800,3.208070
104.8000,3.190055
104.8200,3.175352
104.8400,3.163758
104.8600,3.165212
104.8800,3.180435
104.9000,3.013979
104.9200,3.031496
104.9400,3.056485
104.9600,3.090009
104.9800,3.102198
105.0000,3.113970
105.0200,3.126953
105.0400,3.140861
105.0600,3.153357
105.0800,3.165404
105.1000,3.198717
105.1200,3.055529
105.1400,3.099862
105.1600,3.145234
105.1800,3.201073
105.2000,3.249099
105.2200,3.273493
105.2400,3.296211
105.2600,3.314164
105.2800,3.328867
105.3000,3.340226
105.3200,3.345280
105.3400,3.214714
105.3600,3.239046
105.3800,3.245852
105.4000,3.265766
105.4200,3.296393
105.4400,3.303517
105.4600,3.307954
105.4800,3.306891
105.5000,3.303007
105.5200,3.295298
105.5400,3.260278
105.5600,3.154980
105.5800,3.171519
105.6000,3.186467
105.6200,3.197868
105.6400,3.231042
105.6600,3.257866
105.6800,3.262803
105.7000,3.271553
105.7200,3.278399
105.7400,3.284799
105.7600,3.227070
105.7800,3.154660
105.8000,3.172345
105.8200,3.188516
105.8400,3.201616
105.8600,3.225425
105.8800,3.263166
105.9000,3.281275
105.9200,3.289429
105.9400,3.295330
105.9600,3.299800
105.9800,3.210723
106.0000,3.159671
106.0200,3.166933
106.0400,3.175573
106.0600,3.183248
106.0800,3.189439
106.1000,3.212953
106.1200,3.242316
106.1400,3.247932
106.1600,3.254589
106.1800,3.259833
106.2000,3.275194
106.2200,3.308717
106.2400,3.340988
106.2600,3.387827
106.2800,3.428569
106.3000,3.450566
106.3200,3.470452
106.3400,3.485162
106.3600,3.495216
106.3800,3.502679
106.4000,3.515367
106.4200,3.549411
106.4400,3.573169
106.4600,3.580143
106.4800,3.583945
106.5000,3.586193
106.5200,3.585303
106.5400,3.584273
106.5600,3.591874
106.5800,3.600000
106.6000,3.600000
106.6200,3.589592
106.6400,3.534793
106.6600,3.482891
106.6800,3.434472
106.7000,3.386978
106.7200,3.356160
106.7400,3.344238
106.7600,3.319536
106.7800,3.294057
106.8000,3.266319
106.8200,3.256774
106.8400,3.269672
106.8600,3.278928
106.8800,3.304662
106.9000,3.336171
106.9200,3.348028
106.9400,3.351869
106.9600,3.352752
106.9800,3.355481
107.0000,3.359515
107.0200,3.357508
107.0400,3.374217
107.0600,3.399302
107.0800,3.402614
107.1000,3.400076
107.1200,3.397721
107.1400,3.395278
107.1600,3.388940
107.1800,3.384228
107.2000,3.398166
107.2200,3.415524
107.2400,3.375703
107.2600,3.332381
107.2800,3.293260
107.3000,3.258408
107.3200,3.226231
107.3400,3.199331
107.3600,3.203450
107.3800,3.196741
107.4000,3.178515
107.4200,3.160234
107.4400,3.169766
107.4600,3.198334
107.4800,3.223016
107.5000,3.253600
107.5200,3.300163
107.5400,3.335481
107.5600,3.349419
107.5800,3.362752
107.6000,3.373505
107.6200,3.382084
107.6400,3.380343
107.6600,3.371744
107.6800,3.362550
107.7000,3.340363
107.7200,3.309619
107.7400,3.281924
107.7600,3.254790
107.7800,3.229140
107.8000,3.203261
107.8200,3.191052
107.8400,3.193908
107.8600,3.027547
107.8800,3.062377
107.9000,3.093312
107.9200,3.122220
107.9400,3.131561
107.9600,3.137994
107.9800,3.141465
108.0000,3.143017
108.0200,3.144979
108.0400,3.147771
108.0600,3.167824
108.0800,3.010903
108.1000,3.026698
108.1200,3.049808
108.1400,3.089344
108.1600,3.115593
108.1800,3.126328
108.2000,3.139215
108.2200,3.151253
108.2400,3.161508
108.2600,3.167762
108.2800,3.171190
108.3000,3.054373
108.3200,3.099076
108.3400,3.136816
108.3600,3.191190
108.3800,3.245350
108.4000,3.275331
108.4200,3.297911
108.4400,3.313761
108.4600,3.327284
108.4800,3.336222
108.5000,3.309790
108.5200,3.199036
108.5400,3.206603
108.5600,3.203399
108.5800,3.202816
108.6000,3.217421
108.6200,3.225734
108.6400,3.217613
108.6600,3.209874
108.6800,3.203314
108.7000,3.196457
108.7200,3.132898
108.7400,3.042357
108.7600,3.027517
108.7800,3.005030
108.8000,2.984203
108.8200,2.976112
108.8400,2.981676
108.8600,2.970922
108.8800,2.954924
108.9000,2.939214
108.9200,2.925614
108.9400,2.849244
108.9600,2.823576
108.9800,2.853683
109.0000,2.879286
109.0200,2.900910
109.0400,2.923831
109.0600,2.960795
109.0800,2.991283
109.1000,3.003873
109.1200,3.012791
109.1400,3.020616
109.1600,2.925742
109.1800,2.881644
109.2000,2.873121
109.2200,2.864945
109.2400,2.857587
109.2600,2.850082
109.2800,2.854572
109.3000,2.873703
109.3200,2.880040
109.3400,2.876166
109.3600,2.874361
109.3800,2.753574
109.4000,2.809753
109.4200,2.865446
109.4400,2.912313
109.4600,2.953397
109.4800,2.990125
109.5000,3.020508
109.5200,3.068874
109.5400,3.120288
109.5600,3.145151
109.5800,3.164768
109.6000,3.008588
109.6200,3.041837
109.6400,3.057155
109.6600,3.067867
109.6800,3.078078
109.7000,3.086157
109.7200,3.094628
109.7400,3.107579
109.7600,3.136541
109.7800,3.161869
109.8000,3.166445
109.8200,2.988153
109.8400,3.024362
109.8600,3.041380
109.8800,3.047706
109.9000,3.052835
109.9200,3.057568
109.9400,3.061123
109.9600,3.061442
109.9800,3.072782
110.0000,3.106232
110.0200,3.115244
110.0400,2.935742
110.0600,3.016507
110.0800,3.085859
110.1000,3.133068
110.1200,3.169173
110.1400,3.200999
110.1600,3.227454
110.1800,3.249928
110.2000,3.274385
110.2200,3.320639
110.2400,3.362327
110.2600,3.163121
110.2800,3.176117
110.3000,3.197390
110.3200,3.206265
110.3400,3.202157
110.3600,3.196837
110.3800,3.192528
110.4000,3.186805
110.4200,3.180904
110.4400,3.184299
110.4600,3.203261
110.4800,3.030700
110.5000,3.051178
110.5200,3.087123
110.5400,3.126496
110.5600,3.141551
110.5800,3.154385
110.6000,3.162761
110.6200,3.170544
110.6400,3.176594
110.6600,3.185171
110.6800,3.202750
110.7000,3.064850
110.7200,3.117390
110.7400,3.168949
110.7600,3.234661
110.7800,3.292507
110.8000,3.323028
110.8200,3.348749
110.8400,3.369027
110.8600,3.386542
110.8800,3.401235
110.9000,3.400863
110.9200,3.244821
110.9400,3.219620
110.9600,3.192549
110.9800,3.176530
111.0000,3.173706
111.0200,3.161707
111.0400,3.136126
111.0600,3.111657
111.0800,3.087260
111.1000,3.063089
111.1200,3.004969
111.1400,2.909277
111.1600,2.906623
111.1800,2.903056
111.2000,2.900901
111.2200,2.924190
111.2400,2.935868
111.2600,2.935211
111.2800,2.930890
111.3000,2.924861
111.3200,2.918820
111.3400,2.859053
111.3600,2.817078
111.3800,2.851632
111.4000,2.883417
111.4200,2.910008
111.4400,2.942844
111.4600,2.992313
111.4800,3.019159
111.5000,3.030065
111.5200,3.038895
111.5400,3.046104
111.5600,2.964946
111.5800,2.932951
111.6000,2.955434
111.6200,2.976346
111.6400,2.996030
111.6600,3.015974
111.6800,3.061263
111.7000,3.106527
111.7200,3.130870
111.7400,3.151816
111.7600,3.170382
111.7800,3.064651
111.8000,3.090893
111.8200,3.121583
111.8400,3.143674
111.8600,3.161752
111.8800,3.177094
111.9000,3.203237
111.9200,3.239566
111.9400,3.258047
111.9600,3.261362
111.9800,3.261700
112.0000,3.122758
112.0200,3.132803
112.0400,3.148800
112.0600,3.158790
112.0800,3.167359
112.1000,3.174152
112.1200,3.180435
112.1400,3.214461
112.1600,3.246497
112.1800,3.259790
112.2000,3.266520
112.2200,3.101551
112.2400,3.136688
112.2600,3.154565
112.2800,3.168759
112.3000,3.180075
112.3200,3.189768
112.3400,3.196921
112.3600,3.207837
112.3800,3.237496
112.4000,3.258961
112.4200,3.262253
112.4400,3.076030
112.4600,3.095891
112.4800,3.097051
112.5000,3.092941
112.5200,3.088929
112.5400,3.082887
112.5600,3.075626
112.5800,3.069640
112.6000,3.076772
112.6200,3.095795
112.6400,3.095851
112.6600,2.916539
112.6800,2.981209
112.7000,3.030254
112.7200,3.062367
112.7400,3.085414
112.7600,3.103248
112.7800,3.120668
112.8000,3.138749
112.8200,3.160766
112.8400,3.201434
112.8600,3.235425
112.8800,3.046243
112.9000,3.088079
112.9200,3.141763
112.9400,3.171583
112.9600,3.188185
112.9800,3.202420
113.0000,3.214536
113.0200,3.223387
113.0400,3.231159
113.0600,3.251149
113.0800,3.279951
113.1000,3.099098
113.1200,3.128503
113.1400,3.172061
113.1600,3.215915
113.1800,3.235829
113.2000,3.250510
113.2200,3.264959
113.2400,3.275288
113.2600,3.284682
113.2800,3.294812
113.3000,3.322517
113.3200,3.139937
113.3400,3.116506
113.3600,3.097218
113.3800,3.101144
113.4000,3.092652
113.4200,3.072282
113.4400,3.056719
113.4600,3.043865
113.4800,3.029692
113.5000,3.015785
113.5200,3.001200
113.5400,2.873331
113.5600,2.876337
113.5800,2.878545
113.6000,2.900168
113.6200,2.917726
113.6400,2.918096
113.6600,2.920922
113.6800,2.919638
113.7000,2.919235
113.7200,2.918702
113.7400,2.893555
113.7600,2.831580
113.7800,2.904637
113.8000,2.967778
113.8200,3.028757
113.8400,3.105170
113.8600,3.165785
113.8800,3.203992
113.9000,3.238845
113.9200,3.273696
113.9400,3.304216
113.9600,3.269375
113.9800,3.184746
114.0000,3.198600
114.0200,3.209461
114.0400,3.219460
114.0600,3.243792
114.0800,3.273028
114.1000,3.280607
114.1200,3.286191
114.1400,3.288919
114.1600,3.289991
114.1800,3.207972
114.2000,3.162666
114.2200,3.189766
114.2400,3.213228
114.2600,3.233674
114.2800,3.255223
114.3000,3.294173
114.3200,3.329279
114.3400,3.340415
114.3600,3.352508
114.3800,3.359770
114.4000,3.248323
114.4200,3.213228
114.4400,3.215332
114.4600,3.215830
114.4800,3.215396
114.5000,3.214162
114.5200,3.224599
114.5400,3.250012
114.5600,3.265437
114.5800,3.261149
114.6000,3.257941
114.6200,3.116889
114.6400,3.160543
114.6600,3.208493
114.6800,3.249916
114.7000,3.286680
114.7200,3.318165
114.7400,3.345353
114.7600,3.388516
114.7800,3.437295
114.8000,3.459867
114.8200,3.473836
114.8400,3.294800
114.8600,3.309120
114.8800,3.297273
114.9000,3.288571
114.9200,3.280216
114.9400,3.270947
114.9600,3.260245
114.9800,3.253089
115.0000,3.267931
115.0200,3.281711
115.0400,3.273845
115.0600,3.083832
115.0800,3.143801
115.1000,3.180192
115.1200,3.199024
115.1400,3.214322
115.1600,3.228420
115.1800,3.241320
115.2000,3.252295
115.2200,3.268271
115.2400,3.302295
115.2600,3.319187
115.2800,3.122580
115.3000,3.181136
115.3200,3.232803
115.3400,3.261445
115.3600,3.280162
115.3800,3.296254
115.4000,3.312563
115.4200,3.326615
115.4400,3.339357
115.4600,3.368092
115.4800,3.395065
115.5000,3.196889
115.5200,3.227380
115.5400,3.275713
115.5600,3.312454
115.5800,3.330202
115.6000,3.342741
115.6200,3.352742
115.6400,3.362031
115.6600,3.369058
115.6800,3.382200
115.7000,3.417191
115.7200,3.230043
115.7400,3.248186
115.7600,3.279461
115.7800,3.317686
115.8000,3.333210
115.8200,3.341169
115.8400,3.347784
115.8600,3.353835
115.8800,3.357805
115.9000,3.359354
115.9200,3.374376
115.9400,3.218771
115.9600,3.243972
115.9800,3.268620
116.0000,3.310894
116.0200,3.350012
116.0400,3.362594
116.0600,3.376744
116.0800,3.387061
116.1000,3.394037
116.1200,3.400662
116.1400,3.386204
116.1600,3.250905
116.1800,3.256477
116.2000,3.259693
116.2200,3.271117
116.2400,3.298919
116.2600,3.311710
116.2800,3.310766
116.3000,3.309459
116.3200,3.306128
116.3400,3.301987
116.3600,3.253016
116.3800,3.156730
116.4000,3.169480
116.4200,3.180458
116.4400,3.191083
116.4600,3.217921
116.4800,3.247890
116.5000,3.255459
116.5200,3.259714
116.5400,3.262030
116.5600,3.262805
116.5800,3.271201
116.6000,3.307114
116.6200,3.363102
116.6400,3.413940
116.6600,3.437776
116.6800,3.456648
116.7000,3.475237
116.7200,3.491097
116.7400,3.502765
116.7600,3.514793
116.7800,3.546546
116.8000,3.578180
116.8200,3.582904
116.8400,3.585811
116.8600,3.587087
116.8800,3.589009
116.9000,3.590335
116.9200,3.594518
116.9400,3.600000
116.9600,3.600000
116.9800,3.600000
117.0000,3.590950
117.0200,3.526651
117.0400,3.470513
117.0600,3.419238
117.0800,3.375205
117.1000,3.354888
117.1200,3.345374
117.1400,3.309525
117.1600,3.274926
117.1800,3.244917
117.2000,3.235722
117.2200,3.254832
117.2400,3.282220
117.2600,3.326923
117.2800,3.356170
117.3000,3.366882
117.3200,3.376022
117.3400,3.382233
117.3600,3.387796
117.3800,3.392796
117.4000,3.405269
117.4200,3.440194
117.4400,3.463041
117.4600,3.465727
117.4800,3.468719
117.5000,3.472710
117.5200,3.472827
117.5400,3.471182
117.5600,3.480609
117.5800,3.511023
117.6000,3.523932
117.6200,3.465576
117.6400,3.403866
117.6600,3.347402
117.6800,3.297964
117.7000,3.256592
117.7200,3.224344
117.7400,3.209077
117.7600,3.181837
117.7800,3.151741
117.8000,3.127315
117.8200,3.136316
117.8400,3.175276
117.8600,3.207464
117.8800,3.261551
117.9000,3.314003
117.9200,3.343187
117.9400,3.364378
117.9600,3.382775
117.9800,3.398242
118.0000,3.411139
118.0200,3.415628
118.0400,3.397764
118.0600,3.390576
118.0800,3.366967
118.1000,3.338560
118.1200,3.312432
118.1400,3.289620
118.1600,3.269578
118.1800,3.249883
118.2000,3.251383
118.2200,3.259395
118.2400,3.071508
118.2600,3.091136
118.2800,3.123375
118.3000,3.157697
118.3200,3.166254
118.3400,3.172072
118.3600,3.176849
118.3800,0.555226
118.4000,0.560268
118.4200,0.564971
118.4400,0.570491
118.4600,0.574461
118.4800,0.580183
118.5000,0.560141
118.5200,0.577189
118.5400,0.593962
118.5600,0.612889
118.5800,0.629259
118.6000,0.639364
118.6200,0.649237
118.6400,0.657528
118.6600,0.664969
118.6800,0.671636
118.7000,0.673377
118.7200,0.623791
118.7400,0.581733
118.7600,0.543411
118.7800,0.508868
118.8000,0.477913
118.8200,0.449262
118.8400,0.422670
118.8600,0.398944
118.8800,0.376301
118.9000,0.355091
118.9200,0.335336
118.9400,0.341121
118.9600,0.362809
118.9800,0.383063
119.0000,0.402872
119.0200,0.424878
119.0400,0.443200
119.0600,0.456024
119.0800,0.466830
119.1000,0.475429
119.1200,0.480407
119.1400,0.474813
119.1600,0.491469
119.1800,0.529356
119.2000,0.563368
119.2200,0.593728
119.2400,0.623898
119.2600,0.653780
119.2800,0.680744
119.3000,0.701476
119.3200,0.722092
119.3400,0.739628
119.3600,0.731412
119.3800,0.724002
119.4000,0.730361
119.4200,0.734023
119.4400,0.737526
119.4600,0.741030
119.4800,0.751242
119.5000,0.763906
119.5200,0.776294
119.5400,0.789659
119.5600,0.804479
119.5800,0.791878
119.6000,0.771794
119.6200,0.763184
119.6400,0.755584
119.6600,0.750594
119.6800,0.749299
119.7000,0.750658
119.7200,0.753556
119.7400,0.754352
119.7600,0.755775
119.7800,0.757548
119.8000,0.732144
119.8200,0.742463
119.8400,0.755998
119.8600,0.765774
119.8800,0.770934
119.9000,0.773577
119.9200,0.776953
119.9400,0.781656
119.9600,0.783354
119.9800,0.783439
120.0000,0.784851
120.0200,0.754416
120.0400,0.748269
120.0600,0.743832
120.0800,0.738790
120.1000,0.732410
120.1200,0.724682
120.1400,0.719055
120.1600,0.720021
120.1800,0.726720
120.2000,0.732038
120.2200,0.735393
120.2400,0.700659
120.2600,0.716646
120.2800,0.725446
120.3000,0.732941
120.3200,0.740329
120.3400,0.748312
120.3600,0.756327
120.3800,0.765668
120.4000,0.783619
120.4200,0.796432
120.4400,0.802027
120.4600,0.761995
120.4800,0.742081
120.5000,0.720818
120.5200,0.701879
120.5400,0.685436
120.5600,0.670659
120.5800,0.658961
120.6000,0.649693
120.6200,0.646021
120.6400,0.643791
120.6600,0.637655
120.6800,0.601074
120.7000,0.565045
120.7200,0.534250
120.7400,0.508581
120.7600,0.488709
120.7800,0.471660
120.8000,0.457117
120.8200,0.444102
120.8400,0.432117
120.8600,0.419718
120.8800,0.405791
120.9000,0.383923
120.9200,0.393350
120.9400,0.399899
120.9600,0.402362
120.9800,0.401991
121.0000,0.401916
121.0200,0.402575
121.0400,0.402500
121.0600,0.405504
121.0800,0.411438
121.1000,0.418360
121.1200,0.397288
121.1400,0.409772
121.1600,0.424230
121.1800,0.436810
121.2000,0.447881
121.2200,0.458157
121.2400,0.468699
121.2600,0.479463
121.2800,0.489197
121.3000,0.501288
121.3200,0.514335
121.3400,0.490142
121.3600,0.501479
121.3800,0.513708
121.4000,0.524324
121.4200,0.528846
121.4400,0.531553
121.4600,0.533453
121.4800,0.533835
121.5000,0.533761
121.5200,0.533464
121.5400,0.535534
121.5600,0.524600
121.5800,0.565056
121.6000,0.602805
121.6200,0.642061
121.6400,0.675479
121.6600,0.702432
121.6800,0.726210
121.7000,0.748312
121.7200,0.768492
121.7400,0.786592
121.7600,0.801061
121.7800,0.762887
121.8000,0.752600
121.8200,0.742282
121.8400,0.735276
121.8600,0.731147
121.8800,0.723864
121.9000,0.716041
121.9200,0.708833
121.9400,0.702198
121.9600,0.696020
121.9800,0.685277
122.0000,0.668547
122.0200,0.680288
122.0400,0.691466
122.0600,0.701561
122.0800,0.715658
122.1000,0.727803
122.1200,0.733588
122.1400,0.740403
122.1600,0.745679
122.1800,0.749426
122.2000,0.740563
122.2200,0.728057
122.2400,0.736974
122.2600,0.744894
122.2800,0.752919
122.3000,0.762929
122.3200,0.774511
122.3400,0.781783
122.3600,0.786209
122.3800,0.790042
122.4000,0.793598
122.4200,0.777452
122.4400,0.745223
122.4600,0.724788
122.4800,0.705478
122.5000,0.687687
122.5200,0.672634
122.5400,0.661148
122.5600,0.651403
122.5800,0.641562
122.6000,0.631371
122.6200,0.622719
122.6400,0.599503
122.6600,0.591924
122.6800,0.590682
122.7000,0.589960
122.7200,0.589376
122.7400,0.588028
122.7600,0.590565
122.7800,0.593930
122.8000,0.594344
122.8200,0.593272
122.8400,0.591913
122.8600,0.569228
122.8800,0.596679
122.9000,0.625097
122.9200,0.650500
122.9400,0.673377
122.9600,0.693164
122.9800,0.711848
123.0000,0.734639
123.0200,0.755000
123.0400,0.769989
123.0600,0.782388
123.0800,0.750584
123.1000,0.726444
123.1200,0.701922
123.1400,0.680946
123.1600,0.662570
123.1800,0.644757
123.2000,0.629036
123.2200,0.616934
123.2400,0.607783
123.2600,0.598293
123.2800,0.588017
123.3000,0.555555
123.3200,0.592677
123.3400,0.620522
123.3600,0.643589
123.3800,0.664003
123.4000,0.682198
123.4200,0.698748
123.4400,0.714841
123.4600,0.733079
123.4800,0.751327
123.5000,0.762738
123.5200,0.723525
123.5400,0.744023
123.5600,0.760902
123.5800,0.772473
123.6000,0.782303
123.6200,0.790742
123.6400,0.798789
123.6600,0.804999
123.6800,0.811825
123.7000,0.822748
123.7200,0.831644
123.7400,0.785371
123.7600,0.788428
123.7800,0.794500
123.8000,0.797950
123.8200,0.798991
123.8400,0.800264
123.8600,0.802037
123.8800,0.803332
123.9000,0.804638
123.9200,0.809755
123.9400,0.812334
123.9600,0.765467
123.9800,0.755265
124.0000,0.746582
124.0200,0.734841
124.0400,0.712973
124.0600,0.685723
124.0800,0.657708
124.1000,0.638484
124.1200,0.629779
124.1400,0.631159
124.1600,0.640522
124.1800,0.618101
124.2000,0.641540
124.2200,0.661360
124.2400,0.678610
124.2600,0.682878
124.2800,0.682867
124.3000,0.680054
124.3200,0.674608
124.3400,0.668929
124.3600,0.665288
124.3800,0.667475
124.4000,0.631212
124.4200,0.662729
124.4400,0.677028
124.4600,0.688737
124.4800,0.698642
124.5000,0.707962
124.5200,0.718153
124.5400,0.730276
124.5600,0.746475
124.5800,0.770902
124.6000,0.793056
124.6200,0.749777
124.6400,0.802069
124.6600,0.819415
124.6800,0.837398
124.7000,0.855561
124.7200,0.872694
124.7400,0.889000
124.7600,0.906792
124.7800,0.926982
124.8000,0.939466
124.8200,0.948967
124.8400,0.959636
124.8600,0.963925
124.8800,0.957736
124.9000,0.953702
124.9200,0.955305
124.9400,0.951345
124.9600,0.943468
124.9800,0.933766
125.0000,0.922672
125.0200,0.908681
125.0400,0.891961
125.0600,0.875964
125.0800,0.855327
125.1000,0.830657
125.1200,0.804840
125.1400,0.779691
125.1600,0.755785
125.1800,0.734458
125.2000,0.716264
125.2200,0.705744
125.2400,0.701051
125.2600,0.672973
125.2800,0.648770
125.3000,0.627889
125.3200,0.609503
125.3400,0.593845
125.3600,0.580193
125.3800,0.570385
125.4000,0.566701
125.4200,0.562890
125.4400,0.561797
125.4600,0.580236
125.4800,0.606127
125.5000,0.627518
125.5200,0.645574
125.5400,0.664587
125.5600,0.681731
125.5800,0.689279
125.6000,0.692697
125.6200,0.692421
125.6400,0.688366
125.6600,0.673302
125.6800,0.639311
125.7000,0.605586
125.7200,0.572211
125.7400,0.539016
125.7600,0.509324
125.7800,0.482446
125.8000,0.457807
125.8200,0.437085
125.8400,0.419655
125.8600,0.405855
125.8800,0.450811
125.9000,0.486904
125.9200,0.521872
125.9400,0.553708
125.9600,0.582264
125.9800,0.606669
126.0000,0.630585
126.0200,0.657984
126.0400,0.680213
126.0600,0.698015
126.0800,0.675839
126.1000,0.638483
126.1200,0.605129
126.1400,0.574833
126.1600,0.547285
126.1800,0.523591
126.2000,0.499632
126.2200,0.475131
126.2400,0.452138
126.2600,0.429591
126.2800,0.421056
126.3000,0.442659
126.3200,0.466055
126.3400,0.489250
126.3600,0.506235
126.3800,0.520672
126.4000,0.533443
126.4200,0.545735
126.4400,0.557625
126.4600,0.568368
126.4800,0.580024
126.5000,0.553230
126.5200,0.553963
126.5400,0.555258
126.5600,0.560353
126.5800,0.565353
126.6000,0.568304
126.6200,0.572296
126.6400,0.576882
126.6600,0.583134
126.6800,0.589344
126.7000,0.595066
126.7200,0.558368
126.7400,0.532933
126.7600,0.510152
126.7800,0.490598
126.8000,0.474272
126.8200,0.458826
126.8400,0.444272
126.8600,0.429941
126.8800,0.417181
126.9000,0.405897
126.9200,0.392405
126.9400,0.372097
126.9600,0.358605
126.9800,0.345028
127.0000,0.332735
127.0200,0.321217
127.0400,0.309710
127.0600,0.297608
127.0800,0.286016
127.1000,0.274604
127.1200,0.263086
127.1400,0.251409
127.1600,0.250836
127.1800,0.258278
127.2000,0.263320
127.2200,0.268044
127.2400,0.274084
127.2600,0.279148
127.2800,0.282619
127.3000,0.284859
127.3200,0.287491
127.3400,0.290167
127.3600,0.286366
127.3800,0.309444
127.4000,0.344953
127.4200,0.377447
127.4400,0.406958
127.4600,0.434708
127.4800,0.466777
127.5000,0.492053
127.5200,0.511362
127.5400,0.528358
127.5600,0.545183
127.5800,0.540693
127.6000,0.570767
127.6200,0.728832
127.6400,0.752399
127.6600,0.743089
127.6800,0.736688
127.7000,0.726815
127.7200,0.717622
127.7400,0.708758
127.7600,0.700638
127.7800,0.691901
127.8000,0.680521
127.8200,0.661031
127.8400,0.668748
127.8600,0.674873
127.8800,0.684247
127.9000,0.695425
127.9200,0.701604
127.9400,0.705032
127.9600,0.707495
127.9800,0.711455
128.0000,0.715828
128.0200,0.709013
128.0400,0.678982
128.0600,0.665574
128.0800,0.652666
128.1000,0.642008
128.1200,0.636169
128.1400,0.627709
128.1600,0.616573
128.1800,0.606329
128.2000,0.595894
128.2200,0.586181
128.2400,0.570119
128.2600,0.574164
128.2800,0.600076
128.3000,0.624099
128.3200,0.647337
128.3400,0.674470
128.3600,0.703822
128.3800,0.726115
128.4000,0.746497
128.4200,0.765106
128.4400,0.783524
128.4600,0.777314
128.4800,0.725637
128.5000,0.681370
128.5200,0.641222
128.5400,0.604259
128.5600,0.570088
128.5800,0.539833
128.6000,0.511023
128.6200,0.483252
128.6400,0.458295
128.6600,0.434644
128.6800,0.409156
128.7000,0.411162
128.7200,0.418423
128.7400,0.424028
128.7600,0.429379
128.7800,0.434495
128.8000,0.440026
128.8200,0.446629
128.8400,0.449962
128.8600,0.453911
128.8800,0.456268
128.9000,0.441225
128.9200,0.512052
128.9400,0.586531
128.9600,0.656020
128.9800,0.718440
129.0000,0.775297
129.0200,0.828842
129.0400,0.882907
129.0600,0.928362
129.0800,0.964392
129.1000,0.996896
129.1200,0.972077
129.1400,0.901208
129.1600,0.838045
129.1800,0.780212
129.2000,0.727590
129.2200,0.680139
129.2400,0.636498
129.2600,0.597178
129.2800,0.562986
129.3000,0.531415
129.3200,0.502371
129.3400,0.470864
129.3600,0.487180
129.3800,0.501193
129.4000,0.515609
129.4200,0.528422
129.4400,0.541744
129.4600,0.555342
129.4800,0.571202
129.5000,0.592242
129.5200,0.610161
129.5400,0.624099
129.5600,0.597306
129.5800,0.688939
129.6000,0.762367
129.6200,0.826994
129.6400,0.885327
129.6600,0.938585
129.6800,0.986822
129.7000,1.031259
129.7200,1.082744
129.7400,1.130759
129.7600,1.163487
129.7800,1.109889
129.8000,1.157404
129.8200,1.194739
129.8400,1.222626
129.8600,1.247679
129.8800,1.270354
129.9000,1.290004
129.9200,1.307382
129.9400,1.331988
129.9600,1.358485
129.9800,1.373164
130.0000,1.297465
130.0200,1.220736
130.0400,1.152425
130.0600,1.089613
130.0800,1.032989
130.1000,0.981557
130.1200,0.935252
130.1400,0.893257
130.1600,0.856187
130.1800,0.825041
130.2000,0.795477
130.2200,0.754564
130.2400,0.786634
130.2600,0.818045
130.2800,0.842313
130.3000,0.861803
130.3200,0.880752
130.3400,0.899998
130.3600,0.918256
130.3800,0.937311
130.4000,0.962629
130.4200,0.989858
130.4400,0.943978
130.4600,0.976706
130.4800,1.013106
130.5000,1.042756
130.5200,1.062225
130.5400,1.078817
130.5600,1.094040
130.5800,1.108434
130.6000,1.119814
130.6200,1.135504
130.6400,1.152054
130.6600,1.099135
130.6800,1.121215
130.7000,1.148147
130.7200,1.178954
130.7400,1.196788
130.7600,1.211512
130.7800,1.224176
130.8000,1.236649
130.8200,1.249622
130.8400,1.261745
130.8600,1.282647
130.8800,1.206565
130.9000,1.172276
130.9200,1.145217
130.9400,1.123551
130.9600,1.101152
130.9800,1.076725
131.0000,1.055080
131.0200,1.035431
131.0400,1.017682
131.0600,1.002257
131.0800,0.988287
131.1000,0.953776
131.1200,0.967566
131.1400,0.981122
131.1600,0.997863
131.1800,1.015039
131.2000,1.022406
131.2200,1.029486
131.2400,1.036153
131.2600,1.041100
131.2800,1.044019
131.3000,1.044804
131.3200,1.002257
131.3400,1.000272
131.3600,0.998234
131.3800,1.001058
131.4000,1.006440
131.4200,1.005272
131.4400,1.004221
131.4600,1.004349
131.4800,1.004922
131.5000,1.003945
131.5200,0.995315
131.5400,0.983744
131.5600,1.018234
131.5800,1.048520
131.6000,1.076057
131.6200,1.106736
131.6400,1.131396
131.6600,1.149103
131.6800,1.164846
131.7000,1.178327
131.7200,1.190769
131.7400,1.184336
131.7600,1.121120
131.7800,1.079273
131.8000,1.040919
131.8200,1.005909
131.8400,0.976992
131.8600,0.951727
131.8800,0.925135
131.9000,0.900359
131.9200,0.877195
131.9400,0.855741
131.9600,0.824351
131.9800,0.833077
132.0000,0.862535
132.0200,0.888214
132.0400,0.911781
132.0600,0.934445
132.0800,0.962067
132.1000,1.087691
132.1200,1.338209
132.1400,1.332870
132.1600,1.315874
132.1800,1.288560
132.2000,1.227148
132.2200,1.192425
132.2400,1.160419
132.2600,1.133307
132.2800,1.113593
132.3000,1.095207
132.3200,1.073573
132.3400,1.052522
132.3600,1.034210
132.3800,1.017629
132.4000,0.990676
132.4200,0.994901
132.4400,1.035028
132.4600,1.066906
132.4800,1.094347
132.5000,1.126884
132.5200,1.161088
132.5400,1.183699
132.5600,1.203359
132.5800,1.220440
132.6000,1.236819
132.6200,1.224293
132.6400,1.173635
132.6600,1.145525
132.6800,1.120058
132.7000,1.096375
132.7200,1.076726
132.7400,1.063944
132.7600,1.046960
132.7800,1.030378
132.8000,1.015410
132.8200,1.000888
132.8400,0.967958
132.8600,0.967481
132.8800,0.979816
132.9000,0.988691
132.9200,0.996514
132.9400,1.003584
132.9600,1.018616
132.9800,1.032002
133.0000,1.036397
133.0200,1.042618
133.0400,1.048095
133.0600,1.019200
133.0800,0.965931
133.1000,0.922142
133.1200,0.882578
133.1400,0.846485
133.1600,0.812472
133.1800,0.781730
133.2000,0.756295
133.2200,0.731508
133.2400,0.708270
133.2600,0.687081
133.2800,0.653844
133.3000,0.715446
133.3200,0.775912
133.3400,0.829850
133.3600,0.878321
133.3800,0.922471
133.4000,0.963330
133.4200,1.009264
133.4400,1.051439
133.4600,1.081715
133.4800,1.109294
133.5000,1.068658
133.5200,1.128774
133.5400,1.172829
133.5600,1.213454
133.5800,1.250885
133.6000,1.283888
133.6200,1.315396
133.6400,1.347423
133.6600,1.386754
133.6800,1.418271
133.7000,1.440520
133.7200,1.372422
133.7400,1.348007
133.7600,1.310311
133.7800,1.277381
133.8000,1.247732
133.8200,1.221448
133.8400,1.197478
133.8600,1.179028
133.8800,1.166438
133.9000,1.248666
133.9200,1.420119
133.9400,1.350204
133.9600,1.340916
133.9800,1.324631
134.0000,1.310609
134.0200,1.298889
134.0400,1.289451
134.0600,1.280470
134.0800,1.280025
134.1000,1.284101
134.1200,1.280917
134.1400,1.278358
134.1600,1.216586
134.1800,1.273719
134.2000,1.314886
134.2200,1.350247
134.2400,1.380808
134.2600,1.407391
134.2800,1.430002
134.3000,1.449833
134.3200,1.477974
134.3400,1.498081
134.3600,1.510712
134.3800,1.436054
134.4000,1.468155
134.4200,1.480905
134.4400,1.488718
134.4600,1.493919
134.4800,1.497740
134.5000,1.500670
134.5200,1.500468
134.5400,1.509513
134.5600,1.520501
134.5800,1.520309
134.6000,1.436679
134.6200,1.486848
134.6400,1.489620
134.6600,1.491371
134.6800,1.491594
134.7000,1.490968
134.7200,1.488736
134.7400,1.496922
134.7600,1.507274
134.7800,1.508718
134.8000,1.508587
134.8200,1.437412
134.8400,1.471616
134.8600,1.471944
134.8800,1.471032
134.9000,1.469756
134.9200,1.467432
134.9400,1.470416
134.9600,1.479937
134.9800,1.479502
135.0000,1.477232
135.0200,1.474249
135.0400,1.418113
135.0600,1.426021
135.0800,1.430225
135.1000,1.428347
135.1200,1.425746
135.1400,1.429120
135.1600,1.438962
135.1800,1.439280
135.2000,1.439514
135.2200,1.437030
135.2400,1.435639
135.2600,1.440700
135.2800,1.468048
135.3000,1.481924
135.3200,1.497707
135.3400,1.499068
135.3600,1.497899
135.3800,1.494002
135.4000,1.488612
135.4200,1.480861
135.4400,1.475638
135.4600,1.474024
135.4800,1.475500
135.5000,1.462741
135.5200,1.450923
135.5400,1.439386
135.5600,1.428698
135.5800,1.420075
135.6000,1.417413
135.6200,1.420850
135.6400,1.409800
135.6600,1.393718
135.6800,1.361500
135.7000,1.322179
135.7200,1.284950
135.7400,1.253051
135.7600,1.225959
135.7800,1.202796
135.8000,1.176172
135.8200,1.149389
135.8400,1.126460
135.8600,1.107723
135.8800,1.099400
135.9000,1.118158
135.9200,1.135897
135.9400,1.147627
135.9600,1.153784
135.9800,1.159517
136.0000,1.163933
136.0200,1.168136
136.0400,1.172393
136.0600,1.182648
136.0800,1.200185
136.1000,1.219102
136.1200,1.223815
136.1400,1.226480
136.1600,1.227488
136.1800,1.228762
136.2000,1.228507
136.2200,1.233910
136.2400,1.246564
136.2600,1.249834
136.2800,1.248740
136.3000,1.223284
136.3200,1.185779
136.3400,1.151810
136.3600,1.119135
136.3800,1.092437
136.4000,1.067246
136.4200,1.040930
136.4400,1.016493
136.4600,0.992990
136.4800,0.969540
136.5000,0.956717
136.5200,0.990516
136.5400,1.025697
136.5600,1.050930
136.5800,1.067257
136.6000,1.081290
136.6200,1.091365
136.6400,1.099921
136.6600,1.107203
136.6800,1.115271
136.7000,1.127776
136.7200,1.126980
136.7400,1.121269
136.7600,1.115388
136.7800,1.108965
136.8000,1.101577
136.8200,1.093700
136.8400,1.091375
136.8600,1.091492
136.8800,1.087702
136.9000,1.083382
136.9200,1.029115
136.9400,1.050091
136.9600,1.059369
136.9800,1.067639
137.0000,1.076556
137.0200,1.086067
137.0400,1.095059
137.0600,1.109071
137.0800,1.131598
137.1000,1.148306
137.1200,1.158816
137.1400,1.100727
137.1600,1.113954
137.1800,1.119549
137.2000,1.123211
137.2200,1.126088
137.2400,1.130228
137.2600,1.134145
137.2800,1.136406
137.3000,1.143890
137.3200,1.150918
137.3400,1.145185
137.3600,1.081747
137.3800,1.095844
137.4000,1.107914
137.4200,1.114390
137.4400,1.118647
137.4600,1.124443
137.4800,1.130366
137.5000,1.137415
137.5200,1.148795
137.5400,1.168572
137.5600,1.181544
137.5800,1.117574
137.6000,1.135833
137.6200,1.151916
137.6400,1.160769
137.6600,1.166448
137.6800,1.174442
137.7000,1.184325
137.7200,1.194580
137.7400,1.207595
137.7600,1.231501
137.7800,1.254982
137.8000,1.186576
137.8200,1.187319
137.8400,1.196745
137.8600,1.202393
137.8800,1.202818
137.9000,1.203560
137.9200,1.203561
137.9400,1.202658
137.9600,1.201735
137.9800,1.205217
138.0000,1.214293
138.0200,1.152404
138.0400,1.161523
138.0600,1.172977
138.0800,1.185111
138.1000,1.187690
138.1200,1.186406
138.1400,1.183072
138.1600,1.180504
138.1800,1.178083
138.2000,1.174697
138.2200,1.180981
138.2400,1.126778
138.2600,1.140865
138.2800,1.161480
138.3000,1.188465
138.3200,1.210800
138.3400,1.234229
138.3600,1.258337
138.3800,1.285141
138.4000,1.314091
138.4200,1.343398
138.4400,1.381097
138.4600,1.331012
138.4800,1.362529
138.5000,1.398378
138.5200,1.443229
138.5400,1.495087
138.5600,1.537771
138.5800,1.581774
138.6000,1.624991
138.6200,1.670276
138.6400,1.715412
138.6600,1.749565
138.6800,1.726443
138.7000,1.806145
138.7200,1.875464
138.7400,1.947134
138.7600,2.026144
138.7800,2.087300
138.8000,2.139456
138.8200,2.186208
138.8400,2.228733
138.8600,2.268214
138.8800,2.268193
138.9000,2.187301
138.9200,2.168256
138.9400,2.149774
138.9600,2.132524
138.9800,2.129127
139.0000,2.127227
139.0200,2.115304
139.0400,2.102704
139.0600,2.090348
139.0800,2.078033
139.1000,2.030889
139.1200,2.019383
139.1400,2.062344
139.1600,2.098288
139.1800,2.130529
139.2000,2.165115
139.2200,2.208192
139.2400,2.239287
139.2600,2.256302
139.2800,2.268108
139.3000,2.278246
139.3200,2.219966
139.3400,2.204424
139.3600,2.224434
139.3800,2.242746
139.4000,2.259031
139.4200,2.271207
139.4400,2.294615
139.4600,2.321025
139.4800,2.333935
139.5000,2.340570
139.5200,2.345452
139.5400,2.260941
139.5600,2.222724
139.5800,2.200827
139.6000,2.179933
139.6200,2.161686
139.6400,2.145582
139.6600,2.134299
139.6800,2.135984
139.7000,2.140284
139.7200,2.131886
139.7400,2.123969
139.7600,2.026855
139.7800,2.067652
139.8000,2.096813
139.8200,2.121940
139.8400,2.145954
139.8600,2.166718
139.8800,2.183766
139.9000,2.206240
139.9200,2.241377
139.9400,2.264445
139.9600,2.277428
139.9800,2.161876
140.0000,2.154785
140.0200,2.135145
140.0400,2.113628
140.0600,2.092525
140.0800,2.071547
140.1000,2.049753
140.1200,2.025678
140.1400,2.007673
140.1600,1.992205
140.1800,1.964572
140.2000,1.853174
140.2200,1.829638
140.2400,1.802950
140.2600,1.772240
140.2800,1.745224
140.3000,1.721250
140.3200,1.701985
140.3400,1.684500
140.3600,1.674459
140.3800,1.674088
140.4000,1.676007
140.4200,1.590223
140.4400,1.616008
140.4600,1.645466
140.4800,1.666698
140.5000,1.681582
140.5200,1.694405
140.5400,1.705435
140.5600,1.712908
140.5800,1.717186
140.6000,1.726485
140.6200,1.738376
140.6400,1.656707
140.6600,1.693514
140.6800,1.738173
140.7000,1.778981
140.7200,1.805105
140.7400,1.828747
140.7600,1.850360
140.7800,1.870720
140.8000,1.889892
140.8200,1.908619
140.8400,1.937896
140.8600,1.866294
140.8800,1.918555
140.9000,1.969754
140.9200,2.028447
140.9400,2.074372
140.9600,2.104583
140.9800,2.132960
141.0000,2.159232
141.0200,2.183223
141.0400,2.205230
141.0600,2.218916
141.0800,2.127493
141.1000,2.124277
141.1200,2.120677
141.1400,2.127227
141.1600,2.138331
141.1800,2.138237
141.2000,2.134542
141.2200,2.131028
141.2400,2.128394
141.2600,2.125073
141.2800,2.102289
141.3000,2.055911
141.3200,2.089616
141.3400,2.119710
141.3600,2.149699
141.3800,2.193850
141.4000,2.234786
141.4200,2.252640
141.4400,2.266940
141.4600,2.276473
141.4800,2.280878
141.5000,2.240463
141.5200,2.171730
141.5400,2.154690
141.5600,2.140836
141.5800,2.127843
141.6000,2.125848
141.6200,2.136536
141.6400,2.139341
141.6600,2.134243
141.6800,2.123843
141.7000,2.109382
141.7200,2.042238
141.7400,2.038161
141.7600,2.067259
141.7800,2.088628
141.8000,2.107438
141.8200,2.124169
141.8400,2.154753
141.8600,2.195274
141.8800,2.222344
141.9000,2.250136
141.9200,2.277990
141.9400,2.211822
141.9600,2.217820
141.9800,2.239785
142.0000,2.257449
142.0200,2.270007
142.0400,2.278521
142.0600,2.287449
142.0800,2.303554
142.1000,2.310558
142.1200,2.302724
142.1400,2.292704
142.1600,2.188000
142.1800,2.182236
142.2000,2.174519
142.2200,2.166185
142.2400,2.157906
142.2600,2.148481
142.2800,2.139350
142.3000,2.136590
142.3200,2.141495
142.3400,2.134393
142.3600,2.123151
142.3800,2.012598
142.4000,1.999795
142.4200,1.976527
142.4400,1.952473
142.4600,1.930243
142.4800,1.908937
142.5000,1.889267
142.5200,1.872270
142.5400,1.865326
142.5600,1.859892
142.5800,1.847589
142.6000,1.750733
142.6200,1.814118
142.6400,1.868672
142.6600,1.915931
142.6800,1.965614
142.7000,2.017715
142.7200,2.073087
142.7400,2.130316
142.7600,2.192385
142.7800,2.264635
142.8000,2.323289
142.8200,2.208957
142.8400,2.315262
142.8600,2.413130
142.8800,2.476707
142.9000,2.534254
142.9200,2.588470
142.9400,2.638821
142.9600,2.685826
142.9800,2.731081
143.0000,2.795858
143.0200,2.857941
143.0400,2.702684
143.0600,2.731516
143.0800,2.779096
143.1000,2.813597
143.1200,2.835975
143.1400,2.857844
143.1600,2.878576
143.1800,2.897812
143.2000,2.916220
143.2200,2.944064
143.2400,2.986434
143.2600,2.837481
143.2800,2.876240
143.3000,2.930816
143.3200,2.985731
143.3400,3.014892
143.3600,3.036412
143.3800,3.056263
143.4000,3.075604
143.4200,3.092218
143.4400,3.105722
143.4600,3.131784
143.4800,2.988226
143.5000,3.008249
143.5200,3.027663
143.5400,3.065083
143.5600,3.089798
143.5800,3.097833
143.6000,3.103950
143.6200,3.109130
143.6400,3.113876
143.6600,3.118641
143.6800,3.595899
143.7000,3.600000
143.7200,3.600000
143.7400,3.600000
143.7600,3.600000
143.7800,3.600000
143.8000,3.600000
143.8200,3.600000
143.8400,3.600000
143.8600,3.600000
143.8800,3.600000
143.9000,3.600000
143.9200,3.590100
143.9400,3.600000
143.9600,3.600000
143.9800,3.600000
144.0000,3.600000
144.0200,3.592331
144.0400,3.570155
144.0600,3.543836
144.0800,3.519198
144.1000,3.507117
144.1200,3.488135
144.1400,3.280544
144.1600,3.264173
144.1800,3.263549
144.2000,3.248280
144.2200,3.227178
144.2400,3.208070
144.2600,3.190055
144.2800,3.175352
144.3000,3.163758
144.3200,3.165212
144.3400,3.180435
144.3600,3.013979
144.3800,3.031496
144.4000,3.056485
144.4200,3.090009
144.4400,3.102198
144.4600,3.113970
144.4800,3.126953
144.5000,3.140861
144.5200,3.153357
144.5400,3.165404
144.5600,3.198717
144.5800,3.055529
144.6000,3.099862
144.6200,3.145234
144.6400,3.201073
144.6600,3.249099
144.6800,3.273493
144.7000,3.296211
144.7200,3.314164
144.7400,3.328867
144.7600,3.340226
144.7800,3.345280
144.8000,3.214714
144.8200,3.239046
144.8400,3.245852
144.8600,3.265766
144.8800,3.296393
144.9000,3.303517
144.9200,3.307954
144.9400,3.306891
144.9600,3.303007
144.9800,3.295298
145.0000,3.260278
145.0200,3.154980
145.0400,3.171519
145.0600,3.186467
145.0800,3.197868
145.1000,3.231042
145.1200,3.257866
145.1400,3.262803
145.1600,3.271553
145.1800,3.278399
145.2000,3.284799
145.2200,3.227070
145.2400,3.154660
145.2600,3.172345
145.2800,3.188516
145.3000,3.201616
145.3200,3.225425
145.3400,3.263166
145.3600,3.281275
145.3800,3.289429
145.4000,3.295330
145.4200,3.299800
145.4400,3.210723
145.4600,3.159671
145.4800,3.166933
145.5000,3.175573
145.5200,3.183248
145.5400,3.189439
145.5600,3.212953
145.5800,3.242316
145.6000,3.247932
145.6200,3.254589
145.6400,3.259833
145.6600,3.275194
145.6800,3.308717
145.7000,3.340988
145.7200,3.387827
145.7400,3.428569
145.7600,3.450566
145.7800,3.470452
145.8000,3.485162
145.8200,3.495216
145.8400,3.502679
145.8600,3.515367
145.8800,3.549411
145.9000,3.573169
145.9200,3.580143
145.9400,3.583945
145.9600,3.586193
145.9800,3.585303
146.0000,3.584273
146.0200,3.591874
146.0400,3.600000
146.0600,3.600000
146.0800,3.589592
146.1000,3.534793
146.1200,3.482891
146.1400,3.434472
146.1600,3.386978
146.1800,3.356160
146.2000,3.344238
146.2200,3.319536
146.2400,3.294057
146.2600,3.266319
146.2800,3.256774
146.3000,3.269672
146.3200,3.278928
146.3400,3.304662
146.3600,3.336171
146.3800,3.348028
146.4000,3.351869
146.4200,3.352752
146.4400,3.355481
146.4600,3.359515
146.4800,3.357508
146.5000,3.374217
146.5200,3.399302
146.5400,3.402614
146.5600,3.400076
146.5800,3.397721
146.6000,3.395278
146.6200,3.388940
146.6400,3.384228
146.6600,3.398166
146.6800,3.415524
146.7000,3.375703
146.7200,3.332381
146.7400,3.293260
146.7600,3.258408
146.7800,3.226231
146.8000,3.199331
146.8200,3.203450
146.8400,3.196741
146.8600,3.178515
146.8800,3.160234
146.9000,3.169766
146.9200,3.198334
146.9400,3.223016
146.9600,3.253600
146.9800,3.300163
147.0000,3.335481
147.0200,3.349419
147.0400,3.362752
147.0600,3.373505
147.0800,3.382084
147.1000,3.380343
147.1200,3.371744
147.1400,3.362550
147.1600,3.340363
147.1800,3.309619
147.2000,3.281924
147.2200,3.254790
147.2400,3.229140
147.2600,3.203261
147.2800,3.191052
147.3000,3.193908
147.3200,3.027547
147.3400,3.062377
147.3600,3.093312
147.3800,3.122220
147.4000,3.131561
147.4200,3.137994
147.4400,3.141465
147.4600,3.143017
147.4800,3.144979
147.5000,3.147771
147.5200,3.167824
147.5400,3.010903
147.5600,3.026698
147.5800,3.049808
147.6000,3.089344
147.6200,3.115593
147.6400,3.126328
147.6600,3.139215
147.6800,3.151253
147.7000,3.161508
147.7200,3.167762
147.7400,3.171190
147.7600,3.054373
147.7800,3.099076
147.8000,3.136816
147.8200,3.191190
147.8400,3.245350
147.8600,3.275331
147.8800,3.297911
147.9000,3.313761
147.9200,3.327284
147.9400,3.336222
147.9600,3.309790
147.9800,3.199036
148.0000,3.206603
148.0200,3.203399
148.0400,3.202816
148.0600,3.217421
148.0800,3.225734
148.1000,3.217613
148.1200,3.209874
148.1400,3.203314
148.1600,3.196457
148.1800,3.132898
148.2000,3.042357
148.2200,3.027517
148.2400,3.005030
148.2600,2.984203
148.2800,2.976112
148.3000,2.981676
148.3200,2.970922
148.3400,2.954924
148.3600,2.939214
148.3800,2.925614
148.4000,2.849244
148.4200,2.823576
148.4400,2.853683
148.4600,2.879286
148.4800,2.900910
148.5000,2.923831
148.5200,2.960795
148.5400,2.991283
148.5600,3.003873
148.5800,3.012791
148.6000,3.020616
148.6200,2.925742
148.6400,2.881644
148.6600,2.873121
148.6800,2.864945
148.7000,2.857587
148.7200,2.850082
148.7400,2.854572
148.7600,2.873703
148.7800,2.880040
148.8000,2.876166
148.8200,2.874361
148.8400,2.753574
148.8600,2.809753
148.8800,2.865446
148.9000,2.912313
148.9200,2.953397
148.9400,2.990125
148.9600,3.020508
148.9800,3.068874
149.0000,3.120288
149.0200,3.145151
149.0400,3.164768
149.0600,3.008588
149.0800,3.041837
149.1000,3.057155
149.1200,3.067867
149.1400,3.078078
149.1600,3.086157
149.1800,3.094628
149.2000,3.107579
149.2200,3.136541
149.2400,3.161869
149.2600,3.166445
149.2800,2.988153
149.3000,3.024362
149.3200,3.041380
149.3400,3.047706
149.3600,3.052835
149.3800,3.057568
149.4000,3.061123
149.4200,3.061442
149.4400,3.072782
149.4600,3.106232
149.4800,3.115244
149.5000,2.935742
149.5200,3.016507
149.5400,3.085859
149.5600,3.133068
149.5800,3.169173
149.6000,3.200999
149.6200,3.227454
149.6400,3.249928
149.6600,3.274385
149.6800,3.320639
149.7000,3.362327
149.7200,3.163121
149.7400,3.176117
149.7600,3.197390
149.7800,3.206265
149.8000,3.202157
149.8200,3.196837
149.8400,3.192528
149.8600,3.186805
149.8800,3.180904
149.9000,3.184299
149.9200,3.203261
149.9400,3.030700
149.9600,3.051178
149.9800,3.087123
150.0000,3.126496
150.0200,3.141551
150.0400,3.154385
150.0600,3.162761
150.0800,3.170544
150.1000,3.176594
150.1200,3.185171
150.1400,3.202750
150.1600,3.064850
150.1800,3.117390
150.2000,3.168949
150.2200,3.234661
150.2400,3.292507
150.2600,3.323028
150.2800,3.348749
150.3000,3.369027
150.3200,3.386542
150.3400,3.401235
150.3600,3.400863
150.3800,3.244821
150.4000,3.219620
150.4200,3.192549
150.4400,3.176530
150.4600,3.173706
150.4800,3.161707
150.5000,3.136126
150.5200,3.111657
150.5400,3.087260
150.5600,3.063089
150.5800,3.004969
150.6000,2.909277
150.6200,2.906623
150.6400,2.903056
150.6600,2.900901
150.6800,2.924190
150.7000,2.935868
150.7200,2.935211
150.7400,2.930890
150.7600,2.924861
150.7800,2.918820
150.8000,2.859053
150.8200,2.817078
150.8400,2.851632
150.8600,2.883417
150.8800,2.910008
150.9000,2.942844
150.9200,2.992313
150.9400,3.019159
150.9600,3.030065
150.9800,3.038895
151.0000,3.046104
151.0200,2.964946
151.0400,2.932951
151.0600,2.955434
151.0800,2.976346
151.1000,2.996030
151.1200,3.015974
151.1400,3.061263
151.1600,3.106527
151.1800,3.130870
151.2000,3.151816
151.2200,3.170382
151.2400,3.064651
151.2600,3.090893
151.2800,3.121583
151.3000,3.143674
151.3200,3.161752
151.3400,3.177094
151.3600,3.203237
151.3800,3.239566
151.4000,3.258047
151.4200,3.261362
151.4400,3.261700
151.4600,3.122758
151.4800,3.132803
151.5000,3.148800
151.5200,3.158790
151.5400,3.167359
151.5600,3.174152
151.5800,3.180435
151.6000,3.214461
151.6200,3.246497
151.6400,3.259790
151.6600,3.266520
151.6800,3.101551
151.7000,3.136688
151.7200,3.154565
151.7400,3.168759
151.7600,3.180075
151.7800,3.189768
151.8000,3.196921
151.8200,3.207837
151.8400,3.237496
151.8600,3.258961
151.8800,3.262253
151.9000,3.076030
151.9200,3.095891
151.9400,3.097051
151.9600,3.092941
151.9800,3.088929
152.0000,3.082887
152.0200,3.075626
152.0400,3.069640
152.0600,3.076772
152.0800,3.095795
152.1000,3.095851
152.1200,2.916539
152.1400,2.981209
152.1600,3.030254
152.1800,3.062367
152.2000,3.085414
152.2200,3.103248
152.2400,3.120668
152.2600,3.138749
152.2800,3.160766
152.3000,3.201434
152.3200,3.235425
152.3400,3.046243
152.3600,3.088079
152.3800,3.141763
152.4000,3.171583
152.4200,3.188185
152.4400,3.202420
152.4600,3.214536
152.4800,3.223387
152.5000,3.231159
152.5200,3.251149
152.5400,3.279951
152.5600,3.099098
152.5800,3.128503
152.6000,3.172061
152.6200,3.215915
152.6400,3.235829
152.6600,3.250510
152.6800,3.264959
152.7000,3.275288
152.7200,3.284682
152.7400,3.294812
152.7600,3.322517
152.7800,3.139937
152.8000,3.116506
152.8200,3.097218
152.8400,3.101144
152.8600,3.092652
152.8800,3.072282
152.9000,3.056719
152.9200,3.043865
152.9400,3.029692
152.9600,3.015785
152.9800,3.001200
153.0000,2.873331
153.0200,2.876337
153.0400,2.878545
153.0600,2.900168
153.0800,2.917726
153.1000,2.918096
153.1200,2.920922
153.1400,2.919638
153.1600,2.919235
153.1800,2.918702
153.2000,2.893555
153.2200,2.831580
153.2400,2.904637
153.2600,2.967778
153.2800,3.028757
153.3000,3.105170
153.3200,3.165785
153.3400,3.203992
153.3600,3.238845
153.3800,3.273696
153.4000,3.304216
153.4200,3.269375
153.4400,3.184746
153.4600,3.198600
153.4800,3.209461
153.5000,3.219460
153.5200,3.243792
153.5400,3.273028
153.5600,3.280607
153.5800,3.286191
153.6000,3.288919
153.6200,3.289991
153.6400,3.207972
153.6600,3.162666
153.6800,3.189766
153.7000,3.213228
153.7200,3.233674
153.7400,3.255223
153.7600,3.294173
153.7800,3.329279
153.8000,3.340415
153.8200,3.352508
153.8400,3.359770
153.8600,3.248323
153.8800,3.213228
153.9000,3.215332
153.9200,3.215830
153.9400,3.215396
153.9600,3.214162
153.9800,3.224599
154.0000,3.250012
154.0200,3.265437
154.0400,3.261149
154.0600,3.257941
154.0800,3.116889
154.1000,3.160543
154.1200,3.208493
154.1400,3.249916
154.1600,3.286680
154.1800,3.318165
154.2000,3.345353
154.2200,3.388516
154.2400,3.437295
154.2600,3.459867
154.2800,3.473836
154.3000,3.294800
154.3200,3.309120
154.3400,3.297273
154.3600,3.288571
154.3800,3.280216
154.4000,3.270947
154.4200,3.260245
154.4400,3.253089
154.4600,3.267931
154.4800,3.281711
154.5000,3.273845
154.5200,3.083832
154.5400,3.143801
154.5600,3.180192
154.5800,3.199024
154.6000,3.214322
154.6200,3.228420
154.6400,3.241320
154.6600,3.252295
154.6800,3.268271
154.7000,3.302295
154.7200,3.319187
154.7400,3.122580
154.7600,3.181136
154.7800,3.232803
154.8000,3.261445
154.8200,3.280162
154.8400,3.296254
154.8600,3.312563
154.8800,3.326615
154.9000,3.339357
154.9200,3.368092
154.9400,3.395065
154.9600,3.196889
154.9800,3.227380
155.0000,3.275713
155.0200,3.312454
155.0400,3.330202
155.0600,3.342741
155.0800,3.352742
155.1000,3.362031
155.1200,3.369058
155.1400,3.382200
155.1600,3.417191
155.1800,3.230043
155.2000,3.248186
155.2200,3.279461
155.2400,3.317686
155.2600,3.333210
155.2800,3.341169
155.3000,3.347784
155.3200,3.353835
155.3400,3.357805
155.3600,3.359354
155.3800,3.374376
155.4000,3.218771
155.4200,3.243972
155.4400,3.268620
155.4600,3.310894
155.4800,3.350012
155.5000,3.362594
155.5200,3.376744
155.5400,3.387061
155.5600,3.394037
155.5800,3.400662
155.6000,3.386204
155.6200,3.250905
155.6400,3.256477
155.6600,3.259693
155.6800,3.271117
155.7000,3.298919
155.7200,3.311710
155.7400,3.310766
155.7600,3.309459
155.7800,3.306128
155.8000,3.301987
155.8200,3.253016
155.8400,3.156730
155.8600,3.169480
155.8800,3.180458
155.9000,3.191083
155.9200,3.217921
155.9400,3.247890
155.9600,3.255459
155.9800,3.259714
156.0000,3.262030
156.0200,3.262805
156.0400,3.271201
156.0600,3.307114
156.0800,3.363102
156.1000,3.413940
156.1200,3.437776
156.1400,3.456648
156.1600,3.475237
156.1800,3.491097
156.2000,3.502765
156.2200,3.514793
156.2400,3.546546
156.2600,3.578180
156.2800,3.582904
156.3000,3.585811
156.3200,3.587087
156.3400,3.589009
156.3600,3.590335
156.3800,3.594518
156.4000,3.600000
156.4200,3.600000
156.4400,3.600000
156.4600,3.590950
156.4800,3.526651
156.5000,3.470513
156.5200,3.419238
156.5400,3.375205
156.5600,3.354888
156.5800,3.345374
156.6000,3.309525
156.6200,3.274926
156.6400,3.244917
156.6600,3.235722
156.6800,3.254832
156.7000,3.282220
156.7200,3.326923
156.7400,3.356170
156.7600,3.366882
156.7800,3.376022
156.8000,3.382233
156.8200,3.387796
156.8400,3.392796
156.8600,3.405269
156.8800,3.440194
156.9000,3.463041
156.9200,3.465727
156.9400,3.468719
156.9600,3.472710
156.9800,3.472827
157.0000,3.471182
157.0200,3.480609
157.0400,3.511023
157.0600,3.523932
157.0800,3.465576
157.1000,3.403866
157.1200,3.347402
157.1400,3.297964
157.1600,3.256592
157.1800,3.224344
157.2000,3.209077
157.2200,3.181837
157.2400,3.151741
157.2600,3.127315
157.2800,3.136316
157.3000,3.175276
157.3200,3.207464
157.3400,3.261551
157.3600,3.314003
157.3800,3.343187
157.4000,3.364378
157.4200,3.382775
157.4400,3.398242
157.4600,3.411139
157.4800,3.415628
157.5000,3.397764
157.5200,3.390576
157.5400,3.366967
157.5600,3.338560
157.5800,3.312432
157.6000,3.289620
157.6200,3.269578
157.6400,3.249883
157.6600,3.251383
157.6800,3.259395
157.7000,3.071508
157.7200,3.091136
157.7400,3.123375
157.7600,3.157697
157.7800,3.166254
157.8000,3.172072
157.8200,3.176849
157.8400,0.555226
157.8600,0.560268
157.8800,0.564971
157.9000,0.570491
157.9200,0.574461
157.9400,0.580183
157.9600,0.560141
157.9800,0.577189
158.0000,0.593962
158.0200,0.612889
158.0400,0.629259
158.0600,0.639364
158.0800,0.649237
158.1000,0.657528
158.1200,0.664969
158.1400,0.671636
158.1600,0.673377
158.1800,0.623791
158.2000,0.581733
158.2200,0.543411
158.2400,0.508868
158.2600,0.477913
158.2800,0.449262
158.3000,0.422670
158.3200,0.398944
158.3400,0.376301
158.3600,0.355091
158.3800,0.335336
158.4000,0.341121
158.4200,0.362809
158.4400,0.383063
158.4600,0.402872
158.4800,0.424878
158.5000,0.443200
158.5200,0.456024
158.5400,0.466830
158.5600,0.475429
158.5800,0.480407
158.6000,0.474813
158.6200,0.491469
158.6400,0.529356
158.6600,0.563368
158.6800,0.593728
158.7000,0.623898
158.7200,0.653780
158.7400,0.680744
158.7600,0.701476
158.7800,0.722092
158.8000,0.739628
158.8200,0.731412
158.8400,0.724002
158.8600,0.730361
158.8800,0.734023
158.9000,0.737526
158.9200,0.741030
158.9400,0.751242
158.9600,0.763906
158.9800,0.776294
159.0000,0.789659
159.0200,0.804479
159.0400,0.791878
159.0600,0.771794
159.0800,0.763184
159.1000,0.755584
159.1200,0.750594
159.1400,0.749299
159.1600,0.750658
159.1800,0.753556
159.2000,0.754352
159.2200,0.755775
159.2400,0.757548
159.2600,0.732144
159.2800,0.742463
159.3000,0.755998
159.3200,0.765774
159.3400,0.770934
159.3600,0.773577
159.3800,0.776953
159.4000,0.781656
159.4200,0.783354
159.4400,0.783439
159.4600,0.784851
159.4800,0.754416
159.5000,0.748269
159.5200,0.743832
159.5400,0.738790
159.5600,0.732410
159.5800,0.724682
159.6000,0.719055
159.6200,0.720021
159.6400,0.726720
159.6600,0.732038
159.6800,0.735393
159.7000,0.700659
159.7200,0.716646
159.7400,0.725446
159.7600,0.732941
159.7800,0.740329
159.8000,0.748312
159.8200,0.756327
159.8400,0.765668
159.8600,0.783619
159.8800,0.796432
159.9000,0.802027
159.9200,0.761995
159.9400,0.742081
159.9600,0.720818
159.9800,0.701879
160.0000,0.685436
160.0200,0.670659
160.0400,0.658961
160.0600,0.649693
160.0800,0.646021
160.1000,0.643791
160.1200,0.637655
160.1400,0.601074
160.1600,0.565045
160.1800,0.534250
160.2000,0.508581
160.2200,0.488709
160.2400,0.471660
160.2600,0.457117
160.2800,0.444102
160.3000,0.432117
160.3200,0.419718
160.3400,0.405791
160.3600,0.383923
160.3800,0.393350
160.4000,0.399899
160.4200,0.402362
160.4400,0.401991
160.4600,0.401916
160.4800,0.402575
160.5000,0.402500
160.5200,0.405504
160.5400,0.411438
160.5600,0.418360
160.5800,0.397288
160.6000,0.409772
160.6200,0.424230
160.6400,0.436810
160.6600,0.447881
160.6800,0.458157
160.7000,0.468699
160.7200,0.479463
160.7400,0.489197
160.7600,0.501288
160.7800,0.514335
160.8000,0.490142
160.8200,0.501479
160.8400,0.513708
160.8600,0.524324
160.8800,0.528846
160.9000,0.531553
160.9200,0.533453
160.9400,0.533835
160.9600,0.533761
160.9800,0.533464
161.0000,0.535534
161.0200,0.524600
161.0400,0.565056
161.0600,0.602805
161.0800,0.642061
161.1000,0.675479
161.1200,0.702432
161.1400,0.726210
161.1600,0.748312
161.1800,0.768492
161.2000,0.786592
161.2200,0.801061
161.2400,0.762887
161.2600,0.752600
161.2800,0.742282
161.3000,0.735276
161.3200,0.731147
161.3400,0.723864
161.3600,0.716041
161.3800,0.708833
161.4000,0.702198
161.4200,0.696020
161.4400,0.685277
161.4600,0.668547
161.4800,0.680288
161.5000,0.691466
161.5200,0.701561
161.5400,0.715658
161.5600,0.727803
161.5800,0.733588
161.6000,0.740403
161.6200,0.745679
161.6400,0.749426
161.6600,0.740563
161.6800,0.728057
161.7000,0.736974
161.7200,0.744894
161.7400,0.752919
161.7600,0.762929
161.7800,0.774511
161.8000,0.781783
161.8200,0.786209
161.8400,0.790042
161.8600,0.793598
161.8800,0.777452
161.9000,0.745223
161.9200,0.724788
161.9400,0.705478
161.9600,0.687687
161.9800,0.672634
162.0000,0.661148
162.0200,0.651403
162.0400,0.641562
162.0600,0.631371
162.0800,0.622719
162.1000,0.599503
162.1200,0.591924
162.1400,0.590682
162.1600,0.589960
162.1800,0.589376
162.2000,0.588028
162.2200,0.590565
162.2400,0.593930
162.2600,0.594344
162.2800,0.593272
162.3000,0.591913
162.3200,0.569228
162.3400,0.596679
162.3600,0.625097
162.3800,0.650500
162.4000,0.673377
162.4200,0.693164
162.4400,0.711848
162.4600,0.734639
162.4800,0.755000
162.5000,0.769989
162.5200,0.782388
162.5400,0.750584
162.5600,0.726444
162.5800,0.701922
162.6000,0.680946
162.6200,0.662570
162.6400,0.644757
162.6600,0.629036
162.6800,0.616934
162.7000,0.607783
162.7200,0.598293
162.7400,0.588017
162.7600,0.555555
162.7800,0.592677
162.8000,0.620522
162.8200,0.643589
162.8400,0.664003
162.8600,0.682198
162.8800,0.698748
162.9000,0.714841
162.9200,0.733079
162.9400,0.751327
162.9600,0.762738
162.9800,0.723525
163.0000,0.744023
163.0200,0.760902
163.0400,0.772473
163.0600,0.782303
163.0800,0.790742
163.1000,0.798789
163.1200,0.804999
163.1400,0.811825
163.1600,0.822748
163.1800,0.831644
163.2000,0.785371
163.2200,0.788428
163.2400,0.794500
163.2600,0.797950
163.2800,0.798991
163.3000,0.800264
163.3200,0.802037
163.3400,0.803332
163.3600,0.804638
163.3800,0.809755
163.4000,0.812334
163.4200,0.765467
163.4400,0.755265
163.4600,0.746582
163.4800,0.734841
163.5000,0.712973
163.5200,0.685723
163.5400,0.657708
163.5600,0.638484
163.5800,0.629779
163.6000,0.631159
163.6200,0.640522
163.6400,0.618101
163.6600,0.641540
163.6800,0.661360
163.7000,0.678610
163.7200,0.682878
163.7400,0.682867
163.7600,0.680054
163.7800,0.674608
163.8000,0.668929
163.8200,0.665288
163.8400,0.667475
163.8600,0.631212
163.8800,0.662729
163.9000,0.677028
163.9200,0.688737
163.9400,0.698642
163.9600,0.707962
163.9800,0.718153
164.0000,0.730276
164.0200,0.746475
164.0400,0.770902
164.0600,0.793056
164.0800,0.749777
164.1000,0.802069
164.1200,0.819415
164.1400,0.837398
164.1600,0.855561
164.1800,0.872694
164.2000,0.889000
164.2200,0.906792
164.2400,0.926982
164.2600,0.939466
164.2800,0.948967
164.3000,0.959636
164.3200,0.963925
164.3400,0.957736
164.3600,0.953702
164.3800,0.955305
164.4000,0.951345
164.4200,0.943468
164.4400,0.933766
164.4600,0.922672
164.4800,0.908681
164.5000,0.891961
164.5200,0.875964
164.5400,0.855327
164.5600,0.830657
164.5800,0.804840
164.6000,0.779691
164.6200,0.755785
164.6400,0.734458
164.6600,0.716264
164.6800,0.705744
164.7000,0.701051
164.7200,0.672973
164.7400,0.648770
164.7600,0.627889
164.7800,0.609503
164.8000,0.593845
164.8200,0.580193
164.8400,0.570385
164.8600,0.566701
164.8800,0.562890
164.9000,0.561797
164.9200,0.580236
164.9400,0.606127
164.9600,0.627518
164.9800,0.645574
165.0000,0.664587
165.0200,0.681731
165.0400,0.689279
165.0600,0.692697
165.0800,0.692421
165.1000,0.688366
165.1200,0.673302
165.1400,0.639311
165.1600,0.605586
165.1800,0.572211
165.2000,0.539016
165.2200,0.509324
165.2400,0.482446
165.2600,0.457807
165.2800,0.437085
165.3000,0.419655
165.3200,0.405855
165.3400,0.450811
165.3600,0.486904
165.3800,0.521872
165.4000,0.553708
165.4200,0.582264
165.4400,0.606669
165.4600,0.630585
165.4800,0.657984
165.5000,0.680213
165.5200,0.698015
165.5400,0.675839
165.5600,0.638483
165.5800,0.605129
165.6000,0.574833
165.6200,0.547285
165.6400,0.523591
165.6600,0.499632
165.6800,0.475131
165.7000,0.452138
165.7200,0.429591
165.7400,0.421056
165.7600,0.442659
165.7800,0.466055
165.8000,0.489250
165.8200,0.506235
165.8400,0.520672
165.8600,0.533443
165.8800,0.545735
165.9000,0.557625
165.9200,0.568368
165.9400,0.580024
165.9600,0.553230
165.9800,0.553963
166.0000,0.555258
166.0200,0.560353
166.0400,0.565353
166.0600,0.568304
166.0800,0.572296
166.1000,0.576882
166.1200,0.583134
166.1400,0.589344
166.1600,0.595066
166.1800,0.558368
166.2000,0.532933
166.2200,0.510152
166.2400,0.490598
166.2600,0.474272
166.2800,0.458826
166.3000,0.444272
166.3200,0.429941
166.3400,0.417181
166.3600,0.405897
166.3800,0.392405
166.4000,0.372097
166.4200,0.358605
166.4400,0.345028
166.4600,0.332735
166.4800,0.321217
166.5000,0.309710
166.5200,0.297608
166.5400,0.286016
166.5600,0.274604
166.5800,0.263086
166.6000,0.251409
166.6200,0.250836
166.6400,0.258278
166.6600,0.263320
166.6800,0.268044
166.7000,0.274084
166.7200,0.279148
166.7400,0.282619
166.7600,0.284859
166.7800,0.287491
166.8000,0.290167
166.8200,0.286366
166.8400,0.309444
166.8600,0.344953
166.8800,0.377447
166.9000,0.406958
166.9200,0.434708
166.9400,0.466777
166.9600,0.492053
166.9800,0.511362
167.0000,0.528358
167.0200,0.545183
167.0400,0.540693
167.0600,0.570767
167.0800,0.728832
167.1000,0.752399
167.1200,0.743089
167.1400,0.736688
167.1600,0.726815
167.1800,0.717622
167.2000,0.708758
167.2200,0.700638
167.2400,0.691901
167.2600,0.680521
167.2800,0.661031
167.3000,0.668748
167.3200,0.674873
167.3400,0.684247
167.3600,0.695425
167.3800,0.701604
167.4000,0.705032
167.4200,0.707495
167.4400,0.711455
167.4600,0.715828
167.4800,0.709013
167.5000,0.678982
167.5200,0.665574
167.5400,0.652666
167.5600,0.642008
167.5800,0.636169
167.6000,0.627709
167.6200,0.616573
167.6400,0.606329
167.6600,0.595894
167.6800,0.586181
167.7000,0.570119
167.7200,0.574164
167.7400,0.600076
167.7600,0.624099
167.7800,0.647337
167.8000,0.674470
167.8200,0.703822
167.8400,0.726115
167.8600,0.746497
167.8800,0.765106
167.9000,0.783524
167.9200,0.777314
167.9400,0.725637
167.9600,0.681370
167.9800,0.641222
168.0000,0.604259
168.0200,0.570088
168.0400,0.539833
168.0600,0.511023
168.0800,0.483252
168.1000,0.458295
168.1200,0.434644
168.1400,0.409156
168.1600,0.411162
168.1800,0.418423
168.2000,0.424028
168.2200,0.429379
168.2400,0.434495
168.2600,0.440026
168.2800,0.446629
168.3000,0.449962
168.3200,0.453911
168.3400,0.456268
168.3600,0.441225
168.3800,0.512052
168.4000,0.586531
168.4200,0.656020
168.4400,0.718440
168.4600,0.775297
168.4800,0.828842
168.5000,0.882907
168.5200,0.928362
168.5400,0.964392
168.5600,0.996896
168.5800,0.972077
168.6000,0.901208
168.6200,0.838045
168.6400,0.780212
168.6600,0.727590
168.6800,0.680139
168.7000,0.636498
168.7200,0.597178
168.7400,0.562986
168.7600,0.531415
168.7800,0.502371
168.8000,0.470864
168.8200,0.487180
168.8400,0.501193
168.8600,0.515609
168.8800,0.528422
168.9000,0.541744
168.9200,0.555342
168.9400,0.571202
168.9600,0.592242
168.9800,0.610161
169.0000,0.624099
169.0200,0.597306
169.0400,0.688939
169.0600,0.762367
169.0800,0.826994
169.1000,0.885327
169.1200,0.938585
169.1400,0.986822
169.1600,1.031259
169.1800,1.082744
169.2000,1.130759
169.2200,1.163487
169.2400,1.109889
169.2600,1.157404
169.2800,1.194739
169.3000,1.222626
169.3200,1.247679
169.3400,1.270354
169.3600,1.290004
169.3800,1.307382
169.4000,1.331988
169.4200,1.358485
169.4400,1.373164
169.4600,1.297465
169.4800,1.220736
169.5000,1.152425
169.5200,1.089613
169.5400,1.032989
169.5600,0.981557
169.5800,0.935252
169.6000,0.893257
169.6200,0.856187
169.6400,0.825041
169.6600,0.795477
169.6800,0.754564
169.7000,0.786634
169.7200,0.818045
169.7400,0.842313
169.7600,0.861803
169.7800,0.880752
169.8000,0.899998
169.8200,0.918256
169.8400,0.937311
169.8600,0.962629
169.8800,0.989858
169.9000,0.943978
169.9200,0.976706
169.9400,1.013106
169.9600,1.042756
169.9800,1.062225
170.0000,1.078817
170.0200,1.094040
170.0400,1.108434
170.0600,1.119814
170.0800,1.135504
170.1000,1.152054
170.1200,1.099135
170.1400,1.121215
170.1600,1.148147
170.1800,1.178954
170.2000,1.196788
170.2200,1.211512
170.2400,1.224176
170.2600,1.236649
170.2800,1.249622
170.3000,1.261745
170.3200,1.282647
170.3400,1.206565
170.3600,1.172276
170.3800,1.145217
170.4000,1.123551
170.4200,1.101152
170.4400,1.076725
170.4600,1.055080
170.4800,1.035431
170.5000,1.017682
170.5200,1.002257
170.5400,0.988287
170.5600,0.953776
170.5800,0.967566
170.6000,0.981122
170.6200,0.997863
170.6400,1.015039
170.6600,1.022406
170.6800,1.029486
170.7000,1.036153
170.7200,1.041100
170.7400,1.044019
170.7600,1.044804
170.7800,1.002257
170.8000,1.000272
170.8200,0.998234
170.8400,1.001058
170.8600,1.006440
170.8800,1.005272
170.9000,1.004221
170.9200,1.004349
170.9400,1.004922
170.9600,1.003945
170.9800,0.995315
171.0000,0.983744
171.0200,1.018234
171.0400,1.048520
171.0600,1.076057
171.0800,1.106736
171.1000,1.131396
171.1200,1.149103
171.1400,1.164846
171.1600,1.178327
171.1800,1.190769
171.2000,1.184336
171.2200,1.121120
171.2400,1.079273
171.2600,1.040919
171.2800,1.005909
171.3000,0.976992
171.3200,0.951727
171.3400,0.925135
171.3600,0.900359
171.3800,0.877195
171.4000,0.855741
171.4200,0.824351
171.4400,0.833077
171.4600,0.862535
171.4800,0.888214
171.5000,0.911781
171.5200,0.934445
171.5400,0.962067
171.5600,1.087691
171.5800,1.338209
171.6000,1.332870
171.6200,1.315874
171.6400,1.288560
171.6600,1.227148
171.6800,1.192425
171.7000,1.160419
171.7200,1.133307
171.7400,1.113593
171.7600,1.095207
171.7800,1.073573
171.8000,1.052522
171.8200,1.034210
171.8400,1.017629
171.8600,0.990676
171.8800,0.994901
171.9000,1.035028
171.9200,1.066906
171.9400,1.094347
171.9600,1.126884
171.9800,1.161088
172.0000,1.183699
172.0200,1.203359
172.0400,1.220440
172.0600,1.236819
172.0800,1.224293
172.1000,1.173635
172.1200,1.145525
172.1400,1.120058
172.1600,1.096375
172.1800,1.076726
172.2000,1.063944
172.2200,1.046960
172.2400,1.030378
172.2600,1.015410
172.2800,1.000888
172.3000,0.967958
172.3200,0.967481
172.3400,0.979816
172.3600,0.988691
172.3800,0.996514
172.4000,1.003584
172.4200,1.018616
172.4400,1.032002
172.4600,1.036397
172.4800,1.042618
172.5000,1.048095
172.5200,1.019200
172.5400,0.965931
172.5600,0.922142
172.5800,0.882578
172.6000,0.846485
172.6200,0.812472
172.6400,0.781730
172.6600,0.756295
172.6800,0.731508
172.7000,0.708270
172.7200,0.687081
172.7400,0.653844
172.7600,0.715446
172.7800,0.775912
172.8000,0.829850
172.8200,0.878321
172.8400,0.922471
172.8600,0.963330
172.8800,1.009264
172.9000,1.051439
172.9200,1.081715
172.9400,1.109294
172.9600,1.068658
172.9800,1.128774
173.0000,1.172829
173.0200,1.213454
173.0400,1.250885
173.0600,1.283888
173.0800,1.315396
173.1000,1.347423
173.1200,1.386754
173.1400,1.418271
173.1600,1.440520
173.1800,1.372422
173.2000,1.348007
173.2200,1.310311
173.2400,1.277381
173.2600,1.247732
173.2800,1.221448
173.3000,1.197478
173.3200,1.179028
173.3400,1.166438
173.3600,1.248666
173.3800,1.420119
173.4000,1.350204
173.4200,1.340916
173.4400,1.324631
173.4600,1.310609
173.4800,1.298889
173.5000,1.289451
173.5200,1.280470
173.5400,1.280025
173.5600,1.284101
173.5800,1.280917
173.6000,1.278358
173.6200,1.216586
173.6400,1.273719
173.6600,1.314886
173.6800,1.350247
173.7000,1.380808
173.7200,1.407391
173.7400,1.430002
173.7600,1.449833
173.7800,1.477974
173.8000,1.498081
173.8200,1.510712
173.8400,1.436054
173.8600,1.468155
173.8800,1.480905
173.9000,1.488718
173.9200,1.493919
173.9400,1.497740
173.9600,1.500670
173.9800,1.500468
174.0000,1.509513
174.0200,1.520501
174.0400,1.520309
174.0600,1.436679
174.0800,1.486848
174.1000,1.489620
174.1200,1.491371
174.1400,1.491594
174.1600,1.490968
174.1800,1.488736
174.2000,1.496922
174.2200,1.507274
174.2400,1.508718
174.2600,1.508587
174.2800,1.437412
174.3000,1.471616
174.3200,1.471944
174.3400,1.471032
174.3600,1.469756
174.3800,1.467432
174.4000,1.470416
174.4200,1.479937
174.4400,1.479502
174.4600,1.477232
174.4800,1.474249
174.5000,1.418113
174.5200,1.426021
174.5400,1.430225
174.5600,1.428347
174.5800,1.425746
174.6000,1.429120
174.6200,1.438962
174.6400,1.439280
174.6600,1.439514
174.6800,1.437030
174.7000,1.435639
174.7200,1.440700
174.7400,1.468048
174.7600,1.481924
174.7800,1.497707
174.8000,1.499068
174.8200,1.497899
174.8400,1.494002
174.8600,1.488612
174.8800,1.480861
174.9000,1.475638
174.9200,1.474024
174.9400,1.475500
174.9600,1.462741
174.9800,1.450923
175.0000,1.439386
175.0200,1.428698
175.0400,1.420075
175.0600,1.417413
175.0800,1.420850
175.1000,1.409800
175.1200,1.393718
175.1400,1.361500
175.1600,1.322179
175.1800,1.284950
175.2000,1.253051
175.2200,1.225959
175.2400,1.202796
175.2600,1.176172
175.2800,1.149389
175.3000,1.126460
175.3200,1.107723
175.3400,1.099400
175.3600,1.118158
175.3800,1.135897
175.4000,1.147627
175.4200,1.153784
175.4400,1.159517
175.4600,1.163933
175.4800,1.168136
175.5000,1.172393
175.5200,1.182648
175.5400,1.200185
175.5600,1.219102
175.5800,1.223815
175.6000,1.226480
175.6200,1.227488
175.6400,1.228762
175.6600,1.228507
175.6800,1.233910
175.7000,1.246564
175.7200,1.249834
175.7400,1.248740
175.7600,1.223284
175.7800,1.185779
175.8000,1.151810
175.8200,1.119135
175.8400,1.092437
175.8600,1.067246
175.8800,1.040930
175.9000,1.016493
175.9200,0.992990
175.9400,0.969540
175.9600,0.956717
175.9800,0.990516
176.0000,1.025697
176.0200,1.050930
176.0400,1.067257
176.0600,1.081290
176.0800,1.091365
176.1000,1.099921
176.1200,1.107203
176.1400,1.115271
176.1600,1.127776
176.1800,1.126980
176.2000,1.121269
176.2200,1.115388
176.2400,1.108965
176.2600,1.101577
176.2800,1.093700
176.3000,1.091375
176.3200,1.091492
176.3400,1.087702
176.3600,1.083382
176.3800,1.029115
176.4000,1.050091
176.4200,1.059369
176.4400,1.067639
176.4600,1.076556
176.4800,1.086067
176.5000,1.095059
176.5200,1.109071
176.5400,1.131598
176.5600,1.148306
176.5800,1.158816
176.6000,1.100727
176.6200,1.113954
176.6400,1.119549
176.6600,1.123211
176.6800,1.126088
176.7000,1.130228
176.7200,1.134145
176.7400,1.136406
176.7600,1.143890
176.7800,1.150918
176.8000,1.145185
176.8200,1.081747
176.8400,1.095844
176.8600,1.107914
176.8800,1.114390
176.9000,1.118647
176.9200,1.124443
176.9400,1.130366
176.9600,1.137415
176.9800,1.148795
177.0000,1.168572
177.0200,1.181544
177.0400,1.117574
177.0600,1.135833
177.0800,1.151916
177.1000,1.160769
177.1200,1.166448
177.1400,1.174442
177.1600,1.184325
177.1800,1.194580
177.2000,1.207595
177.2200,1.231501
177.2400,1.254982
177.2600,1.186576
177.2800,1.187319
177.3000,1.196745
177.3200,1.202393
177.3400,1.202818
177.3600,1.203560
177.3800,1.203561
177.4000,1.202658
177.4200,1.201735
177.4400,1.205217
177.4600,1.214293
177.4800,1.152404
177.5000,1.161523
177.5200,1.172977
177.5400,1.185111
177.5600,1.187690
177.5800,1.186406
177.6000,1.183072
177.6200,1.180504
177.6400,1.178083
177.6600,1.174697
177.6800,1.180981
177.7000,1.126778
177.7200,1.140865
177.7400,1.161480
177.7600,1.188465
177.7800,1.210800
177.8000,1.234229
177.8200,1.258337
177.8400,1.285141
177.8600,1.314091
177.8800,1.343398
177.9000,1.381097
177.9200,1.331012
177.9400,1.362529
177.9600,1.398378
177.9800,1.443229
178.0000,1.495087
178.0200,1.537771
178.0400,1.581774
178.0600,1.624991
178.0800,1.670276
178.1000,1.715412
178.1200,1.749565
178.1400,1.726443
178.1600,1.806145
178.1800,1.875464
178.2000,1.947134
178.2200,2.026144
178.2400,2.087300
178.2600,2.139456
178.2800,2.186208
178.3000,2.228733
178.3200,2.268214
178.3400,2.268193
178.3600,2.187301
178.3800,2.168256
178.4000,2.149774
178.4200,2.132524
178.4400,2.129127
178.4600,2.127227
178.4800,2.115304
178.5000,2.102704
178.5200,2.090348
178.5400,2.078033
178.5600,2.030889
178.5800,2.019383
178.6000,2.062344
178.6200,2.098288
178.6400,2.130529
178.6600,2.165115
178.6800,2.208192
178.7000,2.239287
178.7200,2.256302
178.7400,2.268108
178.7600,2.278246
178.7800,2.219966
178.8000,2.204424
178.8200,2.224434
178.8400,2.242746
178.8600,2.259031
178.8800,2.271207
178.9000,2.294615
178.9200,2.321025
178.9400,2.333935
178.9600,2.340570
178.9800,2.345452
179.0000,2.260941
179.0200,2.222724
179.0400,2.200827
179.0600,2.179933
179.0800,2.161686
179.1000,2.145582
179.1200,2.134299
179.1400,2.135984
179.1600,2.140284
179.1800,2.131886
179.2000,2.123969
179.2200,2.026855
179.2400,2.067652
179.2600,2.096813
179.2800,2.121940
179.3000,2.145954
179.3200,2.166718
179.3400,2.183766
179.3600,2.206240
179.3800,2.241377
179.4000,2.264445
179.4200,2.277428
179.4400,2.161876
179.4600,2.154785
179.4800,2.135145
179.5000,2.113628
179.5200,2.092525
179.5400,2.071547
179.5600,2.049753
179.5800,2.025678
179.6000,2.007673
179.6200,1.992205
179.6400,1.964572
179.6600,1.853174
179.6800,1.829638
179.7000,1.802950
179.7200,1.772240
179.7400,1.745224
179.7600,1.721250
179.7800,1.701985
179.8000,1.684500
179.8200,1.674459
179.8400,1.674088
179.8600,1.676007
179.8800,1.590223
179.9000,1.616008
179.9200,1.645466
179.9400,1.666698
179.9600,1.681582
179.9800,1.694405
180.0000,1.705435
180.0200,1.712908
180.0400,1.717186
180.0600,1.726485
180.0800,1.738376
180.1000,1.656707
180.1200,1.693514
180.1400,1.738173
180.1600,1.778981
180.1800,1.805105
180.2000,1.828747
180.2200,1.850360
180.2400,1.870720
180.2600,1.889892
180.2800,1.908619
180.3000,1.937896
180.3200,1.866294
180.3400,1.918555
180.3600,1.969754
180.3800,2.028447
180.4000,2.074372
180.4200,2.104583
180.4400,2.132960
180.4600,2.159232
180.4800,2.183223
180.5000,2.205230
180.5200,2.218916
180.5400,2.127493
180.5600,2.124277
180.5800,2.120677
180.6000,2.127227
180.6200,2.138331
180.6400,2.138237
180.6600,2.134542
180.6800,2.131028
180.7000,2.128394
180.7200,2.125073
180.7400,2.102289
180.7600,2.055911
180.7800,2.089616
180.8000,2.119710
180.8200,2.149699
180.8400,2.193850
180.8600,2.234786
180.8800,2.252640
180.9000,2.266940
180.9200,2.276473
180.9400,2.280878
180.9600,2.240463
180.9800,2.171730
181.0000,2.154690
181.0200,2.140836
181.0400,2.127843
181.0600,2.125848
181.0800,2.136536
181.1000,2.139341
181.1200,2.134243
181.1400,2.123843
181.1600,2.109382
181.1800,2.042238
181.2000,2.038161
181.2200,2.067259
181.2400,2.088628
181.2600,2.107438
181.2800,2.124169
181.3000,2.154753
181.3200,2.195274
181.3400,2.222344
181.3600,2.250136
181.3800,2.277990
181.4000,2.211822
181.4200,2.217820
181.4400,2.239785
181.4600,2.257449
181.4800,2.270007
181.5000,2.278521
181.5200,2.287449
181.5400,2.303554
181.5600,2.310558
181.5800,2.302724
181.6000,2.292704
181.6200,2.188000
181.6400,2.182236
181.6600,2.174519
181.6800,2.166185
181.7000,2.157906
181.7200,2.148481
181.7400,2.139350
181.7600,2.136590
181.7800,2.141495
181.8000,2.134393
181.8200,2.123151
181.8400,2.012598
181.8600,1.999795
181.8800,1.976527
181.9000,1.952473
181.9200,1.930243
181.9400,1.908937
181.9600,1.889267
181.9800,1.872270
182.0000,1.865326
182.0200,1.859892
182.0400,1.847589
182.0600,1.750733
182.0800,1.814118
182.1000,1.868672
182.1200,1.915931
182.1400,1.965614
182.1600,2.017715
182.1800,2.073087
182.2000,2.130316
182.2200,2.192385
182.2400,2.264635
182.2600,2.323289
182.2800,2.208957
182.3000,2.315262
182.3200,2.413130
182.3400,2.476707
182.3600,2.534254
182.3800,2.588470
182.4000,2.638821
182.4200,2.685826
182.4400,2.731081
182.4600,2.795858
182.4800,2.857941
182.5000,2.702684
182.5200,2.731516
182.5400,2.779096
182.5600,2.813597
182.5800,2.835975
182.6000,2.857844
182.6200,2.878576
182.6400,2.897812
182.6600,2.916220
182.6800,2.944064
182.7000,2.986434
182.7200,2.837481
182.7400,2.876240
182.7600,2.930816
182.7800,2.985731
182.8000,3.014892
182.8200,3.036412
182.8400,3.056263
182.8600,3.075604
182.8800,3.092218
182.9000,3.105722
182.9200,3.131784
182.9400,2.988226
182.9600,3.008249
182.9800,3.027663
183.0000,3.065083
183.0200,3.089798
183.0400,3.097833
183.0600,3.103950
183.0800,3.109130
183.1000,3.113876
183.1200,3.118641
183.1400,3.595899
183.1600,3.600000
183.1800,3.600000
183.2000,3.600000
183.2200,3.600000
183.2400,3.600000
183.2600,3.600000
183.2800,3.600000
183.3000,3.600000
183.3200,3.600000
183.3400,3.600000
183.3600,3.600000
183.3800,3.590100
183.4000,3.600000
183.4200,3.600000
183.4400,3.600000
183.4600,3.600000
183.4800,3.592331
183.5000,3.570155
183.5200,3.543836
183.5400,3.519198
183.5600,3.507117
183.5800,3.488135
183.6000,3.280544
183.6200,3.264173
183.6400,3.263549
183.6600,3.248280
183.6800,3.227178
183.7000,3.208070
183.7200,3.190055
183.7400,3.175352
183.7600,3.163758
183.7800,3.165212
183.8000,3.180435
183.8200,3.013979
183.8400,3.031496
183.8600,3.056485
183.8800,3.090009
183.9000,3.102198
183.9200,3.113970
183.9400,3.126953
183.9600,3.140861
183.9800,3.153357
184.0000,3.165404
184.0200,3.198717
184.0400,3.055529
184.0600,3.099862
184.0800,3.145234
184.1000,3.201073
184.1200,3.249099
184.1400,3.273493
184.1600,3.296211
184.1800,3.314164
184.2000,3.328867
184.2200,3.340226
184.2400,3.345280
184.2600,3.214714
184.2800,3.239046
184.3000,3.245852
184.3200,3.265766
184.3400,3.296393
184.3600,3.303517
184.3800,3.307954
184.4000,3.306891
184.4200,3.303007
184.4400,3.295298
184.4600,3.260278
184.4800,3.154980
184.5000,3.171519
184.5200,3.186467
184.5400,3.197868
184.5600,3.231042
184.5800,3.257866
184.6000,3.262803
184.6200,3.271553
184.6400,3.278399
184.6600,3.284799
184.6800,3.227070
184.7000,3.154660
184.7200,3.172345
184.7400,3.188516
184.7600,3.201616
184.7800,3.225425
184.8000,3.263166
184.8200,3.281275
184.8400,3.289429
184.8600,3.295330
184.8800,3.299800
184.9000,3.210723
184.9200,3.159671
184.9400,3.166933
184.9600,3.175573
184.9800,3.183248
185.0000,3.189439
185.0200,3.212953
185.0400,3.242316
185.0600,3.247932
185.0800,3.254589
185.1000,3.259833
185.1200,3.275194
185.1400,3.308717
185.1600,3.340988
185.1800,3.387827
185.2000,3.428569
185.2200,3.450566
185.2400,3.470452
185.2600,3.485162
185.2800,3.495216
185.3000,3.502679
185.3200,3.515367
185.3400,3.549411
185.3600,3.573169
185.3800,3.580143
185.4000,3.583945
185.4200,3.586193
185.4400,3.585303
185.4600,3.584273
185.4800,3.591874
185.5000,3.600000
185.5200,3.600000
185.5400,3.589592
185.5600,3.534793
185.5800,3.482891
185.6000,3.434472
185.6200,3.386978
185.6400,3.356160
185.6600,3.344238
185.6800,3.319536
185.7000,3.294057
185.7200,3.266319
185.7400,3.256774
185.7600,3.269672
185.7800,3.278928
185.8000,3.304662
185.8200,3.336171
185.8400,3.348028
185.8600,3.351869
185.8800,3.352752
185.9000,3.355481
185.9200,3.359515
185.9400,3.357508
185.9600,3.374217
185.9800,3.399302
186.0000,3.402614
186.0200,3.400076
186.0400,3.397721
186.0600,3.395278
186.0800,3.388940
186.1000,3.384228
186.1200,3.398166
186.1400,3.415524
186.1600,3.375703
186.1800,3.332381
186.2000,3.293260
186.2200,3.258408
186.2400,3.226231
186.2600,3.199331
186.2800,3.203450
186.3000,3.196741
186.3200,3.178515
186.3400,3.160234
186.3600,3.169766
186.3800,3.198334
186.4000,3.223016
186.4200,3.253600
186.4400,3.300163
186.4600,3.335481
186.4800,3.349419
186.5000,3.362752
186.5200,3.373505
186.5400,3.382084
186.5600,3.380343
186.5800,3.371744
186.6000,3.362550
186.6200,3.340363
186.6400,3.309619
186.6600,3.281924
186.6800,3.254790
186.7000,3.229140
186.7200,3.203261
186.7400,3.191052
186.7600,3.193908
186.7800,3.027547
186.8000,3.062377
186.8200,3.093312
186.8400,3.122220
186.8600,3.131561
186.8800,3.137994
186.9000,3.141465
186.9200,3.143017
186.9400,3.144979
186.9600,3.147771
186.9800,3.167824
187.0000,3.010903
187.0200,3.026698
187.0400,3.049808
187.0600,3.089344
187.0800,3.115593
187.1000,3.126328
187.1200,3.139215
187.1400,3.151253
187.1600,3.161508
187.1800,3.167762
187.2000,3.171190
187.2200,3.054373
187.2400,3.099076
187.2600,3.136816
187.2800,3.191190
187.3000,3.245350
187.3200,3.275331
187.3400,3.297911
187.3600,3.313761
187.3800,3.327284
187.4000,3.336222
187.4200,3.309790
187.4400,3.199036
187.4600,3.206603
187.4800,3.203399
187.5000,3.202816
187.5200,3.217421
187.5400,3.225734
187.5600,3.217613
187.5800,3.209874
187.6000,3.203314
187.6200,3.196457
187.6400,3.132898
187.6600,3.042357
187.6800,3.027517
187.7000,3.005030
187.7200,2.984203
187.7400,2.976112
187.7600,2.981676
187.7800,2.970922
187.8000,2.954924
187.8200,2.939214
187.8400,2.925614
187.8600,2.849244
187.8800,2.823576
187.9000,2.853683
187.9200,2.879286
187.9400,2.900910
187.9600,2.923831
187.9800,2.960795
188.0000,2.991283
188.0200,3.003873
188.0400,3.012791
188.0600,3.020616
188.0800,2.925742
188.1000,2.881644
188.1200,2.873121
188.1400,2.864945
188.1600,2.857587
188.1800,2.850082
188.2000,2.854572
188.2200,2.873703
188.2400,2.880040
188.2600,2.876166
188.2800,2.874361
188.3000,2.753574
188.3200,2.809753
188.3400,2.865446
188.3600,2.912313
188.3800,2.953397
188.4000,2.990125
188.4200,3.020508
188.4400,3.068874
188.4600,3.120288
188.4800,3.145151
188.5000,3.164768
188.5200,3.008588
188.5400,3.041837
188.5600,3.057155
188.5800,3.067867
188.6000,3.078078
188.6200,3.086157
188.6400,3.094628
188.6600,3.107579
188.6800,3.136541
188.7000,3.161869
188.7200,3.166445
188.7400,2.988153
188.7600,3.024362
188.7800,3.041380
188.8000,3.047706
188.8200,3.052835
188.8400,3.057568
188.8600,3.061123
188.8800,3.061442
188.9000,3.072782
188.9200,3.106232
188.9400,3.115244
188.9600,2.935742
188.9800,3.016507
189.0000,3.085859
189.0200,3.133068
189.0400,3.169173
189.0600,3.200999
189.0800,3.227454
189.1000,3.249928
189.1200,3.274385
189.1400,3.320639
189.1600,3.362327
189.1800,3.163121
189.2000,3.176117
189.2200,3.197390
189.2400,3.206265
189.2600,3.202157
189.2800,3.196837
189.3000,3.192528
189.3200,3.186805
189.3400,3.180904
189.3600,3.184299
189.3800,3.203261
189.4000,3.030700
189.4200,3.051178
189.4400,3.087123
189.4600,3.126496
189.4800,3.141551
189.5000,3.154385
189.5200,3.162761
189.5400,3.170544
189.5600,3.176594
189.5800,3.185171
189.6000,3.202750
189.6200,3.064850
189.6400,3.117390
189.6600,3.168949
189.6800,3.234661
189.7000,3.292507
189.7200,3.323028
189.7400,3.348749
189.7600,3.369027
189.7800,3.386542
189.8000,3.401235
189.8200,3.400863
189.8400,3.244821
189.8600,3.219620
189.8800,3.192549
189.9000,3.176530
189.9200,3.173706
189.9400,3.161707
189.9600,3.136126
189.9800,3.111657
190.0000,3.087260
190.0200,3.063089
190.0400,3.004969
190.0600,2.909277
190.0800,2.906623
190.1000,2.903056
190.1200,2.900901
190.1400,2.924190
190.1600,2.935868
190.1800,2.935211
190.2000,2.930890
190.2200,2.924861
190.2400,2.918820
190.2600,2.859053
190.2800,2.817078
190.3000,2.851632
190.3200,2.883417
190.3400,2.910008
190.3600,2.942844
190.3800,2.992313
190.4000,3.019159
190.4200,3.030065
190.4400,3.038895
190.4600,3.046104
190.4800,2.964946
190.5000,2.932951
190.5200,2.955434
190.5400,2.976346
190.5600,2.996030
190.5800,3.015974
190.6000,3.061263
190.6200,3.106527
190.6400,3.130870
190.6600,3.151816
190.6800,3.170382
190.7000,3.064651
190.7200,3.090893
190.7400,3.121583
190.7600,3.143674
190.7800,3.161752
190.8000,3.177094
190.8200,3.203237
190.8400,3.239566
190.8600,3.258047
190.8800,3.261362
190.9000,3.261700
190.9200,3.122758
190.9400,3.132803
190.9600,3.148800
190.9800,3.158790
191.0000,3.167359
191.0200,3.174152
191.0400,3.180435
191.0600,3.214461
191.0800,3.246497
191.1000,3.259790
191.1200,3.266520
191.1400,3.101551
191.1600,3.136688
191.1800,3.154565
191.2000,3.168759
191.2200,3.180075
191.2400,3.189768
191.2600,3.196921
191.2800,3.207837
191.3000,3.237496
191.3200,3.258961
191.3400,3.262253
191.3600,3.076030
191.3800,3.095891
191.4000,3.097051
191.4200,3.092941
191.4400,3.088929
191.4600,3.082887
191.4800,3.075626
191.5000,3.069640
191.5200,3.076772
191.5400,3.095795
191.5600,3.095851
191.5800,2.916539
191.6000,2.981209
191.6200,3.030254
191.6400,3.062367
191.6600,3.085414
191.6800,3.103248
191.7000,3.120668
191.7200,3.138749
191.7400,3.160766
191.7600,3.201434
191.7800,3.235425
191.8000,3.046243
191.8200,3.088079
191.8400,3.141763
191.8600,3.171583
191.8800,3.188185
191.9000,3.202420
191.9200,3.214536
191.9400,3.223387
191.9600,3.231159
191.9800,3.251149
192.0000,3.279951
192.0200,3.099098
192.0400,3.128503
192.0600,3.172061
192.0800,3.215915
192.1000,3.235829
192.1200,3.250510
192.1400,3.264959
192.1600,3.275288
192.1800,3.284682
192.2000,3.294812
192.2200,3.322517
192.2400,3.139937
192.2600,3.116506
192.2800,3.097218
192.3000,3.101144
192.3200,3.092652
192.3400,3.072282
192.3600,3.056719
192.3800,3.043865
192.4000,3.029692
192.4200,3.015785
192.4400,3.001200
192.4600,2.873331
192.4800,2.876337
192.5000,2.878545
192.5200,2.900168
192.5400,2.917726
192.5600,2.918096
192.5800,2.920922
192.6000,2.919638
192.6200,2.919235
192.6400,2.918702
192.6600,2.893555
192.6800,2.831580
192.7000,2.904637
192.7200,2.967778
192.7400,3.028757
192.7600,3.105170
192.7800,3.165785
192.8000,3.203992
192.8200,3.238845
192.8400,3.273696
192.8600,3.304216
192.8800,3.269375
192.9000,3.184746
192.9200,3.198600
192.9400,3.209461
192.9600,3.219460
192.9800,3.243792
193.0000,3.273028
193.0200,3.280607
193.0400,3.286191
193.0600,3.288919
193.0800,3.289991
193.1000,3.207972
193.1200,3.162666
193.1400,3.189766
193.1600,3.213228
193.1800,3.233674
193.2000,3.255223
193.2200,3.294173
193.2400,3.329279
193.2600,3.340415
193.2800,3.352508
193.3000,3.359770
193.3200,3.248323
193.3400,3.213228
193.3600,3.215332
193.3800,3.215830
193.4000,3.215396
193.4200,3.214162
193.4400,3.224599
193.4600,3.250012
193.4800,3.265437
193.5000,3.261149
193.5200,3.257941
193.5400,3.116889
193.5600,3.160543
193.5800,3.208493
193.6000,3.249916
193.6200,3.286680
193.6400,3.318165
193.6600,3.345353
193.6800,3.388516
193.7000,3.437295
193.7200,3.459867
193.7400,3.473836
193.7600,3.294800
193.7800,3.309120
193.8000,3.297273
193.8200,3.288571
193.8400,3.280216
193.8600,3.270947
193.8800,3.260245
193.9000,3.253089
193.9200,3.267931
193.9400,3.281711
193.9600,3.273845
193.9800,3.083832
194.0000,3.143801
194.0200,3.180192
194.0400,3.199024
194.0600,3.214322
194.0800,3.228420
194.1000,3.241320
194.1200,3.252295
194.1400,3.268271
194.1600,3.302295
194.1800,3.319187
194.2000,3.122580
194.2200,3.181136
194.2400,3.232803
194.2600,3.261445
194.2800,3.280162
194.3000,3.296254
194.3200,3.312563
194.3400,3.326615
194.3600,3.339357
194.3800,3.368092
194.4000,3.395065
194.4200,3.196889
194.4400,3.227380
194.4600,3.275713
194.4800,3.312454
194.5000,3.330202
194.5200,3.342741
194.5400,3.352742
194.5600,3.362031
194.5800,3.369058
194.6000,3.382200
194.6200,3.417191
194.6400,3.230043
194.6600,3.248186
194.6800,3.279461
194.7000,3.317686
194.7200,3.333210
194.7400,3.341169
194.7600,3.347784
194.7800,3.353835
194.8000,3.357805
194.8200,3.359354
194.8400,3.374376
194.8600,3.218771
194.8800,3.243972
194.9000,3.268620
194.9200,3.310894
194.9400,3.350012
194.9600,3.362594
194.9800,3.376744
195.0000,3.387061
195.0200,3.394037
195.0400,3.400662
195.0600,3.386204
195.0800,3.250905
195.1000,3.256477
195.1200,3.259693
195.1400,3.271117
195.1600,3.298919
195.1800,3.311710
195.2000,3.310766
195.2200,3.309459
195.2400,3.306128
195.2600,3.301987
195.2800,3.253016
195.3000,3.156730
195.3200,3.169480
195.3400,3.180458
195.3600,3.191083
195.3800,3.217921
195.4000,3.247890
195.4200,3.255459
195.4400,3.259714
195.4600,3.262030
195.4800,3.262805
195.5000,3.271201
195.5200,3.307114
195.5400,3.363102
195.5600,3.413940
195.5800,3.437776
195.6000,3.456648
195.6200,3.475237
195.6400,3.491097
195.6600,3.502765
195.6800,3.514793
195.7000,3.546546
195.7200,3.578180
195.7400,3.582904
195.7600,3.585811
195.7800,3.587087
195.8000,3.589009
195.8200,3.590335
195.8400,3.594518
195.8600,3.600000
195.8800,3.600000
195.9000,3.600000
195.9200,3.590950
195.9400,3.526651
195.9600,3.470513
195.9800,3.419238
196.0000,3.375205
196.0200,3.354888
196.0400,3.345374
196.0600,3.309525
196.0800,3.274926
196.1000,3.244917
196.1200,3.235722
196.1400,3.254832
196.1600,3.282220
196.1800,3.326923
196.2000,3.356170
196.2200,3.366882
196.2400,3.376022
196.2600,3.382233
196.2800,3.387796
196.3000,3.392796
196.3200,3.405269
196.3400,3.440194
196.3600,3.463041
196.3800,3.465727
196.4000,3.468719
196.4200,3.472710
196.4400,3.472827
196.4600,3.471182
196.4800,3.480609
196.5000,3.511023
196.5200,3.523932
196.5400,3.465576
196.5600,3.403866
196.5800,3.347402
196.6000,3.297964
196.6200,3.256592
196.6400,3.224344
196.6600,3.209077
196.6800,3.181837
196.7000,3.151741
196.7200,3.127315
196.7400,3.136316
196.7600,3.175276
196.7800,3.207464
196.8000,3.261551
196.8200,3.314003
196.8400,3.343187
196.8600,3.364378
196.8800,3.382775
196.9000,3.398242
196.9200,3.411139
196.9400,3.415628
196.9600,3.397764
196.9800,3.390576
197.0000,3.366967
197.0200,3.338560
197.0400,3.312432
197.0600,3.289620
197.0800,3.269578
197.1000,3.249883
197.1200,3.251383
197.1400,3.259395
197.1600,3.071508
197.1800,3.091136
197.2000,3.123375
197.2200,3.157697
197.2400,3.166254
197.2600,3.172072
197.2800,3.176849
197.3000,0.555226
197.3200,0.560268
197.3400,0.564971
197.3600,0.570491
197.3800,0.574461
197.4000,0.580183
197.4200,0.560141
197.4400,0.577189
197.4600,0.593962
197.4800,0.612889
197.5000,0.629259
197.5200,0.639364
197.5400,0.649237
197.5600,0.657528
197.5800,0.664969
197.6000,0.671636
197.6200,0.673377
197.6400,0.623791
197.6600,0.581733
197.6800,0.543411
197.7000,0.508868
197.7200,0.477913
197.7400,0.449262
197.7600,0.422670
197.7800,0.398944
197.8000,0.376301
197.8200,0.355091
197.8400,0.335336
197.8600,0.341121
197.8800,0.362809
197.9000,0.383063
197.9200,0.402872
197.9400,0.424878
197.9600,0.443200
197.9800,0.456024
198.0000,0.466830
198.0200,0.475429
198.0400,0.480407
198.0600,0.474813
198.0800,0.491469
198.1000,0.529356
198.1200,0.563368
198.1400,0.593728
198.1600,0.623898
198.1800,0.653780
198.2000,0.680744
198.2200,0.701476
198.2400,0.722092
198.2600,0.739628
198.2800,0.731412
198.3000,0.724002
198.3200,0.730361
198.3400,0.734023
198.3600,0.737526
198.3800,0.741030
198.4000,0.751242
198.4200,0.763906
198.4400,0.776294
198.4600,0.789659
198.4800,0.804479
198.5000,0.791878
198.5200,0.771794
198.5400,0.763184
198.5600,0.755584
198.5800,0.750594
198.6000,0.749299
198.6200,0.750658
198.6400,0.753556
198.6600,0.754352
198.6800,0.755775
198.7000,0.757548
198.7200,0.732144
198.7400,0.742463
198.7600,0.755998
198.7800,0.765774
198.8000,0.770934
198.8200,0.773577
198.8400,0.776953
198.8600,0.781656
198.8800,0.783354
198.9000,0.783439
198.9200,0.784851
198.9400,0.754416
198.9600,0.748269
198.9800,0.743832
199.0000,0.738790
199.0200,0.732410
199.0400,0.724682
199.0600,0.719055
199.0800,0.720021
199.1000,0.726720
199.1200,0.732038
199.1400,0.735393
199.1600,0.700659
199.1800,0.716646
199.2000,0.725446
199.2200,0.732941
199.2400,0.740329
199.2600,0.748312
199.2800,0.756327
199.3000,0.765668
199.3200,0.783619
199.3400,0.796432
199.3600,0.802027
199.3800,0.761995
199.4000,0.742081
199.4200,0.720818
199.4400,0.701879
199.4600,0.685436
199.4800,0.670659
199.5000,0.658961
199.5200,0.649693
199.5400,0.646021
199.5600,0.643791
199.5800,0.637655
199.6000,0.601074
199.6200,0.565045
199.6400,0.534250
199.6600,0.508581
199.6800,0.488709
199.7000,0.471660
199.7200,0.457117
199.7400,0.444102
199.7600,0.432117
199.7800,0.419718
199.8000,0.405791
199.8200,0.383923
199.8400,0.393350
199.8600,0.399899
199.8800,0.402362
199.9000,0.401991
199.9200,0.401916
199.9400,0.402575
199.9600,0.402500
199.9800,0.405504
200.0000,0.411438
200.0200,0.418360
200.0400,0.397288
200.0600,0.409772
200.0800,0.424230
200.1000,0.436810
200.1200,0.447881
200.1400,0.458157
200.1600,0.468699
200.1800,0.479463
200.2000,0.489197
200.2200,0.501288
200.2400,0.514335
200.2600,0.490142
200.2800,0.501479
200.3000,0.513708
200.3200,0.524324
200.3400,0.528846
200.3600,0.531553
200.3800,0.533453
200.4000,0.533835
200.4200,0.533761
200.4400,0.533464
200.4600,0.535534
200.4800,0.524600
200.5000,0.565056
200.5200,0.602805
200.5400,0.642061
200.5600,0.675479
200.5800,0.702432
200.6000,0.726210
200.6200,0.748312
200.6400,0.768492
200.6600,0.786592
200.6800,0.801061
200.7000,0.762887
200.7200,0.752600
200.7400,0.742282
200.7600,0.735276
200.7800,0.731147
200.8000,0.723864
200.8200,0.716041
200.8400,0.708833
200.8600,0.702198
200.8800,0.696020
200.9000,0.685277
200.9200,0.668547
200.9400,0.680288
200.9600,0.691466
200.9800,0.701561
201.0000,0.715658
201.0200,0.727803
201.0400,0.733588
201.0600,0.740403
201.0800,0.745679
201.1000,0.749426
201.1200,0.740563
201.1400,0.728057
201.1600,0.736974
201.1800,0.744894
201.2000,0.752919
201.2200,0.762929
201.2400,0.774511
201.2600,0.781783
201.2800,0.786209
201.3000,0.790042
201.3200,0.793598
201.3400,0.777452
201.3600,0.745223
201.3800,0.724788
201.4000,0.705478
201.4200,0.687687
201.4400,0.672634
201.4600,0.661148
201.4800,0.651403
201.5000,0.641562
201.5200,0.631371
201.5400,0.622719
201.5600,0.599503
201.5800,0.591924
201.6000,0.590682
201.6200,0.589960
201.6400,0.589376
201.6600,0.588028
201.6800,0.590565
201.7000,0.593930
201.7200,0.594344
201.7400,0.593272
201.7600,0.591913
201.7800,0.569228
201.8000,0.596679
201.8200,0.625097
201.8400,0.650500
201.8600,0.673377
201.8800,0.693164
201.9000,0.711848
201.9200,0.734639
201.9400,0.755000
201.9600,0.769989
201.9800,0.782388
202.0000,0.750584
202.0200,0.726444
202.0400,0.701922
202.0600,0.680946
202.0800,0.662570
202.1000,0.644757
202.1200,0.629036
202.1400,0.616934
202.1600,0.607783
202.1800,0.598293
202.2000,0.588017
202.2200,0.555555
202.2400,0.592677
202.2600,0.620522
202.2800,0.643589
202.3000,0.664003
202.3200,0.682198
202.3400,0.698748
202.3600,0.714841
202.3800,0.733079
202.4000,0.751327
202.4200,0.762738
202.4400,0.723525
202.4600,0.744023
202.4800,0.760902
202.5000,0.772473
202.5200,0.782303
202.5400,0.790742
202.5600,0.798789
202.5800,0.804999
202.6000,0.811825
202.6200,0.822748
202.6400,0.831644
202.6600,0.785371
202.6800,0.788428
202.7000,0.794500
202.7200,0.797950
202.7400,0.798991
202.7600,0.800264
202.7800,0.802037
202.8000,0.803332
202.8200,0.804638
202.8400,0.809755
202.8600,0.812334
202.8800,0.765467
202.9000,0.755265
202.9200,0.746582
202.9400,0.734841
202.9600,0.712973
202.9800,0.685723
203.0000,0.657708
203.0200,0.638484
203.0400,0.629779
203.0600,0.631159
203.0800,0.640522
203.1000,0.618101
203.1200,0.641540
203.1400,0.661360
203.1600,0.678610
203.1800,0.682878
203.2000,0.682867
203.2200,0.680054
203.2400,0.674608
203.2600,0.668929
203.2800,0.665288
203.3000,0.667475
203.3200,0.631212
203.3400,0.662729
203.3600,0.677028
203.3800,0.688737
203.4000,0.698642
203.4200,0.707962
203.4400,0.718153
203.4600,0.730276
203.4800,0.746475
203.5000,0.770902
203.5200,0.793056
203.5400,0.749777
203.5600,0.802069
203.5800,0.819415
203.6000,0.837398
203.6200,0.855561
203.6400,0.872694
203.6600,0.889000
203.6800,0.906792
203.7000,0.926982
203.7200,0.939466
203.7400,0.948967
203.7600,0.959636
203.7800,0.963925
203.8000,0.957736
203.8200,0.953702
203.8400,0.955305
203.8600,0.951345
203.8800,0.943468
203.9000,0.933766
203.9200,0.922672
203.9400,0.908681
203.9600,0.891961
203.9800,0.875964
204.0000,0.855327
204.0200,0.830657
204.0400,0.804840
204.0600,0.779691
204.0800,0.755785
204.1000,0.734458
204.1200,0.716264
204.1400,0.705744
204.1600,0.701051
204.1800,0.672973
204.2000,0.648770
204.2200,0.627889
204.2400,0.609503
204.2600,0.593845
204.2800,0.580193
204.3000,0.570385
204.3200,0.566701
204.3400,0.562890
204.3600,0.561797
204.3800,0.580236
204.4000,0.606127
204.4200,0.627518
204.4400,0.645574
204.4600,0.664587
204.4800,0.681731
204.5000,0.689279
204.5200,0.692697
204.5400,0.692421
204.5600,0.688366
204.5800,0.673302
204.6000,0.639311
204.6200,0.605586
204.6400,0.572211
204.6600,0.539016
204.6800,0.509324
204.7000,0.482446
204.7200,0.457807
204.7400,0.437085
204.7600,0.419655
204.7800,0.405855
204.8000,0.450811
204.8200,0.486904
204.8400,0.521872
204.8600,0.553708
204.8800,0.582264
204.9000,0.606669
204.9200,0.630585
204.9400,0.657984
204.9600,0.680213
204.9800,0.698015
205.0000,0.675839
205.0200,0.638483
205.0400,0.605129
205.0600,0.574833
205.0800,0.547285
205.1000,0.523591
205.1200,0.499632
205.1400,0.475131
205.1600,0.452138
205.1800,0.429591
205.2000,0.421056
205.2200,0.442659
205.2400,0.466055
205.2600,0.489250
205.2800,0.506235
205.3000,0.520672
205.3200,0.533443
205.3400,0.545735
205.3600,0.557625
205.3800,0.568368
205.4000,0.580024
205.4200,0.553230
205.4400,0.553963
205.4600,0.555258
205.4800,0.560353
205.5000,0.565353
205.5200,0.568304
205.5400,0.572296
205.5600,0.576882
205.5800,0.583134
205.6000,0.589344
205.6200,0.595066
205.6400,0.558368
205.6600,0.532933
205.6800,0.510152
205.7000,0.490598
205.7200,0.474272
205.7400,0.458826
205.7600,0.444272
205.7800,0.429941
205.8000,0.417181
205.8200,0.405897
205.8400,0.392405
205.8600,0.372097
205.8800,0.358605
205.9000,0.345028
205.9200,0.332735
205.9400,0.321217
205.9600,0.309710
205.9800,0.297608
206.0000,0.286016
206.0200,0.274604
206.0400,0.263086
206.0600,0.251409
206.0800,0.250836
206.1000,0.258278
206.1200,0.263320
206.1400,0.268044
206.1600,0.274084
206.1800,0.279148
206.2000,0.282619
206.2200,0.284859
206.2400,0.287491
206.2600,0.290167
206.2800,0.286366
206.3000,0.309444
206.3200,0.344953
206.3400,0.377447
206.3600,0.406958
206.3800,0.434708
206.4000,0.466777
206.4200,0.492053
206.4400,0.511362
206.4600,0.528358
206.4800,0.545183
206.5000,0.540693
206.5200,0.570767
206.5400,0.728832
206.5600,0.752399
206.5800,0.743089
206.6000,0.736688
206.6200,0.726815
206.6400,0.717622
206.6600,0.708758
206.6800,0.700638
206.7000,0.691901
206.7200,0.680521
206.7400,0.661031
206.7600,0.668748
206.7800,0.674873
206.8000,0.684247
206.8200,0.695425
206.8400,0.701604
206.8600,0.705032
206.8800,0.707495
206.9000,0.711455
206.9200,0.715828
206.9400,0.709013
206.9600,0.678982
206.9800,0.665574
207.0000,0.652666
207.0200,0.642008
207.0400,0.636169
207.0600,0.627709
207.0800,0.616573
207.1000,0.606329
207.1200,0.595894
207.1400,0.586181
207.1600,0.570119
207.1800,0.574164
207.2000,0.600076
207.2200,0.624099
207.2400,0.647337
207.2600,0.674470
207.2800,0.703822
207.3000,0.726115
207.3200,0.746497
207.3400,0.765106
207.3600,0.783524
207.3800,0.777314
207.4000,0.725637
207.4200,0.681370
207.4400,0.641222
207.4600,0.604259
207.4800,0.570088
207.5000,0.539833
207.5200,0.511023
207.5400,0.483252
207.5600,0.458295
207.5800,0.434644
207.6000,0.409156
207.6200,0.411162
207.6400,0.418423
207.6600,0.424028
207.6800,0.429379
207.7000,0.434495
207.7200,0.440026
207.7400,0.446629
207.7600,0.449962
207.7800,0.453911
207.8000,0.456268
207.8200,0.441225
207.8400,0.512052
207.8600,0.586531
207.8800,0.656020
207.9000,0.718440
207.9200,0.775297
207.9400,0.828842
207.9600,0.882907
207.9800,0.928362
208.0000,0.964392
208.0200,0.996896
208.0400,0.972077
208.0600,0.901208
208.0800,0.838045
208.1000,0.780212
208.1200,0.727590
208.1400,0.680139
208.1600,0.636498
208.1800,0.597178
208.2000,0.562986
208.2200,0.531415
208.2400,0.502371
208.2600,0.470864
208.2800,0.487180
208.3000,0.501193
208.3200,0.515609
208.3400,0.528422
208.3600,0.541744
208.3800,0.555342
208.4000,0.571202
208.4200,0.592242
208.4400,0.610161
208.4600,0.624099
208.4800,0.597306
208.5000,0.688939
208.5200,0.762367
208.5400,0.826994
208.5600,0.885327
208.5800,0.938585
208.6000,0.986822
208.6200,1.031259
208.6400,1.082744
208.6600,1.130759
208.6800,1.163487
208.7000,1.109889
208.7200,1.157404
208.7400,1.194739
208.7600,1.222626
208.7800,1.247679
208.8000,1.270354
208.8200,1.290004
208.8400,1.307382
208.8600,1.331988
208.8800,1.358485
208.9000,1.373164
208.9200,1.297465
208.9400,1.220736
208.9600,1.152425
208.9800,1.089613
209.0000,1.032989
209.0200,0.981557
209.0400,0.935252
209.0600,0.893257
209.0800,0.856187
209.1000,0.825041
209.1200,0.795477
209.1400,0.754564
209.1600,0.786634
209.1800,0.818045
209.2000,0.842313
209.2200,0.861803
209.2400,0.880752
209.2600,0.899998
209.2800,0.918256
209.3000,0.937311
209.3200,0.962629
209.3400,0.989858
209.3600,0.943978
209.3800,0.976706
209.4000,1.013106
209.4200,1.042756
209.4400,1.062225
209.4600,1.078817
209.4800,1.094040
209.5000,1.108434
209.5200,1.119814
209.5400,1.135504
209.5600,1.152054
209.5800,1.099135
209.6000,1.121215
209.6200,1.148147
209.6400,1.178954
209.6600,1.196788
209.6800,1.211512
209.7000,1.224176
209.7200,1.236649
209.7400,1.249622
209.7600,1.261745
209.7800,1.282647
209.8000,1.206565
209.8200,1.172276
209.8400,1.145217
209.8600,1.123551
209.8800,1.101152
209.9000,1.076725
209.9200,1.055080
209.9400,1.035431
209.9600,1.017682
209.9800,1.002257
210.0000,0.988287
210.0200,0.953776
210.0400,0.967566
210.0600,0.981122
210.0800,0.997863
210.1000,1.015039
210.1200,1.022406
210.1400,1.029486
210.1600,1.036153
210.1800,1.041100
210.2000,1.044019
210.2200,1.044804
210.2400,1.002257
210.2600,1.000272
210.2800,0.998234
210.3000,1.001058
210.3200,1.006440
210.3400,1.005272
210.3600,1.004221
210.3800,1.004349
210.4000,1.004922
210.4200,1.003945
210.4400,0.995315
210.4600,0.983744
210.4800,1.018234
210.5000,1.048520
210.5200,1.076057
210.5400,1.106736
210.5600,1.131396
210.5800,1.149103
210.6000,1.164846
210.6200,1.178327
210.6400,1.190769
210.6600,1.184336
210.6800,1.121120
210.7000,1.079273
210.7200,1.040919
210.7400,1.005909
210.7600,0.976992
210.7800,0.951727
210.8000,0.925135
210.8200,0.900359
210.8400,0.877195
210.8600,0.855741
210.8800,0.824351
210.9000,0.833077
210.9200,0.862535
210.9400,0.888214
210.9600,0.911781
210.9800,0.934445
211.0000,0.962067
211.0200,1.087691
211.0400,1.338209
211.0600,1.332870
211.0800,1.315874
211.1000,1.288560
211.1200,1.227148
211.1400,1.192425
211.1600,1.160419
211.1800,1.133307
211.2000,1.113593
211.2200,1.095207
211.2400,1.073573
211.2600,1.052522
211.2800,1.034210
211.3000,1.017629
211.3200,0.990676
211.3400,0.994901
211.3600,1.035028
211.3800,1.066906
211.4000,1.094347
211.4200,1.126884
211.4400,1.161088
211.4600,1.183699
211.4800,1.203359
211.5000,1.220440
211.5200,1.236819
211.5400,1.224293
211.5600,1.173635
211.5800,1.145525
211.6000,1.120058
211.6200,1.096375
211.6400,1.076726
211.6600,1.063944
211.6800,1.046960
211.7000,1.030378
211.7200,1.015410
211.7400,1.000888
211.7600,0.967958
211.7800,0.967481
211.8000,0.979816
211.8200,0.988691
211.8400,0.996514
211.8600,1.003584
211.8800,1.018616
211.9000,1.032002
211.9200,1.036397
211.9400,1.042618
211.9600,1.048095
211.9800,1.019200
212.0000,0.965931
212.0200,0.922142
212.0400,0.882578
212.0600,0.846485
212.0800,0.812472
212.1000,0.781730
212.1200,0.756295
212.1400,0.731508
212.1600,0.708270
212.1800,0.687081
212.2000,0.653844
212.2200,0.715446
212.2400,0.775912
212.2600,0.829850
212.2800,0.878321
212.3000,0.922471
212.3200,0.963330
212.3400,1.009264
212.3600,1.051439
212.3800,1.081715
212.4000,1.109294
212.4200,1.068658
212.4400,1.128774
212.4600,1.172829
212.4800,1.213454
212.5000,1.250885
212.5200,1.283888
212.5400,1.315396
212.5600,1.347423
212.5800,1.386754
212.6000,1.418271
212.6200,1.440520
212.6400,1.372422
212.6600,1.348007
212.6800,1.310311
212.7000,1.277381
212.7200,1.247732
212.7400,1.221448
212.7600,1.197478
212.7800,1.179028
212.8000,1.166438
212.8200,1.248666
212.8400,1.420119
212.8600,1.350204
212.8800,1.340916
212.9000,1.324631
212.9200,1.310609
212.9400,1.298889
212.9600,1.289451
212.9800,1.280470
213.0000,1.280025
213.0200,1.284101
213.0400,1.280917
213.0600,1.278358
213.0800,1.216586
213.1000,1.273719
213.1200,1.314886
213.1400,1.350247
213.1600,1.380808
213.1800,1.407391
213.2000,1.430002
213.2200,1.449833
213.2400,1.477974
213.2600,1.498081
213.2800,1.510712
213.3000,1.436054
213.3200,1.468155
213.3400,1.480905
213.3600,1.488718
213.3800,1.493919
213.4000,1.497740
213.4200,1.500670
213.4400,1.500468
213.4600,1.509513
213.4800,1.520501
213.5000,1.520309
213.5200,1.436679
213.5400,1.486848
213.5600,1.489620
213.5800,1.491371
213.6000,1.491594
213.6200,1.490968
213.6400,1.488736
213.6600,1.496922
213.6800,1.507274
213.7000,1.508718
213.7200,1.508587
213.7400,1.437412
213.7600,1.471616
213.7800,1.471944
213.8000,1.471032
213.8200,1.469756
213.8400,1.467432
213.8600,1.470416
213.8800,1.479937
213.9000,1.479502
213.9200,1.477232
213.9400,1.474249
213.9600,1.418113
213.9800,1.426021
214.0000,1.430225
214.0200,1.428347
214.0400,1.425746
214.0600,1.429120
214.0800,1.438962
214.1000,1.439280
214.1200,1.439514
214.1400,1.437030
214.1600,1.435639
214.1800,1.440700
214.2000,1.468048
214.2200,1.481924
214.2400,1.497707
214.2600,1.499068
214.2800,1.497899
214.3000,1.494002
214.3200,1.488612
214.3400,1.480861
214.3600,1.475638
214.3800,1.474024
214.4000,1.475500
214.4200,1.462741
214.4400,1.450923
214.4600,1.439386
214.4800,1.428698
214.5000,1.420075
214.5200,1.417413
214.5400,1.420850
214.5600,1.409800
214.5800,1.393718
214.6000,1.361500
214.6200,1.322179
214.6400,1.284950
214.6600,1.253051
214.6800,1.225959
214.7000,1.202796
214.7200,1.176172
214.7400,1.149389
214.7600,1.126460
214.7800,1.107723
214.8000,1.099400
214.8200,1.118158
214.8400,1.135897
214.8600,1.147627
214.8800,1.153784
214.9000,1.159517
214.9200,1.163933
214.9400,1.168136
214.9600,1.172393
214.9800,1.182648
215.0000,1.200185
215.0200,1.219102
215.0400,1.223815
215.0600,1.226480
215.0800,1.227488
215.1000,1.228762
215.1200,1.228507
215.1400,1.233910
215.1600,1.246564
215.1800,1.249834
215.2000,1.248740
215.2200,1.223284
215.2400,1.185779
215.2600,1.151810
215.2800,1.119135
215.3000,1.092437
215.3200,1.067246
215.3400,1.040930
215.3600,1.016493
215.3800,0.992990
215.4000,0.969540
215.4200,0.956717
215.4400,0.990516
215.4600,1.025697
215.4800,1.050930
215.5000,1.067257
215.5200,1.081290
215.5400,1.091365
215.5600,1.099921
215.5800,1.107203
215.6000,1.115271
215.6200,1.127776
215.6400,1.126980
215.6600,1.121269
215.6800,1.115388
215.7000,1.108965
215.7200,1.101577
215.7400,1.093700
215.7600,1.091375
215.7800,1.091492
215.8000,1.087702
215.8200,1.083382
215.8400,1.029115
215.8600,1.050091
215.8800,1.059369
215.9000,1.067639
215.9200,1.076556
215.9400,1.086067
215.9600,1.095059
215.9800,1.109071
216.0000,1.131598
216.0200,1.148306
216.0400,1.158816
216.0600,1.100727
216.0800,1.113954
216.1000,1.119549
216.1200,1.123211
216.1400,1.126088
216.1600,1.130228
216.1800,1.134145
216.2000,1.136406
216.2200,1.143890
216.2400,1.150918
216.2600,1.145185
216.2800,1.081747
216.3000,1.095844
216.3200,1.107914
216.3400,1.114390
216.3600,1.118647
216.3800,1.124443
216.4000,1.130366
216.4200,1.137415
216.4400,1.148795
216.4600,1.168572
216.4800,1.181544
216.5000,1.117574
216.5200,1.135833
216.5400,1.151916
216.5600,1.160769
216.5800,1.166448
216.6000,1.174442
216.6200,1.184325
216.6400,1.194580
216.6600,1.207595
216.6800,1.231501
216.7000,1.254982
216.7200,1.186576
216.7400,1.187319
216.7600,1.196745
216.7800,1.202393
216.8000,1.202818
216.8200,1.203560
216.8400,1.203561
216.8600,1.202658
216.8800,1.201735
216.9000,1.205217
216.9200,1.214293
216.9400,1.152404
216.9600,1.161523
216.9800,1.172977
217.0000,1.185111
217.0200,1.187690
217.0400,1.186406
217.0600,1.183072
217.0800,1.180504
217.1000,1.178083
217.1200,1.174697
217.1400,1.180981
217.1600,1.126778
217.1800,1.140865
217.2000,1.161480
217.2200,1.188465
217.2400,1.210800
217.2600,1.234229
217.2800,1.258337
217.3000,1.285141
217.3200,1.314091
217.3400,1.343398
217.3600,1.381097
217.3800,1.331012
217.4000,1.362529
217.4200,1.398378
217.4400,1.443229
217.4600,1.495087
217.4800,1.537771
217.5000,1.581774
217.5200,1.624991
217.5400,1.670276
217.5600,1.715412
217.5800,1.749565
217.6000,1.726443
217.6200,1.806145
217.6400,1.875464
217.6600,1.947134
217.6800,2.026144
217.7000,2.087300
217.7200,2.139456
217.7400,2.186208
217.7600,2.228733
217.7800,2.268214
217.8000,2.268193
217.8200,2.187301
217.8400,2.168256
217.8600,2.149774
217.8800,2.132524
217.9000,2.129127
217.9200,2.127227
217.9400,2.115304
217.9600,2.102704
217.9800,2.090348
218.0000,2.078033
218.0200,2.030889
218.0400,2.019383
218.0600,2.062344
218.0800,2.098288
218.1000,2.130529
218.1200,2.165115
218.1400,2.208192
218.1600,2.239287
218.1800,2.256302
218.2000,2.268108
218.2200,2.278246
218.2400,2.219966
218.2600,2.204424
218.2800,2.224434
218.3000,2.242746
218.3200,2.259031
218.3400,2.271207
218.3600,2.294615
218.3800,2.321025
218.4000,2.333935
218.4200,2.340570
218.4400,2.345452
218.4600,2.260941
218.4800,2.222724
218.5000,2.200827
218.5200,2.179933
218.5400,2.161686
218.5600,2.145582
218.5800,2.134299
218.6000,2.135984
218.6200,2.140284
218.6400,2.131886
218.6600,2.123969
218.6800,2.026855
218.7000,2.067652
218.7200,2.096813
218.7400,2.121940
218.7600,2.145954
218.7800,2.166718
218.8000,2.183766
218.8200,2.206240
218.8400,2.241377
218.8600,2.264445
218.8800,2.277428
218.9000,2.161876
218.9200,2.154785
218.9400,2.135145
218.9600,2.113628
218.9800,2.092525
219.0000,2.071547
219.0200,2.049753
219.0400,2.025678
219.0600,2.007673
219.0800,1.992205
219.1000,1.964572
219.1200,1.853174
219.1400,1.829638
219.1600,1.802950
219.1800,1.772240
219.2000,1.745224
219.2200,1.721250
219.2400,1.701985
219.2600,1.684500
219.2800,1.674459
219.3000,1.674088
219.3200,1.676007
219.3400,1.590223
219.3600,1.616008
219.3800,1.645466
219.4000,1.666698
219.4200,1.681582
219.4400,1.694405
219.4600,1.705435
219.4800,1.712908
219.5000,1.717186
219.5200,1.726485
219.5400,1.738376
219.5600,1.656707
219.5800,1.693514
219.6000,1.738173
219.6200,1.778981
219.6400,1.805105
219.6600,1.828747
219.6800,1.850360
219.7000,1.870720
219.7200,1.889892
219.7400,1.908619
219.7600,1.937896
219.7800,1.866294
219.8000,1.918555
219.8200,1.969754
219.8400,2.028447
219.8600,2.074372
219.8800,2.104583
219.9000,2.132960
219.9200,2.159232
219.9400,2.183223
219.9600,2.205230
219.9800,2.218916
220.0000,2.127493
220.0200,2.124277
220.0400,2.120677
220.0600,2.127227
220.0800,2.138331
220.1000,2.138237
220.1200,2.134542
220.1400,2.131028
220.1600,2.128394
220.1800,2.125073
220.2000,2.102289
220.2200,2.055911
220.2400,2.089616
220.2600,2.119710
220.2800,2.149699
220.3000,2.193850
220.3200,2.234786
220.3400,2.252640
220.3600,2.266940
220.3800,2.276473
220.4000,2.280878
220.4200,2.240463
220.4400,2.171730
220.4600,2.154690
220.4800,2.140836
220.5000,2.127843
220.5200,2.125848
220.5400,2.136536
220.5600,2.139341
220.5800,2.134243
220.6000,2.123843
220.6200,2.109382
220.6400,2.042238
220.6600,2.038161
220.6800,2.067259
220.7000,2.088628
220.7200,2.107438
220.7400,2.124169
220.7600,2.154753
220.7800,2.195274
220.8000,2.222344
220.8200,2.250136
220.8400,2.277990
220.8600,2.211822
220.8800,2.217820
220.9000,2.239785
220.9200,2.257449
220.9400,2.270007
220.9600,2.278521
220.9800,2.287449
221.0000,2.303554
221.0200,2.310558
221.0400,2.302724
221.0600,2.292704
221.0800,2.188000
221.1000,2.182236
221.1200,2.174519
221.1400,2.166185
221.1600,2.157906
221.1800,2.148481
221.2000,2.139350
221.2200,2.136590
221.2400,2.141495
221.2600,2.134393
221.2800,2.123151
221.3000,2.012598
221.3200,1.999795
221.3400,1.976527
221.3600,1.952473
221.3800,1.930243
221.4000,1.908937
221.4200,1.889267
221.4400,1.872270
221.4600,1.865326
221.4800,1.859892
221.5000,1.847589
221.5200,1.750733
221.5400,1.814118
221.5600,1.868672
221.5800,1.915931
221.6000,1.965614
221.6200,2.017715
221.6400,2.073087
221.6600,2.130316
221.6800,2.192385
221.7000,2.264635
221.7200,2.323289
221.7400,2.208957
221.7600,2.315262
221.7800,2.413130
221.8000,2.476707
221.8200,2.534254
221.8400,2.588470
221.8600,2.638821
221.8800,2.685826
221.9000,2.731081
221.9200,2.795858
221.9400,2.857941
221.9600,2.702684
221.9800,2.731516
222.0000,2.779096
222.0200,2.813597
222.0400,2.835975
222.0600,2.857844
222.0800,2.878576
222.1000,2.897812
222.1200,2.916220
222.1400,2.944064
222.1600,2.986434
222.1800,2.837481
222.2000,2.876240
222.2200,2.930816
222.2400,2.985731
222.2600,3.014892
222.2800,3.036412
222.3000,3.056263
222.3200,3.075604
222.3400,3.092218
222.3600,3.105722
222.3800,3.131784
222.4000,2.988226
222.4200,3.008249
222.4400,3.027663
222.4600,3.065083
222.4800,3.089798
222.5000,3.097833
222.5200,3.103950
222.5400,3.109130
222.5600,3.113876
222.5800,3.118641
222.6000,3.595899
222.6200,3.600000
222.6400,3.600000
222.6600,3.600000
222.6800,3.600000
222.7000,3.600000
222.7200,3.600000
222.7400,3.600000
222.7600,3.600000
222.7800,3.600000
222.8000,3.600000
222.8200,3.600000
222.8400,3.590100
222.8600,3.600000
222.8800,3.600000
222.9000,3.600000
222.9200,3.600000
222.9400,3.592331
222.9600,3.570155
222.9800,3.543836
223.0000,3.519198
223.0200,3.507117
223.0400,3.488135
223.0600,3.280544
223.0800,3.264173
223.1000,3.263549
223.1200,3.248280
223.1400,3.227178
223.1600,3.208070
223.1800,3.190055
223.2000,3.175352
223.2200,3.163758
223.2400,3.165212
223.2600,3.180435
223.2800,3.013979
223.3000,3.031496
223.3200,3.056485
223.3400,3.090009
223.3600,3.102198
223.3800,3.113970
223.4000,3.126953
223.4200,3.140861
223.4400,3.153357
223.4600,3.165404
223.4800,3.198717
223.5000,3.055529
223.5200,3.099862
223.5400,3.145234
223.5600,3.201073
223.5800,3.249099
223.6000,3.273493
223.6200,3.296211
223.6400,3.314164
223.6600,3.328867
223.6800,3.340226
223.7000,3.345280
223.7200,3.214714
223.7400,3.239046
223.7600,3.245852
223.7800,3.265766
223.8000,3.296393
223.8200,3.303517
223.8400,3.307954
223.8600,3.306891
223.8800,3.303007
223.9000,3.295298
223.9200,3.260278
223.9400,3.154980
223.9600,3.171519
223.9800,3.186467
224.0000,3.197868
224.0200,3.231042
224.0400,3.257866
224.0600,3.262803
224.0800,3.271553
224.1000,3.278399
224.1200,3.284799
224.1400,3.227070
224.1600,3.154660
224.1800,3.172345
224.2000,3.188516
224.2200,3.201616
224.2400,3.225425
224.2600,3.263166
224.2800,3.281275
224.3000,3.289429
224.3200,3.295330
224.3400,3.299800
224.3600,3.210723
224.3800,3.159671
224.4000,3.166933
224.4200,3.175573
224.4400,3.183248
224.4600,3.189439
224.4800,3.212953
224.5000,3.242316
224.5200,3.247932
224.5400,3.254589
224.5600,3.259833
224.5800,3.275194
224.6000,3.308717
224.6200,3.340988
224.6400,3.387827
224.6600,3.428569
224.6800,3.450566
224.7000,3.470452
224.7200,3.485162
224.7400,3.495216
224.7600,3.502679
224.7800,3.515367
224.8000,3.549411
224.8200,3.573169
224.8400,3.580143
224.8600,3.583945
224.8800,3.586193
224.9000,3.585303
224.9200,3.584273
224.9400,3.591874
224.9600,3.600000
224.9800,3.600000
225.0000,3.589592
225.0200,3.534793
225.0400,3.482891
225.0600,3.434472
225.0800,3.386978
225.1000,3.356160
225.1200,3.344238
225.1400,3.319536
225.1600,3.294057
225.1800,3.266319
225.2000,3.256774
225.2200,3.269672
225.2400,3.278928
225.2600,3.304662
225.2800,3.336171
225.3000,3.348028
225.3200,3.351869
225.3400,3.352752
225.3600,3.355481
225.3800,3.359515
225.4000,3.357508
225.4200,3.374217
225.4400,3.399302
225.4600,3.402614
225.4800,3.400076
225.5000,3.397721
225.5200,3.395278
225.5400,3.388940
225.5600,3.384228
225.5800,3.398166
225.6000,3.415524
225.6200,3.375703
225.6400,3.332381
225.6600,3.293260
225.6800,3.258408
225.7000,3.226231
225.7200,3.199331
225.7400,3.203450
225.7600,3.196741
225.7800,3.178515
225.8000,3.160234
225.8200,3.169766
225.8400,3.198334
225.8600,3.223016
225.8800,3.253600
225.9000,3.300163
225.9200,3.335481
225.9400,3.349419
225.9600,3.362752
225.9800,3.373505
226.0000,3.382084
226.0200,3.380343
226.0400,3.371744
226.0600,3.362550
226.0800,3.340363
226.1000,3.309619
226.1200,3.281924
226.1400,3.254790
226.1600,3.229140
226.1800,3.203261
226.2000,3.191052
226.2200,3.193908
226.2400,3.027547
226.2600,3.062377
226.2800,3.093312
226.3000,3.122220
226.3200,3.131561
226.3400,3.137994
226.3600,3.141465
226.3800,3.143017
226.4000,3.144979
226.4200,3.147771
226.4400,3.167824
226.4600,3.010903
226.4800,3.026698
226.5000,3.049808
226.5200,3.089344
226.5400,3.115593
226.5600,3.126328
226.5800,3.139215
226.6000,3.151253
226.6200,3.161508
226.6400,3.167762
226.6600,3.171190
226.6800,3.054373
226.7000,3.099076
226.7200,3.136816
226.7400,3.191190
226.7600,3.245350
226.7800,3.275331
226.8000,3.297911
226.8200,3.313761
226.8400,3.327284
226.8600,3.336222
226.8800,3.309790
226.9000,3.199036
226.9200,3.206603
226.9400,3.203399
226.9600,3.202816
226.9800,3.217421
227.0000,3.225734
227.0200,3.217613
227.0400,3.209874
227.0600,3.203314
227.0800,3.196457
227.1000,3.132898
227.1200,3.042357
227.1400,3.027517
227.1600,3.005030
227.1800,2.984203
227.2000,2.976112
227.2200,2.981676
227.2400,2.970922
227.2600,2.954924
227.2800,2.939214
227.3000,2.925614
227.3200,2.849244
227.3400,2.823576
227.3600,2.853683
227.3800,2.879286
227.4000,2.900910
227.4200,2.923831
227.4400,2.960795
227.4600,2.991283
227.4800,3.003873
227.5000,3.012791
227.5200,3.020616
227.5400,2.925742
227.5600,2.881644
227.5800,2.873121
227.6000,2.864945
227.6200,2.857587
227.6400,2.850082
227.6600,2.854572
227.6800,2.873703
227.7000,2.880040
227.7200,2.876166
227.7400,2.874361
227.7600,2.753574
227.7800,2.809753
227.8000,2.865446
227.8200,2.912313
227.8400,2.953397
227.8600,2.990125
227.8800,3.020508
227.9000,3.068874
227.9200,3.120288
227.9400,3.145151
227.9600,3.164768
227.9800,3.008588
228.0000,3.041837
228.0200,3.057155
228.0400,3.067867
228.0600,3.078078
228.0800,3.086157
228.1000,3.094628
228.1200,3.107579
228.1400,3.136541
228.1600,3.161869
228.1800,3.166445
228.2000,2.988153
228.2200,3.024362
228.2400,3.041380
228.2600,3.047706
228.2800,3.052835
228.3000,3.057568
228.3200,3.061123
228.3400,3.061442
228.3600,3.072782
228.3800,3.106232
228.4000,3.115244
228.4200,2.935742
228.4400,3.016507
228.4600,3.085859
228.4800,3.133068
228.5000,3.169173
228.5200,3.200999
228.5400,3.227454
228.5600,3.249928
228.5800,3.274385
228.6000,3.320639
228.6200,3.362327
228.6400,3.163121
228.6600,3.176117
228.6800,3.197390
228.7000,3.206265
228.7200,3.202157
228.7400,3.196837
228.7600,3.192528
228.7800,3.186805
228.8000,3.180904
228.8200,3.184299
228.8400,3.203261
228.8600,3.030700
228.8800,3.051178
228.9000,3.087123
228.9200,3.126496
228.9400,3.141551
228.9600,3.154385
228.9800,3.162761
229.0000,3.170544
229.0200,3.176594
229.0400,3.185171
229.0600,3.202750
229.0800,3.064850
229.1000,3.117390
229.1200,3.168949
229.1400,3.234661
229.1600,3.292507
229.1800,3.323028
229.2000,3.348749
229.2200,3.369027
229.2400,3.386542
229.2600,3.401235
229.2800,3.400863
229.3000,3.244821
229.3200,3.219620
229.3400,3.192549
229.3600,3.176530
229.3800,3.173706
229.4000,3.161707
229.4200,3.136126
229.4400,3.111657
229.4600,3.087260
229.4800,3.063089
229.5000,3.004969
229.5200,2.909277
229.5400,2.906623
229.5600,2.903056
229.5800,2.900901
229.6000,2.924190
229.6200,2.935868
229.6400,2.935211
229.6600,2.930890
229.6800,2.924861
229.7000,2.918820
229.7200,2.859053
229.7400,2.817078
229.7600,2.851632
229.7800,2.883417
229.8000,2.910008
229.8200,2.942844
229.8400,2.992313
229.8600,3.019159
229.8800,3.030065
229.9000,3.038895
229.9200,3.046104
229.9400,2.964946
229.9600,2.932951
229.9800,2.955434
230.0000,2.976346
230.0200,2.996030
230.0400,3.015974
230.0600,3.061263
230.0800,3.106527
230.1000,3.130870
230.1200,3.151816
230.1400,3.170382
230.1600,3.064651
230.1800,3.090893
230.2000,3.121583
230.2200,3.143674
230.2400,3.161752
230.2600,3.177094
230.2800,3.203237
230.3000,3.239566
230.3200,3.258047
230.3400,3.261362
230.3600,3.261700
230.3800,3.122758
230.4000,3.132803
230.4200,3.148800
230.4400,3.158790
230.4600,3.167359
230.4800,3.174152
230.5000,3.180435
230.5200,3.214461
230.5400,3.246497
230.5600,3.259790
230.5800,3.266520
230.6000,3.101551
230.6200,3.136688
230.6400,3.154565
230.6600,3.168759
230.6800,3.180075
230.7000,3.189768
230.7200,3.196921
230.7400,3.207837
230.7600,3.237496
230.7800,3.258961
230.8000,3.262253
230.8200,3.076030
230.8400,3.095891
230.8600,3.097051
230.8800,3.092941
230.9000,3.088929
230.9200,3.082887
230.9400,3.075626
230.9600,3.069640
230.9800,3.076772
231.0000,3.095795
231.0200,3.095851
231.0400,2.916539
231.0600,2.981209
231.0800,3.030254
231.1000,3.062367
231.1200,3.085414
231.1400,3.103248
231.1600,3.120668
231.1800,3.138749
231.2000,3.160766
231.2200,3.201434
231.2400,3.235425
231.2600,3.046243
231.2800,3.088079
231.3000,3.141763
231.3200,3.171583
231.3400,3.188185
231.3600,3.202420
231.3800,3.214536
231.4000,3.223387
231.4200,3.231159
231.4400,3.251149
231.4600,3.279951
231.4800,3.099098
231.5000,3.128503
231.5200,3.172061
231.5400,3.215915
231.5600,3.235829
231.5800,3.250510
231.6000,3.264959
231.6200,3.275288
231.6400,3.284682
231.6600,3.294812
231.6800,3.322517
231.7000,3.139937
231.7200,3.116506
231.7400,3.097218
231.7600,3.101144
231.7800,3.092652
231.8000,3.072282
231.8200,3.056719
231.8400,3.043865
231.8600,3.029692
231.8800,3.015785
231.9000,3.001200
231.9200,2.873331
231.9400,2.876337
231.9600,2.878545
231.9800,2.900168
232.0000,2.917726
232.0200,2.918096
232.0400,2.920922
232.0600,2.919638
232.0800,2.919235
232.1000,2.918702
232.1200,2.893555
232.1400,2.831580
232.1600,2.904637
232.1800,2.967778
232.2000,3.028757
232.2200,3.105170
232.2400,3.165785
232.2600,3.203992
232.2800,3.238845
232.3000,3.273696
232.3200,3.304216
232.3400,3.269375
232.3600,3.184746
232.3800,3.198600
232.4000,3.209461
232.4200,3.219460
232.4400,3.243792
232.4600,3.273028
232.4800,3.280607
232.5000,3.286191
232.5200,3.288919
232.5400,3.289991
232.5600,3.207972
232.5800,3.162666
232.6000,3.189766
232.6200,3.213228
232.6400,3.233674
232.6600,3.255223
232.6800,3.294173
232.7000,3.329279
232.7200,3.340415
232.7400,3.352508
232.7600,3.359770
232.7800,3.248323
232.8000,3.213228
232.8200,3.215332
232.8400,3.215830
232.8600,3.215396
232.8800,3.214162
232.9000,3.224599
232.9200,3.250012
232.9400,3.265437
232.9600,3.261149
232.9800,3.257941
233.0000,3.116889
233.0200,3.160543
233.0400,3.208493
233.0600,3.249916
233.0800,3.286680
233.1000,3.318165
233.1200,3.345353
233.1400,3.388516
233.1600,3.437295
233.1800,3.459867
233.2000,3.473836
233.2200,3.294800
233.2400,3.309120
233.2600,3.297273
233.2800,3.288571
233.3000,3.280216
233.3200,3.270947
233.3400,3.260245
233.3600,3.253089
233.3800,3.267931
233.4000,3.281711
233.4200,3.273845
233.4400,3.083832
233.4600,3.143801
233.4800,3.180192
233.5000,3.199024
233.5200,3.214322
233.5400,3.228420
233.5600,3.241320
233.5800,3.252295
233.6000,3.268271
233.6200,3.302295
233.6400,3.319187
233.6600,3.122580
233.6800,3.181136
233.7000,3.232803
233.7200,3.261445
233.7400,3.280162
233.7600,3.296254
233.7800,3.312563
233.8000,3.326615
233.8200,3.339357
233.8400,3.368092
233.8600,3.395065
233.8800,3.196889
233.9000,3.227380
233.9200,3.275713
233.9400,3.312454
233.9600,3.330202
233.9800,3.342741
234.0000,3.352742
234.0200,3.362031
234.0400,3.369058
234.0600,3.382200
234.0800,3.417191
234.1000,3.230043
234.1200,3.248186
234.1400,3.279461
234.1600,3.317686
234.1800,3.333210
234.2000,3.341169
234.2200,3.347784
234.2400,3.353835
234.2600,3.357805
234.2800,3.359354
234.3000,3.374376
234.3200,3.218771
234.3400,3.243972
234.3600,3.268620
234.3800,3.310894
234.4000,3.350012
234.4200,3.362594
234.4400,3.376744
234.4600,3.387061
234.4800,3.394037
234.5000,3.400662
234.5200,3.386204
234.5400,3.250905
234.5600,3.256477
234.5800,3.259693
234.6000,3.271117
234.6200,3.298919
234.6400,3.311710
234.6600,3.310766
234.6800,3.309459
234.7000,3.306128
234.7200,3.301987
234.7400,3.253016
234.7600,3.156730
234.7800,3.169480
234.8000,3.180458
234.8200,3.191083
234.8400,3.217921
234.8600,3.247890
234.8800,3.255459
234.9000,3.259714
234.9200,3.262030
234.9400,3.262805
234.9600,3.271201
234.9800,3.307114
235.0000,3.363102
235.0200,3.413940
235.0400,3.437776
235.0600,3.456648
235.0800,3.475237
235.1000,3.491097
235.1200,3.502765
235.1400,3.514793
235.1600,3.546546
235.1800,3.578180
235.2000,3.582904
235.2200,3.585811
235.2400,3.587087
235.2600,3.589009
235.2800,3.590335
235.3000,3.594518
235.3200,3.600000
235.3400,3.600000
235.3600,3.600000
235.3800,3.590950
235.4000,3.526651
235.4200,3.470513
235.4400,3.419238
235.4600,3.375205
235.4800,3.354888
235.5000,3.345374
235.5200,3.309525
235.5400,3.274926
235.5600,3.244917
235.5800,3.235722
235.6000,3.254832
235.6200,3.282220
235.6400,3.326923
235.6600,3.356170
235.6800,3.366882
235.7000,3.376022
235.7200,3.382233
235.7400,3.387796
235.7600,3.392796
235.7800,3.405269
235.8000,3.440194
235.8200,3.463041
235.8400,3.465727
235.8600,3.468719
235.8800,3.472710
235.9000,3.472827
235.9200,3.471182
235.9400,3.480609
235.9600,3.511023
235.9800,3.523932
236.0000,3.465576
236.0200,3.403866
236.0400,3.347402
236.0600,3.297964
236.0800,3.256592
236.1000,3.224344
236.1200,3.209077
236.1400,3.181837
236.1600,3.151741
236.1800,3.127315
236.2000,3.136316
236.2200,3.175276
236.2400,3.207464
236.2600,3.261551
236.2800,3.314003
236.3000,3.343187
236.3200,3.364378
236.3400,3.382775
236.3600,3.398242
236.3800,3.411139
236.4000,3.415628
236.4200,3.397764
236.4400,3.390576
236.4600,3.366967
236.4800,3.338560
236.5000,3.312432
236.5200,3.289620
236.5400,3.269578
236.5600,3.249883
236.5800,3.251383
236.6000,3.259395
236.6200,3.071508
236.6400,3.091136
236.6600,3.123375
236.6800,3.157697
236.7000,3.166254
236.7200,3.172072
236.7400,3.176849
236.7600,0.555226
236.7800,0.560268
236.8000,0.564971
236.8200,0.570491
236.8400,0.574461
236.8600,0.580183
236.8800,0.560141
236.9000,0.577189
236.9200,0.593962
236.9400,0.612889
236.9600,0.629259
236.9800,0.639364
237.0000,0.649237
237.0200,0.657528
237.0400,0.664969
237.0600,0.671636
237.0800,0.673377
237.1000,0.623791
237.1200,0.581733
237.1400,0.543411
237.1600,0.508868
237.1800,0.477913
237.2000,0.449262
237.2200,0.422670
237.2400,0.398944
237.2600,0.376301
237.2800,0.355091
237.3000,0.335336
237.3200,0.341121
237.3400,0.362809
237.3600,0.383063
237.3800,0.402872
237.4000,0.424878
237.4200,0.443200
237.4400,0.456024
237.4600,0.466830
237.4800,0.475429
237.5000,0.480407
237.5200,0.474813
237.5400,0.491469
237.5600,0.529356
237.5800,0.563368
237.6000,0.593728
237.6200,0.623898
237.6400,0.653780
237.6600,0.680744
237.6800,0.701476
237.7000,0.722092
237.7200,0.739628
237.7400,0.731412
237.7600,0.724002
237.7800,0.730361
237.8000,0.734023
237.8200,0.737526
237.8400,0.741030
237.8600,0.751242
237.8800,0.763906
237.9000,0.776294
237.9200,0.789659
237.9400,0.804479
237.9600,0.791878
237.9800,0.771794
238.0000,0.763184
238.0200,0.755584
238.0400,0.750594
238.0600,0.749299
238.0800,0.750658
238.1000,0.753556
238.1200,0.754352
238.1400,0.755775
238.1600,0.757548
238.1800,0.732144
238.2000,0.742463
238.2200,0.755998
238.2400,0.765774
238.2600,0.770934
238.2800,0.773577
238.3000,0.776953
238.3200,0.781656
238.3400,0.783354
238.3600,0.783439
238.3800,0.784851
238.4000,0.754416
238.4200,0.748269
238.4400,0.743832
238.4600,0.738790
238.4800,0.732410
238.5000,0.724682
238.5200,0.719055
238.5400,0.720021
238.5600,0.726720
238.5800,0.732038
238.6000,0.735393
238.6200,0.700659
238.6400,0.716646
238.6600,0.725446
238.6800,0.732941
238.7000,0.740329
238.7200,0.748312
238.7400,0.756327
238.7600,0.765668
238.7800,0.783619
238.8000,0.796432
238.8200,0.802027
238.8400,0.761995
238.8600,0.742081
238.8800,0.720818
238.9000,0.701879
238.9200,0.685436
238.9400,0.670659
238.9600,0.658961
238.9800,0.649693
239.0000,0.646021
239.0200,0.643791
239.0400,0.637655
239.0600,0.601074
239.0800,0.565045
239.1000,0.534250
239.1200,0.508581
239.1400,0.488709
239.1600,0.471660
239.1800,0.457117
239.2000,0.444102
239.2200,0.432117
239.2400,0.419718
239.2600,0.405791
239.2800,0.383923
239.3000,0.393350
239.3200,0.399899
239.3400,0.402362
239.3600,0.401991
239.3800,0.401916
239.4000,0.402575
239.4200,0.402500
239.4400,0.405504
239.4600,0.411438
239.4800,0.418360
239.5000,0.397288
239.5200,0.409772
239.5400,0.424230
239.5600,0.436810
239.5800,0.447881
239.6000,0.458157
239.6200,0.468699
239.6400,0.479463
239.6600,0.489197
239.6800,0.501288
239.7000,0.514335
239.7200,0.490142
239.7400,0.501479
239.7600,0.513708
239.7800,0.524324
239.8000,0.528846
239.8200,0.531553
239.8400,0.533453
239.8600,0.533835
239.8800,0.533761
239.9000,0.533464
239.9200,0.535534
239.9400,0.524600
239.9600,0.565056
239.9800,0.602805
240.0000,0.642061
240.0200,0.675479
240.0400,0.702432
240.0600,0.726210
240.0800,0.748312
240.1000,0.768492
240.1200,0.786592
240.1400,0.801061
240.1600,0.762887
240.1800,0.752600
240.2000,0.742282
240.2200,0.735276
240.2400,0.731147
240.2600,0.723864
240.2800,0.716041
240.3000,0.708833
240.3200,0.702198
240.3400,0.696020
240.3600,0.685277
240.3800,0.668547
240.4000,0.680288
240.4200,0.691466
240.4400,0.701561
240.4600,0.715658
240.4800,0.727803
240.5000,0.733588
240.5200,0.740403
240.5400,0.745679
240.5600,0.749426
240.5800,0.740563
240.6000,0.728057
240.6200,0.736974
240.6400,0.744894
240.6600,0.752919
240.6800,0.762929
240.7000,0.774511
240.7200,0.781783
240.7400,0.786209
240.7600,0.790042
240.7800,0.793598
240.8000,0.777452
240.8200,0.745223
240.8400,0.724788
240.8600,0.705478
240.8800,0.687687
240.9000,0.672634
240.9200,0.661148
240.9400,0.651403
240.9600,0.641562
240.9800,0.631371
241.0000,0.622719
241.0200,0.599503
241.0400,0.591924
241.0600,0.590682
241.0800,0.589960
241.1000,0.589376
241.1200,0.588028
241.1400,0.590565
241.1600,0.593930
241.1800,0.594344
241.2000,0.593272
241.2200,0.591913
241.2400,0.569228
241.2600,0.596679
241.2800,0.625097
241.3000,0.650500
241.3200,0.673377
241.3400,0.693164
241.3600,0.711848
241.3800,0.734639
241.4000,0.755000
241.4200,0.769989
241.4400,0.782388
241.4600,0.750584
241.4800,0.726444
241.5000,0.701922
241.5200,0.680946
241.5400,0.662570
241.5600,0.644757
241.5800,0.629036
241.6000,0.616934
241.6200,0.607783
241.6400,0.598293
241.6600,0.588017
241.6800,0.555555
241.7000,0.592677
241.7200,0.620522
241.7400,0.643589
241.7600,0.664003
241.7800,0.682198
241.8000,0.698748
241.8200,0.714841
241.8400,0.733079
241.8600,0.751327
241.8800,0.762738
241.9000,0.723525
241.9200,0.744023
241.9400,0.760902
241.9600,0.772473
241.9800,0.782303
242.0000,0.790742
242.0200,0.798789
242.0400,0.804999
242.0600,0.811825
242.0800,0.822748
242.1000,0.831644
242.1200,0.785371
242.1400,0.788428
242.1600,0.794500
242.1800,0.797950
242.2000,0.798991
242.2200,0.800264
242.2400,0.802037
242.2600,0.803332
242.2800,0.804638
242.3000,0.809755
242.3200,0.812334
242.3400,0.765467
242.3600,0.755265
242.3800,0.746582
242.4000,0.734841
242.4200,0.712973
242.4400,0.685723
242.4600,0.657708
242.4800,0.638484
242.5000,0.629779
242.5200,0.631159
242.5400,0.640522
242.5600,0.618101
242.5800,0.641540
242.6000,0.661360
242.6200,0.678610
242.6400,0.682878
242.6600,0.682867
242.6800,0.680054
242.7000,0.674608
242.7200,0.668929
242.7400,0.665288
242.7600,0.667475
242.7800,0.631212
242.8000,0.662729
242.8200,0.677028
242.8400,0.688737
242.8600,0.698642
242.8800,0.707962
242.9000,0.718153
242.9200,0.730276
242.9400,0.746475
242.9600,0.770902
242.9800,0.793056
243.0000,0.749777
243.0200,0.802069
243.0400,0.819415
243.0600,0.837398
243.0800,0.855561
243.1000,0.872694
243.1200,0.889000
243.1400,0.906792
243.1600,0.926982
243.1800,0.939466
243.2000,0.948967
243.2200,0.959636
243.2400,0.963925
243.2600,0.957736
243.2800,0.953702
243.3000,0.955305
243.3200,0.951345
243.3400,0.943468
243.3600,0.933766
243.3800,0.922672
243.4000,0.908681
243.4200,0.891961
243.4400,0.875964
243.4600,0.855327
243.4800,0.830657
243.5000,0.804840
243.5200,0.779691
243.5400,0.755785
243.5600,0.734458
243.5800,0.716264
243.6000,0.705744
243.6200,0.701051
243.6400,0.672973
243.6600,0.648770
243.6800,0.627889
243.7000,0.609503
243.7200,0.593845
243.7400,0.580193
243.7600,0.570385
243.7800,0.566701
243.8000,0.562890
243.8200,0.561797
243.8400,0.580236
243.8600,0.606127
243.8800,0.627518
243.9000,0.645574
243.9200,0.664587
243.9400,0.681731
243.9600,0.689279
243.9800,0.692697
244.0000,0.692421
244.0200,0.688366
244.0400,0.673302
244.0600,0.639311
244.0800,0.605586
244.1000,0.572211
244.1200,0.539016
244.1400,0.509324
244.1600,0.482446
244.1800,0.457807
244.2000,0.437085
244.2200,0.419655
244.2400,0.405855
244.2600,0.450811
244.2800,0.486904
244.3000,0.521872
244.3200,0.553708
244.3400,0.582264
244.3600,0.606669
244.3800,0.630585
244.4000,0.657984
244.4200,0.680213
244.4400,0.698015
244.4600,0.675839
244.4800,0.638483
244.5000,0.605129
244.5200,0.574833
244.5400,0.547285
244.5600,0.523591
244.5800,0.499632
244.6000,0.475131
244.6200,0.452138
244.6400,0.429591
244.6600,0.421056
244.6800,0.442659
244.7000,0.466055
244.7200,0.489250
244.7400,0.506235
244.7600,0.520672
244.7800,0.533443
244.8000,0.545735
244.8200,0.557625
244.8400,0.568368
244.8600,0.580024
244.8800,0.553230
244.9000,0.553963
244.9200,0.555258
244.9400,0.560353
244.9600,0.565353
244.9800,0.568304
245.0000,0.572296
245.0200,0.576882
245.0400,0.583134
245.0600,0.589344
245.0800,0.595066
245.1000,0.558368
245.1200,0.532933
245.1400,0.510152
245.1600,0.490598
245.1800,0.474272
245.2000,0.458826
245.2200,0.444272
245.2400,0.429941
245.2600,0.417181
245.2800,0.405897
245.3000,0.392405
245.3200,0.372097
245.3400,0.358605
245.3600,0.345028
245.3800,0.332735
245.4000,0.321217
245.4200,0.309710
245.4400,0.297608
245.4600,0.286016
245.4800,0.274604
245.5000,0.263086
245.5200,0.251409
245.5400,0.250836
245.5600,0.258278
245.5800,0.263320
245.6000,0.268044
245.6200,0.274084
245.6400,0.279148
245.6600,0.282619
245.6800,0.284859
245.7000,0.287491
245.7200,0.290167
245.7400,0.286366
245.7600,0.309444
245.7800,0.344953
245.8000,0.377447
245.8200,0.406958
245.8400,0.434708
245.8600,0.466777
245.8800,0.492053
245.9000,0.511362
245.9200,0.528358
245.9400,0.545183
245.9600,0.540693
245.9800,0.570767
246.0000,0.728832
246.0200,0.752399
246.0400,0.743089
246.0600,0.736688
246.0800,0.726815
246.1000,0.717622
246.1200,0.708758
246.1400,0.700638
246.1600,0.691901
246.1800,0.680521
246.2000,0.661031
246.2200,0.668748
246.2400,0.674873
246.2600,0.684247
246.2800,0.695425
246.3000,0.701604
246.3200,0.705032
246.3400,0.707495
246.3600,0.711455
246.3800,0.715828
246.4000,0.709013
246.4200,0.678982
246.4400,0.665574
246.4600,0.652666
246.4800,0.642008
246.5000,0.636169
246.5200,0.627709
246.5400,0.616573
246.5600,0.606329
246.5800,0.595894
246.6000,0.586181
246.6200,0.570119
246.6400,0.574164
246.6600,0.600076
246.6800,0.624099
246.7000,0.647337
246.7200,0.674470
246.7400,0.703822
246.7600,0.726115
246.7800,0.746497
246.8000,0.765106
246.8200,0.783524
246.8400,0.777314
246.8600,0.725637
246.8800,0.681370
246.9000,0.641222
246.9200,0.604259
246.9400,0.570088
246.9600,0.539833
246.9800,0.511023
247.0000,0.483252
247.0200,0.458295
247.0400,0.434644
247.0600,0.409156
247.0800,0.411162
247.1000,0.418423
247.1200,0.424028
247.1400,0.429379
247.1600,0.434495
247.1800,0.440026
247.2000,0.446629
247.2200,0.449962
247.2400,0.453911
247.2600,0.456268
247.2800,0.441225
247.3000,0.512052
247.3200,0.586531
247.3400,0.656020
247.3600,0.718440
247.3800,0.775297
247.4000,0.828842
247.4200,0.882907
247.4400,0.928362
247.4600,0.964392
247.4800,0.996896
247.5000,0.972077
247.5200,0.901208
247.5400,0.838045
247.5600,0.780212
247.5800,0.727590
247.6000,0.680139
247.6200,0.636498
247.6400,0.597178
247.6600,0.562986
247.6800,0.531415
247.7000,0.502371
247.7200,0.470864
247.7400,0.487180
247.7600,0.501193
247.7800,0.515609
247.8000,0.528422
247.8200,0.541744
247.8400,0.555342
247.8600,0.571202
247.8800,0.592242
247.9000,0.610161
247.9200,0.624099
247.9400,0.597306
247.9600,0.688939
247.9800,0.762367
248.0000,0.826994
248.0200,0.885327
248.0400,0.938585
248.0600,0.986822
248.0800,1.031259
248.1000,1.082744
248.1200,1.130759
248.1400,1.163487
248.1600,1.109889
248.1800,1.157404
248.2000,1.194739
248.2200,1.222626
248.2400,1.247679
248.2600,1.270354
248.2800,1.290004
248.3000,1.307382
248.3200,1.331988
248.3400,1.358485
248.3600,1.373164
248.3800,1.297465
248.4000,1.220736
248.4200,1.152425
248.4400,1.089613
248.4600,1.032989
248.4800,0.981557
248.5000,0.935252
248.5200,0.893257
248.5400,0.856187
248.5600,0.825041
248.5800,0.795477
248.6000,0.754564
248.6200,0.786634
248.6400,0.818045
248.6600,0.842313
248.6800,0.861803
248.7000,0.880752
248.7200,0.899998
248.7400,0.918256
248.7600,0.937311
248.7800,0.962629
248.8000,0.989858
248.8200,0.943978
248.8400,0.976706
248.8600,1.013106
248.8800,1.042756
248.9000,1.062225
248.9200,1.078817
248.9400,1.094040
248.9600,1.108434
248.9800,1.119814
249.0000,1.135504
249.0200,1.152054
249.0400,1.099135
249.0600,1.121215
249.0800,1.148147
249.1000,1.178954
249.1200,1.196788
249.1400,1.211512
249.1600,1.224176
249.1800,1.236649
249.2000,1.249622
249.2200,1.261745
249.2400,1.282647
249.2600,1.206565
249.2800,1.172276
249.3000,1.145217
249.3200,1.123551
249.3400,1.101152
249.3600,1.076725
249.3800,1.055080
249.4000,1.035431
249.4200,1.017682
249.4400,1.002257
249.4600,0.988287
249.4800,0.953776
249.5000,0.967566
249.5200,0.981122
249.5400,0.997863
249.5600,1.015039
249.5800,1.022406
249.6000,1.029486
249.6200,1.036153
249.6400,1.041100
249.6600,1.044019
249.6800,1.044804
249.7000,1.002257
249.7200,1.000272
249.7400,0.998234
249.7600,1.001058
249.7800,1.006440
249.8000,1.005272
249.8200,1.004221
249.8400,1.004349
249.8600,1.004922
249.8800,1.003945
249.9000,0.995315
249.9200,0.983744
249.9400,1.018234
249.9600,1.048520
249.9800,1.076057
250.0000,1.106736
250.0200,1.131396
250.0400,1.149103
250.0600,1.164846
250.0800,1.178327
250.1000,1.190769
250.1200,1.184336
250.1400,1.121120
250.1600,1.079273
250.1800,1.040919
250.2000,1.005909
250.2200,0.976992
250.2400,0.951727
250.2600,0.925135
250.2800,0.900359
250.3000,0.877195
250.3200,0.855741
250.3400,0.824351
250.3600,0.833077
250.3800,0.862535
250.4000,0.888214
250.4200,0.911781
250.4400,0.934445
250.4600,0.962067
250.4800,1.087691
250.5000,1.338209
250.5200,1.332870
250.5400,1.315874
250.5600,1.288560
250.5800,1.227148
250.6000,1.192425
250.6200,1.160419
250.6400,1.133307
250.6600,1.113593
250.6800,1.095207
250.7000,1.073573
250.7200,1.052522
250.7400,1.034210
250.7600,1.017629
250.7800,0.990676
250.8000,0.994901
250.8200,1.035028
250.8400,1.066906
250.8600,1.094347
250.8800,1.126884
250.9000,1.161088
250.9200,1.183699
250.9400,1.203359
250.9600,1.220440
250.9800,1.236819
251.0000,1.224293
251.0200,1.173635
251.0400,1.145525
251.0600,1.120058
251.0800,1.096375
251.1000,1.076726
251.1200,1.063944
251.1400,1.046960
251.1600,1.030378
251.1800,1.015410
251.2000,1.000888
251.2200,0.967958
251.2400,0.967481
251.2600,0.979816
251.2800,0.988691
251.3000,0.996514
251.3200,1.003584
251.3400,1.018616
251.3600,1.032002
251.3800,1.036397
251.4000,1.042618
251.4200,1.048095
251.4400,1.019200
251.4600,0.965931
251.4800,0.922142
251.5000,0.882578
251.5200,0.846485
251.5400,0.812472
251.5600,0.781730
251.5800,0.756295
251.6000,0.731508
251.6200,0.708270
251.6400,0.687081
251.6600,0.653844
251.6800,0.715446
251.7000,0.775912
251.7200,0.829850
251.7400,0.878321
251.7600,0.922471
251.7800,0.963330
251.8000,1.009264
251.8200,1.051439
251.8400,1.081715
251.8600,1.109294
251.8800,1.068658
251.9000,1.128774
251.9200,1.172829
251.9400,1.213454
251.9600,1.250885
251.9800,1.283888
252.0000,1.315396
252.0200,1.347423
252.0400,1.386754
252.0600,1.418271
252.0800,1.440520
252.1000,1.372422
252.1200,1.348007
252.1400,1.310311
252.1600,1.277381
252.1800,1.247732
252.2000,1.221448
252.2200,1.197478
252.2400,1.179028
252.2600,1.166438
252.2800,1.248666
252.3000,1.420119
252.3200,1.350204
252.3400,1.340916
252.3600,1.324631
252.3800,1.310609
252.4000,1.298889
252.4200,1.289451
252.4400,1.280470
252.4600,1.280025
252.4800,1.284101
252.5000,1.280917
252.5200,1.278358
252.5400,1.216586
252.5600,1.273719
252.5800,1.314886
252.6000,1.350247
252.6200,1.380808
252.6400,1.407391
252.6600,1.430002
252.6800,1.449833
252.7000,1.477974
252.7200,1.498081
252.7400,1.510712
252.7600,1.436054
252.7800,1.468155
252.8000,1.480905
252.8200,1.488718
252.8400,1.493919
252.8600,1.497740
252.8800,1.500670
252.9000,1.500468
252.9200,1.509513
252.9400,1.520501
252.9600,1.520309
252.9800,1.436679
253.0000,1.486848
253.0200,1.489620
253.0400,1.491371
253.0600,1.491594
253.0800,1.490968
253.1000,1.488736
253.1200,1.496922
253.1400,1.507274
253.1600,1.508718
253.1800,1.508587
253.2000,1.437412
253.2200,1.471616
253.2400,1.471944
253.2600,1.471032
253.2800,1.469756
253.3000,1.467432
253.3200,1.470416
253.3400,1.479937
253.3600,1.479502
253.3800,1.477232
253.4000,1.474249
253.4200,1.418113
253.4400,1.426021
253.4600,1.430225
253.4800,1.428347
253.5000,1.425746
253.5200,1.429120
253.5400,1.438962
253.5600,1.439280
253.5800,1.439514
253.6000,1.437030
253.6200,1.435639
253.6400,1.440700
253.6600,1.468048
253.6800,1.481924
253.7000,1.497707
253.7200,1.499068
253.7400,1.497899
253.7600,1.494002
253.7800,1.488612
253.8000,1.480861
253.8200,1.475638
253.8400,1.474024
253.8600,1.475500
253.8800,1.462741
253.9000,1.450923
253.9200,1.439386
253.9400,1.428698
253.9600,1.420075
253.9800,1.417413
254.0000,1.420850
254.0200,1.409800
254.0400,1.393718
254.0600,1.361500
254.0800,1.322179
254.1000,1.284950
254.1200,1.253051
254.1400,1.225959
254.1600,1.202796
254.1800,1.176172
254.2000,1.149389
254.2200,1.126460
254.2400,1.107723
254.2600,1.099400
254.2800,1.118158
254.3000,1.135897
254.3200,1.147627
254.3400,1.153784
254.3600,1.159517
254.3800,1.163933
254.4000,1.168136
254.4200,1.172393
254.4400,1.182648
254.4600,1.200185
254.4800,1.219102
254.5000,1.223815
254.5200,1.226480
254.5400,1.227488
254.5600,1.228762
254.5800,1.228507
254.6000,1.233910
254.6200,1.246564
254.6400,1.249834
254.6600,1.248740
254.6800,1.223284
254.7000,1.185779
254.7200,1.151810
254.7400,1.119135
254.7600,1.092437
254.7800,1.067246
254.8000,1.040930
254.8200,1.016493
254.8400,0.992990
254.8600,0.969540
254.8800,0.956717
254.9000,0.990516
254.9200,1.025697
254.9400,1.050930
254.9600,1.067257
254.9800,1.081290
255.0000,1.091365
255.0200,1.099921
255.0400,1.107203
255.0600,1.115271
255.0800,1.127776
255.1000,1.126980
255.1200,1.121269
255.1400,1.115388
255.1600,1.108965
255.1800,1.101577
255.2000,1.093700
255.2200,1.091375
255.2400,1.091492
255.2600,1.087702
255.2800,1.083382
255.3000,1.029115
255.3200,1.050091
255.3400,1.059369
255.3600,1.067639
255.3800,1.076556
255.4000,1.086067
255.4200,1.095059
255.4400,1.109071
255.4600,1.131598
255.4800,1.148306
255.5000,1.158816
255.5200,1.100727
255.5400,1.113954
255.5600,1.119549
255.5800,1.123211
255.6000,1.126088
255.6200,1.130228
255.6400,1.134145
255.6600,1.136406
255.6800,1.143890
255.7000,1.150918
255.7200,1.145185
255.7400,1.081747
255.7600,1.095844
255.7800,1.107914
255.8000,1.114390
255.8200,1.118647
255.8400,1.124443
255.8600,1.130366
255.8800,1.137415
255.9000,1.148795
255.9200,1.168572
255.9400,1.181544
255.9600,1.117574
255.9800,1.135833
256.0000,1.151916
256.0200,1.160769
256.0400,1.166448
256.0600,1.174442
256.0800,1.184325
256.1000,1.194580
256.1200,1.207595
256.1400,1.231501
256.1600,1.254982
256.1800,1.186576
256.2000,1.187319
256.2200,1.196745
256.2400,1.202393
256.2600,1.202818
256.2800,1.203560
256.3000,1.203561
256.3200,1.202658
256.3400,1.201735
256.3600,1.205217
256.3800,1.214293
256.4000,1.152404
256.4200,1.161523
256.4400,1.172977
256.4600,1.185111
256.4800,1.187690
256.5000,1.186406
256.5200,1.183072
256.5400,1.180504
256.5600,1.178083
256.5800,1.174697
256.6000,1.180981
256.6200,1.126778
256.6400,1.140865
256.6600,1.161480
256.6800,1.188465
256.7000,1.210800
256.7200,1.234229
256.7400,1.258337
256.7600,1.285141
256.7800,1.314091
256.8000,1.343398
256.8200,1.381097
256.8400,1.331012
256.8600,1.362529
256.8800,1.398378
256.9000,1.443229
256.9200,1.495087
256.9400,1.537771
256.9600,1.581774
256.9800,1.624991
257.0000,1.670276
257.0200,1.715412
257.0400,1.749565
257.0600,1.726443
257.0800,1.806145
257.1000,1.875464
257.1200,1.947134
257.1400,2.026144
257.1600,2.087300
257.1800,2.139456
257.2000,2.186208
257.2200,2.228733
257.2400,2.268214
257.2600,2.268193
257.2800,2.187301
257.3000,2.168256
257.3200,2.149774
257.3400,2.132524
257.3600,2.129127
257.3800,2.127227
257.4000,2.115304
257.4200,2.102704
257.4400,2.090348
257.4600,2.078033
257.4800,2.030889
257.5000,2.019383
257.5200,2.062344
257.5400,2.098288
257.5600,2.130529
257.5800,2.165115
257.6000,2.208192
257.6200,2.239287
257.6400,2.256302
257.6600,2.268108
257.6800,2.278246
257.7000,2.219966
257.7200,2.204424
257.7400,2.224434
257.7600,2.242746
257.7800,2.259031
257.8000,2.271207
257.8200,2.294615
257.8400,2.321025
257.8600,2.333935
257.8800,2.340570
257.9000,2.345452
257.9200,2.260941
257.9400,2.222724
257.9600,2.200827
257.9800,2.179933
258.0000,2.161686
258.0200,2.145582
258.0400,2.134299
258.0600,2.135984
258.0800,2.140284
258.1000,2.131886
258.1200,2.123969
258.1400,2.026855
258.1600,2.067652
258.1800,2.096813
258.2000,2.121940
258.2200,2.145954
258.2400,2.166718
258.2600,2.183766
258.2800,2.206240
258.3000,2.241377
258.3200,2.264445
258.3400,2.277428
258.3600,2.161876
258.3800,2.154785
258.4000,2.135145
258.4200,2.113628
258.4400,2.092525
258.4600,2.071547
258.4800,2.049753
258.5000,2.025678
258.5200,2.007673
258.5400,1.992205
258.5600,1.964572
258.5800,1.853174
258.6000,1.829638
258.6200,1.802950
258.6400,1.772240
258.6600,1.745224
258.6800,1.721250
258.7000,1.701985
258.7200,1.684500
258.7400,1.674459
258.7600,1.674088
258.7800,1.676007
258.8000,1.590223
258.8200,1.616008
258.8400,1.645466
258.8600,1.666698
258.8800,1.681582
258.9000,1.694405
258.9200,1.705435
258.9400,1.712908
258.9600,1.717186
258.9800,1.726485
259.0000,1.738376
259.0200,1.656707
259.0400,1.693514
259.0600,1.738173
259.0800,1.778981
259.1000,1.805105
259.1200,1.828747
259.1400,1.850360
259.1600,1.870720
259.1800,1.889892
259.2000,1.908619
259.2200,1.937896
259.2400,1.866294
259.2600,1.918555
259.2800,1.969754
259.3000,2.028447
259.3200,2.074372
259.3400,2.104583
259.3600,2.132960
259.3800,2.159232
259.4000,2.183223
259.4200,2.205230
259.4400,2.218916
259.4600,2.127493
259.4800,2.124277
259.5000,2.120677
259.5200,2.127227
259.5400,2.138331
259.5600,2.138237
259.5800,2.134542
259.6000,2.131028
259.6200,2.128394
259.6400,2.125073
259.6600,2.102289
259.6800,2.055911
259.7000,2.089616
259.7200,2.119710
259.7400,2.149699
259.7600,2.193850
259.7800,2.234786
259.8000,2.252640
259.8200,2.266940
259.8400,2.276473
259.8600,2.280878
259.8800,2.240463
259.9000,2.171730
259.9200,2.154690
259.9400,2.140836
259.9600,2.127843
259.9800,2.125848
260.0000,2.136536
260.0200,2.139341
260.0400,2.134243
260.0600,2.123843
260.0800,2.109382
260.1000,2.042238
260.1200,2.038161
260.1400,2.067259
260.1600,2.088628
260.1800,2.107438
260.2000,2.124169
260.2200,2.154753
260.2400,2.195274
260.2600,2.222344
260.2800,2.250136
260.3000,2.277990
260.3200,2.211822
260.3400,2.217820
260.3600,2.239785
260.3800,2.257449
260.4000,2.270007
260.4200,2.278521
260.4400,2.287449
260.4600,2.303554
260.4800,2.310558
260.5000,2.302724
260.5200,2.292704
260.5400,2.188000
260.5600,2.182236
260.5800,2.174519
260.6000,2.166185
260.6200,2.157906
260.6400,2.148481
260.6600,2.139350
260.6800,2.136590
260.7000,2.141495
260.7200,2.134393
260.7400,2.123151
260.7600,2.012598
260.7800,1.999795
260.8000,1.976527
260.8200,1.952473
260.8400,1.930243
260.8600,1.908937
260.8800,1.889267
260.9000,1.872270
260.9200,1.865326
260.9400,1.859892
260.9600,1.847589
260.9800,1.750733
261.0000,1.814118
261.0200,1.868672
261.0400,1.915931
261.0600,1.965614
261.0800,2.017715
261.1000,2.073087
261.1200,2.130316
261.1400,2.192385
261.1600,2.264635
261.1800,2.323289
261.2000,2.208957
261.2200,2.315262
261.2400,2.413130
261.2600,2.476707
261.2800,2.534254
261.3000,2.588470
261.3200,2.638821
261.3400,2.685826
261.3600,2.731081
261.3800,2.795858
261.4000,2.857941
261.4200,2.702684
261.4400,2.731516
261.4600,2.779096
261.4800,2.813597
261.5000,2.835975
261.5200,2.857844
261.5400,2.878576
261.5600,2.897812
261.5800,2.916220
261.6000,2.944064
261.6200,2.986434
261.6400,2.837481
261.6600,2.876240
261.6800,2.930816
261.7000,2.985731
261.7200,3.014892
261.7400,3.036412
261.7600,3.056263
261.7800,3.075604
261.8000,3.092218
261.8200,3.105722
261.8400,3.131784
261.8600,2.988226
261.8800,3.008249
261.9000,3.027663
261.9200,3.065083
261.9400,3.089798
261.9600,3.097833
261.9800,3.103950
262.0000,3.109130
262.0200,3.113876
262.0400,3.118641
262.0600,3.595899
262.0800,3.600000
262.1000,3.600000
262.1200,3.600000
262.1400,3.600000
262.1600,3.600000
262.1800,3.600000
262.2000,3.600000
262.2200,3.600000
262.2400,3.600000
262.2600,3.600000
262.2800,3.600000
262.3000,3.590100
262.3200,3.600000
262.3400,3.600000
262.3600,3.600000
262.3800,3.600000
262.4000,3.592331
262.4200,3.570155
262.4400,3.543836
262.4600,3.519198
262.4800,3.507117
262.5000,3.488135
262.5200,3.280544
262.5400,3.264173
262.5600,3.263549
262.5800,3.248280
262.6000,3.227178
262.6200,3.208070
262.6400,3.190055
262.6600,3.175352
262.6800,3.163758
262.7000,3.165212
262.7200,3.180435
262.7400,3.013979
262.7600,3.031496
262.7800,3.056485
262.8000,3.090009
262.8200,3.102198
262.8400,3.113970
262.8600,3.126953
262.8800,3.140861
262.9000,3.153357
262.9200,3.165404
262.9400,3.198717
262.9600,3.055529
262.9800,3.099862
263.0000,3.145234
263.0200,3.201073
263.0400,3.249099
263.0600,3.273493
263.0800,3.296211
263.1000,3.314164
263.1200,3.328867
263.1400,3.340226
263.1600,3.345280
263.1800,3.214714
263.2000,3.239046
263.2200,3.245852
263.2400,3.265766
263.2600,3.296393
263.2800,3.303517
263.3000,3.307954
263.3200,3.306891
263.3400,3.303007
263.3600,3.295298
263.3800,3.260278
263.4000,3.154980
263.4200,3.171519
263.4400,3.186467
263.4600,3.197868
263.4800,3.231042
263.5000,3.257866
263.5200,3.262803
263.5400,3.271553
263.5600,3.278399
263.5800,3.284799
263.6000,3.227070
263.6200,3.154660
263.6400,3.172345
263.6600,3.188516
263.6800,3.201616
263.7000,3.225425
263.7200,3.263166
263.7400,3.281275
263.7600,3.289429
263.7800,3.295330
263.8000,3.299800
263.8200,3.210723
263.8400,3.159671
263.8600,3.166933
263.8800,3.175573
263.9000,3.183248
263.9200,3.189439
263.9400,3.212953
263.9600,3.242316
263.9800,3.247932
264.0000,3.254589
264.0200,3.259833
264.0400,3.275194
264.0600,3.308717
264.0800,3.340988
264.1000,3.387827
264.1200,3.428569
264.1400,3.450566
264.1600,3.470452
264.1800,3.485162
264.2000,3.495216
264.2200,3.502679
264.2400,3.515367
264.2600,3.549411
264.2800,3.573169
264.3000,3.580143
264.3200,3.583945
264.3400,3.586193
264.3600,3.585303
264.3800,3.584273
264.4000,3.591874
264.4200,3.600000
264.4400,3.600000
264.4600,3.589592
264.4800,3.534793
264.5000,3.482891
264.5200,3.434472
264.5400,3.386978
264.5600,3.356160
264.5800,3.344238
264.6000,3.319536
264.6200,3.294057
264.6400,3.266319
264.6600,3.256774
264.6800,3.269672
264.7000,3.278928
264.7200,3.304662
264.7400,3.336171
264.7600,3.348028
264.7800,3.351869
264.8000,3.352752
264.8200,3.355481
264.8400,3.359515
264.8600,3.357508
264.8800,3.374217
264.9000,3.399302
264.9200,3.402614
264.9400,3.400076
264.9600,3.397721
264.9800,3.395278
265.0000,3.388940
265.0200,3.384228
265.0400,3.398166
265.0600,3.415524
265.0800,3.375703
265.1000,3.332381
265.1200,3.293260
265.1400,3.258408
265.1600,3.226231
265.1800,3.199331
265.2000,3.203450
265.2200,3.196741
265.2400,3.178515
265.2600,3.160234
265.2800,3.169766
265.3000,3.198334
265.3200,3.223016
265.3400,3.253600
265.3600,3.300163
265.3800,3.335481
265.4000,3.349419
265.4200,3.362752
265.4400,3.373505
265.4600,3.382084
265.4800,3.380343
265.5000,3.371744
265.5200,3.362550
265.5400,3.340363
265.5600,3.309619
265.5800,3.281924
265.6000,3.254790
265.6200,3.229140
265.6400,3.203261
265.6600,3.191052
265.6800,3.193908
265.7000,3.027547
265.7200,3.062377
265.7400,3.093312
265.7600,3.122220
265.7800,3.131561
265.8000,3.137994
265.8200,3.141465
265.8400,3.143017
265.8600,3.144979
265.8800,3.147771
265.9000,3.167824
265.9200,3.010903
265.9400,3.026698
265.9600,3.049808
265.9800,3.089344
266.0000,3.115593
266.0200,3.126328
266.0400,3.139215
266.0600,3.151253
266.0800,3.161508
266.1000,3.167762
266.1200,3.171190
266.1400,3.054373
266.1600,3.099076
266.1800,3.136816
266.2000,3.191190
266.2200,3.245350
266.2400,3.275331
266.2600,3.297911
266.2800,3.313761
266.3000,3.327284
266.3200,3.336222
266.3400,3.309790
266.3600,3.199036
266.3800,3.206603
266.4000,3.203399
266.4200,3.202816
266.4400,3.217421
266.4600,3.225734
266.4800,3.217613
266.5000,3.209874
266.5200,3.203314
266.5400,3.196457
266.5600,3.132898
266.5800,3.042357
266.6000,3.027517
266.6200,3.005030
266.6400,2.984203
266.6600,2.976112
266.6800,2.981676
266.7000,2.970922
266.7200,2.954924
266.7400,2.939214
266.7600,2.925614
266.7800,2.849244
266.8000,2.823576
266.8200,2.853683
266.8400,2.879286
266.8600,2.900910
266.8800,2.923831
266.9000,2.960795
266.9200,2.991283
266.9400,3.003873
266.9600,3.012791
266.9800,3.020616
267.0000,2.925742
267.0200,2.881644
267.0400,2.873121
267.0600,2.864945
267.0800,2.857587
267.1000,2.850082
267.1200,2.854572
267.1400,2.873703
267.1600,2.880040
267.1800,2.876166
267.2000,2.874361
267.2200,2.753574
267.2400,2.809753
267.2600,2.865446
267.2800,2.912313
267.3000,2.953397
267.3200,2.990125
267.3400,3.020508
267.3600,3.068874
267.3800,3.120288
267.4000,3.145151
267.4200,3.164768
267.4400,3.008588
267.4600,3.041837
267.4800,3.057155
267.5000,3.067867
267.5200,3.078078
267.5400,3.086157
267.5600,3.094628
267.5800,3.107579
267.6000,3.136541
267.6200,3.161869
267.6400,3.166445
267.6600,2.988153
267.6800,3.024362
267.7000,3.041380
267.7200,3.047706
267.7400,3.052835
267.7600,3.057568
267.7800,3.061123
267.8000,3.061442
267.8200,3.072782
267.8400,3.106232
267.8600,3.115244
267.8800,2.935742
267.9000,3.016507
267.9200,3.085859
267.9400,3.133068
267.9600,3.169173
267.9800,3.200999
268.0000,3.227454
268.0200,3.249928
268.0400,3.274385
268.0600,3.320639
268.0800,3.362327
268.1000,3.163121
268.1200,3.176117
268.1400,3.197390
268.1600,3.206265
268.1800,3.202157
268.2000,3.196837
268.2200,3.192528
268.2400,3.186805
268.2600,3.180904
268.2800,3.184299
268.3000,3.203261
268.3200,3.030700
268.3400,3.051178
268.3600,3.087123
268.3800,3.126496
268.4000,3.141551
268.4200,3.154385
268.4400,3.162761
268.4600,3.170544
268.4800,3.176594
268.5000,3.185171
268.5200,3.202750
268.5400,3.064850
268.5600,3.117390
268.5800,3.168949
268.6000,3.234661
268.6200,3.292507
268.6400,3.323028
268.6600,3.348749
268.6800,3.369027
268.7000,3.386542
268.7200,3.401235
268.7400,3.400863
268.7600,3.244821
268.7800,3.219620
268.8000,3.192549
268.8200,3.176530
268.8400,3.173706
268.8600,3.161707
268.8800,3.136126
268.9000,3.111657
268.9200,3.087260
268.9400,3.063089
268.9600,3.004969
268.9800,2.909277
269.0000,2.906623
269.0200,2.903056
269.0400,2.900901
269.0600,2.924190
269.0800,2.935868
269.1000,2.935211
269.1200,2.930890
269.1400,2.924861
269.1600,2.918820
269.1800,2.859053
269.2000,2.817078
269.2200,2.851632
269.2400,2.883417
269.2600,2.910008
269.2800,2.942844
269.3000,2.992313
269.3200,3.019159
269.3400,3.030065
269.3600,3.038895
269.3800,3.046104
269.4000,2.964946
269.4200,2.932951
269.4400,2.955434
269.4600,2.976346
269.4800,2.996030
269.5000,3.015974
269.5200,3.061263
269.5400,3.106527
269.5600,3.130870
269.5800,3.151816
269.6000,3.170382
269.6200,3.064651
269.6400,3.090893
269.6600,3.121583
269.6800,3.143674
269.7000,3.161752
269.7200,3.177094
269.7400,3.203237
269.7600,3.239566
269.7800,3.258047
269.8000,3.261362
269.8200,3.261700
269.8400,3.122758
269.8600,3.132803
269.8800,3.148800
269.9000,3.158790
269.9200,3.167359
269.9400,3.174152
269.9600,3.180435
269.9800,3.214461
270.0000,3.246497
270.0200,3.259790
270.0400,3.266520
270.0600,3.101551
270.0800,3.136688
270.1000,3.154565
270.1200,3.168759
270.1400,3.180075
270.1600,3.189768
270.1800,3.196921
270.2000,3.207837
270.2200,3.237496
270.2400,3.258961
270.2600,3.262253
270.2800,3.076030
270.3000,3.095891
270.3200,3.097051
270.3400,3.092941
270.3600,3.088929
270.3800,3.082887
270.4000,3.075626
270.4200,3.069640
270.4400,3.076772
270.4600,3.095795
270.4800,3.095851
270.5000,2.916539
270.5200,2.981209
270.5400,3.030254
270.5600,3.062367
270.5800,3.085414
270.6000,3.103248
270.6200,3.120668
270.6400,3.138749
270.6600,3.160766
270.6800,3.201434
270.7000,3.235425
270.7200,3.046243
270.7400,3.088079
270.7600,3.141763
270.7800,3.171583
270.8000,3.188185
270.8200,3.202420
270.8400,3.214536
270.8600,3.223387
270.8800,3.231159
270.9000,3.251149
270.9200,3.279951
270.9400,3.099098
270.9600,3.128503
270.9800,3.172061
271.0000,3.215915
271.0200,3.235829
271.0400,3.250510
271.0600,3.264959
271.0800,3.275288
271.1000,3.284682
271.1200,3.294812
271.1400,3.322517
271.1600,3.139937
271.1800,3.116506
271.2000,3.097218
271.2200,3.101144
271.2400,3.092652
271.2600,3.072282
271.2800,3.056719
271.3000,3.043865
271.3200,3.029692
271.3400,3.015785
271.3600,3.001200
271.3800,2.873331
271.4000,2.876337
271.4200,2.878545
271.4400,2.900168
271.4600,2.917726
271.4800,2.918096
271.5000,2.920922
271.5200,2.919638
271.5400,2.919235
271.5600,2.918702
271.5800,2.893555
271.6000,2.831580
271.6200,2.904637
271.6400,2.967778
271.6600,3.028757
271.6800,3.105170
271.7000,3.165785
271.7200,3.203992
271.7400,3.238845
271.7600,3.273696
271.7800,3.304216
271.8000,3.269375
271.8200,3.184746
271.8400,3.198600
271.8600,3.209461
271.8800,3.219460
271.9000,3.243792
271.9200,3.273028
271.9400,3.280607
271.9600,3.286191
271.9800,3.288919
272.0000,3.289991
272.0200,3.207972
272.0400,3.162666
272.0600,3.189766
272.0800,3.213228
272.1000,3.233674
272.1200,3.255223
272.1400,3.294173
272.1600,3.329279
272.1800,3.340415
272.2000,3.352508
272.2200,3.359770
272.2400,3.248323
272.2600,3.213228
272.2800,3.215332
272.3000,3.215830
272.3200,3.215396
272.3400,3.214162
272.3600,3.224599
272.3800,3.250012
272.4000,3.265437
272.4200,3.261149
272.4400,3.257941
272.4600,3.116889
272.4800,3.160543
272.5000,3.208493
272.5200,3.249916
272.5400,3.286680
272.5600,3.318165
272.5800,3.345353
272.6000,3.388516
272.6200,3.437295
272.6400,3.459867
272.6600,3.473836
272.6800,3.294800
272.7000,3.309120
272.7200,3.297273
272.7400,3.288571
272.7600,3.280216
272.7800,3.270947
272.8000,3.260245
272.8200,3.253089
272.8400,3.267931
272.8600,3.281711
272.8800,3.273845
272.9000,3.083832
272.9200,3.143801
272.9400,3.180192
272.9600,3.199024
272.9800,3.214322
273.0000,3.228420
273.0200,3.241320
273.0400,3.252295
273.0600,3.268271
273.0800,3.302295
273.1000,3.319187
273.1200,3.122580
273.1400,3.181136
273.1600,3.232803
273.1800,3.261445
273.2000,3.280162
273.2200,3.296254
273.2400,3.312563
273.2600,3.326615
273.2800,3.339357
273.3000,3.368092
273.3200,3.395065
273.3400,3.196889
273.3600,3.227380
273.3800,3.275713
273.4000,3.312454
273.4200,3.330202
273.4400,3.342741
273.4600,3.352742
273.4800,3.362031
273.5000,3.369058
273.5200,3.382200
273.5400,3.417191
273.5600,3.230043
273.5800,3.248186
273.6000,3.279461
273.6200,3.317686
273.6400,3.333210
273.6600,3.341169
273.6800,3.347784
273.7000,3.353835
273.7200,3.357805
273.7400,3.359354
273.7600,3.374376
273.7800,3.218771
273.8000,3.243972
273.8200,3.268620
273.8400,3.310894
273.8600,3.350012
273.8800,3.362594
273.9000,3.376744
273.9200,3.387061
273.9400,3.394037
273.9600,3.400662
273.9800,3.386204
274.0000,3.250905
274.0200,3.256477
274.0400,3.259693
274.0600,3.271117
274.0800,3.298919
274.1000,3.311710
274.1200,3.310766
274.1400,3.309459
274.1600,3.306128
274.1800,3.301987
274.2000,3.253016
274.2200,3.156730
274.2400,3.169480
274.2600,3.180458
274.2800,3.191083
274.3000,3.217921
274.3200,3.247890
274.3400,3.255459
274.3600,3.259714
274.3800,3.262030
274.4000,3.262805
274.4200,3.271201
274.4400,3.307114
274.4600,3.363102
274.4800,3.413940
274.5000,3.437776
274.5200,3.456648
274.5400,3.475237
274.5600,3.491097
274.5800,3.502765
274.6000,3.514793
274.6200,3.546546
274.6400,3.578180
274.6600,3.582904
274.6800,3.585811
274.7000,3.587087
274.7200,3.589009
274.7400,3.590335
274.7600,3.594518
274.7800,3.600000
274.8000,3.600000
274.8200,3.600000
274.8400,3.590950
274.8600,3.526651
274.8800,3.470513
274.9000,3.419238
274.9200,3.375205
274.9400,3.354888
274.9600,3.345374
274.9800,3.309525
275.0000,3.274926
275.0200,3.244917
275.0400,3.235722
275.0600,3.254832
275.0800,3.282220
275.1000,3.326923
275.1200,3.356170
275.1400,3.366882
275.1600,3.376022
275.1800,3.382233
275.2000,3.387796
275.2200,3.392796
275.2400,3.405269
275.2600,3.440194
275.2800,3.463041
275.3000,3.465727
275.3200,3.468719
275.3400,3.472710
275.3600,3.472827
275.3800,3.471182
275.4000,3.480609
275.4200,3.511023
275.4400,3.523932
275.4600,3.465576
275.4800,3.403866
275.5000,3.347402
275.5200,3.297964
275.5400,3.256592
275.5600,3.224344
275.5800,3.209077
275.6000,3.181837
275.6200,3.151741
275.6400,3.127315
275.6600,3.136316
275.6800,3.175276
275.7000,3.207464
275.7200,3.261551
275.7400,3.314003
275.7600,3.343187
275.7800,3.364378
275.8000,3.382775
275.8200,3.398242
275.8400,3.411139
275.8600,3.415628
275.8800,3.397764
275.9000,3.390576
275.9200,3.366967
275.9400,3.338560
275.9600,3.312432
275.9800,3.289620
276.0000,3.269578
276.0200,3.249883
276.0400,3.251383
276.0600,3.259395
276.0800,3.071508
276.1000,3.091136
276.1200,3.123375
276.1400,3.157697
276.1600,3.166254
276.1800,3.172072
276.2000,3.176849
276.2200,0.555226
276.2400,0.560268
276.2600,0.564971
276.2800,0.570491
276.3000,0.574461
276.3200,0.580183
276.3400,0.560141
276.3600,0.577189
276.3800,0.593962
276.4000,0.612889
276.4200,0.629259
276.4400,0.639364
276.4600,0.649237
276.4800,0.657528
276.5000,0.664969
276.5200,0.671636
276.5400,0.673377
276.5600,0.623791
276.5800,0.581733
276.6000,0.543411
276.6200,0.508868
276.6400,0.477913
276.6600,0.449262
276.6800,0.422670
276.7000,0.398944
276.7200,0.376301
276.7400,0.355091
276.7600,0.335336
276.7800,0.341121
276.8000,0.362809
276.8200,0.383063
276.8400,0.402872
276.8600,0.424878
276.8800,0.443200
276.9000,0.456024
276.9200,0.466830
276.9400,0.475429
276.9600,0.480407
276.9800,0.474813
277.0000,0.491469
277.0200,0.529356
277.0400,0.563368
277.0600,0.593728
277.0800,0.623898
277.1000,0.653780
277.1200,0.680744
277.1400,0.701476
277.1600,0.722092
277.1800,0.739628
277.2000,0.731412
277.2200,0.724002
277.2400,0.730361
277.2600,0.734023
277.2800,0.737526
277.3000,0.741030
277.3200,0.751242
277.3400,0.763906
277.3600,0.776294
277.3800,0.789659
277.4000,0.804479
277.4200,0.791878
277.4400,0.771794
277.4600,0.763184
277.4800,0.755584
277.5000,0.750594
277.5200,0.749299
277.5400,0.750658
277.5600,0.753556
277.5800,0.754352
277.6000,0.755775
277.6200,0.757548
277.6400,0.732144
277.6600,0.742463
277.6800,0.755998
277.7000,0.765774
277.7200,0.770934
277.7400,0.773577
277.7600,0.776953
277.7800,0.781656
277.8000,0.783354
277.8200,0.783439
277.8400,0.784851
277.8600,0.754416
277.8800,0.748269
277.9000,0.743832
277.9200,0.738790
277.9400,0.732410
277.9600,0.724682
277.9800,0.719055
278.0000,0.720021
278.0200,0.726720
278.0400,0.732038
278.0600,0.735393
278.0800,0.700659
278.1000,0.716646
278.1200,0.725446
278.1400,0.732941
278.1600,0.740329
278.1800,0.748312
278.2000,0.756327
278.2200,0.765668
278.2400,0.783619
278.2600,0.796432
278.2800,0.802027
278.3000,0.761995
278.3200,0.742081
278.3400,0.720818
278.3600,0.701879
278.3800,0.685436
278.4000,0.670659
278.4200,0.658961
278.4400,0.649693
278.4600,0.646021
278.4800,0.643791
278.5000,0.637655
278.5200,0.601074
278.5400,0.565045
278.5600,0.534250
278.5800,0.508581
278.6000,0.488709
278.6200,0.471660
278.6400,0.457117
278.6600,0.444102
278.6800,0.432117
278.7000,0.419718
278.7200,0.405791
278.7400,0.383923
278.7600,0.393350
278.7800,0.399899
278.8000,0.402362
278.8200,0.401991
278.8400,0.401916
278.8600,0.402575
278.8800,0.402500
278.9000,0.405504
278.9200,0.411438
278.9400,0.418360
278.9600,0.397288
278.9800,0.409772
279.0000,0.424230
279.0200,0.436810
279.0400,0.447881
279.0600,0.458157
279.0800,0.468699
279.1000,0.479463
279.1200,0.489197
279.1400,0.501288
279.1600,0.514335
279.1800,0.490142
279.2000,0.501479
279.2200,0.513708
279.2400,0.524324
279.2600,0.528846
279.2800,0.531553
279.3000,0.533453
279.3200,0.533835
279.3400,0.533761
279.3600,0.533464
279.3800,0.535534
279.4000,0.524600
279.4200,0.565056
279.4400,0.602805
279.4600,0.642061
279.4800,0.675479
279.5000,0.702432
279.5200,0.726210
279.5400,0.748312
279.5600,0.768492
279.5800,0.786592
279.6000,0.801061
279.6200,0.762887
279.6400,0.752600
279.6600,0.742282
279.6800,0.735276
279.7000,0.731147
279.7200,0.723864
279.7400,0.716041
279.7600,0.708833
279.7800,0.702198
279.8000,0.696020
279.8200,0.685277
279.8400,0.668547
279.8600,0.680288
279.8800,0.691466
279.9000,0.701561
279.9200,0.715658
279.9400,0.727803
279.9600,0.733588
279.9800,0.740403
280.0000,0.745679
280.0200,0.749426
280.0400,0.740563
280.0600,0.728057
280.0800,0.736974
280.1000,0.744894
280.1200,0.752919
280.1400,0.762929
280.1600,0.774511
280.1800,0.781783
280.2000,0.786209
280.2200,0.790042
280.2400,0.793598
280.2600,0.777452
280.2800,0.745223
280.3000,0.724788
280.3200,0.705478
280.3400,0.687687
280.3600,0.672634
280.3800,0.661148
280.4000,0.651403
280.4200,0.641562
280.4400,0.631371
280.4600,0.622719
280.4800,0.599503
280.5000,0.591924
280.5200,0.590682
280.5400,0.589960
280.5600,0.589376
280.5800,0.588028
280.6000,0.590565
280.6200,0.593930
280.6400,0.594344
280.6600,0.593272
280.6800,0.591913
280.7000,0.569228
280.7200,0.596679
280.7400,0.625097
280.7600,0.650500
280.7800,0.673377
280.8000,0.693164
280.8200,0.711848
280.8400,0.734639
280.8600,0.755000
280.8800,0.769989
280.9000,0.782388
280.9200,0.750584
280.9400,0.726444
280.9600,0.701922
280.9800,0.680946
281.0000,0.662570
281.0200,0.644757
281.0400,0.629036
281.0600,0.616934
281.0800,0.607783
281.1000,0.598293
281.1200,0.588017
281.1400,0.555555
281.1600,0.592677
281.1800,0.620522
281.2000,0.643589
281.2200,0.664003
281.2400,0.682198
281.2600,0.698748
281.2800,0.714841
281.3000,0.733079
281.3200,0.751327
281.3400,0.762738
281.3600,0.723525
281.3800,0.744023
281.4000,0.760902
281.4200,0.772473
281.4400,0.782303
281.4600,0.790742
281.4800,0.798789
281.5000,0.804999
281.5200,0.811825
281.5400,0.822748
281.5600,0.831644
281.5800,0.785371
281.6000,0.788428
281.6200,0.794500
281.6400,0.797950
281.6600,0.798991
281.6800,0.800264
281.7000,0.802037
281.7200,0.803332
281.7400,0.804638
281.7600,0.809755
281.7800,0.812334
281.8000,0.765467
281.8200,0.755265
281.8400,0.746582
281.8600,0.734841
281.8800,0.712973
281.9000,0.685723
281.9200,0.657708
281.9400,0.638484
281.9600,0.629779
281.9800,0.631159
282.0000,0.640522
282.0200,0.618101
282.0400,0.641540
282.0600,0.661360
282.0800,0.678610
282.1000,0.682878
282.1200,0.682867
282.1400,0.680054
282.1600,0.674608
282.1800,0.668929
282.2000,0.665288
282.2200,0.667475
282.2400,0.631212
282.2600,0.662729
282.2800,0.677028
282.3000,0.688737
282.3200,0.698642
282.3400,0.707962
282.3600,0.718153
282.3800,0.730276
282.4000,0.746475
282.4200,0.770902
282.4400,0.793056
282.4600,0.749777
282.4800,0.802069
282.5000,0.819415
282.5200,0.837398
282.5400,0.855561
282.5600,0.872694
282.5800,0.889000
282.6000,0.906792
282.6200,0.926982
282.6400,0.939466
282.6600,0.948967
282.6800,0.959636
282.7000,0.963925
282.7200,0.957736
282.7400,0.953702
282.7600,0.955305
282.7800,0.951345
282.8000,0.943468
282.8200,0.933766
282.8400,0.922672
282.8600,0.908681
282.8800,0.891961
282.9000,0.875964
282.9200,0.855327
282.9400,0.830657
282.9600,0.804840
282.9800,0.779691
283.0000,0.755785
283.0200,0.734458
283.0400,0.716264
283.0600,0.705744
283.0800,0.701051
283.1000,0.672973
283.1200,0.648770
283.1400,0.627889
283.1600,0.609503
283.1800,0.593845
283.2000,0.580193
283.2200,0.570385
283.2400,0.566701
283.2600,0.562890
283.2800,0.561797
283.3000,0.580236
283.3200,0.606127
283.3400,0.627518
283.3600,0.645574
283.3800,0.664587
283.4000,0.681731
283.4200,0.689279
283.4400,0.692697
283.4600,0.692421
283.4800,0.688366
283.5000,0.673302
283.5200,0.639311
283.5400,0.605586
283.5600,0.572211
283.5800,0.539016
283.6000,0.509324
283.6200,0.482446
283.6400,0.457807
283.6600,0.437085
283.6800,0.419655
283.7000,0.405855
283.7200,0.450811
283.7400,0.486904
283.7600,0.521872
283.7800,0.553708
283.8000,0.582264
283.8200,0.606669
283.8400,0.630585
283.8600,0.657984
283.8800,0.680213
283.9000,0.698015
283.9200,0.675839
283.9400,0.638483
283.9600,0.605129
283.9800,0.574833
284.0000,0.547285
284.0200,0.523591
284.0400,0.499632
284.0600,0.475131
284.0800,0.452138
284.1000,0.429591
284.1200,0.421056
284.1400,0.442659
284.1600,0.466055
284.1800,0.489250
284.2000,0.506235
284.2200,0.520672
284.2400,0.533443
284.2600,0.545735
284.2800,0.557625
284.3000,0.568368
284.3200,0.580024
284.3400,0.553230
284.3600,0.553963
284.3800,0.555258
284.4000,0.560353
284.4200,0.565353
284.4400,0.568304
284.4600,0.572296
284.4800,0.576882
284.5000,0.583134
284.5200,0.589344
284.5400,0.595066
284.5600,0.558368
284.5800,0.532933
284.6000,0.510152
284.6200,0.490598
284.6400,0.474272
284.6600,0.458826
284.6800,0.444272
284.7000,0.429941
284.7200,0.417181
284.7400,0.405897
284.7600,0.392405
284.7800,0.372097
284.8000,0.358605
284.8200,0.345028
284.8400,0.332735
284.8600,0.321217
284.8800,0.309710
284.9000,0.297608
284.9200,0.286016
284.9400,0.274604
284.9600,0.263086
284.9800,0.251409
285.0000,0.250836
285.0200,0.258278
285.0400,0.263320
285.0600,0.268044
285.0800,0.274084
285.1000,0.279148
285.1200,0.282619
285.1400,0.284859
285.1600,0.287491
285.1800,0.290167
285.2000,0.286366
285.2200,0.309444
285.2400,0.344953
285.2600,0.377447
285.2800,0.406958
285.3000,0.434708
285.3200,0.466777
285.3400,0.492053
285.3600,0.511362
285.3800,0.528358
285.4000,0.545183
285.4200,0.540693
285.4400,0.570767
285.4600,0.728832
285.4800,0.752399
285.5000,0.743089
285.5200,0.736688
285.5400,0.726815
285.5600,0.717622
285.5800,0.708758
285.6000,0.700638
285.6200,0.691901
285.6400,0.680521
285.6600,0.661031
285.6800,0.668748
285.7000,0.674873
285.7200,0.684247
285.7400,0.695425
285.7600,0.701604
285.7800,0.705032
285.8000,0.707495
285.8200,0.711455
285.8400,0.715828
285.8600,0.709013
285.8800,0.678982
285.9000,0.665574
285.9200,0.652666
285.9400,0.642008
285.9600,0.636169
285.9800,0.627709
286.0000,0.616573
286.0200,0.606329
286.0400,0.595894
286.0600,0.586181
286.0800,0.570119
286.1000,0.574164
286.1200,0.600076
286.1400,0.624099
286.1600,0.647337
286.1800,0.674470
286.2000,0.703822
286.2200,0.726115
286.2400,0.746497
286.2600,0.765106
286.2800,0.783524
286.3000,0.777314
286.3200,0.725637
286.3400,0.681370
286.3600,0.641222
286.3800,0.604259
286.4000,0.570088
286.4200,0.539833
286.4400,0.511023
286.4600,0.483252
286.4800,0.458295
286.5000,0.434644
286.5200,0.409156
286.5400,0.411162
286.5600,0.418423
286.5800,0.424028
286.6000,0.429379
286.6200,0.434495
286.6400,0.440026
286.6600,0.446629
286.6800,0.449962
286.7000,0.453911
286.7200,0.456268
286.7400,0.441225
286.7600,0.512052
286.7800,0.586531
286.8000,0.656020
286.8200,0.718440
286.8400,0.775297
286.8600,0.828842
286.8800,0.882907
286.9000,0.928362
286.9200,0.964392
286.9400,0.996896
286.9600,0.972077
286.9800,0.901208
287.0000,0.838045
287.0200,0.780212
287.0400,0.727590
287.0600,0.680139
287.0800,0.636498
287.1000,0.597178
287.1200,0.562986
287.1400,0.531415
287.1600,0.502371
287.1800,0.470864
287.2000,0.487180
287.2200,0.501193
287.2400,0.515609
287.2600,0.528422
287.2800,0.541744
287.3000,0.555342
287.3200,0.571202
287.3400,0.592242
287.3600,0.610161
287.3800,0.624099
287.4000,0.597306
287.4200,0.688939
287.4400,0.762367
287.4600,0.826994
287.4800,0.885327
287.5000,0.938585
287.5200,0.986822
287.5400,1.031259
287.5600,1.082744
287.5800,1.130759
287.6000,1.163487
287.6200,1.109889
287.6400,1.157404
287.6600,1.194739
287.6800,1.222626
287.7000,1.247679
287.7200,1.270354
287.7400,1.290004
287.7600,1.307382
287.7800,1.331988
287.8000,1.358485
287.8200,1.373164
287.8400,1.297465
287.8600,1.220736
287.8800,1.152425
287.9000,1.089613
287.9200,1.032989
287.9400,0.981557
287.9600,0.935252
287.9800,0.893257
288.0000,0.856187
288.0200,0.825041
288.0400,0.795477
288.0600,0.754564
288.0800,0.786634
288.1000,0.818045
288.1200,0.842313
288.1400,0.861803
288.1600,0.880752
288.1800,0.899998
288.2000,0.918256
288.2200,0.937311
288.2400,0.962629
288.2600,0.989858
288.2800,0.943978
288.3000,0.976706
288.3200,1.013106
288.3400,1.042756
288.3600,1.062225
288.3800,1.078817
288.4000,1.094040
288.4200,1.108434
288.4400,1.119814
288.4600,1.135504
288.4800,1.152054
288.5000,1.099135
288.5200,1.121215
288.5400,1.148147
288.5600,1.178954
288.5800,1.196788
288.6000,1.211512
288.6200,1.224176
288.6400,1.236649
288.6600,1.249622
288.6800,1.261745
288.7000,1.282647
288.7200,1.206565
288.7400,1.172276
288.7600,1.145217
288.7800,1.123551
288.8000,1.101152
288.8200,1.076725
288.8400,1.055080
288.8600,1.035431
288.8800,1.017682
288.9000,1.002257
288.9200,0.988287
288.9400,0.953776
288.9600,0.967566
288.9800,0.981122
289.0000,0.997863
289.0200,1.015039
289.0400,1.022406
289.0600,1.029486
289.0800,1.036153
289.1000,1.041100
289.1200,1.044019
289.1400,1.044804
289.1600,1.002257
289.1800,1.000272
289.2000,0.998234
289.2200,1.001058
289.2400,1.006440
289.2600,1.005272
289.2800,1.004221
289.3000,1.004349
289.3200,1.004922
289.3400,1.003945
289.3600,0.995315
289.3800,0.983744
289.4000,1.018234
289.4200,1.048520
289.4400,1.076057
289.4600,1.106736
289.4800,1.131396
289.5000,1.149103
289.5200,1.164846
289.5400,1.178327
289.5600,1.190769
289.5800,1.184336
289.6000,1.121120
289.6200,1.079273
289.6400,1.040919
289.6600,1.005909
289.6800,0.976992
289.7000,0.951727
289.7200,0.925135
289.7400,0.900359
289.7600,0.877195
289.7800,0.855741
289.8000,0.824351
289.8200,0.833077
289.8400,0.862535
289.8600,0.888214
289.8800,0.911781
289.9000,0.934445
289.9200,0.962067
289.9400,1.087691
289.9600,1.338209
289.9800,1.332870
290.0000,1.315874
290.0200,1.288560
290.0400,1.227148
290.0600,1.192425
290.0800,1.160419
290.1000,1.133307
290.1200,1.113593
290.1400,1.095207
290.1600,1.073573
290.1800,1.052522
290.2000,1.034210
290.2200,1.017629
290.2400,0.990676
290.2600,0.994901
290.2800,1.035028
290.3000,1.066906
290.3200,1.094347
290.3400,1.126884
290.3600,1.161088
290.3800,1.183699
290.4000,1.203359
290.4200,1.220440
290.4400,1.236819
290.4600,1.224293
290.4800,1.173635
290.5000,1.145525
290.5200,1.120058
290.5400,1.096375
290.5600,1.076726
290.5800,1.063944
290.6000,1.046960
290.6200,1.030378
290.6400,1.015410
290.6600,1.000888
290.6800,0.967958
290.7000,0.967481
290.7200,0.979816
290.7400,0.988691
290.7600,0.996514
290.7800,1.003584
290.8000,1.018616
290.8200,1.032002
290.8400,1.036397
290.8600,1.042618
290.8800,1.048095
290.9000,1.019200
290.9200,0.965931
290.9400,0.922142
290.9600,0.882578
290.9800,0.846485
291.0000,0.812472
291.0200,0.781730
291.0400,0.756295
291.0600,0.731508
291.0800,0.708270
291.1000,0.687081
291.1200,0.653844
291.1400,0.715446
291.1600,0.775912
291.1800,0.829850
291.2000,0.878321
291.2200,0.922471
291.2400,0.963330
291.2600,1.009264
291.2800,1.051439
291.3000,1.081715
291.3200,1.109294
291.3400,1.068658
291.3600,1.128774
291.3800,1.172829
291.4000,1.213454
291.4200,1.250885
291.4400,1.283888
291.4600,1.315396
291.4800,1.347423
291.5000,1.386754
291.5200,1.418271
291.5400,1.440520
291.5600,1.372422
291.5800,1.348007
291.6000,1.310311
291.6200,1.277381
291.6400,1.247732
291.6600,1.221448
291.6800,1.197478
291.7000,1.179028
291.7200,1.166438
291.7400,1.248666
291.7600,1.420119
291.7800,1.350204
291.8000,1.340916
291.8200,1.324631
291.8400,1.310609
291.8600,1.298889
291.8800,1.289451
291.9000,1.280470
291.9200,1.280025
291.9400,1.284101
291.9600,1.280917
291.9800,1.278358
292.0000,1.216586
292.0200,1.273719
292.0400,1.314886
292.0600,1.350247
292.0800,1.380808
292.1000,1.407391
292.1200,1.430002
292.1400,1.449833
292.1600,1.477974
292.1800,1.498081
292.2000,1.510712
292.2200,1.436054
292.2400,1.468155
292.2600,1.480905
292.2800,1.488718
292.3000,1.493919
292.3200,1.497740
292.3400,1.500670
292.3600,1.500468
292.3800,1.509513
292.4000,1.520501
292.4200,1.520309
292.4400,1.436679
292.4600,1.486848
292.4800,1.489620
292.5000,1.491371
292.5200,1.491594
292.5400,1.490968
292.5600,1.488736
292.5800,1.496922
292.6000,1.507274
292.6200,1.508718
292.6400,1.508587
292.6600,1.437412
292.6800,1.471616
292.7000,1.471944
292.7200,1.471032
292.7400,1.469756
292.7600,1.467432
292.7800,1.470416
292.8000,1.479937
292.8200,1.479502
292.8400,1.477232
292.8600,1.474249
292.8800,1.418113
292.9000,1.426021
292.9200,1.430225
292.9400,1.428347
292.9600,1.425746
292.9800,1.429120
293.0000,1.438962
293.0200,1.439280
293.0400,1.439514
293.0600,1.437030
293.0800,1.435639
293.1000,1.440700
293.1200,1.468048
293.1400,1.481924
293.1600,1.497707
293.1800,1.499068
293.2000,1.497899
293.2200,1.494002
293.2400,1.488612
293.2600,1.480861
293.2800,1.475638
293.3000,1.474024
293.3200,1.475500
293.3400,1.462741
293.3600,1.450923
293.3800,1.439386
293.4000,1.428698
293.4200,1.420075
293.4400,1.417413
293.4600,1.420850
293.4800,1.409800
293.5000,1.393718
293.5200,1.361500
293.5400,1.322179
293.5600,1.284950
293.5800,1.253051
293.6000,1.225959
293.6200,1.202796
293.6400,1.176172
293.6600,1.149389
293.6800,1.126460
293.7000,1.107723
293.7200,1.099400
293.7400,1.118158
293.7600,1.135897
293.7800,1.147627
293.8000,1.153784
293.8200,1.159517
293.8400,1.163933
293.8600,1.168136
293.8800,1.172393
293.9000,1.182648
293.9200,1.200185
293.9400,1.219102
293.9600,1.223815
293.9800,1.226480
294.0000,1.227488
294.0200,1.228762
294.0400,1.228507
294.0600,1.233910
294.0800,1.246564
294.1000,1.249834
294.1200,1.248740
294.1400,1.223284
294.1600,1.185779
294.1800,1.151810
294.2000,1.119135
294.2200,1.092437
294.2400,1.067246
294.2600,1.040930
294.2800,1.016493
294.3000,0.992990
294.3200,0.969540
294.3400,0.956717
294.3600,0.990516
294.3800,1.025697
294.4000,1.050930
294.4200,1.067257
294.4400,1.081290
294.4600,1.091365
294.4800,1.099921
294.5000,1.107203
294.5200,1.115271
294.5400,1.127776
294.5600,1.126980
294.5800,1.121269
294.6000,1.115388
294.6200,1.108965
294.6400,1.101577
294.6600,1.093700
294.6800,1.091375
294.7000,1.091492
294.7200,1.087702
294.7400,1.083382
294.7600,1.029115
294.7800,1.050091
294.8000,1.059369
294.8200,1.067639
294.8400,1.076556
294.8600,1.086067
294.8800,1.095059
294.9000,1.109071
294.9200,1.131598
294.9400,1.148306
294.9600,1.158816
294.9800,1.100727
295.0000,1.113954
295.0200,1.119549
295.0400,1.123211
295.0600,1.126088
295.0800,1.130228
295.1000,1.134145
295.1200,1.136406
295.1400,1.143890
295.1600,1.150918
295.1800,1.145185
295.2000,1.081747
295.2200,1.095844
295.2400,1.107914
295.2600,1.114390
295.2800,1.118647
295.3000,1.124443
295.3200,1.130366
295.3400,1.137415
295.3600,1.148795
295.3800,1.168572
295.4000,1.181544
295.4200,1.117574
295.4400,1.135833
295.4600,1.151916
295.4800,1.160769
295.5000,1.166448
295.5200,1.174442
295.5400,1.184325
295.5600,1.194580
295.5800,1.207595
295.6000,1.231501
295.6200,1.254982
295.6400,1.186576
295.6600,1.187319
295.6800,1.196745
295.7000,1.202393
295.7200,1.202818
295.7400,1.203560
295.7600,1.203561
295.7800,1.202658
295.8000,1.201735
295.8200,1.205217
295.8400,1.214293
295.8600,1.152404
295.8800,1.161523
295.9000,1.172977
295.9200,1.185111
295.9400,1.187690
295.9600,1.186406
295.9800,1.183072
296.0000,1.180504
296.0200,1.178083
296.0400,1.174697
296.0600,1.180981
296.0800,1.126778
296.1000,1.140865
296.1200,1.161480
296.1400,1.188465
296.1600,1.210800
296.1800,1.234229
296.2000,1.258337
296.2200,1.285141
296.2400,1.314091
296.2600,1.343398
296.2800,1.381097
296.3000,1.331012
296.3200,1.362529
296.3400,1.398378
296.3600,1.443229
296.3800,1.495087
296.4000,1.537771
296.4200,1.581774
296.4400,1.624991
296.4600,1.670276
296.4800,1.715412
296.5000,1.749565
296.5200,1.726443
296.5400,1.806145
296.5600,1.875464
296.5800,1.947134
296.6000,2.026144
296.6200,2.087300
296.6400,2.139456
296.6600,2.186208
296.6800,2.228733
296.7000,2.268214
296.7200,2.268193
296.7400,2.187301
296.7600,2.168256
296.7800,2.149774
296.8000,2.132524
296.8200,2.129127
296.8400,2.127227
296.8600,2.115304
296.8800,2.102704
296.9000,2.090348
296.9200,2.078033
296.9400,2.030889
296.9600,2.019383
296.9800,2.062344
297.0000,2.098288
297.0200,2.130529
297.0400,2.165115
297.0600,2.208192
297.0800,2.239287
297.1000,2.256302
297.1200,2.268108
297.1400,2.278246
297.1600,2.219966
297.1800,2.204424
297.2000,2.224434
297.2200,2.242746
297.2400,2.259031
297.2600,2.271207
297.2800,2.294615
297.3000,2.321025
297.3200,2.333935
297.3400,2.340570
297.3600,2.345452
297.3800,2.260941
297.4000,2.222724
297.4200,2.200827
297.4400,2.179933
297.4600,2.161686
297.4800,2.145582
297.5000,2.134299
297.5200,2.135984
297.5400,2.140284
297.5600,2.131886
297.5800,2.123969
297.6000,2.026855
297.6200,2.067652
297.6400,2.096813
297.6600,2.121940
297.6800,2.145954
297.7000,2.166718
297.7200,2.183766
297.7400,2.206240
297.7600,2.241377
297.7800,2.264445
297.8000,2.277428
297.8200,2.161876
297.8400,2.154785
297.8600,2.135145
297.8800,2.113628
297.9000,2.092525
297.9200,2.071547
297.9400,2.049753
297.9600,2.025678
297.9800,2.007673
298.0000,1.992205
298.0200,1.964572
298.0400,1.853174
298.0600,1.829638
298.0800,1.802950
298.1000,1.772240
298.1200,1.745224
298.1400,1.721250
298.1600,1.701985
298.1800,1.684500
298.2000,1.674459
298.2200,1.674088
298.2400,1.676007
298.2600,1.590223
298.2800,1.616008
298.3000,1.645466
298.3200,1.666698
298.3400,1.681582
298.3600,1.694405
298.3800,1.705435
298.4000,1.712908
298.4200,1.717186
298.4400,1.726485
298.4600,1.738376
298.4800,1.656707
298.5000,1.693514
298.5200,1.738173
298.5400,1.778981
298.5600,1.805105
298.5800,1.828747
298.6000,1.850360
298.6200,1.870720
298.6400,1.889892
298.6600,1.908619
298.6800,1.937896
298.7000,1.866294
298.7200,1.918555
298.7400,1.969754
298.7600,2.028447
298.7800,2.074372
298.8000,2.104583
298.8200,2.132960
298.8400,2.159232
298.8600,2.183223
298.8800,2.205230
298.9000,2.218916
298.9200,2.127493
298.9400,2.124277
298.9600,2.120677
298.9800,2.127227
299.0000,2.138331
299.0200,2.138237
299.0400,2.134542
299.0600,2.131028
299.0800,2.128394
299.1000,2.125073
299.1200,2.102289
299.1400,2.055911
299.1600,2.089616
299.1800,2.119710
299.2000,2.149699
299.2200,2.193850
299.2400,2.234786
299.2600,2.252640
299.2800,2.266940
299.3000,2.276473
299.3200,2.280878
299.3400,2.240463
299.3600,2.171730
299.3800,2.154690
299.4000,2.140836
299.4200,2.127843
299.4400,2.125848
299.4600,2.136536
299.4800,2.139341
299.5000,2.134243
299.5200,2.123843
299.5400,2.109382
299.5600,2.042238
299.5800,2.038161
299.6000,2.067259
299.6200,2.088628
299.6400,2.107438
299.6600,2.124169
299.6800,2.154753
299.7000,2.195274
299.7200,2.222344
299.7400,2.250136
299.7600,2.277990
299.7800,2.211822
299.8000,2.217820
299.8200,2.239785
299.8400,2.257449
299.8600,2.270007
299.8800,2.278521
299.9000,2.287449
299.9200,2.303554
299.9400,2.310558
299.9600,2.302724
299.9800,2.292704
300.0000,2.188000
300.0200,2.182236
300.0400,2.174519
300.0600,2.166185
300.0800,2.157906
300.1000,2.148481
300.1200,2.139350
300.1400,2.136590
300.1600,2.141495
300.1800,2.134393
300.2000,2.123151
300.2200,2.012598
300.2400,1.999795
300.2600,1.976527
300.2800,1.952473
300.3000,1.930243
300.3200,1.908937
300.3400,1.889267
300.3600,1.872270
300.3800,1.865326
300.4000,1.859892
300.4200,1.847589
300.4400,1.750733
300.4600,1.814118
300.4800,1.868672
300.5000,1.915931
300.5200,1.965614
300.5400,2.017715
300.5600,2.073087
300.5800,2.130316
300.6000,2.192385
300.6200,2.264635
300.6400,2.323289
300.6600,2.208957
300.6800,2.315262
300.7000,2.413130
300.7200,2.476707
300.7400,2.534254
300.7600,2.588470
300.7800,2.638821
300.8000,2.685826
300.8200,2.731081
300.8400,2.795858
300.8600,2.857941
300.8800,2.702684
300.9000,2.731516
300.9200,2.779096
300.9400,2.813597
300.9600,2.835975
300.9800,2.857844
301.0000,2.878576
301.0200,2.897812
301.0400,2.916220
301.0600,2.944064
301.0800,2.986434
301.1000,2.837481
301.1200,2.876240
301.1400,2.930816
301.1600,2.985731
301.1800,3.014892
301.2000,3.036412
301.2200,3.056263
301.2400,3.075604
301.2600,3.092218
301.2800,3.105722
301.3000,3.131784
301.3200,2.988226
301.3400,3.008249
301.3600,3.027663
301.3800,3.065083
301.4000,3.089798
301.4200,3.097833
301.4400,3.103950
301.4600,3.109130
301.4800,3.113876
301.5000,3.118641
301.5200,3.595899
301.5400,3.600000
301.5600,3.600000
301.5800,3.600000
301.6000,3.600000
301.6200,3.600000
301.6400,3.600000
301.6600,3.600000
301.6800,3.600000
301.7000,3.600000
301.7200,3.600000
301.7400,3.600000
301.7600,3.590100
301.7800,3.600000
301.8000,3.600000
301.8200,3.600000
301.8400,3.600000
301.8600,3.592331
301.8800,3.570155
301.9000,3.543836
301.9200,3.519198
301.9400,3.507117
301.9600,3.488135
301.9800,3.280544
302.0000,3.264173
302.0200,3.263549
302.0400,3.248280
302.0600,3.227178
302.0800,3.208070
302.1000,3.190055
302.1200,3.175352
302.1400,3.163758
302.1600,3.165212
302.1800,3.180435
302.2000,3.013979
302.2200,3.031496
302.2400,3.056485
302.2600,3.090009
302.2800,3.102198
302.3000,3.113970
302.3200,3.126953
302.3400,3.140861
302.3600,3.153357
302.3800,3.165404
302.4000,3.198717
302.4200,3.055529
302.4400,3.099862
302.4600,3.145234
302.4800,3.201073
302.5000,3.249099
302.5200,3.273493
302.5400,3.296211
302.5600,3.314164
302.5800,3.328867
302.6000,3.340226
302.6200,3.345280
302.6400,3.214714
302.6600,3.239046
302.6800,3.245852
302.7000,3.265766
302.7200,3.296393
302.7400,3.303517
302.7600,3.307954
302.7800,3.306891
302.8000,3.303007
302.8200,3.295298
302.8400,3.260278
302.8600,3.154980
302.8800,3.171519
302.9000,3.186467
302.9200,3.197868
302.9400,3.231042
302.9600,3.257866
302.9800,3.262803
303.0000,3.271553
303.0200,3.278399
303.0400,3.284799
303.0600,3.227070
303.0800,3.154660
303.1000,3.172345
303.1200,3.188516
303.1400,3.201616
303.1600,3.225425
303.1800,3.263166
303.2000,3.281275
303.2200,3.289429
303.2400,3.295330
303.2600,3.299800
303.2800,3.210723
303.3000,3.159671
303.3200,3.166933
303.3400,3.175573
303.3600,3.183248
303.3800,3.189439
303.4000,3.212953
303.4200,3.242316
303.4400,3.247932
303.4600,3.254589
303.4800,3.259833
303.5000,3.275194
303.5200,3.308717
303.5400,3.340988
303.5600,3.387827
303.5800,3.428569
303.6000,3.450566
303.6200,3.470452
303.6400,3.485162
303.6600,3.495216
303.6800,3.502679
303.7000,3.515367
303.7200,3.549411
303.7400,3.573169
303.7600,3.580143
303.7800,3.583945
303.8000,3.586193
303.8200,3.585303
303.8400,3.584273
303.8600,3.591874
303.8800,3.600000
303.9000,3.600000
303.9200,3.589592
303.9400,3.534793
303.9600,3.482891
303.9800,3.434472
304.0000,3.386978
304.0200,3.356160
304.0400,3.344238
304.0600,3.319536
304.0800,3.294057
304.1000,3.266319
304.1200,3.256774
304.1400,3.269672
304.1600,3.278928
304.1800,3.304662
304.2000,3.336171
304.2200,3.348028
304.2400,3.351869
304.2600,3.352752
304.2800,3.355481
304.3000,3.359515
304.3200,3.357508
304.3400,3.374217
304.3600,3.399302
304.3800,3.402614
304.4000,3.400076
304.4200,3.397721
304.4400,3.395278
304.4600,3.388940
304.4800,3.384228
304.5000,3.398166
304.5200,3.415524
304.5400,3.375703
304.5600,3.332381
304.5800,3.293260
304.6000,3.258408
304.6200,3.226231
304.6400,3.199331
304.6600,3.203450
304.6800,3.196741
304.7000,3.178515
304.7200,3.160234
304.7400,3.169766
304.7600,3.198334
304.7800,3.223016
304.8000,3.253600
304.8200,3.300163
304.8400,3.335481
304.8600,3.349419
304.8800,3.362752
304.9000,3.373505
304.9200,3.382084
304.9400,3.380343
304.9600,3.371744
304.9800,3.362550
305.0000,3.340363
305.0200,3.309619
305.0400,3.281924
305.0600,3.254790
305.0800,3.229140
305.1000,3.203261
305.1200,3.191052
305.1400,3.193908
305.1600,3.027547
305.1800,3.062377
305.2000,3.093312
305.2200,3.122220
305.2400,3.131561
305.2600,3.137994
305.2800,3.141465
305.3000,3.143017
305.3200,3.144979
305.3400,3.147771
305.3600,3.167824
305.3800,3.010903
305.4000,3.026698
305.4200,3.049808
305.4400,3.089344
305.4600,3.115593
305.4800,3.126328
305.5000,3.139215
305.5200,3.151253
305.5400,3.161508
305.5600,3.167762
305.5800,3.171190
305.6000,3.054373
305.6200,3.099076
305.6400,3.136816
305.6600,3.191190
305.6800,3.245350
305.7000,3.275331
305.7200,3.297911
305.7400,3.313761
305.7600,3.327284
305.7800,3.336222
305.8000,3.309790
305.8200,3.199036
305.8400,3.206603
305.8600,3.203399
305.8800,3.202816
305.9000,3.217421
305.9200,3.225734
305.9400,3.217613
305.9600,3.209874
305.9800,3.203314
306.0000,3.196457
306.0200,3.132898
306.0400,3.042357
306.0600,3.027517
306.0800,3.005030
306.1000,2.984203
306.1200,2.976112
306.1400,2.981676
306.1600,2.970922
306.1800,2.954924
306.2000,2.939214
306.2200,2.925614
306.2400,2.849244
306.2600,2.823576
306.2800,2.853683
306.3000,2.879286
306.3200,2.900910
306.3400,2.923831
306.3600,2.960795
306.3800,2.991283
306.4000,3.003873
306.4200,3.012791
306.4400,3.020616
306.4600,2.925742
306.4800,2.881644
306.5000,2.873121
306.5200,2.864945
306.5400,2.857587
306.5600,2.850082
306.5800,2.854572
306.6000,2.873703
306.6200,2.880040
306.6400,2.876166
306.6600,2.874361
306.6800,2.753574
306.7000,2.809753
306.7200,2.865446
306.7400,2.912313
306.7600,2.953397
306.7800,2.990125
306.8000,3.020508
306.8200,3.068874
306.8400,3.120288
306.8600,3.145151
306.8800,3.164768
306.9000,3.008588
306.9200,3.041837
306.9400,3.057155
306.9600,3.067867
306.9800,3.078078
307.0000,3.086157
307.0200,3.094628
307.0400,3.107579
307.0600,3.136541
307.0800,3.161869
307.1000,3.166445
307.1200,2.988153
307.1400,3.024362
307.1600,3.041380
307.1800,3.047706
307.2000,3.052835
307.2200,3.057568
307.2400,3.061123
307.2600,3.061442
307.2800,3.072782
307.3000,3.106232
307.3200,3.115244
307.3400,2.935742
307.3600,3.016507
307.3800,3.085859
307.4000,3.133068
307.4200,3.169173
307.4400,3.200999
307.4600,3.227454
307.4800,3.249928
307.5000,3.274385
307.5200,3.320639
307.5400,3.362327
307.5600,3.163121
307.5800,3.176117
307.6000,3.197390
307.6200,3.206265
307.6400,3.202157
307.6600,3.196837
307.6800,3.192528
307.7000,3.186805
307.7200,3.180904
307.7400,3.184299
307.7600,3.203261
307.7800,3.030700
307.8000,3.051178
307.8200,3.087123
307.8400,3.126496
307.8600,3.141551
307.8800,3.154385
307.9000,3.162761
307.9200,3.170544
307.9400,3.176594
307.9600,3.185171
307.9800,3.202750
308.0000,3.064850
308.0200,3.117390
308.0400,3.168949
308.0600,3.234661
308.0800,3.292507
308.1000,3.323028
308.1200,3.348749
308.1400,3.369027
308.1600,3.386542
308.1800,3.401235
308.2000,3.400863
308.2200,3.244821
308.2400,3.219620
308.2600,3.192549
308.2800,3.176530
308.3000,3.173706
308.3200,3.161707
308.3400,3.136126
308.3600,3.111657
308.3800,3.087260
308.4000,3.063089
308.4200,3.004969
308.4400,2.909277
308.4600,2.906623
308.4800,2.903056
308.5000,2.900901
308.5200,2.924190
308.5400,2.935868
308.5600,2.935211
308.5800,2.930890
308.6000,2.924861
308.6200,2.918820
308.6400,2.859053
308.6600,2.817078
308.6800,2.851632
308.7000,2.883417
308.7200,2.910008
308.7400,2.942844
308.7600,2.992313
308.7800,3.019159
308.8000,3.030065
308.8200,3.038895
308.8400,3.046104
308.8600,2.964946
308.8800,2.932951
308.9000,2.955434
308.9200,2.976346
308.9400,2.996030
308.9600,3.015974
308.9800,3.061263
309.0000,3.106527
309.0200,3.130870
309.0400,3.151816
309.0600,3.170382
309.0800,3.064651
309.1000,3.090893
309.1200,3.121583
309.1400,3.143674
309.1600,3.161752
309.1800,3.177094
309.2000,3.203237
309.2200,3.239566
309.2400,3.258047
309.2600,3.261362
309.2800,3.261700
309.3000,3.122758
309.3200,3.132803
309.3400,3.148800
309.3600,3.158790
309.3800,3.167359
309.4000,3.174152
309.4200,3.180435
309.4400,3.214461
309.4600,3.246497
309.4800,3.259790
309.5000,3.266520
309.5200,3.101551
309.5400,3.136688
309.5600,3.154565
309.5800,3.168759
309.6000,3.180075
309.6200,3.189768
309.6400,3.196921
309.6600,3.207837
309.6800,3.237496
309.7000,3.258961
309.7200,3.262253
309.7400,3.076030
309.7600,3.095891
309.7800,3.097051
309.8000,3.092941
309.8200,3.088929
309.8400,3.082887
309.8600,3.075626
309.8800,3.069640
309.9000,3.076772
309.9200,3.095795
309.9400,3.095851
309.9600,2.916539
309.9800,2.981209
310.0000,3.030254
310.0200,3.062367
310.0400,3.085414
310.0600,3.103248
310.0800,3.120668
310.1000,3.138749
310.1200,3.160766
310.1400,3.201434
310.1600,3.235425
310.1800,3.046243
310.2000,3.088079
310.2200,3.141763
310.2400,3.171583
310.2600,3.188185
310.2800,3.202420
310.3000,3.214536
310.3200,3.223387
310.3400,3.231159
310.3600,3.251149
310.3800,3.279951
310.4000,3.099098
310.4200,3.128503
310.4400,3.172061
310.4600,3.215915
310.4800,3.235829
310.5000,3.250510
310.5200,3.264959
310.5400,3.275288
310.5600,3.284682
310.5800,3.294812
310.6000,3.322517
310.6200,3.139937
310.6400,3.116506
310.6600,3.097218
310.6800,3.101144
310.7000,3.092652
310.7200,3.072282
310.7400,3.056719
310.7600,3.043865
310.7800,3.029692
310.8000,3.015785
310.8200,3.001200
310.8400,2.873331
310.8600,2.876337
310.8800,2.878545
310.9000,2.900168
310.9200,2.917726
310.9400,2.918096
310.9600,2.920922
310.9800,2.919638
311.0000,2.919235
311.0200,2.918702
311.0400,2.893555
311.0600,2.831580
311.0800,2.904637
311.1000,2.967778
311.1200,3.028757
311.1400,3.105170
311.1600,3.165785
311.1800,3.203992
311.2000,3.238845
311.2200,3.273696
311.2400,3.304216
311.2600,3.269375
311.2800,3.184746
311.3000,3.198600
311.3200,3.209461
311.3400,3.219460
311.3600,3.243792
311.3800,3.273028
311.4000,3.280607
311.4200,3.286191
311.4400,3.288919
311.4600,3.289991
311.4800,3.207972
311.5000,3.162666
311.5200,3.189766
311.5400,3.213228
311.5600,3.233674
311.5800,3.255223
311.6000,3.294173
311.6200,3.329279
311.6400,3.340415
311.6600,3.352508
311.6800,3.359770
311.7000,3.248323
311.7200,3.213228
311.7400,3.215332
311.7600,3.215830
311.7800,3.215396
311.8000,3.214162
311.8200,3.224599
311.8400,3.250012
311.8600,3.265437
311.8800,3.261149
311.9000,3.257941
311.9200,3.116889
311.9400,3.160543
311.9600,3.208493
311.9800,3.249916
312.0000,3.286680
312.0200,3.318165
312.0400,3.345353
312.0600,3.388516
312.0800,3.437295
312.1000,3.459867
312.1200,3.473836
312.1400,3.294800
312.1600,3.309120
312.1800,3.297273
312.2000,3.288571
312.2200,3.280216
312.2400,3.270947
312.2600,3.260245
312.2800,3.253089
312.3000,3.267931
312.3200,3.281711
312.3400,3.273845
312.3600,3.083832
312.3800,3.143801
312.4000,3.180192
312.4200,3.199024
312.4400,3.214322
312.4600,3.228420
312.4800,3.241320
312.5000,3.252295
312.5200,3.268271
312.5400,3.302295
312.5600,3.319187
312.5800,3.122580
312.6000,3.181136
312.6200,3.232803
312.6400,3.261445
312.6600,3.280162
312.6800,3.296254
312.7000,3.312563
312.7200,3.326615
312.7400,3.339357
312.7600,3.368092
312.7800,3.395065
312.8000,3.196889
312.8200,3.227380
312.8400,3.275713
312.8600,3.312454
312.8800,3.330202
312.9000,3.342741
312.9200,3.352742
312.9400,3.362031
312.9600,3.369058
312.9800,3.382200
313.0000,3.417191
313.0200,3.230043
313.0400,3.248186
313.0600,3.279461
313.0800,3.317686
313.1000,3.333210
313.1200,3.341169
313.1400,3.347784
313.1600,3.353835
313.1800,3.357805
313.2000,3.359354
313.2200,3.374376
313.2400,3.218771
313.2600,3.243972
313.2800,3.268620
313.3000,3.310894
313.3200,3.350012
313.3400,3.362594
313.3600,3.376744
313.3800,3.387061
313.4000,3.394037
313.4200,3.400662
313.4400,3.386204
313.4600,3.250905
313.4800,3.256477
313.5000,3.259693
313.5200,3.271117
313.5400,3.298919
313.5600,3.311710
313.5800,3.310766
313.6000,3.309459
313.6200,3.306128
313.6400,3.301987
313.6600,3.253016
313.6800,3.156730
313.7000,3.169480
313.7200,3.180458
313.7400,3.191083
313.7600,3.217921
313.7800,3.247890
313.8000,3.255459
313.8200,3.259714
313.8400,3.262030
313.8600,3.262805
313.8800,3.271201
313.9000,3.307114
313.9200,3.363102
313.9400,3.413940
313.9600,3.437776
313.9800,3.456648
314.0000,3.475237
314.0200,3.491097
314.0400,3.502765
314.0600,3.514793
314.0800,3.546546
314.1000,3.578180
314.1200,3.582904
314.1400,3.585811
314.1600,3.587087
314.1800,3.589009
314.2000,3.590335
314.2200,3.594518
314.2400,3.600000
314.2600,3.600000
314.2800,3.600000
314.3000,3.590950
314.3200,3.526651
314.3400,3.470513
314.3600,3.419238
314.3800,3.375205
314.4000,3.354888
314.4200,3.345374
314.4400,3.309525
314.4600,3.274926
314.4800,3.244917
314.5000,3.235722
314.5200,3.254832
314.5400,3.282220
314.5600,3.326923
314.5800,3.356170
314.6000,3.366882
314.6200,3.376022
314.6400,3.382233
314.6600,3.387796
314.6800,3.392796
314.7000,3.405269
314.7200,3.440194
314.7400,3.463041
314.7600,3.465727
314.7800,3.468719
314.8000,3.472710
314.8200,3.472827
314.8400,3.471182
314.8600,3.480609
314.8800,3.511023
314.9000,3.523932
314.9200,3.465576
314.9400,3.403866
314.9600,3.347402
314.9800,3.297964
315.0000,3.256592
315.0200,3.224344
315.0400,3.209077
315.0600,3.181837
315.0800,3.151741
315.1000,3.127315
315.1200,3.136316
315.1400,3.175276
315.1600,3.207464
315.1800,3.261551
315.2000,3.314003
315.2200,3.343187
315.2400,3.364378
315.2600,3.382775
315.2800,3.398242
315.3000,3.411139
315.3200,3.415628
315.3400,3.397764
315.3600,3.390576
315.3800,3.366967
315.4000,3.338560
315.4200,3.312432
315.4400,3.289620
315.4600,3.269578
315.4800,3.249883
315.5000,3.251383
315.5200,3.259395
315.5400,3.071508
315.5600,3.091136
315.5800,3.123375
315.6000,3.157697
315.6200,3.166254
315.6400,3.172072
315.6600,3.176849
