time_s,voltage_v
0.0000,0.039449
0.0200,0.036331
0.0400,0.034140
0.0600,0.032537
0.0800,0.030314
0.1000,0.028260
0.1200,0.026899
0.1400,0.025207
0.1600,0.024554
0.1800,0.026729
0.2000,0.029492
0.2200,0.031732
0.2400,0.034422
0.2600,0.037185
0.2800,0.040746
0.3000,0.045249
0.3200,0.051822
0.3400,0.056711
0.3600,0.061174
0.3800,0.074780
0.4000,0.091189
0.4200,0.106276
0.4400,0.119592
0.4600,0.131699
0.4800,0.143234
0.5000,0.156550
0.5200,0.170316
0.5400,0.177518
0.5600,0.183342
0.5800,0.182802
0.6000,0.179024
0.6200,0.176688
0.6400,0.173958
0.6600,0.171283
0.6800,0.167449
0.7000,0.163486
0.7200,0.159321
0.7400,0.154713
0.7600,0.149816
0.7800,0.147520
0.8000,0.149654
0.8200,0.150984
0.8400,0.150597
0.8600,0.149187
0.8800,0.146489
0.9000,0.143355
0.9200,0.139416
0.9400,0.135888
0.9600,0.133068
0.9800,0.130104
1.0000,0.123297
1.0200,0.117215
1.0400,0.111399
1.0600,0.105608
1.0800,0.100347
1.1000,0.095901
1.1200,0.093315
1.1400,0.094491
1.1600,0.101395
1.1800,0.114710
1.2000,0.129564
1.2200,0.144676
1.2400,0.157227
1.2600,0.167231
1.2800,0.177075
1.3000,0.189996
1.3200,0.206662
1.3400,0.226970
1.3600,0.249227
1.3800,0.269180
1.4000,0.287321
1.4200,0.301370
1.4400,0.308281
1.4600,0.309030
1.4800,0.306783
1.5000,0.305873
1.5200,0.307830
1.5400,0.312341
1.5600,0.316498
1.5800,0.316957
1.6000,0.312220
1.6200,0.305204
1.6400,0.297382
1.6600,0.291220
1.6800,0.287257
1.7000,0.284703
1.7200,0.283317
1.7400,0.282867
1.7600,0.281151
1.7800,0.277059
1.8000,0.271396
1.8200,0.264548
1.8400,0.254906
1.8600,0.242396
1.8800,0.230112
1.9000,0.218907
1.9200,0.211979
1.9400,0.207436
1.9600,0.204753
1.9800,0.204222
2.0000,0.200814
2.0200,0.196956
2.0400,0.195135
2.0600,0.197793
2.0800,0.203899
2.1000,0.211101
2.1200,0.217561
2.1400,0.223208
2.1600,0.228694
2.1800,0.235638
2.2000,0.239230
2.2200,0.233390
2.2400,0.227598
2.2600,0.222064
2.2800,0.216812
2.3000,0.212261
2.3200,0.206920
2.3400,0.201177
2.3600,0.194314
2.3800,0.185058
2.4000,0.174240
2.4200,0.163703
2.4400,0.153054
2.4600,0.142324
2.4800,0.132585
2.5000,0.123635
2.5200,0.115943
2.5400,0.109579
2.5600,0.104826
2.5800,0.101991
2.6000,0.112406
2.6200,0.171130
2.6400,0.227284
2.6600,0.276841
2.6800,0.320300
2.7000,0.358692
2.7200,0.392686
2.7400,0.422934
2.7600,0.449226
2.7800,0.471685
2.8000,0.490148
2.8200,0.513178
2.8400,0.534775
2.8600,0.553874
2.8800,0.571185
2.9000,0.586958
2.9200,0.600870
2.9400,0.613726
2.9600,0.625213
2.9800,0.635307
3.0000,0.644111
3.0200,0.642556
3.0400,0.633268
3.0600,0.624955
3.0800,0.616602
3.1000,0.608297
3.1200,0.599484
3.1400,0.590808
3.1600,0.581641
3.1800,0.572603
3.2000,0.562534
3.2200,0.554253
3.2400,0.549661
3.2600,0.542548
3.2800,0.532616
3.3000,0.520751
3.3200,0.506460
3.3400,0.490784
3.3600,0.473860
3.3800,0.456621
3.4000,0.439649
3.4200,0.431569
3.4400,0.439431
3.4600,0.445803
3.4800,0.451699
3.5000,0.456621
3.5200,0.460311
3.5400,0.463839
3.5600,0.467117
3.5800,0.471113
3.6000,0.476067
3.6200,0.468479
3.6400,0.439423
3.6600,0.411849
3.6800,0.386427
3.7000,0.361471
3.7200,0.338143
3.7400,0.316321
3.7600,0.295183
3.7800,0.275125
3.8000,0.256968
3.8200,0.240068
3.8400,0.225915
3.8600,0.213260
3.8800,0.202353
3.9000,0.192646
3.9200,0.183987
3.9400,0.176455
3.9600,0.170309
3.9800,0.165346
4.0000,0.161705
4.0200,0.162994
4.0400,0.177558
4.0600,0.187861
4.0800,0.192839
4.1000,0.193468
4.1200,0.190374
4.1400,0.184671
4.1600,0.176970
4.1800,0.168560
4.2000,0.160223
4.2200,0.153070
4.2400,0.148655
4.2600,0.142574
4.2800,0.133882
4.3000,0.124328
4.3200,0.115717
4.3400,0.107630
4.3600,0.100758
4.3800,0.097576
4.4000,0.102208
4.4200,0.119302
4.4400,0.164686
4.4600,0.232504
4.4800,0.302804
4.5000,0.375439
4.5200,0.448663
4.5400,0.521057
4.5600,0.591638
4.5800,0.658256
4.6000,0.718688
4.6200,0.775809
4.6400,0.852030
4.6600,0.935516
4.6800,0.983961
4.7000,1.017536
4.7200,1.037789
4.7400,1.044241
4.7600,1.039849
4.7800,1.026680
4.8000,1.016248
4.8200,0.995956
4.8400,0.979773
4.8600,1.051853
4.8800,1.107822
4.9000,1.152208
4.9200,1.220211
4.9400,1.279677
4.9600,1.350736
4.9800,1.421534
5.0000,1.512126
5.0200,1.611983
5.0400,1.720321
5.0600,1.823020
5.0800,1.956776
5.1000,2.072124
5.1200,2.205080
5.1400,2.310618
5.1600,2.426181
5.1800,2.512725
5.2000,2.603607
5.2200,2.653852
5.2400,2.675391
5.2600,2.688950
5.2800,2.664935
5.3000,2.659611
5.3200,2.669415
5.3400,2.688844
5.3600,2.708814
5.3800,2.723749
5.4000,2.729807
5.4200,2.721719
5.4400,2.695878
5.4600,2.659046
5.4800,2.665877
5.5000,2.665331
5.5200,2.643838
5.5400,2.604897
5.5600,2.552599
5.5800,2.488009
5.6000,2.418683
5.6200,2.368207
5.6400,2.302955
5.6600,2.231632
5.6800,2.324431
5.7000,2.445959
5.7200,2.556489
5.7400,2.659385
5.7600,2.752089
5.7800,2.833291
5.8000,2.905349
5.8200,2.970318
5.8400,3.028247
5.8600,3.075734
5.8800,2.987363
5.9000,2.799859
5.9200,2.644168
5.9400,2.510244
5.9600,2.391181
5.9800,2.287465
6.0000,2.192812
6.0200,2.085607
6.0400,1.985260
6.0600,1.895215
6.0800,1.825810
6.1000,1.838874
6.1200,1.837344
6.1400,1.818858
6.1600,1.789373
6.1800,1.751045
6.2000,1.702913
6.2200,1.644228
6.2400,1.574870
6.2600,1.497924
6.2800,1.418828
6.3000,1.354513
6.3200,1.293789
6.3400,1.233770
6.3600,1.176721
6.3800,1.124143
6.4000,1.075811
6.4200,1.032392
6.4400,0.992775
6.4600,0.956565
6.4800,0.922281
6.5000,0.976688
6.5200,1.081546
6.5400,1.175102
6.5600,1.258234
6.5800,1.330733
6.6000,1.395016
6.6200,1.451816
6.6400,1.500349
6.6600,1.541763
6.6800,1.574129
6.7000,1.588245
6.7200,1.586527
6.7400,1.617693
6.7600,1.626371
6.7800,1.629866
6.8000,1.651188
6.8200,1.702728
6.8400,1.720151
6.8600,1.725298
6.8800,1.730430
6.9000,1.721634
6.9200,1.662733
6.9400,1.627143
6.9600,1.590627
6.9800,1.551019
7.0000,1.518312
7.0200,1.499253
7.0400,1.499513
7.0600,1.478463
7.0800,1.454249
7.1000,1.416113
7.1200,1.320616
7.1400,1.230048
7.1600,1.147246
7.1800,1.071210
7.2000,1.001409
7.2200,0.936717
7.2400,0.878282
7.2600,0.825076
7.2800,0.777888
7.3000,0.735403
7.3200,0.692790
7.3400,0.652368
7.3600,0.614644
7.3800,0.581182
7.4000,0.555961
7.4200,0.540591
7.4400,0.536467
7.4600,0.542548
7.4800,0.560029
7.5000,0.585258
7.5200,0.601071
7.5400,0.608853
7.5600,0.611946
7.5800,0.610866
7.6000,0.607539
7.6200,0.602416
7.6400,0.598348
7.6600,0.595754
7.6800,0.600209
7.7000,0.614644
7.7200,0.618994
7.7400,0.620058
7.7600,0.627847
7.7800,0.642444
7.8000,0.659948
7.8200,0.678709
7.8400,0.694562
7.8600,0.705477
7.8800,0.709819
7.9000,0.708184
7.9200,0.713501
7.9400,0.707789
7.9600,0.689012
7.9800,0.658788
8.0000,0.619059
8.0200,0.575519
8.0400,0.535556
8.0600,0.501208
8.0800,0.470501
8.1000,0.446157
8.1200,0.438336
8.1400,0.439770
8.1600,0.447503
8.1800,0.458764
8.2000,0.471274
8.2200,0.481923
8.2400,0.489971
8.2600,0.493660
8.2800,0.493579
8.3000,0.486555
8.3200,0.466973
8.3400,0.447873
8.3600,0.430933
8.3800,0.415249
8.4000,0.400951
8.4200,0.386378
8.4400,0.371935
8.4600,0.356501
8.4800,0.340696
8.5000,0.324577
8.5200,0.305744
8.5400,0.287676
8.5600,0.271154
8.5800,0.255180
8.6000,0.240471
8.6200,0.226567
8.6400,0.214073
8.6600,0.203247
8.6800,0.196722
8.7000,0.193710
8.7200,0.195530
8.7400,0.199292
8.7600,0.204125
8.7800,0.209554
8.8000,0.214718
8.8200,0.220212
8.8400,0.224545
8.8600,0.228541
8.8800,0.230772
8.9000,0.233704
8.9200,0.229185
8.9400,0.216901
8.9600,0.202449
8.9800,0.188506
9.0000,0.176076
9.0200,0.164928
9.0400,0.154730
9.0600,0.145240
9.0800,0.136709
9.1000,0.128936
9.1200,0.125843
9.1400,0.131377
9.1600,0.135896
9.1800,0.141583
9.2000,0.146150
9.2200,0.151040
9.2400,0.154576
9.2600,0.158000
9.2800,0.161431
9.3000,0.164573
9.3200,0.161141
9.3400,0.149236
9.3600,0.138023
9.3800,0.128275
9.4000,0.119495
9.4200,0.112157
9.4400,0.104955
9.4600,0.098889
9.4800,0.093484
9.5000,0.088869
9.5200,0.084293
9.5400,0.079452
9.5600,0.075924
9.5800,0.073169
9.6000,0.071324
9.6200,0.072605
9.6400,0.076141
9.6600,0.079049
9.6800,0.082722
9.7000,0.087241
9.7200,0.091962
9.7400,0.096819
9.7600,0.099767
9.7800,0.100903
9.8000,0.100686
9.8200,0.099429
9.8400,0.096868
9.8600,0.092767
9.8800,0.088377
9.9000,0.084164
9.9200,0.080273
9.9400,0.086468
9.9600,0.091470
9.9800,0.093807
10.0000,0.093943
10.0200,0.090391
10.0400,0.085743
10.0600,0.080354
10.0800,0.074707
10.1000,0.069350
10.1200,0.064566
10.1400,0.060546
10.1600,0.057316
10.1800,0.055229
10.2000,0.054955
10.2200,0.058331
10.2400,0.067763
10.2600,0.086959
10.2800,0.119366
10.3000,0.166539
10.3200,0.226430
10.3400,0.284800
10.3600,0.350741
10.3800,0.428645
10.4000,0.517045
10.4200,0.611769
10.4400,0.711495
10.4600,0.813984
10.4800,0.918108
10.5000,1.023191
10.5200,1.130070
10.5400,1.263872
10.5600,1.420664
10.5800,1.577481
10.6000,1.731961
10.6200,1.885612
10.6400,2.035697
10.6600,2.178360
10.6800,2.317511
10.7000,2.454062
10.7200,2.588921
10.7400,2.687458
10.7600,2.727043
10.7800,2.771262
10.8000,2.820555
10.8200,2.874922
10.8400,2.930612
10.8600,2.984802
10.8800,3.039724
10.9000,3.084806
10.9200,3.120298
10.9400,3.156122
10.9600,3.207293
10.9800,3.242360
11.0000,3.264957
11.0200,3.279086
11.0400,3.283056
11.0600,3.278505
11.0800,3.264916
11.1000,3.243543
11.1200,3.214292
11.1400,3.173563
11.1600,3.115562
11.1800,3.046340
11.2000,2.968183
11.2200,2.881817
11.2400,2.786212
11.2600,2.683052
11.2800,2.573173
11.3000,2.460233
11.3200,2.347584
11.3400,2.236329
11.3600,2.099221
11.3800,1.958137
11.4000,1.827839
11.4200,1.708592
11.4400,1.598699
11.4600,1.497788
11.4800,1.404489
11.5000,1.317620
11.5200,1.237516
11.5400,1.162575
11.5600,1.157227
11.5800,1.185307
11.6000,1.211255
11.6200,1.209708
11.6400,1.197728
11.6600,1.182730
11.6800,1.165828
11.7000,1.145587
11.7200,1.122235
11.7400,1.096408
11.7600,1.066304
11.7800,1.035209
11.8000,1.001330
11.8200,0.959328
11.8400,0.916159
11.8600,0.870912
11.8800,0.825624
11.9000,0.781190
11.9200,0.737892
11.9400,0.696036
11.9600,0.656202
11.9800,0.618044
12.0000,0.582568
12.0200,0.549089
12.0400,0.518092
12.0600,0.491372
12.0800,0.469824
12.1000,0.454599
12.1200,0.443419
12.1400,0.430063
12.1600,0.414266
12.1800,0.389665
12.2000,0.367206
12.2200,0.345690
12.2400,0.326688
12.2600,0.308410
12.2800,0.291913
12.3000,0.276881
12.3200,0.263203
12.3400,0.251950
12.3600,0.256622
12.3800,0.283720
12.4000,0.306010
12.4200,0.320703
12.4400,0.327695
12.4600,0.326390
12.4800,0.317054
12.5000,0.300757
12.5200,0.280474
12.5400,0.260835
12.5600,0.243532
12.5800,0.228291
12.6000,0.215153
12.6200,0.205156
12.6400,0.198245
12.6600,0.192517
12.6800,0.188151
12.7000,0.183753
12.7200,0.181691
12.7400,0.184462
12.7600,0.189142
12.7800,0.191083
12.8000,0.191994
12.8200,0.192993
12.8400,0.192010
12.8600,0.185557
12.8800,0.176890
12.9000,0.168609
12.9200,0.163389
12.9400,0.162269
12.9600,0.165685
12.9800,0.160449
13.0000,0.156196
13.0200,0.153706
13.0400,0.150235
13.0600,0.145458
13.0800,0.142123
13.1000,0.144282
13.1200,0.149977
13.1400,0.158797
13.1600,0.172298
13.1800,0.188159
13.2000,0.201032
13.2200,0.213566
13.2400,0.225488
13.2600,0.236757
13.2800,0.247342
13.3000,0.256823
13.3200,0.265620
13.3400,0.272733
13.3600,0.277276
13.3800,0.279161
13.4000,0.273635
13.4200,0.259804
13.4400,0.242235
13.4600,0.224698
13.4800,0.208169
13.5000,0.192993
13.5200,0.179137
13.5400,0.166450
13.5600,0.155132
13.5800,0.152981
13.6000,0.166619
13.6200,0.187040
13.6400,0.212414
13.6600,0.241220
13.6800,0.271686
13.7000,0.301998
13.7200,0.330506
13.7400,0.356001
13.7600,0.377364
13.7800,0.392911
13.8000,0.403625
13.8200,0.415015
13.8400,0.424577
13.8600,0.429724
13.8800,0.431086
13.9000,0.428806
13.9200,0.422475
13.9400,0.411543
13.9600,0.395014
13.9800,0.378718
14.0000,0.375028
14.0200,0.360851
14.0400,0.340028
14.0600,0.317698
14.0800,0.296601
14.1000,0.277542
14.1200,0.262317
14.1400,0.252151
14.1600,0.247318
14.1800,0.253255
14.2000,0.306066
14.2200,0.355889
14.2400,0.395360
14.2600,0.424287
14.2800,0.443419
14.3000,0.455091
14.3200,0.463493
14.3400,0.469615
14.3600,0.474794
14.3800,0.478725
14.4000,0.467061
14.4200,0.445521
14.4400,0.426768
14.4600,0.410375
14.4800,0.400040
14.5000,0.398059
14.5200,0.404422
14.5400,0.416465
14.5600,0.430651
14.5800,0.444313
14.6000,0.434413
14.6200,0.412711
14.6400,0.392718
14.6600,0.371790
14.6800,0.350717
14.7000,0.329789
14.7200,0.309965
14.7400,0.291897
14.7600,0.276060
14.7800,0.261890
14.8000,0.247592
14.8200,0.231876
14.8400,0.217022
14.8600,0.203102
14.8800,0.189972
14.9000,0.177260
14.9200,0.165612
14.9400,0.154327
14.9600,0.143992
14.9800,0.134857
15.0000,0.129524
15.0200,0.144539
15.0400,0.156413
15.0600,0.162535
15.0800,0.163606
15.1000,0.160304
15.1200,0.154085
15.1400,0.146311
15.1600,0.137152
15.1800,0.127784
15.2000,0.119302
15.2200,0.111480
15.2400,0.105076
15.2600,0.099896
15.2800,0.096070
15.3000,0.094975
15.3200,0.095200
15.3400,0.096280
15.3600,0.098575
15.3800,0.101669
15.4000,0.103191
15.4200,0.099478
15.4400,0.096545
15.4600,0.094910
15.4800,0.093911
15.5000,0.094926
15.5200,0.096956
15.5400,0.100372
15.5600,0.105205
15.5800,0.111859
15.6000,0.116378
15.6200,0.114767
15.6400,0.113550
15.6600,0.112986
15.6800,0.112318
15.7000,0.112205
15.7200,0.112100
15.7400,0.111794
15.7600,0.111561
15.7800,0.110892
15.8000,0.112576
15.8200,0.129001
15.8400,0.145450
15.8600,0.159474
15.8800,0.172008
15.9000,0.182706
15.9200,0.191977
15.9400,0.200790
15.9600,0.208862
15.9800,0.216401
16.0000,0.221154
16.0200,0.210586
16.0400,0.200234
16.0600,0.192686
16.0800,0.187579
16.1000,0.185823
16.1200,0.186532
16.1400,0.189513
16.1600,0.193927
16.1800,0.199525
16.2000,0.210352
16.2200,0.235541
16.2400,0.260932
16.2600,0.285823
16.2800,0.310843
16.3000,0.336161
16.3200,0.361946
16.3400,0.388972
16.3600,0.417730
16.3800,0.446568
16.4000,0.455969
16.4200,0.422281
16.4400,0.392911
16.4600,0.372853
16.4800,0.363855
16.5000,0.366095
16.5200,0.378387
16.5400,0.398929
16.5600,0.425568
16.5800,0.456186
16.6000,0.486040
16.6200,0.501305
16.6400,0.515724
16.6600,0.531923
16.6800,0.551877
16.7000,0.576244
16.7200,0.605437
16.7400,0.638174
16.7600,0.672329
16.7800,0.704720
16.8000,0.731118
16.8200,0.732986
16.8400,0.718277
16.8600,0.688738
16.8800,0.648526
16.9000,0.604229
16.9200,0.561938
16.9400,0.528218
16.9600,0.515933
16.9800,0.549073
17.0000,0.583228
17.0200,0.545062
17.0400,0.519051
17.0600,0.511366
17.0800,0.521508
17.1000,0.549114
17.1200,0.592202
17.1400,0.648324
17.1600,0.715667
17.1800,0.789979
17.2000,0.886902
17.2200,1.121605
17.2400,1.366194
17.2600,1.669596
17.2800,1.965154
17.3000,2.164310
17.3200,2.346626
17.3400,2.515937
17.3600,2.674046
17.3800,2.818549
17.4000,2.948445
17.4200,3.070006
17.4400,3.173612
17.4600,3.261041
17.4800,3.331247
17.5000,3.386944
17.5200,3.430976
17.5400,3.465689
17.5600,3.489968
17.5800,3.508909
17.6000,3.521129
17.6200,3.471337
17.6400,3.325696
17.6600,3.205561
17.6800,3.107854
17.7000,3.029325
17.7200,2.966541
17.7400,2.918222
17.7600,2.879948
17.7800,2.849482
17.8000,2.825741
17.8200,2.802953
17.8400,2.771198
17.8600,2.743067
17.8800,2.717369
17.9000,2.696296
17.9200,2.683737
17.9400,2.676921
17.9600,2.675270
17.9800,2.675302
18.0000,2.673594
18.0200,2.686340
18.0400,2.761361
18.0600,2.824454
18.0800,2.870661
18.1000,2.900700
18.1200,2.917705
18.1400,2.948430
18.1600,3.016050
18.1800,3.012086
18.2000,2.987437
18.2200,2.960063
18.2400,2.949043
18.2600,2.939802
18.2800,2.933213
18.3000,2.907185
18.3200,2.853984
18.3400,2.810008
18.3600,2.795832
18.3800,2.823905
18.4000,2.801704
18.4200,2.778988
18.4400,2.786150
18.4600,2.804556
18.4800,2.820707
18.5000,2.840766
18.5200,2.916915
18.5400,2.956139
18.5600,2.947053
18.5800,2.933577
18.6000,2.921953
18.6200,2.910623
18.6400,2.935186
18.6600,2.979501
18.6800,3.020046
18.7000,3.120823
18.7200,3.213318
18.7400,3.236221
18.7600,3.260565
18.7800,3.287092
18.8000,3.315851
18.8200,3.344998
18.8400,3.367305
18.8600,3.382126
18.8800,3.395532
18.9000,3.408324
18.9200,3.420528
18.9400,3.432273
18.9600,3.448739
18.9800,3.467897
19.0000,3.487215
19.0200,3.507540
19.0400,3.552491
19.0600,3.600000
19.0800,3.600000
19.1000,3.600000
19.1200,3.600000
19.1400,3.600000
19.1600,3.600000
19.1800,3.600000
19.2000,3.600000
19.2200,3.600000
19.2400,3.600000
19.2600,3.600000
19.2800,3.600000
19.3000,3.600000
19.3200,3.600000
19.3400,3.600000
19.3600,3.600000
19.3800,3.600000
19.4000,3.600000
19.4200,3.600000
19.4400,3.600000
19.4600,3.600000
19.4800,3.600000
19.5000,3.574862
19.5200,3.467566
19.5400,3.366788
19.5600,3.272859
19.5800,3.184761
19.6000,3.102906
19.6200,3.027924
19.6400,2.956558
19.6600,2.864747
19.6800,2.752742
19.7000,2.647333
19.7200,2.546823
19.7400,2.451709
19.7600,2.361254
19.7800,2.275638
19.8000,2.195294
19.8200,2.119007
19.8400,2.048940
19.8600,1.993791
19.8800,1.967972
19.9000,1.943944
19.9200,1.920985
19.9400,1.901200
19.9600,1.885492
19.9800,1.870807
20.0000,1.859506
20.0200,1.852729
20.0400,1.848453
20.0600,1.841928
20.0800,1.792628
20.1000,1.737238
20.1200,1.684145
20.1400,1.633604
20.1600,1.587672
20.1800,1.547611
20.2000,1.516655
20.2200,1.498288
20.2400,1.515309
20.2600,1.533466
20.2800,1.528898
20.3000,1.524378
20.3200,1.525014
20.3400,1.528688
20.3600,1.534794
20.3800,1.544236
20.4000,1.572938
20.4200,1.627473
20.4400,1.648628
20.4600,1.669274
20.4800,1.684313
20.5000,1.678900
20.5200,1.671505
20.5400,1.663562
20.5600,1.653744
20.5800,1.644334
20.6000,1.634401
20.6200,1.623446
20.6400,1.616227
20.6600,1.636746
20.6800,1.624091
20.7000,1.558815
20.7200,1.495531
20.7400,1.440254
20.7600,1.389932
20.7800,1.350502
20.8000,1.311303
20.8200,1.267096
20.8400,1.237426
20.8600,1.208636
20.8800,1.189480
20.9000,1.229170
20.9200,1.272991
20.9400,1.314768
20.9600,1.359645
20.9800,1.409540
21.0000,1.468490
21.0200,1.534658
21.0400,1.626386
21.0600,1.758062
21.0800,1.830544
21.1000,1.848323
21.1200,1.866721
21.1400,1.892323
21.1600,1.921766
21.1800,1.966966
21.2000,2.040787
21.2200,2.063118
21.2400,2.096217
21.2600,2.094453
21.2800,2.059895
21.3000,1.953199
21.3200,1.823826
21.3400,1.694205
21.3600,1.574009
21.3800,1.465277
21.4000,1.365709
21.4200,1.274451
21.4400,1.191308
21.4600,1.116909
21.4800,1.050926
21.5000,0.989174
21.5200,0.932278
21.5400,0.879080
21.5600,0.828677
21.5800,0.781827
21.6000,0.737522
21.6200,0.696149
21.6400,0.657096
21.6600,0.620460
21.6800,0.585572
21.7000,0.555469
21.7200,0.528000
21.7400,0.499992
21.7600,0.473079
21.7800,0.447148
21.8000,0.422990
21.8200,0.400129
21.8400,0.378822
21.8600,0.359135
21.8800,0.341502
21.9000,0.323466
21.9200,0.306976
21.9400,0.290849
21.9600,0.276398
21.9800,0.262092
22.0000,0.249791
22.0200,0.238119
22.0400,0.226640
22.0600,0.214653
22.0800,0.203513
22.1000,0.194483
22.1200,0.191567
22.1400,0.192984
22.1600,0.199823
22.1800,0.211109
22.2000,0.227131
22.2200,0.245916
22.2400,0.266015
22.2600,0.286524
22.2800,0.305454
22.3000,0.319172
22.3200,0.318496
22.3400,0.315475
22.3600,0.309691
22.3800,0.300983
22.4000,0.290100
22.4200,0.277566
22.4400,0.265281
22.4600,0.252385
22.4800,0.239867
22.5000,0.228275
22.5200,0.232270
22.5400,0.240986
22.5600,0.248583
22.5800,0.255808
22.6000,0.263904
22.6200,0.270993
22.6400,0.279185
22.6600,0.287869
22.6800,0.295707
22.7000,0.302779
22.7200,0.308579
22.7400,0.311544
22.7600,0.312099
22.7800,0.309296
22.8000,0.303947
22.8200,0.296093
22.8400,0.286395
22.8600,0.274819
22.8800,0.262108
22.9000,0.248913
22.9200,0.260819
22.9400,0.282705
22.9600,0.296746
22.9800,0.303915
23.0000,0.303786
23.0200,0.296915
23.0400,0.284655
23.0600,0.268778
23.0800,0.251314
23.1000,0.233801
23.1200,0.218182
23.1400,0.205140
23.1600,0.194136
23.1800,0.185130
23.2000,0.177856
23.2200,0.171831
23.2400,0.167207
23.2600,0.164364
23.2800,0.161689
23.3000,0.161415
23.3200,0.158966
23.3400,0.156920
23.3600,0.157879
23.3800,0.161351
23.4000,0.166063
23.4200,0.171267
23.4400,0.178743
23.4600,0.186347
23.4800,0.196730
23.5000,0.204979
23.5200,0.215636
23.5400,0.227542
23.5600,0.241913
23.5800,0.258370
23.6000,0.275117
23.6200,0.296295
23.6400,0.315950
23.6600,0.341623
23.6800,0.365450
23.7000,0.392460
23.7200,0.414903
23.7400,0.421331
23.7600,0.422893
23.7800,0.420259
23.8000,0.414854
23.8200,0.406533
23.8400,0.395650
23.8600,0.383011
23.8800,0.369712
23.9000,0.355478
23.9200,0.343306
23.9400,0.350250
23.9600,0.366208
23.9800,0.387917
24.0000,0.416828
24.0200,0.451482
24.0400,0.490027
24.0600,0.532294
24.0800,0.575495
24.1000,0.618704
24.1200,0.660947
24.1400,0.705872
24.1600,0.746495
24.1800,0.782834
24.2000,0.817263
24.2200,0.851079
24.2400,0.883986
24.2600,0.913895
24.2800,0.939665
24.3000,0.959852
24.3200,0.973796
24.3400,0.926897
24.3600,0.870332
24.3800,0.823908
24.4000,0.786185
24.4200,0.756154
24.4400,0.734565
24.4600,0.722764
24.4800,0.721161
24.5000,0.731126
24.5200,0.749194
24.5400,0.828210
24.5600,0.925963
24.5800,1.015248
24.6000,1.100082
24.6200,1.186427
24.6400,1.273539
24.6600,1.357759
24.6800,1.438459
24.7000,1.517355
24.7200,1.599069
24.7400,1.656886
24.7600,1.660340
24.7800,1.678498
24.8000,1.711361
24.8200,1.748879
24.8400,1.780261
24.8600,1.803235
24.8800,1.817930
24.9000,1.829843
24.9200,1.841701
24.9400,1.854196
24.9600,1.877873
24.9800,1.914766
25.0000,1.964744
25.0200,2.019785
25.0400,2.064583
25.0600,2.085842
25.0800,2.078035
25.1000,2.053313
25.1200,2.032144
25.1400,2.043413
25.1600,2.120264
25.1800,2.185988
25.2000,2.240719
25.2200,2.289180
25.2400,2.337087
25.2600,2.389965
25.2800,2.449921
25.3000,2.514979
25.3200,2.584161
25.3400,2.657291
25.3600,2.746901
25.3800,2.831397
25.4000,2.908700
25.4200,2.979550
25.4400,3.041207
25.4600,3.092636
25.4800,3.135799
25.5000,3.169576
25.5200,3.196014
25.5400,3.214987
25.5600,3.228769
25.5800,3.241811
25.6000,3.253428
25.6200,3.262651
25.6400,3.270450
25.6600,3.275816
25.6800,3.279577
25.7000,3.280697
25.7200,3.279658
25.7400,3.276838
25.7600,3.244800
25.7800,3.186694
25.8000,3.140824
25.8200,3.104389
25.8400,3.073986
25.8600,3.048651
25.8800,3.030896
25.9000,3.017403
25.9200,3.008268
25.9400,3.003918
25.9600,2.939723
25.9800,2.835964
26.0000,2.765686
26.0200,2.705228
26.0400,2.618776
26.0600,2.540773
26.0800,2.494527
26.1000,2.427833
26.1200,2.354881
26.1400,2.287723
26.1600,2.284412
26.1800,2.397794
26.2000,2.494672
26.2200,2.579778
26.2400,0.039449
26.2600,0.036331
26.2800,0.034140
26.3000,0.032537
26.3200,0.030314
26.3400,0.028260
26.3600,0.026899
26.3800,0.025207
26.4000,0.024554
26.4200,0.026729
26.4400,0.029492
26.4600,0.031732
26.4800,0.034422
26.5000,0.037185
26.5200,0.040746
26.5400,0.045249
26.5600,0.051822
26.5800,0.056711
26.6000,0.061174
26.6200,0.074780
26.6400,0.091189
26.6600,0.106276
26.6800,0.119592
26.7000,0.131699
26.7200,0.143234
26.7400,0.156550
26.7600,0.170316
26.7800,0.177518
26.8000,0.183342
26.8200,0.182802
26.8400,0.179024
26.8600,0.176688
26.8800,0.173958
26.9000,0.171283
26.9200,0.167449
26.9400,0.163486
26.9600,0.159321
26.9800,0.154713
27.0000,0.149816
27.0200,0.147520
27.0400,0.149654
27.0600,0.150984
27.0800,0.150597
27.1000,0.149187
27.1200,0.146489
27.1400,0.143355
27.1600,0.139416
27.1800,0.135888
27.2000,0.133068
27.2200,0.130104
27.2400,0.123297
27.2600,0.117215
27.2800,0.111399
27.3000,0.105608
27.3200,0.100347
27.3400,0.095901
27.3600,0.093315
27.3800,0.094491
27.4000,0.101395
27.4200,0.114710
27.4400,0.129564
27.4600,0.144676
27.4800,0.157227
27.5000,0.167231
27.5200,0.177075
27.5400,0.189996
27.5600,0.206662
27.5800,0.226970
27.6000,0.249227
27.6200,0.269180
27.6400,0.287321
27.6600,0.301370
27.6800,0.308281
27.7000,0.309030
27.7200,0.306783
27.7400,0.305873
27.7600,0.307830
27.7800,0.312341
27.8000,0.316498
27.8200,0.316957
27.8400,0.312220
27.8600,0.305204
27.8800,0.297382
27.9000,0.291220
27.9200,0.287257
27.9400,0.284703
27.9600,0.283317
27.9800,0.282867
28.0000,0.281151
28.0200,0.277059
28.0400,0.271396
28.0600,0.264548
28.0800,0.254906
28.1000,0.242396
28.1200,0.230112
28.1400,0.218907
28.1600,0.211979
28.1800,0.207436
28.2000,0.204753
28.2200,0.204222
28.2400,0.200814
28.2600,0.196956
28.2800,0.195135
28.3000,0.197793
28.3200,0.203899
28.3400,0.211101
28.3600,0.217561
28.3800,0.223208
28.4000,0.228694
28.4200,0.235638
28.4400,0.239230
28.4600,0.233390
28.4800,0.227598
28.5000,0.222064
28.5200,0.216812
28.5400,0.212261
28.5600,0.206920
28.5800,0.201177
28.6000,0.194314
28.6200,0.185058
28.6400,0.174240
28.6600,0.163703
28.6800,0.153054
28.7000,0.142324
28.7200,0.132585
28.7400,0.123635
28.7600,0.115943
28.7800,0.109579
28.8000,0.104826
28.8200,0.101991
28.8400,0.112406
28.8600,0.171130
28.8800,0.227284
28.9000,0.276841
28.9200,0.320300
28.9400,0.358692
28.9600,0.392686
28.9800,0.422934
29.0000,0.449226
29.0200,0.471685
29.0400,0.490148
29.0600,0.513178
29.0800,0.534775
29.1000,0.553874
29.1200,0.571185
29.1400,0.586958
29.1600,0.600870
29.1800,0.613726
29.2000,0.625213
29.2200,0.635307
29.2400,0.644111
29.2600,0.642556
29.2800,0.633268
29.3000,0.624955
29.3200,0.616602
29.3400,0.608297
29.3600,0.599484
29.3800,0.590808
29.4000,0.581641
29.4200,0.572603
29.4400,0.562534
29.4600,0.554253
29.4800,0.549661
29.5000,0.542548
29.5200,0.532616
29.5400,0.520751
29.5600,0.506460
29.5800,0.490784
29.6000,0.473860
29.6200,0.456621
29.6400,0.439649
29.6600,0.431569
29.6800,0.439431
29.7000,0.445803
29.7200,0.451699
29.7400,0.456621
29.7600,0.460311
29.7800,0.463839
29.8000,0.467117
29.8200,0.471113
29.8400,0.476067
29.8600,0.468479
29.8800,0.439423
29.9000,0.411849
29.9200,0.386427
29.9400,0.361471
29.9600,0.338143
29.9800,0.316321
30.0000,0.295183
30.0200,0.275125
30.0400,0.256968
30.0600,0.240068
30.0800,0.225915
30.1000,0.213260
30.1200,0.202353
30.1400,0.192646
30.1600,0.183987
30.1800,0.176455
30.2000,0.170309
30.2200,0.165346
30.2400,0.161705
30.2600,0.162994
30.2800,0.177558
30.3000,0.187861
30.3200,0.192839
30.3400,0.193468
30.3600,0.190374
30.3800,0.184671
30.4000,0.176970
30.4200,0.168560
30.4400,0.160223
30.4600,0.153070
30.4800,0.148655
30.5000,0.142574
30.5200,0.133882
30.5400,0.124328
30.5600,0.115717
30.5800,0.107630
30.6000,0.100758
30.6200,0.097576
30.6400,0.102208
30.6600,0.119302
30.6800,0.164686
30.7000,0.232504
30.7200,0.302804
30.7400,0.375439
30.7600,0.448663
30.7800,0.521057
30.8000,0.591638
30.8200,0.658256
30.8400,0.718688
30.8600,0.775809
30.8800,0.852030
30.9000,0.935516
30.9200,0.983961
30.9400,1.017536
30.9600,1.037789
30.9800,1.044241
31.0000,1.039849
31.0200,1.026680
31.0400,1.016248
31.0600,0.995956
31.0800,0.979773
31.1000,1.051853
31.1200,1.107822
31.1400,1.152208
31.1600,1.220211
31.1800,1.279677
31.2000,1.350736
31.2200,1.421534
31.2400,1.512126
31.2600,1.611983
31.2800,1.720321
31.3000,1.823020
31.3200,1.956776
31.3400,2.072124
31.3600,2.205080
31.3800,2.310618
31.4000,2.426181
31.4200,2.512725
31.4400,2.603607
31.4600,2.653852
31.4800,2.675391
31.5000,2.688950
31.5200,2.664935
31.5400,2.659611
31.5600,2.669415
31.5800,2.688844
31.6000,2.708814
31.6200,2.723749
31.6400,2.729807
31.6600,2.721719
31.6800,2.695878
31.7000,2.659046
31.7200,2.665877
31.7400,2.665331
31.7600,2.643838
31.7800,2.604897
31.8000,2.552599
31.8200,2.488009
31.8400,2.418683
31.8600,2.368207
31.8800,2.302955
31.9000,2.231632
31.9200,2.324431
31.9400,2.445959
31.9600,2.556489
31.9800,2.659385
32.0000,2.752089
32.0200,2.833291
32.0400,2.905349
32.0600,2.970318
32.0800,3.028247
32.1000,3.075734
32.1200,2.987363
32.1400,2.799859
32.1600,2.644168
32.1800,2.510244
32.2000,2.391181
32.2200,2.287465
32.2400,2.192812
32.2600,2.085607
32.2800,1.985260
32.3000,1.895215
32.3200,1.825810
32.3400,1.838874
32.3600,1.837344
32.3800,1.818858
32.4000,1.789373
32.4200,1.751045
32.4400,1.702913
32.4600,1.644228
32.4800,1.574870
32.5000,1.497924
32.5200,1.418828
32.5400,1.354513
32.5600,1.293789
32.5800,1.233770
32.6000,1.176721
32.6200,1.124143
32.6400,1.075811
32.6600,1.032392
32.6800,0.992775
32.7000,0.956565
32.7200,0.922281
32.7400,0.976688
32.7600,1.081546
32.7800,1.175102
32.8000,1.258234
32.8200,1.330733
32.8400,1.395016
32.8600,1.451816
32.8800,1.500349
32.9000,1.541763
32.9200,1.574129
32.9400,1.588245
32.9600,1.586527
32.9800,1.617693
33.0000,1.626371
33.0200,1.629866
33.0400,1.651188
33.0600,1.702728
33.0800,1.720151
33.1000,1.725298
33.1200,1.730430
33.1400,1.721634
33.1600,1.662733
33.1800,1.627143
33.2000,1.590627
33.2200,1.551019
33.2400,1.518312
33.2600,1.499253
33.2800,1.499513
33.3000,1.478463
33.3200,1.454249
33.3400,1.416113
33.3600,1.320616
33.3800,1.230048
33.4000,1.147246
33.4200,1.071210
33.4400,1.001409
33.4600,0.936717
33.4800,0.878282
33.5000,0.825076
33.5200,0.777888
33.5400,0.735403
33.5600,0.692790
33.5800,0.652368
33.6000,0.614644
33.6200,0.581182
33.6400,0.555961
33.6600,0.540591
33.6800,0.536467
33.7000,0.542548
33.7200,0.560029
33.7400,0.585258
33.7600,0.601071
33.7800,0.608853
33.8000,0.611946
33.8200,0.610866
33.8400,0.607539
33.8600,0.602416
33.8800,0.598348
33.9000,0.595754
33.9200,0.600209
33.9400,0.614644
33.9600,0.618994
33.9800,0.620058
34.0000,0.627847
34.0200,0.642444
34.0400,0.659948
34.0600,0.678709
34.0800,0.694562
34.1000,0.705477
34.1200,0.709819
34.1400,0.708184
34.1600,0.713501
34.1800,0.707789
34.2000,0.689012
34.2200,0.658788
34.2400,0.619059
34.2600,0.575519
34.2800,0.535556
34.3000,0.501208
34.3200,0.470501
34.3400,0.446157
34.3600,0.438336
34.3800,0.439770
34.4000,0.447503
34.4200,0.458764
34.4400,0.471274
34.4600,0.481923
34.4800,0.489971
34.5000,0.493660
34.5200,0.493579
34.5400,0.486555
34.5600,0.466973
34.5800,0.447873
34.6000,0.430933
34.6200,0.415249
34.6400,0.400951
34.6600,0.386378
34.6800,0.371935
34.7000,0.356501
34.7200,0.340696
34.7400,0.324577
34.7600,0.305744
34.7800,0.287676
34.8000,0.271154
34.8200,0.255180
34.8400,0.240471
34.8600,0.226567
34.8800,0.214073
34.9000,0.203247
34.9200,0.196722
34.9400,0.193710
34.9600,0.195530
34.9800,0.199292
35.0000,0.204125
35.0200,0.209554
35.0400,0.214718
35.0600,0.220212
35.0800,0.224545
35.1000,0.228541
35.1200,0.230772
35.1400,0.233704
35.1600,0.229185
35.1800,0.216901
35.2000,0.202449
35.2200,0.188506
35.2400,0.176076
35.2600,0.164928
35.2800,0.154730
35.3000,0.145240
35.3200,0.136709
35.3400,0.128936
35.3600,0.125843
35.3800,0.131377
35.4000,0.135896
35.4200,0.141583
35.4400,0.146150
35.4600,0.151040
35.4800,0.154576
35.5000,0.158000
35.5200,0.161431
35.5400,0.164573
35.5600,0.161141
35.5800,0.149236
35.6000,0.138023
35.6200,0.128275
35.6400,0.119495
35.6600,0.112157
35.6800,0.104955
35.7000,0.098889
35.7200,0.093484
35.7400,0.088869
35.7600,0.084293
35.7800,0.079452
35.8000,0.075924
35.8200,0.073169
35.8400,0.071324
35.8600,0.072605
35.8800,0.076141
35.9000,0.079049
35.9200,0.082722
35.9400,0.087241
35.9600,0.091962
35.9800,0.096819
36.0000,0.099767
36.0200,0.100903
36.0400,0.100686
36.0600,0.099429
36.0800,0.096868
36.1000,0.092767
36.1200,0.088377
36.1400,0.084164
36.1600,0.080273
36.1800,0.086468
36.2000,0.091470
36.2200,0.093807
36.2400,0.093943
36.2600,0.090391
36.2800,0.085743
36.3000,0.080354
36.3200,0.074707
36.3400,0.069350
36.3600,0.064566
36.3800,0.060546
36.4000,0.057316
36.4200,0.055229
36.4400,0.054955
36.4600,0.058331
36.4800,0.067763
36.5000,0.086959
36.5200,0.119366
36.5400,0.166539
36.5600,0.226430
36.5800,0.284800
36.6000,0.350741
36.6200,0.428645
36.6400,0.517045
36.6600,0.611769
36.6800,0.711495
36.7000,0.813984
36.7200,0.918108
36.7400,1.023191
36.7600,1.130070
36.7800,1.263872
36.8000,1.420664
36.8200,1.577481
36.8400,1.731961
36.8600,1.885612
36.8800,2.035697
36.9000,2.178360
36.9200,2.317511
36.9400,2.454062
36.9600,2.588921
36.9800,2.687458
37.0000,2.727043
37.0200,2.771262
37.0400,2.820555
37.0600,2.874922
37.0800,2.930612
37.1000,2.984802
37.1200,3.039724
37.1400,3.084806
37.1600,3.120298
37.1800,3.156122
37.2000,3.207293
37.2200,3.242360
37.2400,3.264957
37.2600,3.279086
37.2800,3.283056
37.3000,3.278505
37.3200,3.264916
37.3400,3.243543
37.3600,3.214292
37.3800,3.173563
37.4000,3.115562
37.4200,3.046340
37.4400,2.968183
37.4600,2.881817
37.4800,2.786212
37.5000,2.683052
37.5200,2.573173
37.5400,2.460233
37.5600,2.347584
37.5800,2.236329
37.6000,2.099221
37.6200,1.958137
37.6400,1.827839
37.6600,1.708592
37.6800,1.598699
37.7000,1.497788
37.7200,1.404489
37.7400,1.317620
37.7600,1.237516
37.7800,1.162575
37.8000,1.157227
37.8200,1.185307
37.8400,1.211255
37.8600,1.209708
37.8800,1.197728
37.9000,1.182730
37.9200,1.165828
37.9400,1.145587
37.9600,1.122235
37.9800,1.096408
38.0000,1.066304
38.0200,1.035209
38.0400,1.001330
38.0600,0.959328
38.0800,0.916159
38.1000,0.870912
38.1200,0.825624
38.1400,0.781190
38.1600,0.737892
38.1800,0.696036
38.2000,0.656202
38.2200,0.618044
38.2400,0.582568
38.2600,0.549089
38.2800,0.518092
38.3000,0.491372
38.3200,0.469824
38.3400,0.454599
38.3600,0.443419
38.3800,0.430063
38.4000,0.414266
38.4200,0.389665
38.4400,0.367206
38.4600,0.345690
38.4800,0.326688
38.5000,0.308410
38.5200,0.291913
38.5400,0.276881
38.5600,0.263203
38.5800,0.251950
38.6000,0.256622
38.6200,0.283720
38.6400,0.306010
38.6600,0.320703
38.6800,0.327695
38.7000,0.326390
38.7200,0.317054
38.7400,0.300757
38.7600,0.280474
38.7800,0.260835
38.8000,0.243532
38.8200,0.228291
38.8400,0.215153
38.8600,0.205156
38.8800,0.198245
38.9000,0.192517
38.9200,0.188151
38.9400,0.183753
38.9600,0.181691
38.9800,0.184462
39.0000,0.189142
39.0200,0.191083
39.0400,0.191994
39.0600,0.192993
39.0800,0.192010
39.1000,0.185557
39.1200,0.176890
39.1400,0.168609
39.1600,0.163389
39.1800,0.162269
39.2000,0.165685
39.2200,0.160449
39.2400,0.156196
39.2600,0.153706
39.2800,0.150235
39.3000,0.145458
39.3200,0.142123
39.3400,0.144282
39.3600,0.149977
39.3800,0.158797
39.4000,0.172298
39.4200,0.188159
39.4400,0.201032
39.4600,0.213566
39.4800,0.225488
39.5000,0.236757
39.5200,0.247342
39.5400,0.256823
39.5600,0.265620
39.5800,0.272733
39.6000,0.277276
39.6200,0.279161
39.6400,0.273635
39.6600,0.259804
39.6800,0.242235
39.7000,0.224698
39.7200,0.208169
39.7400,0.192993
39.7600,0.179137
39.7800,0.166450
39.8000,0.155132
39.8200,0.152981
39.8400,0.166619
39.8600,0.187040
39.8800,0.212414
39.9000,0.241220
39.9200,0.271686
39.9400,0.301998
39.9600,0.330506
39.9800,0.356001
40.0000,0.377364
40.0200,0.392911
40.0400,0.403625
40.0600,0.415015
40.0800,0.424577
40.1000,0.429724
40.1200,0.431086
40.1400,0.428806
40.1600,0.422475
40.1800,0.411543
40.2000,0.395014
40.2200,0.378718
40.2400,0.375028
40.2600,0.360851
40.2800,0.340028
40.3000,0.317698
40.3200,0.296601
40.3400,0.277542
40.3600,0.262317
40.3800,0.252151
40.4000,0.247318
40.4200,0.253255
40.4400,0.306066
40.4600,0.355889
40.4800,0.395360
40.5000,0.424287
40.5200,0.443419
40.5400,0.455091
40.5600,0.463493
40.5800,0.469615
40.6000,0.474794
40.6200,0.478725
40.6400,0.467061
40.6600,0.445521
40.6800,0.426768
40.7000,0.410375
40.7200,0.400040
40.7400,0.398059
40.7600,0.404422
40.7800,0.416465
40.8000,0.430651
40.8200,0.444313
40.8400,0.434413
40.8600,0.412711
40.8800,0.392718
40.9000,0.371790
40.9200,0.350717
40.9400,0.329789
40.9600,0.309965
40.9800,0.291897
41.0000,0.276060
41.0200,0.261890
41.0400,0.247592
41.0600,0.231876
41.0800,0.217022
41.1000,0.203102
41.1200,0.189972
41.1400,0.177260
41.1600,0.165612
41.1800,0.154327
41.2000,0.143992
41.2200,0.134857
41.2400,0.129524
41.2600,0.144539
41.2800,0.156413
41.3000,0.162535
41.3200,0.163606
41.3400,0.160304
41.3600,0.154085
41.3800,0.146311
41.4000,0.137152
41.4200,0.127784
41.4400,0.119302
41.4600,0.111480
41.4800,0.105076
41.5000,0.099896
41.5200,0.096070
41.5400,0.094975
41.5600,0.095200
41.5800,0.096280
41.6000,0.098575
41.6200,0.101669
41.6400,0.103191
41.6600,0.099478
41.6800,0.096545
41.7000,0.094910
41.7200,0.093911
41.7400,0.094926
41.7600,0.096956
41.7800,0.100372
41.8000,0.105205
41.8200,0.111859
41.8400,0.116378
41.8600,0.114767
41.8800,0.113550
41.9000,0.112986
41.9200,0.112318
41.9400,0.112205
41.9600,0.112100
41.9800,0.111794
42.0000,0.111561
42.0200,0.110892
42.0400,0.112576
42.0600,0.129001
42.0800,0.145450
42.1000,0.159474
42.1200,0.172008
42.1400,0.182706
42.1600,0.191977
42.1800,0.200790
42.2000,0.208862
42.2200,0.216401
42.2400,0.221154
42.2600,0.210586
42.2800,0.200234
42.3000,0.192686
42.3200,0.187579
42.3400,0.185823
42.3600,0.186532
42.3800,0.189513
42.4000,0.193927
42.4200,0.199525
42.4400,0.210352
42.4600,0.235541
42.4800,0.260932
42.5000,0.285823
42.5200,0.310843
42.5400,0.336161
42.5600,0.361946
42.5800,0.388972
42.6000,0.417730
42.6200,0.446568
42.6400,0.455969
42.6600,0.422281
42.6800,0.392911
42.7000,0.372853
42.7200,0.363855
42.7400,0.366095
42.7600,0.378387
42.7800,0.398929
42.8000,0.425568
42.8200,0.456186
42.8400,0.486040
42.8600,0.501305
42.8800,0.515724
42.9000,0.531923
42.9200,0.551877
42.9400,0.576244
42.9600,0.605437
42.9800,0.638174
43.0000,0.672329
43.0200,0.704720
43.0400,0.731118
43.0600,0.732986
43.0800,0.718277
43.1000,0.688738
43.1200,0.648526
43.1400,0.604229
43.1600,0.561938
43.1800,0.528218
43.2000,0.515933
43.2200,0.549073
43.2400,0.583228
43.2600,0.545062
43.2800,0.519051
43.3000,0.511366
43.3200,0.521508
43.3400,0.549114
43.3600,0.592202
43.3800,0.648324
43.4000,0.715667
43.4200,0.789979
43.4400,0.886902
43.4600,1.121605
43.4800,1.366194
43.5000,1.669596
43.5200,1.965154
43.5400,2.164310
43.5600,2.346626
43.5800,2.515937
43.6000,2.674046
43.6200,2.818549
43.6400,2.948445
43.6600,3.070006
43.6800,3.173612
43.7000,3.261041
43.7200,3.331247
43.7400,3.386944
43.7600,3.430976
43.7800,3.465689
43.8000,3.489968
43.8200,3.508909
43.8400,3.521129
43.8600,3.471337
43.8800,3.325696
43.9000,3.205561
43.9200,3.107854
43.9400,3.029325
43.9600,2.966541
43.9800,2.918222
44.0000,2.879948
44.0200,2.849482
44.0400,2.825741
44.0600,2.802953
44.0800,2.771198
44.1000,2.743067
44.1200,2.717369
44.1400,2.696296
44.1600,2.683737
44.1800,2.676921
44.2000,2.675270
44.2200,2.675302
44.2400,2.673594
44.2600,2.686340
44.2800,2.761361
44.3000,2.824454
44.3200,2.870661
44.3400,2.900700
44.3600,2.917705
44.3800,2.948430
44.4000,3.016050
44.4200,3.012086
44.4400,2.987437
44.4600,2.960063
44.4800,2.949043
44.5000,2.939802
44.5200,2.933213
44.5400,2.907185
44.5600,2.853984
44.5800,2.810008
44.6000,2.795832
44.6200,2.823905
44.6400,2.801704
44.6600,2.778988
44.6800,2.786150
44.7000,2.804556
44.7200,2.820707
44.7400,2.840766
44.7600,2.916915
44.7800,2.956139
44.8000,2.947053
44.8200,2.933577
44.8400,2.921953
44.8600,2.910623
44.8800,2.935186
44.9000,2.979501
44.9200,3.020046
44.9400,3.120823
44.9600,3.213318
44.9800,3.236221
45.0000,3.260565
45.0200,3.287092
45.0400,3.315851
45.0600,3.344998
45.0800,3.367305
45.1000,3.382126
45.1200,3.395532
45.1400,3.408324
45.1600,3.420528
45.1800,3.432273
45.2000,3.448739
45.2200,3.467897
45.2400,3.487215
45.2600,3.507540
45.2800,3.552491
45.3000,3.600000
45.3200,3.600000
45.3400,3.600000
45.3600,3.600000
45.3800,3.600000
45.4000,3.600000
45.4200,3.600000
45.4400,3.600000
45.4600,3.600000
45.4800,3.600000
45.5000,3.600000
45.5200,3.600000
45.5400,3.600000
45.5600,3.600000
45.5800,3.600000
45.6000,3.600000
45.6200,3.600000
45.6400,3.600000
45.6600,3.600000
45.6800,3.600000
45.7000,3.600000
45.7200,3.600000
45.7400,3.574862
45.7600,3.467566
45.7800,3.366788
45.8000,3.272859
45.8200,3.184761
45.8400,3.102906
45.8600,3.027924
45.8800,2.956558
45.9000,2.864747
45.9200,2.752742
45.9400,2.647333
45.9600,2.546823
45.9800,2.451709
46.0000,2.361254
46.0200,2.275638
46.0400,2.195294
46.0600,2.119007
46.0800,2.048940
46.1000,1.993791
46.1200,1.967972
46.1400,1.943944
46.1600,1.920985
46.1800,1.901200
46.2000,1.885492
46.2200,1.870807
46.2400,1.859506
46.2600,1.852729
46.2800,1.848453
46.3000,1.841928
46.3200,1.792628
46.3400,1.737238
46.3600,1.684145
46.3800,1.633604
46.4000,1.587672
46.4200,1.547611
46.4400,1.516655
46.4600,1.498288
46.4800,1.515309
46.5000,1.533466
46.5200,1.528898
46.5400,1.524378
46.5600,1.525014
46.5800,1.528688
46.6000,1.534794
46.6200,1.544236
46.6400,1.572938
46.6600,1.627473
46.6800,1.648628
46.7000,1.669274
46.7200,1.684313
46.7400,1.678900
46.7600,1.671505
46.7800,1.663562
46.8000,1.653744
46.8200,1.644334
46.8400,1.634401
46.8600,1.623446
46.8800,1.616227
46.9000,1.636746
46.9200,1.624091
46.9400,1.558815
46.9600,1.495531
46.9800,1.440254
47.0000,1.389932
47.0200,1.350502
47.0400,1.311303
47.0600,1.267096
47.0800,1.237426
47.1000,1.208636
47.1200,1.189480
47.1400,1.229170
47.1600,1.272991
47.1800,1.314768
47.2000,1.359645
47.2200,1.409540
47.2400,1.468490
47.2600,1.534658
47.2800,1.626386
47.3000,1.758062
47.3200,1.830544
47.3400,1.848323
47.3600,1.866721
47.3800,1.892323
47.4000,1.921766
47.4200,1.966966
47.4400,2.040787
47.4600,2.063118
47.4800,2.096217
47.5000,2.094453
47.5200,2.059895
47.5400,1.953199
47.5600,1.823826
47.5800,1.694205
47.6000,1.574009
47.6200,1.465277
47.6400,1.365709
47.6600,1.274451
47.6800,1.191308
47.7000,1.116909
47.7200,1.050926
47.7400,0.989174
47.7600,0.932278
47.7800,0.879080
47.8000,0.828677
47.8200,0.781827
47.8400,0.737522
47.8600,0.696149
47.8800,0.657096
47.9000,0.620460
47.9200,0.585572
47.9400,0.555469
47.9600,0.528000
47.9800,0.499992
48.0000,0.473079
48.0200,0.447148
48.0400,0.422990
48.0600,0.400129
48.0800,0.378822
48.1000,0.359135
48.1200,0.341502
48.1400,0.323466
48.1600,0.306976
48.1800,0.290849
48.2000,0.276398
48.2200,0.262092
48.2400,0.249791
48.2600,0.238119
48.2800,0.226640
48.3000,0.214653
48.3200,0.203513
48.3400,0.194483
48.3600,0.191567
48.3800,0.192984
48.4000,0.199823
48.4200,0.211109
48.4400,0.227131
48.4600,0.245916
48.4800,0.266015
48.5000,0.286524
48.5200,0.305454
48.5400,0.319172
48.5600,0.318496
48.5800,0.315475
48.6000,0.309691
48.6200,0.300983
48.6400,0.290100
48.6600,0.277566
48.6800,0.265281
48.7000,0.252385
48.7200,0.239867
48.7400,0.228275
48.7600,0.232270
48.7800,0.240986
48.8000,0.248583
48.8200,0.255808
48.8400,0.263904
48.8600,0.270993
48.8800,0.279185
48.9000,0.287869
48.9200,0.295707
48.9400,0.302779
48.9600,0.308579
48.9800,0.311544
49.0000,0.312099
49.0200,0.309296
49.0400,0.303947
49.0600,0.296093
49.0800,0.286395
49.1000,0.274819
49.1200,0.262108
49.1400,0.248913
49.1600,0.260819
49.1800,0.282705
49.2000,0.296746
49.2200,0.303915
49.2400,0.303786
49.2600,0.296915
49.2800,0.284655
49.3000,0.268778
49.3200,0.251314
49.3400,0.233801
49.3600,0.218182
49.3800,0.205140
49.4000,0.194136
49.4200,0.185130
49.4400,0.177856
49.4600,0.171831
49.4800,0.167207
49.5000,0.164364
49.5200,0.161689
49.5400,0.161415
49.5600,0.158966
49.5800,0.156920
49.6000,0.157879
49.6200,0.161351
49.6400,0.166063
49.6600,0.171267
49.6800,0.178743
49.7000,0.186347
49.7200,0.196730
49.7400,0.204979
49.7600,0.215636
49.7800,0.227542
49.8000,0.241913
49.8200,0.258370
49.8400,0.275117
49.8600,0.296295
49.8800,0.315950
49.9000,0.341623
49.9200,0.365450
49.9400,0.392460
49.9600,0.414903
49.9800,0.421331
50.0000,0.422893
50.0200,0.420259
50.0400,0.414854
50.0600,0.406533
50.0800,0.395650
50.1000,0.383011
50.1200,0.369712
50.1400,0.355478
50.1600,0.343306
50.1800,0.350250
50.2000,0.366208
50.2200,0.387917
50.2400,0.416828
50.2600,0.451482
50.2800,0.490027
50.3000,0.532294
50.3200,0.575495
50.3400,0.618704
50.3600,0.660947
50.3800,0.705872
50.4000,0.746495
50.4200,0.782834
50.4400,0.817263
50.4600,0.851079
50.4800,0.883986
50.5000,0.913895
50.5200,0.939665
50.5400,0.959852
50.5600,0.973796
50.5800,0.926897
50.6000,0.870332
50.6200,0.823908
50.6400,0.786185
50.6600,0.756154
50.6800,0.734565
50.7000,0.722764
50.7200,0.721161
50.7400,0.731126
50.7600,0.749194
50.7800,0.828210
50.8000,0.925963
50.8200,1.015248
50.8400,1.100082
50.8600,1.186427
50.8800,1.273539
50.9000,1.357759
50.9200,1.438459
50.9400,1.517355
50.9600,1.599069
50.9800,1.656886
51.0000,1.660340
51.0200,1.678498
51.0400,1.711361
51.0600,1.748879
51.0800,1.780261
51.1000,1.803235
51.1200,1.817930
51.1400,1.829843
51.1600,1.841701
51.1800,1.854196
51.2000,1.877873
51.2200,1.914766
51.2400,1.964744
51.2600,2.019785
51.2800,2.064583
51.3000,2.085842
51.3200,2.078035
51.3400,2.053313
51.3600,2.032144
51.3800,2.043413
51.4000,2.120264
51.4200,2.185988
51.4400,2.240719
51.4600,2.289180
51.4800,2.337087
51.5000,2.389965
51.5200,2.449921
51.5400,2.514979
51.5600,2.584161
51.5800,2.657291
51.6000,2.746901
51.6200,2.831397
51.6400,2.908700
51.6600,2.979550
51.6800,3.041207
51.7000,3.092636
51.7200,3.135799
51.7400,3.169576
51.7600,3.196014
51.7800,3.214987
51.8000,3.228769
51.8200,3.241811
51.8400,3.253428
51.8600,3.262651
51.8800,3.270450
51.9000,3.275816
51.9200,3.279577
51.9400,3.280697
51.9600,3.279658
51.9800,3.276838
52.0000,3.244800
52.0200,3.186694
52.0400,3.140824
52.0600,3.104389
52.0800,3.073986
52.1000,3.048651
52.1200,3.030896
52.1400,3.017403
52.1600,3.008268
52.1800,3.003918
52.2000,2.939723
52.2200,2.835964
52.2400,2.765686
52.2600,2.705228
52.2800,2.618776
52.3000,2.540773
52.3200,2.494527
52.3400,2.427833
52.3600,2.354881
52.3800,2.287723
52.4000,2.284412
52.4200,2.397794
52.4400,2.494672
52.4600,2.579778
52.4800,0.039449
52.5000,0.036331
52.5200,0.034140
52.5400,0.032537
52.5600,0.030314
52.5800,0.028260
52.6000,0.026899
52.6200,0.025207
52.6400,0.024554
52.6600,0.026729
52.6800,0.029492
52.7000,0.031732
52.7200,0.034422
52.7400,0.037185
52.7600,0.040746
52.7800,0.045249
52.8000,0.051822
52.8200,0.056711
52.8400,0.061174
52.8600,0.074780
52.8800,0.091189
52.9000,0.106276
52.9200,0.119592
52.9400,0.131699
52.9600,0.143234
52.9800,0.156550
53.0000,0.170316
53.0200,0.177518
53.0400,0.183342
53.0600,0.182802
53.0800,0.179024
53.1000,0.176688
53.1200,0.173958
53.1400,0.171283
53.1600,0.167449
53.1800,0.163486
53.2000,0.159321
53.2200,0.154713
53.2400,0.149816
53.2600,0.147520
53.2800,0.149654
53.3000,0.150984
53.3200,0.150597
53.3400,0.149187
53.3600,0.146489
53.3800,0.143355
53.4000,0.139416
53.4200,0.135888
53.4400,0.133068
53.4600,0.130104
53.4800,0.123297
53.5000,0.117215
53.5200,0.111399
53.5400,0.105608
53.5600,0.100347
53.5800,0.095901
53.6000,0.093315
53.6200,0.094491
53.6400,0.101395
53.6600,0.114710
53.6800,0.129564
53.7000,0.144676
53.7200,0.157227
53.7400,0.167231
53.7600,0.177075
53.7800,0.189996
53.8000,0.206662
53.8200,0.226970
53.8400,0.249227
53.8600,0.269180
53.8800,0.287321
53.9000,0.301370
53.9200,0.308281
53.9400,0.309030
53.9600,0.306783
53.9800,0.305873
54.0000,0.307830
54.0200,0.312341
54.0400,0.316498
54.0600,0.316957
54.0800,0.312220
54.1000,0.305204
54.1200,0.297382
54.1400,0.291220
54.1600,0.287257
54.1800,0.284703
54.2000,0.283317
54.2200,0.282867
54.2400,0.281151
54.2600,0.277059
54.2800,0.271396
54.3000,0.264548
54.3200,0.254906
54.3400,0.242396
54.3600,0.230112
54.3800,0.218907
54.4000,0.211979
54.4200,0.207436
54.4400,0.204753
54.4600,0.204222
54.4800,0.200814
54.5000,0.196956
54.5200,0.195135
54.5400,0.197793
54.5600,0.203899
54.5800,0.211101
54.6000,0.217561
54.6200,0.223208
54.6400,0.228694
54.6600,0.235638
54.6800,0.239230
54.7000,0.233390
54.7200,0.227598
54.7400,0.222064
54.7600,0.216812
54.7800,0.212261
54.8000,0.206920
54.8200,0.201177
54.8400,0.194314
54.8600,0.185058
54.8800,0.174240
54.9000,0.163703
54.9200,0.153054
54.9400,0.142324
54.9600,0.132585
54.9800,0.123635
55.0000,0.115943
55.0200,0.109579
55.0400,0.104826
55.0600,0.101991
55.0800,0.112406
55.1000,0.171130
55.1200,0.227284
55.1400,0.276841
55.1600,0.320300
55.1800,0.358692
55.2000,0.392686
55.2200,0.422934
55.2400,0.449226
55.2600,0.471685
55.2800,0.490148
55.3000,0.513178
55.3200,0.534775
55.3400,0.553874
55.3600,0.571185
55.3800,0.586958
55.4000,0.600870
55.4200,0.613726
55.4400,0.625213
55.4600,0.635307
55.4800,0.644111
55.5000,0.642556
55.5200,0.633268
55.5400,0.624955
55.5600,0.616602
55.5800,0.608297
55.6000,0.599484
55.6200,0.590808
55.6400,0.581641
55.6600,0.572603
55.6800,0.562534
55.7000,0.554253
55.7200,0.549661
55.7400,0.542548
55.7600,0.532616
55.7800,0.520751
55.8000,0.506460
55.8200,0.490784
55.8400,0.473860
55.8600,0.456621
55.8800,0.439649
55.9000,0.431569
55.9200,0.439431
55.9400,0.445803
55.9600,0.451699
55.9800,0.456621
56.0000,0.460311
56.0200,0.463839
56.0400,0.467117
56.0600,0.471113
56.0800,0.476067
56.1000,0.468479
56.1200,0.439423
56.1400,0.411849
56.1600,0.386427
56.1800,0.361471
56.2000,0.338143
56.2200,0.316321
56.2400,0.295183
56.2600,0.275125
56.2800,0.256968
56.3000,0.240068
56.3200,0.225915
56.3400,0.213260
56.3600,0.202353
56.3800,0.192646
56.4000,0.183987
56.4200,0.176455
56.4400,0.170309
56.4600,0.165346
56.4800,0.161705
56.5000,0.162994
56.5200,0.177558
56.5400,0.187861
56.5600,0.192839
56.5800,0.193468
56.6000,0.190374
56.6200,0.184671
56.6400,0.176970
56.6600,0.168560
56.6800,0.160223
56.7000,0.153070
56.7200,0.148655
56.7400,0.142574
56.7600,0.133882
56.7800,0.124328
56.8000,0.115717
56.8200,0.107630
56.8400,0.100758
56.8600,0.097576
56.8800,0.102208
56.9000,0.119302
56.9200,0.164686
56.9400,0.232504
56.9600,0.302804
56.9800,0.375439
57.0000,0.448663
57.0200,0.521057
57.0400,0.591638
57.0600,0.658256
57.0800,0.718688
57.1000,0.775809
57.1200,0.852030
57.1400,0.935516
57.1600,0.983961
57.1800,1.017536
57.2000,1.037789
57.2200,1.044241
57.2400,1.039849
57.2600,1.026680
57.2800,1.016248
57.3000,0.995956
57.3200,0.979773
57.3400,1.051853
57.3600,1.107822
57.3800,1.152208
57.4000,1.220211
57.4200,1.279677
57.4400,1.350736
57.4600,1.421534
57.4800,1.512126
57.5000,1.611983
57.5200,1.720321
57.5400,1.823020
57.5600,1.956776
57.5800,2.072124
57.6000,2.205080
57.6200,2.310618
57.6400,2.426181
57.6600,2.512725
57.6800,2.603607
57.7000,2.653852
57.7200,2.675391
57.7400,2.688950
57.7600,2.664935
57.7800,2.659611
57.8000,2.669415
57.8200,2.688844
57.8400,2.708814
57.8600,2.723749
57.8800,2.729807
57.9000,2.721719
57.9200,2.695878
57.9400,2.659046
57.9600,2.665877
57.9800,2.665331
58.0000,2.643838
58.0200,2.604897
58.0400,2.552599
58.0600,2.488009
58.0800,2.418683
58.1000,2.368207
58.1200,2.302955
58.1400,2.231632
58.1600,2.324431
58.1800,2.445959
58.2000,2.556489
58.2200,2.659385
58.2400,2.752089
58.2600,2.833291
58.2800,2.905349
58.3000,2.970318
58.3200,3.028247
58.3400,3.075734
58.3600,2.987363
58.3800,2.799859
58.4000,2.644168
58.4200,2.510244
58.4400,2.391181
58.4600,2.287465
58.4800,2.192812
58.5000,2.085607
58.5200,1.985260
58.5400,1.895215
58.5600,1.825810
58.5800,1.838874
58.6000,1.837344
58.6200,1.818858
58.6400,1.789373
58.6600,1.751045
58.6800,1.702913
58.7000,1.644228
58.7200,1.574870
58.7400,1.497924
58.7600,1.418828
58.7800,1.354513
58.8000,1.293789
58.8200,1.233770
58.8400,1.176721
58.8600,1.124143
58.8800,1.075811
58.9000,1.032392
58.9200,0.992775
58.9400,0.956565
58.9600,0.922281
58.9800,0.976688
59.0000,1.081546
59.0200,1.175102
59.0400,1.258234
59.0600,1.330733
59.0800,1.395016
59.1000,1.451816
59.1200,1.500349
59.1400,1.541763
59.1600,1.574129
59.1800,1.588245
59.2000,1.586527
59.2200,1.617693
59.2400,1.626371
59.2600,1.629866
59.2800,1.651188
59.3000,1.702728
59.3200,1.720151
59.3400,1.725298
59.3600,1.730430
59.3800,1.721634
59.4000,1.662733
59.4200,1.627143
59.4400,1.590627
59.4600,1.551019
59.4800,1.518312
59.5000,1.499253
59.5200,1.499513
59.5400,1.478463
59.5600,1.454249
59.5800,1.416113
59.6000,1.320616
59.6200,1.230048
59.6400,1.147246
59.6600,1.071210
59.6800,1.001409
59.7000,0.936717
59.7200,0.878282
59.7400,0.825076
59.7600,0.777888
59.7800,0.735403
59.8000,0.692790
59.8200,0.652368
59.8400,0.614644
59.8600,0.581182
59.8800,0.555961
59.9000,0.540591
59.9200,0.536467
59.9400,0.542548
59.9600,0.560029
59.9800,0.585258
60.0000,0.601071
60.0200,0.608853
60.0400,0.611946
60.0600,0.610866
60.0800,0.607539
60.1000,0.602416
60.1200,0.598348
60.1400,0.595754
60.1600,0.600209
60.1800,0.614644
60.2000,0.618994
60.2200,0.620058
60.2400,0.627847
60.2600,0.642444
60.2800,0.659948
60.3000,0.678709
60.3200,0.694562
60.3400,0.705477
60.3600,0.709819
60.3800,0.708184
60.4000,0.713501
60.4200,0.707789
60.4400,0.689012
60.4600,0.658788
60.4800,0.619059
60.5000,0.575519
60.5200,0.535556
60.5400,0.501208
60.5600,0.470501
60.5800,0.446157
60.6000,0.438336
60.6200,0.439770
60.6400,0.447503
60.6600,0.458764
60.6800,0.471274
60.7000,0.481923
60.7200,0.489971
60.7400,0.493660
60.7600,0.493579
60.7800,0.486555
60.8000,0.466973
60.8200,0.447873
60.8400,0.430933
60.8600,0.415249
60.8800,0.400951
60.9000,0.386378
60.9200,0.371935
60.9400,0.356501
60.9600,0.340696
60.9800,0.324577
61.0000,0.305744
61.0200,0.287676
61.0400,0.271154
61.0600,0.255180
61.0800,0.240471
61.1000,0.226567
61.1200,0.214073
61.1400,0.203247
61.1600,0.196722
61.1800,0.193710
61.2000,0.195530
61.2200,0.199292
61.2400,0.204125
61.2600,0.209554
61.2800,0.214718
61.3000,0.220212
61.3200,0.224545
61.3400,0.228541
61.3600,0.230772
61.3800,0.233704
61.4000,0.229185
61.4200,0.216901
61.4400,0.202449
61.4600,0.188506
61.4800,0.176076
61.5000,0.164928
61.5200,0.154730
61.5400,0.145240
61.5600,0.136709
61.5800,0.128936
61.6000,0.125843
61.6200,0.131377
61.6400,0.135896
61.6600,0.141583
61.6800,0.146150
61.7000,0.151040
61.7200,0.154576
61.7400,0.158000
61.7600,0.161431
61.7800,0.164573
61.8000,0.161141
61.8200,0.149236
61.8400,0.138023
61.8600,0.128275
61.8800,0.119495
61.9000,0.112157
61.9200,0.104955
61.9400,0.098889
61.9600,0.093484
61.9800,0.088869
62.0000,0.084293
62.0200,0.079452
62.0400,0.075924
62.0600,0.073169
62.0800,0.071324
62.1000,0.072605
62.1200,0.076141
62.1400,0.079049
62.1600,0.082722
62.1800,0.087241
62.2000,0.091962
62.2200,0.096819
62.2400,0.099767
62.2600,0.100903
62.2800,0.100686
62.3000,0.099429
62.3200,0.096868
62.3400,0.092767
62.3600,0.088377
62.3800,0.084164
62.4000,0.080273
62.4200,0.086468
62.4400,0.091470
62.4600,0.093807
62.4800,0.093943
62.5000,0.090391
62.5200,0.085743
62.5400,0.080354
62.5600,0.074707
62.5800,0.069350
62.6000,0.064566
62.6200,0.060546
62.6400,0.057316
62.6600,0.055229
62.6800,0.054955
62.7000,0.058331
62.7200,0.067763
62.7400,0.086959
62.7600,0.119366
62.7800,0.166539
62.8000,0.226430
62.8200,0.284800
62.8400,0.350741
62.8600,0.428645
62.8800,0.517045
62.9000,0.611769
62.9200,0.711495
62.9400,0.813984
62.9600,0.918108
62.9800,1.023191
63.0000,1.130070
63.0200,1.263872
63.0400,1.420664
63.0600,1.577481
63.0800,1.731961
63.1000,1.885612
63.1200,2.035697
63.1400,2.178360
63.1600,2.317511
63.1800,2.454062
63.2000,2.588921
63.2200,2.687458
63.2400,2.727043
63.2600,2.771262
63.2800,2.820555
63.3000,2.874922
63.3200,2.930612
63.3400,2.984802
63.3600,3.039724
63.3800,3.084806
63.4000,3.120298
63.4200,3.156122
63.4400,3.207293
63.4600,3.242360
63.4800,3.264957
63.5000,3.279086
63.5200,3.283056
63.5400,3.278505
63.5600,3.264916
63.5800,3.243543
63.6000,3.214292
63.6200,3.173563
63.6400,3.115562
63.6600,3.046340
63.6800,2.968183
63.7000,2.881817
63.7200,2.786212
63.7400,2.683052
63.7600,2.573173
63.7800,2.460233
63.8000,2.347584
63.8200,2.236329
63.8400,2.099221
63.8600,1.958137
63.8800,1.827839
63.9000,1.708592
63.9200,1.598699
63.9400,1.497788
63.9600,1.404489
63.9800,1.317620
64.0000,1.237516
64.0200,1.162575
64.0400,1.157227
64.0600,1.185307
64.0800,1.211255
64.1000,1.209708
64.1200,1.197728
64.1400,1.182730
64.1600,1.165828
64.1800,1.145587
64.2000,1.122235
64.2200,1.096408
64.2400,1.066304
64.2600,1.035209
64.2800,1.001330
64.3000,0.959328
64.3200,0.916159
64.3400,0.870912
64.3600,0.825624
64.3800,0.781190
64.4000,0.737892
64.4200,0.696036
64.4400,0.656202
64.4600,0.618044
64.4800,0.582568
64.5000,0.549089
64.5200,0.518092
64.5400,0.491372
64.5600,0.469824
64.5800,0.454599
64.6000,0.443419
64.6200,0.430063
64.6400,0.414266
64.6600,0.389665
64.6800,0.367206
64.7000,0.345690
64.7200,0.326688
64.7400,0.308410
64.7600,0.291913
64.7800,0.276881
64.8000,0.263203
64.8200,0.251950
64.8400,0.256622
64.8600,0.283720
64.8800,0.306010
64.9000,0.320703
64.9200,0.327695
64.9400,0.326390
64.9600,0.317054
64.9800,0.300757
65.0000,0.280474
65.0200,0.260835
65.0400,0.243532
65.0600,0.228291
65.0800,0.215153
65.1000,0.205156
65.1200,0.198245
65.1400,0.192517
65.1600,0.188151
65.1800,0.183753
65.2000,0.181691
65.2200,0.184462
65.2400,0.189142
65.2600,0.191083
65.2800,0.191994
65.3000,0.192993
65.3200,0.192010
65.3400,0.185557
65.3600,0.176890
65.3800,0.168609
65.4000,0.163389
65.4200,0.162269
65.4400,0.165685
65.4600,0.160449
65.4800,0.156196
65.5000,0.153706
65.5200,0.150235
65.5400,0.145458
65.5600,0.142123
65.5800,0.144282
65.6000,0.149977
65.6200,0.158797
65.6400,0.172298
65.6600,0.188159
65.6800,0.201032
65.7000,0.213566
65.7200,0.225488
65.7400,0.236757
65.7600,0.247342
65.7800,0.256823
65.8000,0.265620
65.8200,0.272733
65.8400,0.277276
65.8600,0.279161
65.8800,0.273635
65.9000,0.259804
65.9200,0.242235
65.9400,0.224698
65.9600,0.208169
65.9800,0.192993
66.0000,0.179137
66.0200,0.166450
66.0400,0.155132
66.0600,0.152981
66.0800,0.166619
66.1000,0.187040
66.1200,0.212414
66.1400,0.241220
66.1600,0.271686
66.1800,0.301998
66.2000,0.330506
66.2200,0.356001
66.2400,0.377364
66.2600,0.392911
66.2800,0.403625
66.3000,0.415015
66.3200,0.424577
66.3400,0.429724
66.3600,0.431086
66.3800,0.428806
66.4000,0.422475
66.4200,0.411543
66.4400,0.395014
66.4600,0.378718
66.4800,0.375028
66.5000,0.360851
66.5200,0.340028
66.5400,0.317698
66.5600,0.296601
66.5800,0.277542
66.6000,0.262317
66.6200,0.252151
66.6400,0.247318
66.6600,0.253255
66.6800,0.306066
66.7000,0.355889
66.7200,0.395360
66.7400,0.424287
66.7600,0.443419
66.7800,0.455091
66.8000,0.463493
66.8200,0.469615
66.8400,0.474794
66.8600,0.478725
66.8800,0.467061
66.9000,0.445521
66.9200,0.426768
66.9400,0.410375
66.9600,0.400040
66.9800,0.398059
67.0000,0.404422
67.0200,0.416465
67.0400,0.430651
67.0600,0.444313
67.0800,0.434413
67.1000,0.412711
67.1200,0.392718
67.1400,0.371790
67.1600,0.350717
67.1800,0.329789
67.2000,0.309965
67.2200,0.291897
67.2400,0.276060
67.2600,0.261890
67.2800,0.247592
67.3000,0.231876
67.3200,0.217022
67.3400,0.203102
67.3600,0.189972
67.3800,0.177260
67.4000,0.165612
67.4200,0.154327
67.4400,0.143992
67.4600,0.134857
67.4800,0.129524
67.5000,0.144539
67.5200,0.156413
67.5400,0.162535
67.5600,0.163606
67.5800,0.160304
67.6000,0.154085
67.6200,0.146311
67.6400,0.137152
67.6600,0.127784
67.6800,0.119302
67.7000,0.111480
67.7200,0.105076
67.7400,0.099896
67.7600,0.096070
67.7800,0.094975
67.8000,0.095200
67.8200,0.096280
67.8400,0.098575
67.8600,0.101669
67.8800,0.103191
67.9000,0.099478
67.9200,0.096545
67.9400,0.094910
67.9600,0.093911
67.9800,0.094926
68.0000,0.096956
68.0200,0.100372
68.0400,0.105205
68.0600,0.111859
68.0800,0.116378
68.1000,0.114767
68.1200,0.113550
68.1400,0.112986
68.1600,0.112318
68.1800,0.112205
68.2000,0.112100
68.2200,0.111794
68.2400,0.111561
68.2600,0.110892
68.2800,0.112576
68.3000,0.129001
68.3200,0.145450
68.3400,0.159474
68.3600,0.172008
68.3800,0.182706
68.4000,0.191977
68.4200,0.200790
68.4400,0.208862
68.4600,0.216401
68.4800,0.221154
68.5000,0.210586
68.5200,0.200234
68.5400,0.192686
68.5600,0.187579
68.5800,0.185823
68.6000,0.186532
68.6200,0.189513
68.6400,0.193927
68.6600,0.199525
68.6800,0.210352
68.7000,0.235541
68.7200,0.260932
68.7400,0.285823
68.7600,0.310843
68.7800,0.336161
68.8000,0.361946
68.8200,0.388972
68.8400,0.417730
68.8600,0.446568
68.8800,0.455969
68.9000,0.422281
68.9200,0.392911
68.9400,0.372853
68.9600,0.363855
68.9800,0.366095
69.0000,0.378387
69.0200,0.398929
69.0400,0.425568
69.0600,0.456186
69.0800,0.486040
69.1000,0.501305
69.1200,0.515724
69.1400,0.531923
69.1600,0.551877
69.1800,0.576244
69.2000,0.605437
69.2200,0.638174
69.2400,0.672329
69.2600,0.704720
69.2800,0.731118
69.3000,0.732986
69.3200,0.718277
69.3400,0.688738
69.3600,0.648526
69.3800,0.604229
69.4000,0.561938
69.4200,0.528218
69.4400,0.515933
69.4600,0.549073
69.4800,0.583228
69.5000,0.545062
69.5200,0.519051
69.5400,0.511366
69.5600,0.521508
69.5800,0.549114
69.6000,0.592202
69.6200,0.648324
69.6400,0.715667
69.6600,0.789979
69.6800,0.886902
69.7000,1.121605
69.7200,1.366194
69.7400,1.669596
69.7600,1.965154
69.7800,2.164310
69.8000,2.346626
69.8200,2.515937
69.8400,2.674046
69.8600,2.818549
69.8800,2.948445
69.9000,3.070006
69.9200,3.173612
69.9400,3.261041
69.9600,3.331247
69.9800,3.386944
70.0000,3.430976
70.0200,3.465689
70.0400,3.489968
70.0600,3.508909
70.0800,3.521129
70.1000,3.471337
70.1200,3.325696
70.1400,3.205561
70.1600,3.107854
70.1800,3.029325
70.2000,2.966541
70.2200,2.918222
70.2400,2.879948
70.2600,2.849482
70.2800,2.825741
70.3000,2.802953
70.3200,2.771198
70.3400,2.743067
70.3600,2.717369
70.3800,2.696296
70.4000,2.683737
70.4200,2.676921
70.4400,2.675270
70.4600,2.675302
70.4800,2.673594
70.5000,2.686340
70.5200,2.761361
70.5400,2.824454
70.5600,2.870661
70.5800,2.900700
70.6000,2.917705
70.6200,2.948430
70.6400,3.016050
70.6600,3.012086
70.6800,2.987437
70.7000,2.960063
70.7200,2.949043
70.7400,2.939802
70.7600,2.933213
70.7800,2.907185
70.8000,2.853984
70.8200,2.810008
70.8400,2.795832
70.8600,2.823905
70.8800,2.801704
70.9000,2.778988
70.9200,2.786150
70.9400,2.804556
70.9600,2.820707
70.9800,2.840766
71.0000,2.916915
71.0200,2.956139
71.0400,2.947053
71.0600,2.933577
71.0800,2.921953
71.1000,2.910623
71.1200,2.935186
71.1400,2.979501
71.1600,3.020046
71.1800,3.120823
71.2000,3.213318
71.2200,3.236221
71.2400,3.260565
71.2600,3.287092
71.2800,3.315851
71.3000,3.344998
71.3200,3.367305
71.3400,3.382126
71.3600,3.395532
71.3800,3.408324
71.4000,3.420528
71.4200,3.432273
71.4400,3.448739
71.4600,3.467897
71.4800,3.487215
71.5000,3.507540
71.5200,3.552491
71.5400,3.600000
71.5600,3.600000
71.5800,3.600000
71.6000,3.600000
71.6200,3.600000
71.6400,3.600000
71.6600,3.600000
71.6800,3.600000
71.7000,3.600000
71.7200,3.600000
71.7400,3.600000
71.7600,3.600000
71.7800,3.600000
71.8000,3.600000
71.8200,3.600000
71.8400,3.600000
71.8600,3.600000
71.8800,3.600000
71.9000,3.600000
71.9200,3.600000
71.9400,3.600000
71.9600,3.600000
71.9800,3.574862
72.0000,3.467566
72.0200,3.366788
72.0400,3.272859
72.0600,3.184761
72.0800,3.102906
72.1000,3.027924
72.1200,2.956558
72.1400,2.864747
72.1600,2.752742
72.1800,2.647333
72.2000,2.546823
72.2200,2.451709
72.2400,2.361254
72.2600,2.275638
72.2800,2.195294
72.3000,2.119007
72.3200,2.048940
72.3400,1.993791
72.3600,1.967972
72.3800,1.943944
72.4000,1.920985
72.4200,1.901200
72.4400,1.885492
72.4600,1.870807
72.4800,1.859506
72.5000,1.852729
72.5200,1.848453
72.5400,1.841928
72.5600,1.792628
72.5800,1.737238
72.6000,1.684145
72.6200,1.633604
72.6400,1.587672
72.6600,1.547611
72.6800,1.516655
72.7000,1.498288
72.7200,1.515309
72.7400,1.533466
72.7600,1.528898
72.7800,1.524378
72.8000,1.525014
72.8200,1.528688
72.8400,1.534794
72.8600,1.544236
72.8800,1.572938
72.9000,1.627473
72.9200,1.648628
72.9400,1.669274
72.9600,1.684313
72.9800,1.678900
73.0000,1.671505
73.0200,1.663562
73.0400,1.653744
73.0600,1.644334
73.0800,1.634401
73.1000,1.623446
73.1200,1.616227
73.1400,1.636746
73.1600,1.624091
73.1800,1.558815
73.2000,1.495531
73.2200,1.440254
73.2400,1.389932
73.2600,1.350502
73.2800,1.311303
73.3000,1.267096
73.3200,1.237426
73.3400,1.208636
73.3600,1.189480
73.3800,1.229170
73.4000,1.272991
73.4200,1.314768
73.4400,1.359645
73.4600,1.409540
73.4800,1.468490
73.5000,1.534658
73.5200,1.626386
73.5400,1.758062
73.5600,1.830544
73.5800,1.848323
73.6000,1.866721
73.6200,1.892323
73.6400,1.921766
73.6600,1.966966
73.6800,2.040787
73.7000,2.063118
73.7200,2.096217
73.7400,2.094453
73.7600,2.059895
73.7800,1.953199
73.8000,1.823826
73.8200,1.694205
73.8400,1.574009
73.8600,1.465277
73.8800,1.365709
73.9000,1.274451
73.9200,1.191308
73.9400,1.116909
73.9600,1.050926
73.9800,0.989174
74.0000,0.932278
74.0200,0.879080
74.0400,0.828677
74.0600,0.781827
74.0800,0.737522
74.1000,0.696149
74.1200,0.657096
74.1400,0.620460
74.1600,0.585572
74.1800,0.555469
74.2000,0.528000
74.2200,0.499992
74.2400,0.473079
74.2600,0.447148
74.2800,0.422990
74.3000,0.400129
74.3200,0.378822
74.3400,0.359135
74.3600,0.341502
74.3800,0.323466
74.4000,0.306976
74.4200,0.290849
74.4400,0.276398
74.4600,0.262092
74.4800,0.249791
74.5000,0.238119
74.5200,0.226640
74.5400,0.214653
74.5600,0.203513
74.5800,0.194483
74.6000,0.191567
74.6200,0.192984
74.6400,0.199823
74.6600,0.211109
74.6800,0.227131
74.7000,0.245916
74.7200,0.266015
74.7400,0.286524
74.7600,0.305454
74.7800,0.319172
74.8000,0.318496
74.8200,0.315475
74.8400,0.309691
74.8600,0.300983
74.8800,0.290100
74.9000,0.277566
74.9200,0.265281
74.9400,0.252385
74.9600,0.239867
74.9800,0.228275
75.0000,0.232270
75.0200,0.240986
75.0400,0.248583
75.0600,0.255808
75.0800,0.263904
75.1000,0.270993
75.1200,0.279185
75.1400,0.287869
75.1600,0.295707
75.1800,0.302779
75.2000,0.308579
75.2200,0.311544
75.2400,0.312099
75.2600,0.309296
75.2800,0.303947
75.3000,0.296093
75.3200,0.286395
75.3400,0.274819
75.3600,0.262108
75.3800,0.248913
75.4000,0.260819
75.4200,0.282705
75.4400,0.296746
75.4600,0.303915
75.4800,0.303786
75.5000,0.296915
75.5200,0.284655
75.5400,0.268778
75.5600,0.251314
75.5800,0.233801
75.6000,0.218182
75.6200,0.205140
75.6400,0.194136
75.6600,0.185130
75.6800,0.177856
75.7000,0.171831
75.7200,0.167207
75.7400,0.164364
75.7600,0.161689
75.7800,0.161415
75.8000,0.158966
75.8200,0.156920
75.8400,0.157879
75.8600,0.161351
75.8800,0.166063
75.9000,0.171267
75.9200,0.178743
75.9400,0.186347
75.9600,0.196730
75.9800,0.204979
76.0000,0.215636
76.0200,0.227542
76.0400,0.241913
76.0600,0.258370
76.0800,0.275117
76.1000,0.296295
76.1200,0.315950
76.1400,0.341623
76.1600,0.365450
76.1800,0.392460
76.2000,0.414903
76.2200,0.421331
76.2400,0.422893
76.2600,0.420259
76.2800,0.414854
76.3000,0.406533
76.3200,0.395650
76.3400,0.383011
76.3600,0.369712
76.3800,0.355478
76.4000,0.343306
76.4200,0.350250
76.4400,0.366208
76.4600,0.387917
76.4800,0.416828
76.5000,0.451482
76.5200,0.490027
76.5400,0.532294
76.5600,0.575495
76.5800,0.618704
76.6000,0.660947
76.6200,0.705872
76.6400,0.746495
76.6600,0.782834
76.6800,0.817263
76.7000,0.851079
76.7200,0.883986
76.7400,0.913895
76.7600,0.939665
76.7800,0.959852
76.8000,0.973796
76.8200,0.926897
76.8400,0.870332
76.8600,0.823908
76.8800,0.786185
76.9000,0.756154
76.9200,0.734565
76.9400,0.722764
76.9600,0.721161
76.9800,0.731126
77.0000,0.749194
77.0200,0.828210
77.0400,0.925963
77.0600,1.015248
77.0800,1.100082
77.1000,1.186427
77.1200,1.273539
77.1400,1.357759
77.1600,1.438459
77.1800,1.517355
77.2000,1.599069
77.2200,1.656886
77.2400,1.660340
77.2600,1.678498
77.2800,1.711361
77.3000,1.748879
77.3200,1.780261
77.3400,1.803235
77.3600,1.817930
77.3800,1.829843
77.4000,1.841701
77.4200,1.854196
77.4400,1.877873
77.4600,1.914766
77.4800,1.964744
77.5000,2.019785
77.5200,2.064583
77.5400,2.085842
77.5600,2.078035
77.5800,2.053313
77.6000,2.032144
77.6200,2.043413
77.6400,2.120264
77.6600,2.185988
77.6800,2.240719
77.7000,2.289180
77.7200,2.337087
77.7400,2.389965
77.7600,2.449921
77.7800,2.514979
77.8000,2.584161
77.8200,2.657291
77.8400,2.746901
77.8600,2.831397
77.8800,2.908700
77.9000,2.979550
77.9200,3.041207
77.9400,3.092636
77.9600,3.135799
77.9800,3.169576
78.0000,3.196014
78.0200,3.214987
78.0400,3.228769
78.0600,3.241811
78.0800,3.253428
78.1000,3.262651
78.1200,3.270450
78.1400,3.275816
78.1600,3.279577
78.1800,3.280697
78.2000,3.279658
78.2200,3.276838
78.2400,3.244800
78.2600,3.186694
78.2800,3.140824
78.3000,3.104389
78.3200,3.073986
78.3400,3.048651
78.3600,3.030896
78.3800,3.017403
78.4000,3.008268
78.4200,3.003918
78.4400,2.939723
78.4600,2.835964
78.4800,2.765686
78.5000,2.705228
78.5200,2.618776
78.5400,2.540773
78.5600,2.494527
78.5800,2.427833
78.6000,2.354881
78.6200,2.287723
78.6400,2.284412
78.6600,2.397794
78.6800,2.494672
78.7000,2.579778
78.7200,0.039449
78.7400,0.036331
78.7600,0.034140
78.7800,0.032537
78.8000,0.030314
78.8200,0.028260
78.8400,0.026899
78.8600,0.025207
78.8800,0.024554
78.9000,0.026729
78.9200,0.029492
78.9400,0.031732
78.9600,0.034422
78.9800,0.037185
79.0000,0.040746
79.0200,0.045249
79.0400,0.051822
79.0600,0.056711
79.0800,0.061174
79.1000,0.074780
79.1200,0.091189
79.1400,0.106276
79.1600,0.119592
79.1800,0.131699
79.2000,0.143234
79.2200,0.156550
79.2400,0.170316
79.2600,0.177518
79.2800,0.183342
79.3000,0.182802
79.3200,0.179024
79.3400,0.176688
79.3600,0.173958
79.3800,0.171283
79.4000,0.167449
79.4200,0.163486
79.4400,0.159321
79.4600,0.154713
79.4800,0.149816
79.5000,0.147520
79.5200,0.149654
79.5400,0.150984
79.5600,0.150597
79.5800,0.149187
79.6000,0.146489
79.6200,0.143355
79.6400,0.139416
79.6600,0.135888
79.6800,0.133068
79.7000,0.130104
79.7200,0.123297
79.7400,0.117215
79.7600,0.111399
79.7800,0.105608
79.8000,0.100347
79.8200,0.095901
79.8400,0.093315
79.8600,0.094491
79.8800,0.101395
79.9000,0.114710
79.9200,0.129564
79.9400,0.144676
79.9600,0.157227
79.9800,0.167231
80.0000,0.177075
80.0200,0.189996
80.0400,0.206662
80.0600,0.226970
80.0800,0.249227
80.1000,0.269180
80.1200,0.287321
80.1400,0.301370
80.1600,0.308281
80.1800,0.309030
80.2000,0.306783
80.2200,0.305873
80.2400,0.307830
80.2600,0.312341
80.2800,0.316498
80.3000,0.316957
80.3200,0.312220
80.3400,0.305204
80.3600,0.297382
80.3800,0.291220
80.4000,0.287257
80.4200,0.284703
80.4400,0.283317
80.4600,0.282867
80.4800,0.281151
80.5000,0.277059
80.5200,0.271396
80.5400,0.264548
80.5600,0.254906
80.5800,0.242396
80.6000,0.230112
80.6200,0.218907
80.6400,0.211979
80.6600,0.207436
80.6800,0.204753
80.7000,0.204222
80.7200,0.200814
80.7400,0.196956
80.7600,0.195135
80.7800,0.197793
80.8000,0.203899
80.8200,0.211101
80.8400,0.217561
80.8600,0.223208
80.8800,0.228694
80.9000,0.235638
80.9200,0.239230
80.9400,0.233390
80.9600,0.227598
80.9800,0.222064
81.0000,0.216812
81.0200,0.212261
81.0400,0.206920
81.0600,0.201177
81.0800,0.194314
81.1000,0.185058
81.1200,0.174240
81.1400,0.163703
81.1600,0.153054
81.1800,0.142324
81.2000,0.132585
81.2200,0.123635
81.2400,0.115943
81.2600,0.109579
81.2800,0.104826
81.3000,0.101991
81.3200,0.112406
81.3400,0.171130
81.3600,0.227284
81.3800,0.276841
81.4000,0.320300
81.4200,0.358692
81.4400,0.392686
81.4600,0.422934
81.4800,0.449226
81.5000,0.471685
81.5200,0.490148
81.5400,0.513178
81.5600,0.534775
81.5800,0.553874
81.6000,0.571185
81.6200,0.586958
81.6400,0.600870
81.6600,0.613726
81.6800,0.625213
81.7000,0.635307
81.7200,0.644111
81.7400,0.642556
81.7600,0.633268
81.7800,0.624955
81.8000,0.616602
81.8200,0.608297
81.8400,0.599484
81.8600,0.590808
81.8800,0.581641
81.9000,0.572603
81.9200,0.562534
81.9400,0.554253
81.9600,0.549661
81.9800,0.542548
82.0000,0.532616
82.0200,0.520751
82.0400,0.506460
82.0600,0.490784
82.0800,0.473860
82.1000,0.456621
82.1200,0.439649
82.1400,0.431569
82.1600,0.439431
82.1800,0.445803
82.2000,0.451699
82.2200,0.456621
82.2400,0.460311
82.2600,0.463839
82.2800,0.467117
82.3000,0.471113
82.3200,0.476067
82.3400,0.468479
82.3600,0.439423
82.3800,0.411849
82.4000,0.386427
82.4200,0.361471
82.4400,0.338143
82.4600,0.316321
82.4800,0.295183
82.5000,0.275125
82.5200,0.256968
82.5400,0.240068
82.5600,0.225915
82.5800,0.213260
82.6000,0.202353
82.6200,0.192646
82.6400,0.183987
82.6600,0.176455
82.6800,0.170309
82.7000,0.165346
82.7200,0.161705
82.7400,0.162994
82.7600,0.177558
82.7800,0.187861
82.8000,0.192839
82.8200,0.193468
82.8400,0.190374
82.8600,0.184671
82.8800,0.176970
82.9000,0.168560
82.9200,0.160223
82.9400,0.153070
82.9600,0.148655
82.9800,0.142574
83.0000,0.133882
83.0200,0.124328
83.0400,0.115717
83.0600,0.107630
83.0800,0.100758
83.1000,0.097576
83.1200,0.102208
83.1400,0.119302
83.1600,0.164686
83.1800,0.232504
83.2000,0.302804
83.2200,0.375439
83.2400,0.448663
83.2600,0.521057
83.2800,0.591638
83.3000,0.658256
83.3200,0.718688
83.3400,0.775809
83.3600,0.852030
83.3800,0.935516
83.4000,0.983961
83.4200,1.017536
83.4400,1.037789
83.4600,1.044241
83.4800,1.039849
83.5000,1.026680
83.5200,1.016248
83.5400,0.995956
83.5600,0.979773
83.5800,1.051853
83.6000,1.107822
83.6200,1.152208
83.6400,1.220211
83.6600,1.279677
83.6800,1.350736
83.7000,1.421534
83.7200,1.512126
83.7400,1.611983
83.7600,1.720321
83.7800,1.823020
83.8000,1.956776
83.8200,2.072124
83.8400,2.205080
83.8600,2.310618
83.8800,2.426181
83.9000,2.512725
83.9200,2.603607
83.9400,2.653852
83.9600,2.675391
83.9800,2.688950
84.0000,2.664935
84.0200,2.659611
84.0400,2.669415
84.0600,2.688844
84.0800,2.708814
84.1000,2.723749
84.1200,2.729807
84.1400,2.721719
84.1600,2.695878
84.1800,2.659046
84.2000,2.665877
84.2200,2.665331
84.2400,2.643838
84.2600,2.604897
84.2800,2.552599
84.3000,2.488009
84.3200,2.418683
84.3400,2.368207
84.3600,2.302955
84.3800,2.231632
84.4000,2.324431
84.4200,2.445959
84.4400,2.556489
84.4600,2.659385
84.4800,2.752089
84.5000,2.833291
84.5200,2.905349
84.5400,2.970318
84.5600,3.028247
84.5800,3.075734
84.6000,2.987363
84.6200,2.799859
84.6400,2.644168
84.6600,2.510244
84.6800,2.391181
84.7000,2.287465
84.7200,2.192812
84.7400,2.085607
84.7600,1.985260
84.7800,1.895215
84.8000,1.825810
84.8200,1.838874
84.8400,1.837344
84.8600,1.818858
84.8800,1.789373
84.9000,1.751045
84.9200,1.702913
84.9400,1.644228
84.9600,1.574870
84.9800,1.497924
85.0000,1.418828
85.0200,1.354513
85.0400,1.293789
85.0600,1.233770
85.0800,1.176721
85.1000,1.124143
85.1200,1.075811
85.1400,1.032392
85.1600,0.992775
85.1800,0.956565
85.2000,0.922281
85.2200,0.976688
85.2400,1.081546
85.2600,1.175102
85.2800,1.258234
85.3000,1.330733
85.3200,1.395016
85.3400,1.451816
85.3600,1.500349
85.3800,1.541763
85.4000,1.574129
85.4200,1.588245
85.4400,1.586527
85.4600,1.617693
85.4800,1.626371
85.5000,1.629866
85.5200,1.651188
85.5400,1.702728
85.5600,1.720151
85.5800,1.725298
85.6000,1.730430
85.6200,1.721634
85.6400,1.662733
85.6600,1.627143
85.6800,1.590627
85.7000,1.551019
85.7200,1.518312
85.7400,1.499253
85.7600,1.499513
85.7800,1.478463
85.8000,1.454249
85.8200,1.416113
85.8400,1.320616
85.8600,1.230048
85.8800,1.147246
85.9000,1.071210
85.9200,1.001409
85.9400,0.936717
85.9600,0.878282
85.9800,0.825076
86.0000,0.777888
86.0200,0.735403
86.0400,0.692790
86.0600,0.652368
86.0800,0.614644
86.1000,0.581182
86.1200,0.555961
86.1400,0.540591
86.1600,0.536467
86.1800,0.542548
86.2000,0.560029
86.2200,0.585258
86.2400,0.601071
86.2600,0.608853
86.2800,0.611946
86.3000,0.610866
86.3200,0.607539
86.3400,0.602416
86.3600,0.598348
86.3800,0.595754
86.4000,0.600209
86.4200,0.614644
86.4400,0.618994
86.4600,0.620058
86.4800,0.627847
86.5000,0.642444
86.5200,0.659948
86.5400,0.678709
86.5600,0.694562
86.5800,0.705477
86.6000,0.709819
86.6200,0.708184
86.6400,0.713501
86.6600,0.707789
86.6800,0.689012
86.7000,0.658788
86.7200,0.619059
86.7400,0.575519
86.7600,0.535556
86.7800,0.501208
86.8000,0.470501
86.8200,0.446157
86.8400,0.438336
86.8600,0.439770
86.8800,0.447503
86.9000,0.458764
86.9200,0.471274
86.9400,0.481923
86.9600,0.489971
86.9800,0.493660
87.0000,0.493579
87.0200,0.486555
87.0400,0.466973
87.0600,0.447873
87.0800,0.430933
87.1000,0.415249
87.1200,0.400951
87.1400,0.386378
87.1600,0.371935
87.1800,0.356501
87.2000,0.340696
87.2200,0.324577
87.2400,0.305744
87.2600,0.287676
87.2800,0.271154
87.3000,0.255180
87.3200,0.240471
87.3400,0.226567
87.3600,0.214073
87.3800,0.203247
87.4000,0.196722
87.4200,0.193710
87.4400,0.195530
87.4600,0.199292
87.4800,0.204125
87.5000,0.209554
87.5200,0.214718
87.5400,0.220212
87.5600,0.224545
87.5800,0.228541
87.6000,0.230772
87.6200,0.233704
87.6400,0.229185
87.6600,0.216901
87.6800,0.202449
87.7000,0.188506
87.7200,0.176076
87.7400,0.164928
87.7600,0.154730
87.7800,0.145240
87.8000,0.136709
87.8200,0.128936
87.8400,0.125843
87.8600,0.131377
87.8800,0.135896
87.9000,0.141583
87.9200,0.146150
87.9400,0.151040
87.9600,0.154576
87.9800,0.158000
88.0000,0.161431
88.0200,0.164573
88.0400,0.161141
88.0600,0.149236
88.0800,0.138023
88.1000,0.128275
88.1200,0.119495
88.1400,0.112157
88.1600,0.104955
88.1800,0.098889
88.2000,0.093484
88.2200,0.088869
88.2400,0.084293
88.2600,0.079452
88.2800,0.075924
88.3000,0.073169
88.3200,0.071324
88.3400,0.072605
88.3600,0.076141
88.3800,0.079049
88.4000,0.082722
88.4200,0.087241
88.4400,0.091962
88.4600,0.096819
88.4800,0.099767
88.5000,0.100903
88.5200,0.100686
88.5400,0.099429
88.5600,0.096868
88.5800,0.092767
88.6000,0.088377
88.6200,0.084164
88.6400,0.080273
88.6600,0.086468
88.6800,0.091470
88.7000,0.093807
88.7200,0.093943
88.7400,0.090391
88.7600,0.085743
88.7800,0.080354
88.8000,0.074707
88.8200,0.069350
88.8400,0.064566
88.8600,0.060546
88.8800,0.057316
88.9000,0.055229
88.9200,0.054955
88.9400,0.058331
88.9600,0.067763
88.9800,0.086959
89.0000,0.119366
89.0200,0.166539
89.0400,0.226430
89.0600,0.284800
89.0800,0.350741
89.1000,0.428645
89.1200,0.517045
89.1400,0.611769
89.1600,0.711495
89.1800,0.813984
89.2000,0.918108
89.2200,1.023191
89.2400,1.130070
89.2600,1.263872
89.2800,1.420664
89.3000,1.577481
89.3200,1.731961
89.3400,1.885612
89.3600,2.035697
89.3800,2.178360
89.4000,2.317511
89.4200,2.454062
89.4400,2.588921
89.4600,2.687458
89.4800,2.727043
89.5000,2.771262
89.5200,2.820555
89.5400,2.874922
89.5600,2.930612
89.5800,2.984802
89.6000,3.039724
89.6200,3.084806
89.6400,3.120298
89.6600,3.156122
89.6800,3.207293
89.7000,3.242360
89.7200,3.264957
89.7400,3.279086
89.7600,3.283056
89.7800,3.278505
89.8000,3.264916
89.8200,3.243543
89.8400,3.214292
89.8600,3.173563
89.8800,3.115562
89.9000,3.046340
89.9200,2.968183
89.9400,2.881817
89.9600,2.786212
89.9800,2.683052
90.0000,2.573173
90.0200,2.460233
90.0400,2.347584
90.0600,2.236329
90.0800,2.099221
90.1000,1.958137
90.1200,1.827839
90.1400,1.708592
90.1600,1.598699
90.1800,1.497788
90.2000,1.404489
90.2200,1.317620
90.2400,1.237516
90.2600,1.162575
90.2800,1.157227
90.3000,1.185307
90.3200,1.211255
90.3400,1.209708
90.3600,1.197728
90.3800,1.182730
90.4000,1.165828
90.4200,1.145587
90.4400,1.122235
90.4600,1.096408
90.4800,1.066304
90.5000,1.035209
90.5200,1.001330
90.5400,0.959328
90.5600,0.916159
90.5800,0.870912
90.6000,0.825624
90.6200,0.781190
90.6400,0.737892
90.6600,0.696036
90.6800,0.656202
90.7000,0.618044
90.7200,0.582568
90.7400,0.549089
90.7600,0.518092
90.7800,0.491372
90.8000,0.469824
90.8200,0.454599
90.8400,0.443419
90.8600,0.430063
90.8800,0.414266
90.9000,0.389665
90.9200,0.367206
90.9400,0.345690
90.9600,0.326688
90.9800,0.308410
91.0000,0.291913
91.0200,0.276881
91.0400,0.263203
91.0600,0.251950
91.0800,0.256622
91.1000,0.283720
91.1200,0.306010
91.1400,0.320703
91.1600,0.327695
91.1800,0.326390
91.2000,0.317054
91.2200,0.300757
91.2400,0.280474
91.2600,0.260835
91.2800,0.243532
91.3000,0.228291
91.3200,0.215153
91.3400,0.205156
91.3600,0.198245
91.3800,0.192517
91.4000,0.188151
91.4200,0.183753
91.4400,0.181691
91.4600,0.184462
91.4800,0.189142
91.5000,0.191083
91.5200,0.191994
91.5400,0.192993
91.5600,0.192010
91.5800,0.185557
91.6000,0.176890
91.6200,0.168609
91.6400,0.163389
91.6600,0.162269
91.6800,0.165685
91.7000,0.160449
91.7200,0.156196
91.7400,0.153706
91.7600,0.150235
91.7800,0.145458
91.8000,0.142123
91.8200,0.144282
91.8400,0.149977
91.8600,0.158797
91.8800,0.172298
91.9000,0.188159
91.9200,0.201032
91.9400,0.213566
91.9600,0.225488
91.9800,0.236757
92.0000,0.247342
92.0200,0.256823
92.0400,0.265620
92.0600,0.272733
92.0800,0.277276
92.1000,0.279161
92.1200,0.273635
92.1400,0.259804
92.1600,0.242235
92.1800,0.224698
92.2000,0.208169
92.2200,0.192993
92.2400,0.179137
92.2600,0.166450
92.2800,0.155132
92.3000,0.152981
92.3200,0.166619
92.3400,0.187040
92.3600,0.212414
92.3800,0.241220
92.4000,0.271686
92.4200,0.301998
92.4400,0.330506
92.4600,0.356001
92.4800,0.377364
92.5000,0.392911
92.5200,0.403625
92.5400,0.415015
92.5600,0.424577
92.5800,0.429724
92.6000,0.431086
92.6200,0.428806
92.6400,0.422475
92.6600,0.411543
92.6800,0.395014
92.7000,0.378718
92.7200,0.375028
92.7400,0.360851
92.7600,0.340028
92.7800,0.317698
92.8000,0.296601
92.8200,0.277542
92.8400,0.262317
92.8600,0.252151
92.8800,0.247318
92.9000,0.253255
92.9200,0.306066
92.9400,0.355889
92.9600,0.395360
92.9800,0.424287
93.0000,0.443419
93.0200,0.455091
93.0400,0.463493
93.0600,0.469615
93.0800,0.474794
93.1000,0.478725
93.1200,0.467061
93.1400,0.445521
93.1600,0.426768
93.1800,0.410375
93.2000,0.400040
93.2200,0.398059
93.2400,0.404422
93.2600,0.416465
93.2800,0.430651
93.3000,0.444313
93.3200,0.434413
93.3400,0.412711
93.3600,0.392718
93.3800,0.371790
93.4000,0.350717
93.4200,0.329789
93.4400,0.309965
93.4600,0.291897
93.4800,0.276060
93.5000,0.261890
93.5200,0.247592
93.5400,0.231876
93.5600,0.217022
93.5800,0.203102
93.6000,0.189972
93.6200,0.177260
93.6400,0.165612
93.6600,0.154327
93.6800,0.143992
93.7000,0.134857
93.7200,0.129524
93.7400,0.144539
93.7600,0.156413
93.7800,0.162535
93.8000,0.163606
93.8200,0.160304
93.8400,0.154085
93.8600,0.146311
93.8800,0.137152
93.9000,0.127784
93.9200,0.119302
93.9400,0.111480
93.9600,0.105076
93.9800,0.099896
94.0000,0.096070
94.0200,0.094975
94.0400,0.095200
94.0600,0.096280
94.0800,0.098575
94.1000,0.101669
94.1200,0.103191
94.1400,0.099478
94.1600,0.096545
94.1800,0.094910
94.2000,0.093911
94.2200,0.094926
94.2400,0.096956
94.2600,0.100372
94.2800,0.105205
94.3000,0.111859
94.3200,0.116378
94.3400,0.114767
94.3600,0.113550
94.3800,0.112986
94.4000,0.112318
94.4200,0.112205
94.4400,0.112100
94.4600,0.111794
94.4800,0.111561
94.5000,0.110892
94.5200,0.112576
94.5400,0.129001
94.5600,0.145450
94.5800,0.159474
94.6000,0.172008
94.6200,0.182706
94.6400,0.191977
94.6600,0.200790
94.6800,0.208862
94.7000,0.216401
94.7200,0.221154
94.7400,0.210586
94.7600,0.200234
94.7800,0.192686
94.8000,0.187579
94.8200,0.185823
94.8400,0.186532
94.8600,0.189513
94.8800,0.193927
94.9000,0.199525
94.9200,0.210352
94.9400,0.235541
94.9600,0.260932
94.9800,0.285823
95.0000,0.310843
95.0200,0.336161
95.0400,0.361946
95.0600,0.388972
95.0800,0.417730
95.1000,0.446568
95.1200,0.455969
95.1400,0.422281
95.1600,0.392911
95.1800,0.372853
95.2000,0.363855
95.2200,0.366095
95.2400,0.378387
95.2600,0.398929
95.2800,0.425568
95.3000,0.456186
95.3200,0.486040
95.3400,0.501305
95.3600,0.515724
95.3800,0.531923
95.4000,0.551877
95.4200,0.576244
95.4400,0.605437
95.4600,0.638174
95.4800,0.672329
95.5000,0.704720
95.5200,0.731118
95.5400,0.732986
95.5600,0.718277
95.5800,0.688738
95.6000,0.648526
95.6200,0.604229
95.6400,0.561938
95.6600,0.528218
95.6800,0.515933
95.7000,0.549073
95.7200,0.583228
95.7400,0.545062
95.7600,0.519051
95.7800,0.511366
95.8000,0.521508
95.8200,0.549114
95.8400,0.592202
95.8600,0.648324
95.8800,0.715667
95.9000,0.789979
95.9200,0.886902
95.9400,1.121605
95.9600,1.366194
95.9800,1.669596
96.0000,1.965154
96.0200,2.164310
96.0400,2.346626
96.0600,2.515937
96.0800,2.674046
96.1000,2.818549
96.1200,2.948445
96.1400,3.070006
96.1600,3.173612
96.1800,3.261041
96.2000,3.331247
96.2200,3.386944
96.2400,3.430976
96.2600,3.465689
96.2800,3.489968
96.3000,3.508909
96.3200,3.521129
96.3400,3.471337
96.3600,3.325696
96.3800,3.205561
96.4000,3.107854
96.4200,3.029325
96.4400,2.966541
96.4600,2.918222
96.4800,2.879948
96.5000,2.849482
96.5200,2.825741
96.5400,2.802953
96.5600,2.771198
96.5800,2.743067
96.6000,2.717369
96.6200,2.696296
96.6400,2.683737
96.6600,2.676921
96.6800,2.675270
96.7000,2.675302
96.7200,2.673594
96.7400,2.686340
96.7600,2.761361
96.7800,2.824454
96.8000,2.870661
96.8200,2.900700
96.8400,2.917705
96.8600,2.948430
96.8800,3.016050
96.9000,3.012086
96.9200,2.987437
96.9400,2.960063
96.9600,2.949043
96.9800,2.939802
97.0000,2.933213
97.0200,2.907185
97.0400,2.853984
97.0600,2.810008
97.0800,2.795832
97.1000,2.823905
97.1200,2.801704
97.1400,2.778988
97.1600,2.786150
97.1800,2.804556
97.2000,2.820707
97.2200,2.840766
97.2400,2.916915
97.2600,2.956139
97.2800,2.947053
97.3000,2.933577
97.3200,2.921953
97.3400,2.910623
97.3600,2.935186
97.3800,2.979501
97.4000,3.020046
97.4200,3.120823
97.4400,3.213318
97.4600,3.236221
97.4800,3.260565
97.5000,3.287092
97.5200,3.315851
97.5400,3.344998
97.5600,3.367305
97.5800,3.382126
97.6000,3.395532
97.6200,3.408324
97.6400,3.420528
97.6600,3.432273
97.6800,3.448739
97.7000,3.467897
97.7200,3.487215
97.7400,3.507540
97.7600,3.552491
97.7800,3.600000
97.8000,3.600000
97.8200,3.600000
97.8400,3.600000
97.8600,3.600000
97.8800,3.600000
97.9000,3.600000
97.9200,3.600000
97.9400,3.600000
97.9600,3.600000
97.9800,3.600000
98.0000,3.600000
98.0200,3.600000
98.0400,3.600000
98.0600,3.600000
98.0800,3.600000
98.1000,3.600000
98.1200,3.600000
98.1400,3.600000
98.1600,3.600000
98.1800,3.600000
98.2000,3.600000
98.2200,3.574862
98.2400,3.467566
98.2600,3.366788
98.2800,3.272859
98.3000,3.184761
98.3200,3.102906
98.3400,3.027924
98.3600,2.956558
98.3800,2.864747
98.4000,2.752742
98.4200,2.647333
98.4400,2.546823
98.4600,2.451709
98.4800,2.361254
98.5000,2.275638
98.5200,2.195294
98.5400,2.119007
98.5600,2.048940
98.5800,1.993791
98.6000,1.967972
98.6200,1.943944
98.6400,1.920985
98.6600,1.901200
98.6800,1.885492
98.7000,1.870807
98.7200,1.859506
98.7400,1.852729
98.7600,1.848453
98.7800,1.841928
98.8000,1.792628
98.8200,1.737238
98.8400,1.684145
98.8600,1.633604
98.8800,1.587672
98.9000,1.547611
98.9200,1.516655
98.9400,1.498288
98.9600,1.515309
98.9800,1.533466
99.0000,1.528898
99.0200,1.524378
99.0400,1.525014
99.0600,1.528688
99.0800,1.534794
99.1000,1.544236
99.1200,1.572938
99.1400,1.627473
99.1600,1.648628
99.1800,1.669274
99.2000,1.684313
99.2200,1.678900
99.2400,1.671505
99.2600,1.663562
99.2800,1.653744
99.3000,1.644334
99.3200,1.634401
99.3400,1.623446
99.3600,1.616227
99.3800,1.636746
99.4000,1.624091
99.4200,1.558815
99.4400,1.495531
99.4600,1.440254
99.4800,1.389932
99.5000,1.350502
99.5200,1.311303
99.5400,1.267096
99.5600,1.237426
99.5800,1.208636
99.6000,1.189480
99.6200,1.229170
99.6400,1.272991
99.6600,1.314768
99.6800,1.359645
99.7000,1.409540
99.7200,1.468490
99.7400,1.534658
99.7600,1.626386
99.7800,1.758062
99.8000,1.830544
99.8200,1.848323
99.8400,1.866721
99.8600,1.892323
99.8800,1.921766
99.9000,1.966966
99.9200,2.040787
99.9400,2.063118
99.9600,2.096217
99.9800,2.094453
100.0000,2.059895
100.0200,1.953199
100.0400,1.823826
100.0600,1.694205
100.0800,1.574009
100.1000,1.465277
100.1200,1.365709
100.1400,1.274451
100.1600,1.191308
100.1800,1.116909
100.2000,1.050926
100.2200,0.989174
100.2400,0.932278
100.2600,0.879080
100.2800,0.828677
100.3000,0.781827
100.3200,0.737522
100.3400,0.696149
100.3600,0.657096
100.3800,0.620460
100.4000,0.585572
100.4200,0.555469
100.4400,0.528000
100.4600,0.499992
100.4800,0.473079
100.5000,0.447148
100.5200,0.422990
100.5400,0.400129
100.5600,0.378822
100.5800,0.359135
100.6000,0.341502
100.6200,0.323466
100.6400,0.306976
100.6600,0.290849
100.6800,0.276398
100.7000,0.262092
100.7200,0.249791
100.7400,0.238119
100.7600,0.226640
100.7800,0.214653
100.8000,0.203513
100.8200,0.194483
100.8400,0.191567
100.8600,0.192984
100.8800,0.199823
100.9000,0.211109
100.9200,0.227131
100.9400,0.245916
100.9600,0.266015
100.9800,0.286524
101.0000,0.305454
101.0200,0.319172
101.0400,0.318496
101.0600,0.315475
101.0800,0.309691
101.1000,0.300983
101.1200,0.290100
101.1400,0.277566
101.1600,0.265281
101.1800,0.252385
101.2000,0.239867
101.2200,0.228275
101.2400,0.232270
101.2600,0.240986
101.2800,0.248583
101.3000,0.255808
101.3200,0.263904
101.3400,0.270993
101.3600,0.279185
101.3800,0.287869
101.4000,0.295707
101.4200,0.302779
101.4400,0.308579
101.4600,0.311544
101.4800,0.312099
101.5000,0.309296
101.5200,0.303947
101.5400,0.296093
101.5600,0.286395
101.5800,0.274819
101.6000,0.262108
101.6200,0.248913
101.6400,0.260819
101.6600,0.282705
101.6800,0.296746
101.7000,0.303915
101.7200,0.303786
101.7400,0.296915
101.7600,0.284655
101.7800,0.268778
101.8000,0.251314
101.8200,0.233801
101.8400,0.218182
101.8600,0.205140
101.8800,0.194136
101.9000,0.185130
101.9200,0.177856
101.9400,0.171831
101.9600,0.167207
101.9800,0.164364
102.0000,0.161689
102.0200,0.161415
102.0400,0.158966
102.0600,0.156920
102.0800,0.157879
102.1000,0.161351
102.1200,0.166063
102.1400,0.171267
102.1600,0.178743
102.1800,0.186347
102.2000,0.196730
102.2200,0.204979
102.2400,0.215636
102.2600,0.227542
102.2800,0.241913
102.3000,0.258370
102.3200,0.275117
102.3400,0.296295
102.3600,0.315950
102.3800,0.341623
102.4000,0.365450
102.4200,0.392460
102.4400,0.414903
102.4600,0.421331
102.4800,0.422893
102.5000,0.420259
102.5200,0.414854
102.5400,0.406533
102.5600,0.395650
102.5800,0.383011
102.6000,0.369712
102.6200,0.355478
102.6400,0.343306
102.6600,0.350250
102.6800,0.366208
102.7000,0.387917
102.7200,0.416828
102.7400,0.451482
102.7600,0.490027
102.7800,0.532294
102.8000,0.575495
102.8200,0.618704
102.8400,0.660947
102.8600,0.705872
102.8800,0.746495
102.9000,0.782834
102.9200,0.817263
102.9400,0.851079
102.9600,0.883986
102.9800,0.913895
103.0000,0.939665
103.0200,0.959852
103.0400,0.973796
103.0600,0.926897
103.0800,0.870332
103.1000,0.823908
103.1200,0.786185
103.1400,0.756154
103.1600,0.734565
103.1800,0.722764
103.2000,0.721161
103.2200,0.731126
103.2400,0.749194
103.2600,0.828210
103.2800,0.925963
103.3000,1.015248
103.3200,1.100082
103.3400,1.186427
103.3600,1.273539
103.3800,1.357759
103.4000,1.438459
103.4200,1.517355
103.4400,1.599069
103.4600,1.656886
103.4800,1.660340
103.5000,1.678498
103.5200,1.711361
103.5400,1.748879
103.5600,1.780261
103.5800,1.803235
103.6000,1.817930
103.6200,1.829843
103.6400,1.841701
103.6600,1.854196
103.6800,1.877873
103.7000,1.914766
103.7200,1.964744
103.7400,2.019785
103.7600,2.064583
103.7800,2.085842
103.8000,2.078035
103.8200,2.053313
103.8400,2.032144
103.8600,2.043413
103.8800,2.120264
103.9000,2.185988
103.9200,2.240719
103.9400,2.289180
103.9600,2.337087
103.9800,2.389965
104.0000,2.449921
104.0200,2.514979
104.0400,2.584161
104.0600,2.657291
104.0800,2.746901
104.1000,2.831397
104.1200,2.908700
104.1400,2.979550
104.1600,3.041207
104.1800,3.092636
104.2000,3.135799
104.2200,3.169576
104.2400,3.196014
104.2600,3.214987
104.2800,3.228769
104.3000,3.241811
104.3200,3.253428
104.3400,3.262651
104.3600,3.270450
104.3800,3.275816
104.4000,3.279577
104.4200,3.280697
104.4400,3.279658
104.4600,3.276838
104.4800,3.244800
104.5000,3.186694
104.5200,3.140824
104.5400,3.104389
104.5600,3.073986
104.5800,3.048651
104.6000,3.030896
104.6200,3.017403
104.6400,3.008268
104.6600,3.003918
104.6800,2.939723
104.7000,2.835964
104.7200,2.765686
104.7400,2.705228
104.7600,2.618776
104.7800,2.540773
104.8000,2.494527
104.8200,2.427833
104.8400,2.354881
104.8600,2.287723
104.8800,2.284412
104.9000,2.397794
104.9200,2.494672
104.9400,2.579778
104.9600,0.039449
104.9800,0.036331
105.0000,0.034140
105.0200,0.032537
105.0400,0.030314
105.0600,0.028260
105.0800,0.026899
105.1000,0.025207
105.1200,0.024554
105.1400,0.026729
105.1600,0.029492
105.1800,0.031732
105.2000,0.034422
105.2200,0.037185
105.2400,0.040746
105.2600,0.045249
105.2800,0.051822
105.3000,0.056711
105.3200,0.061174
105.3400,0.074780
105.3600,0.091189
105.3800,0.106276
105.4000,0.119592
105.4200,0.131699
105.4400,0.143234
105.4600,0.156550
105.4800,0.170316
105.5000,0.177518
105.5200,0.183342
105.5400,0.182802
105.5600,0.179024
105.5800,0.176688
105.6000,0.173958
105.6200,0.171283
105.6400,0.167449
105.6600,0.163486
105.6800,0.159321
105.7000,0.154713
105.7200,0.149816
105.7400,0.147520
105.7600,0.149654
105.7800,0.150984
105.8000,0.150597
105.8200,0.149187
105.8400,0.146489
105.8600,0.143355
105.8800,0.139416
105.9000,0.135888
105.9200,0.133068
105.9400,0.130104
105.9600,0.123297
105.9800,0.117215
106.0000,0.111399
106.0200,0.105608
106.0400,0.100347
106.0600,0.095901
106.0800,0.093315
106.1000,0.094491
106.1200,0.101395
106.1400,0.114710
106.1600,0.129564
106.1800,0.144676
106.2000,0.157227
106.2200,0.167231
106.2400,0.177075
106.2600,0.189996
106.2800,0.206662
106.3000,0.226970
106.3200,0.249227
106.3400,0.269180
106.3600,0.287321
106.3800,0.301370
106.4000,0.308281
106.4200,0.309030
106.4400,0.306783
106.4600,0.305873
106.4800,0.307830
106.5000,0.312341
106.5200,0.316498
106.5400,0.316957
106.5600,0.312220
106.5800,0.305204
106.6000,0.297382
106.6200,0.291220
106.6400,0.287257
106.6600,0.284703
106.6800,0.283317
106.7000,0.282867
106.7200,0.281151
106.7400,0.277059
106.7600,0.271396
106.7800,0.264548
106.8000,0.254906
106.8200,0.242396
106.8400,0.230112
106.8600,0.218907
106.8800,0.211979
106.9000,0.207436
106.9200,0.204753
106.9400,0.204222
106.9600,0.200814
106.9800,0.196956
107.0000,0.195135
107.0200,0.197793
107.0400,0.203899
107.0600,0.211101
107.0800,0.217561
107.1000,0.223208
107.1200,0.228694
107.1400,0.235638
107.1600,0.239230
107.1800,0.233390
107.2000,0.227598
107.2200,0.222064
107.2400,0.216812
107.2600,0.212261
107.2800,0.206920
107.3000,0.201177
107.3200,0.194314
107.3400,0.185058
107.3600,0.174240
107.3800,0.163703
107.4000,0.153054
107.4200,0.142324
107.4400,0.132585
107.4600,0.123635
107.4800,0.115943
107.5000,0.109579
107.5200,0.104826
107.5400,0.101991
107.5600,0.112406
107.5800,0.171130
107.6000,0.227284
107.6200,0.276841
107.6400,0.320300
107.6600,0.358692
107.6800,0.392686
107.7000,0.422934
107.7200,0.449226
107.7400,0.471685
107.7600,0.490148
107.7800,0.513178
107.8000,0.534775
107.8200,0.553874
107.8400,0.571185
107.8600,0.586958
107.8800,0.600870
107.9000,0.613726
107.9200,0.625213
107.9400,0.635307
107.9600,0.644111
107.9800,0.642556
108.0000,0.633268
108.0200,0.624955
108.0400,0.616602
108.0600,0.608297
108.0800,0.599484
108.1000,0.590808
108.1200,0.581641
108.1400,0.572603
108.1600,0.562534
108.1800,0.554253
108.2000,0.549661
108.2200,0.542548
108.2400,0.532616
108.2600,0.520751
108.2800,0.506460
108.3000,0.490784
108.3200,0.473860
108.3400,0.456621
108.3600,0.439649
108.3800,0.431569
108.4000,0.439431
108.4200,0.445803
108.4400,0.451699
108.4600,0.456621
108.4800,0.460311
108.5000,0.463839
108.5200,0.467117
108.5400,0.471113
108.5600,0.476067
108.5800,0.468479
108.6000,0.439423
108.6200,0.411849
108.6400,0.386427
108.6600,0.361471
108.6800,0.338143
108.7000,0.316321
108.7200,0.295183
108.7400,0.275125
108.7600,0.256968
108.7800,0.240068
108.8000,0.225915
108.8200,0.213260
108.8400,0.202353
108.8600,0.192646
108.8800,0.183987
108.9000,0.176455
108.9200,0.170309
108.9400,0.165346
108.9600,0.161705
108.9800,0.162994
109.0000,0.177558
109.0200,0.187861
109.0400,0.192839
109.0600,0.193468
109.0800,0.190374
109.1000,0.184671
109.1200,0.176970
109.1400,0.168560
109.1600,0.160223
109.1800,0.153070
109.2000,0.148655
109.2200,0.142574
109.2400,0.133882
109.2600,0.124328
109.2800,0.115717
109.3000,0.107630
109.3200,0.100758
109.3400,0.097576
109.3600,0.102208
109.3800,0.119302
109.4000,0.164686
109.4200,0.232504
109.4400,0.302804
109.4600,0.375439
109.4800,0.448663
109.5000,0.521057
109.5200,0.591638
109.5400,0.658256
109.5600,0.718688
109.5800,0.775809
109.6000,0.852030
109.6200,0.935516
109.6400,0.983961
109.6600,1.017536
109.6800,1.037789
109.7000,1.044241
109.7200,1.039849
109.7400,1.026680
109.7600,1.016248
109.7800,0.995956
109.8000,0.979773
109.8200,1.051853
109.8400,1.107822
109.8600,1.152208
109.8800,1.220211
109.9000,1.279677
109.9200,1.350736
109.9400,1.421534
109.9600,1.512126
109.9800,1.611983
110.0000,1.720321
110.0200,1.823020
110.0400,1.956776
110.0600,2.072124
110.0800,2.205080
110.1000,2.310618
110.1200,2.426181
110.1400,2.512725
110.1600,2.603607
110.1800,2.653852
110.2000,2.675391
110.2200,2.688950
110.2400,2.664935
110.2600,2.659611
110.2800,2.669415
110.3000,2.688844
110.3200,2.708814
110.3400,2.723749
110.3600,2.729807
110.3800,2.721719
110.4000,2.695878
110.4200,2.659046
110.4400,2.665877
110.4600,2.665331
110.4800,2.643838
110.5000,2.604897
110.5200,2.552599
110.5400,2.488009
110.5600,2.418683
110.5800,2.368207
110.6000,2.302955
110.6200,2.231632
110.6400,2.324431
110.6600,2.445959
110.6800,2.556489
110.7000,2.659385
110.7200,2.752089
110.7400,2.833291
110.7600,2.905349
110.7800,2.970318
110.8000,3.028247
110.8200,3.075734
110.8400,2.987363
110.8600,2.799859
110.8800,2.644168
110.9000,2.510244
110.9200,2.391181
110.9400,2.287465
110.9600,2.192812
110.9800,2.085607
111.0000,1.985260
111.0200,1.895215
111.0400,1.825810
111.0600,1.838874
111.0800,1.837344
111.1000,1.818858
111.1200,1.789373
111.1400,1.751045
111.1600,1.702913
111.1800,1.644228
111.2000,1.574870
111.2200,1.497924
111.2400,1.418828
111.2600,1.354513
111.2800,1.293789
111.3000,1.233770
111.3200,1.176721
111.3400,1.124143
111.3600,1.075811
111.3800,1.032392
111.4000,0.992775
111.4200,0.956565
111.4400,0.922281
111.4600,0.976688
111.4800,1.081546
111.5000,1.175102
111.5200,1.258234
111.5400,1.330733
111.5600,1.395016
111.5800,1.451816
111.6000,1.500349
111.6200,1.541763
111.6400,1.574129
111.6600,1.588245
111.6800,1.586527
111.7000,1.617693
111.7200,1.626371
111.7400,1.629866
111.7600,1.651188
111.7800,1.702728
111.8000,1.720151
111.8200,1.725298
111.8400,1.730430
111.8600,1.721634
111.8800,1.662733
111.9000,1.627143
111.9200,1.590627
111.9400,1.551019
111.9600,1.518312
111.9800,1.499253
112.0000,1.499513
112.0200,1.478463
112.0400,1.454249
112.0600,1.416113
112.0800,1.320616
112.1000,1.230048
112.1200,1.147246
112.1400,1.071210
112.1600,1.001409
112.1800,0.936717
112.2000,0.878282
112.2200,0.825076
112.2400,0.777888
112.2600,0.735403
112.2800,0.692790
112.3000,0.652368
112.3200,0.614644
112.3400,0.581182
112.3600,0.555961
112.3800,0.540591
112.4000,0.536467
112.4200,0.542548
112.4400,0.560029
112.4600,0.585258
112.4800,0.601071
112.5000,0.608853
112.5200,0.611946
112.5400,0.610866
112.5600,0.607539
112.5800,0.602416
112.6000,0.598348
112.6200,0.595754
112.6400,0.600209
112.6600,0.614644
112.6800,0.618994
112.7000,0.620058
112.7200,0.627847
112.7400,0.642444
112.7600,0.659948
112.7800,0.678709
112.8000,0.694562
112.8200,0.705477
112.8400,0.709819
112.8600,0.708184
112.8800,0.713501
112.9000,0.707789
112.9200,0.689012
112.9400,0.658788
112.9600,0.619059
112.9800,0.575519
113.0000,0.535556
113.0200,0.501208
113.0400,0.470501
113.0600,0.446157
113.0800,0.438336
113.1000,0.439770
113.1200,0.447503
113.1400,0.458764
113.1600,0.471274
113.1800,0.481923
113.2000,0.489971
113.2200,0.493660
113.2400,0.493579
113.2600,0.486555
113.2800,0.466973
113.3000,0.447873
113.3200,0.430933
113.3400,0.415249
113.3600,0.400951
113.3800,0.386378
113.4000,0.371935
113.4200,0.356501
113.4400,0.340696
113.4600,0.324577
113.4800,0.305744
113.5000,0.287676
113.5200,0.271154
113.5400,0.255180
113.5600,0.240471
113.5800,0.226567
113.6000,0.214073
113.6200,0.203247
113.6400,0.196722
113.6600,0.193710
113.6800,0.195530
113.7000,0.199292
113.7200,0.204125
113.7400,0.209554
113.7600,0.214718
113.7800,0.220212
113.8000,0.224545
113.8200,0.228541
113.8400,0.230772
113.8600,0.233704
113.8800,0.229185
113.9000,0.216901
113.9200,0.202449
113.9400,0.188506
113.9600,0.176076
113.9800,0.164928
114.0000,0.154730
114.0200,0.145240
114.0400,0.136709
114.0600,0.128936
114.0800,0.125843
114.1000,0.131377
114.1200,0.135896
114.1400,0.141583
114.1600,0.146150
114.1800,0.151040
114.2000,0.154576
114.2200,0.158000
114.2400,0.161431
114.2600,0.164573
114.2800,0.161141
114.3000,0.149236
114.3200,0.138023
114.3400,0.128275
114.3600,0.119495
114.3800,0.112157
114.4000,0.104955
114.4200,0.098889
114.4400,0.093484
114.4600,0.088869
114.4800,0.084293
114.5000,0.079452
114.5200,0.075924
114.5400,0.073169
114.5600,0.071324
114.5800,0.072605
114.6000,0.076141
114.6200,0.079049
114.6400,0.082722
114.6600,0.087241
114.6800,0.091962
114.7000,0.096819
114.7200,0.099767
114.7400,0.100903
114.7600,0.100686
114.7800,0.099429
114.8000,0.096868
114.8200,0.092767
114.8400,0.088377
114.8600,0.084164
114.8800,0.080273
114.9000,0.086468
114.9200,0.091470
114.9400,0.093807
114.9600,0.093943
114.9800,0.090391
115.0000,0.085743
115.0200,0.080354
115.0400,0.074707
115.0600,0.069350
115.0800,0.064566
115.1000,0.060546
115.1200,0.057316
115.1400,0.055229
115.1600,0.054955
115.1800,0.058331
115.2000,0.067763
115.2200,0.086959
115.2400,0.119366
115.2600,0.166539
115.2800,0.226430
115.3000,0.284800
115.3200,0.350741
115.3400,0.428645
115.3600,0.517045
115.3800,0.611769
115.4000,0.711495
115.4200,0.813984
115.4400,0.918108
115.4600,1.023191
115.4800,1.130070
115.5000,1.263872
115.5200,1.420664
115.5400,1.577481
115.5600,1.731961
115.5800,1.885612
115.6000,2.035697
115.6200,2.178360
115.6400,2.317511
115.6600,2.454062
115.6800,2.588921
115.7000,2.687458
115.7200,2.727043
115.7400,2.771262
115.7600,2.820555
115.7800,2.874922
115.8000,2.930612
115.8200,2.984802
115.8400,3.039724
115.8600,3.084806
115.8800,3.120298
115.9000,3.156122
115.9200,3.207293
115.9400,3.242360
115.9600,3.264957
115.9800,3.279086
116.0000,3.283056
116.0200,3.278505
116.0400,3.264916
116.0600,3.243543
116.0800,3.214292
116.1000,3.173563
116.1200,3.115562
116.1400,3.046340
116.1600,2.968183
116.1800,2.881817
116.2000,2.786212
116.2200,2.683052
116.2400,2.573173
116.2600,2.460233
116.2800,2.347584
116.3000,2.236329
116.3200,2.099221
116.3400,1.958137
116.3600,1.827839
116.3800,1.708592
116.4000,1.598699
116.4200,1.497788
116.4400,1.404489
116.4600,1.317620
116.4800,1.237516
116.5000,1.162575
116.5200,1.157227
116.5400,1.185307
116.5600,1.211255
116.5800,1.209708
116.6000,1.197728
116.6200,1.182730
116.6400,1.165828
116.6600,1.145587
116.6800,1.122235
116.7000,1.096408
116.7200,1.066304
116.7400,1.035209
116.7600,1.001330
116.7800,0.959328
116.8000,0.916159
116.8200,0.870912
116.8400,0.825624
116.8600,0.781190
116.8800,0.737892
116.9000,0.696036
116.9200,0.656202
116.9400,0.618044
116.9600,0.582568
116.9800,0.549089
117.0000,0.518092
117.0200,0.491372
117.0400,0.469824
117.0600,0.454599
117.0800,0.443419
117.1000,0.430063
117.1200,0.414266
117.1400,0.389665
117.1600,0.367206
117.1800,0.345690
117.2000,0.326688
117.2200,0.308410
117.2400,0.291913
117.2600,0.276881
117.2800,0.263203
117.3000,0.251950
117.3200,0.256622
117.3400,0.283720
117.3600,0.306010
117.3800,0.320703
117.4000,0.327695
117.4200,0.326390
117.4400,0.317054
117.4600,0.300757
117.4800,0.280474
117.5000,0.260835
117.5200,0.243532
117.5400,0.228291
117.5600,0.215153
117.5800,0.205156
117.6000,0.198245
117.6200,0.192517
117.6400,0.188151
117.6600,0.183753
117.6800,0.181691
117.7000,0.184462
117.7200,0.189142
117.7400,0.191083
117.7600,0.191994
117.7800,0.192993
117.8000,0.192010
117.8200,0.185557
117.8400,0.176890
117.8600,0.168609
117.8800,0.163389
117.9000,0.162269
117.9200,0.165685
117.9400,0.160449
117.9600,0.156196
117.9800,0.153706
118.0000,0.150235
118.0200,0.145458
118.0400,0.142123
118.0600,0.144282
118.0800,0.149977
118.1000,0.158797
118.1200,0.172298
118.1400,0.188159
118.1600,0.201032
118.1800,0.213566
118.2000,0.225488
118.2200,0.236757
118.2400,0.247342
118.2600,0.256823
118.2800,0.265620
118.3000,0.272733
118.3200,0.277276
118.3400,0.279161
118.3600,0.273635
118.3800,0.259804
118.4000,0.242235
118.4200,0.224698
118.4400,0.208169
118.4600,0.192993
118.4800,0.179137
118.5000,0.166450
118.5200,0.155132
118.5400,0.152981
118.5600,0.166619
118.5800,0.187040
118.6000,0.212414
118.6200,0.241220
118.6400,0.271686
118.6600,0.301998
118.6800,0.330506
118.7000,0.356001
118.7200,0.377364
118.7400,0.392911
118.7600,0.403625
118.7800,0.415015
118.8000,0.424577
118.8200,0.429724
118.8400,0.431086
118.8600,0.428806
118.8800,0.422475
118.9000,0.411543
118.9200,0.395014
118.9400,0.378718
118.9600,0.375028
118.9800,0.360851
119.0000,0.340028
119.0200,0.317698
119.0400,0.296601
119.0600,0.277542
119.0800,0.262317
119.1000,0.252151
119.1200,0.247318
119.1400,0.253255
119.1600,0.306066
119.1800,0.355889
119.2000,0.395360
119.2200,0.424287
119.2400,0.443419
119.2600,0.455091
119.2800,0.463493
119.3000,0.469615
119.3200,0.474794
119.3400,0.478725
119.3600,0.467061
119.3800,0.445521
119.4000,0.426768
119.4200,0.410375
119.4400,0.400040
119.4600,0.398059
119.4800,0.404422
119.5000,0.416465
119.5200,0.430651
119.5400,0.444313
119.5600,0.434413
119.5800,0.412711
119.6000,0.392718
119.6200,0.371790
119.6400,0.350717
119.6600,0.329789
119.6800,0.309965
119.7000,0.291897
119.7200,0.276060
119.7400,0.261890
119.7600,0.247592
119.7800,0.231876
119.8000,0.217022
119.8200,0.203102
119.8400,0.189972
119.8600,0.177260
119.8800,0.165612
119.9000,0.154327
119.9200,0.143992
119.9400,0.134857
119.9600,0.129524
119.9800,0.144539
120.0000,0.156413
120.0200,0.162535
120.0400,0.163606
120.0600,0.160304
120.0800,0.154085
120.1000,0.146311
120.1200,0.137152
120.1400,0.127784
120.1600,0.119302
120.1800,0.111480
120.2000,0.105076
120.2200,0.099896
120.2400,0.096070
120.2600,0.094975
120.2800,0.095200
120.3000,0.096280
120.3200,0.098575
120.3400,0.101669
120.3600,0.103191
120.3800,0.099478
120.4000,0.096545
120.4200,0.094910
120.4400,0.093911
120.4600,0.094926
120.4800,0.096956
120.5000,0.100372
120.5200,0.105205
120.5400,0.111859
120.5600,0.116378
120.5800,0.114767
120.6000,0.113550
120.6200,0.112986
120.6400,0.112318
120.6600,0.112205
120.6800,0.112100
120.7000,0.111794
120.7200,0.111561
120.7400,0.110892
120.7600,0.112576
120.7800,0.129001
120.8000,0.145450
120.8200,0.159474
120.8400,0.172008
120.8600,0.182706
120.8800,0.191977
120.9000,0.200790
120.9200,0.208862
120.9400,0.216401
120.9600,0.221154
120.9800,0.210586
121.0000,0.200234
121.0200,0.192686
121.0400,0.187579
121.0600,0.185823
121.0800,0.186532
121.1000,0.189513
121.1200,0.193927
121.1400,0.199525
121.1600,0.210352
121.1800,0.235541
121.2000,0.260932
121.2200,0.285823
121.2400,0.310843
121.2600,0.336161
121.2800,0.361946
121.3000,0.388972
121.3200,0.417730
121.3400,0.446568
121.3600,0.455969
121.3800,0.422281
121.4000,0.392911
121.4200,0.372853
121.4400,0.363855
121.4600,0.366095
121.4800,0.378387
121.5000,0.398929
121.5200,0.425568
121.5400,0.456186
121.5600,0.486040
121.5800,0.501305
121.6000,0.515724
121.6200,0.531923
121.6400,0.551877
121.6600,0.576244
121.6800,0.605437
121.7000,0.638174
121.7200,0.672329
121.7400,0.704720
121.7600,0.731118
121.7800,0.732986
121.8000,0.718277
121.8200,0.688738
121.8400,0.648526
121.8600,0.604229
121.8800,0.561938
121.9000,0.528218
121.9200,0.515933
121.9400,0.549073
121.9600,0.583228
121.9800,0.545062
122.0000,0.519051
122.0200,0.511366
122.0400,0.521508
122.0600,0.549114
122.0800,0.592202
122.1000,0.648324
122.1200,0.715667
122.1400,0.789979
122.1600,0.886902
122.1800,1.121605
122.2000,1.366194
122.2200,1.669596
122.2400,1.965154
122.2600,2.164310
122.2800,2.346626
122.3000,2.515937
122.3200,2.674046
122.3400,2.818549
122.3600,2.948445
122.3800,3.070006
122.4000,3.173612
122.4200,3.261041
122.4400,3.331247
122.4600,3.386944
122.4800,3.430976
122.5000,3.465689
122.5200,3.489968
122.5400,3.508909
122.5600,3.521129
122.5800,3.471337
122.6000,3.325696
122.6200,3.205561
122.6400,3.107854
122.6600,3.029325
122.6800,2.966541
122.7000,2.918222
122.7200,2.879948
122.7400,2.849482
122.7600,2.825741
122.7800,2.802953
122.8000,2.771198
122.8200,2.743067
122.8400,2.717369
122.8600,2.696296
122.8800,2.683737
122.9000,2.676921
122.9200,2.675270
122.9400,2.675302
122.9600,2.673594
122.9800,2.686340
123.0000,2.761361
123.0200,2.824454
123.0400,2.870661
123.0600,2.900700
123.0800,2.917705
123.1000,2.948430
123.1200,3.016050
123.1400,3.012086
123.1600,2.987437
123.1800,2.960063
123.2000,2.949043
123.2200,2.939802
123.2400,2.933213
123.2600,2.907185
123.2800,2.853984
123.3000,2.810008
123.3200,2.795832
123.3400,2.823905
123.3600,2.801704
123.3800,2.778988
123.4000,2.786150
123.4200,2.804556
123.4400,2.820707
123.4600,2.840766
123.4800,2.916915
123.5000,2.956139
123.5200,2.947053
123.5400,2.933577
123.5600,2.921953
123.5800,2.910623
123.6000,2.935186
123.6200,2.979501
123.6400,3.020046
123.6600,3.120823
123.6800,3.213318
123.7000,3.236221
123.7200,3.260565
123.7400,3.287092
123.7600,3.315851
123.7800,3.344998
123.8000,3.367305
123.8200,3.382126
123.8400,3.395532
123.8600,3.408324
123.8800,3.420528
123.9000,3.432273
123.9200,3.448739
123.9400,3.467897
123.9600,3.487215
123.9800,3.507540
124.0000,3.552491
124.0200,3.600000
124.0400,3.600000
124.0600,3.600000
124.0800,3.600000
124.1000,3.600000
124.1200,3.600000
124.1400,3.600000
124.1600,3.600000
124.1800,3.600000
124.2000,3.600000
124.2200,3.600000
124.2400,3.600000
124.2600,3.600000
124.2800,3.600000
124.3000,3.600000
124.3200,3.600000
124.3400,3.600000
124.3600,3.600000
124.3800,3.600000
124.4000,3.600000
124.4200,3.600000
124.4400,3.600000
124.4600,3.574862
124.4800,3.467566
124.5000,3.366788
124.5200,3.272859
124.5400,3.184761
124.5600,3.102906
124.5800,3.027924
124.6000,2.956558
124.6200,2.864747
124.6400,2.752742
124.6600,2.647333
124.6800,2.546823
124.7000,2.451709
124.7200,2.361254
124.7400,2.275638
124.7600,2.195294
124.7800,2.119007
124.8000,2.048940
124.8200,1.993791
124.8400,1.967972
124.8600,1.943944
124.8800,1.920985
124.9000,1.901200
124.9200,1.885492
124.9400,1.870807
124.9600,1.859506
124.9800,1.852729
125.0000,1.848453
125.0200,1.841928
125.0400,1.792628
125.0600,1.737238
125.0800,1.684145
125.1000,1.633604
125.1200,1.587672
125.1400,1.547611
125.1600,1.516655
125.1800,1.498288
125.2000,1.515309
125.2200,1.533466
125.2400,1.528898
125.2600,1.524378
125.2800,1.525014
125.3000,1.528688
125.3200,1.534794
125.3400,1.544236
125.3600,1.572938
125.3800,1.627473
125.4000,1.648628
125.4200,1.669274
125.4400,1.684313
125.4600,1.678900
125.4800,1.671505
125.5000,1.663562
125.5200,1.653744
125.5400,1.644334
125.5600,1.634401
125.5800,1.623446
125.6000,1.616227
125.6200,1.636746
125.6400,1.624091
125.6600,1.558815
125.6800,1.495531
125.7000,1.440254
125.7200,1.389932
125.7400,1.350502
125.7600,1.311303
125.7800,1.267096
125.8000,1.237426
125.8200,1.208636
125.8400,1.189480
125.8600,1.229170
125.8800,1.272991
125.9000,1.314768
125.9200,1.359645
125.9400,1.409540
125.9600,1.468490
125.9800,1.534658
126.0000,1.626386
126.0200,1.758062
126.0400,1.830544
126.0600,1.848323
126.0800,1.866721
126.1000,1.892323
126.1200,1.921766
126.1400,1.966966
126.1600,2.040787
126.1800,2.063118
126.2000,2.096217
126.2200,2.094453
126.2400,2.059895
126.2600,1.953199
126.2800,1.823826
126.3000,1.694205
126.3200,1.574009
126.3400,1.465277
126.3600,1.365709
126.3800,1.274451
126.4000,1.191308
126.4200,1.116909
126.4400,1.050926
126.4600,0.989174
126.4800,0.932278
126.5000,0.879080
126.5200,0.828677
126.5400,0.781827
126.5600,0.737522
126.5800,0.696149
126.6000,0.657096
126.6200,0.620460
126.6400,0.585572
126.6600,0.555469
126.6800,0.528000
126.7000,0.499992
126.7200,0.473079
126.7400,0.447148
126.7600,0.422990
126.7800,0.400129
126.8000,0.378822
126.8200,0.359135
126.8400,0.341502
126.8600,0.323466
126.8800,0.306976
126.9000,0.290849
126.9200,0.276398
126.9400,0.262092
126.9600,0.249791
126.9800,0.238119
127.0000,0.226640
127.0200,0.214653
127.0400,0.203513
127.0600,0.194483
127.0800,0.191567
127.1000,0.192984
127.1200,0.199823
127.1400,0.211109
127.1600,0.227131
127.1800,0.245916
127.2000,0.266015
127.2200,0.286524
127.2400,0.305454
127.2600,0.319172
127.2800,0.318496
127.3000,0.315475
127.3200,0.309691
127.3400,0.300983
127.3600,0.290100
127.3800,0.277566
127.4000,0.265281
127.4200,0.252385
127.4400,0.239867
127.4600,0.228275
127.4800,0.232270
127.5000,0.240986
127.5200,0.248583
127.5400,0.255808
127.5600,0.263904
127.5800,0.270993
127.6000,0.279185
127.6200,0.287869
127.6400,0.295707
127.6600,0.302779
127.6800,0.308579
127.7000,0.311544
127.7200,0.312099
127.7400,0.309296
127.7600,0.303947
127.7800,0.296093
127.8000,0.286395
127.8200,0.274819
127.8400,0.262108
127.8600,0.248913
127.8800,0.260819
127.9000,0.282705
127.9200,0.296746
127.9400,0.303915
127.9600,0.303786
127.9800,0.296915
128.0000,0.284655
128.0200,0.268778
128.0400,0.251314
128.0600,0.233801
128.0800,0.218182
128.1000,0.205140
128.1200,0.194136
128.1400,0.185130
128.1600,0.177856
128.1800,0.171831
128.2000,0.167207
128.2200,0.164364
128.2400,0.161689
128.2600,0.161415
128.2800,0.158966
128.3000,0.156920
128.3200,0.157879
128.3400,0.161351
128.3600,0.166063
128.3800,0.171267
128.4000,0.178743
128.4200,0.186347
128.4400,0.196730
128.4600,0.204979
128.4800,0.215636
128.5000,0.227542
128.5200,0.241913
128.5400,0.258370
128.5600,0.275117
128.5800,0.296295
128.6000,0.315950
128.6200,0.341623
128.6400,0.365450
128.6600,0.392460
128.6800,0.414903
128.7000,0.421331
128.7200,0.422893
128.7400,0.420259
128.7600,0.414854
128.7800,0.406533
128.8000,0.395650
128.8200,0.383011
128.8400,0.369712
128.8600,0.355478
128.8800,0.343306
128.9000,0.350250
128.9200,0.366208
128.9400,0.387917
128.9600,0.416828
128.9800,0.451482
129.0000,0.490027
129.0200,0.532294
129.0400,0.575495
129.0600,0.618704
129.0800,0.660947
129.1000,0.705872
129.1200,0.746495
129.1400,0.782834
129.1600,0.817263
129.1800,0.851079
129.2000,0.883986
129.2200,0.913895
129.2400,0.939665
129.2600,0.959852
129.2800,0.973796
129.3000,0.926897
129.3200,0.870332
129.3400,0.823908
129.3600,0.786185
129.3800,0.756154
129.4000,0.734565
129.4200,0.722764
129.4400,0.721161
129.4600,0.731126
129.4800,0.749194
129.5000,0.828210
129.5200,0.925963
129.5400,1.015248
129.5600,1.100082
129.5800,1.186427
129.6000,1.273539
129.6200,1.357759
129.6400,1.438459
129.6600,1.517355
129.6800,1.599069
129.7000,1.656886
129.7200,1.660340
129.7400,1.678498
129.7600,1.711361
129.7800,1.748879
129.8000,1.780261
129.8200,1.803235
129.8400,1.817930
129.8600,1.829843
129.8800,1.841701
129.9000,1.854196
129.9200,1.877873
129.9400,1.914766
129.9600,1.964744
129.9800,2.019785
130.0000,2.064583
130.0200,2.085842
130.0400,2.078035
130.0600,2.053313
130.0800,2.032144
130.1000,2.043413
130.1200,2.120264
130.1400,2.185988
130.1600,2.240719
130.1800,2.289180
130.2000,2.337087
130.2200,2.389965
130.2400,2.449921
130.2600,2.514979
130.2800,2.584161
130.3000,2.657291
130.3200,2.746901
130.3400,2.831397
130.3600,2.908700
130.3800,2.979550
130.4000,3.041207
130.4200,3.092636
130.4400,3.135799
130.4600,3.169576
130.4800,3.196014
130.5000,3.214987
130.5200,3.228769
130.5400,3.241811
130.5600,3.253428
130.5800,3.262651
130.6000,3.270450
130.6200,3.275816
130.6400,3.279577
130.6600,3.280697
130.6800,3.279658
130.7000,3.276838
130.7200,3.244800
130.7400,3.186694
130.7600,3.140824
130.7800,3.104389
130.8000,3.073986
130.8200,3.048651
130.8400,3.030896
130.8600,3.017403
130.8800,3.008268
130.9000,3.003918
130.9200,2.939723
130.9400,2.835964
130.9600,2.765686
130.9800,2.705228
131.0000,2.618776
131.0200,2.540773
131.0400,2.494527
131.0600,2.427833
131.0800,2.354881
131.1000,2.287723
131.1200,2.284412
131.1400,2.397794
131.1600,2.494672
131.1800,2.579778
131.2000,0.039449
131.2200,0.036331
131.2400,0.034140
131.2600,0.032537
131.2800,0.030314
131.3000,0.028260
131.3200,0.026899
131.3400,0.025207
131.3600,0.024554
131.3800,0.026729
131.4000,0.029492
131.4200,0.031732
131.4400,0.034422
131.4600,0.037185
131.4800,0.040746
131.5000,0.045249
131.5200,0.051822
131.5400,0.056711
131.5600,0.061174
131.5800,0.074780
131.6000,0.091189
131.6200,0.106276
131.6400,0.119592
131.6600,0.131699
131.6800,0.143234
131.7000,0.156550
131.7200,0.170316
131.7400,0.177518
131.7600,0.183342
131.7800,0.182802
131.8000,0.179024
131.8200,0.176688
131.8400,0.173958
131.8600,0.171283
131.8800,0.167449
131.9000,0.163486
131.9200,0.159321
131.9400,0.154713
131.9600,0.149816
131.9800,0.147520
132.0000,0.149654
132.0200,0.150984
132.0400,0.150597
132.0600,0.149187
132.0800,0.146489
132.1000,0.143355
132.1200,0.139416
132.1400,0.135888
132.1600,0.133068
132.1800,0.130104
132.2000,0.123297
132.2200,0.117215
132.2400,0.111399
132.2600,0.105608
132.2800,0.100347
132.3000,0.095901
132.3200,0.093315
132.3400,0.094491
132.3600,0.101395
132.3800,0.114710
132.4000,0.129564
132.4200,0.144676
132.4400,0.157227
132.4600,0.167231
132.4800,0.177075
132.5000,0.189996
132.5200,0.206662
132.5400,0.226970
132.5600,0.249227
132.5800,0.269180
132.6000,0.287321
132.6200,0.301370
132.6400,0.308281
132.6600,0.309030
132.6800,0.306783
132.7000,0.305873
132.7200,0.307830
132.7400,0.312341
132.7600,0.316498
132.7800,0.316957
132.8000,0.312220
132.8200,0.305204
132.8400,0.297382
132.8600,0.291220
132.8800,0.287257
132.9000,0.284703
132.9200,0.283317
132.9400,0.282867
132.9600,0.281151
132.9800,0.277059
133.0000,0.271396
133.0200,0.264548
133.0400,0.254906
133.0600,0.242396
133.0800,0.230112
133.1000,0.218907
133.1200,0.211979
133.1400,0.207436
133.1600,0.204753
133.1800,0.204222
133.2000,0.200814
133.2200,0.196956
133.2400,0.195135
133.2600,0.197793
133.2800,0.203899
133.3000,0.211101
133.3200,0.217561
133.3400,0.223208
133.3600,0.228694
133.3800,0.235638
133.4000,0.239230
133.4200,0.233390
133.4400,0.227598
133.4600,0.222064
133.4800,0.216812
133.5000,0.212261
133.5200,0.206920
133.5400,0.201177
133.5600,0.194314
133.5800,0.185058
133.6000,0.174240
133.6200,0.163703
133.6400,0.153054
133.6600,0.142324
133.6800,0.132585
133.7000,0.123635
133.7200,0.115943
133.7400,0.109579
133.7600,0.104826
133.7800,0.101991
133.8000,0.112406
133.8200,0.171130
133.8400,0.227284
133.8600,0.276841
133.8800,0.320300
133.9000,0.358692
133.9200,0.392686
133.9400,0.422934
133.9600,0.449226
133.9800,0.471685
134.0000,0.490148
134.0200,0.513178
134.0400,0.534775
134.0600,0.553874
134.0800,0.571185
134.1000,0.586958
134.1200,0.600870
134.1400,0.613726
134.1600,0.625213
134.1800,0.635307
134.2000,0.644111
134.2200,0.642556
134.2400,0.633268
134.2600,0.624955
134.2800,0.616602
134.3000,0.608297
134.3200,0.599484
134.3400,0.590808
134.3600,0.581641
134.3800,0.572603
134.4000,0.562534
134.4200,0.554253
134.4400,0.549661
134.4600,0.542548
134.4800,0.532616
134.5000,0.520751
134.5200,0.506460
134.5400,0.490784
134.5600,0.473860
134.5800,0.456621
134.6000,0.439649
134.6200,0.431569
134.6400,0.439431
134.6600,0.445803
134.6800,0.451699
134.7000,0.456621
134.7200,0.460311
134.7400,0.463839
134.7600,0.467117
134.7800,0.471113
134.8000,0.476067
134.8200,0.468479
134.8400,0.439423
134.8600,0.411849
134.8800,0.386427
134.9000,0.361471
134.9200,0.338143
134.9400,0.316321
134.9600,0.295183
134.9800,0.275125
135.0000,0.256968
135.0200,0.240068
135.0400,0.225915
135.0600,0.213260
135.0800,0.202353
135.1000,0.192646
135.1200,0.183987
135.1400,0.176455
135.1600,0.170309
135.1800,0.165346
135.2000,0.161705
135.2200,0.162994
135.2400,0.177558
135.2600,0.187861
135.2800,0.192839
135.3000,0.193468
135.3200,0.190374
135.3400,0.184671
135.3600,0.176970
135.3800,0.168560
135.4000,0.160223
135.4200,0.153070
135.4400,0.148655
135.4600,0.142574
135.4800,0.133882
135.5000,0.124328
135.5200,0.115717
135.5400,0.107630
135.5600,0.100758
135.5800,0.097576
135.6000,0.102208
135.6200,0.119302
135.6400,0.164686
135.6600,0.232504
135.6800,0.302804
135.7000,0.375439
135.7200,0.448663
135.7400,0.521057
135.7600,0.591638
135.7800,0.658256
135.8000,0.718688
135.8200,0.775809
135.8400,0.852030
135.8600,0.935516
135.8800,0.983961
135.9000,1.017536
135.9200,1.037789
135.9400,1.044241
135.9600,1.039849
135.9800,1.026680
136.0000,1.016248
136.0200,0.995956
136.0400,0.979773
136.0600,1.051853
136.0800,1.107822
136.1000,1.152208
136.1200,1.220211
136.1400,1.279677
136.1600,1.350736
136.1800,1.421534
136.2000,1.512126
136.2200,1.611983
136.2400,1.720321
136.2600,1.823020
136.2800,1.956776
136.3000,2.072124
136.3200,2.205080
136.3400,2.310618
136.3600,2.426181
136.3800,2.512725
136.4000,2.603607
136.4200,2.653852
136.4400,2.675391
136.4600,2.688950
136.4800,2.664935
136.5000,2.659611
136.5200,2.669415
136.5400,2.688844
136.5600,2.708814
136.5800,2.723749
136.6000,2.729807
136.6200,2.721719
136.6400,2.695878
136.6600,2.659046
136.6800,2.665877
136.7000,2.665331
136.7200,2.643838
136.7400,2.604897
136.7600,2.552599
136.7800,2.488009
136.8000,2.418683
136.8200,2.368207
136.8400,2.302955
136.8600,2.231632
136.8800,2.324431
136.9000,2.445959
136.9200,2.556489
136.9400,2.659385
136.9600,2.752089
136.9800,2.833291
137.0000,2.905349
137.0200,2.970318
137.0400,3.028247
137.0600,3.075734
137.0800,2.987363
137.1000,2.799859
137.1200,2.644168
137.1400,2.510244
137.1600,2.391181
137.1800,2.287465
137.2000,2.192812
137.2200,2.085607
137.2400,1.985260
137.2600,1.895215
137.2800,1.825810
137.3000,1.838874
137.3200,1.837344
137.3400,1.818858
137.3600,1.789373
137.3800,1.751045
137.4000,1.702913
137.4200,1.644228
137.4400,1.574870
137.4600,1.497924
137.4800,1.418828
137.5000,1.354513
137.5200,1.293789
137.5400,1.233770
137.5600,1.176721
137.5800,1.124143
137.6000,1.075811
137.6200,1.032392
137.6400,0.992775
137.6600,0.956565
137.6800,0.922281
137.7000,0.976688
137.7200,1.081546
137.7400,1.175102
137.7600,1.258234
137.7800,1.330733
137.8000,1.395016
137.8200,1.451816
137.8400,1.500349
137.8600,1.541763
137.8800,1.574129
137.9000,1.588245
137.9200,1.586527
137.9400,1.617693
137.9600,1.626371
137.9800,1.629866
138.0000,1.651188
138.0200,1.702728
138.0400,1.720151
138.0600,1.725298
138.0800,1.730430
138.1000,1.721634
138.1200,1.662733
138.1400,1.627143
138.1600,1.590627
138.1800,1.551019
138.2000,1.518312
138.2200,1.499253
138.2400,1.499513
138.2600,1.478463
138.2800,1.454249
138.3000,1.416113
138.3200,1.320616
138.3400,1.230048
138.3600,1.147246
138.3800,1.071210
138.4000,1.001409
138.4200,0.936717
138.4400,0.878282
138.4600,0.825076
138.4800,0.777888
138.5000,0.735403
138.5200,0.692790
138.5400,0.652368
138.5600,0.614644
138.5800,0.581182
138.6000,0.555961
138.6200,0.540591
138.6400,0.536467
138.6600,0.542548
138.6800,0.560029
138.7000,0.585258
138.7200,0.601071
138.7400,0.608853
138.7600,0.611946
138.7800,0.610866
138.8000,0.607539
138.8200,0.602416
138.8400,0.598348
138.8600,0.595754
138.8800,0.600209
138.9000,0.614644
138.9200,0.618994
138.9400,0.620058
138.9600,0.627847
138.9800,0.642444
139.0000,0.659948
139.0200,0.678709
139.0400,0.694562
139.0600,0.705477
139.0800,0.709819
139.1000,0.708184
139.1200,0.713501
139.1400,0.707789
139.1600,0.689012
139.1800,0.658788
139.2000,0.619059
139.2200,0.575519
139.2400,0.535556
139.2600,0.501208
139.2800,0.470501
139.3000,0.446157
139.3200,0.438336
139.3400,0.439770
139.3600,0.447503
139.3800,0.458764
139.4000,0.471274
139.4200,0.481923
139.4400,0.489971
139.4600,0.493660
139.4800,0.493579
139.5000,0.486555
139.5200,0.466973
139.5400,0.447873
139.5600,0.430933
139.5800,0.415249
139.6000,0.400951
139.6200,0.386378
139.6400,0.371935
139.6600,0.356501
139.6800,0.340696
139.7000,0.324577
139.7200,0.305744
139.7400,0.287676
139.7600,0.271154
139.7800,0.255180
139.8000,0.240471
139.8200,0.226567
139.8400,0.214073
139.8600,0.203247
139.8800,0.196722
139.9000,0.193710
139.9200,0.195530
139.9400,0.199292
139.9600,0.204125
139.9800,0.209554
140.0000,0.214718
140.0200,0.220212
140.0400,0.224545
140.0600,0.228541
140.0800,0.230772
140.1000,0.233704
140.1200,0.229185
140.1400,0.216901
140.1600,0.202449
140.1800,0.188506
140.2000,0.176076
140.2200,0.164928
140.2400,0.154730
140.2600,0.145240
140.2800,0.136709
140.3000,0.128936
140.3200,0.125843
140.3400,0.131377
140.3600,0.135896
140.3800,0.141583
140.4000,0.146150
140.4200,0.151040
140.4400,0.154576
140.4600,0.158000
140.4800,0.161431
140.5000,0.164573
140.5200,0.161141
140.5400,0.149236
140.5600,0.138023
140.5800,0.128275
140.6000,0.119495
140.6200,0.112157
140.6400,0.104955
140.6600,0.098889
140.6800,0.093484
140.7000,0.088869
140.7200,0.084293
140.7400,0.079452
140.7600,0.075924
140.7800,0.073169
140.8000,0.071324
140.8200,0.072605
140.8400,0.076141
140.8600,0.079049
140.8800,0.082722
140.9000,0.087241
140.9200,0.091962
140.9400,0.096819
140.9600,0.099767
140.9800,0.100903
141.0000,0.100686
141.0200,0.099429
141.0400,0.096868
141.0600,0.092767
141.0800,0.088377
141.1000,0.084164
141.1200,0.080273
141.1400,0.086468
141.1600,0.091470
141.1800,0.093807
141.2000,0.093943
141.2200,0.090391
141.2400,0.085743
141.2600,0.080354
141.2800,0.074707
141.3000,0.069350
141.3200,0.064566
141.3400,0.060546
141.3600,0.057316
141.3800,0.055229
141.4000,0.054955
141.4200,0.058331
141.4400,0.067763
141.4600,0.086959
141.4800,0.119366
141.5000,0.166539
141.5200,0.226430
141.5400,0.284800
141.5600,0.350741
141.5800,0.428645
141.6000,0.517045
141.6200,0.611769
141.6400,0.711495
141.6600,0.813984
141.6800,0.918108
141.7000,1.023191
141.7200,1.130070
141.7400,1.263872
141.7600,1.420664
141.7800,1.577481
141.8000,1.731961
141.8200,1.885612
141.8400,2.035697
141.8600,2.178360
141.8800,2.317511
141.9000,2.454062
141.9200,2.588921
141.9400,2.687458
141.9600,2.727043
141.9800,2.771262
142.0000,2.820555
142.0200,2.874922
142.0400,2.930612
142.0600,2.984802
142.0800,3.039724
142.1000,3.084806
142.1200,3.120298
142.1400,3.156122
142.1600,3.207293
142.1800,3.242360
142.2000,3.264957
142.2200,3.279086
142.2400,3.283056
142.2600,3.278505
142.2800,3.264916
142.3000,3.243543
142.3200,3.214292
142.3400,3.173563
142.3600,3.115562
142.3800,3.046340
142.4000,2.968183
142.4200,2.881817
142.4400,2.786212
142.4600,2.683052
142.4800,2.573173
142.5000,2.460233
142.5200,2.347584
142.5400,2.236329
142.5600,2.099221
142.5800,1.958137
142.6000,1.827839
142.6200,1.708592
142.6400,1.598699
142.6600,1.497788
142.6800,1.404489
142.7000,1.317620
142.7200,1.237516
142.7400,1.162575
142.7600,1.157227
142.7800,1.185307
142.8000,1.211255
142.8200,1.209708
142.8400,1.197728
142.8600,1.182730
142.8800,1.165828
142.9000,1.145587
142.9200,1.122235
142.9400,1.096408
142.9600,1.066304
142.9800,1.035209
143.0000,1.001330
143.0200,0.959328
143.0400,0.916159
143.0600,0.870912
143.0800,0.825624
143.1000,0.781190
143.1200,0.737892
143.1400,0.696036
143.1600,0.656202
143.1800,0.618044
143.2000,0.582568
143.2200,0.549089
143.2400,0.518092
143.2600,0.491372
143.2800,0.469824
143.3000,0.454599
143.3200,0.443419
143.3400,0.430063
143.3600,0.414266
143.3800,0.389665
143.4000,0.367206
143.4200,0.345690
143.4400,0.326688
143.4600,0.308410
143.4800,0.291913
143.5000,0.276881
143.5200,0.263203
143.5400,0.251950
143.5600,0.256622
143.5800,0.283720
143.6000,0.306010
143.6200,0.320703
143.6400,0.327695
143.6600,0.326390
143.6800,0.317054
143.7000,0.300757
143.7200,0.280474
143.7400,0.260835
143.7600,0.243532
143.7800,0.228291
143.8000,0.215153
143.8200,0.205156
143.8400,0.198245
143.8600,0.192517
143.8800,0.188151
143.9000,0.183753
143.9200,0.181691
143.9400,0.184462
143.9600,0.189142
143.9800,0.191083
144.0000,0.191994
144.0200,0.192993
144.0400,0.192010
144.0600,0.185557
144.0800,0.176890
144.1000,0.168609
144.1200,0.163389
144.1400,0.162269
144.1600,0.165685
144.1800,0.160449
144.2000,0.156196
144.2200,0.153706
144.2400,0.150235
144.2600,0.145458
144.2800,0.142123
144.3000,0.144282
144.3200,0.149977
144.3400,0.158797
144.3600,0.172298
144.3800,0.188159
144.4000,0.201032
144.4200,0.213566
144.4400,0.225488
144.4600,0.236757
144.4800,0.247342
144.5000,0.256823
144.5200,0.265620
144.5400,0.272733
144.5600,0.277276
144.5800,0.279161
144.6000,0.273635
144.6200,0.259804
144.6400,0.242235
144.6600,0.224698
144.6800,0.208169
144.7000,0.192993
144.7200,0.179137
144.7400,0.166450
144.7600,0.155132
144.7800,0.152981
144.8000,0.166619
144.8200,0.187040
144.8400,0.212414
144.8600,0.241220
144.8800,0.271686
144.9000,0.301998
144.9200,0.330506
144.9400,0.356001
144.9600,0.377364
144.9800,0.392911
145.0000,0.403625
145.0200,0.415015
145.0400,0.424577
145.0600,0.429724
145.0800,0.431086
145.1000,0.428806
145.1200,0.422475
145.1400,0.411543
145.1600,0.395014
145.1800,0.378718
145.2000,0.375028
145.2200,0.360851
145.2400,0.340028
145.2600,0.317698
145.2800,0.296601
145.3000,0.277542
145.3200,0.262317
145.3400,0.252151
145.3600,0.247318
145.3800,0.253255
145.4000,0.306066
145.4200,0.355889
145.4400,0.395360
145.4600,0.424287
145.4800,0.443419
145.5000,0.455091
145.5200,0.463493
145.5400,0.469615
145.5600,0.474794
145.5800,0.478725
145.6000,0.467061
145.6200,0.445521
145.6400,0.426768
145.6600,0.410375
145.6800,0.400040
145.7000,0.398059
145.7200,0.404422
145.7400,0.416465
145.7600,0.430651
145.7800,0.444313
145.8000,0.434413
145.8200,0.412711
145.8400,0.392718
145.8600,0.371790
145.8800,0.350717
145.9000,0.329789
145.9200,0.309965
145.9400,0.291897
145.9600,0.276060
145.9800,0.261890
146.0000,0.247592
146.0200,0.231876
146.0400,0.217022
146.0600,0.203102
146.0800,0.189972
146.1000,0.177260
146.1200,0.165612
146.1400,0.154327
146.1600,0.143992
146.1800,0.134857
146.2000,0.129524
146.2200,0.144539
146.2400,0.156413
146.2600,0.162535
146.2800,0.163606
146.3000,0.160304
146.3200,0.154085
146.3400,0.146311
146.3600,0.137152
146.3800,0.127784
146.4000,0.119302
146.4200,0.111480
146.4400,0.105076
146.4600,0.099896
146.4800,0.096070
146.5000,0.094975
146.5200,0.095200
146.5400,0.096280
146.5600,0.098575
146.5800,0.101669
146.6000,0.103191
146.6200,0.099478
146.6400,0.096545
146.6600,0.094910
146.6800,0.093911
146.7000,0.094926
146.7200,0.096956
146.7400,0.100372
146.7600,0.105205
146.7800,0.111859
146.8000,0.116378
146.8200,0.114767
146.8400,0.113550
146.8600,0.112986
146.8800,0.112318
146.9000,0.112205
146.9200,0.112100
146.9400,0.111794
146.9600,0.111561
146.9800,0.110892
147.0000,0.112576
147.0200,0.129001
147.0400,0.145450
147.0600,0.159474
147.0800,0.172008
147.1000,0.182706
147.1200,0.191977
147.1400,0.200790
147.1600,0.208862
147.1800,0.216401
147.2000,0.221154
147.2200,0.210586
147.2400,0.200234
147.2600,0.192686
147.2800,0.187579
147.3000,0.185823
147.3200,0.186532
147.3400,0.189513
147.3600,0.193927
147.3800,0.199525
147.4000,0.210352
147.4200,0.235541
147.4400,0.260932
147.4600,0.285823
147.4800,0.310843
147.5000,0.336161
147.5200,0.361946
147.5400,0.388972
147.5600,0.417730
147.5800,0.446568
147.6000,0.455969
147.6200,0.422281
147.6400,0.392911
147.6600,0.372853
147.6800,0.363855
147.7000,0.366095
147.7200,0.378387
147.7400,0.398929
147.7600,0.425568
147.7800,0.456186
147.8000,0.486040
147.8200,0.501305
147.8400,0.515724
147.8600,0.531923
147.8800,0.551877
147.9000,0.576244
147.9200,0.605437
147.9400,0.638174
147.9600,0.672329
147.9800,0.704720
148.0000,0.731118
148.0200,0.732986
148.0400,0.718277
148.0600,0.688738
148.0800,0.648526
148.1000,0.604229
148.1200,0.561938
148.1400,0.528218
148.1600,0.515933
148.1800,0.549073
148.2000,0.583228
148.2200,0.545062
148.2400,0.519051
148.2600,0.511366
148.2800,0.521508
148.3000,0.549114
148.3200,0.592202
148.3400,0.648324
148.3600,0.715667
148.3800,0.789979
148.4000,0.886902
148.4200,1.121605
148.4400,1.366194
148.4600,1.669596
148.4800,1.965154
148.5000,2.164310
148.5200,2.346626
148.5400,2.515937
148.5600,2.674046
148.5800,2.818549
148.6000,2.948445
148.6200,3.070006
148.6400,3.173612
148.6600,3.261041
148.6800,3.331247
148.7000,3.386944
148.7200,3.430976
148.7400,3.465689
148.7600,3.489968
148.7800,3.508909
148.8000,3.521129
148.8200,3.471337
148.8400,3.325696
148.8600,3.205561
148.8800,3.107854
148.9000,3.029325
148.9200,2.966541
148.9400,2.918222
148.9600,2.879948
148.9800,2.849482
149.0000,2.825741
149.0200,2.802953
149.0400,2.771198
149.0600,2.743067
149.0800,2.717369
149.1000,2.696296
149.1200,2.683737
149.1400,2.676921
149.1600,2.675270
149.1800,2.675302
149.2000,2.673594
149.2200,2.686340
149.2400,2.761361
149.2600,2.824454
149.2800,2.870661
149.3000,2.900700
149.3200,2.917705
149.3400,2.948430
149.3600,3.016050
149.3800,3.012086
149.4000,2.987437
149.4200,2.960063
149.4400,2.949043
149.4600,2.939802
149.4800,2.933213
149.5000,2.907185
149.5200,2.853984
149.5400,2.810008
149.5600,2.795832
149.5800,2.823905
149.6000,2.801704
149.6200,2.778988
149.6400,2.786150
149.6600,2.804556
149.6800,2.820707
149.7000,2.840766
149.7200,2.916915
149.7400,2.956139
149.7600,2.947053
149.7800,2.933577
149.8000,2.921953
149.8200,2.910623
149.8400,2.935186
149.8600,2.979501
149.8800,3.020046
149.9000,3.120823
149.9200,3.213318
149.9400,3.236221
149.9600,3.260565
149.9800,3.287092
150.0000,3.315851
150.0200,3.344998
150.0400,3.367305
150.0600,3.382126
150.0800,3.395532
150.1000,3.408324
150.1200,3.420528
150.1400,3.432273
150.1600,3.448739
150.1800,3.467897
150.2000,3.487215
150.2200,3.507540
150.2400,3.552491
150.2600,3.600000
150.2800,3.600000
150.3000,3.600000
150.3200,3.600000
150.3400,3.600000
150.3600,3.600000
150.3800,3.600000
150.4000,3.600000
150.4200,3.600000
150.4400,3.600000
150.4600,3.600000
150.4800,3.600000
150.5000,3.600000
150.5200,3.600000
150.5400,3.600000
150.5600,3.600000
150.5800,3.600000
150.6000,3.600000
150.6200,3.600000
150.6400,3.600000
150.6600,3.600000
150.6800,3.600000
150.7000,3.574862
150.7200,3.467566
150.7400,3.366788
150.7600,3.272859
150.7800,3.184761
150.8000,3.102906
150.8200,3.027924
150.8400,2.956558
150.8600,2.864747
150.8800,2.752742
150.9000,2.647333
150.9200,2.546823
150.9400,2.451709
150.9600,2.361254
150.9800,2.275638
151.0000,2.195294
151.0200,2.119007
151.0400,2.048940
151.0600,1.993791
151.0800,1.967972
151.1000,1.943944
151.1200,1.920985
151.1400,1.901200
151.1600,1.885492
151.1800,1.870807
151.2000,1.859506
151.2200,1.852729
151.2400,1.848453
151.2600,1.841928
151.2800,1.792628
151.3000,1.737238
151.3200,1.684145
151.3400,1.633604
151.3600,1.587672
151.3800,1.547611
151.4000,1.516655
151.4200,1.498288
151.4400,1.515309
151.4600,1.533466
151.4800,1.528898
151.5000,1.524378
151.5200,1.525014
151.5400,1.528688
151.5600,1.534794
151.5800,1.544236
151.6000,1.572938
151.6200,1.627473
151.6400,1.648628
151.6600,1.669274
151.6800,1.684313
151.7000,1.678900
151.7200,1.671505
151.7400,1.663562
151.7600,1.653744
151.7800,1.644334
151.8000,1.634401
151.8200,1.623446
151.8400,1.616227
151.8600,1.636746
151.8800,1.624091
151.9000,1.558815
151.9200,1.495531
151.9400,1.440254
151.9600,1.389932
151.9800,1.350502
152.0000,1.311303
152.0200,1.267096
152.0400,1.237426
152.0600,1.208636
152.0800,1.189480
152.1000,1.229170
152.1200,1.272991
152.1400,1.314768
152.1600,1.359645
152.1800,1.409540
152.2000,1.468490
152.2200,1.534658
152.2400,1.626386
152.2600,1.758062
152.2800,1.830544
152.3000,1.848323
152.3200,1.866721
152.3400,1.892323
152.3600,1.921766
152.3800,1.966966
152.4000,2.040787
152.4200,2.063118
152.4400,2.096217
152.4600,2.094453
152.4800,2.059895
152.5000,1.953199
152.5200,1.823826
152.5400,1.694205
152.5600,1.574009
152.5800,1.465277
152.6000,1.365709
152.6200,1.274451
152.6400,1.191308
152.6600,1.116909
152.6800,1.050926
152.7000,0.989174
152.7200,0.932278
152.7400,0.879080
152.7600,0.828677
152.7800,0.781827
152.8000,0.737522
152.8200,0.696149
152.8400,0.657096
152.8600,0.620460
152.8800,0.585572
152.9000,0.555469
152.9200,0.528000
152.9400,0.499992
152.9600,0.473079
152.9800,0.447148
153.0000,0.422990
153.0200,0.400129
153.0400,0.378822
153.0600,0.359135
153.0800,0.341502
153.1000,0.323466
153.1200,0.306976
153.1400,0.290849
153.1600,0.276398
153.1800,0.262092
153.2000,0.249791
153.2200,0.238119
153.2400,0.226640
153.2600,0.214653
153.2800,0.203513
153.3000,0.194483
153.3200,0.191567
153.3400,0.192984
153.3600,0.199823
153.3800,0.211109
153.4000,0.227131
153.4200,0.245916
153.4400,0.266015
153.4600,0.286524
153.4800,0.305454
153.5000,0.319172
153.5200,0.318496
153.5400,0.315475
153.5600,0.309691
153.5800,0.300983
153.6000,0.290100
153.6200,0.277566
153.6400,0.265281
153.6600,0.252385
153.6800,0.239867
153.7000,0.228275
153.7200,0.232270
153.7400,0.240986
153.7600,0.248583
153.7800,0.255808
153.8000,0.263904
153.8200,0.270993
153.8400,0.279185
153.8600,0.287869
153.8800,0.295707
153.9000,0.302779
153.9200,0.308579
153.9400,0.311544
153.9600,0.312099
153.9800,0.309296
154.0000,0.303947
154.0200,0.296093
154.0400,0.286395
154.0600,0.274819
154.0800,0.262108
154.1000,0.248913
154.1200,0.260819
154.1400,0.282705
154.1600,0.296746
154.1800,0.303915
154.2000,0.303786
154.2200,0.296915
154.2400,0.284655
154.2600,0.268778
154.2800,0.251314
154.3000,0.233801
154.3200,0.218182
154.3400,0.205140
154.3600,0.194136
154.3800,0.185130
154.4000,0.177856
154.4200,0.171831
154.4400,0.167207
154.4600,0.164364
154.4800,0.161689
154.5000,0.161415
154.5200,0.158966
154.5400,0.156920
154.5600,0.157879
154.5800,0.161351
154.6000,0.166063
154.6200,0.171267
154.6400,0.178743
154.6600,0.186347
154.6800,0.196730
154.7000,0.204979
154.7200,0.215636
154.7400,0.227542
154.7600,0.241913
154.7800,0.258370
154.8000,0.275117
154.8200,0.296295
154.8400,0.315950
154.8600,0.341623
154.8800,0.365450
154.9000,0.392460
154.9200,0.414903
154.9400,0.421331
154.9600,0.422893
154.9800,0.420259
155.0000,0.414854
155.0200,0.406533
155.0400,0.395650
155.0600,0.383011
155.0800,0.369712
155.1000,0.355478
155.1200,0.343306
155.1400,0.350250
155.1600,0.366208
155.1800,0.387917
155.2000,0.416828
155.2200,0.451482
155.2400,0.490027
155.2600,0.532294
155.2800,0.575495
155.3000,0.618704
155.3200,0.660947
155.3400,0.705872
155.3600,0.746495
155.3800,0.782834
155.4000,0.817263
155.4200,0.851079
155.4400,0.883986
155.4600,0.913895
155.4800,0.939665
155.5000,0.959852
155.5200,0.973796
155.5400,0.926897
155.5600,0.870332
155.5800,0.823908
155.6000,0.786185
155.6200,0.756154
155.6400,0.734565
155.6600,0.722764
155.6800,0.721161
155.7000,0.731126
155.7200,0.749194
155.7400,0.828210
155.7600,0.925963
155.7800,1.015248
155.8000,1.100082
155.8200,1.186427
155.8400,1.273539
155.8600,1.357759
155.8800,1.438459
155.9000,1.517355
155.9200,1.599069
155.9400,1.656886
155.9600,1.660340
155.9800,1.678498
156.0000,1.711361
156.0200,1.748879
156.0400,1.780261
156.0600,1.803235
156.0800,1.817930
156.1000,1.829843
156.1200,1.841701
156.1400,1.854196
156.1600,1.877873
156.1800,1.914766
156.2000,1.964744
156.2200,2.019785
156.2400,2.064583
156.2600,2.085842
156.2800,2.078035
156.3000,2.053313
156.3200,2.032144
156.3400,2.043413
156.3600,2.120264
156.3800,2.185988
156.4000,2.240719
156.4200,2.289180
156.4400,2.337087
156.4600,2.389965
156.4800,2.449921
156.5000,2.514979
156.5200,2.584161
156.5400,2.657291
156.5600,2.746901
156.5800,2.831397
156.6000,2.908700
156.6200,2.979550
156.6400,3.041207
156.6600,3.092636
156.6800,3.135799
156.7000,3.169576
156.7200,3.196014
156.7400,3.214987
156.7600,3.228769
156.7800,3.241811
156.8000,3.253428
156.8200,3.262651
156.8400,3.270450
156.8600,3.275816
156.8800,3.279577
156.9000,3.280697
156.9200,3.279658
156.9400,3.276838
156.9600,3.244800
156.9800,3.186694
157.0000,3.140824
157.0200,3.104389
157.0400,3.073986
157.0600,3.048651
157.0800,3.030896
157.1000,3.017403
157.1200,3.008268
157.1400,3.003918
157.1600,2.939723
157.1800,2.835964
157.2000,2.765686
157.2200,2.705228
157.2400,2.618776
157.2600,2.540773
157.2800,2.494527
157.3000,2.427833
157.3200,2.354881
157.3400,2.287723
157.3600,2.284412
157.3800,2.397794
157.4000,2.494672
157.4200,2.579778
157.4400,0.039449
157.4600,0.036331
157.4800,0.034140
157.5000,0.032537
157.5200,0.030314
157.5400,0.028260
157.5600,0.026899
157.5800,0.025207
157.6000,0.024554
157.6200,0.026729
157.6400,0.029492
157.6600,0.031732
157.6800,0.034422
157.7000,0.037185
157.7200,0.040746
157.7400,0.045249
157.7600,0.051822
157.7800,0.056711
157.8000,0.061174
157.8200,0.074780
157.8400,0.091189
157.8600,0.106276
157.8800,0.119592
157.9000,0.131699
157.9200,0.143234
157.9400,0.156550
157.9600,0.170316
157.9800,0.177518
158.0000,0.183342
158.0200,0.182802
158.0400,0.179024
158.0600,0.176688
158.0800,0.173958
158.1000,0.171283
158.1200,0.167449
158.1400,0.163486
158.1600,0.159321
158.1800,0.154713
158.2000,0.149816
158.2200,0.147520
158.2400,0.149654
158.2600,0.150984
158.2800,0.150597
158.3000,0.149187
158.3200,0.146489
158.3400,0.143355
158.3600,0.139416
158.3800,0.135888
158.4000,0.133068
158.4200,0.130104
158.4400,0.123297
158.4600,0.117215
158.4800,0.111399
158.5000,0.105608
158.5200,0.100347
158.5400,0.095901
158.5600,0.093315
158.5800,0.094491
158.6000,0.101395
158.6200,0.114710
158.6400,0.129564
158.6600,0.144676
158.6800,0.157227
158.7000,0.167231
158.7200,0.177075
158.7400,0.189996
158.7600,0.206662
158.7800,0.226970
158.8000,0.249227
158.8200,0.269180
158.8400,0.287321
158.8600,0.301370
158.8800,0.308281
158.9000,0.309030
158.9200,0.306783
158.9400,0.305873
158.9600,0.307830
158.9800,0.312341
159.0000,0.316498
159.0200,0.316957
159.0400,0.312220
159.0600,0.305204
159.0800,0.297382
159.1000,0.291220
159.1200,0.287257
159.1400,0.284703
159.1600,0.283317
159.1800,0.282867
159.2000,0.281151
159.2200,0.277059
159.2400,0.271396
159.2600,0.264548
159.2800,0.254906
159.3000,0.242396
159.3200,0.230112
159.3400,0.218907
159.3600,0.211979
159.3800,0.207436
159.4000,0.204753
159.4200,0.204222
159.4400,0.200814
159.4600,0.196956
159.4800,0.195135
159.5000,0.197793
159.5200,0.203899
159.5400,0.211101
159.5600,0.217561
159.5800,0.223208
159.6000,0.228694
159.6200,0.235638
159.6400,0.239230
159.6600,0.233390
159.6800,0.227598
159.7000,0.222064
159.7200,0.216812
159.7400,0.212261
159.7600,0.206920
159.7800,0.201177
159.8000,0.194314
159.8200,0.185058
159.8400,0.174240
159.8600,0.163703
159.8800,0.153054
159.9000,0.142324
159.9200,0.132585
159.9400,0.123635
159.9600,0.115943
159.9800,0.109579
160.0000,0.104826
160.0200,0.101991
160.0400,0.112406
160.0600,0.171130
160.0800,0.227284
160.1000,0.276841
160.1200,0.320300
160.1400,0.358692
160.1600,0.392686
160.1800,0.422934
160.2000,0.449226
160.2200,0.471685
160.2400,0.490148
160.2600,0.513178
160.2800,0.534775
160.3000,0.553874
160.3200,0.571185
160.3400,0.586958
160.3600,0.600870
160.3800,0.613726
160.4000,0.625213
160.4200,0.635307
160.4400,0.644111
160.4600,0.642556
160.4800,0.633268
160.5000,0.624955
160.5200,0.616602
160.5400,0.608297
160.5600,0.599484
160.5800,0.590808
160.6000,0.581641
160.6200,0.572603
160.6400,0.562534
160.6600,0.554253
160.6800,0.549661
160.7000,0.542548
160.7200,0.532616
160.7400,0.520751
160.7600,0.506460
160.7800,0.490784
160.8000,0.473860
160.8200,0.456621
160.8400,0.439649
160.8600,0.431569
160.8800,0.439431
160.9000,0.445803
160.9200,0.451699
160.9400,0.456621
160.9600,0.460311
160.9800,0.463839
161.0000,0.467117
161.0200,0.471113
161.0400,0.476067
161.0600,0.468479
161.0800,0.439423
161.1000,0.411849
161.1200,0.386427
161.1400,0.361471
161.1600,0.338143
161.1800,0.316321
161.2000,0.295183
161.2200,0.275125
161.2400,0.256968
161.2600,0.240068
161.2800,0.225915
161.3000,0.213260
161.3200,0.202353
161.3400,0.192646
161.3600,0.183987
161.3800,0.176455
161.4000,0.170309
161.4200,0.165346
161.4400,0.161705
161.4600,0.162994
161.4800,0.177558
161.5000,0.187861
161.5200,0.192839
161.5400,0.193468
161.5600,0.190374
161.5800,0.184671
161.6000,0.176970
161.6200,0.168560
161.6400,0.160223
161.6600,0.153070
161.6800,0.148655
161.7000,0.142574
161.7200,0.133882
161.7400,0.124328
161.7600,0.115717
161.7800,0.107630
161.8000,0.100758
161.8200,0.097576
161.8400,0.102208
161.8600,0.119302
161.8800,0.164686
161.9000,0.232504
161.9200,0.302804
161.9400,0.375439
161.9600,0.448663
161.9800,0.521057
162.0000,0.591638
162.0200,0.658256
162.0400,0.718688
162.0600,0.775809
162.0800,0.852030
162.1000,0.935516
162.1200,0.983961
162.1400,1.017536
162.1600,1.037789
162.1800,1.044241
162.2000,1.039849
162.2200,1.026680
162.2400,1.016248
162.2600,0.995956
162.2800,0.979773
162.3000,1.051853
162.3200,1.107822
162.3400,1.152208
162.3600,1.220211
162.3800,1.279677
162.4000,1.350736
162.4200,1.421534
162.4400,1.512126
162.4600,1.611983
162.4800,1.720321
162.5000,1.823020
162.5200,1.956776
162.5400,2.072124
162.5600,2.205080
162.5800,2.310618
162.6000,2.426181
162.6200,2.512725
162.6400,2.603607
162.6600,2.653852
162.6800,2.675391
162.7000,2.688950
162.7200,2.664935
162.7400,2.659611
162.7600,2.669415
162.7800,2.688844
162.8000,2.708814
162.8200,2.723749
162.8400,2.729807
162.8600,2.721719
162.8800,2.695878
162.9000,2.659046
162.9200,2.665877
162.9400,2.665331
162.9600,2.643838
162.9800,2.604897
163.0000,2.552599
163.0200,2.488009
163.0400,2.418683
163.0600,2.368207
163.0800,2.302955
163.1000,2.231632
163.1200,2.324431
163.1400,2.445959
163.1600,2.556489
163.1800,2.659385
163.2000,2.752089
163.2200,2.833291
163.2400,2.905349
163.2600,2.970318
163.2800,3.028247
163.3000,3.075734
163.3200,2.987363
163.3400,2.799859
163.3600,2.644168
163.3800,2.510244
163.4000,2.391181
163.4200,2.287465
163.4400,2.192812
163.4600,2.085607
163.4800,1.985260
163.5000,1.895215
163.5200,1.825810
163.5400,1.838874
163.5600,1.837344
163.5800,1.818858
163.6000,1.789373
163.6200,1.751045
163.6400,1.702913
163.6600,1.644228
163.6800,1.574870
163.7000,1.497924
163.7200,1.418828
163.7400,1.354513
163.7600,1.293789
163.7800,1.233770
163.8000,1.176721
163.8200,1.124143
163.8400,1.075811
163.8600,1.032392
163.8800,0.992775
163.9000,0.956565
163.9200,0.922281
163.9400,0.976688
163.9600,1.081546
163.9800,1.175102
164.0000,1.258234
164.0200,1.330733
164.0400,1.395016
164.0600,1.451816
164.0800,1.500349
164.1000,1.541763
164.1200,1.574129
164.1400,1.588245
164.1600,1.586527
164.1800,1.617693
164.2000,1.626371
164.2200,1.629866
164.2400,1.651188
164.2600,1.702728
164.2800,1.720151
164.3000,1.725298
164.3200,1.730430
164.3400,1.721634
164.3600,1.662733
164.3800,1.627143
164.4000,1.590627
164.4200,1.551019
164.4400,1.518312
164.4600,1.499253
164.4800,1.499513
164.5000,1.478463
164.5200,1.454249
164.5400,1.416113
164.5600,1.320616
164.5800,1.230048
164.6000,1.147246
164.6200,1.071210
164.6400,1.001409
164.6600,0.936717
164.6800,0.878282
164.7000,0.825076
164.7200,0.777888
164.7400,0.735403
164.7600,0.692790
164.7800,0.652368
164.8000,0.614644
164.8200,0.581182
164.8400,0.555961
164.8600,0.540591
164.8800,0.536467
164.9000,0.542548
164.9200,0.560029
164.9400,0.585258
164.9600,0.601071
164.9800,0.608853
165.0000,0.611946
165.0200,0.610866
165.0400,0.607539
165.0600,0.602416
165.0800,0.598348
165.1000,0.595754
165.1200,0.600209
165.1400,0.614644
165.1600,0.618994
165.1800,0.620058
165.2000,0.627847
165.2200,0.642444
165.2400,0.659948
165.2600,0.678709
165.2800,0.694562
165.3000,0.705477
165.3200,0.709819
165.3400,0.708184
165.3600,0.713501
165.3800,0.707789
165.4000,0.689012
165.4200,0.658788
165.4400,0.619059
165.4600,0.575519
165.4800,0.535556
165.5000,0.501208
165.5200,0.470501
165.5400,0.446157
165.5600,0.438336
165.5800,0.439770
165.6000,0.447503
165.6200,0.458764
165.6400,0.471274
165.6600,0.481923
165.6800,0.489971
165.7000,0.493660
165.7200,0.493579
165.7400,0.486555
165.7600,0.466973
165.7800,0.447873
165.8000,0.430933
165.8200,0.415249
165.8400,0.400951
165.8600,0.386378
165.8800,0.371935
165.9000,0.356501
165.9200,0.340696
165.9400,0.324577
165.9600,0.305744
165.9800,0.287676
166.0000,0.271154
166.0200,0.255180
166.0400,0.240471
166.0600,0.226567
166.0800,0.214073
166.1000,0.203247
166.1200,0.196722
166.1400,0.193710
166.1600,0.195530
166.1800,0.199292
166.2000,0.204125
166.2200,0.209554
166.2400,0.214718
166.2600,0.220212
166.2800,0.224545
166.3000,0.228541
166.3200,0.230772
166.3400,0.233704
166.3600,0.229185
166.3800,0.216901
166.4000,0.202449
166.4200,0.188506
166.4400,0.176076
166.4600,0.164928
166.4800,0.154730
166.5000,0.145240
166.5200,0.136709
166.5400,0.128936
166.5600,0.125843
166.5800,0.131377
166.6000,0.135896
166.6200,0.141583
166.6400,0.146150
166.6600,0.151040
166.6800,0.154576
166.7000,0.158000
166.7200,0.161431
166.7400,0.164573
166.7600,0.161141
166.7800,0.149236
166.8000,0.138023
166.8200,0.128275
166.8400,0.119495
166.8600,0.112157
166.8800,0.104955
166.9000,0.098889
166.9200,0.093484
166.9400,0.088869
166.9600,0.084293
166.9800,0.079452
167.0000,0.075924
167.0200,0.073169
167.0400,0.071324
167.0600,0.072605
167.0800,0.076141
167.1000,0.079049
167.1200,0.082722
167.1400,0.087241
167.1600,0.091962
167.1800,0.096819
167.2000,0.099767
167.2200,0.100903
167.2400,0.100686
167.2600,0.099429
167.2800,0.096868
167.3000,0.092767
167.3200,0.088377
167.3400,0.084164
167.3600,0.080273
167.3800,0.086468
167.4000,0.091470
167.4200,0.093807
167.4400,0.093943
167.4600,0.090391
167.4800,0.085743
167.5000,0.080354
167.5200,0.074707
167.5400,0.069350
167.5600,0.064566
167.5800,0.060546
167.6000,0.057316
167.6200,0.055229
167.6400,0.054955
167.6600,0.058331
167.6800,0.067763
167.7000,0.086959
167.7200,0.119366
167.7400,0.166539
167.7600,0.226430
167.7800,0.284800
167.8000,0.350741
167.8200,0.428645
167.8400,0.517045
167.8600,0.611769
167.8800,0.711495
167.9000,0.813984
167.9200,0.918108
167.9400,1.023191
167.9600,1.130070
167.9800,1.263872
168.0000,1.420664
168.0200,1.577481
168.0400,1.731961
168.0600,1.885612
168.0800,2.035697
168.1000,2.178360
168.1200,2.317511
168.1400,2.454062
168.1600,2.588921
168.1800,2.687458
168.2000,2.727043
168.2200,2.771262
168.2400,2.820555
168.2600,2.874922
168.2800,2.930612
168.3000,2.984802
168.3200,3.039724
168.3400,3.084806
168.3600,3.120298
168.3800,3.156122
168.4000,3.207293
168.4200,3.242360
168.4400,3.264957
168.4600,3.279086
168.4800,3.283056
168.5000,3.278505
168.5200,3.264916
168.5400,3.243543
168.5600,3.214292
168.5800,3.173563
168.6000,3.115562
168.6200,3.046340
168.6400,2.968183
168.6600,2.881817
168.6800,2.786212
168.7000,2.683052
168.7200,2.573173
168.7400,2.460233
168.7600,2.347584
168.7800,2.236329
168.8000,2.099221
168.8200,1.958137
168.8400,1.827839
168.8600,1.708592
168.8800,1.598699
168.9000,1.497788
168.9200,1.404489
168.9400,1.317620
168.9600,1.237516
168.9800,1.162575
169.0000,1.157227
169.0200,1.185307
169.0400,1.211255
169.0600,1.209708
169.0800,1.197728
169.1000,1.182730
169.1200,1.165828
169.1400,1.145587
169.1600,1.122235
169.1800,1.096408
169.2000,1.066304
169.2200,1.035209
169.2400,1.001330
169.2600,0.959328
169.2800,0.916159
169.3000,0.870912
169.3200,0.825624
169.3400,0.781190
169.3600,0.737892
169.3800,0.696036
169.4000,0.656202
169.4200,0.618044
169.4400,0.582568
169.4600,0.549089
169.4800,0.518092
169.5000,0.491372
169.5200,0.469824
169.5400,0.454599
169.5600,0.443419
169.5800,0.430063
169.6000,0.414266
169.6200,0.389665
169.6400,0.367206
169.6600,0.345690
169.6800,0.326688
169.7000,0.308410
169.7200,0.291913
169.7400,0.276881
169.7600,0.263203
169.7800,0.251950
169.8000,0.256622
169.8200,0.283720
169.8400,0.306010
169.8600,0.320703
169.8800,0.327695
169.9000,0.326390
169.9200,0.317054
169.9400,0.300757
169.9600,0.280474
169.9800,0.260835
170.0000,0.243532
170.0200,0.228291
170.0400,0.215153
170.0600,0.205156
170.0800,0.198245
170.1000,0.192517
170.1200,0.188151
170.1400,0.183753
170.1600,0.181691
170.1800,0.184462
170.2000,0.189142
170.2200,0.191083
170.2400,0.191994
170.2600,0.192993
170.2800,0.192010
170.3000,0.185557
170.3200,0.176890
170.3400,0.168609
170.3600,0.163389
170.3800,0.162269
170.4000,0.165685
170.4200,0.160449
170.4400,0.156196
170.4600,0.153706
170.4800,0.150235
170.5000,0.145458
170.5200,0.142123
170.5400,0.144282
170.5600,0.149977
170.5800,0.158797
170.6000,0.172298
170.6200,0.188159
170.6400,0.201032
170.6600,0.213566
170.6800,0.225488
170.7000,0.236757
170.7200,0.247342
170.7400,0.256823
170.7600,0.265620
170.7800,0.272733
170.8000,0.277276
170.8200,0.279161
170.8400,0.273635
170.8600,0.259804
170.8800,0.242235
170.9000,0.224698
170.9200,0.208169
170.9400,0.192993
170.9600,0.179137
170.9800,0.166450
171.0000,0.155132
171.0200,0.152981
171.0400,0.166619
171.0600,0.187040
171.0800,0.212414
171.1000,0.241220
171.1200,0.271686
171.1400,0.301998
171.1600,0.330506
171.1800,0.356001
171.2000,0.377364
171.2200,0.392911
171.2400,0.403625
171.2600,0.415015
171.2800,0.424577
171.3000,0.429724
171.3200,0.431086
171.3400,0.428806
171.3600,0.422475
171.3800,0.411543
171.4000,0.395014
171.4200,0.378718
171.4400,0.375028
171.4600,0.360851
171.4800,0.340028
171.5000,0.317698
171.5200,0.296601
171.5400,0.277542
171.5600,0.262317
171.5800,0.252151
171.6000,0.247318
171.6200,0.253255
171.6400,0.306066
171.6600,0.355889
171.6800,0.395360
171.7000,0.424287
171.7200,0.443419
171.7400,0.455091
171.7600,0.463493
171.7800,0.469615
171.8000,0.474794
171.8200,0.478725
171.8400,0.467061
171.8600,0.445521
171.8800,0.426768
171.9000,0.410375
171.9200,0.400040
171.9400,0.398059
171.9600,0.404422
171.9800,0.416465
172.0000,0.430651
172.0200,0.444313
172.0400,0.434413
172.0600,0.412711
172.0800,0.392718
172.1000,0.371790
172.1200,0.350717
172.1400,0.329789
172.1600,0.309965
172.1800,0.291897
172.2000,0.276060
172.2200,0.261890
172.2400,0.247592
172.2600,0.231876
172.2800,0.217022
172.3000,0.203102
172.3200,0.189972
172.3400,0.177260
172.3600,0.165612
172.3800,0.154327
172.4000,0.143992
172.4200,0.134857
172.4400,0.129524
172.4600,0.144539
172.4800,0.156413
172.5000,0.162535
172.5200,0.163606
172.5400,0.160304
172.5600,0.154085
172.5800,0.146311
172.6000,0.137152
172.6200,0.127784
172.6400,0.119302
172.6600,0.111480
172.6800,0.105076
172.7000,0.099896
172.7200,0.096070
172.7400,0.094975
172.7600,0.095200
172.7800,0.096280
172.8000,0.098575
172.8200,0.101669
172.8400,0.103191
172.8600,0.099478
172.8800,0.096545
172.9000,0.094910
172.9200,0.093911
172.9400,0.094926
172.9600,0.096956
172.9800,0.100372
173.0000,0.105205
173.0200,0.111859
173.0400,0.116378
173.0600,0.114767
173.0800,0.113550
173.1000,0.112986
173.1200,0.112318
173.1400,0.112205
173.1600,0.112100
173.1800,0.111794
173.2000,0.111561
173.2200,0.110892
173.2400,0.112576
173.2600,0.129001
173.2800,0.145450
173.3000,0.159474
173.3200,0.172008
173.3400,0.182706
173.3600,0.191977
173.3800,0.200790
173.4000,0.208862
173.4200,0.216401
173.4400,0.221154
173.4600,0.210586
173.4800,0.200234
173.5000,0.192686
173.5200,0.187579
173.5400,0.185823
173.5600,0.186532
173.5800,0.189513
173.6000,0.193927
173.6200,0.199525
173.6400,0.210352
173.6600,0.235541
173.6800,0.260932
173.7000,0.285823
173.7200,0.310843
173.7400,0.336161
173.7600,0.361946
173.7800,0.388972
173.8000,0.417730
173.8200,0.446568
173.8400,0.455969
173.8600,0.422281
173.8800,0.392911
173.9000,0.372853
173.9200,0.363855
173.9400,0.366095
173.9600,0.378387
173.9800,0.398929
174.0000,0.425568
174.0200,0.456186
174.0400,0.486040
174.0600,0.501305
174.0800,0.515724
174.1000,0.531923
174.1200,0.551877
174.1400,0.576244
174.1600,0.605437
174.1800,0.638174
174.2000,0.672329
174.2200,0.704720
174.2400,0.731118
174.2600,0.732986
174.2800,0.718277
174.3000,0.688738
174.3200,0.648526
174.3400,0.604229
174.3600,0.561938
174.3800,0.528218
174.4000,0.515933
174.4200,0.549073
174.4400,0.583228
174.4600,0.545062
174.4800,0.519051
174.5000,0.511366
174.5200,0.521508
174.5400,0.549114
174.5600,0.592202
174.5800,0.648324
174.6000,0.715667
174.6200,0.789979
174.6400,0.886902
174.6600,1.121605
174.6800,1.366194
174.7000,1.669596
174.7200,1.965154
174.7400,2.164310
174.7600,2.346626
174.7800,2.515937
174.8000,2.674046
174.8200,2.818549
174.8400,2.948445
174.8600,3.070006
174.8800,3.173612
174.9000,3.261041
174.9200,3.331247
174.9400,3.386944
174.9600,3.430976
174.9800,3.465689
175.0000,3.489968
175.0200,3.508909
175.0400,3.521129
175.0600,3.471337
175.0800,3.325696
175.1000,3.205561
175.1200,3.107854
175.1400,3.029325
175.1600,2.966541
175.1800,2.918222
175.2000,2.879948
175.2200,2.849482
175.2400,2.825741
175.2600,2.802953
175.2800,2.771198
175.3000,2.743067
175.3200,2.717369
175.3400,2.696296
175.3600,2.683737
175.3800,2.676921
175.4000,2.675270
175.4200,2.675302
175.4400,2.673594
175.4600,2.686340
175.4800,2.761361
175.5000,2.824454
175.5200,2.870661
175.5400,2.900700
175.5600,2.917705
175.5800,2.948430
175.6000,3.016050
175.6200,3.012086
175.6400,2.987437
175.6600,2.960063
175.6800,2.949043
175.7000,2.939802
175.7200,2.933213
175.7400,2.907185
175.7600,2.853984
175.7800,2.810008
175.8000,2.795832
175.8200,2.823905
175.8400,2.801704
175.8600,2.778988
175.8800,2.786150
175.9000,2.804556
175.9200,2.820707
175.9400,2.840766
175.9600,2.916915
175.9800,2.956139
176.0000,2.947053
176.0200,2.933577
176.0400,2.921953
176.0600,2.910623
176.0800,2.935186
176.1000,2.979501
176.1200,3.020046
176.1400,3.120823
176.1600,3.213318
176.1800,3.236221
176.2000,3.260565
176.2200,3.287092
176.2400,3.315851
176.2600,3.344998
176.2800,3.367305
176.3000,3.382126
176.3200,3.395532
176.3400,3.408324
176.3600,3.420528
176.3800,3.432273
176.4000,3.448739
176.4200,3.467897
176.4400,3.487215
176.4600,3.507540
176.4800,3.552491
176.5000,3.600000
176.5200,3.600000
176.5400,3.600000
176.5600,3.600000
176.5800,3.600000
176.6000,3.600000
176.6200,3.600000
176.6400,3.600000
176.6600,3.600000
176.6800,3.600000
176.7000,3.600000
176.7200,3.600000
176.7400,3.600000
176.7600,3.600000
176.7800,3.600000
176.8000,3.600000
176.8200,3.600000
176.8400,3.600000
176.8600,3.600000
176.8800,3.600000
176.9000,3.600000
176.9200,3.600000
176.9400,3.574862
176.9600,3.467566
176.9800,3.366788
177.0000,3.272859
177.0200,3.184761
177.0400,3.102906
177.0600,3.027924
177.0800,2.956558
177.1000,2.864747
177.1200,2.752742
177.1400,2.647333
177.1600,2.546823
177.1800,2.451709
177.2000,2.361254
177.2200,2.275638
177.2400,2.195294
177.2600,2.119007
177.2800,2.048940
177.3000,1.993791
177.3200,1.967972
177.3400,1.943944
177.3600,1.920985
177.3800,1.901200
177.4000,1.885492
177.4200,1.870807
177.4400,1.859506
177.4600,1.852729
177.4800,1.848453
177.5000,1.841928
177.5200,1.792628
177.5400,1.737238
177.5600,1.684145
177.5800,1.633604
177.6000,1.587672
177.6200,1.547611
177.6400,1.516655
177.6600,1.498288
177.6800,1.515309
177.7000,1.533466
177.7200,1.528898
177.7400,1.524378
177.7600,1.525014
177.7800,1.528688
177.8000,1.534794
177.8200,1.544236
177.8400,1.572938
177.8600,1.627473
177.8800,1.648628
177.9000,1.669274
177.9200,1.684313
177.9400,1.678900
177.9600,1.671505
177.9800,1.663562
178.0000,1.653744
178.0200,1.644334
178.0400,1.634401
178.0600,1.623446
178.0800,1.616227
178.1000,1.636746
178.1200,1.624091
178.1400,1.558815
178.1600,1.495531
178.1800,1.440254
178.2000,1.389932
178.2200,1.350502
178.2400,1.311303
178.2600,1.267096
178.2800,1.237426
178.3000,1.208636
178.3200,1.189480
178.3400,1.229170
178.3600,1.272991
178.3800,1.314768
178.4000,1.359645
178.4200,1.409540
178.4400,1.468490
178.4600,1.534658
178.4800,1.626386
178.5000,1.758062
178.5200,1.830544
178.5400,1.848323
178.5600,1.866721
178.5800,1.892323
178.6000,1.921766
178.6200,1.966966
178.6400,2.040787
178.6600,2.063118
178.6800,2.096217
178.7000,2.094453
178.7200,2.059895
178.7400,1.953199
178.7600,1.823826
178.7800,1.694205
178.8000,1.574009
178.8200,1.465277
178.8400,1.365709
178.8600,1.274451
178.8800,1.191308
178.9000,1.116909
178.9200,1.050926
178.9400,0.989174
178.9600,0.932278
178.9800,0.879080
179.0000,0.828677
179.0200,0.781827
179.0400,0.737522
179.0600,0.696149
179.0800,0.657096
179.1000,0.620460
179.1200,0.585572
179.1400,0.555469
179.1600,0.528000
179.1800,0.499992
179.2000,0.473079
179.2200,0.447148
179.2400,0.422990
179.2600,0.400129
179.2800,0.378822
179.3000,0.359135
179.3200,0.341502
179.3400,0.323466
179.3600,0.306976
179.3800,0.290849
179.4000,0.276398
179.4200,0.262092
179.4400,0.249791
179.4600,0.238119
179.4800,0.226640
179.5000,0.214653
179.5200,0.203513
179.5400,0.194483
179.5600,0.191567
179.5800,0.192984
179.6000,0.199823
179.6200,0.211109
179.6400,0.227131
179.6600,0.245916
179.6800,0.266015
179.7000,0.286524
179.7200,0.305454
179.7400,0.319172
179.7600,0.318496
179.7800,0.315475
179.8000,0.309691
179.8200,0.300983
179.8400,0.290100
179.8600,0.277566
179.8800,0.265281
179.9000,0.252385
179.9200,0.239867
179.9400,0.228275
179.9600,0.232270
179.9800,0.240986
180.0000,0.248583
180.0200,0.255808
180.0400,0.263904
180.0600,0.270993
180.0800,0.279185
180.1000,0.287869
180.1200,0.295707
180.1400,0.302779
180.1600,0.308579
180.1800,0.311544
180.2000,0.312099
180.2200,0.309296
180.2400,0.303947
180.2600,0.296093
180.2800,0.286395
180.3000,0.274819
180.3200,0.262108
180.3400,0.248913
180.3600,0.260819
180.3800,0.282705
180.4000,0.296746
180.4200,0.303915
180.4400,0.303786
180.4600,0.296915
180.4800,0.284655
180.5000,0.268778
180.5200,0.251314
180.5400,0.233801
180.5600,0.218182
180.5800,0.205140
180.6000,0.194136
180.6200,0.185130
180.6400,0.177856
180.6600,0.171831
180.6800,0.167207
180.7000,0.164364
180.7200,0.161689
180.7400,0.161415
180.7600,0.158966
180.7800,0.156920
180.8000,0.157879
180.8200,0.161351
180.8400,0.166063
180.8600,0.171267
180.8800,0.178743
180.9000,0.186347
180.9200,0.196730
180.9400,0.204979
180.9600,0.215636
180.9800,0.227542
181.0000,0.241913
181.0200,0.258370
181.0400,0.275117
181.0600,0.296295
181.0800,0.315950
181.1000,0.341623
181.1200,0.365450
181.1400,0.392460
181.1600,0.414903
181.1800,0.421331
181.2000,0.422893
181.2200,0.420259
181.2400,0.414854
181.2600,0.406533
181.2800,0.395650
181.3000,0.383011
181.3200,0.369712
181.3400,0.355478
181.3600,0.343306
181.3800,0.350250
181.4000,0.366208
181.4200,0.387917
181.4400,0.416828
181.4600,0.451482
181.4800,0.490027
181.5000,0.532294
181.5200,0.575495
181.5400,0.618704
181.5600,0.660947
181.5800,0.705872
181.6000,0.746495
181.6200,0.782834
181.6400,0.817263
181.6600,0.851079
181.6800,0.883986
181.7000,0.913895
181.7200,0.939665
181.7400,0.959852
181.7600,0.973796
181.7800,0.926897
181.8000,0.870332
181.8200,0.823908
181.8400,0.786185
181.8600,0.756154
181.8800,0.734565
181.9000,0.722764
181.9200,0.721161
181.9400,0.731126
181.9600,0.749194
181.9800,0.828210
182.0000,0.925963
182.0200,1.015248
182.0400,1.100082
182.0600,1.186427
182.0800,1.273539
182.1000,1.357759
182.1200,1.438459
182.1400,1.517355
182.1600,1.599069
182.1800,1.656886
182.2000,1.660340
182.2200,1.678498
182.2400,1.711361
182.2600,1.748879
182.2800,1.780261
182.3000,1.803235
182.3200,1.817930
182.3400,1.829843
182.3600,1.841701
182.3800,1.854196
182.4000,1.877873
182.4200,1.914766
182.4400,1.964744
182.4600,2.019785
182.4800,2.064583
182.5000,2.085842
182.5200,2.078035
182.5400,2.053313
182.5600,2.032144
182.5800,2.043413
182.6000,2.120264
182.6200,2.185988
182.6400,2.240719
182.6600,2.289180
182.6800,2.337087
182.7000,2.389965
182.7200,2.449921
182.7400,2.514979
182.7600,2.584161
182.7800,2.657291
182.8000,2.746901
182.8200,2.831397
182.8400,2.908700
182.8600,2.979550
182.8800,3.041207
182.9000,3.092636
182.9200,3.135799
182.9400,3.169576
182.9600,3.196014
182.9800,3.214987
183.0000,3.228769
183.0200,3.241811
183.0400,3.253428
183.0600,3.262651
183.0800,3.270450
183.1000,3.275816
183.1200,3.279577
183.1400,3.280697
183.1600,3.279658
183.1800,3.276838
183.2000,3.244800
183.2200,3.186694
183.2400,3.140824
183.2600,3.104389
183.2800,3.073986
183.3000,3.048651
183.3200,3.030896
183.3400,3.017403
183.3600,3.008268
183.3800,3.003918
183.4000,2.939723
183.4200,2.835964
183.4400,2.765686
183.4600,2.705228
183.4800,2.618776
183.5000,2.540773
183.5200,2.494527
183.5400,2.427833
183.5600,2.354881
183.5800,2.287723
183.6000,2.284412
183.6200,2.397794
183.6400,2.494672
183.6600,2.579778
183.6800,0.039449
183.7000,0.036331
183.7200,0.034140
183.7400,0.032537
183.7600,0.030314
183.7800,0.028260
183.8000,0.026899
183.8200,0.025207
183.8400,0.024554
183.8600,0.026729
183.8800,0.029492
183.9000,0.031732
183.9200,0.034422
183.9400,0.037185
183.9600,0.040746
183.9800,0.045249
184.0000,0.051822
184.0200,0.056711
184.0400,0.061174
184.0600,0.074780
184.0800,0.091189
184.1000,0.106276
184.1200,0.119592
184.1400,0.131699
184.1600,0.143234
184.1800,0.156550
184.2000,0.170316
184.2200,0.177518
184.2400,0.183342
184.2600,0.182802
184.2800,0.179024
184.3000,0.176688
184.3200,0.173958
184.3400,0.171283
184.3600,0.167449
184.3800,0.163486
184.4000,0.159321
184.4200,0.154713
184.4400,0.149816
184.4600,0.147520
184.4800,0.149654
184.5000,0.150984
184.5200,0.150597
184.5400,0.149187
184.5600,0.146489
184.5800,0.143355
184.6000,0.139416
184.6200,0.135888
184.6400,0.133068
184.6600,0.130104
184.6800,0.123297
184.7000,0.117215
184.7200,0.111399
184.7400,0.105608
184.7600,0.100347
184.7800,0.095901
184.8000,0.093315
184.8200,0.094491
184.8400,0.101395
184.8600,0.114710
184.8800,0.129564
184.9000,0.144676
184.9200,0.157227
184.9400,0.167231
184.9600,0.177075
184.9800,0.189996
185.0000,0.206662
185.0200,0.226970
185.0400,0.249227
185.0600,0.269180
185.0800,0.287321
185.1000,0.301370
185.1200,0.308281
185.1400,0.309030
185.1600,0.306783
185.1800,0.305873
185.2000,0.307830
185.2200,0.312341
185.2400,0.316498
185.2600,0.316957
185.2800,0.312220
185.3000,0.305204
185.3200,0.297382
185.3400,0.291220
185.3600,0.287257
185.3800,0.284703
185.4000,0.283317
185.4200,0.282867
185.4400,0.281151
185.4600,0.277059
185.4800,0.271396
185.5000,0.264548
185.5200,0.254906
185.5400,0.242396
185.5600,0.230112
185.5800,0.218907
185.6000,0.211979
185.6200,0.207436
185.6400,0.204753
185.6600,0.204222
185.6800,0.200814
185.7000,0.196956
185.7200,0.195135
185.7400,0.197793
185.7600,0.203899
185.7800,0.211101
185.8000,0.217561
185.8200,0.223208
185.8400,0.228694
185.8600,0.235638
185.8800,0.239230
185.9000,0.233390
185.9200,0.227598
185.9400,0.222064
185.9600,0.216812
185.9800,0.212261
186.0000,0.206920
186.0200,0.201177
186.0400,0.194314
186.0600,0.185058
186.0800,0.174240
186.1000,0.163703
186.1200,0.153054
186.1400,0.142324
186.1600,0.132585
186.1800,0.123635
186.2000,0.115943
186.2200,0.109579
186.2400,0.104826
186.2600,0.101991
186.2800,0.112406
186.3000,0.171130
186.3200,0.227284
186.3400,0.276841
186.3600,0.320300
186.3800,0.358692
186.4000,0.392686
186.4200,0.422934
186.4400,0.449226
186.4600,0.471685
186.4800,0.490148
186.5000,0.513178
186.5200,0.534775
186.5400,0.553874
186.5600,0.571185
186.5800,0.586958
186.6000,0.600870
186.6200,0.613726
186.6400,0.625213
186.6600,0.635307
186.6800,0.644111
186.7000,0.642556
186.7200,0.633268
186.7400,0.624955
186.7600,0.616602
186.7800,0.608297
186.8000,0.599484
186.8200,0.590808
186.8400,0.581641
186.8600,0.572603
186.8800,0.562534
186.9000,0.554253
186.9200,0.549661
186.9400,0.542548
186.9600,0.532616
186.9800,0.520751
187.0000,0.506460
187.0200,0.490784
187.0400,0.473860
187.0600,0.456621
187.0800,0.439649
187.1000,0.431569
187.1200,0.439431
187.1400,0.445803
187.1600,0.451699
187.1800,0.456621
187.2000,0.460311
187.2200,0.463839
187.2400,0.467117
187.2600,0.471113
187.2800,0.476067
187.3000,0.468479
187.3200,0.439423
187.3400,0.411849
187.3600,0.386427
187.3800,0.361471
187.4000,0.338143
187.4200,0.316321
187.4400,0.295183
187.4600,0.275125
187.4800,0.256968
187.5000,0.240068
187.5200,0.225915
187.5400,0.213260
187.5600,0.202353
187.5800,0.192646
187.6000,0.183987
187.6200,0.176455
187.6400,0.170309
187.6600,0.165346
187.6800,0.161705
187.7000,0.162994
187.7200,0.177558
187.7400,0.187861
187.7600,0.192839
187.7800,0.193468
187.8000,0.190374
187.8200,0.184671
187.8400,0.176970
187.8600,0.168560
187.8800,0.160223
187.9000,0.153070
187.9200,0.148655
187.9400,0.142574
187.9600,0.133882
187.9800,0.124328
188.0000,0.115717
188.0200,0.107630
188.0400,0.100758
188.0600,0.097576
188.0800,0.102208
188.1000,0.119302
188.1200,0.164686
188.1400,0.232504
188.1600,0.302804
188.1800,0.375439
188.2000,0.448663
188.2200,0.521057
188.2400,0.591638
188.2600,0.658256
188.2800,0.718688
188.3000,0.775809
188.3200,0.852030
188.3400,0.935516
188.3600,0.983961
188.3800,1.017536
188.4000,1.037789
188.4200,1.044241
188.4400,1.039849
188.4600,1.026680
188.4800,1.016248
188.5000,0.995956
188.5200,0.979773
188.5400,1.051853
188.5600,1.107822
188.5800,1.152208
188.6000,1.220211
188.6200,1.279677
188.6400,1.350736
188.6600,1.421534
188.6800,1.512126
188.7000,1.611983
188.7200,1.720321
188.7400,1.823020
188.7600,1.956776
188.7800,2.072124
188.8000,2.205080
188.8200,2.310618
188.8400,2.426181
188.8600,2.512725
188.8800,2.603607
188.9000,2.653852
188.9200,2.675391
188.9400,2.688950
188.9600,2.664935
188.9800,2.659611
189.0000,2.669415
189.0200,2.688844
189.0400,2.708814
189.0600,2.723749
189.0800,2.729807
189.1000,2.721719
189.1200,2.695878
189.1400,2.659046
189.1600,2.665877
189.1800,2.665331
189.2000,2.643838
189.2200,2.604897
189.2400,2.552599
189.2600,2.488009
189.2800,2.418683
189.3000,2.368207
189.3200,2.302955
189.3400,2.231632
189.3600,2.324431
189.3800,2.445959
189.4000,2.556489
189.4200,2.659385
189.4400,2.752089
189.4600,2.833291
189.4800,2.905349
189.5000,2.970318
189.5200,3.028247
189.5400,3.075734
189.5600,2.987363
189.5800,2.799859
189.6000,2.644168
189.6200,2.510244
189.6400,2.391181
189.6600,2.287465
189.6800,2.192812
189.7000,2.085607
189.7200,1.985260
189.7400,1.895215
189.7600,1.825810
189.7800,1.838874
189.8000,1.837344
189.8200,1.818858
189.8400,1.789373
189.8600,1.751045
189.8800,1.702913
189.9000,1.644228
189.9200,1.574870
189.9400,1.497924
189.9600,1.418828
189.9800,1.354513
190.0000,1.293789
190.0200,1.233770
190.0400,1.176721
190.0600,1.124143
190.0800,1.075811
190.1000,1.032392
190.1200,0.992775
190.1400,0.956565
190.1600,0.922281
190.1800,0.976688
190.2000,1.081546
190.2200,1.175102
190.2400,1.258234
190.2600,1.330733
190.2800,1.395016
190.3000,1.451816
190.3200,1.500349
190.3400,1.541763
190.3600,1.574129
190.3800,1.588245
190.4000,1.586527
190.4200,1.617693
190.4400,1.626371
190.4600,1.629866
190.4800,1.651188
190.5000,1.702728
190.5200,1.720151
190.5400,1.725298
190.5600,1.730430
190.5800,1.721634
190.6000,1.662733
190.6200,1.627143
190.6400,1.590627
190.6600,1.551019
190.6800,1.518312
190.7000,1.499253
190.7200,1.499513
190.7400,1.478463
190.7600,1.454249
190.7800,1.416113
190.8000,1.320616
190.8200,1.230048
190.8400,1.147246
190.8600,1.071210
190.8800,1.001409
190.9000,0.936717
190.9200,0.878282
190.9400,0.825076
190.9600,0.777888
190.9800,0.735403
191.0000,0.692790
191.0200,0.652368
191.0400,0.614644
191.0600,0.581182
191.0800,0.555961
191.1000,0.540591
191.1200,0.536467
191.1400,0.542548
191.1600,0.560029
191.1800,0.585258
191.2000,0.601071
191.2200,0.608853
191.2400,0.611946
191.2600,0.610866
191.2800,0.607539
191.3000,0.602416
191.3200,0.598348
191.3400,0.595754
191.3600,0.600209
191.3800,0.614644
191.4000,0.618994
191.4200,0.620058
191.4400,0.627847
191.4600,0.642444
191.4800,0.659948
191.5000,0.678709
191.5200,0.694562
191.5400,0.705477
191.5600,0.709819
191.5800,0.708184
191.6000,0.713501
191.6200,0.707789
191.6400,0.689012
191.6600,0.658788
191.6800,0.619059
191.7000,0.575519
191.7200,0.535556
191.7400,0.501208
191.7600,0.470501
191.7800,0.446157
191.8000,0.438336
191.8200,0.439770
191.8400,0.447503
191.8600,0.458764
191.8800,0.471274
191.9000,0.481923
191.9200,0.489971
191.9400,0.493660
191.9600,0.493579
191.9800,0.486555
192.0000,0.466973
192.0200,0.447873
192.0400,0.430933
192.0600,0.415249
192.0800,0.400951
192.1000,0.386378
192.1200,0.371935
192.1400,0.356501
192.1600,0.340696
192.1800,0.324577
192.2000,0.305744
192.2200,0.287676
192.2400,0.271154
192.2600,0.255180
192.2800,0.240471
192.3000,0.226567
192.3200,0.214073
192.3400,0.203247
192.3600,0.196722
192.3800,0.193710
192.4000,0.195530
192.4200,0.199292
192.4400,0.204125
192.4600,0.209554
192.4800,0.214718
192.5000,0.220212
192.5200,0.224545
192.5400,0.228541
192.5600,0.230772
192.5800,0.233704
192.6000,0.229185
192.6200,0.216901
192.6400,0.202449
192.6600,0.188506
192.6800,0.176076
192.7000,0.164928
192.7200,0.154730
192.7400,0.145240
192.7600,0.136709
192.7800,0.128936
192.8000,0.125843
192.8200,0.131377
192.8400,0.135896
192.8600,0.141583
192.8800,0.146150
192.9000,0.151040
192.9200,0.154576
192.9400,0.158000
192.9600,0.161431
192.9800,0.164573
193.0000,0.161141
193.0200,0.149236
193.0400,0.138023
193.0600,0.128275
193.0800,0.119495
193.1000,0.112157
193.1200,0.104955
193.1400,0.098889
193.1600,0.093484
193.1800,0.088869
193.2000,0.084293
193.2200,0.079452
193.2400,0.075924
193.2600,0.073169
193.2800,0.071324
193.3000,0.072605
193.3200,0.076141
193.3400,0.079049
193.3600,0.082722
193.3800,0.087241
193.4000,0.091962
193.4200,0.096819
193.4400,0.099767
193.4600,0.100903
193.4800,0.100686
193.5000,0.099429
193.5200,0.096868
193.5400,0.092767
193.5600,0.088377
193.5800,0.084164
193.6000,0.080273
193.6200,0.086468
193.6400,0.091470
193.6600,0.093807
193.6800,0.093943
193.7000,0.090391
193.7200,0.085743
193.7400,0.080354
193.7600,0.074707
193.7800,0.069350
193.8000,0.064566
193.8200,0.060546
193.8400,0.057316
193.8600,0.055229
193.8800,0.054955
193.9000,0.058331
193.9200,0.067763
193.9400,0.086959
193.9600,0.119366
193.9800,0.166539
194.0000,0.226430
194.0200,0.284800
194.0400,0.350741
194.0600,0.428645
194.0800,0.517045
194.1000,0.611769
194.1200,0.711495
194.1400,0.813984
194.1600,0.918108
194.1800,1.023191
194.2000,1.130070
194.2200,1.263872
194.2400,1.420664
194.2600,1.577481
194.2800,1.731961
194.3000,1.885612
194.3200,2.035697
194.3400,2.178360
194.3600,2.317511
194.3800,2.454062
194.4000,2.588921
194.4200,2.687458
194.4400,2.727043
194.4600,2.771262
194.4800,2.820555
194.5000,2.874922
194.5200,2.930612
194.5400,2.984802
194.5600,3.039724
194.5800,3.084806
194.6000,3.120298
194.6200,3.156122
194.6400,3.207293
194.6600,3.242360
194.6800,3.264957
194.7000,3.279086
194.7200,3.283056
194.7400,3.278505
194.7600,3.264916
194.7800,3.243543
194.8000,3.214292
194.8200,3.173563
194.8400,3.115562
194.8600,3.046340
194.8800,2.968183
194.9000,2.881817
194.9200,2.786212
194.9400,2.683052
194.9600,2.573173
194.9800,2.460233
195.0000,2.347584
195.0200,2.236329
195.0400,2.099221
195.0600,1.958137
195.0800,1.827839
195.1000,1.708592
195.1200,1.598699
195.1400,1.497788
195.1600,1.404489
195.1800,1.317620
195.2000,1.237516
195.2200,1.162575
195.2400,1.157227
195.2600,1.185307
195.2800,1.211255
195.3000,1.209708
195.3200,1.197728
195.3400,1.182730
195.3600,1.165828
195.3800,1.145587
195.4000,1.122235
195.4200,1.096408
195.4400,1.066304
195.4600,1.035209
195.4800,1.001330
195.5000,0.959328
195.5200,0.916159
195.5400,0.870912
195.5600,0.825624
195.5800,0.781190
195.6000,0.737892
195.6200,0.696036
195.6400,0.656202
195.6600,0.618044
195.6800,0.582568
195.7000,0.549089
195.7200,0.518092
195.7400,0.491372
195.7600,0.469824
195.7800,0.454599
195.8000,0.443419
195.8200,0.430063
195.8400,0.414266
195.8600,0.389665
195.8800,0.367206
195.9000,0.345690
195.9200,0.326688
195.9400,0.308410
195.9600,0.291913
195.9800,0.276881
196.0000,0.263203
196.0200,0.251950
196.0400,0.256622
196.0600,0.283720
196.0800,0.306010
196.1000,0.320703
196.1200,0.327695
196.1400,0.326390
196.1600,0.317054
196.1800,0.300757
196.2000,0.280474
196.2200,0.260835
196.2400,0.243532
196.2600,0.228291
196.2800,0.215153
196.3000,0.205156
196.3200,0.198245
196.3400,0.192517
196.3600,0.188151
196.3800,0.183753
196.4000,0.181691
196.4200,0.184462
196.4400,0.189142
196.4600,0.191083
196.4800,0.191994
196.5000,0.192993
196.5200,0.192010
196.5400,0.185557
196.5600,0.176890
196.5800,0.168609
196.6000,0.163389
196.6200,0.162269
196.6400,0.165685
196.6600,0.160449
196.6800,0.156196
196.7000,0.153706
196.7200,0.150235
196.7400,0.145458
196.7600,0.142123
196.7800,0.144282
196.8000,0.149977
196.8200,0.158797
196.8400,0.172298
196.8600,0.188159
196.8800,0.201032
196.9000,0.213566
196.9200,0.225488
196.9400,0.236757
196.9600,0.247342
196.9800,0.256823
197.0000,0.265620
197.0200,0.272733
197.0400,0.277276
197.0600,0.279161
197.0800,0.273635
197.1000,0.259804
197.1200,0.242235
197.1400,0.224698
197.1600,0.208169
197.1800,0.192993
197.2000,0.179137
197.2200,0.166450
197.2400,0.155132
197.2600,0.152981
197.2800,0.166619
197.3000,0.187040
197.3200,0.212414
197.3400,0.241220
197.3600,0.271686
197.3800,0.301998
197.4000,0.330506
197.4200,0.356001
197.4400,0.377364
197.4600,0.392911
197.4800,0.403625
197.5000,0.415015
197.5200,0.424577
197.5400,0.429724
197.5600,0.431086
197.5800,0.428806
197.6000,0.422475
197.6200,0.411543
197.6400,0.395014
197.6600,0.378718
197.6800,0.375028
197.7000,0.360851
197.7200,0.340028
197.7400,0.317698
197.7600,0.296601
197.7800,0.277542
197.8000,0.262317
197.8200,0.252151
197.8400,0.247318
197.8600,0.253255
197.8800,0.306066
197.9000,0.355889
197.9200,0.395360
197.9400,0.424287
197.9600,0.443419
197.9800,0.455091
198.0000,0.463493
198.0200,0.469615
198.0400,0.474794
198.0600,0.478725
198.0800,0.467061
198.1000,0.445521
198.1200,0.426768
198.1400,0.410375
198.1600,0.400040
198.1800,0.398059
198.2000,0.404422
198.2200,0.416465
198.2400,0.430651
198.2600,0.444313
198.2800,0.434413
198.3000,0.412711
198.3200,0.392718
198.3400,0.371790
198.3600,0.350717
198.3800,0.329789
198.4000,0.309965
198.4200,0.291897
198.4400,0.276060
198.4600,0.261890
198.4800,0.247592
198.5000,0.231876
198.5200,0.217022
198.5400,0.203102
198.5600,0.189972
198.5800,0.177260
198.6000,0.165612
198.6200,0.154327
198.6400,0.143992
198.6600,0.134857
198.6800,0.129524
198.7000,0.144539
198.7200,0.156413
198.7400,0.162535
198.7600,0.163606
198.7800,0.160304
198.8000,0.154085
198.8200,0.146311
198.8400,0.137152
198.8600,0.127784
198.8800,0.119302
198.9000,0.111480
198.9200,0.105076
198.9400,0.099896
198.9600,0.096070
198.9800,0.094975
199.0000,0.095200
199.0200,0.096280
199.0400,0.098575
199.0600,0.101669
199.0800,0.103191
199.1000,0.099478
199.1200,0.096545
199.1400,0.094910
199.1600,0.093911
199.1800,0.094926
199.2000,0.096956
199.2200,0.100372
199.2400,0.105205
199.2600,0.111859
199.2800,0.116378
199.3000,0.114767
199.3200,0.113550
199.3400,0.112986
199.3600,0.112318
199.3800,0.112205
199.4000,0.112100
199.4200,0.111794
199.4400,0.111561
199.4600,0.110892
199.4800,0.112576
199.5000,0.129001
199.5200,0.145450
199.5400,0.159474
199.5600,0.172008
199.5800,0.182706
199.6000,0.191977
199.6200,0.200790
199.6400,0.208862
199.6600,0.216401
199.6800,0.221154
199.7000,0.210586
199.7200,0.200234
199.7400,0.192686
199.7600,0.187579
199.7800,0.185823
199.8000,0.186532
199.8200,0.189513
199.8400,0.193927
199.8600,0.199525
199.8800,0.210352
199.9000,0.235541
199.9200,0.260932
199.9400,0.285823
199.9600,0.310843
199.9800,0.336161
200.0000,0.361946
200.0200,0.388972
200.0400,0.417730
200.0600,0.446568
200.0800,0.455969
200.1000,0.422281
200.1200,0.392911
200.1400,0.372853
200.1600,0.363855
200.1800,0.366095
200.2000,0.378387
200.2200,0.398929
200.2400,0.425568
200.2600,0.456186
200.2800,0.486040
200.3000,0.501305
200.3200,0.515724
200.3400,0.531923
200.3600,0.551877
200.3800,0.576244
200.4000,0.605437
200.4200,0.638174
200.4400,0.672329
200.4600,0.704720
200.4800,0.731118
200.5000,0.732986
200.5200,0.718277
200.5400,0.688738
200.5600,0.648526
200.5800,0.604229
200.6000,0.561938
200.6200,0.528218
200.6400,0.515933
200.6600,0.549073
200.6800,0.583228
200.7000,0.545062
200.7200,0.519051
200.7400,0.511366
200.7600,0.521508
200.7800,0.549114
200.8000,0.592202
200.8200,0.648324
200.8400,0.715667
200.8600,0.789979
200.8800,0.886902
200.9000,1.121605
200.9200,1.366194
200.9400,1.669596
200.9600,1.965154
200.9800,2.164310
201.0000,2.346626
201.0200,2.515937
201.0400,2.674046
201.0600,2.818549
201.0800,2.948445
201.1000,3.070006
201.1200,3.173612
201.1400,3.261041
201.1600,3.331247
201.1800,3.386944
201.2000,3.430976
201.2200,3.465689
201.2400,3.489968
201.2600,3.508909
201.2800,3.521129
201.3000,3.471337
201.3200,3.325696
201.3400,3.205561
201.3600,3.107854
201.3800,3.029325
201.4000,2.966541
201.4200,2.918222
201.4400,2.879948
201.4600,2.849482
201.4800,2.825741
201.5000,2.802953
201.5200,2.771198
201.5400,2.743067
201.5600,2.717369
201.5800,2.696296
201.6000,2.683737
201.6200,2.676921
201.6400,2.675270
201.6600,2.675302
201.6800,2.673594
201.7000,2.686340
201.7200,2.761361
201.7400,2.824454
201.7600,2.870661
201.7800,2.900700
201.8000,2.917705
201.8200,2.948430
201.8400,3.016050
201.8600,3.012086
201.8800,2.987437
201.9000,2.960063
201.9200,2.949043
201.9400,2.939802
201.9600,2.933213
201.9800,2.907185
202.0000,2.853984
202.0200,2.810008
202.0400,2.795832
202.0600,2.823905
202.0800,2.801704
202.1000,2.778988
202.1200,2.786150
202.1400,2.804556
202.1600,2.820707
202.1800,2.840766
202.2000,2.916915
202.2200,2.956139
202.2400,2.947053
202.2600,2.933577
202.2800,2.921953
202.3000,2.910623
202.3200,2.935186
202.3400,2.979501
202.3600,3.020046
202.3800,3.120823
202.4000,3.213318
202.4200,3.236221
202.4400,3.260565
202.4600,3.287092
202.4800,3.315851
202.5000,3.344998
202.5200,3.367305
202.5400,3.382126
202.5600,3.395532
202.5800,3.408324
202.6000,3.420528
202.6200,3.432273
202.6400,3.448739
202.6600,3.467897
202.6800,3.487215
202.7000,3.507540
202.7200,3.552491
202.7400,3.600000
202.7600,3.600000
202.7800,3.600000
202.8000,3.600000
202.8200,3.600000
202.8400,3.600000
202.8600,3.600000
202.8800,3.600000
202.9000,3.600000
202.9200,3.600000
202.9400,3.600000
202.9600,3.600000
202.9800,3.600000
203.0000,3.600000
203.0200,3.600000
203.0400,3.600000
203.0600,3.600000
203.0800,3.600000
203.1000,3.600000
203.1200,3.600000
203.1400,3.600000
203.1600,3.600000
203.1800,3.574862
203.2000,3.467566
203.2200,3.366788
203.2400,3.272859
203.2600,3.184761
203.2800,3.102906
203.3000,3.027924
203.3200,2.956558
203.3400,2.864747
203.3600,2.752742
203.3800,2.647333
203.4000,2.546823
203.4200,2.451709
203.4400,2.361254
203.4600,2.275638
203.4800,2.195294
203.5000,2.119007
203.5200,2.048940
203.5400,1.993791
203.5600,1.967972
203.5800,1.943944
203.6000,1.920985
203.6200,1.901200
203.6400,1.885492
203.6600,1.870807
203.6800,1.859506
203.7000,1.852729
203.7200,1.848453
203.7400,1.841928
203.7600,1.792628
203.7800,1.737238
203.8000,1.684145
203.8200,1.633604
203.8400,1.587672
203.8600,1.547611
203.8800,1.516655
203.9000,1.498288
203.9200,1.515309
203.9400,1.533466
203.9600,1.528898
203.9800,1.524378
204.0000,1.525014
204.0200,1.528688
204.0400,1.534794
204.0600,1.544236
204.0800,1.572938
204.1000,1.627473
204.1200,1.648628
204.1400,1.669274
204.1600,1.684313
204.1800,1.678900
204.2000,1.671505
204.2200,1.663562
204.2400,1.653744
204.2600,1.644334
204.2800,1.634401
204.3000,1.623446
204.3200,1.616227
204.3400,1.636746
204.3600,1.624091
204.3800,1.558815
204.4000,1.495531
204.4200,1.440254
204.4400,1.389932
204.4600,1.350502
204.4800,1.311303
204.5000,1.267096
204.5200,1.237426
204.5400,1.208636
204.5600,1.189480
204.5800,1.229170
204.6000,1.272991
204.6200,1.314768
204.6400,1.359645
204.6600,1.409540
204.6800,1.468490
204.7000,1.534658
204.7200,1.626386
204.7400,1.758062
204.7600,1.830544
204.7800,1.848323
204.8000,1.866721
204.8200,1.892323
204.8400,1.921766
204.8600,1.966966
204.8800,2.040787
204.9000,2.063118
204.9200,2.096217
204.9400,2.094453
204.9600,2.059895
204.9800,1.953199
205.0000,1.823826
205.0200,1.694205
205.0400,1.574009
205.0600,1.465277
205.0800,1.365709
205.1000,1.274451
205.1200,1.191308
205.1400,1.116909
205.1600,1.050926
205.1800,0.989174
205.2000,0.932278
205.2200,0.879080
205.2400,0.828677
205.2600,0.781827
205.2800,0.737522
205.3000,0.696149
205.3200,0.657096
205.3400,0.620460
205.3600,0.585572
205.3800,0.555469
205.4000,0.528000
205.4200,0.499992
205.4400,0.473079
205.4600,0.447148
205.4800,0.422990
205.5000,0.400129
205.5200,0.378822
205.5400,0.359135
205.5600,0.341502
205.5800,0.323466
205.6000,0.306976
205.6200,0.290849
205.6400,0.276398
205.6600,0.262092
205.6800,0.249791
205.7000,0.238119
205.7200,0.226640
205.7400,0.214653
205.7600,0.203513
205.7800,0.194483
205.8000,0.191567
205.8200,0.192984
205.8400,0.199823
205.8600,0.211109
205.8800,0.227131
205.9000,0.245916
205.9200,0.266015
205.9400,0.286524
205.9600,0.305454
205.9800,0.319172
206.0000,0.318496
206.0200,0.315475
206.0400,0.309691
206.0600,0.300983
206.0800,0.290100
206.1000,0.277566
206.1200,0.265281
206.1400,0.252385
206.1600,0.239867
206.1800,0.228275
206.2000,0.232270
206.2200,0.240986
206.2400,0.248583
206.2600,0.255808
206.2800,0.263904
206.3000,0.270993
206.3200,0.279185
206.3400,0.287869
206.3600,0.295707
206.3800,0.302779
206.4000,0.308579
206.4200,0.311544
206.4400,0.312099
206.4600,0.309296
206.4800,0.303947
206.5000,0.296093
206.5200,0.286395
206.5400,0.274819
206.5600,0.262108
206.5800,0.248913
206.6000,0.260819
206.6200,0.282705
206.6400,0.296746
206.6600,0.303915
206.6800,0.303786
206.7000,0.296915
206.7200,0.284655
206.7400,0.268778
206.7600,0.251314
206.7800,0.233801
206.8000,0.218182
206.8200,0.205140
206.8400,0.194136
206.8600,0.185130
206.8800,0.177856
206.9000,0.171831
206.9200,0.167207
206.9400,0.164364
206.9600,0.161689
206.9800,0.161415
207.0000,0.158966
207.0200,0.156920
207.0400,0.157879
207.0600,0.161351
207.0800,0.166063
207.1000,0.171267
207.1200,0.178743
207.1400,0.186347
207.1600,0.196730
207.1800,0.204979
207.2000,0.215636
207.2200,0.227542
207.2400,0.241913
207.2600,0.258370
207.2800,0.275117
207.3000,0.296295
207.3200,0.315950
207.3400,0.341623
207.3600,0.365450
207.3800,0.392460
207.4000,0.414903
207.4200,0.421331
207.4400,0.422893
207.4600,0.420259
207.4800,0.414854
207.5000,0.406533
207.5200,0.395650
207.5400,0.383011
207.5600,0.369712
207.5800,0.355478
207.6000,0.343306
207.6200,0.350250
207.6400,0.366208
207.6600,0.387917
207.6800,0.416828
207.7000,0.451482
207.7200,0.490027
207.7400,0.532294
207.7600,0.575495
207.7800,0.618704
207.8000,0.660947
207.8200,0.705872
207.8400,0.746495
207.8600,0.782834
207.8800,0.817263
207.9000,0.851079
207.9200,0.883986
207.9400,0.913895
207.9600,0.939665
207.9800,0.959852
208.0000,0.973796
208.0200,0.926897
208.0400,0.870332
208.0600,0.823908
208.0800,0.786185
208.1000,0.756154
208.1200,0.734565
208.1400,0.722764
208.1600,0.721161
208.1800,0.731126
208.2000,0.749194
208.2200,0.828210
208.2400,0.925963
208.2600,1.015248
208.2800,1.100082
208.3000,1.186427
208.3200,1.273539
208.3400,1.357759
208.3600,1.438459
208.3800,1.517355
208.4000,1.599069
208.4200,1.656886
208.4400,1.660340
208.4600,1.678498
208.4800,1.711361
208.5000,1.748879
208.5200,1.780261
208.5400,1.803235
208.5600,1.817930
208.5800,1.829843
208.6000,1.841701
208.6200,1.854196
208.6400,1.877873
208.6600,1.914766
208.6800,1.964744
208.7000,2.019785
208.7200,2.064583
208.7400,2.085842
208.7600,2.078035
208.7800,2.053313
208.8000,2.032144
208.8200,2.043413
208.8400,2.120264
208.8600,2.185988
208.8800,2.240719
208.9000,2.289180
208.9200,2.337087
208.9400,2.389965
208.9600,2.449921
208.9800,2.514979
209.0000,2.584161
209.0200,2.657291
209.0400,2.746901
209.0600,2.831397
209.0800,2.908700
209.1000,2.979550
209.1200,3.041207
209.1400,3.092636
209.1600,3.135799
209.1800,3.169576
209.2000,3.196014
209.2200,3.214987
209.2400,3.228769
209.2600,3.241811
209.2800,3.253428
209.3000,3.262651
209.3200,3.270450
209.3400,3.275816
209.3600,3.279577
209.3800,3.280697
209.4000,3.279658
209.4200,3.276838
209.4400,3.244800
209.4600,3.186694
209.4800,3.140824
209.5000,3.104389
209.5200,3.073986
209.5400,3.048651
209.5600,3.030896
209.5800,3.017403
209.6000,3.008268
209.6200,3.003918
209.6400,2.939723
209.6600,2.835964
209.6800,2.765686
209.7000,2.705228
209.7200,2.618776
209.7400,2.540773
209.7600,2.494527
209.7800,2.427833
209.8000,2.354881
209.8200,2.287723
209.8400,2.284412
209.8600,2.397794
209.8800,2.494672
209.9000,2.579778
