time_s,voltage_v
0.0000,0.088598
0.0200,0.046931
0.0400,0.047923
0.0600,0.077018
0.0800,0.078456
0.1000,0.143872
0.1200,0.367393
0.1400,0.300904
0.1600,0.544943
0.1800,0.388733
0.2000,0.575613
0.2200,0.699884
0.2400,0.546571
0.2600,1.020237
0.2800,1.318842
0.3000,1.616131
0.3200,1.160570
0.3400,0.816836
0.3600,0.449236
0.3800,0.269069
0.4000,0.171826
0.4200,0.578503
0.4400,1.110621
0.4600,1.120787
0.4800,1.368685
0.5000,1.459271
0.5200,1.363337
0.5400,0.943269
0.5600,0.753861
0.5800,0.796205
0.6000,0.447805
0.6200,0.244657
0.6400,0.176151
0.6600,0.117079
0.6800,0.427210
0.7000,0.810935
0.7200,0.736552
0.7400,0.608769
0.7600,0.575696
0.7800,0.966135
0.8000,1.162489
0.8200,0.817688
0.8400,0.452630
0.8600,0.253113
0.8800,0.326912
0.9000,0.560543
0.9200,0.320488
0.9400,0.296219
0.9600,0.374942
0.9800,0.301112
1.0000,0.496391
1.0200,0.314655
1.0400,0.452483
1.0600,1.149589
1.0800,1.843528
1.1000,1.934235
1.1200,2.191066
1.1400,3.292456
1.1600,3.497442
1.1800,3.514904
1.2000,3.264104
1.2200,3.595187
1.2400,3.393959
1.2600,2.941376
1.2800,3.057778
1.3000,2.921512
1.3200,2.765279
1.3400,2.514563
1.3600,3.062515
1.3800,2.372771
1.4000,1.529507
1.4200,0.863312
1.4400,0.673187
1.4600,0.484446
1.4800,0.332568
1.5000,0.222967
1.5200,0.228176
1.5400,0.358341
1.5600,0.533377
1.5800,0.400512
1.6000,0.372522
1.6200,0.477325
1.6400,0.542543
1.6600,0.460760
1.6800,0.482089
1.7000,0.796740
1.7200,0.642188
1.7400,0.400735
1.7600,0.723954
1.7800,0.671029
1.8000,0.394291
1.8200,0.683861
1.8400,1.346894
1.8600,2.085053
1.8800,2.350247
1.9000,2.523412
1.9200,2.810927
1.9400,2.262504
1.9600,1.656922
1.9800,1.472086
2.0000,1.352179
2.0200,0.877279
2.0400,0.480680
2.0600,0.682687
2.0800,1.681766
2.1000,2.379117
2.1200,2.520260
2.1400,2.858097
2.1600,3.000195
2.1800,2.954119
2.2000,3.096611
2.2200,3.025504
2.2400,2.936986
2.2600,2.925308
2.2800,2.654810
2.3000,2.088798
2.3200,1.762413
2.3400,1.909663
2.3600,2.014667
2.3800,1.417647
2.4000,1.046856
2.4200,1.025293
2.4400,1.292750
2.4600,1.286262
2.4800,1.047692
2.5000,0.697270
2.5200,0.387596
2.5400,0.279425
2.5600,0.335695
2.5800,0.298354
2.6000,0.495488
2.6200,0.711790
2.6400,0.957734
2.6600,1.028994
2.6800,1.596360
2.7000,2.368952
2.7200,2.312142
2.7400,2.000229
2.7600,1.728543
2.7800,1.066507
2.8000,0.649029
2.8200,0.459775
2.8400,0.767570
2.8600,1.416393
2.8800,1.098368
2.9000,1.230023
2.9200,1.435158
2.9400,2.109605
2.9600,2.421217
2.9800,3.410137
3.0000,3.600000
3.0200,3.600000
3.0400,3.598953
3.0600,2.234262
3.0800,1.203224
3.1000,0.088598
3.1200,0.046931
3.1400,0.047923
3.1600,0.077018
3.1800,0.078456
3.2000,0.143872
3.2200,0.367393
3.2400,0.300904
3.2600,0.544943
3.2800,0.388733
3.3000,0.575613
3.3200,0.699884
3.3400,0.546571
3.3600,1.020237
3.3800,1.318842
3.4000,1.616131
3.4200,1.160570
3.4400,0.816836
3.4600,0.449236
3.4800,0.269069
3.5000,0.171826
3.5200,0.578503
3.5400,1.110621
3.5600,1.120787
3.5800,1.368685
3.6000,1.459271
3.6200,1.363337
3.6400,0.943269
3.6600,0.753861
3.6800,0.796205
3.7000,0.447805
3.7200,0.244657
3.7400,0.176151
3.7600,0.117079
3.7800,0.427210
3.8000,0.810935
3.8200,0.736552
3.8400,0.608769
3.8600,0.575696
3.8800,0.966135
3.9000,1.162489
3.9200,0.817688
3.9400,0.452630
3.9600,0.253113
3.9800,0.326912
4.0000,0.560543
4.0200,0.320488
4.0400,0.296219
4.0600,0.374942
4.0800,0.301112
4.1000,0.496391
4.1200,0.314655
4.1400,0.452483
4.1600,1.149589
4.1800,1.843528
4.2000,1.934235
4.2200,2.191066
4.2400,3.292456
4.2600,3.497442
4.2800,3.514904
4.3000,3.264104
4.3200,3.595187
4.3400,3.393959
4.3600,2.941376
4.3800,3.057778
4.4000,2.921512
4.4200,2.765279
4.4400,2.514563
4.4600,3.062515
4.4800,2.372771
4.5000,1.529507
4.5200,0.863312
4.5400,0.673187
4.5600,0.484446
4.5800,0.332568
4.6000,0.222967
4.6200,0.228176
4.6400,0.358341
4.6600,0.533377
4.6800,0.400512
4.7000,0.372522
4.7200,0.477325
4.7400,0.542543
4.7600,0.460760
4.7800,0.482089
4.8000,0.796740
4.8200,0.642188
4.8400,0.400735
4.8600,0.723954
4.8800,0.671029
4.9000,0.394291
4.9200,0.683861
4.9400,1.346894
4.9600,2.085053
4.9800,2.350247
5.0000,2.523412
5.0200,2.810927
5.0400,2.262504
5.0600,1.656922
5.0800,1.472086
5.1000,1.352179
5.1200,0.877279
5.1400,0.480680
5.1600,0.682687
5.1800,1.681766
5.2000,2.379117
5.2200,2.520260
5.2400,2.858097
5.2600,3.000195
5.2800,2.954119
5.3000,3.096611
5.3200,3.025504
5.3400,2.936986
5.3600,2.925308
5.3800,2.654810
5.4000,2.088798
5.4200,1.762413
5.4400,1.909663
5.4600,2.014667
5.4800,1.417647
5.5000,1.046856
5.5200,1.025293
5.5400,1.292750
5.5600,1.286262
5.5800,1.047692
5.6000,0.697270
5.6200,0.387596
5.6400,0.279425
5.6600,0.335695
5.6800,0.298354
5.7000,0.495488
5.7200,0.711790
5.7400,0.957734
5.7600,1.028994
5.7800,1.596360
5.8000,2.368952
5.8200,2.312142
5.8400,2.000229
5.8600,1.728543
5.8800,1.066507
5.9000,0.649029
5.9200,0.459775
5.9400,0.767570
5.9600,1.416393
5.9800,1.098368
6.0000,1.230023
6.0200,1.435158
6.0400,2.109605
6.0600,2.421217
6.0800,3.410137
6.1000,3.600000
6.1200,3.600000
6.1400,3.598953
6.1600,2.234262
6.1800,1.203224
6.2000,0.088598
6.2200,0.046931
6.2400,0.047923
6.2600,0.077018
6.2800,0.078456
6.3000,0.143872
6.3200,0.367393
6.3400,0.300904
6.3600,0.544943
6.3800,0.388733
6.4000,0.575613
6.4200,0.699884
6.4400,0.546571
6.4600,1.020237
6.4800,1.318842
6.5000,1.616131
6.5200,1.160570
6.5400,0.816836
6.5600,0.449236
6.5800,0.269069
6.6000,0.171826
6.6200,0.578503
6.6400,1.110621
6.6600,1.120787
6.6800,1.368685
6.7000,1.459271
6.7200,1.363337
6.7400,0.943269
6.7600,0.753861
6.7800,0.796205
6.8000,0.447805
6.8200,0.244657
6.8400,0.176151
6.8600,0.117079
6.8800,0.427210
6.9000,0.810935
6.9200,0.736552
6.9400,0.608769
6.9600,0.575696
6.9800,0.966135
7.0000,1.162489
7.0200,0.817688
7.0400,0.452630
7.0600,0.253113
7.0800,0.326912
7.1000,0.560543
7.1200,0.320488
7.1400,0.296219
7.1600,0.374942
7.1800,0.301112
7.2000,0.496391
7.2200,0.314655
7.2400,0.452483
7.2600,1.149589
7.2800,1.843528
7.3000,1.934235
7.3200,2.191066
7.3400,3.292456
7.3600,3.497442
7.3800,3.514904
7.4000,3.264104
7.4200,3.595187
7.4400,3.393959
7.4600,2.941376
7.4800,3.057778
7.5000,2.921512
7.5200,2.765279
7.5400,2.514563
7.5600,3.062515
7.5800,2.372771
7.6000,1.529507
7.6200,0.863312
7.6400,0.673187
7.6600,0.484446
7.6800,0.332568
7.7000,0.222967
7.7200,0.228176
7.7400,0.358341
7.7600,0.533377
7.7800,0.400512
7.8000,0.372522
7.8200,0.477325
7.8400,0.542543
7.8600,0.460760
7.8800,0.482089
7.9000,0.796740
7.9200,0.642188
7.9400,0.400735
7.9600,0.723954
7.9800,0.671029
8.0000,0.394291
8.0200,0.683861
8.0400,1.346894
8.0600,2.085053
8.0800,2.350247
8.1000,2.523412
8.1200,2.810927
8.1400,2.262504
8.1600,1.656922
8.1800,1.472086
8.2000,1.352179
8.2200,0.877279
8.2400,0.480680
8.2600,0.682687
8.2800,1.681766
8.3000,2.379117
8.3200,2.520260
8.3400,2.858097
8.3600,3.000195
8.3800,2.954119
8.4000,3.096611
8.4200,3.025504
8.4400,2.936986
8.4600,2.925308
8.4800,2.654810
8.5000,2.088798
8.5200,1.762413
8.5400,1.909663
8.5600,2.014667
8.5800,1.417647
8.6000,1.046856
8.6200,1.025293
8.6400,1.292750
8.6600,1.286262
8.6800,1.047692
8.7000,0.697270
8.7200,0.387596
8.7400,0.279425
8.7600,0.335695
8.7800,0.298354
8.8000,0.495488
8.8200,0.711790
8.8400,0.957734
8.8600,1.028994
8.8800,1.596360
8.9000,2.368952
8.9200,2.312142
8.9400,2.000229
8.9600,1.728543
8.9800,1.066507
9.0000,0.649029
9.0200,0.459775
9.0400,0.767570
9.0600,1.416393
9.0800,1.098368
9.1000,1.230023
9.1200,1.435158
9.1400,2.109605
9.1600,2.421217
9.1800,3.410137
9.2000,3.600000
9.2200,3.600000
9.2400,3.598953
9.2600,2.234262
9.2800,1.203224
9.3000,0.088598
9.3200,0.046931
9.3400,0.047923
9.3600,0.077018
9.3800,0.078456
9.4000,0.143872
9.4200,0.367393
9.4400,0.300904
9.4600,0.544943
9.4800,0.388733
9.5000,0.575613
9.5200,0.699884
9.5400,0.546571
9.5600,1.020237
9.5800,1.318842
9.6000,1.616131
9.6200,1.160570
9.6400,0.816836
9.6600,0.449236
9.6800,0.269069
9.7000,0.171826
9.7200,0.578503
9.7400,1.110621
9.7600,1.120787
9.7800,1.368685
9.8000,1.459271
9.8200,1.363337
9.8400,0.943269
9.8600,0.753861
9.8800,0.796205
9.9000,0.447805
9.9200,0.244657
9.9400,0.176151
9.9600,0.117079
9.9800,0.427210
10.0000,0.810935
10.0200,0.736552
10.0400,0.608769
10.0600,0.575696
10.0800,0.966135
10.1000,1.162489
10.1200,0.817688
10.1400,0.452630
10.1600,0.253113
10.1800,0.326912
10.2000,0.560543
10.2200,0.320488
10.2400,0.296219
10.2600,0.374942
10.2800,0.301112
10.3000,0.496391
10.3200,0.314655
10.3400,0.452483
10.3600,1.149589
10.3800,1.843528
10.4000,1.934235
10.4200,2.191066
10.4400,3.292456
10.4600,3.497442
10.4800,3.514904
10.5000,3.264104
10.5200,3.595187
10.5400,3.393959
10.5600,2.941376
10.5800,3.057778
10.6000,2.921512
10.6200,2.765279
10.6400,2.514563
10.6600,3.062515
10.6800,2.372771
10.7000,1.529507
10.7200,0.863312
10.7400,0.673187
10.7600,0.484446
10.7800,0.332568
10.8000,0.222967
10.8200,0.228176
10.8400,0.358341
10.8600,0.533377
10.8800,0.400512
10.9000,0.372522
10.9200,0.477325
10.9400,0.542543
10.9600,0.460760
10.9800,0.482089
11.0000,0.796740
11.0200,0.642188
11.0400,0.400735
11.0600,0.723954
11.0800,0.671029
11.1000,0.394291
11.1200,0.683861
11.1400,1.346894
11.1600,2.085053
11.1800,2.350247
11.2000,2.523412
11.2200,2.810927
11.2400,2.262504
11.2600,1.656922
11.2800,1.472086
11.3000,1.352179
11.3200,0.877279
11.3400,0.480680
11.3600,0.682687
11.3800,1.681766
11.4000,2.379117
11.4200,2.520260
11.4400,2.858097
11.4600,3.000195
11.4800,2.954119
11.5000,3.096611
11.5200,3.025504
11.5400,2.936986
11.5600,2.925308
11.5800,2.654810
11.6000,2.088798
11.6200,1.762413
11.6400,1.909663
11.6600,2.014667
11.6800,1.417647
11.7000,1.046856
11.7200,1.025293
11.7400,1.292750
11.7600,1.286262
11.7800,1.047692
11.8000,0.697270
11.8200,0.387596
11.8400,0.279425
11.8600,0.335695
11.8800,0.298354
11.9000,0.495488
11.9200,0.711790
11.9400,0.957734
11.9600,1.028994
11.9800,1.596360
12.0000,2.368952
12.0200,2.312142
12.0400,2.000229
12.0600,1.728543
12.0800,1.066507
12.1000,0.649029
12.1200,0.459775
12.1400,0.767570
12.1600,1.416393
12.1800,1.098368
12.2000,1.230023
12.2200,1.435158
12.2400,2.109605
12.2600,2.421217
12.2800,3.410137
12.3000,3.600000
12.3200,3.600000
12.3400,3.598953
12.3600,2.234262
12.3800,1.203224
12.4000,0.088598
12.4200,0.046931
12.4400,0.047923
12.4600,0.077018
12.4800,0.078456
12.5000,0.143872
12.5200,0.367393
12.5400,0.300904
12.5600,0.544943
12.5800,0.388733
12.6000,0.575613
12.6200,0.699884
12.6400,0.546571
12.6600,1.020237
12.6800,1.318842
12.7000,1.616131
12.7200,1.160570
12.7400,0.816836
12.7600,0.449236
12.7800,0.269069
12.8000,0.171826
12.8200,0.578503
12.8400,1.110621
12.8600,1.120787
12.8800,1.368685
12.9000,1.459271
12.9200,1.363337
12.9400,0.943269
12.9600,0.753861
12.9800,0.796205
13.0000,0.447805
13.0200,0.244657
13.0400,0.176151
13.0600,0.117079
13.0800,0.427210
13.1000,0.810935
13.1200,0.736552
13.1400,0.608769
13.1600,0.575696
13.1800,0.966135
13.2000,1.162489
13.2200,0.817688
13.2400,0.452630
13.2600,0.253113
13.2800,0.326912
13.3000,0.560543
13.3200,0.320488
13.3400,0.296219
13.3600,0.374942
13.3800,0.301112
13.4000,0.496391
13.4200,0.314655
13.4400,0.452483
13.4600,1.149589
13.4800,1.843528
13.5000,1.934235
13.5200,2.191066
13.5400,3.292456
13.5600,3.497442
13.5800,3.514904
13.6000,3.264104
13.6200,3.595187
13.6400,3.393959
13.6600,2.941376
13.6800,3.057778
13.7000,2.921512
13.7200,2.765279
13.7400,2.514563
13.7600,3.062515
13.7800,2.372771
13.8000,1.529507
13.8200,0.863312
13.8400,0.673187
13.8600,0.484446
13.8800,0.332568
13.9000,0.222967
13.9200,0.228176
13.9400,0.358341
13.9600,0.533377
13.9800,0.400512
14.0000,0.372522
14.0200,0.477325
14.0400,0.542543
14.0600,0.460760
14.0800,0.482089
14.1000,0.796740
14.1200,0.642188
14.1400,0.400735
14.1600,0.723954
14.1800,0.671029
14.2000,0.394291
14.2200,0.683861
14.2400,1.346894
14.2600,2.085053
14.2800,2.350247
14.3000,2.523412
14.3200,2.810927
14.3400,2.262504
14.3600,1.656922
14.3800,1.472086
14.4000,1.352179
14.4200,0.877279
14.4400,0.480680
14.4600,0.682687
14.4800,1.681766
14.5000,2.379117
14.5200,2.520260
14.5400,2.858097
14.5600,3.000195
14.5800,2.954119
14.6000,3.096611
14.6200,3.025504
14.6400,2.936986
14.6600,2.925308
14.6800,2.654810
14.7000,2.088798
14.7200,1.762413
14.7400,1.909663
14.7600,2.014667
14.7800,1.417647
14.8000,1.046856
14.8200,1.025293
14.8400,1.292750
14.8600,1.286262
14.8800,1.047692
14.9000,0.697270
14.9200,0.387596
14.9400,0.279425
14.9600,0.335695
14.9800,0.298354
15.0000,0.495488
15.0200,0.711790
15.0400,0.957734
15.0600,1.028994
15.0800,1.596360
15.1000,2.368952
15.1200,2.312142
15.1400,2.000229
15.1600,1.728543
15.1800,1.066507
15.2000,0.649029
15.2200,0.459775
15.2400,0.767570
15.2600,1.416393
15.2800,1.098368
15.3000,1.230023
15.3200,1.435158
15.3400,2.109605
15.3600,2.421217
15.3800,3.410137
15.4000,3.600000
15.4200,3.600000
15.4400,3.598953
15.4600,2.234262
15.4800,1.203224
15.5000,0.088598
15.5200,0.046931
15.5400,0.047923
15.5600,0.077018
15.5800,0.078456
15.6000,0.143872
15.6200,0.367393
15.6400,0.300904
15.6600,0.544943
15.6800,0.388733
15.7000,0.575613
15.7200,0.699884
15.7400,0.546571
15.7600,1.020237
15.7800,1.318842
15.8000,1.616131
15.8200,1.160570
15.8400,0.816836
15.8600,0.449236
15.8800,0.269069
15.9000,0.171826
15.9200,0.578503
15.9400,1.110621
15.9600,1.120787
15.9800,1.368685
16.0000,1.459271
16.0200,1.363337
16.0400,0.943269
16.0600,0.753861
16.0800,0.796205
16.1000,0.447805
16.1200,0.244657
16.1400,0.176151
16.1600,0.117079
16.1800,0.427210
16.2000,0.810935
16.2200,0.736552
16.2400,0.608769
16.2600,0.575696
16.2800,0.966135
16.3000,1.162489
16.3200,0.817688
16.3400,0.452630
16.3600,0.253113
16.3800,0.326912
16.4000,0.560543
16.4200,0.320488
16.4400,0.296219
16.4600,0.374942
16.4800,0.301112
16.5000,0.496391
16.5200,0.314655
16.5400,0.452483
16.5600,1.149589
16.5800,1.843528
16.6000,1.934235
16.6200,2.191066
16.6400,3.292456
16.6600,3.497442
16.6800,3.514904
16.7000,3.264104
16.7200,3.595187
16.7400,3.393959
16.7600,2.941376
16.7800,3.057778
16.8000,2.921512
16.8200,2.765279
16.8400,2.514563
16.8600,3.062515
16.8800,2.372771
16.9000,1.529507
16.9200,0.863312
16.9400,0.673187
16.9600,0.484446
16.9800,0.332568
17.0000,0.222967
17.0200,0.228176
17.0400,0.358341
17.0600,0.533377
17.0800,0.400512
17.1000,0.372522
17.1200,0.477325
17.1400,0.542543
17.1600,0.460760
17.1800,0.482089
17.2000,0.796740
17.2200,0.642188
17.2400,0.400735
17.2600,0.723954
17.2800,0.671029
17.3000,0.394291
17.3200,0.683861
17.3400,1.346894
17.3600,2.085053
17.3800,2.350247
17.4000,2.523412
17.4200,2.810927
17.4400,2.262504
17.4600,1.656922
17.4800,1.472086
17.5000,1.352179
17.5200,0.877279
17.5400,0.480680
17.5600,0.682687
17.5800,1.681766
17.6000,2.379117
17.6200,2.520260
17.6400,2.858097
17.6600,3.000195
17.6800,2.954119
17.7000,3.096611
17.7200,3.025504
17.7400,2.936986
17.7600,2.925308
17.7800,2.654810
17.8000,2.088798
17.8200,1.762413
17.8400,1.909663
17.8600,2.014667
17.8800,1.417647
17.9000,1.046856
17.9200,1.025293
17.9400,1.292750
17.9600,1.286262
17.9800,1.047692
18.0000,0.697270
18.0200,0.387596
18.0400,0.279425
18.0600,0.335695
18.0800,0.298354
18.1000,0.495488
18.1200,0.711790
18.1400,0.957734
18.1600,1.028994
18.1800,1.596360
18.2000,2.368952
18.2200,2.312142
18.2400,2.000229
18.2600,1.728543
18.2800,1.066507
18.3000,0.649029
18.3200,0.459775
18.3400,0.767570
18.3600,1.416393
18.3800,1.098368
18.4000,1.230023
18.4200,1.435158
18.4400,2.109605
18.4600,2.421217
18.4800,3.410137
18.5000,3.600000
18.5200,3.600000
18.5400,3.598953
18.5600,2.234262
18.5800,1.203224
18.6000,0.088598
18.6200,0.046931
18.6400,0.047923
18.6600,0.077018
18.6800,0.078456
18.7000,0.143872
18.7200,0.367393
18.7400,0.300904
18.7600,0.544943
18.7800,0.388733
18.8000,0.575613
18.8200,0.699884
18.8400,0.546571
18.8600,1.020237
18.8800,1.318842
18.9000,1.616131
18.9200,1.160570
18.9400,0.816836
18.9600,0.449236
18.9800,0.269069
19.0000,0.171826
19.0200,0.578503
19.0400,1.110621
19.0600,1.120787
19.0800,1.368685
19.1000,1.459271
19.1200,1.363337
19.1400,0.943269
19.1600,0.753861
19.1800,0.796205
19.2000,0.447805
19.2200,0.244657
19.2400,0.176151
19.2600,0.117079
19.2800,0.427210
19.3000,0.810935
19.3200,0.736552
19.3400,0.608769
19.3600,0.575696
19.3800,0.966135
19.4000,1.162489
19.4200,0.817688
19.4400,0.452630
19.4600,0.253113
19.4800,0.326912
19.5000,0.560543
19.5200,0.320488
19.5400,0.296219
19.5600,0.374942
19.5800,0.301112
19.6000,0.496391
19.6200,0.314655
19.6400,0.452483
19.6600,1.149589
19.6800,1.843528
19.7000,1.934235
19.7200,2.191066
19.7400,3.292456
19.7600,3.497442
19.7800,3.514904
19.8000,3.264104
19.8200,3.595187
19.8400,3.393959
19.8600,2.941376
19.8800,3.057778
19.9000,2.921512
19.9200,2.765279
19.9400,2.514563
19.9600,3.062515
19.9800,2.372771
20.0000,1.529507
20.0200,0.863312
20.0400,0.673187
20.0600,0.484446
20.0800,0.332568
20.1000,0.222967
20.1200,0.228176
20.1400,0.358341
20.1600,0.533377
20.1800,0.400512
20.2000,0.372522
20.2200,0.477325
20.2400,0.542543
20.2600,0.460760
20.2800,0.482089
20.3000,0.796740
20.3200,0.642188
20.3400,0.400735
20.3600,0.723954
20.3800,0.671029
20.4000,0.394291
20.4200,0.683861
20.4400,1.346894
20.4600,2.085053
20.4800,2.350247
20.5000,2.523412
20.5200,2.810927
20.5400,2.262504
20.5600,1.656922
20.5800,1.472086
20.6000,1.352179
20.6200,0.877279
20.6400,0.480680
20.6600,0.682687
20.6800,1.681766
20.7000,2.379117
20.7200,2.520260
20.7400,2.858097
20.7600,3.000195
20.7800,2.954119
20.8000,3.096611
20.8200,3.025504
20.8400,2.936986
20.8600,2.925308
20.8800,2.654810
20.9000,2.088798
20.9200,1.762413
20.9400,1.909663
20.9600,2.014667
20.9800,1.417647
21.0000,1.046856
21.0200,1.025293
21.0400,1.292750
21.0600,1.286262
21.0800,1.047692
21.1000,0.697270
21.1200,0.387596
21.1400,0.279425
21.1600,0.335695
21.1800,0.298354
21.2000,0.495488
21.2200,0.711790
21.2400,0.957734
21.2600,1.028994
21.2800,1.596360
21.3000,2.368952
21.3200,2.312142
21.3400,2.000229
21.3600,1.728543
21.3800,1.066507
21.4000,0.649029
21.4200,0.459775
21.4400,0.767570
21.4600,1.416393
21.4800,1.098368
21.5000,1.230023
21.5200,1.435158
21.5400,2.109605
21.5600,2.421217
21.5800,3.410137
21.6000,3.600000
21.6200,3.600000
21.6400,3.598953
21.6600,2.234262
21.6800,1.203224
21.7000,0.088598
21.7200,0.046931
21.7400,0.047923
21.7600,0.077018
21.7800,0.078456
21.8000,0.143872
21.8200,0.367393
21.8400,0.300904
21.8600,0.544943
21.8800,0.388733
21.9000,0.575613
21.9200,0.699884
21.9400,0.546571
21.9600,1.020237
21.9800,1.318842
22.0000,1.616131
22.0200,1.160570
22.0400,0.816836
22.0600,0.449236
22.0800,0.269069
22.1000,0.171826
22.1200,0.578503
22.1400,1.110621
22.1600,1.120787
22.1800,1.368685
22.2000,1.459271
22.2200,1.363337
22.2400,0.943269
22.2600,0.753861
22.2800,0.796205
22.3000,0.447805
22.3200,0.244657
22.3400,0.176151
22.3600,0.117079
22.3800,0.427210
22.4000,0.810935
22.4200,0.736552
22.4400,0.608769
22.4600,0.575696
22.4800,0.966135
22.5000,1.162489
22.5200,0.817688
22.5400,0.452630
22.5600,0.253113
22.5800,0.326912
22.6000,0.560543
22.6200,0.320488
22.6400,0.296219
22.6600,0.374942
22.6800,0.301112
22.7000,0.496391
22.7200,0.314655
22.7400,0.452483
22.7600,1.149589
22.7800,1.843528
22.8000,1.934235
22.8200,2.191066
22.8400,3.292456
22.8600,3.497442
22.8800,3.514904
22.9000,3.264104
22.9200,3.595187
22.9400,3.393959
22.9600,2.941376
22.9800,3.057778
23.0000,2.921512
23.0200,2.765279
23.0400,2.514563
23.0600,3.062515
23.0800,2.372771
23.1000,1.529507
23.1200,0.863312
23.1400,0.673187
23.1600,0.484446
23.1800,0.332568
23.2000,0.222967
23.2200,0.228176
23.2400,0.358341
23.2600,0.533377
23.2800,0.400512
23.3000,0.372522
23.3200,0.477325
23.3400,0.542543
23.3600,0.460760
23.3800,0.482089
23.4000,0.796740
23.4200,0.642188
23.4400,0.400735
23.4600,0.723954
23.4800,0.671029
23.5000,0.394291
23.5200,0.683861
23.5400,1.346894
23.5600,2.085053
23.5800,2.350247
23.6000,2.523412
23.6200,2.810927
23.6400,2.262504
23.6600,1.656922
23.6800,1.472086
23.7000,1.352179
23.7200,0.877279
23.7400,0.480680
23.7600,0.682687
23.7800,1.681766
23.8000,2.379117
23.8200,2.520260
23.8400,2.858097
23.8600,3.000195
23.8800,2.954119
23.9000,3.096611
23.9200,3.025504
23.9400,2.936986
23.9600,2.925308
23.9800,2.654810
24.0000,2.088798
24.0200,1.762413
24.0400,1.909663
24.0600,2.014667
24.0800,1.417647
24.1000,1.046856
24.1200,1.025293
24.1400,1.292750
24.1600,1.286262
24.1800,1.047692
24.2000,0.697270
24.2200,0.387596
24.2400,0.279425
24.2600,0.335695
24.2800,0.298354
24.3000,0.495488
24.3200,0.711790
24.3400,0.957734
24.3600,1.028994
24.3800,1.596360
24.4000,2.368952
24.4200,2.312142
24.4400,2.000229
24.4600,1.728543
24.4800,1.066507
24.5000,0.649029
24.5200,0.459775
24.5400,0.767570
24.5600,1.416393
24.5800,1.098368
24.6000,1.230023
24.6200,1.435158
24.6400,2.109605
24.6600,2.421217
24.6800,3.410137
24.7000,3.600000
24.7200,3.600000
24.7400,3.598953
24.7600,2.234262
24.7800,1.203224
24.8000,0.088598
24.8200,0.046931
24.8400,0.047923
24.8600,0.077018
24.8800,0.078456
24.9000,0.143872
24.9200,0.367393
24.9400,0.300904
24.9600,0.544943
24.9800,0.388733
25.0000,0.575613
25.0200,0.699884
25.0400,0.546571
25.0600,1.020237
25.0800,1.318842
25.1000,1.616131
25.1200,1.160570
25.1400,0.816836
25.1600,0.449236
25.1800,0.269069
25.2000,0.171826
25.2200,0.578503
25.2400,1.110621
25.2600,1.120787
25.2800,1.368685
25.3000,1.459271
25.3200,1.363337
25.3400,0.943269
25.3600,0.753861
25.3800,0.796205
25.4000,0.447805
25.4200,0.244657
25.4400,0.176151
25.4600,0.117079
25.4800,0.427210
25.5000,0.810935
25.5200,0.736552
25.5400,0.608769
25.5600,0.575696
25.5800,0.966135
25.6000,1.162489
25.6200,0.817688
25.6400,0.452630
25.6600,0.253113
25.6800,0.326912
25.7000,0.560543
25.7200,0.320488
25.7400,0.296219
25.7600,0.374942
25.7800,0.301112
25.8000,0.496391
25.8200,0.314655
25.8400,0.452483
25.8600,1.149589
25.8800,1.843528
25.9000,1.934235
25.9200,2.191066
25.9400,3.292456
25.9600,3.497442
25.9800,3.514904
26.0000,3.264104
26.0200,3.595187
26.0400,3.393959
26.0600,2.941376
26.0800,3.057778
26.1000,2.921512
26.1200,2.765279
26.1400,2.514563
26.1600,3.062515
26.1800,2.372771
26.2000,1.529507
26.2200,0.863312
26.2400,0.673187
26.2600,0.484446
26.2800,0.332568
26.3000,0.222967
26.3200,0.228176
26.3400,0.358341
26.3600,0.533377
26.3800,0.400512
26.4000,0.372522
26.4200,0.477325
26.4400,0.542543
26.4600,0.460760
26.4800,0.482089
26.5000,0.796740
26.5200,0.642188
26.5400,0.400735
26.5600,0.723954
26.5800,0.671029
26.6000,0.394291
26.6200,0.683861
26.6400,1.346894
26.6600,2.085053
26.6800,2.350247
26.7000,2.523412
26.7200,2.810927
26.7400,2.262504
26.7600,1.656922
26.7800,1.472086
26.8000,1.352179
26.8200,0.877279
26.8400,0.480680
26.8600,0.682687
26.8800,1.681766
26.9000,2.379117
26.9200,2.520260
26.9400,2.858097
26.9600,3.000195
26.9800,2.954119
27.0000,3.096611
27.0200,3.025504
27.0400,2.936986
27.0600,2.925308
27.0800,2.654810
27.1000,2.088798
27.1200,1.762413
27.1400,1.909663
27.1600,2.014667
27.1800,1.417647
27.2000,1.046856
27.2200,1.025293
27.2400,1.292750
27.2600,1.286262
27.2800,1.047692
27.3000,0.697270
27.3200,0.387596
27.3400,0.279425
27.3600,0.335695
27.3800,0.298354
27.4000,0.495488
27.4200,0.711790
27.4400,0.957734
27.4600,1.028994
27.4800,1.596360
27.5000,2.368952
27.5200,2.312142
27.5400,2.000229
27.5600,1.728543
27.5800,1.066507
27.6000,0.649029
27.6200,0.459775
27.6400,0.767570
27.6600,1.416393
27.6800,1.098368
27.7000,1.230023
27.7200,1.435158
27.7400,2.109605
27.7600,2.421217
27.7800,3.410137
27.8000,3.600000
27.8200,3.600000
27.8400,3.598953
27.8600,2.234262
27.8800,1.203224
27.9000,0.088598
27.9200,0.046931
27.9400,0.047923
27.9600,0.077018
27.9800,0.078456
28.0000,0.143872
28.0200,0.367393
28.0400,0.300904
28.0600,0.544943
28.0800,0.388733
28.1000,0.575613
28.1200,0.699884
28.1400,0.546571
28.1600,1.020237
28.1800,1.318842
28.2000,1.616131
28.2200,1.160570
28.2400,0.816836
28.2600,0.449236
28.2800,0.269069
28.3000,0.171826
28.3200,0.578503
28.3400,1.110621
28.3600,1.120787
28.3800,1.368685
28.4000,1.459271
28.4200,1.363337
28.4400,0.943269
28.4600,0.753861
28.4800,0.796205
28.5000,0.447805
28.5200,0.244657
28.5400,0.176151
28.5600,0.117079
28.5800,0.427210
28.6000,0.810935
28.6200,0.736552
28.6400,0.608769
28.6600,0.575696
28.6800,0.966135
28.7000,1.162489
28.7200,0.817688
28.7400,0.452630
28.7600,0.253113
28.7800,0.326912
28.8000,0.560543
28.8200,0.320488
28.8400,0.296219
28.8600,0.374942
28.8800,0.301112
28.9000,0.496391
28.9200,0.314655
28.9400,0.452483
28.9600,1.149589
28.9800,1.843528
29.0000,1.934235
29.0200,2.191066
29.0400,3.292456
29.0600,3.497442
29.0800,3.514904
29.1000,3.264104
29.1200,3.595187
29.1400,3.393959
29.1600,2.941376
29.1800,3.057778
29.2000,2.921512
29.2200,2.765279
29.2400,2.514563
29.2600,3.062515
29.2800,2.372771
29.3000,1.529507
29.3200,0.863312
29.3400,0.673187
29.3600,0.484446
29.3800,0.332568
29.4000,0.222967
29.4200,0.228176
29.4400,0.358341
29.4600,0.533377
29.4800,0.400512
29.5000,0.372522
29.5200,0.477325
29.5400,0.542543
29.5600,0.460760
29.5800,0.482089
29.6000,0.796740
29.6200,0.642188
29.6400,0.400735
29.6600,0.723954
29.6800,0.671029
29.7000,0.394291
29.7200,0.683861
29.7400,1.346894
29.7600,2.085053
29.7800,2.350247
29.8000,2.523412
29.8200,2.810927
29.8400,2.262504
29.8600,1.656922
29.8800,1.472086
29.9000,1.352179
29.9200,0.877279
29.9400,0.480680
29.9600,0.682687
29.9800,1.681766
30.0000,2.379117
30.0200,2.520260
30.0400,2.858097
30.0600,3.000195
30.0800,2.954119
30.1000,3.096611
30.1200,3.025504
30.1400,2.936986
30.1600,2.925308
30.1800,2.654810
30.2000,2.088798
30.2200,1.762413
30.2400,1.909663
30.2600,2.014667
30.2800,1.417647
30.3000,1.046856
30.3200,1.025293
30.3400,1.292750
30.3600,1.286262
30.3800,1.047692
30.4000,0.697270
30.4200,0.387596
30.4400,0.279425
30.4600,0.335695
30.4800,0.298354
30.5000,0.495488
30.5200,0.711790
30.5400,0.957734
30.5600,1.028994
30.5800,1.596360
30.6000,2.368952
30.6200,2.312142
30.6400,2.000229
30.6600,1.728543
30.6800,1.066507
30.7000,0.649029
30.7200,0.459775
30.7400,0.767570
30.7600,1.416393
30.7800,1.098368
30.8000,1.230023
30.8200,1.435158
30.8400,2.109605
30.8600,2.421217
30.8800,3.410137
30.9000,3.600000
30.9200,3.600000
30.9400,3.598953
30.9600,2.234262
30.9800,1.203224
31.0000,0.088598
31.0200,0.046931
31.0400,0.047923
31.0600,0.077018
31.0800,0.078456
31.1000,0.143872
31.1200,0.367393
31.1400,0.300904
31.1600,0.544943
31.1800,0.388733
31.2000,0.575613
31.2200,0.699884
31.2400,0.546571
31.2600,1.020237
31.2800,1.318842
31.3000,1.616131
31.3200,1.160570
31.3400,0.816836
31.3600,0.449236
31.3800,0.269069
31.4000,0.171826
31.4200,0.578503
31.4400,1.110621
31.4600,1.120787
31.4800,1.368685
31.5000,1.459271
31.5200,1.363337
31.5400,0.943269
31.5600,0.753861
31.5800,0.796205
31.6000,0.447805
31.6200,0.244657
31.6400,0.176151
31.6600,0.117079
31.6800,0.427210
31.7000,0.810935
31.7200,0.736552
31.7400,0.608769
31.7600,0.575696
31.7800,0.966135
31.8000,1.162489
31.8200,0.817688
31.8400,0.452630
31.8600,0.253113
31.8800,0.326912
31.9000,0.560543
31.9200,0.320488
31.9400,0.296219
31.9600,0.374942
31.9800,0.301112
32.0000,0.496391
32.0200,0.314655
32.0400,0.452483
32.0600,1.149589
32.0800,1.843528
32.1000,1.934235
32.1200,2.191066
32.1400,3.292456
32.1600,3.497442
32.1800,3.514904
32.2000,3.264104
32.2200,3.595187
32.2400,3.393959
32.2600,2.941376
32.2800,3.057778
32.3000,2.921512
32.3200,2.765279
32.3400,2.514563
32.3600,3.062515
32.3800,2.372771
32.4000,1.529507
32.4200,0.863312
32.4400,0.673187
32.4600,0.484446
32.4800,0.332568
32.5000,0.222967
32.5200,0.228176
32.5400,0.358341
32.5600,0.533377
32.5800,0.400512
32.6000,0.372522
32.6200,0.477325
32.6400,0.542543
32.6600,0.460760
32.6800,0.482089
32.7000,0.796740
32.7200,0.642188
32.7400,0.400735
32.7600,0.723954
32.7800,0.671029
32.8000,0.394291
32.8200,0.683861
32.8400,1.346894
32.8600,2.085053
32.8800,2.350247
32.9000,2.523412
32.9200,2.810927
32.9400,2.262504
32.9600,1.656922
32.9800,1.472086
33.0000,1.352179
33.0200,0.877279
33.0400,0.480680
33.0600,0.682687
33.0800,1.681766
33.1000,2.379117
33.1200,2.520260
33.1400,2.858097
33.1600,3.000195
33.1800,2.954119
33.2000,3.096611
33.2200,3.025504
33.2400,2.936986
33.2600,2.925308
33.2800,2.654810
33.3000,2.088798
33.3200,1.762413
33.3400,1.909663
33.3600,2.014667
33.3800,1.417647
33.4000,1.046856
33.4200,1.025293
33.4400,1.292750
33.4600,1.286262
33.4800,1.047692
33.5000,0.697270
33.5200,0.387596
33.5400,0.279425
33.5600,0.335695
33.5800,0.298354
33.6000,0.495488
33.6200,0.711790
33.6400,0.957734
33.6600,1.028994
33.6800,1.596360
33.7000,2.368952
33.7200,2.312142
33.7400,2.000229
33.7600,1.728543
33.7800,1.066507
33.8000,0.649029
33.8200,0.459775
33.8400,0.767570
33.8600,1.416393
33.8800,1.098368
33.9000,1.230023
33.9200,1.435158
33.9400,2.109605
33.9600,2.421217
33.9800,3.410137
34.0000,3.600000
34.0200,3.600000
34.0400,3.598953
34.0600,2.234262
34.0800,1.203224
34.1000,0.088598
34.1200,0.046931
34.1400,0.047923
34.1600,0.077018
34.1800,0.078456
34.2000,0.143872
34.2200,0.367393
34.2400,0.300904
34.2600,0.544943
34.2800,0.388733
34.3000,0.575613
34.3200,0.699884
34.3400,0.546571
34.3600,1.020237
34.3800,1.318842
34.4000,1.616131
34.4200,1.160570
34.4400,0.816836
34.4600,0.449236
34.4800,0.269069
34.5000,0.171826
34.5200,0.578503
34.5400,1.110621
34.5600,1.120787
34.5800,1.368685
34.6000,1.459271
34.6200,1.363337
34.6400,0.943269
34.6600,0.753861
34.6800,0.796205
34.7000,0.447805
34.7200,0.244657
34.7400,0.176151
34.7600,0.117079
34.7800,0.427210
34.8000,0.810935
34.8200,0.736552
34.8400,0.608769
34.8600,0.575696
34.8800,0.966135
34.9000,1.162489
34.9200,0.817688
34.9400,0.452630
34.9600,0.253113
34.9800,0.326912
35.0000,0.560543
35.0200,0.320488
35.0400,0.296219
35.0600,0.374942
35.0800,0.301112
35.1000,0.496391
35.1200,0.314655
35.1400,0.452483
35.1600,1.149589
35.1800,1.843528
35.2000,1.934235
35.2200,2.191066
35.2400,3.292456
35.2600,3.497442
35.2800,3.514904
35.3000,3.264104
35.3200,3.595187
35.3400,3.393959
35.3600,2.941376
35.3800,3.057778
35.4000,2.921512
35.4200,2.765279
35.4400,2.514563
35.4600,3.062515
35.4800,2.372771
35.5000,1.529507
35.5200,0.863312
35.5400,0.673187
35.5600,0.484446
35.5800,0.332568
35.6000,0.222967
35.6200,0.228176
35.6400,0.358341
35.6600,0.533377
35.6800,0.400512
35.7000,0.372522
35.7200,0.477325
35.7400,0.542543
35.7600,0.460760
35.7800,0.482089
35.8000,0.796740
35.8200,0.642188
35.8400,0.400735
35.8600,0.723954
35.8800,0.671029
35.9000,0.394291
35.9200,0.683861
35.9400,1.346894
35.9600,2.085053
35.9800,2.350247
36.0000,2.523412
36.0200,2.810927
36.0400,2.262504
36.0600,1.656922
36.0800,1.472086
36.1000,1.352179
36.1200,0.877279
36.1400,0.480680
36.1600,0.682687
36.1800,1.681766
36.2000,2.379117
36.2200,2.520260
36.2400,2.858097
36.2600,3.000195
36.2800,2.954119
36.3000,3.096611
36.3200,3.025504
36.3400,2.936986
36.3600,2.925308
36.3800,2.654810
36.4000,2.088798
36.4200,1.762413
36.4400,1.909663
36.4600,2.014667
36.4800,1.417647
36.5000,1.046856
36.5200,1.025293
36.5400,1.292750
36.5600,1.286262
36.5800,1.047692
36.6000,0.697270
36.6200,0.387596
36.6400,0.279425
36.6600,0.335695
36.6800,0.298354
36.7000,0.495488
36.7200,0.711790
36.7400,0.957734
36.7600,1.028994
36.7800,1.596360
36.8000,2.368952
36.8200,2.312142
36.8400,2.000229
36.8600,1.728543
36.8800,1.066507
36.9000,0.649029
36.9200,0.459775
36.9400,0.767570
36.9600,1.416393
36.9800,1.098368
37.0000,1.230023
37.0200,1.435158
37.0400,2.109605
37.0600,2.421217
37.0800,3.410137
37.1000,3.600000
37.1200,3.600000
37.1400,3.598953
37.1600,2.234262
37.1800,1.203224
37.2000,0.088598
37.2200,0.046931
37.2400,0.047923
37.2600,0.077018
37.2800,0.078456
37.3000,0.143872
37.3200,0.367393
37.3400,0.300904
37.3600,0.544943
37.3800,0.388733
37.4000,0.575613
37.4200,0.699884
37.4400,0.546571
37.4600,1.020237
37.4800,1.318842
37.5000,1.616131
37.5200,1.160570
37.5400,0.816836
37.5600,0.449236
37.5800,0.269069
37.6000,0.171826
37.6200,0.578503
37.6400,1.110621
37.6600,1.120787
37.6800,1.368685
37.7000,1.459271
37.7200,1.363337
37.7400,0.943269
37.7600,0.753861
37.7800,0.796205
37.8000,0.447805
37.8200,0.244657
37.8400,0.176151
37.8600,0.117079
37.8800,0.427210
37.9000,0.810935
37.9200,0.736552
37.9400,0.608769
37.9600,0.575696
37.9800,0.966135
38.0000,1.162489
38.0200,0.817688
38.0400,0.452630
38.0600,0.253113
38.0800,0.326912
38.1000,0.560543
38.1200,0.320488
38.1400,0.296219
38.1600,0.374942
38.1800,0.301112
38.2000,0.496391
38.2200,0.314655
38.2400,0.452483
38.2600,1.149589
38.2800,1.843528
38.3000,1.934235
38.3200,2.191066
38.3400,3.292456
38.3600,3.497442
38.3800,3.514904
38.4000,3.264104
38.4200,3.595187
38.4400,3.393959
38.4600,2.941376
38.4800,3.057778
38.5000,2.921512
38.5200,2.765279
38.5400,2.514563
38.5600,3.062515
38.5800,2.372771
38.6000,1.529507
38.6200,0.863312
38.6400,0.673187
38.6600,0.484446
38.6800,0.332568
38.7000,0.222967
38.7200,0.228176
38.7400,0.358341
38.7600,0.533377
38.7800,0.400512
38.8000,0.372522
38.8200,0.477325
38.8400,0.542543
38.8600,0.460760
38.8800,0.482089
38.9000,0.796740
38.9200,0.642188
38.9400,0.400735
38.9600,0.723954
38.9800,0.671029
39.0000,0.394291
39.0200,0.683861
39.0400,1.346894
39.0600,2.085053
39.0800,2.350247
39.1000,2.523412
39.1200,2.810927
39.1400,2.262504
39.1600,1.656922
39.1800,1.472086
39.2000,1.352179
39.2200,0.877279
39.2400,0.480680
39.2600,0.682687
39.2800,1.681766
39.3000,2.379117
39.3200,2.520260
39.3400,2.858097
39.3600,3.000195
39.3800,2.954119
39.4000,3.096611
39.4200,3.025504
39.4400,2.936986
39.4600,2.925308
39.4800,2.654810
39.5000,2.088798
39.5200,1.762413
39.5400,1.909663
39.5600,2.014667
39.5800,1.417647
39.6000,1.046856
39.6200,1.025293
39.6400,1.292750
39.6600,1.286262
39.6800,1.047692
39.7000,0.697270
39.7200,0.387596
39.7400,0.279425
39.7600,0.335695
39.7800,0.298354
39.8000,0.495488
39.8200,0.711790
39.8400,0.957734
39.8600,1.028994
39.8800,1.596360
39.9000,2.368952
39.9200,2.312142
39.9400,2.000229
39.9600,1.728543
39.9800,1.066507
40.0000,0.649029
40.0200,0.459775
40.0400,0.767570
40.0600,1.416393
40.0800,1.098368
40.1000,1.230023
40.1200,1.435158
40.1400,2.109605
40.1600,2.421217
40.1800,3.410137
40.2000,3.600000
40.2200,3.600000
40.2400,3.598953
40.2600,2.234262
40.2800,1.203224
40.3000,0.088598
40.3200,0.046931
40.3400,0.047923
40.3600,0.077018
40.3800,0.078456
40.4000,0.143872
40.4200,0.367393
40.4400,0.300904
40.4600,0.544943
40.4800,0.388733
40.5000,0.575613
40.5200,0.699884
40.5400,0.546571
40.5600,1.020237
40.5800,1.318842
40.6000,1.616131
40.6200,1.160570
40.6400,0.816836
40.6600,0.449236
40.6800,0.269069
40.7000,0.171826
40.7200,0.578503
40.7400,1.110621
40.7600,1.120787
40.7800,1.368685
40.8000,1.459271
40.8200,1.363337
40.8400,0.943269
40.8600,0.753861
40.8800,0.796205
40.9000,0.447805
40.9200,0.244657
40.9400,0.176151
40.9600,0.117079
40.9800,0.427210
41.0000,0.810935
41.0200,0.736552
41.0400,0.608769
41.0600,0.575696
41.0800,0.966135
41.1000,1.162489
41.1200,0.817688
41.1400,0.452630
41.1600,0.253113
41.1800,0.326912
41.2000,0.560543
41.2200,0.320488
41.2400,0.296219
41.2600,0.374942
41.2800,0.301112
41.3000,0.496391
41.3200,0.314655
41.3400,0.452483
41.3600,1.149589
41.3800,1.843528
41.4000,1.934235
41.4200,2.191066
41.4400,3.292456
41.4600,3.497442
41.4800,3.514904
41.5000,3.264104
41.5200,3.595187
41.5400,3.393959
41.5600,2.941376
41.5800,3.057778
41.6000,2.921512
41.6200,2.765279
41.6400,2.514563
41.6600,3.062515
41.6800,2.372771
41.7000,1.529507
41.7200,0.863312
41.7400,0.673187
41.7600,0.484446
41.7800,0.332568
41.8000,0.222967
41.8200,0.228176
41.8400,0.358341
41.8600,0.533377
41.8800,0.400512
41.9000,0.372522
41.9200,0.477325
41.9400,0.542543
41.9600,0.460760
41.9800,0.482089
42.0000,0.796740
42.0200,0.642188
42.0400,0.400735
42.0600,0.723954
42.0800,0.671029
42.1000,0.394291
42.1200,0.683861
42.1400,1.346894
42.1600,2.085053
42.1800,2.350247
42.2000,2.523412
42.2200,2.810927
42.2400,2.262504
42.2600,1.656922
42.2800,1.472086
42.3000,1.352179
42.3200,0.877279
42.3400,0.480680
42.3600,0.682687
42.3800,1.681766
42.4000,2.379117
42.4200,2.520260
42.4400,2.858097
42.4600,3.000195
42.4800,2.954119
42.5000,3.096611
42.5200,3.025504
42.5400,2.936986
42.5600,2.925308
42.5800,2.654810
42.6000,2.088798
42.6200,1.762413
42.6400,1.909663
42.6600,2.014667
42.6800,1.417647
42.7000,1.046856
42.7200,1.025293
42.7400,1.292750
42.7600,1.286262
42.7800,1.047692
42.8000,0.697270
42.8200,0.387596
42.8400,0.279425
42.8600,0.335695
42.8800,0.298354
42.9000,0.495488
42.9200,0.711790
42.9400,0.957734
42.9600,1.028994
42.9800,1.596360
43.0000,2.368952
43.0200,2.312142
43.0400,2.000229
43.0600,1.728543
43.0800,1.066507
43.1000,0.649029
43.1200,0.459775
43.1400,0.767570
43.1600,1.416393
43.1800,1.098368
43.2000,1.230023
43.2200,1.435158
43.2400,2.109605
43.2600,2.421217
43.2800,3.410137
43.3000,3.600000
43.3200,3.600000
43.3400,3.598953
43.3600,2.234262
43.3800,1.203224
43.4000,0.088598
43.4200,0.046931
43.4400,0.047923
43.4600,0.077018
43.4800,0.078456
43.5000,0.143872
43.5200,0.367393
43.5400,0.300904
43.5600,0.544943
43.5800,0.388733
43.6000,0.575613
43.6200,0.699884
43.6400,0.546571
43.6600,1.020237
43.6800,1.318842
43.7000,1.616131
43.7200,1.160570
43.7400,0.816836
43.7600,0.449236
43.7800,0.269069
43.8000,0.171826
43.8200,0.578503
43.8400,1.110621
43.8600,1.120787
43.8800,1.368685
43.9000,1.459271
43.9200,1.363337
43.9400,0.943269
43.9600,0.753861
43.9800,0.796205
44.0000,0.447805
44.0200,0.244657
44.0400,0.176151
44.0600,0.117079
44.0800,0.427210
44.1000,0.810935
44.1200,0.736552
44.1400,0.608769
44.1600,0.575696
44.1800,0.966135
44.2000,1.162489
44.2200,0.817688
44.2400,0.452630
44.2600,0.253113
44.2800,0.326912
44.3000,0.560543
44.3200,0.320488
44.3400,0.296219
44.3600,0.374942
44.3800,0.301112
44.4000,0.496391
44.4200,0.314655
44.4400,0.452483
44.4600,1.149589
44.4800,1.843528
44.5000,1.934235
44.5200,2.191066
44.5400,3.292456
44.5600,3.497442
44.5800,3.514904
44.6000,3.264104
44.6200,3.595187
44.6400,3.393959
44.6600,2.941376
44.6800,3.057778
44.7000,2.921512
44.7200,2.765279
44.7400,2.514563
44.7600,3.062515
44.7800,2.372771
44.8000,1.529507
44.8200,0.863312
44.8400,0.673187
44.8600,0.484446
44.8800,0.332568
44.9000,0.222967
44.9200,0.228176
44.9400,0.358341
44.9600,0.533377
44.9800,0.400512
45.0000,0.372522
45.0200,0.477325
45.0400,0.542543
45.0600,0.460760
45.0800,0.482089
45.1000,0.796740
45.1200,0.642188
45.1400,0.400735
45.1600,0.723954
45.1800,0.671029
45.2000,0.394291
45.2200,0.683861
45.2400,1.346894
45.2600,2.085053
45.2800,2.350247
45.3000,2.523412
45.3200,2.810927
45.3400,2.262504
45.3600,1.656922
45.3800,1.472086
45.4000,1.352179
45.4200,0.877279
45.4400,0.480680
45.4600,0.682687
45.4800,1.681766
45.5000,2.379117
45.5200,2.520260
45.5400,2.858097
45.5600,3.000195
45.5800,2.954119
45.6000,3.096611
45.6200,3.025504
45.6400,2.936986
45.6600,2.925308
45.6800,2.654810
45.7000,2.088798
45.7200,1.762413
45.7400,1.909663
45.7600,2.014667
45.7800,1.417647
45.8000,1.046856
45.8200,1.025293
45.8400,1.292750
45.8600,1.286262
45.8800,1.047692
45.9000,0.697270
45.9200,0.387596
45.9400,0.279425
45.9600,0.335695
45.9800,0.298354
46.0000,0.495488
46.0200,0.711790
46.0400,0.957734
46.0600,1.028994
46.0800,1.596360
46.1000,2.368952
46.1200,2.312142
46.1400,2.000229
46.1600,1.728543
46.1800,1.066507
46.2000,0.649029
46.2200,0.459775
46.2400,0.767570
46.2600,1.416393
46.2800,1.098368
46.3000,1.230023
46.3200,1.435158
46.3400,2.109605
46.3600,2.421217
46.3800,3.410137
46.4000,3.600000
46.4200,3.600000
46.4400,3.598953
46.4600,2.234262
46.4800,1.203224
46.5000,0.088598
46.5200,0.046931
46.5400,0.047923
46.5600,0.077018
46.5800,0.078456
46.6000,0.143872
46.6200,0.367393
46.6400,0.300904
46.6600,0.544943
46.6800,0.388733
46.7000,0.575613
46.7200,0.699884
46.7400,0.546571
46.7600,1.020237
46.7800,1.318842
46.8000,1.616131
46.8200,1.160570
46.8400,0.816836
46.8600,0.449236
46.8800,0.269069
46.9000,0.171826
46.9200,0.578503
46.9400,1.110621
46.9600,1.120787
46.9800,1.368685
47.0000,1.459271
47.0200,1.363337
47.0400,0.943269
47.0600,0.753861
47.0800,0.796205
47.1000,0.447805
47.1200,0.244657
47.1400,0.176151
47.1600,0.117079
47.1800,0.427210
47.2000,0.810935
47.2200,0.736552
47.2400,0.608769
47.2600,0.575696
47.2800,0.966135
47.3000,1.162489
47.3200,0.817688
47.3400,0.452630
47.3600,0.253113
47.3800,0.326912
47.4000,0.560543
47.4200,0.320488
47.4400,0.296219
47.4600,0.374942
47.4800,0.301112
47.5000,0.496391
47.5200,0.314655
47.5400,0.452483
47.5600,1.149589
47.5800,1.843528
47.6000,1.934235
47.6200,2.191066
47.6400,3.292456
47.6600,3.497442
47.6800,3.514904
47.7000,3.264104
47.7200,3.595187
47.7400,3.393959
47.7600,2.941376
47.7800,3.057778
47.8000,2.921512
47.8200,2.765279
47.8400,2.514563
47.8600,3.062515
47.8800,2.372771
47.9000,1.529507
47.9200,0.863312
47.9400,0.673187
47.9600,0.484446
47.9800,0.332568
48.0000,0.222967
48.0200,0.228176
48.0400,0.358341
48.0600,0.533377
48.0800,0.400512
48.1000,0.372522
48.1200,0.477325
48.1400,0.542543
48.1600,0.460760
48.1800,0.482089
48.2000,0.796740
48.2200,0.642188
48.2400,0.400735
48.2600,0.723954
48.2800,0.671029
48.3000,0.394291
48.3200,0.683861
48.3400,1.346894
48.3600,2.085053
48.3800,2.350247
48.4000,2.523412
48.4200,2.810927
48.4400,2.262504
48.4600,1.656922
48.4800,1.472086
48.5000,1.352179
48.5200,0.877279
48.5400,0.480680
48.5600,0.682687
48.5800,1.681766
48.6000,2.379117
48.6200,2.520260
48.6400,2.858097
48.6600,3.000195
48.6800,2.954119
48.7000,3.096611
48.7200,3.025504
48.7400,2.936986
48.7600,2.925308
48.7800,2.654810
48.8000,2.088798
48.8200,1.762413
48.8400,1.909663
48.8600,2.014667
48.8800,1.417647
48.9000,1.046856
48.9200,1.025293
48.9400,1.292750
48.9600,1.286262
48.9800,1.047692
49.0000,0.697270
49.0200,0.387596
49.0400,0.279425
49.0600,0.335695
49.0800,0.298354
49.1000,0.495488
49.1200,0.711790
49.1400,0.957734
49.1600,1.028994
49.1800,1.596360
49.2000,2.368952
49.2200,2.312142
49.2400,2.000229
49.2600,1.728543
49.2800,1.066507
49.3000,0.649029
49.3200,0.459775
49.3400,0.767570
49.3600,1.416393
49.3800,1.098368
49.4000,1.230023
49.4200,1.435158
49.4400,2.109605
49.4600,2.421217
49.4800,3.410137
49.5000,3.600000
49.5200,3.600000
49.5400,3.598953
49.5600,2.234262
49.5800,1.203224
49.6000,0.088598
49.6200,0.046931
49.6400,0.047923
49.6600,0.077018
49.6800,0.078456
49.7000,0.143872
49.7200,0.367393
49.7400,0.300904
49.7600,0.544943
49.7800,0.388733
49.8000,0.575613
49.8200,0.699884
49.8400,0.546571
49.8600,1.020237
49.8800,1.318842
49.9000,1.616131
49.9200,1.160570
49.9400,0.816836
49.9600,0.449236
49.9800,0.269069
50.0000,0.171826
50.0200,0.578503
50.0400,1.110621
50.0600,1.120787
50.0800,1.368685
50.1000,1.459271
50.1200,1.363337
50.1400,0.943269
50.1600,0.753861
50.1800,0.796205
50.2000,0.447805
50.2200,0.244657
50.2400,0.176151
50.2600,0.117079
50.2800,0.427210
50.3000,0.810935
50.3200,0.736552
50.3400,0.608769
50.3600,0.575696
50.3800,0.966135
50.4000,1.162489
50.4200,0.817688
50.4400,0.452630
50.4600,0.253113
50.4800,0.326912
50.5000,0.560543
50.5200,0.320488
50.5400,0.296219
50.5600,0.374942
50.5800,0.301112
50.6000,0.496391
50.6200,0.314655
50.6400,0.452483
50.6600,1.149589
50.6800,1.843528
50.7000,1.934235
50.7200,2.191066
50.7400,3.292456
50.7600,3.497442
50.7800,3.514904
50.8000,3.264104
50.8200,3.595187
50.8400,3.393959
50.8600,2.941376
50.8800,3.057778
50.9000,2.921512
50.9200,2.765279
50.9400,2.514563
50.9600,3.062515
50.9800,2.372771
51.0000,1.529507
51.0200,0.863312
51.0400,0.673187
51.0600,0.484446
51.0800,0.332568
51.1000,0.222967
51.1200,0.228176
51.1400,0.358341
51.1600,0.533377
51.1800,0.400512
51.2000,0.372522
51.2200,0.477325
51.2400,0.542543
51.2600,0.460760
51.2800,0.482089
51.3000,0.796740
51.3200,0.642188
51.3400,0.400735
51.3600,0.723954
51.3800,0.671029
51.4000,0.394291
51.4200,0.683861
51.4400,1.346894
51.4600,2.085053
51.4800,2.350247
51.5000,2.523412
51.5200,2.810927
51.5400,2.262504
51.5600,1.656922
51.5800,1.472086
51.6000,1.352179
51.6200,0.877279
51.6400,0.480680
51.6600,0.682687
51.6800,1.681766
51.7000,2.379117
51.7200,2.520260
51.7400,2.858097
51.7600,3.000195
51.7800,2.954119
51.8000,3.096611
51.8200,3.025504
51.8400,2.936986
51.8600,2.925308
51.8800,2.654810
51.9000,2.088798
51.9200,1.762413
51.9400,1.909663
51.9600,2.014667
51.9800,1.417647
52.0000,1.046856
52.0200,1.025293
52.0400,1.292750
52.0600,1.286262
52.0800,1.047692
52.1000,0.697270
52.1200,0.387596
52.1400,0.279425
52.1600,0.335695
52.1800,0.298354
52.2000,0.495488
52.2200,0.711790
52.2400,0.957734
52.2600,1.028994
52.2800,1.596360
52.3000,2.368952
52.3200,2.312142
52.3400,2.000229
52.3600,1.728543
52.3800,1.066507
52.4000,0.649029
52.4200,0.459775
52.4400,0.767570
52.4600,1.416393
52.4800,1.098368
52.5000,1.230023
52.5200,1.435158
52.5400,2.109605
52.5600,2.421217
52.5800,3.410137
52.6000,3.600000
52.6200,3.600000
52.6400,3.598953
52.6600,2.234262
52.6800,1.203224
52.7000,0.088598
52.7200,0.046931
52.7400,0.047923
52.7600,0.077018
52.7800,0.078456
52.8000,0.143872
52.8200,0.367393
52.8400,0.300904
52.8600,0.544943
52.8800,0.388733
52.9000,0.575613
52.9200,0.699884
52.9400,0.546571
52.9600,1.020237
52.9800,1.318842
53.0000,1.616131
53.0200,1.160570
53.0400,0.816836
53.0600,0.449236
53.0800,0.269069
53.1000,0.171826
53.1200,0.578503
53.1400,1.110621
53.1600,1.120787
53.1800,1.368685
53.2000,1.459271
53.2200,1.363337
53.2400,0.943269
53.2600,0.753861
53.2800,0.796205
53.3000,0.447805
53.3200,0.244657
53.3400,0.176151
53.3600,0.117079
53.3800,0.427210
53.4000,0.810935
53.4200,0.736552
53.4400,0.608769
53.4600,0.575696
53.4800,0.966135
53.5000,1.162489
53.5200,0.817688
53.5400,0.452630
53.5600,0.253113
53.5800,0.326912
53.6000,0.560543
53.6200,0.320488
53.6400,0.296219
53.6600,0.374942
53.6800,0.301112
53.7000,0.496391
53.7200,0.314655
53.7400,0.452483
53.7600,1.149589
53.7800,1.843528
53.8000,1.934235
53.8200,2.191066
53.8400,3.292456
53.8600,3.497442
53.8800,3.514904
53.9000,3.264104
53.9200,3.595187
53.9400,3.393959
53.9600,2.941376
53.9800,3.057778
54.0000,2.921512
54.0200,2.765279
54.0400,2.514563
54.0600,3.062515
54.0800,2.372771
54.1000,1.529507
54.1200,0.863312
54.1400,0.673187
54.1600,0.484446
54.1800,0.332568
54.2000,0.222967
54.2200,0.228176
54.2400,0.358341
54.2600,0.533377
54.2800,0.400512
54.3000,0.372522
54.3200,0.477325
54.3400,0.542543
54.3600,0.460760
54.3800,0.482089
54.4000,0.796740
54.4200,0.642188
54.4400,0.400735
54.4600,0.723954
54.4800,0.671029
54.5000,0.394291
54.5200,0.683861
54.5400,1.346894
54.5600,2.085053
54.5800,2.350247
54.6000,2.523412
54.6200,2.810927
54.6400,2.262504
54.6600,1.656922
54.6800,1.472086
54.7000,1.352179
54.7200,0.877279
54.7400,0.480680
54.7600,0.682687
54.7800,1.681766
54.8000,2.379117
54.8200,2.520260
54.8400,2.858097
54.8600,3.000195
54.8800,2.954119
54.9000,3.096611
54.9200,3.025504
54.9400,2.936986
54.9600,2.925308
54.9800,2.654810
55.0000,2.088798
55.0200,1.762413
55.0400,1.909663
55.0600,2.014667
55.0800,1.417647
55.1000,1.046856
55.1200,1.025293
55.1400,1.292750
55.1600,1.286262
55.1800,1.047692
55.2000,0.697270
55.2200,0.387596
55.2400,0.279425
55.2600,0.335695
55.2800,0.298354
55.3000,0.495488
55.3200,0.711790
55.3400,0.957734
55.3600,1.028994
55.3800,1.596360
55.4000,2.368952
55.4200,2.312142
55.4400,2.000229
55.4600,1.728543
55.4800,1.066507
55.5000,0.649029
55.5200,0.459775
55.5400,0.767570
55.5600,1.416393
55.5800,1.098368
55.6000,1.230023
55.6200,1.435158
55.6400,2.109605
55.6600,2.421217
55.6800,3.410137
55.7000,3.600000
55.7200,3.600000
55.7400,3.598953
55.7600,2.234262
55.7800,1.203224
55.8000,0.088598
55.8200,0.046931
55.8400,0.047923
55.8600,0.077018
55.8800,0.078456
55.9000,0.143872
55.9200,0.367393
55.9400,0.300904
55.9600,0.544943
55.9800,0.388733
56.0000,0.575613
56.0200,0.699884
56.0400,0.546571
56.0600,1.020237
56.0800,1.318842
56.1000,1.616131
56.1200,1.160570
56.1400,0.816836
56.1600,0.449236
56.1800,0.269069
56.2000,0.171826
56.2200,0.578503
56.2400,1.110621
56.2600,1.120787
56.2800,1.368685
56.3000,1.459271
56.3200,1.363337
56.3400,0.943269
56.3600,0.753861
56.3800,0.796205
56.4000,0.447805
56.4200,0.244657
56.4400,0.176151
56.4600,0.117079
56.4800,0.427210
56.5000,0.810935
56.5200,0.736552
56.5400,0.608769
56.5600,0.575696
56.5800,0.966135
56.6000,1.162489
56.6200,0.817688
56.6400,0.452630
56.6600,0.253113
56.6800,0.326912
56.7000,0.560543
56.7200,0.320488
56.7400,0.296219
56.7600,0.374942
56.7800,0.301112
56.8000,0.496391
56.8200,0.314655
56.8400,0.452483
56.8600,1.149589
56.8800,1.843528
56.9000,1.934235
56.9200,2.191066
56.9400,3.292456
56.9600,3.497442
56.9800,3.514904
57.0000,3.264104
57.0200,3.595187
57.0400,3.393959
57.0600,2.941376
57.0800,3.057778
57.1000,2.921512
57.1200,2.765279
57.1400,2.514563
57.1600,3.062515
57.1800,2.372771
57.2000,1.529507
57.2200,0.863312
57.2400,0.673187
57.2600,0.484446
57.2800,0.332568
57.3000,0.222967
57.3200,0.228176
57.3400,0.358341
57.3600,0.533377
57.3800,0.400512
57.4000,0.372522
57.4200,0.477325
57.4400,0.542543
57.4600,0.460760
57.4800,0.482089
57.5000,0.796740
57.5200,0.642188
57.5400,0.400735
57.5600,0.723954
57.5800,0.671029
57.6000,0.394291
57.6200,0.683861
57.6400,1.346894
57.6600,2.085053
57.6800,2.350247
57.7000,2.523412
57.7200,2.810927
57.7400,2.262504
57.7600,1.656922
57.7800,1.472086
57.8000,1.352179
57.8200,0.877279
57.8400,0.480680
57.8600,0.682687
57.8800,1.681766
57.9000,2.379117
57.9200,2.520260
57.9400,2.858097
57.9600,3.000195
57.9800,2.954119
58.0000,3.096611
58.0200,3.025504
58.0400,2.936986
58.0600,2.925308
58.0800,2.654810
58.1000,2.088798
58.1200,1.762413
58.1400,1.909663
58.1600,2.014667
58.1800,1.417647
58.2000,1.046856
58.2200,1.025293
58.2400,1.292750
58.2600,1.286262
58.2800,1.047692
58.3000,0.697270
58.3200,0.387596
58.3400,0.279425
58.3600,0.335695
58.3800,0.298354
58.4000,0.495488
58.4200,0.711790
58.4400,0.957734
58.4600,1.028994
58.4800,1.596360
58.5000,2.368952
58.5200,2.312142
58.5400,2.000229
58.5600,1.728543
58.5800,1.066507
58.6000,0.649029
58.6200,0.459775
58.6400,0.767570
58.6600,1.416393
58.6800,1.098368
58.7000,1.230023
58.7200,1.435158
58.7400,2.109605
58.7600,2.421217
58.7800,3.410137
58.8000,3.600000
58.8200,3.600000
58.8400,3.598953
58.8600,2.234262
58.8800,1.203224
58.9000,0.088598
58.9200,0.046931
58.9400,0.047923
58.9600,0.077018
58.9800,0.078456
59.0000,0.143872
59.0200,0.367393
59.0400,0.300904
59.0600,0.544943
59.0800,0.388733
59.1000,0.575613
59.1200,0.699884
59.1400,0.546571
59.1600,1.020237
59.1800,1.318842
59.2000,1.616131
59.2200,1.160570
59.2400,0.816836
59.2600,0.449236
59.2800,0.269069
59.3000,0.171826
59.3200,0.578503
59.3400,1.110621
59.3600,1.120787
59.3800,1.368685
59.4000,1.459271
59.4200,1.363337
59.4400,0.943269
59.4600,0.753861
59.4800,0.796205
59.5000,0.447805
59.5200,0.244657
59.5400,0.176151
59.5600,0.117079
59.5800,0.427210
59.6000,0.810935
59.6200,0.736552
59.6400,0.608769
59.6600,0.575696
59.6800,0.966135
59.7000,1.162489
59.7200,0.817688
59.7400,0.452630
59.7600,0.253113
59.7800,0.326912
59.8000,0.560543
59.8200,0.320488
59.8400,0.296219
59.8600,0.374942
59.8800,0.301112
59.9000,0.496391
59.9200,0.314655
59.9400,0.452483
59.9600,1.149589
59.9800,1.843528
60.0000,1.934235
60.0200,2.191066
60.0400,3.292456
60.0600,3.497442
60.0800,3.514904
60.1000,3.264104
60.1200,3.595187
60.1400,3.393959
60.1600,2.941376
60.1800,3.057778
60.2000,2.921512
60.2200,2.765279
60.2400,2.514563
60.2600,3.062515
60.2800,2.372771
60.3000,1.529507
60.3200,0.863312
60.3400,0.673187
60.3600,0.484446
60.3800,0.332568
60.4000,0.222967
60.4200,0.228176
60.4400,0.358341
60.4600,0.533377
60.4800,0.400512
60.5000,0.372522
60.5200,0.477325
60.5400,0.542543
60.5600,0.460760
60.5800,0.482089
60.6000,0.796740
60.6200,0.642188
60.6400,0.400735
60.6600,0.723954
60.6800,0.671029
60.7000,0.394291
60.7200,0.683861
60.7400,1.346894
60.7600,2.085053
60.7800,2.350247
60.8000,2.523412
60.8200,2.810927
60.8400,2.262504
60.8600,1.656922
60.8800,1.472086
60.9000,1.352179
60.9200,0.877279
60.9400,0.480680
60.9600,0.682687
60.9800,1.681766
61.0000,2.379117
61.0200,2.520260
61.0400,2.858097
61.0600,3.000195
61.0800,2.954119
61.1000,3.096611
61.1200,3.025504
61.1400,2.936986
61.1600,2.925308
61.1800,2.654810
61.2000,2.088798
61.2200,1.762413
61.2400,1.909663
61.2600,2.014667
61.2800,1.417647
61.3000,1.046856
61.3200,1.025293
61.3400,1.292750
61.3600,1.286262
61.3800,1.047692
61.4000,0.697270
61.4200,0.387596
61.4400,0.279425
61.4600,0.335695
61.4800,0.298354
61.5000,0.495488
61.5200,0.711790
61.5400,0.957734
61.5600,1.028994
61.5800,1.596360
61.6000,2.368952
61.6200,2.312142
61.6400,2.000229
61.6600,1.728543
61.6800,1.066507
61.7000,0.649029
61.7200,0.459775
61.7400,0.767570
61.7600,1.416393
61.7800,1.098368
61.8000,1.230023
61.8200,1.435158
61.8400,2.109605
61.8600,2.421217
61.8800,3.410137
61.9000,3.600000
61.9200,3.600000
61.9400,3.598953
61.9600,2.234262
61.9800,1.203224
62.0000,0.088598
62.0200,0.046931
62.0400,0.047923
62.0600,0.077018
62.0800,0.078456
62.1000,0.143872
62.1200,0.367393
62.1400,0.300904
62.1600,0.544943
62.1800,0.388733
62.2000,0.575613
62.2200,0.699884
62.2400,0.546571
62.2600,1.020237
62.2800,1.318842
62.3000,1.616131
62.3200,1.160570
62.3400,0.816836
62.3600,0.449236
62.3800,0.269069
62.4000,0.171826
62.4200,0.578503
62.4400,1.110621
62.4600,1.120787
62.4800,1.368685
62.5000,1.459271
62.5200,1.363337
62.5400,0.943269
62.5600,0.753861
62.5800,0.796205
62.6000,0.447805
62.6200,0.244657
62.6400,0.176151
62.6600,0.117079
62.6800,0.427210
62.7000,0.810935
62.7200,0.736552
62.7400,0.608769
62.7600,0.575696
62.7800,0.966135
62.8000,1.162489
62.8200,0.817688
62.8400,0.452630
62.8600,0.253113
62.8800,0.326912
62.9000,0.560543
62.9200,0.320488
62.9400,0.296219
62.9600,0.374942
62.9800,0.301112
63.0000,0.496391
63.0200,0.314655
63.0400,0.452483
63.0600,1.149589
63.0800,1.843528
63.1000,1.934235
63.1200,2.191066
63.1400,3.292456
63.1600,3.497442
63.1800,3.514904
63.2000,3.264104
63.2200,3.595187
63.2400,3.393959
63.2600,2.941376
63.2800,3.057778
63.3000,2.921512
63.3200,2.765279
63.3400,2.514563
63.3600,3.062515
63.3800,2.372771
63.4000,1.529507
63.4200,0.863312
63.4400,0.673187
63.4600,0.484446
63.4800,0.332568
63.5000,0.222967
63.5200,0.228176
63.5400,0.358341
63.5600,0.533377
63.5800,0.400512
63.6000,0.372522
63.6200,0.477325
63.6400,0.542543
63.6600,0.460760
63.6800,0.482089
63.7000,0.796740
63.7200,0.642188
63.7400,0.400735
63.7600,0.723954
63.7800,0.671029
63.8000,0.394291
63.8200,0.683861
63.8400,1.346894
63.8600,2.085053
63.8800,2.350247
63.9000,2.523412
63.9200,2.810927
63.9400,2.262504
63.9600,1.656922
63.9800,1.472086
64.0000,1.352179
64.0200,0.877279
64.0400,0.480680
64.0600,0.682687
64.0800,1.681766
64.1000,2.379117
64.1200,2.520260
64.1400,2.858097
64.1600,3.000195
64.1800,2.954119
64.2000,3.096611
64.2200,3.025504
64.2400,2.936986
64.2600,2.925308
64.2800,2.654810
64.3000,2.088798
64.3200,1.762413
64.3400,1.909663
64.3600,2.014667
64.3800,1.417647
64.4000,1.046856
64.4200,1.025293
64.4400,1.292750
64.4600,1.286262
64.4800,1.047692
64.5000,0.697270
64.5200,0.387596
64.5400,0.279425
64.5600,0.335695
64.5800,0.298354
64.6000,0.495488
64.6200,0.711790
64.6400,0.957734
64.6600,1.028994
64.6800,1.596360
64.7000,2.368952
64.7200,2.312142
64.7400,2.000229
64.7600,1.728543
64.7800,1.066507
64.8000,0.649029
64.8200,0.459775
64.8400,0.767570
64.8600,1.416393
64.8800,1.098368
64.9000,1.230023
64.9200,1.435158
64.9400,2.109605
64.9600,2.421217
64.9800,3.410137
65.0000,3.600000
65.0200,3.600000
65.0400,3.598953
65.0600,2.234262
65.0800,1.203224
65.1000,0.088598
65.1200,0.046931
65.1400,0.047923
65.1600,0.077018
65.1800,0.078456
65.2000,0.143872
65.2200,0.367393
65.2400,0.300904
65.2600,0.544943
65.2800,0.388733
65.3000,0.575613
65.3200,0.699884
65.3400,0.546571
65.3600,1.020237
65.3800,1.318842
65.4000,1.616131
65.4200,1.160570
65.4400,0.816836
65.4600,0.449236
65.4800,0.269069
65.5000,0.171826
65.5200,0.578503
65.5400,1.110621
65.5600,1.120787
65.5800,1.368685
65.6000,1.459271
65.6200,1.363337
65.6400,0.943269
65.6600,0.753861
65.6800,0.796205
65.7000,0.447805
65.7200,0.244657
65.7400,0.176151
65.7600,0.117079
65.7800,0.427210
65.8000,0.810935
65.8200,0.736552
65.8400,0.608769
65.8600,0.575696
65.8800,0.966135
65.9000,1.162489
65.9200,0.817688
65.9400,0.452630
65.9600,0.253113
65.9800,0.326912
66.0000,0.560543
66.0200,0.320488
66.0400,0.296219
66.0600,0.374942
66.0800,0.301112
66.1000,0.496391
66.1200,0.314655
66.1400,0.452483
66.1600,1.149589
66.1800,1.843528
66.2000,1.934235
66.2200,2.191066
66.2400,3.292456
66.2600,3.497442
66.2800,3.514904
66.3000,3.264104
66.3200,3.595187
66.3400,3.393959
66.3600,2.941376
66.3800,3.057778
66.4000,2.921512
66.4200,2.765279
66.4400,2.514563
66.4600,3.062515
66.4800,2.372771
66.5000,1.529507
66.5200,0.863312
66.5400,0.673187
66.5600,0.484446
66.5800,0.332568
66.6000,0.222967
66.6200,0.228176
66.6400,0.358341
66.6600,0.533377
66.6800,0.400512
66.7000,0.372522
66.7200,0.477325
66.7400,0.542543
66.7600,0.460760
66.7800,0.482089
66.8000,0.796740
66.8200,0.642188
66.8400,0.400735
66.8600,0.723954
66.8800,0.671029
66.9000,0.394291
66.9200,0.683861
66.9400,1.346894
66.9600,2.085053
66.9800,2.350247
67.0000,2.523412
67.0200,2.810927
67.0400,2.262504
67.0600,1.656922
67.0800,1.472086
67.1000,1.352179
67.1200,0.877279
67.1400,0.480680
67.1600,0.682687
67.1800,1.681766
67.2000,2.379117
67.2200,2.520260
67.2400,2.858097
67.2600,3.000195
67.2800,2.954119
67.3000,3.096611
67.3200,3.025504
67.3400,2.936986
67.3600,2.925308
67.3800,2.654810
67.4000,2.088798
67.4200,1.762413
67.4400,1.909663
67.4600,2.014667
67.4800,1.417647
67.5000,1.046856
67.5200,1.025293
67.5400,1.292750
67.5600,1.286262
67.5800,1.047692
67.6000,0.697270
67.6200,0.387596
67.6400,0.279425
67.6600,0.335695
67.6800,0.298354
67.7000,0.495488
67.7200,0.711790
67.7400,0.957734
67.7600,1.028994
67.7800,1.596360
67.8000,2.368952
67.8200,2.312142
67.8400,2.000229
67.8600,1.728543
67.8800,1.066507
67.9000,0.649029
67.9200,0.459775
67.9400,0.767570
67.9600,1.416393
67.9800,1.098368
68.0000,1.230023
68.0200,1.435158
68.0400,2.109605
68.0600,2.421217
68.0800,3.410137
68.1000,3.600000
68.1200,3.600000
68.1400,3.598953
68.1600,2.234262
68.1800,1.203224
68.2000,0.088598
68.2200,0.046931
68.2400,0.047923
68.2600,0.077018
68.2800,0.078456
68.3000,0.143872
68.3200,0.367393
68.3400,0.300904
68.3600,0.544943
68.3800,0.388733
68.4000,0.575613
68.4200,0.699884
68.4400,0.546571
68.4600,1.020237
68.4800,1.318842
68.5000,1.616131
68.5200,1.160570
68.5400,0.816836
68.5600,0.449236
68.5800,0.269069
68.6000,0.171826
68.6200,0.578503
68.6400,1.110621
68.6600,1.120787
68.6800,1.368685
68.7000,1.459271
68.7200,1.363337
68.7400,0.943269
68.7600,0.753861
68.7800,0.796205
68.8000,0.447805
68.8200,0.244657
68.8400,0.176151
68.8600,0.117079
68.8800,0.427210
68.9000,0.810935
68.9200,0.736552
68.9400,0.608769
68.9600,0.575696
68.9800,0.966135
69.0000,1.162489
69.0200,0.817688
69.0400,0.452630
69.0600,0.253113
69.0800,0.326912
69.1000,0.560543
69.1200,0.320488
69.1400,0.296219
69.1600,0.374942
69.1800,0.301112
69.2000,0.496391
69.2200,0.314655
69.2400,0.452483
69.2600,1.149589
69.2800,1.843528
69.3000,1.934235
69.3200,2.191066
69.3400,3.292456
69.3600,3.497442
69.3800,3.514904
69.4000,3.264104
69.4200,3.595187
69.4400,3.393959
69.4600,2.941376
69.4800,3.057778
69.5000,2.921512
69.5200,2.765279
69.5400,2.514563
69.5600,3.062515
69.5800,2.372771
69.6000,1.529507
69.6200,0.863312
69.6400,0.673187
69.6600,0.484446
69.6800,0.332568
69.7000,0.222967
69.7200,0.228176
69.7400,0.358341
69.7600,0.533377
69.7800,0.400512
69.8000,0.372522
69.8200,0.477325
69.8400,0.542543
69.8600,0.460760
69.8800,0.482089
69.9000,0.796740
69.9200,0.642188
69.9400,0.400735
69.9600,0.723954
69.9800,0.671029
70.0000,0.394291
70.0200,0.683861
70.0400,1.346894
70.0600,2.085053
70.0800,2.350247
70.1000,2.523412
70.1200,2.810927
70.1400,2.262504
70.1600,1.656922
70.1800,1.472086
70.2000,1.352179
70.2200,0.877279
70.2400,0.480680
70.2600,0.682687
70.2800,1.681766
70.3000,2.379117
70.3200,2.520260
70.3400,2.858097
70.3600,3.000195
70.3800,2.954119
70.4000,3.096611
70.4200,3.025504
70.4400,2.936986
70.4600,2.925308
70.4800,2.654810
70.5000,2.088798
70.5200,1.762413
70.5400,1.909663
70.5600,2.014667
70.5800,1.417647
70.6000,1.046856
70.6200,1.025293
70.6400,1.292750
70.6600,1.286262
70.6800,1.047692
70.7000,0.697270
70.7200,0.387596
70.7400,0.279425
70.7600,0.335695
70.7800,0.298354
70.8000,0.495488
70.8200,0.711790
70.8400,0.957734
70.8600,1.028994
70.8800,1.596360
70.9000,2.368952
70.9200,2.312142
70.9400,2.000229
70.9600,1.728543
70.9800,1.066507
71.0000,0.649029
71.0200,0.459775
71.0400,0.767570
71.0600,1.416393
71.0800,1.098368
71.1000,1.230023
71.1200,1.435158
71.1400,2.109605
71.1600,2.421217
71.1800,3.410137
71.2000,3.600000
71.2200,3.600000
71.2400,3.598953
71.2600,2.234262
71.2800,1.203224
71.3000,0.088598
71.3200,0.046931
71.3400,0.047923
71.3600,0.077018
71.3800,0.078456
71.4000,0.143872
71.4200,0.367393
71.4400,0.300904
71.4600,0.544943
71.4800,0.388733
71.5000,0.575613
71.5200,0.699884
71.5400,0.546571
71.5600,1.020237
71.5800,1.318842
71.6000,1.616131
71.6200,1.160570
71.6400,0.816836
71.6600,0.449236
71.6800,0.269069
71.7000,0.171826
71.7200,0.578503
71.7400,1.110621
71.7600,1.120787
71.7800,1.368685
71.8000,1.459271
71.8200,1.363337
71.8400,0.943269
71.8600,0.753861
71.8800,0.796205
71.9000,0.447805
71.9200,0.244657
71.9400,0.176151
71.9600,0.117079
71.9800,0.427210
72.0000,0.810935
72.0200,0.736552
72.0400,0.608769
72.0600,0.575696
72.0800,0.966135
72.1000,1.162489
72.1200,0.817688
72.1400,0.452630
72.1600,0.253113
72.1800,0.326912
72.2000,0.560543
72.2200,0.320488
72.2400,0.296219
72.2600,0.374942
72.2800,0.301112
72.3000,0.496391
72.3200,0.314655
72.3400,0.452483
72.3600,1.149589
72.3800,1.843528
72.4000,1.934235
72.4200,2.191066
72.4400,3.292456
72.4600,3.497442
72.4800,3.514904
72.5000,3.264104
72.5200,3.595187
72.5400,3.393959
72.5600,2.941376
72.5800,3.057778
72.6000,2.921512
72.6200,2.765279
72.6400,2.514563
72.6600,3.062515
72.6800,2.372771
72.7000,1.529507
72.7200,0.863312
72.7400,0.673187
72.7600,0.484446
72.7800,0.332568
72.8000,0.222967
72.8200,0.228176
72.8400,0.358341
72.8600,0.533377
72.8800,0.400512
72.9000,0.372522
72.9200,0.477325
72.9400,0.542543
72.9600,0.460760
72.9800,0.482089
73.0000,0.796740
73.0200,0.642188
73.0400,0.400735
73.0600,0.723954
73.0800,0.671029
73.1000,0.394291
73.1200,0.683861
73.1400,1.346894
73.1600,2.085053
73.1800,2.350247
73.2000,2.523412
73.2200,2.810927
73.2400,2.262504
73.2600,1.656922
73.2800,1.472086
73.3000,1.352179
73.3200,0.877279
73.3400,0.480680
73.3600,0.682687
73.3800,1.681766
73.4000,2.379117
73.4200,2.520260
73.4400,2.858097
73.4600,3.000195
73.4800,2.954119
73.5000,3.096611
73.5200,3.025504
73.5400,2.936986
73.5600,2.925308
73.5800,2.654810
73.6000,2.088798
73.6200,1.762413
73.6400,1.909663
73.6600,2.014667
73.6800,1.417647
73.7000,1.046856
73.7200,1.025293
73.7400,1.292750
73.7600,1.286262
73.7800,1.047692
73.8000,0.697270
73.8200,0.387596
73.8400,0.279425
73.8600,0.335695
73.8800,0.298354
73.9000,0.495488
73.9200,0.711790
73.9400,0.957734
73.9600,1.028994
73.9800,1.596360
74.0000,2.368952
74.0200,2.312142
74.0400,2.000229
74.0600,1.728543
74.0800,1.066507
74.1000,0.649029
74.1200,0.459775
74.1400,0.767570
74.1600,1.416393
74.1800,1.098368
74.2000,1.230023
74.2200,1.435158
74.2400,2.109605
74.2600,2.421217
74.2800,3.410137
74.3000,3.600000
74.3200,3.600000
74.3400,3.598953
74.3600,2.234262
74.3800,1.203224
74.4000,0.088598
74.4200,0.046931
74.4400,0.047923
74.4600,0.077018
74.4800,0.078456
74.5000,0.143872
74.5200,0.367393
74.5400,0.300904
74.5600,0.544943
74.5800,0.388733
74.6000,0.575613
74.6200,0.699884
74.6400,0.546571
74.6600,1.020237
74.6800,1.318842
74.7000,1.616131
74.7200,1.160570
74.7400,0.816836
74.7600,0.449236
74.7800,0.269069
74.8000,0.171826
74.8200,0.578503
74.8400,1.110621
74.8600,1.120787
74.8800,1.368685
74.9000,1.459271
74.9200,1.363337
74.9400,0.943269
74.9600,0.753861
74.9800,0.796205
75.0000,0.447805
75.0200,0.244657
75.0400,0.176151
75.0600,0.117079
75.0800,0.427210
75.1000,0.810935
75.1200,0.736552
75.1400,0.608769
75.1600,0.575696
75.1800,0.966135
75.2000,1.162489
75.2200,0.817688
75.2400,0.452630
75.2600,0.253113
75.2800,0.326912
75.3000,0.560543
75.3200,0.320488
75.3400,0.296219
75.3600,0.374942
75.3800,0.301112
75.4000,0.496391
75.4200,0.314655
75.4400,0.452483
75.4600,1.149589
75.4800,1.843528
75.5000,1.934235
75.5200,2.191066
75.5400,3.292456
75.5600,3.497442
75.5800,3.514904
75.6000,3.264104
75.6200,3.595187
75.6400,3.393959
75.6600,2.941376
75.6800,3.057778
75.7000,2.921512
75.7200,2.765279
75.7400,2.514563
75.7600,3.062515
75.7800,2.372771
75.8000,1.529507
75.8200,0.863312
75.8400,0.673187
75.8600,0.484446
75.8800,0.332568
75.9000,0.222967
75.9200,0.228176
75.9400,0.358341
75.9600,0.533377
75.9800,0.400512
76.0000,0.372522
76.0200,0.477325
76.0400,0.542543
76.0600,0.460760
76.0800,0.482089
76.1000,0.796740
76.1200,0.642188
76.1400,0.400735
76.1600,0.723954
76.1800,0.671029
76.2000,0.394291
76.2200,0.683861
76.2400,1.346894
76.2600,2.085053
76.2800,2.350247
76.3000,2.523412
76.3200,2.810927
76.3400,2.262504
76.3600,1.656922
76.3800,1.472086
76.4000,1.352179
76.4200,0.877279
76.4400,0.480680
76.4600,0.682687
76.4800,1.681766
76.5000,2.379117
76.5200,2.520260
76.5400,2.858097
76.5600,3.000195
76.5800,2.954119
76.6000,3.096611
76.6200,3.025504
76.6400,2.936986
76.6600,2.925308
76.6800,2.654810
76.7000,2.088798
76.7200,1.762413
76.7400,1.909663
76.7600,2.014667
76.7800,1.417647
76.8000,1.046856
76.8200,1.025293
76.8400,1.292750
76.8600,1.286262
76.8800,1.047692
76.9000,0.697270
76.9200,0.387596
76.9400,0.279425
76.9600,0.335695
76.9800,0.298354
77.0000,0.495488
77.0200,0.711790
77.0400,0.957734
77.0600,1.028994
77.0800,1.596360
77.1000,2.368952
77.1200,2.312142
77.1400,2.000229
77.1600,1.728543
77.1800,1.066507
77.2000,0.649029
77.2200,0.459775
77.2400,0.767570
77.2600,1.416393
77.2800,1.098368
77.3000,1.230023
77.3200,1.435158
77.3400,2.109605
77.3600,2.421217
77.3800,3.410137
77.4000,3.600000
77.4200,3.600000
77.4400,3.598953
77.4600,2.234262
77.4800,1.203224
77.5000,0.088598
77.5200,0.046931
77.5400,0.047923
77.5600,0.077018
77.5800,0.078456
77.6000,0.143872
77.6200,0.367393
77.6400,0.300904
77.6600,0.544943
77.6800,0.388733
77.7000,0.575613
77.7200,0.699884
77.7400,0.546571
77.7600,1.020237
77.7800,1.318842
77.8000,1.616131
77.8200,1.160570
77.8400,0.816836
77.8600,0.449236
77.8800,0.269069
77.9000,0.171826
77.9200,0.578503
77.9400,1.110621
77.9600,1.120787
77.9800,1.368685
78.0000,1.459271
78.0200,1.363337
78.0400,0.943269
78.0600,0.753861
78.0800,0.796205
78.1000,0.447805
78.1200,0.244657
78.1400,0.176151
78.1600,0.117079
78.1800,0.427210
78.2000,0.810935
78.2200,0.736552
78.2400,0.608769
78.2600,0.575696
78.2800,0.966135
78.3000,1.162489
78.3200,0.817688
78.3400,0.452630
78.3600,0.253113
78.3800,0.326912
78.4000,0.560543
78.4200,0.320488
78.4400,0.296219
78.4600,0.374942
78.4800,0.301112
78.5000,0.496391
78.5200,0.314655
78.5400,0.452483
78.5600,1.149589
78.5800,1.843528
78.6000,1.934235
78.6200,2.191066
78.6400,3.292456
78.6600,3.497442
78.6800,3.514904
78.7000,3.264104
78.7200,3.595187
78.7400,3.393959
78.7600,2.941376
78.7800,3.057778
78.8000,2.921512
78.8200,2.765279
78.8400,2.514563
78.8600,3.062515
78.8800,2.372771
78.9000,1.529507
78.9200,0.863312
78.9400,0.673187
78.9600,0.484446
78.9800,0.332568
79.0000,0.222967
79.0200,0.228176
79.0400,0.358341
79.0600,0.533377
79.0800,0.400512
79.1000,0.372522
79.1200,0.477325
79.1400,0.542543
79.1600,0.460760
79.1800,0.482089
79.2000,0.796740
79.2200,0.642188
79.2400,0.400735
79.2600,0.723954
79.2800,0.671029
79.3000,0.394291
79.3200,0.683861
79.3400,1.346894
79.3600,2.085053
79.3800,2.350247
79.4000,2.523412
79.4200,2.810927
79.4400,2.262504
79.4600,1.656922
79.4800,1.472086
79.5000,1.352179
79.5200,0.877279
79.5400,0.480680
79.5600,0.682687
79.5800,1.681766
79.6000,2.379117
79.6200,2.520260
79.6400,2.858097
79.6600,3.000195
79.6800,2.954119
79.7000,3.096611
79.7200,3.025504
79.7400,2.936986
79.7600,2.925308
79.7800,2.654810
79.8000,2.088798
79.8200,1.762413
79.8400,1.909663
79.8600,2.014667
79.8800,1.417647
79.9000,1.046856
79.9200,1.025293
79.9400,1.292750
79.9600,1.286262
79.9800,1.047692
80.0000,0.697270
80.0200,0.387596
80.0400,0.279425
80.0600,0.335695
80.0800,0.298354
80.1000,0.495488
80.1200,0.711790
80.1400,0.957734
80.1600,1.028994
80.1800,1.596360
80.2000,2.368952
80.2200,2.312142
80.2400,2.000229
80.2600,1.728543
80.2800,1.066507
80.3000,0.649029
80.3200,0.459775
80.3400,0.767570
80.3600,1.416393
80.3800,1.098368
80.4000,1.230023
80.4200,1.435158
80.4400,2.109605
80.4600,2.421217
80.4800,3.410137
80.5000,3.600000
80.5200,3.600000
80.5400,3.598953
80.5600,2.234262
80.5800,1.203224
80.6000,0.088598
80.6200,0.046931
80.6400,0.047923
80.6600,0.077018
80.6800,0.078456
80.7000,0.143872
80.7200,0.367393
80.7400,0.300904
80.7600,0.544943
80.7800,0.388733
80.8000,0.575613
80.8200,0.699884
80.8400,0.546571
80.8600,1.020237
80.8800,1.318842
80.9000,1.616131
80.9200,1.160570
80.9400,0.816836
80.9600,0.449236
80.9800,0.269069
81.0000,0.171826
81.0200,0.578503
81.0400,1.110621
81.0600,1.120787
81.0800,1.368685
81.1000,1.459271
81.1200,1.363337
81.1400,0.943269
81.1600,0.753861
81.1800,0.796205
81.2000,0.447805
81.2200,0.244657
81.2400,0.176151
81.2600,0.117079
81.2800,0.427210
81.3000,0.810935
81.3200,0.736552
81.3400,0.608769
81.3600,0.575696
81.3800,0.966135
81.4000,1.162489
81.4200,0.817688
81.4400,0.452630
81.4600,0.253113
81.4800,0.326912
81.5000,0.560543
81.5200,0.320488
81.5400,0.296219
81.5600,0.374942
81.5800,0.301112
81.6000,0.496391
81.6200,0.314655
81.6400,0.452483
81.6600,1.149589
81.6800,1.843528
81.7000,1.934235
81.7200,2.191066
81.7400,3.292456
81.7600,3.497442
81.7800,3.514904
81.8000,3.264104
81.8200,3.595187
81.8400,3.393959
81.8600,2.941376
81.8800,3.057778
81.9000,2.921512
81.9200,2.765279
81.9400,2.514563
81.9600,3.062515
81.9800,2.372771
82.0000,1.529507
82.0200,0.863312
82.0400,0.673187
82.0600,0.484446
82.0800,0.332568
82.1000,0.222967
82.1200,0.228176
82.1400,0.358341
82.1600,0.533377
82.1800,0.400512
82.2000,0.372522
82.2200,0.477325
82.2400,0.542543
82.2600,0.460760
82.2800,0.482089
82.3000,0.796740
82.3200,0.642188
82.3400,0.400735
82.3600,0.723954
82.3800,0.671029
82.4000,0.394291
82.4200,0.683861
82.4400,1.346894
82.4600,2.085053
82.4800,2.350247
82.5000,2.523412
82.5200,2.810927
82.5400,2.262504
82.5600,1.656922
82.5800,1.472086
82.6000,1.352179
82.6200,0.877279
82.6400,0.480680
82.6600,0.682687
82.6800,1.681766
82.7000,2.379117
82.7200,2.520260
82.7400,2.858097
82.7600,3.000195
82.7800,2.954119
82.8000,3.096611
82.8200,3.025504
82.8400,2.936986
82.8600,2.925308
82.8800,2.654810
82.9000,2.088798
82.9200,1.762413
82.9400,1.909663
82.9600,2.014667
82.9800,1.417647
83.0000,1.046856
83.0200,1.025293
83.0400,1.292750
83.0600,1.286262
83.0800,1.047692
83.1000,0.697270
83.1200,0.387596
83.1400,0.279425
83.1600,0.335695
83.1800,0.298354
83.2000,0.495488
83.2200,0.711790
83.2400,0.957734
83.2600,1.028994
83.2800,1.596360
83.3000,2.368952
83.3200,2.312142
83.3400,2.000229
83.3600,1.728543
83.3800,1.066507
83.4000,0.649029
83.4200,0.459775
83.4400,0.767570
83.4600,1.416393
83.4800,1.098368
83.5000,1.230023
83.5200,1.435158
83.5400,2.109605
83.5600,2.421217
83.5800,3.410137
83.6000,3.600000
83.6200,3.600000
83.6400,3.598953
83.6600,2.234262
83.6800,1.203224
83.7000,0.088598
83.7200,0.046931
83.7400,0.047923
83.7600,0.077018
83.7800,0.078456
83.8000,0.143872
83.8200,0.367393
83.8400,0.300904
83.8600,0.544943
83.8800,0.388733
83.9000,0.575613
83.9200,0.699884
83.9400,0.546571
83.9600,1.020237
83.9800,1.318842
84.0000,1.616131
84.0200,1.160570
84.0400,0.816836
84.0600,0.449236
84.0800,0.269069
84.1000,0.171826
84.1200,0.578503
84.1400,1.110621
84.1600,1.120787
84.1800,1.368685
84.2000,1.459271
84.2200,1.363337
84.2400,0.943269
84.2600,0.753861
84.2800,0.796205
84.3000,0.447805
84.3200,0.244657
84.3400,0.176151
84.3600,0.117079
84.3800,0.427210
84.4000,0.810935
84.4200,0.736552
84.4400,0.608769
84.4600,0.575696
84.4800,0.966135
84.5000,1.162489
84.5200,0.817688
84.5400,0.452630
84.5600,0.253113
84.5800,0.326912
84.6000,0.560543
84.6200,0.320488
84.6400,0.296219
84.6600,0.374942
84.6800,0.301112
84.7000,0.496391
84.7200,0.314655
84.7400,0.452483
84.7600,1.149589
84.7800,1.843528
84.8000,1.934235
84.8200,2.191066
84.8400,3.292456
84.8600,3.497442
84.8800,3.514904
84.9000,3.264104
84.9200,3.595187
84.9400,3.393959
84.9600,2.941376
84.9800,3.057778
85.0000,2.921512
85.0200,2.765279
85.0400,2.514563
85.0600,3.062515
85.0800,2.372771
85.1000,1.529507
85.1200,0.863312
85.1400,0.673187
85.1600,0.484446
85.1800,0.332568
85.2000,0.222967
85.2200,0.228176
85.2400,0.358341
85.2600,0.533377
85.2800,0.400512
85.3000,0.372522
85.3200,0.477325
85.3400,0.542543
85.3600,0.460760
85.3800,0.482089
85.4000,0.796740
85.4200,0.642188
85.4400,0.400735
85.4600,0.723954
85.4800,0.671029
85.5000,0.394291
85.5200,0.683861
85.5400,1.346894
85.5600,2.085053
85.5800,2.350247
85.6000,2.523412
85.6200,2.810927
85.6400,2.262504
85.6600,1.656922
85.6800,1.472086
85.7000,1.352179
85.7200,0.877279
85.7400,0.480680
85.7600,0.682687
85.7800,1.681766
85.8000,2.379117
85.8200,2.520260
85.8400,2.858097
85.8600,3.000195
85.8800,2.954119
85.9000,3.096611
85.9200,3.025504
85.9400,2.936986
85.9600,2.925308
85.9800,2.654810
86.0000,2.088798
86.0200,1.762413
86.0400,1.909663
86.0600,2.014667
86.0800,1.417647
86.1000,1.046856
86.1200,1.025293
86.1400,1.292750
86.1600,1.286262
86.1800,1.047692
86.2000,0.697270
86.2200,0.387596
86.2400,0.279425
86.2600,0.335695
86.2800,0.298354
86.3000,0.495488
86.3200,0.711790
86.3400,0.957734
86.3600,1.028994
86.3800,1.596360
86.4000,2.368952
86.4200,2.312142
86.4400,2.000229
86.4600,1.728543
86.4800,1.066507
86.5000,0.649029
86.5200,0.459775
86.5400,0.767570
86.5600,1.416393
86.5800,1.098368
86.6000,1.230023
86.6200,1.435158
86.6400,2.109605
86.6600,2.421217
86.6800,3.410137
86.7000,3.600000
86.7200,3.600000
86.7400,3.598953
86.7600,2.234262
86.7800,1.203224
86.8000,0.088598
86.8200,0.046931
86.8400,0.047923
86.8600,0.077018
86.8800,0.078456
86.9000,0.143872
86.9200,0.367393
86.9400,0.300904
86.9600,0.544943
86.9800,0.388733
87.0000,0.575613
87.0200,0.699884
87.0400,0.546571
87.0600,1.020237
87.0800,1.318842
87.1000,1.616131
87.1200,1.160570
87.1400,0.816836
87.1600,0.449236
87.1800,0.269069
87.2000,0.171826
87.2200,0.578503
87.2400,1.110621
87.2600,1.120787
87.2800,1.368685
87.3000,1.459271
87.3200,1.363337
87.3400,0.943269
87.3600,0.753861
87.3800,0.796205
87.4000,0.447805
87.4200,0.244657
87.4400,0.176151
87.4600,0.117079
87.4800,0.427210
87.5000,0.810935
87.5200,0.736552
87.5400,0.608769
87.5600,0.575696
87.5800,0.966135
87.6000,1.162489
87.6200,0.817688
87.6400,0.452630
87.6600,0.253113
87.6800,0.326912
87.7000,0.560543
87.7200,0.320488
87.7400,0.296219
87.7600,0.374942
87.7800,0.301112
87.8000,0.496391
87.8200,0.314655
87.8400,0.452483
87.8600,1.149589
87.8800,1.843528
87.9000,1.934235
87.9200,2.191066
87.9400,3.292456
87.9600,3.497442
87.9800,3.514904
88.0000,3.264104
88.0200,3.595187
88.0400,3.393959
88.0600,2.941376
88.0800,3.057778
88.1000,2.921512
88.1200,2.765279
88.1400,2.514563
88.1600,3.062515
88.1800,2.372771
88.2000,1.529507
88.2200,0.863312
88.2400,0.673187
88.2600,0.484446
88.2800,0.332568
88.3000,0.222967
88.3200,0.228176
88.3400,0.358341
88.3600,0.533377
88.3800,0.400512
88.4000,0.372522
88.4200,0.477325
88.4400,0.542543
88.4600,0.460760
88.4800,0.482089
88.5000,0.796740
88.5200,0.642188
88.5400,0.400735
88.5600,0.723954
88.5800,0.671029
88.6000,0.394291
88.6200,0.683861
88.6400,1.346894
88.6600,2.085053
88.6800,2.350247
88.7000,2.523412
88.7200,2.810927
88.7400,2.262504
88.7600,1.656922
88.7800,1.472086
88.8000,1.352179
88.8200,0.877279
88.8400,0.480680
88.8600,0.682687
88.8800,1.681766
88.9000,2.379117
88.9200,2.520260
88.9400,2.858097
88.9600,3.000195
88.9800,2.954119
89.0000,3.096611
89.0200,3.025504
89.0400,2.936986
89.0600,2.925308
89.0800,2.654810
89.1000,2.088798
89.1200,1.762413
89.1400,1.909663
89.1600,2.014667
89.1800,1.417647
89.2000,1.046856
89.2200,1.025293
89.2400,1.292750
89.2600,1.286262
89.2800,1.047692
89.3000,0.697270
89.3200,0.387596
89.3400,0.279425
89.3600,0.335695
89.3800,0.298354
89.4000,0.495488
89.4200,0.711790
89.4400,0.957734
89.4600,1.028994
89.4800,1.596360
89.5000,2.368952
89.5200,2.312142
89.5400,2.000229
89.5600,1.728543
89.5800,1.066507
89.6000,0.649029
89.6200,0.459775
89.6400,0.767570
89.6600,1.416393
89.6800,1.098368
89.7000,1.230023
89.7200,1.435158
89.7400,2.109605
89.7600,2.421217
89.7800,3.410137
89.8000,3.600000
89.8200,3.600000
89.8400,3.598953
89.8600,2.234262
89.8800,1.203224
89.9000,0.088598
89.9200,0.046931
89.9400,0.047923
89.9600,0.077018
89.9800,0.078456
90.0000,0.143872
90.0200,0.367393
90.0400,0.300904
90.0600,0.544943
90.0800,0.388733
90.1000,0.575613
90.1200,0.699884
90.1400,0.546571
90.1600,1.020237
90.1800,1.318842
90.2000,1.616131
90.2200,1.160570
90.2400,0.816836
90.2600,0.449236
90.2800,0.269069
90.3000,0.171826
90.3200,0.578503
90.3400,1.110621
90.3600,1.120787
90.3800,1.368685
90.4000,1.459271
90.4200,1.363337
90.4400,0.943269
90.4600,0.753861
90.4800,0.796205
90.5000,0.447805
90.5200,0.244657
90.5400,0.176151
90.5600,0.117079
90.5800,0.427210
90.6000,0.810935
90.6200,0.736552
90.6400,0.608769
90.6600,0.575696
90.6800,0.966135
90.7000,1.162489
90.7200,0.817688
90.7400,0.452630
90.7600,0.253113
90.7800,0.326912
90.8000,0.560543
90.8200,0.320488
90.8400,0.296219
90.8600,0.374942
90.8800,0.301112
90.9000,0.496391
90.9200,0.314655
90.9400,0.452483
90.9600,1.149589
90.9800,1.843528
91.0000,1.934235
91.0200,2.191066
91.0400,3.292456
91.0600,3.497442
91.0800,3.514904
91.1000,3.264104
91.1200,3.595187
91.1400,3.393959
91.1600,2.941376
91.1800,3.057778
91.2000,2.921512
91.2200,2.765279
91.2400,2.514563
91.2600,3.062515
91.2800,2.372771
91.3000,1.529507
91.3200,0.863312
91.3400,0.673187
91.3600,0.484446
91.3800,0.332568
91.4000,0.222967
91.4200,0.228176
91.4400,0.358341
91.4600,0.533377
91.4800,0.400512
91.5000,0.372522
91.5200,0.477325
91.5400,0.542543
91.5600,0.460760
91.5800,0.482089
91.6000,0.796740
91.6200,0.642188
91.6400,0.400735
91.6600,0.723954
91.6800,0.671029
91.7000,0.394291
91.7200,0.683861
91.7400,1.346894
91.7600,2.085053
91.7800,2.350247
91.8000,2.523412
91.8200,2.810927
91.8400,2.262504
91.8600,1.656922
91.8800,1.472086
91.9000,1.352179
91.9200,0.877279
91.9400,0.480680
91.9600,0.682687
91.9800,1.681766
92.0000,2.379117
92.0200,2.520260
92.0400,2.858097
92.0600,3.000195
92.0800,2.954119
92.1000,3.096611
92.1200,3.025504
92.1400,2.936986
92.1600,2.925308
92.1800,2.654810
92.2000,2.088798
92.2200,1.762413
92.2400,1.909663
92.2600,2.014667
92.2800,1.417647
92.3000,1.046856
92.3200,1.025293
92.3400,1.292750
92.3600,1.286262
92.3800,1.047692
92.4000,0.697270
92.4200,0.387596
92.4400,0.279425
92.4600,0.335695
92.4800,0.298354
92.5000,0.495488
92.5200,0.711790
92.5400,0.957734
92.5600,1.028994
92.5800,1.596360
92.6000,2.368952
92.6200,2.312142
92.6400,2.000229
92.6600,1.728543
92.6800,1.066507
92.7000,0.649029
92.7200,0.459775
92.7400,0.767570
92.7600,1.416393
92.7800,1.098368
92.8000,1.230023
92.8200,1.435158
92.8400,2.109605
92.8600,2.421217
92.8800,3.410137
92.9000,3.600000
92.9200,3.600000
92.9400,3.598953
92.9600,2.234262
92.9800,1.203224
93.0000,0.088598
93.0200,0.046931
93.0400,0.047923
93.0600,0.077018
93.0800,0.078456
93.1000,0.143872
93.1200,0.367393
93.1400,0.300904
93.1600,0.544943
93.1800,0.388733
93.2000,0.575613
93.2200,0.699884
93.2400,0.546571
93.2600,1.020237
93.2800,1.318842
93.3000,1.616131
93.3200,1.160570
93.3400,0.816836
93.3600,0.449236
93.3800,0.269069
93.4000,0.171826
93.4200,0.578503
93.4400,1.110621
93.4600,1.120787
93.4800,1.368685
93.5000,1.459271
93.5200,1.363337
93.5400,0.943269
93.5600,0.753861
93.5800,0.796205
93.6000,0.447805
93.6200,0.244657
93.6400,0.176151
93.6600,0.117079
93.6800,0.427210
93.7000,0.810935
93.7200,0.736552
93.7400,0.608769
93.7600,0.575696
93.7800,0.966135
93.8000,1.162489
93.8200,0.817688
93.8400,0.452630
93.8600,0.253113
93.8800,0.326912
93.9000,0.560543
93.9200,0.320488
93.9400,0.296219
93.9600,0.374942
93.9800,0.301112
94.0000,0.496391
94.0200,0.314655
94.0400,0.452483
94.0600,1.149589
94.0800,1.843528
94.1000,1.934235
94.1200,2.191066
94.1400,3.292456
94.1600,3.497442
94.1800,3.514904
94.2000,3.264104
94.2200,3.595187
94.2400,3.393959
94.2600,2.941376
94.2800,3.057778
94.3000,2.921512
94.3200,2.765279
94.3400,2.514563
94.3600,3.062515
94.3800,2.372771
94.4000,1.529507
94.4200,0.863312
94.4400,0.673187
94.4600,0.484446
94.4800,0.332568
94.5000,0.222967
94.5200,0.228176
94.5400,0.358341
94.5600,0.533377
94.5800,0.400512
94.6000,0.372522
94.6200,0.477325
94.6400,0.542543
94.6600,0.460760
94.6800,0.482089
94.7000,0.796740
94.7200,0.642188
94.7400,0.400735
94.7600,0.723954
94.7800,0.671029
94.8000,0.394291
94.8200,0.683861
94.8400,1.346894
94.8600,2.085053
94.8800,2.350247
94.9000,2.523412
94.9200,2.810927
94.9400,2.262504
94.9600,1.656922
94.9800,1.472086
95.0000,1.352179
95.0200,0.877279
95.0400,0.480680
95.0600,0.682687
95.0800,1.681766
95.1000,2.379117
95.1200,2.520260
95.1400,2.858097
95.1600,3.000195
95.1800,2.954119
95.2000,3.096611
95.2200,3.025504
95.2400,2.936986
95.2600,2.925308
95.2800,2.654810
95.3000,2.088798
95.3200,1.762413
95.3400,1.909663
95.3600,2.014667
95.3800,1.417647
95.4000,1.046856
95.4200,1.025293
95.4400,1.292750
95.4600,1.286262
95.4800,1.047692
95.5000,0.697270
95.5200,0.387596
95.5400,0.279425
95.5600,0.335695
95.5800,0.298354
95.6000,0.495488
95.6200,0.711790
95.6400,0.957734
95.6600,1.028994
95.6800,1.596360
95.7000,2.368952
95.7200,2.312142
95.7400,2.000229
95.7600,1.728543
95.7800,1.066507
95.8000,0.649029
95.8200,0.459775
95.8400,0.767570
95.8600,1.416393
95.8800,1.098368
95.9000,1.230023
95.9200,1.435158
95.9400,2.109605
95.9600,2.421217
95.9800,3.410137
96.0000,3.600000
96.0200,3.600000
96.0400,3.598953
96.0600,2.234262
96.0800,1.203224
96.1000,0.088598
96.1200,0.046931
96.1400,0.047923
96.1600,0.077018
96.1800,0.078456
96.2000,0.143872
96.2200,0.367393
96.2400,0.300904
96.2600,0.544943
96.2800,0.388733
96.3000,0.575613
96.3200,0.699884
96.3400,0.546571
96.3600,1.020237
96.3800,1.318842
96.4000,1.616131
96.4200,1.160570
96.4400,0.816836
96.4600,0.449236
96.4800,0.269069
96.5000,0.171826
96.5200,0.578503
96.5400,1.110621
96.5600,1.120787
96.5800,1.368685
96.6000,1.459271
96.6200,1.363337
96.6400,0.943269
96.6600,0.753861
96.6800,0.796205
96.7000,0.447805
96.7200,0.244657
96.7400,0.176151
96.7600,0.117079
96.7800,0.427210
96.8000,0.810935
96.8200,0.736552
96.8400,0.608769
96.8600,0.575696
96.8800,0.966135
96.9000,1.162489
96.9200,0.817688
96.9400,0.452630
96.9600,0.253113
96.9800,0.326912
97.0000,0.560543
97.0200,0.320488
97.0400,0.296219
97.0600,0.374942
97.0800,0.301112
97.1000,0.496391
97.1200,0.314655
97.1400,0.452483
97.1600,1.149589
97.1800,1.843528
97.2000,1.934235
97.2200,2.191066
97.2400,3.292456
97.2600,3.497442
97.2800,3.514904
97.3000,3.264104
97.3200,3.595187
97.3400,3.393959
97.3600,2.941376
97.3800,3.057778
97.4000,2.921512
97.4200,2.765279
97.4400,2.514563
97.4600,3.062515
97.4800,2.372771
97.5000,1.529507
97.5200,0.863312
97.5400,0.673187
97.5600,0.484446
97.5800,0.332568
97.6000,0.222967
97.6200,0.228176
97.6400,0.358341
97.6600,0.533377
97.6800,0.400512
97.7000,0.372522
97.7200,0.477325
97.7400,0.542543
97.7600,0.460760
97.7800,0.482089
97.8000,0.796740
97.8200,0.642188
97.8400,0.400735
97.8600,0.723954
97.8800,0.671029
97.9000,0.394291
97.9200,0.683861
97.9400,1.346894
97.9600,2.085053
97.9800,2.350247
98.0000,2.523412
98.0200,2.810927
98.0400,2.262504
98.0600,1.656922
98.0800,1.472086
98.1000,1.352179
98.1200,0.877279
98.1400,0.480680
98.1600,0.682687
98.1800,1.681766
98.2000,2.379117
98.2200,2.520260
98.2400,2.858097
98.2600,3.000195
98.2800,2.954119
98.3000,3.096611
98.3200,3.025504
98.3400,2.936986
98.3600,2.925308
98.3800,2.654810
98.4000,2.088798
98.4200,1.762413
98.4400,1.909663
98.4600,2.014667
98.4800,1.417647
98.5000,1.046856
98.5200,1.025293
98.5400,1.292750
98.5600,1.286262
98.5800,1.047692
98.6000,0.697270
98.6200,0.387596
98.6400,0.279425
98.6600,0.335695
98.6800,0.298354
98.7000,0.495488
98.7200,0.711790
98.7400,0.957734
98.7600,1.028994
98.7800,1.596360
98.8000,2.368952
98.8200,2.312142
98.8400,2.000229
98.8600,1.728543
98.8800,1.066507
98.9000,0.649029
98.9200,0.459775
98.9400,0.767570
98.9600,1.416393
98.9800,1.098368
99.0000,1.230023
99.0200,1.435158
99.0400,2.109605
99.0600,2.421217
99.0800,3.410137
99.1000,3.600000
99.1200,3.600000
99.1400,3.598953
99.1600,2.234262
99.1800,1.203224
99.2000,0.088598
99.2200,0.046931
99.2400,0.047923
99.2600,0.077018
99.2800,0.078456
99.3000,0.143872
99.3200,0.367393
99.3400,0.300904
99.3600,0.544943
99.3800,0.388733
99.4000,0.575613
99.4200,0.699884
99.4400,0.546571
99.4600,1.020237
99.4800,1.318842
99.5000,1.616131
99.5200,1.160570
99.5400,0.816836
99.5600,0.449236
99.5800,0.269069
99.6000,0.171826
99.6200,0.578503
99.6400,1.110621
99.6600,1.120787
99.6800,1.368685
99.7000,1.459271
99.7200,1.363337
99.7400,0.943269
99.7600,0.753861
99.7800,0.796205
99.8000,0.447805
99.8200,0.244657
99.8400,0.176151
99.8600,0.117079
99.8800,0.427210
99.9000,0.810935
99.9200,0.736552
99.9400,0.608769
99.9600,0.575696
99.9800,0.966135
100.0000,1.162489
100.0200,0.817688
100.0400,0.452630
100.0600,0.253113
100.0800,0.326912
100.1000,0.560543
100.1200,0.320488
100.1400,0.296219
100.1600,0.374942
100.1800,0.301112
100.2000,0.496391
100.2200,0.314655
100.2400,0.452483
100.2600,1.149589
100.2800,1.843528
100.3000,1.934235
100.3200,2.191066
100.3400,3.292456
100.3600,3.497442
100.3800,3.514904
100.4000,3.264104
100.4200,3.595187
100.4400,3.393959
100.4600,2.941376
100.4800,3.057778
100.5000,2.921512
100.5200,2.765279
100.5400,2.514563
100.5600,3.062515
100.5800,2.372771
100.6000,1.529507
100.6200,0.863312
100.6400,0.673187
100.6600,0.484446
100.6800,0.332568
100.7000,0.222967
100.7200,0.228176
100.7400,0.358341
100.7600,0.533377
100.7800,0.400512
100.8000,0.372522
100.8200,0.477325
100.8400,0.542543
100.8600,0.460760
100.8800,0.482089
100.9000,0.796740
100.9200,0.642188
100.9400,0.400735
100.9600,0.723954
100.9800,0.671029
101.0000,0.394291
101.0200,0.683861
101.0400,1.346894
101.0600,2.085053
101.0800,2.350247
101.1000,2.523412
101.1200,2.810927
101.1400,2.262504
101.1600,1.656922
101.1800,1.472086
101.2000,1.352179
101.2200,0.877279
101.2400,0.480680
101.2600,0.682687
101.2800,1.681766
101.3000,2.379117
101.3200,2.520260
101.3400,2.858097
101.3600,3.000195
101.3800,2.954119
101.4000,3.096611
101.4200,3.025504
101.4400,2.936986
101.4600,2.925308
101.4800,2.654810
101.5000,2.088798
101.5200,1.762413
101.5400,1.909663
101.5600,2.014667
101.5800,1.417647
101.6000,1.046856
101.6200,1.025293
101.6400,1.292750
101.6600,1.286262
101.6800,1.047692
101.7000,0.697270
101.7200,0.387596
101.7400,0.279425
101.7600,0.335695
101.7800,0.298354
101.8000,0.495488
101.8200,0.711790
101.8400,0.957734
101.8600,1.028994
101.8800,1.596360
101.9000,2.368952
101.9200,2.312142
101.9400,2.000229
101.9600,1.728543
101.9800,1.066507
102.0000,0.649029
102.0200,0.459775
102.0400,0.767570
102.0600,1.416393
102.0800,1.098368
102.1000,1.230023
102.1200,1.435158
102.1400,2.109605
102.1600,2.421217
102.1800,3.410137
102.2000,3.600000
102.2200,3.600000
102.2400,3.598953
102.2600,2.234262
102.2800,1.203224
102.3000,0.088598
102.3200,0.046931
102.3400,0.047923
102.3600,0.077018
102.3800,0.078456
102.4000,0.143872
102.4200,0.367393
102.4400,0.300904
102.4600,0.544943
102.4800,0.388733
102.5000,0.575613
102.5200,0.699884
102.5400,0.546571
102.5600,1.020237
102.5800,1.318842
102.6000,1.616131
102.6200,1.160570
102.6400,0.816836
102.6600,0.449236
102.6800,0.269069
102.7000,0.171826
102.7200,0.578503
102.7400,1.110621
102.7600,1.120787
102.7800,1.368685
102.8000,1.459271
102.8200,1.363337
102.8400,0.943269
102.8600,0.753861
102.8800,0.796205
102.9000,0.447805
102.9200,0.244657
102.9400,0.176151
102.9600,0.117079
102.9800,0.427210
103.0000,0.810935
103.0200,0.736552
103.0400,0.608769
103.0600,0.575696
103.0800,0.966135
103.1000,1.162489
103.1200,0.817688
103.1400,0.452630
103.1600,0.253113
103.1800,0.326912
103.2000,0.560543
103.2200,0.320488
103.2400,0.296219
103.2600,0.374942
103.2800,0.301112
103.3000,0.496391
103.3200,0.314655
103.3400,0.452483
103.3600,1.149589
103.3800,1.843528
103.4000,1.934235
103.4200,2.191066
103.4400,3.292456
103.4600,3.497442
103.4800,3.514904
103.5000,3.264104
103.5200,3.595187
103.5400,3.393959
103.5600,2.941376
103.5800,3.057778
103.6000,2.921512
103.6200,2.765279
103.6400,2.514563
103.6600,3.062515
103.6800,2.372771
103.7000,1.529507
103.7200,0.863312
103.7400,0.673187
103.7600,0.484446
103.7800,0.332568
103.8000,0.222967
103.8200,0.228176
103.8400,0.358341
103.8600,0.533377
103.8800,0.400512
103.9000,0.372522
103.9200,0.477325
103.9400,0.542543
103.9600,0.460760
103.9800,0.482089
104.0000,0.796740
104.0200,0.642188
104.0400,0.400735
104.0600,0.723954
104.0800,0.671029
104.1000,0.394291
104.1200,0.683861
104.1400,1.346894
104.1600,2.085053
104.1800,2.350247
104.2000,2.523412
104.2200,2.810927
104.2400,2.262504
104.2600,1.656922
104.2800,1.472086
104.3000,1.352179
104.3200,0.877279
104.3400,0.480680
104.3600,0.682687
104.3800,1.681766
104.4000,2.379117
104.4200,2.520260
104.4400,2.858097
104.4600,3.000195
104.4800,2.954119
104.5000,3.096611
104.5200,3.025504
104.5400,2.936986
104.5600,2.925308
104.5800,2.654810
104.6000,2.088798
104.6200,1.762413
104.6400,1.909663
104.6600,2.014667
104.6800,1.417647
104.7000,1.046856
104.7200,1.025293
104.7400,1.292750
104.7600,1.286262
104.7800,1.047692
104.8000,0.697270
104.8200,0.387596
104.8400,0.279425
104.8600,0.335695
104.8800,0.298354
104.9000,0.495488
104.9200,0.711790
104.9400,0.957734
104.9600,1.028994
104.9800,1.596360
105.0000,2.368952
105.0200,2.312142
105.0400,2.000229
105.0600,1.728543
105.0800,1.066507
105.1000,0.649029
105.1200,0.459775
105.1400,0.767570
105.1600,1.416393
105.1800,1.098368
105.2000,1.230023
105.2200,1.435158
105.2400,2.109605
105.2600,2.421217
105.2800,3.410137
105.3000,3.600000
105.3200,3.600000
105.3400,3.598953
105.3600,2.234262
105.3800,1.203224
105.4000,0.088598
105.4200,0.046931
105.4400,0.047923
105.4600,0.077018
105.4800,0.078456
105.5000,0.143872
105.5200,0.367393
105.5400,0.300904
105.5600,0.544943
105.5800,0.388733
105.6000,0.575613
105.6200,0.699884
105.6400,0.546571
105.6600,1.020237
105.6800,1.318842
105.7000,1.616131
105.7200,1.160570
105.7400,0.816836
105.7600,0.449236
105.7800,0.269069
105.8000,0.171826
105.8200,0.578503
105.8400,1.110621
105.8600,1.120787
105.8800,1.368685
105.9000,1.459271
105.9200,1.363337
105.9400,0.943269
105.9600,0.753861
105.9800,0.796205
106.0000,0.447805
106.0200,0.244657
106.0400,0.176151
106.0600,0.117079
106.0800,0.427210
106.1000,0.810935
106.1200,0.736552
106.1400,0.608769
106.1600,0.575696
106.1800,0.966135
106.2000,1.162489
106.2200,0.817688
106.2400,0.452630
106.2600,0.253113
106.2800,0.326912
106.3000,0.560543
106.3200,0.320488
106.3400,0.296219
106.3600,0.374942
106.3800,0.301112
106.4000,0.496391
106.4200,0.314655
106.4400,0.452483
106.4600,1.149589
106.4800,1.843528
106.5000,1.934235
106.5200,2.191066
106.5400,3.292456
106.5600,3.497442
106.5800,3.514904
106.6000,3.264104
106.6200,3.595187
106.6400,3.393959
106.6600,2.941376
106.6800,3.057778
106.7000,2.921512
106.7200,2.765279
106.7400,2.514563
106.7600,3.062515
106.7800,2.372771
106.8000,1.529507
106.8200,0.863312
106.8400,0.673187
106.8600,0.484446
106.8800,0.332568
106.9000,0.222967
106.9200,0.228176
106.9400,0.358341
106.9600,0.533377
106.9800,0.400512
107.0000,0.372522
107.0200,0.477325
107.0400,0.542543
107.0600,0.460760
107.0800,0.482089
107.1000,0.796740
107.1200,0.642188
107.1400,0.400735
107.1600,0.723954
107.1800,0.671029
107.2000,0.394291
107.2200,0.683861
107.2400,1.346894
107.2600,2.085053
107.2800,2.350247
107.3000,2.523412
107.3200,2.810927
107.3400,2.262504
107.3600,1.656922
107.3800,1.472086
107.4000,1.352179
107.4200,0.877279
107.4400,0.480680
107.4600,0.682687
107.4800,1.681766
107.5000,2.379117
107.5200,2.520260
107.5400,2.858097
107.5600,3.000195
107.5800,2.954119
107.6000,3.096611
107.6200,3.025504
107.6400,2.936986
107.6600,2.925308
107.6800,2.654810
107.7000,2.088798
107.7200,1.762413
107.7400,1.909663
107.7600,2.014667
107.7800,1.417647
107.8000,1.046856
107.8200,1.025293
107.8400,1.292750
107.8600,1.286262
107.8800,1.047692
107.9000,0.697270
107.9200,0.387596
107.9400,0.279425
107.9600,0.335695
107.9800,0.298354
108.0000,0.495488
108.0200,0.711790
108.0400,0.957734
108.0600,1.028994
108.0800,1.596360
108.1000,2.368952
108.1200,2.312142
108.1400,2.000229
108.1600,1.728543
108.1800,1.066507
108.2000,0.649029
108.2200,0.459775
108.2400,0.767570
108.2600,1.416393
108.2800,1.098368
108.3000,1.230023
108.3200,1.435158
108.3400,2.109605
108.3600,2.421217
108.3800,3.410137
108.4000,3.600000
108.4200,3.600000
108.4400,3.598953
108.4600,2.234262
108.4800,1.203224
108.5000,0.088598
108.5200,0.046931
108.5400,0.047923
108.5600,0.077018
108.5800,0.078456
108.6000,0.143872
108.6200,0.367393
108.6400,0.300904
108.6600,0.544943
108.6800,0.388733
108.7000,0.575613
108.7200,0.699884
108.7400,0.546571
108.7600,1.020237
108.7800,1.318842
108.8000,1.616131
108.8200,1.160570
108.8400,0.816836
108.8600,0.449236
108.8800,0.269069
108.9000,0.171826
108.9200,0.578503
108.9400,1.110621
108.9600,1.120787
108.9800,1.368685
109.0000,1.459271
109.0200,1.363337
109.0400,0.943269
109.0600,0.753861
109.0800,0.796205
109.1000,0.447805
109.1200,0.244657
109.1400,0.176151
109.1600,0.117079
109.1800,0.427210
109.2000,0.810935
109.2200,0.736552
109.2400,0.608769
109.2600,0.575696
109.2800,0.966135
109.3000,1.162489
109.3200,0.817688
109.3400,0.452630
109.3600,0.253113
109.3800,0.326912
109.4000,0.560543
109.4200,0.320488
109.4400,0.296219
109.4600,0.374942
109.4800,0.301112
109.5000,0.496391
109.5200,0.314655
109.5400,0.452483
109.5600,1.149589
109.5800,1.843528
109.6000,1.934235
109.6200,2.191066
109.6400,3.292456
109.6600,3.497442
109.6800,3.514904
109.7000,3.264104
109.7200,3.595187
109.7400,3.393959
109.7600,2.941376
109.7800,3.057778
109.8000,2.921512
109.8200,2.765279
109.8400,2.514563
109.8600,3.062515
109.8800,2.372771
109.9000,1.529507
109.9200,0.863312
109.9400,0.673187
109.9600,0.484446
109.9800,0.332568
110.0000,0.222967
110.0200,0.228176
110.0400,0.358341
110.0600,0.533377
110.0800,0.400512
110.1000,0.372522
110.1200,0.477325
110.1400,0.542543
110.1600,0.460760
110.1800,0.482089
110.2000,0.796740
110.2200,0.642188
110.2400,0.400735
110.2600,0.723954
110.2800,0.671029
110.3000,0.394291
110.3200,0.683861
110.3400,1.346894
110.3600,2.085053
110.3800,2.350247
110.4000,2.523412
110.4200,2.810927
110.4400,2.262504
110.4600,1.656922
110.4800,1.472086
110.5000,1.352179
110.5200,0.877279
110.5400,0.480680
110.5600,0.682687
110.5800,1.681766
110.6000,2.379117
110.6200,2.520260
110.6400,2.858097
110.6600,3.000195
110.6800,2.954119
110.7000,3.096611
110.7200,3.025504
110.7400,2.936986
110.7600,2.925308
110.7800,2.654810
110.8000,2.088798
110.8200,1.762413
110.8400,1.909663
110.8600,2.014667
110.8800,1.417647
110.9000,1.046856
110.9200,1.025293
110.9400,1.292750
110.9600,1.286262
110.9800,1.047692
111.0000,0.697270
111.0200,0.387596
111.0400,0.279425
111.0600,0.335695
111.0800,0.298354
111.1000,0.495488
111.1200,0.711790
111.1400,0.957734
111.1600,1.028994
111.1800,1.596360
111.2000,2.368952
111.2200,2.312142
111.2400,2.000229
111.2600,1.728543
111.2800,1.066507
111.3000,0.649029
111.3200,0.459775
111.3400,0.767570
111.3600,1.416393
111.3800,1.098368
111.4000,1.230023
111.4200,1.435158
111.4400,2.109605
111.4600,2.421217
111.4800,3.410137
111.5000,3.600000
111.5200,3.600000
111.5400,3.598953
111.5600,2.234262
111.5800,1.203224
111.6000,0.088598
111.6200,0.046931
111.6400,0.047923
111.6600,0.077018
111.6800,0.078456
111.7000,0.143872
111.7200,0.367393
111.7400,0.300904
111.7600,0.544943
111.7800,0.388733
111.8000,0.575613
111.8200,0.699884
111.8400,0.546571
111.8600,1.020237
111.8800,1.318842
111.9000,1.616131
111.9200,1.160570
111.9400,0.816836
111.9600,0.449236
111.9800,0.269069
112.0000,0.171826
112.0200,0.578503
112.0400,1.110621
112.0600,1.120787
112.0800,1.368685
112.1000,1.459271
112.1200,1.363337
112.1400,0.943269
112.1600,0.753861
112.1800,0.796205
112.2000,0.447805
112.2200,0.244657
112.2400,0.176151
112.2600,0.117079
112.2800,0.427210
112.3000,0.810935
112.3200,0.736552
112.3400,0.608769
112.3600,0.575696
112.3800,0.966135
112.4000,1.162489
112.4200,0.817688
112.4400,0.452630
112.4600,0.253113
112.4800,0.326912
112.5000,0.560543
112.5200,0.320488
112.5400,0.296219
112.5600,0.374942
112.5800,0.301112
112.6000,0.496391
112.6200,0.314655
112.6400,0.452483
112.6600,1.149589
112.6800,1.843528
112.7000,1.934235
112.7200,2.191066
112.7400,3.292456
112.7600,3.497442
112.7800,3.514904
112.8000,3.264104
112.8200,3.595187
112.8400,3.393959
112.8600,2.941376
112.8800,3.057778
112.9000,2.921512
112.9200,2.765279
112.9400,2.514563
112.9600,3.062515
112.9800,2.372771
113.0000,1.529507
113.0200,0.863312
113.0400,0.673187
113.0600,0.484446
113.0800,0.332568
113.1000,0.222967
113.1200,0.228176
113.1400,0.358341
113.1600,0.533377
113.1800,0.400512
113.2000,0.372522
113.2200,0.477325
113.2400,0.542543
113.2600,0.460760
113.2800,0.482089
113.3000,0.796740
113.3200,0.642188
113.3400,0.400735
113.3600,0.723954
113.3800,0.671029
113.4000,0.394291
113.4200,0.683861
113.4400,1.346894
113.4600,2.085053
113.4800,2.350247
113.5000,2.523412
113.5200,2.810927
113.5400,2.262504
113.5600,1.656922
113.5800,1.472086
113.6000,1.352179
113.6200,0.877279
113.6400,0.480680
113.6600,0.682687
113.6800,1.681766
113.7000,2.379117
113.7200,2.520260
113.7400,2.858097
113.7600,3.000195
113.7800,2.954119
113.8000,3.096611
113.8200,3.025504
113.8400,2.936986
113.8600,2.925308
113.8800,2.654810
113.9000,2.088798
113.9200,1.762413
113.9400,1.909663
113.9600,2.014667
113.9800,1.417647
114.0000,1.046856
114.0200,1.025293
114.0400,1.292750
114.0600,1.286262
114.0800,1.047692
114.1000,0.697270
114.1200,0.387596
114.1400,0.279425
114.1600,0.335695
114.1800,0.298354
114.2000,0.495488
114.2200,0.711790
114.2400,0.957734
114.2600,1.028994
114.2800,1.596360
114.3000,2.368952
114.3200,2.312142
114.3400,2.000229
114.3600,1.728543
114.3800,1.066507
114.4000,0.649029
114.4200,0.459775
114.4400,0.767570
114.4600,1.416393
114.4800,1.098368
114.5000,1.230023
114.5200,1.435158
114.5400,2.109605
114.5600,2.421217
114.5800,3.410137
114.6000,3.600000
114.6200,3.600000
114.6400,3.598953
114.6600,2.234262
114.6800,1.203224
114.7000,0.088598
114.7200,0.046931
114.7400,0.047923
114.7600,0.077018
114.7800,0.078456
114.8000,0.143872
114.8200,0.367393
114.8400,0.300904
114.8600,0.544943
114.8800,0.388733
114.9000,0.575613
114.9200,0.699884
114.9400,0.546571
114.9600,1.020237
114.9800,1.318842
115.0000,1.616131
115.0200,1.160570
115.0400,0.816836
115.0600,0.449236
115.0800,0.269069
115.1000,0.171826
115.1200,0.578503
115.1400,1.110621
115.1600,1.120787
115.1800,1.368685
115.2000,1.459271
115.2200,1.363337
115.2400,0.943269
115.2600,0.753861
115.2800,0.796205
115.3000,0.447805
115.3200,0.244657
115.3400,0.176151
115.3600,0.117079
115.3800,0.427210
115.4000,0.810935
115.4200,0.736552
115.4400,0.608769
115.4600,0.575696
115.4800,0.966135
115.5000,1.162489
115.5200,0.817688
115.5400,0.452630
115.5600,0.253113
115.5800,0.326912
115.6000,0.560543
115.6200,0.320488
115.6400,0.296219
115.6600,0.374942
115.6800,0.301112
115.7000,0.496391
115.7200,0.314655
115.7400,0.452483
115.7600,1.149589
115.7800,1.843528
115.8000,1.934235
115.8200,2.191066
115.8400,3.292456
115.8600,3.497442
115.8800,3.514904
115.9000,3.264104
115.9200,3.595187
115.9400,3.393959
115.9600,2.941376
115.9800,3.057778
116.0000,2.921512
116.0200,2.765279
116.0400,2.514563
116.0600,3.062515
116.0800,2.372771
116.1000,1.529507
116.1200,0.863312
116.1400,0.673187
116.1600,0.484446
116.1800,0.332568
116.2000,0.222967
116.2200,0.228176
116.2400,0.358341
116.2600,0.533377
116.2800,0.400512
116.3000,0.372522
116.3200,0.477325
116.3400,0.542543
116.3600,0.460760
116.3800,0.482089
116.4000,0.796740
116.4200,0.642188
116.4400,0.400735
116.4600,0.723954
116.4800,0.671029
116.5000,0.394291
116.5200,0.683861
116.5400,1.346894
116.5600,2.085053
116.5800,2.350247
116.6000,2.523412
116.6200,2.810927
116.6400,2.262504
116.6600,1.656922
116.6800,1.472086
116.7000,1.352179
116.7200,0.877279
116.7400,0.480680
116.7600,0.682687
116.7800,1.681766
116.8000,2.379117
116.8200,2.520260
116.8400,2.858097
116.8600,3.000195
116.8800,2.954119
116.9000,3.096611
116.9200,3.025504
116.9400,2.936986
116.9600,2.925308
116.9800,2.654810
117.0000,2.088798
117.0200,1.762413
117.0400,1.909663
117.0600,2.014667
117.0800,1.417647
117.1000,1.046856
117.1200,1.025293
117.1400,1.292750
117.1600,1.286262
117.1800,1.047692
117.2000,0.697270
117.2200,0.387596
117.2400,0.279425
117.2600,0.335695
117.2800,0.298354
117.3000,0.495488
117.3200,0.711790
117.3400,0.957734
117.3600,1.028994
117.3800,1.596360
117.4000,2.368952
117.4200,2.312142
117.4400,2.000229
117.4600,1.728543
117.4800,1.066507
117.5000,0.649029
117.5200,0.459775
117.5400,0.767570
117.5600,1.416393
117.5800,1.098368
117.6000,1.230023
117.6200,1.435158
117.6400,2.109605
117.6600,2.421217
117.6800,3.410137
117.7000,3.600000
117.7200,3.600000
117.7400,3.598953
117.7600,2.234262
117.7800,1.203224
117.8000,0.088598
117.8200,0.046931
117.8400,0.047923
117.8600,0.077018
117.8800,0.078456
117.9000,0.143872
117.9200,0.367393
117.9400,0.300904
117.9600,0.544943
117.9800,0.388733
118.0000,0.575613
118.0200,0.699884
118.0400,0.546571
118.0600,1.020237
118.0800,1.318842
118.1000,1.616131
118.1200,1.160570
118.1400,0.816836
118.1600,0.449236
118.1800,0.269069
118.2000,0.171826
118.2200,0.578503
118.2400,1.110621
118.2600,1.120787
118.2800,1.368685
118.3000,1.459271
118.3200,1.363337
118.3400,0.943269
118.3600,0.753861
118.3800,0.796205
118.4000,0.447805
118.4200,0.244657
118.4400,0.176151
118.4600,0.117079
118.4800,0.427210
118.5000,0.810935
118.5200,0.736552
118.5400,0.608769
118.5600,0.575696
118.5800,0.966135
118.6000,1.162489
118.6200,0.817688
118.6400,0.452630
118.6600,0.253113
118.6800,0.326912
118.7000,0.560543
118.7200,0.320488
118.7400,0.296219
118.7600,0.374942
118.7800,0.301112
118.8000,0.496391
118.8200,0.314655
118.8400,0.452483
118.8600,1.149589
118.8800,1.843528
118.9000,1.934235
118.9200,2.191066
118.9400,3.292456
118.9600,3.497442
118.9800,3.514904
119.0000,3.264104
119.0200,3.595187
119.0400,3.393959
119.0600,2.941376
119.0800,3.057778
119.1000,2.921512
119.1200,2.765279
119.1400,2.514563
119.1600,3.062515
119.1800,2.372771
119.2000,1.529507
119.2200,0.863312
119.2400,0.673187
119.2600,0.484446
119.2800,0.332568
119.3000,0.222967
119.3200,0.228176
119.3400,0.358341
119.3600,0.533377
119.3800,0.400512
119.4000,0.372522
119.4200,0.477325
119.4400,0.542543
119.4600,0.460760
119.4800,0.482089
119.5000,0.796740
119.5200,0.642188
119.5400,0.400735
119.5600,0.723954
119.5800,0.671029
119.6000,0.394291
119.6200,0.683861
119.6400,1.346894
119.6600,2.085053
119.6800,2.350247
119.7000,2.523412
119.7200,2.810927
119.7400,2.262504
119.7600,1.656922
119.7800,1.472086
119.8000,1.352179
119.8200,0.877279
119.8400,0.480680
119.8600,0.682687
119.8800,1.681766
119.9000,2.379117
119.9200,2.520260
119.9400,2.858097
119.9600,3.000195
119.9800,2.954119
120.0000,3.096611
120.0200,3.025504
120.0400,2.936986
120.0600,2.925308
120.0800,2.654810
120.1000,2.088798
120.1200,1.762413
120.1400,1.909663
120.1600,2.014667
120.1800,1.417647
120.2000,1.046856
120.2200,1.025293
120.2400,1.292750
120.2600,1.286262
120.2800,1.047692
120.3000,0.697270
120.3200,0.387596
120.3400,0.279425
120.3600,0.335695
120.3800,0.298354
120.4000,0.495488
120.4200,0.711790
120.4400,0.957734
120.4600,1.028994
120.4800,1.596360
120.5000,2.368952
120.5200,2.312142
120.5400,2.000229
120.5600,1.728543
120.5800,1.066507
120.6000,0.649029
120.6200,0.459775
120.6400,0.767570
120.6600,1.416393
120.6800,1.098368
120.7000,1.230023
120.7200,1.435158
120.7400,2.109605
120.7600,2.421217
120.7800,3.410137
120.8000,3.600000
120.8200,3.600000
120.8400,3.598953
120.8600,2.234262
120.8800,1.203224
120.9000,0.088598
120.9200,0.046931
120.9400,0.047923
120.9600,0.077018
120.9800,0.078456
121.0000,0.143872
121.0200,0.367393
121.0400,0.300904
121.0600,0.544943
121.0800,0.388733
121.1000,0.575613
121.1200,0.699884
121.1400,0.546571
121.1600,1.020237
121.1800,1.318842
121.2000,1.616131
121.2200,1.160570
121.2400,0.816836
121.2600,0.449236
121.2800,0.269069
121.3000,0.171826
121.3200,0.578503
121.3400,1.110621
121.3600,1.120787
121.3800,1.368685
121.4000,1.459271
121.4200,1.363337
121.4400,0.943269
121.4600,0.753861
121.4800,0.796205
121.5000,0.447805
121.5200,0.244657
121.5400,0.176151
121.5600,0.117079
121.5800,0.427210
121.6000,0.810935
121.6200,0.736552
121.6400,0.608769
121.6600,0.575696
121.6800,0.966135
121.7000,1.162489
121.7200,0.817688
121.7400,0.452630
121.7600,0.253113
121.7800,0.326912
121.8000,0.560543
121.8200,0.320488
121.8400,0.296219
121.8600,0.374942
121.8800,0.301112
121.9000,0.496391
121.9200,0.314655
121.9400,0.452483
121.9600,1.149589
121.9800,1.843528
122.0000,1.934235
122.0200,2.191066
122.0400,3.292456
122.0600,3.497442
122.0800,3.514904
122.1000,3.264104
122.1200,3.595187
122.1400,3.393959
122.1600,2.941376
122.1800,3.057778
122.2000,2.921512
122.2200,2.765279
122.2400,2.514563
122.2600,3.062515
122.2800,2.372771
122.3000,1.529507
122.3200,0.863312
122.3400,0.673187
122.3600,0.484446
122.3800,0.332568
122.4000,0.222967
122.4200,0.228176
122.4400,0.358341
122.4600,0.533377
122.4800,0.400512
122.5000,0.372522
122.5200,0.477325
122.5400,0.542543
122.5600,0.460760
122.5800,0.482089
122.6000,0.796740
122.6200,0.642188
122.6400,0.400735
122.6600,0.723954
122.6800,0.671029
122.7000,0.394291
122.7200,0.683861
122.7400,1.346894
122.7600,2.085053
122.7800,2.350247
122.8000,2.523412
122.8200,2.810927
122.8400,2.262504
122.8600,1.656922
122.8800,1.472086
122.9000,1.352179
122.9200,0.877279
122.9400,0.480680
122.9600,0.682687
122.9800,1.681766
123.0000,2.379117
123.0200,2.520260
123.0400,2.858097
123.0600,3.000195
123.0800,2.954119
123.1000,3.096611
123.1200,3.025504
123.1400,2.936986
123.1600,2.925308
123.1800,2.654810
123.2000,2.088798
123.2200,1.762413
123.2400,1.909663
123.2600,2.014667
123.2800,1.417647
123.3000,1.046856
123.3200,1.025293
123.3400,1.292750
123.3600,1.286262
123.3800,1.047692
123.4000,0.697270
123.4200,0.387596
123.4400,0.279425
123.4600,0.335695
123.4800,0.298354
123.5000,0.495488
123.5200,0.711790
123.5400,0.957734
123.5600,1.028994
123.5800,1.596360
123.6000,2.368952
123.6200,2.312142
123.6400,2.000229
123.6600,1.728543
123.6800,1.066507
123.7000,0.649029
123.7200,0.459775
123.7400,0.767570
123.7600,1.416393
123.7800,1.098368
123.8000,1.230023
123.8200,1.435158
123.8400,2.109605
123.8600,2.421217
123.8800,3.410137
123.9000,3.600000
123.9200,3.600000
123.9400,3.598953
123.9600,2.234262
123.9800,1.203224
124.0000,0.088598
124.0200,0.046931
124.0400,0.047923
124.0600,0.077018
124.0800,0.078456
124.1000,0.143872
124.1200,0.367393
124.1400,0.300904
124.1600,0.544943
124.1800,0.388733
124.2000,0.575613
124.2200,0.699884
124.2400,0.546571
124.2600,1.020237
124.2800,1.318842
124.3000,1.616131
124.3200,1.160570
124.3400,0.816836
124.3600,0.449236
124.3800,0.269069
124.4000,0.171826
124.4200,0.578503
124.4400,1.110621
124.4600,1.120787
124.4800,1.368685
124.5000,1.459271
124.5200,1.363337
124.5400,0.943269
124.5600,0.753861
124.5800,0.796205
124.6000,0.447805
124.6200,0.244657
124.6400,0.176151
124.6600,0.117079
124.6800,0.427210
124.7000,0.810935
124.7200,0.736552
124.7400,0.608769
124.7600,0.575696
124.7800,0.966135
124.8000,1.162489
124.8200,0.817688
124.8400,0.452630
124.8600,0.253113
124.8800,0.326912
124.9000,0.560543
124.9200,0.320488
124.9400,0.296219
124.9600,0.374942
124.9800,0.301112
125.0000,0.496391
125.0200,0.314655
125.0400,0.452483
125.0600,1.149589
125.0800,1.843528
125.1000,1.934235
125.1200,2.191066
125.1400,3.292456
125.1600,3.497442
125.1800,3.514904
125.2000,3.264104
125.2200,3.595187
125.2400,3.393959
125.2600,2.941376
125.2800,3.057778
125.3000,2.921512
125.3200,2.765279
125.3400,2.514563
125.3600,3.062515
125.3800,2.372771
125.4000,1.529507
125.4200,0.863312
125.4400,0.673187
125.4600,0.484446
125.4800,0.332568
125.5000,0.222967
125.5200,0.228176
125.5400,0.358341
125.5600,0.533377
125.5800,0.400512
125.6000,0.372522
125.6200,0.477325
125.6400,0.542543
125.6600,0.460760
125.6800,0.482089
125.7000,0.796740
125.7200,0.642188
125.7400,0.400735
125.7600,0.723954
125.7800,0.671029
125.8000,0.394291
125.8200,0.683861
125.8400,1.346894
125.8600,2.085053
125.8800,2.350247
125.9000,2.523412
125.9200,2.810927
125.9400,2.262504
125.9600,1.656922
125.9800,1.472086
126.0000,1.352179
126.0200,0.877279
126.0400,0.480680
126.0600,0.682687
126.0800,1.681766
126.1000,2.379117
126.1200,2.520260
126.1400,2.858097
126.1600,3.000195
126.1800,2.954119
126.2000,3.096611
126.2200,3.025504
126.2400,2.936986
126.2600,2.925308
126.2800,2.654810
126.3000,2.088798
126.3200,1.762413
126.3400,1.909663
126.3600,2.014667
126.3800,1.417647
126.4000,1.046856
126.4200,1.025293
126.4400,1.292750
126.4600,1.286262
126.4800,1.047692
126.5000,0.697270
126.5200,0.387596
126.5400,0.279425
126.5600,0.335695
126.5800,0.298354
126.6000,0.495488
126.6200,0.711790
126.6400,0.957734
126.6600,1.028994
126.6800,1.596360
126.7000,2.368952
126.7200,2.312142
126.7400,2.000229
126.7600,1.728543
126.7800,1.066507
126.8000,0.649029
126.8200,0.459775
126.8400,0.767570
126.8600,1.416393
126.8800,1.098368
126.9000,1.230023
126.9200,1.435158
126.9400,2.109605
126.9600,2.421217
126.9800,3.410137
127.0000,3.600000
127.0200,3.600000
127.0400,3.598953
127.0600,2.234262
127.0800,1.203224
127.1000,0.088598
127.1200,0.046931
127.1400,0.047923
127.1600,0.077018
127.1800,0.078456
127.2000,0.143872
127.2200,0.367393
127.2400,0.300904
127.2600,0.544943
127.2800,0.388733
127.3000,0.575613
127.3200,0.699884
127.3400,0.546571
127.3600,1.020237
127.3800,1.318842
127.4000,1.616131
127.4200,1.160570
127.4400,0.816836
127.4600,0.449236
127.4800,0.269069
127.5000,0.171826
127.5200,0.578503
127.5400,1.110621
127.5600,1.120787
127.5800,1.368685
127.6000,1.459271
127.6200,1.363337
127.6400,0.943269
127.6600,0.753861
127.6800,0.796205
127.7000,0.447805
127.7200,0.244657
127.7400,0.176151
127.7600,0.117079
127.7800,0.427210
127.8000,0.810935
127.8200,0.736552
127.8400,0.608769
127.8600,0.575696
127.8800,0.966135
127.9000,1.162489
127.9200,0.817688
127.9400,0.452630
127.9600,0.253113
127.9800,0.326912
128.0000,0.560543
128.0200,0.320488
128.0400,0.296219
128.0600,0.374942
128.0800,0.301112
128.1000,0.496391
128.1200,0.314655
128.1400,0.452483
128.1600,1.149589
128.1800,1.843528
128.2000,1.934235
128.2200,2.191066
128.2400,3.292456
128.2600,3.497442
128.2800,3.514904
128.3000,3.264104
128.3200,3.595187
128.3400,3.393959
128.3600,2.941376
128.3800,3.057778
128.4000,2.921512
128.4200,2.765279
128.4400,2.514563
128.4600,3.062515
128.4800,2.372771
128.5000,1.529507
128.5200,0.863312
128.5400,0.673187
128.5600,0.484446
128.5800,0.332568
128.6000,0.222967
128.6200,0.228176
128.6400,0.358341
128.6600,0.533377
128.6800,0.400512
128.7000,0.372522
128.7200,0.477325
128.7400,0.542543
128.7600,0.460760
128.7800,0.482089
128.8000,0.796740
128.8200,0.642188
128.8400,0.400735
128.8600,0.723954
128.8800,0.671029
128.9000,0.394291
128.9200,0.683861
128.9400,1.346894
128.9600,2.085053
128.9800,2.350247
129.0000,2.523412
129.0200,2.810927
129.0400,2.262504
129.0600,1.656922
129.0800,1.472086
129.1000,1.352179
129.1200,0.877279
129.1400,0.480680
129.1600,0.682687
129.1800,1.681766
129.2000,2.379117
129.2200,2.520260
129.2400,2.858097
129.2600,3.000195
129.2800,2.954119
129.3000,3.096611
129.3200,3.025504
129.3400,2.936986
129.3600,2.925308
129.3800,2.654810
129.4000,2.088798
129.4200,1.762413
129.4400,1.909663
129.4600,2.014667
129.4800,1.417647
129.5000,1.046856
129.5200,1.025293
129.5400,1.292750
129.5600,1.286262
129.5800,1.047692
129.6000,0.697270
129.6200,0.387596
129.6400,0.279425
129.6600,0.335695
129.6800,0.298354
129.7000,0.495488
129.7200,0.711790
129.7400,0.957734
129.7600,1.028994
129.7800,1.596360
129.8000,2.368952
129.8200,2.312142
129.8400,2.000229
129.8600,1.728543
129.8800,1.066507
129.9000,0.649029
129.9200,0.459775
129.9400,0.767570
129.9600,1.416393
129.9800,1.098368
130.0000,1.230023
130.0200,1.435158
130.0400,2.109605
130.0600,2.421217
130.0800,3.410137
130.1000,3.600000
130.1200,3.600000
130.1400,3.598953
130.1600,2.234262
130.1800,1.203224
130.2000,0.088598
130.2200,0.046931
130.2400,0.047923
130.2600,0.077018
130.2800,0.078456
130.3000,0.143872
130.3200,0.367393
130.3400,0.300904
130.3600,0.544943
130.3800,0.388733
130.4000,0.575613
130.4200,0.699884
130.4400,0.546571
130.4600,1.020237
130.4800,1.318842
130.5000,1.616131
130.5200,1.160570
130.5400,0.816836
130.5600,0.449236
130.5800,0.269069
130.6000,0.171826
130.6200,0.578503
130.6400,1.110621
130.6600,1.120787
130.6800,1.368685
130.7000,1.459271
130.7200,1.363337
130.7400,0.943269
130.7600,0.753861
130.7800,0.796205
130.8000,0.447805
130.8200,0.244657
130.8400,0.176151
130.8600,0.117079
130.8800,0.427210
130.9000,0.810935
130.9200,0.736552
130.9400,0.608769
130.9600,0.575696
130.9800,0.966135
131.0000,1.162489
131.0200,0.817688
131.0400,0.452630
131.0600,0.253113
131.0800,0.326912
131.1000,0.560543
131.1200,0.320488
131.1400,0.296219
131.1600,0.374942
131.1800,0.301112
131.2000,0.496391
131.2200,0.314655
131.2400,0.452483
131.2600,1.149589
131.2800,1.843528
131.3000,1.934235
131.3200,2.191066
131.3400,3.292456
131.3600,3.497442
131.3800,3.514904
131.4000,3.264104
131.4200,3.595187
131.4400,3.393959
131.4600,2.941376
131.4800,3.057778
131.5000,2.921512
131.5200,2.765279
131.5400,2.514563
131.5600,3.062515
131.5800,2.372771
131.6000,1.529507
131.6200,0.863312
131.6400,0.673187
131.6600,0.484446
131.6800,0.332568
131.7000,0.222967
131.7200,0.228176
131.7400,0.358341
131.7600,0.533377
131.7800,0.400512
131.8000,0.372522
131.8200,0.477325
131.8400,0.542543
131.8600,0.460760
131.8800,0.482089
131.9000,0.796740
131.9200,0.642188
131.9400,0.400735
131.9600,0.723954
131.9800,0.671029
132.0000,0.394291
132.0200,0.683861
132.0400,1.346894
132.0600,2.085053
132.0800,2.350247
132.1000,2.523412
132.1200,2.810927
132.1400,2.262504
132.1600,1.656922
132.1800,1.472086
132.2000,1.352179
132.2200,0.877279
132.2400,0.480680
132.2600,0.682687
132.2800,1.681766
132.3000,2.379117
132.3200,2.520260
132.3400,2.858097
132.3600,3.000195
132.3800,2.954119
132.4000,3.096611
132.4200,3.025504
132.4400,2.936986
132.4600,2.925308
132.4800,2.654810
132.5000,2.088798
132.5200,1.762413
132.5400,1.909663
132.5600,2.014667
132.5800,1.417647
132.6000,1.046856
132.6200,1.025293
132.6400,1.292750
132.6600,1.286262
132.6800,1.047692
132.7000,0.697270
132.7200,0.387596
132.7400,0.279425
132.7600,0.335695
132.7800,0.298354
132.8000,0.495488
132.8200,0.711790
132.8400,0.957734
132.8600,1.028994
132.8800,1.596360
132.9000,2.368952
132.9200,2.312142
132.9400,2.000229
132.9600,1.728543
132.9800,1.066507
133.0000,0.649029
133.0200,0.459775
133.0400,0.767570
133.0600,1.416393
133.0800,1.098368
133.1000,1.230023
133.1200,1.435158
133.1400,2.109605
133.1600,2.421217
133.1800,3.410137
133.2000,3.600000
133.2200,3.600000
133.2400,3.598953
133.2600,2.234262
133.2800,1.203224
133.3000,0.088598
133.3200,0.046931
133.3400,0.047923
133.3600,0.077018
133.3800,0.078456
133.4000,0.143872
133.4200,0.367393
133.4400,0.300904
133.4600,0.544943
133.4800,0.388733
133.5000,0.575613
133.5200,0.699884
133.5400,0.546571
133.5600,1.020237
133.5800,1.318842
133.6000,1.616131
133.6200,1.160570
133.6400,0.816836
133.6600,0.449236
133.6800,0.269069
133.7000,0.171826
133.7200,0.578503
133.7400,1.110621
133.7600,1.120787
133.7800,1.368685
133.8000,1.459271
133.8200,1.363337
133.8400,0.943269
133.8600,0.753861
133.8800,0.796205
133.9000,0.447805
133.9200,0.244657
133.9400,0.176151
133.9600,0.117079
133.9800,0.427210
134.0000,0.810935
134.0200,0.736552
134.0400,0.608769
134.0600,0.575696
134.0800,0.966135
134.1000,1.162489
134.1200,0.817688
134.1400,0.452630
134.1600,0.253113
134.1800,0.326912
134.2000,0.560543
134.2200,0.320488
134.2400,0.296219
134.2600,0.374942
134.2800,0.301112
134.3000,0.496391
134.3200,0.314655
134.3400,0.452483
134.3600,1.149589
134.3800,1.843528
134.4000,1.934235
134.4200,2.191066
134.4400,3.292456
134.4600,3.497442
134.4800,3.514904
134.5000,3.264104
134.5200,3.595187
134.5400,3.393959
134.5600,2.941376
134.5800,3.057778
134.6000,2.921512
134.6200,2.765279
134.6400,2.514563
134.6600,3.062515
134.6800,2.372771
134.7000,1.529507
134.7200,0.863312
134.7400,0.673187
134.7600,0.484446
134.7800,0.332568
134.8000,0.222967
134.8200,0.228176
134.8400,0.358341
134.8600,0.533377
134.8800,0.400512
134.9000,0.372522
134.9200,0.477325
134.9400,0.542543
134.9600,0.460760
134.9800,0.482089
135.0000,0.796740
135.0200,0.642188
135.0400,0.400735
135.0600,0.723954
135.0800,0.671029
135.1000,0.394291
135.1200,0.683861
135.1400,1.346894
135.1600,2.085053
135.1800,2.350247
135.2000,2.523412
135.2200,2.810927
135.2400,2.262504
135.2600,1.656922
135.2800,1.472086
135.3000,1.352179
135.3200,0.877279
135.3400,0.480680
135.3600,0.682687
135.3800,1.681766
135.4000,2.379117
135.4200,2.520260
135.4400,2.858097
135.4600,3.000195
135.4800,2.954119
135.5000,3.096611
135.5200,3.025504
135.5400,2.936986
135.5600,2.925308
135.5800,2.654810
135.6000,2.088798
135.6200,1.762413
135.6400,1.909663
135.6600,2.014667
135.6800,1.417647
135.7000,1.046856
135.7200,1.025293
135.7400,1.292750
135.7600,1.286262
135.7800,1.047692
135.8000,0.697270
135.8200,0.387596
135.8400,0.279425
135.8600,0.335695
135.8800,0.298354
135.9000,0.495488
135.9200,0.711790
135.9400,0.957734
135.9600,1.028994
135.9800,1.596360
136.0000,2.368952
136.0200,2.312142
136.0400,2.000229
136.0600,1.728543
136.0800,1.066507
136.1000,0.649029
136.1200,0.459775
136.1400,0.767570
136.1600,1.416393
136.1800,1.098368
136.2000,1.230023
136.2200,1.435158
136.2400,2.109605
136.2600,2.421217
136.2800,3.410137
136.3000,3.600000
136.3200,3.600000
136.3400,3.598953
136.3600,2.234262
136.3800,1.203224
136.4000,0.088598
136.4200,0.046931
136.4400,0.047923
136.4600,0.077018
136.4800,0.078456
136.5000,0.143872
136.5200,0.367393
136.5400,0.300904
136.5600,0.544943
136.5800,0.388733
136.6000,0.575613
136.6200,0.699884
136.6400,0.546571
136.6600,1.020237
136.6800,1.318842
136.7000,1.616131
136.7200,1.160570
136.7400,0.816836
136.7600,0.449236
136.7800,0.269069
136.8000,0.171826
136.8200,0.578503
136.8400,1.110621
136.8600,1.120787
136.8800,1.368685
136.9000,1.459271
136.9200,1.363337
136.9400,0.943269
136.9600,0.753861
136.9800,0.796205
137.0000,0.447805
137.0200,0.244657
137.0400,0.176151
137.0600,0.117079
137.0800,0.427210
137.1000,0.810935
137.1200,0.736552
137.1400,0.608769
137.1600,0.575696
137.1800,0.966135
137.2000,1.162489
137.2200,0.817688
137.2400,0.452630
137.2600,0.253113
137.2800,0.326912
137.3000,0.560543
137.3200,0.320488
137.3400,0.296219
137.3600,0.374942
137.3800,0.301112
137.4000,0.496391
137.4200,0.314655
137.4400,0.452483
137.4600,1.149589
137.4800,1.843528
137.5000,1.934235
137.5200,2.191066
137.5400,3.292456
137.5600,3.497442
137.5800,3.514904
137.6000,3.264104
137.6200,3.595187
137.6400,3.393959
137.6600,2.941376
137.6800,3.057778
137.7000,2.921512
137.7200,2.765279
137.7400,2.514563
137.7600,3.062515
137.7800,2.372771
137.8000,1.529507
137.8200,0.863312
137.8400,0.673187
137.8600,0.484446
137.8800,0.332568
137.9000,0.222967
137.9200,0.228176
137.9400,0.358341
137.9600,0.533377
137.9800,0.400512
138.0000,0.372522
138.0200,0.477325
138.0400,0.542543
138.0600,0.460760
138.0800,0.482089
138.1000,0.796740
138.1200,0.642188
138.1400,0.400735
138.1600,0.723954
138.1800,0.671029
138.2000,0.394291
138.2200,0.683861
138.2400,1.346894
138.2600,2.085053
138.2800,2.350247
138.3000,2.523412
138.3200,2.810927
138.3400,2.262504
138.3600,1.656922
138.3800,1.472086
138.4000,1.352179
138.4200,0.877279
138.4400,0.480680
138.4600,0.682687
138.4800,1.681766
138.5000,2.379117
138.5200,2.520260
138.5400,2.858097
138.5600,3.000195
138.5800,2.954119
138.6000,3.096611
138.6200,3.025504
138.6400,2.936986
138.6600,2.925308
138.6800,2.654810
138.7000,2.088798
138.7200,1.762413
138.7400,1.909663
138.7600,2.014667
138.7800,1.417647
138.8000,1.046856
138.8200,1.025293
138.8400,1.292750
138.8600,1.286262
138.8800,1.047692
138.9000,0.697270
138.9200,0.387596
138.9400,0.279425
138.9600,0.335695
138.9800,0.298354
139.0000,0.495488
139.0200,0.711790
139.0400,0.957734
139.0600,1.028994
139.0800,1.596360
139.1000,2.368952
139.1200,2.312142
139.1400,2.000229
139.1600,1.728543
139.1800,1.066507
139.2000,0.649029
139.2200,0.459775
139.2400,0.767570
139.2600,1.416393
139.2800,1.098368
139.3000,1.230023
139.3200,1.435158
139.3400,2.109605
139.3600,2.421217
139.3800,3.410137
139.4000,3.600000
139.4200,3.600000
139.4400,3.598953
139.4600,2.234262
139.4800,1.203224
139.5000,0.088598
139.5200,0.046931
139.5400,0.047923
139.5600,0.077018
139.5800,0.078456
139.6000,0.143872
139.6200,0.367393
139.6400,0.300904
139.6600,0.544943
139.6800,0.388733
139.7000,0.575613
139.7200,0.699884
139.7400,0.546571
139.7600,1.020237
139.7800,1.318842
139.8000,1.616131
139.8200,1.160570
139.8400,0.816836
139.8600,0.449236
139.8800,0.269069
139.9000,0.171826
139.9200,0.578503
139.9400,1.110621
139.9600,1.120787
139.9800,1.368685
140.0000,1.459271
140.0200,1.363337
140.0400,0.943269
140.0600,0.753861
140.0800,0.796205
140.1000,0.447805
140.1200,0.244657
140.1400,0.176151
140.1600,0.117079
140.1800,0.427210
140.2000,0.810935
140.2200,0.736552
140.2400,0.608769
140.2600,0.575696
140.2800,0.966135
140.3000,1.162489
140.3200,0.817688
140.3400,0.452630
140.3600,0.253113
140.3800,0.326912
140.4000,0.560543
140.4200,0.320488
140.4400,0.296219
140.4600,0.374942
140.4800,0.301112
140.5000,0.496391
140.5200,0.314655
140.5400,0.452483
140.5600,1.149589
140.5800,1.843528
140.6000,1.934235
140.6200,2.191066
140.6400,3.292456
140.6600,3.497442
140.6800,3.514904
140.7000,3.264104
140.7200,3.595187
140.7400,3.393959
140.7600,2.941376
140.7800,3.057778
140.8000,2.921512
140.8200,2.765279
140.8400,2.514563
140.8600,3.062515
140.8800,2.372771
140.9000,1.529507
140.9200,0.863312
140.9400,0.673187
140.9600,0.484446
140.9800,0.332568
141.0000,0.222967
141.0200,0.228176
141.0400,0.358341
141.0600,0.533377
141.0800,0.400512
141.1000,0.372522
141.1200,0.477325
141.1400,0.542543
141.1600,0.460760
141.1800,0.482089
141.2000,0.796740
141.2200,0.642188
141.2400,0.400735
141.2600,0.723954
141.2800,0.671029
141.3000,0.394291
141.3200,0.683861
141.3400,1.346894
141.3600,2.085053
141.3800,2.350247
141.4000,2.523412
141.4200,2.810927
141.4400,2.262504
141.4600,1.656922
141.4800,1.472086
141.5000,1.352179
141.5200,0.877279
141.5400,0.480680
141.5600,0.682687
141.5800,1.681766
141.6000,2.379117
141.6200,2.520260
141.6400,2.858097
141.6600,3.000195
141.6800,2.954119
141.7000,3.096611
141.7200,3.025504
141.7400,2.936986
141.7600,2.925308
141.7800,2.654810
141.8000,2.088798
141.8200,1.762413
141.8400,1.909663
141.8600,2.014667
141.8800,1.417647
141.9000,1.046856
141.9200,1.025293
141.9400,1.292750
141.9600,1.286262
141.9800,1.047692
142.0000,0.697270
142.0200,0.387596
142.0400,0.279425
142.0600,0.335695
142.0800,0.298354
142.1000,0.495488
142.1200,0.711790
142.1400,0.957734
142.1600,1.028994
142.1800,1.596360
142.2000,2.368952
142.2200,2.312142
142.2400,2.000229
142.2600,1.728543
142.2800,1.066507
142.3000,0.649029
142.3200,0.459775
142.3400,0.767570
142.3600,1.416393
142.3800,1.098368
142.4000,1.230023
142.4200,1.435158
142.4400,2.109605
142.4600,2.421217
142.4800,3.410137
142.5000,3.600000
142.5200,3.600000
142.5400,3.598953
142.5600,2.234262
142.5800,1.203224
142.6000,0.088598
142.6200,0.046931
142.6400,0.047923
142.6600,0.077018
142.6800,0.078456
142.7000,0.143872
142.7200,0.367393
142.7400,0.300904
142.7600,0.544943
142.7800,0.388733
142.8000,0.575613
142.8200,0.699884
142.8400,0.546571
142.8600,1.020237
142.8800,1.318842
142.9000,1.616131
142.9200,1.160570
142.9400,0.816836
142.9600,0.449236
142.9800,0.269069
143.0000,0.171826
143.0200,0.578503
143.0400,1.110621
143.0600,1.120787
143.0800,1.368685
143.1000,1.459271
143.1200,1.363337
143.1400,0.943269
143.1600,0.753861
143.1800,0.796205
143.2000,0.447805
143.2200,0.244657
143.2400,0.176151
143.2600,0.117079
143.2800,0.427210
143.3000,0.810935
143.3200,0.736552
143.3400,0.608769
143.3600,0.575696
143.3800,0.966135
143.4000,1.162489
143.4200,0.817688
143.4400,0.452630
143.4600,0.253113
143.4800,0.326912
143.5000,0.560543
143.5200,0.320488
143.5400,0.296219
143.5600,0.374942
143.5800,0.301112
143.6000,0.496391
143.6200,0.314655
143.6400,0.452483
143.6600,1.149589
143.6800,1.843528
143.7000,1.934235
143.7200,2.191066
143.7400,3.292456
143.7600,3.497442
143.7800,3.514904
143.8000,3.264104
143.8200,3.595187
143.8400,3.393959
143.8600,2.941376
143.8800,3.057778
143.9000,2.921512
143.9200,2.765279
143.9400,2.514563
143.9600,3.062515
143.9800,2.372771
144.0000,1.529507
144.0200,0.863312
144.0400,0.673187
144.0600,0.484446
144.0800,0.332568
144.1000,0.222967
144.1200,0.228176
144.1400,0.358341
144.1600,0.533377
144.1800,0.400512
144.2000,0.372522
144.2200,0.477325
144.2400,0.542543
144.2600,0.460760
144.2800,0.482089
144.3000,0.796740
144.3200,0.642188
144.3400,0.400735
144.3600,0.723954
144.3800,0.671029
144.4000,0.394291
144.4200,0.683861
144.4400,1.346894
144.4600,2.085053
144.4800,2.350247
144.5000,2.523412
144.5200,2.810927
144.5400,2.262504
144.5600,1.656922
144.5800,1.472086
144.6000,1.352179
144.6200,0.877279
144.6400,0.480680
144.6600,0.682687
144.6800,1.681766
144.7000,2.379117
144.7200,2.520260
144.7400,2.858097
144.7600,3.000195
144.7800,2.954119
144.8000,3.096611
144.8200,3.025504
144.8400,2.936986
144.8600,2.925308
144.8800,2.654810
144.9000,2.088798
144.9200,1.762413
144.9400,1.909663
144.9600,2.014667
144.9800,1.417647
145.0000,1.046856
145.0200,1.025293
145.0400,1.292750
145.0600,1.286262
145.0800,1.047692
145.1000,0.697270
145.1200,0.387596
145.1400,0.279425
145.1600,0.335695
145.1800,0.298354
145.2000,0.495488
145.2200,0.711790
145.2400,0.957734
145.2600,1.028994
145.2800,1.596360
145.3000,2.368952
145.3200,2.312142
145.3400,2.000229
145.3600,1.728543
145.3800,1.066507
145.4000,0.649029
145.4200,0.459775
145.4400,0.767570
145.4600,1.416393
145.4800,1.098368
145.5000,1.230023
145.5200,1.435158
145.5400,2.109605
145.5600,2.421217
145.5800,3.410137
145.6000,3.600000
145.6200,3.600000
145.6400,3.598953
145.6600,2.234262
145.6800,1.203224
145.7000,0.088598
145.7200,0.046931
145.7400,0.047923
145.7600,0.077018
145.7800,0.078456
145.8000,0.143872
145.8200,0.367393
145.8400,0.300904
145.8600,0.544943
145.8800,0.388733
145.9000,0.575613
145.9200,0.699884
145.9400,0.546571
145.9600,1.020237
145.9800,1.318842
146.0000,1.616131
146.0200,1.160570
146.0400,0.816836
146.0600,0.449236
146.0800,0.269069
146.1000,0.171826
146.1200,0.578503
146.1400,1.110621
146.1600,1.120787
146.1800,1.368685
146.2000,1.459271
146.2200,1.363337
146.2400,0.943269
146.2600,0.753861
146.2800,0.796205
146.3000,0.447805
146.3200,0.244657
146.3400,0.176151
146.3600,0.117079
146.3800,0.427210
146.4000,0.810935
146.4200,0.736552
146.4400,0.608769
146.4600,0.575696
146.4800,0.966135
146.5000,1.162489
146.5200,0.817688
146.5400,0.452630
146.5600,0.253113
146.5800,0.326912
146.6000,0.560543
146.6200,0.320488
146.6400,0.296219
146.6600,0.374942
146.6800,0.301112
146.7000,0.496391
146.7200,0.314655
146.7400,0.452483
146.7600,1.149589
146.7800,1.843528
146.8000,1.934235
146.8200,2.191066
146.8400,3.292456
146.8600,3.497442
146.8800,3.514904
146.9000,3.264104
146.9200,3.595187
146.9400,3.393959
146.9600,2.941376
146.9800,3.057778
147.0000,2.921512
147.0200,2.765279
147.0400,2.514563
147.0600,3.062515
147.0800,2.372771
147.1000,1.529507
147.1200,0.863312
147.1400,0.673187
147.1600,0.484446
147.1800,0.332568
147.2000,0.222967
147.2200,0.228176
147.2400,0.358341
147.2600,0.533377
147.2800,0.400512
147.3000,0.372522
147.3200,0.477325
147.3400,0.542543
147.3600,0.460760
147.3800,0.482089
147.4000,0.796740
147.4200,0.642188
147.4400,0.400735
147.4600,0.723954
147.4800,0.671029
147.5000,0.394291
147.5200,0.683861
147.5400,1.346894
147.5600,2.085053
147.5800,2.350247
147.6000,2.523412
147.6200,2.810927
147.6400,2.262504
147.6600,1.656922
147.6800,1.472086
147.7000,1.352179
147.7200,0.877279
147.7400,0.480680
147.7600,0.682687
147.7800,1.681766
147.8000,2.379117
147.8200,2.520260
147.8400,2.858097
147.8600,3.000195
147.8800,2.954119
147.9000,3.096611
147.9200,3.025504
147.9400,2.936986
147.9600,2.925308
147.9800,2.654810
148.0000,2.088798
148.0200,1.762413
148.0400,1.909663
148.0600,2.014667
148.0800,1.417647
148.1000,1.046856
148.1200,1.025293
148.1400,1.292750
148.1600,1.286262
148.1800,1.047692
148.2000,0.697270
148.2200,0.387596
148.2400,0.279425
148.2600,0.335695
148.2800,0.298354
148.3000,0.495488
148.3200,0.711790
148.3400,0.957734
148.3600,1.028994
148.3800,1.596360
148.4000,2.368952
148.4200,2.312142
148.4400,2.000229
148.4600,1.728543
148.4800,1.066507
148.5000,0.649029
148.5200,0.459775
148.5400,0.767570
148.5600,1.416393
148.5800,1.098368
148.6000,1.230023
148.6200,1.435158
148.6400,2.109605
148.6600,2.421217
148.6800,3.410137
148.7000,3.600000
148.7200,3.600000
148.7400,3.598953
148.7600,2.234262
148.7800,1.203224
148.8000,0.088598
148.8200,0.046931
148.8400,0.047923
148.8600,0.077018
148.8800,0.078456
148.9000,0.143872
148.9200,0.367393
148.9400,0.300904
148.9600,0.544943
148.9800,0.388733
149.0000,0.575613
149.0200,0.699884
149.0400,0.546571
149.0600,1.020237
149.0800,1.318842
149.1000,1.616131
149.1200,1.160570
149.1400,0.816836
149.1600,0.449236
149.1800,0.269069
149.2000,0.171826
149.2200,0.578503
149.2400,1.110621
149.2600,1.120787
149.2800,1.368685
149.3000,1.459271
149.3200,1.363337
149.3400,0.943269
149.3600,0.753861
149.3800,0.796205
149.4000,0.447805
149.4200,0.244657
149.4400,0.176151
149.4600,0.117079
149.4800,0.427210
149.5000,0.810935
149.5200,0.736552
149.5400,0.608769
149.5600,0.575696
149.5800,0.966135
149.6000,1.162489
149.6200,0.817688
149.6400,0.452630
149.6600,0.253113
149.6800,0.326912
149.7000,0.560543
149.7200,0.320488
149.7400,0.296219
149.7600,0.374942
149.7800,0.301112
149.8000,0.496391
149.8200,0.314655
149.8400,0.452483
149.8600,1.149589
149.8800,1.843528
149.9000,1.934235
149.9200,2.191066
149.9400,3.292456
149.9600,3.497442
149.9800,3.514904
150.0000,3.264104
150.0200,3.595187
150.0400,3.393959
150.0600,2.941376
150.0800,3.057778
150.1000,2.921512
150.1200,2.765279
150.1400,2.514563
150.1600,3.062515
150.1800,2.372771
150.2000,1.529507
150.2200,0.863312
150.2400,0.673187
150.2600,0.484446
150.2800,0.332568
150.3000,0.222967
150.3200,0.228176
150.3400,0.358341
150.3600,0.533377
150.3800,0.400512
150.4000,0.372522
150.4200,0.477325
150.4400,0.542543
150.4600,0.460760
150.4800,0.482089
150.5000,0.796740
150.5200,0.642188
150.5400,0.400735
150.5600,0.723954
150.5800,0.671029
150.6000,0.394291
150.6200,0.683861
150.6400,1.346894
150.6600,2.085053
150.6800,2.350247
150.7000,2.523412
150.7200,2.810927
150.7400,2.262504
150.7600,1.656922
150.7800,1.472086
150.8000,1.352179
150.8200,0.877279
150.8400,0.480680
150.8600,0.682687
150.8800,1.681766
150.9000,2.379117
150.9200,2.520260
150.9400,2.858097
150.9600,3.000195
150.9800,2.954119
151.0000,3.096611
151.0200,3.025504
151.0400,2.936986
151.0600,2.925308
151.0800,2.654810
151.1000,2.088798
151.1200,1.762413
151.1400,1.909663
151.1600,2.014667
151.1800,1.417647
151.2000,1.046856
151.2200,1.025293
151.2400,1.292750
151.2600,1.286262
151.2800,1.047692
151.3000,0.697270
151.3200,0.387596
151.3400,0.279425
151.3600,0.335695
151.3800,0.298354
151.4000,0.495488
151.4200,0.711790
151.4400,0.957734
151.4600,1.028994
151.4800,1.596360
151.5000,2.368952
151.5200,2.312142
151.5400,2.000229
151.5600,1.728543
151.5800,1.066507
151.6000,0.649029
151.6200,0.459775
151.6400,0.767570
151.6600,1.416393
151.6800,1.098368
151.7000,1.230023
151.7200,1.435158
151.7400,2.109605
151.7600,2.421217
151.7800,3.410137
151.8000,3.600000
151.8200,3.600000
151.8400,3.598953
151.8600,2.234262
151.8800,1.203224
151.9000,0.088598
151.9200,0.046931
151.9400,0.047923
151.9600,0.077018
151.9800,0.078456
152.0000,0.143872
152.0200,0.367393
152.0400,0.300904
152.0600,0.544943
152.0800,0.388733
152.1000,0.575613
152.1200,0.699884
152.1400,0.546571
152.1600,1.020237
152.1800,1.318842
152.2000,1.616131
152.2200,1.160570
152.2400,0.816836
152.2600,0.449236
152.2800,0.269069
152.3000,0.171826
152.3200,0.578503
152.3400,1.110621
152.3600,1.120787
152.3800,1.368685
152.4000,1.459271
152.4200,1.363337
152.4400,0.943269
152.4600,0.753861
152.4800,0.796205
152.5000,0.447805
152.5200,0.244657
152.5400,0.176151
152.5600,0.117079
152.5800,0.427210
152.6000,0.810935
152.6200,0.736552
152.6400,0.608769
152.6600,0.575696
152.6800,0.966135
152.7000,1.162489
152.7200,0.817688
152.7400,0.452630
152.7600,0.253113
152.7800,0.326912
152.8000,0.560543
152.8200,0.320488
152.8400,0.296219
152.8600,0.374942
152.8800,0.301112
152.9000,0.496391
152.9200,0.314655
152.9400,0.452483
152.9600,1.149589
152.9800,1.843528
153.0000,1.934235
153.0200,2.191066
153.0400,3.292456
153.0600,3.497442
153.0800,3.514904
153.1000,3.264104
153.1200,3.595187
153.1400,3.393959
153.1600,2.941376
153.1800,3.057778
153.2000,2.921512
153.2200,2.765279
153.2400,2.514563
153.2600,3.062515
153.2800,2.372771
153.3000,1.529507
153.3200,0.863312
153.3400,0.673187
153.3600,0.484446
153.3800,0.332568
153.4000,0.222967
153.4200,0.228176
153.4400,0.358341
153.4600,0.533377
153.4800,0.400512
153.5000,0.372522
153.5200,0.477325
153.5400,0.542543
153.5600,0.460760
153.5800,0.482089
153.6000,0.796740
153.6200,0.642188
153.6400,0.400735
153.6600,0.723954
153.6800,0.671029
153.7000,0.394291
153.7200,0.683861
153.7400,1.346894
153.7600,2.085053
153.7800,2.350247
153.8000,2.523412
153.8200,2.810927
153.8400,2.262504
153.8600,1.656922
153.8800,1.472086
153.9000,1.352179
153.9200,0.877279
153.9400,0.480680
153.9600,0.682687
153.9800,1.681766
154.0000,2.379117
154.0200,2.520260
154.0400,2.858097
154.0600,3.000195
154.0800,2.954119
154.1000,3.096611
154.1200,3.025504
154.1400,2.936986
154.1600,2.925308
154.1800,2.654810
154.2000,2.088798
154.2200,1.762413
154.2400,1.909663
154.2600,2.014667
154.2800,1.417647
154.3000,1.046856
154.3200,1.025293
154.3400,1.292750
154.3600,1.286262
154.3800,1.047692
154.4000,0.697270
154.4200,0.387596
154.4400,0.279425
154.4600,0.335695
154.4800,0.298354
154.5000,0.495488
154.5200,0.711790
154.5400,0.957734
154.5600,1.028994
154.5800,1.596360
154.6000,2.368952
154.6200,2.312142
154.6400,2.000229
154.6600,1.728543
154.6800,1.066507
154.7000,0.649029
154.7200,0.459775
154.7400,0.767570
154.7600,1.416393
154.7800,1.098368
154.8000,1.230023
154.8200,1.435158
154.8400,2.109605
154.8600,2.421217
154.8800,3.410137
154.9000,3.600000
154.9200,3.600000
154.9400,3.598953
154.9600,2.234262
154.9800,1.203224
155.0000,0.088598
155.0200,0.046931
155.0400,0.047923
155.0600,0.077018
155.0800,0.078456
155.1000,0.143872
155.1200,0.367393
155.1400,0.300904
155.1600,0.544943
155.1800,0.388733
155.2000,0.575613
155.2200,0.699884
155.2400,0.546571
155.2600,1.020237
155.2800,1.318842
155.3000,1.616131
155.3200,1.160570
155.3400,0.816836
155.3600,0.449236
155.3800,0.269069
155.4000,0.171826
155.4200,0.578503
155.4400,1.110621
155.4600,1.120787
155.4800,1.368685
155.5000,1.459271
155.5200,1.363337
155.5400,0.943269
155.5600,0.753861
155.5800,0.796205
155.6000,0.447805
155.6200,0.244657
155.6400,0.176151
155.6600,0.117079
155.6800,0.427210
155.7000,0.810935
155.7200,0.736552
155.7400,0.608769
155.7600,0.575696
155.7800,0.966135
155.8000,1.162489
155.8200,0.817688
155.8400,0.452630
155.8600,0.253113
155.8800,0.326912
155.9000,0.560543
155.9200,0.320488
155.9400,0.296219
155.9600,0.374942
155.9800,0.301112
156.0000,0.496391
156.0200,0.314655
156.0400,0.452483
156.0600,1.149589
156.0800,1.843528
156.1000,1.934235
156.1200,2.191066
156.1400,3.292456
156.1600,3.497442
156.1800,3.514904
156.2000,3.264104
156.2200,3.595187
156.2400,3.393959
156.2600,2.941376
156.2800,3.057778
156.3000,2.921512
156.3200,2.765279
156.3400,2.514563
156.3600,3.062515
156.3800,2.372771
156.4000,1.529507
156.4200,0.863312
156.4400,0.673187
156.4600,0.484446
156.4800,0.332568
156.5000,0.222967
156.5200,0.228176
156.5400,0.358341
156.5600,0.533377
156.5800,0.400512
156.6000,0.372522
156.6200,0.477325
156.6400,0.542543
156.6600,0.460760
156.6800,0.482089
156.7000,0.796740
156.7200,0.642188
156.7400,0.400735
156.7600,0.723954
156.7800,0.671029
156.8000,0.394291
156.8200,0.683861
156.8400,1.346894
156.8600,2.085053
156.8800,2.350247
156.9000,2.523412
156.9200,2.810927
156.9400,2.262504
156.9600,1.656922
156.9800,1.472086
157.0000,1.352179
157.0200,0.877279
157.0400,0.480680
157.0600,0.682687
157.0800,1.681766
157.1000,2.379117
157.1200,2.520260
157.1400,2.858097
157.1600,3.000195
157.1800,2.954119
157.2000,3.096611
157.2200,3.025504
157.2400,2.936986
157.2600,2.925308
157.2800,2.654810
157.3000,2.088798
157.3200,1.762413
157.3400,1.909663
157.3600,2.014667
157.3800,1.417647
157.4000,1.046856
157.4200,1.025293
157.4400,1.292750
157.4600,1.286262
157.4800,1.047692
157.5000,0.697270
157.5200,0.387596
157.5400,0.279425
157.5600,0.335695
157.5800,0.298354
157.6000,0.495488
157.6200,0.711790
157.6400,0.957734
157.6600,1.028994
157.6800,1.596360
157.7000,2.368952
157.7200,2.312142
157.7400,2.000229
157.7600,1.728543
157.7800,1.066507
157.8000,0.649029
157.8200,0.459775
157.8400,0.767570
157.8600,1.416393
157.8800,1.098368
157.9000,1.230023
157.9200,1.435158
157.9400,2.109605
157.9600,2.421217
157.9800,3.410137
158.0000,3.600000
158.0200,3.600000
158.0400,3.598953
158.0600,2.234262
158.0800,1.203224
158.1000,0.088598
158.1200,0.046931
158.1400,0.047923
158.1600,0.077018
158.1800,0.078456
158.2000,0.143872
158.2200,0.367393
158.2400,0.300904
158.2600,0.544943
158.2800,0.388733
158.3000,0.575613
158.3200,0.699884
158.3400,0.546571
158.3600,1.020237
158.3800,1.318842
158.4000,1.616131
158.4200,1.160570
158.4400,0.816836
158.4600,0.449236
158.4800,0.269069
158.5000,0.171826
158.5200,0.578503
158.5400,1.110621
158.5600,1.120787
158.5800,1.368685
158.6000,1.459271
158.6200,1.363337
158.6400,0.943269
158.6600,0.753861
158.6800,0.796205
158.7000,0.447805
158.7200,0.244657
158.7400,0.176151
158.7600,0.117079
158.7800,0.427210
158.8000,0.810935
158.8200,0.736552
158.8400,0.608769
158.8600,0.575696
158.8800,0.966135
158.9000,1.162489
158.9200,0.817688
158.9400,0.452630
158.9600,0.253113
158.9800,0.326912
159.0000,0.560543
159.0200,0.320488
159.0400,0.296219
159.0600,0.374942
159.0800,0.301112
159.1000,0.496391
159.1200,0.314655
159.1400,0.452483
159.1600,1.149589
159.1800,1.843528
159.2000,1.934235
159.2200,2.191066
159.2400,3.292456
159.2600,3.497442
159.2800,3.514904
159.3000,3.264104
159.3200,3.595187
159.3400,3.393959
159.3600,2.941376
159.3800,3.057778
159.4000,2.921512
159.4200,2.765279
159.4400,2.514563
159.4600,3.062515
159.4800,2.372771
159.5000,1.529507
159.5200,0.863312
159.5400,0.673187
159.5600,0.484446
159.5800,0.332568
159.6000,0.222967
159.6200,0.228176
159.6400,0.358341
159.6600,0.533377
159.6800,0.400512
159.7000,0.372522
159.7200,0.477325
159.7400,0.542543
159.7600,0.460760
159.7800,0.482089
159.8000,0.796740
159.8200,0.642188
159.8400,0.400735
159.8600,0.723954
159.8800,0.671029
159.9000,0.394291
159.9200,0.683861
159.9400,1.346894
159.9600,2.085053
159.9800,2.350247
160.0000,2.523412
160.0200,2.810927
160.0400,2.262504
160.0600,1.656922
160.0800,1.472086
160.1000,1.352179
160.1200,0.877279
160.1400,0.480680
160.1600,0.682687
160.1800,1.681766
160.2000,2.379117
160.2200,2.520260
160.2400,2.858097
160.2600,3.000195
160.2800,2.954119
160.3000,3.096611
160.3200,3.025504
160.3400,2.936986
160.3600,2.925308
160.3800,2.654810
160.4000,2.088798
160.4200,1.762413
160.4400,1.909663
160.4600,2.014667
160.4800,1.417647
160.5000,1.046856
160.5200,1.025293
160.5400,1.292750
160.5600,1.286262
160.5800,1.047692
160.6000,0.697270
160.6200,0.387596
160.6400,0.279425
160.6600,0.335695
160.6800,0.298354
160.7000,0.495488
160.7200,0.711790
160.7400,0.957734
160.7600,1.028994
160.7800,1.596360
160.8000,2.368952
160.8200,2.312142
160.8400,2.000229
160.8600,1.728543
160.8800,1.066507
160.9000,0.649029
160.9200,0.459775
160.9400,0.767570
160.9600,1.416393
160.9800,1.098368
161.0000,1.230023
161.0200,1.435158
161.0400,2.109605
161.0600,2.421217
161.0800,3.410137
161.1000,3.600000
161.1200,3.600000
161.1400,3.598953
161.1600,2.234262
161.1800,1.203224
161.2000,0.088598
161.2200,0.046931
161.2400,0.047923
161.2600,0.077018
161.2800,0.078456
161.3000,0.143872
161.3200,0.367393
161.3400,0.300904
161.3600,0.544943
161.3800,0.388733
161.4000,0.575613
161.4200,0.699884
161.4400,0.546571
161.4600,1.020237
161.4800,1.318842
161.5000,1.616131
161.5200,1.160570
161.5400,0.816836
161.5600,0.449236
161.5800,0.269069
161.6000,0.171826
161.6200,0.578503
161.6400,1.110621
161.6600,1.120787
161.6800,1.368685
161.7000,1.459271
161.7200,1.363337
161.7400,0.943269
161.7600,0.753861
161.7800,0.796205
161.8000,0.447805
161.8200,0.244657
161.8400,0.176151
161.8600,0.117079
161.8800,0.427210
161.9000,0.810935
161.9200,0.736552
161.9400,0.608769
161.9600,0.575696
161.9800,0.966135
162.0000,1.162489
162.0200,0.817688
162.0400,0.452630
162.0600,0.253113
162.0800,0.326912
162.1000,0.560543
162.1200,0.320488
162.1400,0.296219
162.1600,0.374942
162.1800,0.301112
162.2000,0.496391
162.2200,0.314655
162.2400,0.452483
162.2600,1.149589
162.2800,1.843528
162.3000,1.934235
162.3200,2.191066
162.3400,3.292456
162.3600,3.497442
162.3800,3.514904
162.4000,3.264104
162.4200,3.595187
162.4400,3.393959
162.4600,2.941376
162.4800,3.057778
162.5000,2.921512
162.5200,2.765279
162.5400,2.514563
162.5600,3.062515
162.5800,2.372771
162.6000,1.529507
162.6200,0.863312
162.6400,0.673187
162.6600,0.484446
162.6800,0.332568
162.7000,0.222967
162.7200,0.228176
162.7400,0.358341
162.7600,0.533377
162.7800,0.400512
162.8000,0.372522
162.8200,0.477325
162.8400,0.542543
162.8600,0.460760
162.8800,0.482089
162.9000,0.796740
162.9200,0.642188
162.9400,0.400735
162.9600,0.723954
162.9800,0.671029
163.0000,0.394291
163.0200,0.683861
163.0400,1.346894
163.0600,2.085053
163.0800,2.350247
163.1000,2.523412
163.1200,2.810927
163.1400,2.262504
163.1600,1.656922
163.1800,1.472086
163.2000,1.352179
163.2200,0.877279
163.2400,0.480680
163.2600,0.682687
163.2800,1.681766
163.3000,2.379117
163.3200,2.520260
163.3400,2.858097
163.3600,3.000195
163.3800,2.954119
163.4000,3.096611
163.4200,3.025504
163.4400,2.936986
163.4600,2.925308
163.4800,2.654810
163.5000,2.088798
163.5200,1.762413
163.5400,1.909663
163.5600,2.014667
163.5800,1.417647
163.6000,1.046856
163.6200,1.025293
163.6400,1.292750
163.6600,1.286262
163.6800,1.047692
163.7000,0.697270
163.7200,0.387596
163.7400,0.279425
163.7600,0.335695
163.7800,0.298354
163.8000,0.495488
163.8200,0.711790
163.8400,0.957734
163.8600,1.028994
163.8800,1.596360
163.9000,2.368952
163.9200,2.312142
163.9400,2.000229
163.9600,1.728543
163.9800,1.066507
164.0000,0.649029
164.0200,0.459775
164.0400,0.767570
164.0600,1.416393
164.0800,1.098368
164.1000,1.230023
164.1200,1.435158
164.1400,2.109605
164.1600,2.421217
164.1800,3.410137
164.2000,3.600000
164.2200,3.600000
164.2400,3.598953
164.2600,2.234262
164.2800,1.203224
164.3000,0.088598
164.3200,0.046931
164.3400,0.047923
164.3600,0.077018
164.3800,0.078456
164.4000,0.143872
164.4200,0.367393
164.4400,0.300904
164.4600,0.544943
164.4800,0.388733
164.5000,0.575613
164.5200,0.699884
164.5400,0.546571
164.5600,1.020237
164.5800,1.318842
164.6000,1.616131
164.6200,1.160570
164.6400,0.816836
164.6600,0.449236
164.6800,0.269069
164.7000,0.171826
164.7200,0.578503
164.7400,1.110621
164.7600,1.120787
164.7800,1.368685
164.8000,1.459271
164.8200,1.363337
164.8400,0.943269
164.8600,0.753861
164.8800,0.796205
164.9000,0.447805
164.9200,0.244657
164.9400,0.176151
164.9600,0.117079
164.9800,0.427210
165.0000,0.810935
165.0200,0.736552
165.0400,0.608769
165.0600,0.575696
165.0800,0.966135
165.1000,1.162489
165.1200,0.817688
165.1400,0.452630
165.1600,0.253113
165.1800,0.326912
165.2000,0.560543
165.2200,0.320488
165.2400,0.296219
165.2600,0.374942
165.2800,0.301112
165.3000,0.496391
165.3200,0.314655
165.3400,0.452483
165.3600,1.149589
165.3800,1.843528
165.4000,1.934235
165.4200,2.191066
165.4400,3.292456
165.4600,3.497442
165.4800,3.514904
165.5000,3.264104
165.5200,3.595187
165.5400,3.393959
165.5600,2.941376
165.5800,3.057778
165.6000,2.921512
165.6200,2.765279
165.6400,2.514563
165.6600,3.062515
165.6800,2.372771
165.7000,1.529507
165.7200,0.863312
165.7400,0.673187
165.7600,0.484446
165.7800,0.332568
165.8000,0.222967
165.8200,0.228176
165.8400,0.358341
165.8600,0.533377
165.8800,0.400512
165.9000,0.372522
165.9200,0.477325
165.9400,0.542543
165.9600,0.460760
165.9800,0.482089
166.0000,0.796740
166.0200,0.642188
166.0400,0.400735
166.0600,0.723954
166.0800,0.671029
166.1000,0.394291
166.1200,0.683861
166.1400,1.346894
166.1600,2.085053
166.1800,2.350247
166.2000,2.523412
166.2200,2.810927
166.2400,2.262504
166.2600,1.656922
166.2800,1.472086
166.3000,1.352179
166.3200,0.877279
166.3400,0.480680
166.3600,0.682687
166.3800,1.681766
166.4000,2.379117
166.4200,2.520260
166.4400,2.858097
166.4600,3.000195
166.4800,2.954119
166.5000,3.096611
166.5200,3.025504
166.5400,2.936986
166.5600,2.925308
166.5800,2.654810
166.6000,2.088798
166.6200,1.762413
166.6400,1.909663
166.6600,2.014667
166.6800,1.417647
166.7000,1.046856
166.7200,1.025293
166.7400,1.292750
166.7600,1.286262
166.7800,1.047692
166.8000,0.697270
166.8200,0.387596
166.8400,0.279425
166.8600,0.335695
166.8800,0.298354
166.9000,0.495488
166.9200,0.711790
166.9400,0.957734
166.9600,1.028994
166.9800,1.596360
167.0000,2.368952
167.0200,2.312142
167.0400,2.000229
167.0600,1.728543
167.0800,1.066507
167.1000,0.649029
167.1200,0.459775
167.1400,0.767570
167.1600,1.416393
167.1800,1.098368
167.2000,1.230023
167.2200,1.435158
167.2400,2.109605
167.2600,2.421217
167.2800,3.410137
167.3000,3.600000
167.3200,3.600000
167.3400,3.598953
167.3600,2.234262
167.3800,1.203224
167.4000,0.088598
167.4200,0.046931
167.4400,0.047923
167.4600,0.077018
167.4800,0.078456
167.5000,0.143872
167.5200,0.367393
167.5400,0.300904
167.5600,0.544943
167.5800,0.388733
167.6000,0.575613
167.6200,0.699884
167.6400,0.546571
167.6600,1.020237
167.6800,1.318842
167.7000,1.616131
167.7200,1.160570
167.7400,0.816836
167.7600,0.449236
167.7800,0.269069
167.8000,0.171826
167.8200,0.578503
167.8400,1.110621
167.8600,1.120787
167.8800,1.368685
167.9000,1.459271
167.9200,1.363337
167.9400,0.943269
167.9600,0.753861
167.9800,0.796205
168.0000,0.447805
168.0200,0.244657
168.0400,0.176151
168.0600,0.117079
168.0800,0.427210
168.1000,0.810935
168.1200,0.736552
168.1400,0.608769
168.1600,0.575696
168.1800,0.966135
168.2000,1.162489
168.2200,0.817688
168.2400,0.452630
168.2600,0.253113
168.2800,0.326912
168.3000,0.560543
168.3200,0.320488
168.3400,0.296219
168.3600,0.374942
168.3800,0.301112
168.4000,0.496391
168.4200,0.314655
168.4400,0.452483
168.4600,1.149589
168.4800,1.843528
168.5000,1.934235
168.5200,2.191066
168.5400,3.292456
168.5600,3.497442
168.5800,3.514904
168.6000,3.264104
168.6200,3.595187
168.6400,3.393959
168.6600,2.941376
168.6800,3.057778
168.7000,2.921512
168.7200,2.765279
168.7400,2.514563
168.7600,3.062515
168.7800,2.372771
168.8000,1.529507
168.8200,0.863312
168.8400,0.673187
168.8600,0.484446
168.8800,0.332568
168.9000,0.222967
168.9200,0.228176
168.9400,0.358341
168.9600,0.533377
168.9800,0.400512
169.0000,0.372522
169.0200,0.477325
169.0400,0.542543
169.0600,0.460760
169.0800,0.482089
169.1000,0.796740
169.1200,0.642188
169.1400,0.400735
169.1600,0.723954
169.1800,0.671029
169.2000,0.394291
169.2200,0.683861
169.2400,1.346894
169.2600,2.085053
169.2800,2.350247
169.3000,2.523412
169.3200,2.810927
169.3400,2.262504
169.3600,1.656922
169.3800,1.472086
169.4000,1.352179
169.4200,0.877279
169.4400,0.480680
169.4600,0.682687
169.4800,1.681766
169.5000,2.379117
169.5200,2.520260
169.5400,2.858097
169.5600,3.000195
169.5800,2.954119
169.6000,3.096611
169.6200,3.025504
169.6400,2.936986
169.6600,2.925308
169.6800,2.654810
169.7000,2.088798
169.7200,1.762413
169.7400,1.909663
169.7600,2.014667
169.7800,1.417647
169.8000,1.046856
169.8200,1.025293
169.8400,1.292750
169.8600,1.286262
169.8800,1.047692
169.9000,0.697270
169.9200,0.387596
169.9400,0.279425
169.9600,0.335695
169.9800,0.298354
170.0000,0.495488
170.0200,0.711790
170.0400,0.957734
170.0600,1.028994
170.0800,1.596360
170.1000,2.368952
170.1200,2.312142
170.1400,2.000229
170.1600,1.728543
170.1800,1.066507
170.2000,0.649029
170.2200,0.459775
170.2400,0.767570
170.2600,1.416393
170.2800,1.098368
170.3000,1.230023
170.3200,1.435158
170.3400,2.109605
170.3600,2.421217
170.3800,3.410137
170.4000,3.600000
170.4200,3.600000
170.4400,3.598953
170.4600,2.234262
170.4800,1.203224
170.5000,0.088598
170.5200,0.046931
170.5400,0.047923
170.5600,0.077018
170.5800,0.078456
170.6000,0.143872
170.6200,0.367393
170.6400,0.300904
170.6600,0.544943
170.6800,0.388733
170.7000,0.575613
170.7200,0.699884
170.7400,0.546571
170.7600,1.020237
170.7800,1.318842
170.8000,1.616131
170.8200,1.160570
170.8400,0.816836
170.8600,0.449236
170.8800,0.269069
170.9000,0.171826
170.9200,0.578503
170.9400,1.110621
170.9600,1.120787
170.9800,1.368685
171.0000,1.459271
171.0200,1.363337
171.0400,0.943269
171.0600,0.753861
171.0800,0.796205
171.1000,0.447805
171.1200,0.244657
171.1400,0.176151
171.1600,0.117079
171.1800,0.427210
171.2000,0.810935
171.2200,0.736552
171.2400,0.608769
171.2600,0.575696
171.2800,0.966135
171.3000,1.162489
171.3200,0.817688
171.3400,0.452630
171.3600,0.253113
171.3800,0.326912
171.4000,0.560543
171.4200,0.320488
171.4400,0.296219
171.4600,0.374942
171.4800,0.301112
171.5000,0.496391
171.5200,0.314655
171.5400,0.452483
171.5600,1.149589
171.5800,1.843528
171.6000,1.934235
171.6200,2.191066
171.6400,3.292456
171.6600,3.497442
171.6800,3.514904
171.7000,3.264104
171.7200,3.595187
171.7400,3.393959
171.7600,2.941376
171.7800,3.057778
171.8000,2.921512
171.8200,2.765279
171.8400,2.514563
171.8600,3.062515
171.8800,2.372771
171.9000,1.529507
171.9200,0.863312
171.9400,0.673187
171.9600,0.484446
171.9800,0.332568
172.0000,0.222967
172.0200,0.228176
172.0400,0.358341
172.0600,0.533377
172.0800,0.400512
172.1000,0.372522
172.1200,0.477325
172.1400,0.542543
172.1600,0.460760
172.1800,0.482089
172.2000,0.796740
172.2200,0.642188
172.2400,0.400735
172.2600,0.723954
172.2800,0.671029
172.3000,0.394291
172.3200,0.683861
172.3400,1.346894
172.3600,2.085053
172.3800,2.350247
172.4000,2.523412
172.4200,2.810927
172.4400,2.262504
172.4600,1.656922
172.4800,1.472086
172.5000,1.352179
172.5200,0.877279
172.5400,0.480680
172.5600,0.682687
172.5800,1.681766
172.6000,2.379117
172.6200,2.520260
172.6400,2.858097
172.6600,3.000195
172.6800,2.954119
172.7000,3.096611
172.7200,3.025504
172.7400,2.936986
172.7600,2.925308
172.7800,2.654810
172.8000,2.088798
172.8200,1.762413
172.8400,1.909663
172.8600,2.014667
172.8800,1.417647
172.9000,1.046856
172.9200,1.025293
172.9400,1.292750
172.9600,1.286262
172.9800,1.047692
173.0000,0.697270
173.0200,0.387596
173.0400,0.279425
173.0600,0.335695
173.0800,0.298354
173.1000,0.495488
173.1200,0.711790
173.1400,0.957734
173.1600,1.028994
173.1800,1.596360
173.2000,2.368952
173.2200,2.312142
173.2400,2.000229
173.2600,1.728543
173.2800,1.066507
173.3000,0.649029
173.3200,0.459775
173.3400,0.767570
173.3600,1.416393
173.3800,1.098368
173.4000,1.230023
173.4200,1.435158
173.4400,2.109605
173.4600,2.421217
173.4800,3.410137
173.5000,3.600000
173.5200,3.600000
173.5400,3.598953
173.5600,2.234262
173.5800,1.203224
173.6000,0.088598
173.6200,0.046931
173.6400,0.047923
173.6600,0.077018
173.6800,0.078456
173.7000,0.143872
173.7200,0.367393
173.7400,0.300904
173.7600,0.544943
173.7800,0.388733
173.8000,0.575613
173.8200,0.699884
173.8400,0.546571
173.8600,1.020237
173.8800,1.318842
173.9000,1.616131
173.9200,1.160570
173.9400,0.816836
173.9600,0.449236
173.9800,0.269069
174.0000,0.171826
174.0200,0.578503
174.0400,1.110621
174.0600,1.120787
174.0800,1.368685
174.1000,1.459271
174.1200,1.363337
174.1400,0.943269
174.1600,0.753861
174.1800,0.796205
174.2000,0.447805
174.2200,0.244657
174.2400,0.176151
174.2600,0.117079
174.2800,0.427210
174.3000,0.810935
174.3200,0.736552
174.3400,0.608769
174.3600,0.575696
174.3800,0.966135
174.4000,1.162489
174.4200,0.817688
174.4400,0.452630
174.4600,0.253113
174.4800,0.326912
174.5000,0.560543
174.5200,0.320488
174.5400,0.296219
174.5600,0.374942
174.5800,0.301112
174.6000,0.496391
174.6200,0.314655
174.6400,0.452483
174.6600,1.149589
174.6800,1.843528
174.7000,1.934235
174.7200,2.191066
174.7400,3.292456
174.7600,3.497442
174.7800,3.514904
174.8000,3.264104
174.8200,3.595187
174.8400,3.393959
174.8600,2.941376
174.8800,3.057778
174.9000,2.921512
174.9200,2.765279
174.9400,2.514563
174.9600,3.062515
174.9800,2.372771
175.0000,1.529507
175.0200,0.863312
175.0400,0.673187
175.0600,0.484446
175.0800,0.332568
175.1000,0.222967
175.1200,0.228176
175.1400,0.358341
175.1600,0.533377
175.1800,0.400512
175.2000,0.372522
175.2200,0.477325
175.2400,0.542543
175.2600,0.460760
175.2800,0.482089
175.3000,0.796740
175.3200,0.642188
175.3400,0.400735
175.3600,0.723954
175.3800,0.671029
175.4000,0.394291
175.4200,0.683861
175.4400,1.346894
175.4600,2.085053
175.4800,2.350247
175.5000,2.523412
175.5200,2.810927
175.5400,2.262504
175.5600,1.656922
175.5800,1.472086
175.6000,1.352179
175.6200,0.877279
175.6400,0.480680
175.6600,0.682687
175.6800,1.681766
175.7000,2.379117
175.7200,2.520260
175.7400,2.858097
175.7600,3.000195
175.7800,2.954119
175.8000,3.096611
175.8200,3.025504
175.8400,2.936986
175.8600,2.925308
175.8800,2.654810
175.9000,2.088798
175.9200,1.762413
175.9400,1.909663
175.9600,2.014667
175.9800,1.417647
176.0000,1.046856
176.0200,1.025293
176.0400,1.292750
176.0600,1.286262
176.0800,1.047692
176.1000,0.697270
176.1200,0.387596
176.1400,0.279425
176.1600,0.335695
176.1800,0.298354
176.2000,0.495488
176.2200,0.711790
176.2400,0.957734
176.2600,1.028994
176.2800,1.596360
176.3000,2.368952
176.3200,2.312142
176.3400,2.000229
176.3600,1.728543
176.3800,1.066507
176.4000,0.649029
176.4200,0.459775
176.4400,0.767570
176.4600,1.416393
176.4800,1.098368
176.5000,1.230023
176.5200,1.435158
176.5400,2.109605
176.5600,2.421217
176.5800,3.410137
176.6000,3.600000
176.6200,3.600000
176.6400,3.598953
176.6600,2.234262
176.6800,1.203224
176.7000,0.088598
176.7200,0.046931
176.7400,0.047923
176.7600,0.077018
176.7800,0.078456
176.8000,0.143872
176.8200,0.367393
176.8400,0.300904
176.8600,0.544943
176.8800,0.388733
176.9000,0.575613
176.9200,0.699884
176.9400,0.546571
176.9600,1.020237
176.9800,1.318842
177.0000,1.616131
177.0200,1.160570
177.0400,0.816836
177.0600,0.449236
177.0800,0.269069
177.1000,0.171826
177.1200,0.578503
177.1400,1.110621
177.1600,1.120787
177.1800,1.368685
177.2000,1.459271
177.2200,1.363337
177.2400,0.943269
177.2600,0.753861
177.2800,0.796205
177.3000,0.447805
177.3200,0.244657
177.3400,0.176151
177.3600,0.117079
177.3800,0.427210
177.4000,0.810935
177.4200,0.736552
177.4400,0.608769
177.4600,0.575696
177.4800,0.966135
177.5000,1.162489
177.5200,0.817688
177.5400,0.452630
177.5600,0.253113
177.5800,0.326912
177.6000,0.560543
177.6200,0.320488
177.6400,0.296219
177.6600,0.374942
177.6800,0.301112
177.7000,0.496391
177.7200,0.314655
177.7400,0.452483
177.7600,1.149589
177.7800,1.843528
177.8000,1.934235
177.8200,2.191066
177.8400,3.292456
177.8600,3.497442
177.8800,3.514904
177.9000,3.264104
177.9200,3.595187
177.9400,3.393959
177.9600,2.941376
177.9800,3.057778
178.0000,2.921512
178.0200,2.765279
178.0400,2.514563
178.0600,3.062515
178.0800,2.372771
178.1000,1.529507
178.1200,0.863312
178.1400,0.673187
178.1600,0.484446
178.1800,0.332568
178.2000,0.222967
178.2200,0.228176
178.2400,0.358341
178.2600,0.533377
178.2800,0.400512
178.3000,0.372522
178.3200,0.477325
178.3400,0.542543
178.3600,0.460760
178.3800,0.482089
178.4000,0.796740
178.4200,0.642188
178.4400,0.400735
178.4600,0.723954
178.4800,0.671029
178.5000,0.394291
178.5200,0.683861
178.5400,1.346894
178.5600,2.085053
178.5800,2.350247
178.6000,2.523412
178.6200,2.810927
178.6400,2.262504
178.6600,1.656922
178.6800,1.472086
178.7000,1.352179
178.7200,0.877279
178.7400,0.480680
178.7600,0.682687
178.7800,1.681766
178.8000,2.379117
178.8200,2.520260
178.8400,2.858097
178.8600,3.000195
178.8800,2.954119
178.9000,3.096611
178.9200,3.025504
178.9400,2.936986
178.9600,2.925308
178.9800,2.654810
179.0000,2.088798
179.0200,1.762413
179.0400,1.909663
179.0600,2.014667
179.0800,1.417647
179.1000,1.046856
179.1200,1.025293
179.1400,1.292750
179.1600,1.286262
179.1800,1.047692
179.2000,0.697270
179.2200,0.387596
179.2400,0.279425
179.2600,0.335695
179.2800,0.298354
179.3000,0.495488
179.3200,0.711790
179.3400,0.957734
179.3600,1.028994
179.3800,1.596360
179.4000,2.368952
179.4200,2.312142
179.4400,2.000229
179.4600,1.728543
179.4800,1.066507
179.5000,0.649029
179.5200,0.459775
179.5400,0.767570
179.5600,1.416393
179.5800,1.098368
179.6000,1.230023
179.6200,1.435158
179.6400,2.109605
179.6600,2.421217
179.6800,3.410137
179.7000,3.600000
179.7200,3.600000
179.7400,3.598953
179.7600,2.234262
179.7800,1.203224
179.8000,0.088598
179.8200,0.046931
179.8400,0.047923
179.8600,0.077018
179.8800,0.078456
179.9000,0.143872
179.9200,0.367393
179.9400,0.300904
179.9600,0.544943
179.9800,0.388733
180.0000,0.575613
180.0200,0.699884
180.0400,0.546571
180.0600,1.020237
180.0800,1.318842
180.1000,1.616131
180.1200,1.160570
180.1400,0.816836
180.1600,0.449236
180.1800,0.269069
180.2000,0.171826
180.2200,0.578503
180.2400,1.110621
180.2600,1.120787
180.2800,1.368685
180.3000,1.459271
180.3200,1.363337
180.3400,0.943269
180.3600,0.753861
180.3800,0.796205
180.4000,0.447805
180.4200,0.244657
180.4400,0.176151
180.4600,0.117079
180.4800,0.427210
180.5000,0.810935
180.5200,0.736552
180.5400,0.608769
180.5600,0.575696
180.5800,0.966135
180.6000,1.162489
180.6200,0.817688
180.6400,0.452630
180.6600,0.253113
180.6800,0.326912
180.7000,0.560543
180.7200,0.320488
180.7400,0.296219
180.7600,0.374942
180.7800,0.301112
180.8000,0.496391
180.8200,0.314655
180.8400,0.452483
180.8600,1.149589
180.8800,1.843528
180.9000,1.934235
180.9200,2.191066
180.9400,3.292456
180.9600,3.497442
180.9800,3.514904
181.0000,3.264104
181.0200,3.595187
181.0400,3.393959
181.0600,2.941376
181.0800,3.057778
181.1000,2.921512
181.1200,2.765279
181.1400,2.514563
181.1600,3.062515
181.1800,2.372771
181.2000,1.529507
181.2200,0.863312
181.2400,0.673187
181.2600,0.484446
181.2800,0.332568
181.3000,0.222967
181.3200,0.228176
181.3400,0.358341
181.3600,0.533377
181.3800,0.400512
181.4000,0.372522
181.4200,0.477325
181.4400,0.542543
181.4600,0.460760
181.4800,0.482089
181.5000,0.796740
181.5200,0.642188
181.5400,0.400735
181.5600,0.723954
181.5800,0.671029
181.6000,0.394291
181.6200,0.683861
181.6400,1.346894
181.6600,2.085053
181.6800,2.350247
181.7000,2.523412
181.7200,2.810927
181.7400,2.262504
181.7600,1.656922
181.7800,1.472086
181.8000,1.352179
181.8200,0.877279
181.8400,0.480680
181.8600,0.682687
181.8800,1.681766
181.9000,2.379117
181.9200,2.520260
181.9400,2.858097
181.9600,3.000195
181.9800,2.954119
182.0000,3.096611
182.0200,3.025504
182.0400,2.936986
182.0600,2.925308
182.0800,2.654810
182.1000,2.088798
182.1200,1.762413
182.1400,1.909663
182.1600,2.014667
182.1800,1.417647
182.2000,1.046856
182.2200,1.025293
182.2400,1.292750
182.2600,1.286262
182.2800,1.047692
182.3000,0.697270
182.3200,0.387596
182.3400,0.279425
182.3600,0.335695
182.3800,0.298354
182.4000,0.495488
182.4200,0.711790
182.4400,0.957734
182.4600,1.028994
182.4800,1.596360
182.5000,2.368952
182.5200,2.312142
182.5400,2.000229
182.5600,1.728543
182.5800,1.066507
182.6000,0.649029
182.6200,0.459775
182.6400,0.767570
182.6600,1.416393
182.6800,1.098368
182.7000,1.230023
182.7200,1.435158
182.7400,2.109605
182.7600,2.421217
182.7800,3.410137
182.8000,3.600000
182.8200,3.600000
182.8400,3.598953
182.8600,2.234262
182.8800,1.203224
182.9000,0.088598
182.9200,0.046931
182.9400,0.047923
182.9600,0.077018
182.9800,0.078456
183.0000,0.143872
183.0200,0.367393
183.0400,0.300904
183.0600,0.544943
183.0800,0.388733
183.1000,0.575613
183.1200,0.699884
183.1400,0.546571
183.1600,1.020237
183.1800,1.318842
183.2000,1.616131
183.2200,1.160570
183.2400,0.816836
183.2600,0.449236
183.2800,0.269069
183.3000,0.171826
183.3200,0.578503
183.3400,1.110621
183.3600,1.120787
183.3800,1.368685
183.4000,1.459271
183.4200,1.363337
183.4400,0.943269
183.4600,0.753861
183.4800,0.796205
183.5000,0.447805
183.5200,0.244657
183.5400,0.176151
183.5600,0.117079
183.5800,0.427210
183.6000,0.810935
183.6200,0.736552
183.6400,0.608769
183.6600,0.575696
183.6800,0.966135
183.7000,1.162489
183.7200,0.817688
183.7400,0.452630
183.7600,0.253113
183.7800,0.326912
183.8000,0.560543
183.8200,0.320488
183.8400,0.296219
183.8600,0.374942
183.8800,0.301112
183.9000,0.496391
183.9200,0.314655
183.9400,0.452483
183.9600,1.149589
183.9800,1.843528
184.0000,1.934235
184.0200,2.191066
184.0400,3.292456
184.0600,3.497442
184.0800,3.514904
184.1000,3.264104
184.1200,3.595187
184.1400,3.393959
184.1600,2.941376
184.1800,3.057778
184.2000,2.921512
184.2200,2.765279
184.2400,2.514563
184.2600,3.062515
184.2800,2.372771
184.3000,1.529507
184.3200,0.863312
184.3400,0.673187
184.3600,0.484446
184.3800,0.332568
184.4000,0.222967
184.4200,0.228176
184.4400,0.358341
184.4600,0.533377
184.4800,0.400512
184.5000,0.372522
184.5200,0.477325
184.5400,0.542543
184.5600,0.460760
184.5800,0.482089
184.6000,0.796740
184.6200,0.642188
184.6400,0.400735
184.6600,0.723954
184.6800,0.671029
184.7000,0.394291
184.7200,0.683861
184.7400,1.346894
184.7600,2.085053
184.7800,2.350247
184.8000,2.523412
184.8200,2.810927
184.8400,2.262504
184.8600,1.656922
184.8800,1.472086
184.9000,1.352179
184.9200,0.877279
184.9400,0.480680
184.9600,0.682687
184.9800,1.681766
185.0000,2.379117
185.0200,2.520260
185.0400,2.858097
185.0600,3.000195
185.0800,2.954119
185.1000,3.096611
185.1200,3.025504
185.1400,2.936986
185.1600,2.925308
185.1800,2.654810
185.2000,2.088798
185.2200,1.762413
185.2400,1.909663
185.2600,2.014667
185.2800,1.417647
185.3000,1.046856
185.3200,1.025293
185.3400,1.292750
185.3600,1.286262
185.3800,1.047692
185.4000,0.697270
185.4200,0.387596
185.4400,0.279425
185.4600,0.335695
185.4800,0.298354
185.5000,0.495488
185.5200,0.711790
185.5400,0.957734
185.5600,1.028994
185.5800,1.596360
185.6000,2.368952
185.6200,2.312142
185.6400,2.000229
185.6600,1.728543
185.6800,1.066507
185.7000,0.649029
185.7200,0.459775
185.7400,0.767570
185.7600,1.416393
185.7800,1.098368
185.8000,1.230023
185.8200,1.435158
185.8400,2.109605
185.8600,2.421217
185.8800,3.410137
185.9000,3.600000
185.9200,3.600000
185.9400,3.598953
185.9600,2.234262
185.9800,1.203224
186.0000,0.088598
186.0200,0.046931
186.0400,0.047923
186.0600,0.077018
186.0800,0.078456
186.1000,0.143872
186.1200,0.367393
186.1400,0.300904
186.1600,0.544943
186.1800,0.388733
186.2000,0.575613
186.2200,0.699884
186.2400,0.546571
186.2600,1.020237
186.2800,1.318842
186.3000,1.616131
186.3200,1.160570
186.3400,0.816836
186.3600,0.449236
186.3800,0.269069
186.4000,0.171826
186.4200,0.578503
186.4400,1.110621
186.4600,1.120787
186.4800,1.368685
186.5000,1.459271
186.5200,1.363337
186.5400,0.943269
186.5600,0.753861
186.5800,0.796205
186.6000,0.447805
186.6200,0.244657
186.6400,0.176151
186.6600,0.117079
186.6800,0.427210
186.7000,0.810935
186.7200,0.736552
186.7400,0.608769
186.7600,0.575696
186.7800,0.966135
186.8000,1.162489
186.8200,0.817688
186.8400,0.452630
186.8600,0.253113
186.8800,0.326912
186.9000,0.560543
186.9200,0.320488
186.9400,0.296219
186.9600,0.374942
186.9800,0.301112
187.0000,0.496391
187.0200,0.314655
187.0400,0.452483
187.0600,1.149589
187.0800,1.843528
187.1000,1.934235
187.1200,2.191066
187.1400,3.292456
187.1600,3.497442
187.1800,3.514904
187.2000,3.264104
187.2200,3.595187
187.2400,3.393959
187.2600,2.941376
187.2800,3.057778
187.3000,2.921512
187.3200,2.765279
187.3400,2.514563
187.3600,3.062515
187.3800,2.372771
187.4000,1.529507
187.4200,0.863312
187.4400,0.673187
187.4600,0.484446
187.4800,0.332568
187.5000,0.222967
187.5200,0.228176
187.5400,0.358341
187.5600,0.533377
187.5800,0.400512
187.6000,0.372522
187.6200,0.477325
187.6400,0.542543
187.6600,0.460760
187.6800,0.482089
187.7000,0.796740
187.7200,0.642188
187.7400,0.400735
187.7600,0.723954
187.7800,0.671029
187.8000,0.394291
187.8200,0.683861
187.8400,1.346894
187.8600,2.085053
187.8800,2.350247
187.9000,2.523412
187.9200,2.810927
187.9400,2.262504
187.9600,1.656922
187.9800,1.472086
188.0000,1.352179
188.0200,0.877279
188.0400,0.480680
188.0600,0.682687
188.0800,1.681766
188.1000,2.379117
188.1200,2.520260
188.1400,2.858097
188.1600,3.000195
188.1800,2.954119
188.2000,3.096611
188.2200,3.025504
188.2400,2.936986
188.2600,2.925308
188.2800,2.654810
188.3000,2.088798
188.3200,1.762413
188.3400,1.909663
188.3600,2.014667
188.3800,1.417647
188.4000,1.046856
188.4200,1.025293
188.4400,1.292750
188.4600,1.286262
188.4800,1.047692
188.5000,0.697270
188.5200,0.387596
188.5400,0.279425
188.5600,0.335695
188.5800,0.298354
188.6000,0.495488
188.6200,0.711790
188.6400,0.957734
188.6600,1.028994
188.6800,1.596360
188.7000,2.368952
188.7200,2.312142
188.7400,2.000229
188.7600,1.728543
188.7800,1.066507
188.8000,0.649029
188.8200,0.459775
188.8400,0.767570
188.8600,1.416393
188.8800,1.098368
188.9000,1.230023
188.9200,1.435158
188.9400,2.109605
188.9600,2.421217
188.9800,3.410137
189.0000,3.600000
189.0200,3.600000
189.0400,3.598953
189.0600,2.234262
189.0800,1.203224
189.1000,0.088598
189.1200,0.046931
189.1400,0.047923
189.1600,0.077018
189.1800,0.078456
189.2000,0.143872
189.2200,0.367393
189.2400,0.300904
189.2600,0.544943
189.2800,0.388733
189.3000,0.575613
189.3200,0.699884
189.3400,0.546571
189.3600,1.020237
189.3800,1.318842
189.4000,1.616131
189.4200,1.160570
189.4400,0.816836
189.4600,0.449236
189.4800,0.269069
189.5000,0.171826
189.5200,0.578503
189.5400,1.110621
189.5600,1.120787
189.5800,1.368685
189.6000,1.459271
189.6200,1.363337
189.6400,0.943269
189.6600,0.753861
189.6800,0.796205
189.7000,0.447805
189.7200,0.244657
189.7400,0.176151
189.7600,0.117079
189.7800,0.427210
189.8000,0.810935
189.8200,0.736552
189.8400,0.608769
189.8600,0.575696
189.8800,0.966135
189.9000,1.162489
189.9200,0.817688
189.9400,0.452630
189.9600,0.253113
189.9800,0.326912
190.0000,0.560543
190.0200,0.320488
190.0400,0.296219
190.0600,0.374942
190.0800,0.301112
190.1000,0.496391
190.1200,0.314655
190.1400,0.452483
190.1600,1.149589
190.1800,1.843528
190.2000,1.934235
190.2200,2.191066
190.2400,3.292456
190.2600,3.497442
190.2800,3.514904
190.3000,3.264104
190.3200,3.595187
190.3400,3.393959
190.3600,2.941376
190.3800,3.057778
190.4000,2.921512
190.4200,2.765279
190.4400,2.514563
190.4600,3.062515
190.4800,2.372771
190.5000,1.529507
190.5200,0.863312
190.5400,0.673187
190.5600,0.484446
190.5800,0.332568
190.6000,0.222967
190.6200,0.228176
190.6400,0.358341
190.6600,0.533377
190.6800,0.400512
190.7000,0.372522
190.7200,0.477325
190.7400,0.542543
190.7600,0.460760
190.7800,0.482089
190.8000,0.796740
190.8200,0.642188
190.8400,0.400735
190.8600,0.723954
190.8800,0.671029
190.9000,0.394291
190.9200,0.683861
190.9400,1.346894
190.9600,2.085053
190.9800,2.350247
191.0000,2.523412
191.0200,2.810927
191.0400,2.262504
191.0600,1.656922
191.0800,1.472086
191.1000,1.352179
191.1200,0.877279
191.1400,0.480680
191.1600,0.682687
191.1800,1.681766
191.2000,2.379117
191.2200,2.520260
191.2400,2.858097
191.2600,3.000195
191.2800,2.954119
191.3000,3.096611
191.3200,3.025504
191.3400,2.936986
191.3600,2.925308
191.3800,2.654810
191.4000,2.088798
191.4200,1.762413
191.4400,1.909663
191.4600,2.014667
191.4800,1.417647
191.5000,1.046856
191.5200,1.025293
191.5400,1.292750
191.5600,1.286262
191.5800,1.047692
191.6000,0.697270
191.6200,0.387596
191.6400,0.279425
191.6600,0.335695
191.6800,0.298354
191.7000,0.495488
191.7200,0.711790
191.7400,0.957734
191.7600,1.028994
191.7800,1.596360
191.8000,2.368952
191.8200,2.312142
191.8400,2.000229
191.8600,1.728543
191.8800,1.066507
191.9000,0.649029
191.9200,0.459775
191.9400,0.767570
191.9600,1.416393
191.9800,1.098368
192.0000,1.230023
192.0200,1.435158
192.0400,2.109605
192.0600,2.421217
192.0800,3.410137
192.1000,3.600000
192.1200,3.600000
192.1400,3.598953
192.1600,2.234262
192.1800,1.203224
192.2000,0.088598
192.2200,0.046931
192.2400,0.047923
192.2600,0.077018
192.2800,0.078456
192.3000,0.143872
192.3200,0.367393
192.3400,0.300904
192.3600,0.544943
192.3800,0.388733
192.4000,0.575613
192.4200,0.699884
192.4400,0.546571
192.4600,1.020237
192.4800,1.318842
192.5000,1.616131
192.5200,1.160570
192.5400,0.816836
192.5600,0.449236
192.5800,0.269069
192.6000,0.171826
192.6200,0.578503
192.6400,1.110621
192.6600,1.120787
192.6800,1.368685
192.7000,1.459271
192.7200,1.363337
192.7400,0.943269
192.7600,0.753861
192.7800,0.796205
192.8000,0.447805
192.8200,0.244657
192.8400,0.176151
192.8600,0.117079
192.8800,0.427210
192.9000,0.810935
192.9200,0.736552
192.9400,0.608769
192.9600,0.575696
192.9800,0.966135
193.0000,1.162489
193.0200,0.817688
193.0400,0.452630
193.0600,0.253113
193.0800,0.326912
193.1000,0.560543
193.1200,0.320488
193.1400,0.296219
193.1600,0.374942
193.1800,0.301112
193.2000,0.496391
193.2200,0.314655
193.2400,0.452483
193.2600,1.149589
193.2800,1.843528
193.3000,1.934235
193.3200,2.191066
193.3400,3.292456
193.3600,3.497442
193.3800,3.514904
193.4000,3.264104
193.4200,3.595187
193.4400,3.393959
193.4600,2.941376
193.4800,3.057778
193.5000,2.921512
193.5200,2.765279
193.5400,2.514563
193.5600,3.062515
193.5800,2.372771
193.6000,1.529507
193.6200,0.863312
193.6400,0.673187
193.6600,0.484446
193.6800,0.332568
193.7000,0.222967
193.7200,0.228176
193.7400,0.358341
193.7600,0.533377
193.7800,0.400512
193.8000,0.372522
193.8200,0.477325
193.8400,0.542543
193.8600,0.460760
193.8800,0.482089
193.9000,0.796740
193.9200,0.642188
193.9400,0.400735
193.9600,0.723954
193.9800,0.671029
194.0000,0.394291
194.0200,0.683861
194.0400,1.346894
194.0600,2.085053
194.0800,2.350247
194.1000,2.523412
194.1200,2.810927
194.1400,2.262504
194.1600,1.656922
194.1800,1.472086
194.2000,1.352179
194.2200,0.877279
194.2400,0.480680
194.2600,0.682687
194.2800,1.681766
194.3000,2.379117
194.3200,2.520260
194.3400,2.858097
194.3600,3.000195
194.3800,2.954119
194.4000,3.096611
194.4200,3.025504
194.4400,2.936986
194.4600,2.925308
194.4800,2.654810
194.5000,2.088798
194.5200,1.762413
194.5400,1.909663
194.5600,2.014667
194.5800,1.417647
194.6000,1.046856
194.6200,1.025293
194.6400,1.292750
194.6600,1.286262
194.6800,1.047692
194.7000,0.697270
194.7200,0.387596
194.7400,0.279425
194.7600,0.335695
194.7800,0.298354
194.8000,0.495488
194.8200,0.711790
194.8400,0.957734
194.8600,1.028994
194.8800,1.596360
194.9000,2.368952
194.9200,2.312142
194.9400,2.000229
194.9600,1.728543
194.9800,1.066507
195.0000,0.649029
195.0200,0.459775
195.0400,0.767570
195.0600,1.416393
195.0800,1.098368
195.1000,1.230023
195.1200,1.435158
195.1400,2.109605
195.1600,2.421217
195.1800,3.410137
195.2000,3.600000
195.2200,3.600000
195.2400,3.598953
195.2600,2.234262
195.2800,1.203224
195.3000,0.088598
195.3200,0.046931
195.3400,0.047923
195.3600,0.077018
195.3800,0.078456
195.4000,0.143872
195.4200,0.367393
195.4400,0.300904
195.4600,0.544943
195.4800,0.388733
195.5000,0.575613
195.5200,0.699884
195.5400,0.546571
195.5600,1.020237
195.5800,1.318842
195.6000,1.616131
195.6200,1.160570
195.6400,0.816836
195.6600,0.449236
195.6800,0.269069
195.7000,0.171826
195.7200,0.578503
195.7400,1.110621
195.7600,1.120787
195.7800,1.368685
195.8000,1.459271
195.8200,1.363337
195.8400,0.943269
195.8600,0.753861
195.8800,0.796205
195.9000,0.447805
195.9200,0.244657
195.9400,0.176151
195.9600,0.117079
195.9800,0.427210
196.0000,0.810935
196.0200,0.736552
196.0400,0.608769
196.0600,0.575696
196.0800,0.966135
196.1000,1.162489
196.1200,0.817688
196.1400,0.452630
196.1600,0.253113
196.1800,0.326912
196.2000,0.560543
196.2200,0.320488
196.2400,0.296219
196.2600,0.374942
196.2800,0.301112
196.3000,0.496391
196.3200,0.314655
196.3400,0.452483
196.3600,1.149589
196.3800,1.843528
196.4000,1.934235
196.4200,2.191066
196.4400,3.292456
196.4600,3.497442
196.4800,3.514904
196.5000,3.264104
196.5200,3.595187
196.5400,3.393959
196.5600,2.941376
196.5800,3.057778
196.6000,2.921512
196.6200,2.765279
196.6400,2.514563
196.6600,3.062515
196.6800,2.372771
196.7000,1.529507
196.7200,0.863312
196.7400,0.673187
196.7600,0.484446
196.7800,0.332568
196.8000,0.222967
196.8200,0.228176
196.8400,0.358341
196.8600,0.533377
196.8800,0.400512
196.9000,0.372522
196.9200,0.477325
196.9400,0.542543
196.9600,0.460760
196.9800,0.482089
197.0000,0.796740
197.0200,0.642188
197.0400,0.400735
197.0600,0.723954
197.0800,0.671029
197.1000,0.394291
197.1200,0.683861
197.1400,1.346894
197.1600,2.085053
197.1800,2.350247
197.2000,2.523412
197.2200,2.810927
197.2400,2.262504
197.2600,1.656922
197.2800,1.472086
197.3000,1.352179
197.3200,0.877279
197.3400,0.480680
197.3600,0.682687
197.3800,1.681766
197.4000,2.379117
197.4200,2.520260
197.4400,2.858097
197.4600,3.000195
197.4800,2.954119
197.5000,3.096611
197.5200,3.025504
197.5400,2.936986
197.5600,2.925308
197.5800,2.654810
197.6000,2.088798
197.6200,1.762413
197.6400,1.909663
197.6600,2.014667
197.6800,1.417647
197.7000,1.046856
197.7200,1.025293
197.7400,1.292750
197.7600,1.286262
197.7800,1.047692
197.8000,0.697270
197.8200,0.387596
197.8400,0.279425
197.8600,0.335695
197.8800,0.298354
197.9000,0.495488
197.9200,0.711790
197.9400,0.957734
197.9600,1.028994
197.9800,1.596360
198.0000,2.368952
198.0200,2.312142
198.0400,2.000229
198.0600,1.728543
198.0800,1.066507
198.1000,0.649029
198.1200,0.459775
198.1400,0.767570
198.1600,1.416393
198.1800,1.098368
198.2000,1.230023
198.2200,1.435158
198.2400,2.109605
198.2600,2.421217
198.2800,3.410137
198.3000,3.600000
198.3200,3.600000
198.3400,3.598953
198.3600,2.234262
198.3800,1.203224
198.4000,0.088598
198.4200,0.046931
198.4400,0.047923
198.4600,0.077018
198.4800,0.078456
198.5000,0.143872
198.5200,0.367393
198.5400,0.300904
198.5600,0.544943
198.5800,0.388733
198.6000,0.575613
198.6200,0.699884
198.6400,0.546571
198.6600,1.020237
198.6800,1.318842
198.7000,1.616131
198.7200,1.160570
198.7400,0.816836
198.7600,0.449236
198.7800,0.269069
198.8000,0.171826
198.8200,0.578503
198.8400,1.110621
198.8600,1.120787
198.8800,1.368685
198.9000,1.459271
198.9200,1.363337
198.9400,0.943269
198.9600,0.753861
198.9800,0.796205
199.0000,0.447805
199.0200,0.244657
199.0400,0.176151
199.0600,0.117079
199.0800,0.427210
199.1000,0.810935
199.1200,0.736552
199.1400,0.608769
199.1600,0.575696
199.1800,0.966135
199.2000,1.162489
199.2200,0.817688
199.2400,0.452630
199.2600,0.253113
199.2800,0.326912
199.3000,0.560543
199.3200,0.320488
199.3400,0.296219
199.3600,0.374942
199.3800,0.301112
199.4000,0.496391
199.4200,0.314655
199.4400,0.452483
199.4600,1.149589
199.4800,1.843528
199.5000,1.934235
199.5200,2.191066
199.5400,3.292456
199.5600,3.497442
199.5800,3.514904
199.6000,3.264104
199.6200,3.595187
199.6400,3.393959
199.6600,2.941376
199.6800,3.057778
199.7000,2.921512
199.7200,2.765279
199.7400,2.514563
199.7600,3.062515
199.7800,2.372771
199.8000,1.529507
199.8200,0.863312
199.8400,0.673187
199.8600,0.484446
199.8800,0.332568
199.9000,0.222967
199.9200,0.228176
199.9400,0.358341
199.9600,0.533377
199.9800,0.400512
200.0000,0.372522
200.0200,0.477325
200.0400,0.542543
200.0600,0.460760
200.0800,0.482089
200.1000,0.796740
200.1200,0.642188
200.1400,0.400735
200.1600,0.723954
200.1800,0.671029
200.2000,0.394291
200.2200,0.683861
200.2400,1.346894
200.2600,2.085053
200.2800,2.350247
200.3000,2.523412
200.3200,2.810927
200.3400,2.262504
200.3600,1.656922
200.3800,1.472086
200.4000,1.352179
200.4200,0.877279
200.4400,0.480680
200.4600,0.682687
200.4800,1.681766
200.5000,2.379117
200.5200,2.520260
200.5400,2.858097
200.5600,3.000195
200.5800,2.954119
200.6000,3.096611
200.6200,3.025504
200.6400,2.936986
200.6600,2.925308
200.6800,2.654810
200.7000,2.088798
200.7200,1.762413
200.7400,1.909663
200.7600,2.014667
200.7800,1.417647
200.8000,1.046856
200.8200,1.025293
200.8400,1.292750
200.8600,1.286262
200.8800,1.047692
200.9000,0.697270
200.9200,0.387596
200.9400,0.279425
200.9600,0.335695
200.9800,0.298354
201.0000,0.495488
201.0200,0.711790
201.0400,0.957734
201.0600,1.028994
201.0800,1.596360
201.1000,2.368952
201.1200,2.312142
201.1400,2.000229
201.1600,1.728543
201.1800,1.066507
201.2000,0.649029
201.2200,0.459775
201.2400,0.767570
201.2600,1.416393
201.2800,1.098368
201.3000,1.230023
201.3200,1.435158
201.3400,2.109605
201.3600,2.421217
201.3800,3.410137
201.4000,3.600000
201.4200,3.600000
201.4400,3.598953
201.4600,2.234262
201.4800,1.203224
201.5000,0.088598
201.5200,0.046931
201.5400,0.047923
201.5600,0.077018
201.5800,0.078456
201.6000,0.143872
201.6200,0.367393
201.6400,0.300904
201.6600,0.544943
201.6800,0.388733
201.7000,0.575613
201.7200,0.699884
201.7400,0.546571
201.7600,1.020237
201.7800,1.318842
201.8000,1.616131
201.8200,1.160570
201.8400,0.816836
201.8600,0.449236
201.8800,0.269069
201.9000,0.171826
201.9200,0.578503
201.9400,1.110621
201.9600,1.120787
201.9800,1.368685
202.0000,1.459271
202.0200,1.363337
202.0400,0.943269
202.0600,0.753861
202.0800,0.796205
202.1000,0.447805
202.1200,0.244657
202.1400,0.176151
202.1600,0.117079
202.1800,0.427210
202.2000,0.810935
202.2200,0.736552
202.2400,0.608769
202.2600,0.575696
202.2800,0.966135
202.3000,1.162489
202.3200,0.817688
202.3400,0.452630
202.3600,0.253113
202.3800,0.326912
202.4000,0.560543
202.4200,0.320488
202.4400,0.296219
202.4600,0.374942
202.4800,0.301112
202.5000,0.496391
202.5200,0.314655
202.5400,0.452483
202.5600,1.149589
202.5800,1.843528
202.6000,1.934235
202.6200,2.191066
202.6400,3.292456
202.6600,3.497442
202.6800,3.514904
202.7000,3.264104
202.7200,3.595187
202.7400,3.393959
202.7600,2.941376
202.7800,3.057778
202.8000,2.921512
202.8200,2.765279
202.8400,2.514563
202.8600,3.062515
202.8800,2.372771
202.9000,1.529507
202.9200,0.863312
202.9400,0.673187
202.9600,0.484446
202.9800,0.332568
203.0000,0.222967
203.0200,0.228176
203.0400,0.358341
203.0600,0.533377
203.0800,0.400512
203.1000,0.372522
203.1200,0.477325
203.1400,0.542543
203.1600,0.460760
203.1800,0.482089
203.2000,0.796740
203.2200,0.642188
203.2400,0.400735
203.2600,0.723954
203.2800,0.671029
203.3000,0.394291
203.3200,0.683861
203.3400,1.346894
203.3600,2.085053
203.3800,2.350247
203.4000,2.523412
203.4200,2.810927
203.4400,2.262504
203.4600,1.656922
203.4800,1.472086
203.5000,1.352179
203.5200,0.877279
203.5400,0.480680
203.5600,0.682687
203.5800,1.681766
203.6000,2.379117
203.6200,2.520260
203.6400,2.858097
203.6600,3.000195
203.6800,2.954119
203.7000,3.096611
203.7200,3.025504
203.7400,2.936986
203.7600,2.925308
203.7800,2.654810
203.8000,2.088798
203.8200,1.762413
203.8400,1.909663
203.8600,2.014667
203.8800,1.417647
203.9000,1.046856
203.9200,1.025293
203.9400,1.292750
203.9600,1.286262
203.9800,1.047692
204.0000,0.697270
204.0200,0.387596
204.0400,0.279425
204.0600,0.335695
204.0800,0.298354
204.1000,0.495488
204.1200,0.711790
204.1400,0.957734
204.1600,1.028994
204.1800,1.596360
204.2000,2.368952
204.2200,2.312142
204.2400,2.000229
204.2600,1.728543
204.2800,1.066507
204.3000,0.649029
204.3200,0.459775
204.3400,0.767570
204.3600,1.416393
204.3800,1.098368
204.4000,1.230023
204.4200,1.435158
204.4400,2.109605
204.4600,2.421217
204.4800,3.410137
204.5000,3.600000
204.5200,3.600000
204.5400,3.598953
204.5600,2.234262
204.5800,1.203224
204.6000,0.088598
204.6200,0.046931
204.6400,0.047923
204.6600,0.077018
204.6800,0.078456
204.7000,0.143872
204.7200,0.367393
204.7400,0.300904
204.7600,0.544943
204.7800,0.388733
204.8000,0.575613
204.8200,0.699884
204.8400,0.546571
204.8600,1.020237
204.8800,1.318842
204.9000,1.616131
204.9200,1.160570
204.9400,0.816836
204.9600,0.449236
204.9800,0.269069
205.0000,0.171826
205.0200,0.578503
205.0400,1.110621
205.0600,1.120787
205.0800,1.368685
205.1000,1.459271
205.1200,1.363337
205.1400,0.943269
205.1600,0.753861
205.1800,0.796205
205.2000,0.447805
205.2200,0.244657
205.2400,0.176151
205.2600,0.117079
205.2800,0.427210
205.3000,0.810935
205.3200,0.736552
205.3400,0.608769
205.3600,0.575696
205.3800,0.966135
205.4000,1.162489
205.4200,0.817688
205.4400,0.452630
205.4600,0.253113
205.4800,0.326912
205.5000,0.560543
205.5200,0.320488
205.5400,0.296219
205.5600,0.374942
205.5800,0.301112
205.6000,0.496391
205.6200,0.314655
205.6400,0.452483
205.6600,1.149589
205.6800,1.843528
205.7000,1.934235
205.7200,2.191066
205.7400,3.292456
205.7600,3.497442
205.7800,3.514904
205.8000,3.264104
205.8200,3.595187
205.8400,3.393959
205.8600,2.941376
205.8800,3.057778
205.9000,2.921512
205.9200,2.765279
205.9400,2.514563
205.9600,3.062515
205.9800,2.372771
206.0000,1.529507
206.0200,0.863312
206.0400,0.673187
206.0600,0.484446
206.0800,0.332568
206.1000,0.222967
206.1200,0.228176
206.1400,0.358341
206.1600,0.533377
206.1800,0.400512
206.2000,0.372522
206.2200,0.477325
206.2400,0.542543
206.2600,0.460760
206.2800,0.482089
206.3000,0.796740
206.3200,0.642188
206.3400,0.400735
206.3600,0.723954
206.3800,0.671029
206.4000,0.394291
206.4200,0.683861
206.4400,1.346894
206.4600,2.085053
206.4800,2.350247
206.5000,2.523412
206.5200,2.810927
206.5400,2.262504
206.5600,1.656922
206.5800,1.472086
206.6000,1.352179
206.6200,0.877279
206.6400,0.480680
206.6600,0.682687
206.6800,1.681766
206.7000,2.379117
206.7200,2.520260
206.7400,2.858097
206.7600,3.000195
206.7800,2.954119
206.8000,3.096611
206.8200,3.025504
206.8400,2.936986
206.8600,2.925308
206.8800,2.654810
206.9000,2.088798
206.9200,1.762413
206.9400,1.909663
206.9600,2.014667
206.9800,1.417647
207.0000,1.046856
207.0200,1.025293
207.0400,1.292750
207.0600,1.286262
207.0800,1.047692
207.1000,0.697270
207.1200,0.387596
207.1400,0.279425
207.1600,0.335695
207.1800,0.298354
207.2000,0.495488
207.2200,0.711790
207.2400,0.957734
207.2600,1.028994
207.2800,1.596360
207.3000,2.368952
207.3200,2.312142
207.3400,2.000229
207.3600,1.728543
207.3800,1.066507
207.4000,0.649029
207.4200,0.459775
207.4400,0.767570
207.4600,1.416393
207.4800,1.098368
207.5000,1.230023
207.5200,1.435158
207.5400,2.109605
207.5600,2.421217
207.5800,3.410137
207.6000,3.600000
207.6200,3.600000
207.6400,3.598953
207.6600,2.234262
207.6800,1.203224
207.7000,0.088598
207.7200,0.046931
207.7400,0.047923
207.7600,0.077018
207.7800,0.078456
207.8000,0.143872
207.8200,0.367393
207.8400,0.300904
207.8600,0.544943
207.8800,0.388733
207.9000,0.575613
207.9200,0.699884
207.9400,0.546571
207.9600,1.020237
207.9800,1.318842
208.0000,1.616131
208.0200,1.160570
208.0400,0.816836
208.0600,0.449236
208.0800,0.269069
208.1000,0.171826
208.1200,0.578503
208.1400,1.110621
208.1600,1.120787
208.1800,1.368685
208.2000,1.459271
208.2200,1.363337
208.2400,0.943269
208.2600,0.753861
208.2800,0.796205
208.3000,0.447805
208.3200,0.244657
208.3400,0.176151
208.3600,0.117079
208.3800,0.427210
208.4000,0.810935
208.4200,0.736552
208.4400,0.608769
208.4600,0.575696
208.4800,0.966135
208.5000,1.162489
208.5200,0.817688
208.5400,0.452630
208.5600,0.253113
208.5800,0.326912
208.6000,0.560543
208.6200,0.320488
208.6400,0.296219
208.6600,0.374942
208.6800,0.301112
208.7000,0.496391
208.7200,0.314655
208.7400,0.452483
208.7600,1.149589
208.7800,1.843528
208.8000,1.934235
208.8200,2.191066
208.8400,3.292456
208.8600,3.497442
208.8800,3.514904
208.9000,3.264104
208.9200,3.595187
208.9400,3.393959
208.9600,2.941376
208.9800,3.057778
209.0000,2.921512
209.0200,2.765279
209.0400,2.514563
209.0600,3.062515
209.0800,2.372771
209.1000,1.529507
209.1200,0.863312
209.1400,0.673187
209.1600,0.484446
209.1800,0.332568
209.2000,0.222967
209.2200,0.228176
209.2400,0.358341
209.2600,0.533377
209.2800,0.400512
209.3000,0.372522
209.3200,0.477325
209.3400,0.542543
209.3600,0.460760
209.3800,0.482089
209.4000,0.796740
209.4200,0.642188
209.4400,0.400735
209.4600,0.723954
209.4800,0.671029
209.5000,0.394291
209.5200,0.683861
209.5400,1.346894
209.5600,2.085053
209.5800,2.350247
209.6000,2.523412
209.6200,2.810927
209.6400,2.262504
209.6600,1.656922
209.6800,1.472086
209.7000,1.352179
209.7200,0.877279
209.7400,0.480680
209.7600,0.682687
209.7800,1.681766
209.8000,2.379117
209.8200,2.520260
209.8400,2.858097
209.8600,3.000195
209.8800,2.954119
209.9000,3.096611
209.9200,3.025504
209.9400,2.936986
209.9600,2.925308
209.9800,2.654810
210.0000,2.088798
210.0200,1.762413
210.0400,1.909663
210.0600,2.014667
210.0800,1.417647
210.1000,1.046856
210.1200,1.025293
210.1400,1.292750
210.1600,1.286262
210.1800,1.047692
210.2000,0.697270
210.2200,0.387596
210.2400,0.279425
210.2600,0.335695
210.2800,0.298354
210.3000,0.495488
210.3200,0.711790
210.3400,0.957734
210.3600,1.028994
210.3800,1.596360
210.4000,2.368952
210.4200,2.312142
210.4400,2.000229
210.4600,1.728543
210.4800,1.066507
210.5000,0.649029
210.5200,0.459775
210.5400,0.767570
210.5600,1.416393
210.5800,1.098368
210.6000,1.230023
210.6200,1.435158
210.6400,2.109605
210.6600,2.421217
210.6800,3.410137
210.7000,3.600000
210.7200,3.600000
210.7400,3.598953
210.7600,2.234262
210.7800,1.203224
210.8000,0.088598
210.8200,0.046931
210.8400,0.047923
210.8600,0.077018
210.8800,0.078456
210.9000,0.143872
210.9200,0.367393
210.9400,0.300904
210.9600,0.544943
210.9800,0.388733
211.0000,0.575613
211.0200,0.699884
211.0400,0.546571
211.0600,1.020237
211.0800,1.318842
211.1000,1.616131
211.1200,1.160570
211.1400,0.816836
211.1600,0.449236
211.1800,0.269069
211.2000,0.171826
211.2200,0.578503
211.2400,1.110621
211.2600,1.120787
211.2800,1.368685
211.3000,1.459271
211.3200,1.363337
211.3400,0.943269
211.3600,0.753861
211.3800,0.796205
211.4000,0.447805
211.4200,0.244657
211.4400,0.176151
211.4600,0.117079
211.4800,0.427210
211.5000,0.810935
211.5200,0.736552
211.5400,0.608769
211.5600,0.575696
211.5800,0.966135
211.6000,1.162489
211.6200,0.817688
211.6400,0.452630
211.6600,0.253113
211.6800,0.326912
211.7000,0.560543
211.7200,0.320488
211.7400,0.296219
211.7600,0.374942
211.7800,0.301112
211.8000,0.496391
211.8200,0.314655
211.8400,0.452483
211.8600,1.149589
211.8800,1.843528
211.9000,1.934235
211.9200,2.191066
211.9400,3.292456
211.9600,3.497442
211.9800,3.514904
212.0000,3.264104
212.0200,3.595187
212.0400,3.393959
212.0600,2.941376
212.0800,3.057778
212.1000,2.921512
212.1200,2.765279
212.1400,2.514563
212.1600,3.062515
212.1800,2.372771
212.2000,1.529507
212.2200,0.863312
212.2400,0.673187
212.2600,0.484446
212.2800,0.332568
212.3000,0.222967
212.3200,0.228176
212.3400,0.358341
212.3600,0.533377
212.3800,0.400512
212.4000,0.372522
212.4200,0.477325
212.4400,0.542543
212.4600,0.460760
212.4800,0.482089
212.5000,0.796740
212.5200,0.642188
212.5400,0.400735
212.5600,0.723954
212.5800,0.671029
212.6000,0.394291
212.6200,0.683861
212.6400,1.346894
212.6600,2.085053
212.6800,2.350247
212.7000,2.523412
212.7200,2.810927
212.7400,2.262504
212.7600,1.656922
212.7800,1.472086
212.8000,1.352179
212.8200,0.877279
212.8400,0.480680
212.8600,0.682687
212.8800,1.681766
212.9000,2.379117
212.9200,2.520260
212.9400,2.858097
212.9600,3.000195
212.9800,2.954119
213.0000,3.096611
213.0200,3.025504
213.0400,2.936986
213.0600,2.925308
213.0800,2.654810
213.1000,2.088798
213.1200,1.762413
213.1400,1.909663
213.1600,2.014667
213.1800,1.417647
213.2000,1.046856
213.2200,1.025293
213.2400,1.292750
213.2600,1.286262
213.2800,1.047692
213.3000,0.697270
213.3200,0.387596
213.3400,0.279425
213.3600,0.335695
213.3800,0.298354
213.4000,0.495488
213.4200,0.711790
213.4400,0.957734
213.4600,1.028994
213.4800,1.596360
213.5000,2.368952
213.5200,2.312142
213.5400,2.000229
213.5600,1.728543
213.5800,1.066507
213.6000,0.649029
213.6200,0.459775
213.6400,0.767570
213.6600,1.416393
213.6800,1.098368
213.7000,1.230023
213.7200,1.435158
213.7400,2.109605
213.7600,2.421217
213.7800,3.410137
213.8000,3.600000
213.8200,3.600000
213.8400,3.598953
213.8600,2.234262
213.8800,1.203224
213.9000,0.088598
213.9200,0.046931
213.9400,0.047923
213.9600,0.077018
213.9800,0.078456
214.0000,0.143872
214.0200,0.367393
214.0400,0.300904
214.0600,0.544943
214.0800,0.388733
214.1000,0.575613
214.1200,0.699884
214.1400,0.546571
214.1600,1.020237
214.1800,1.318842
214.2000,1.616131
214.2200,1.160570
214.2400,0.816836
214.2600,0.449236
214.2800,0.269069
214.3000,0.171826
214.3200,0.578503
214.3400,1.110621
214.3600,1.120787
214.3800,1.368685
214.4000,1.459271
214.4200,1.363337
214.4400,0.943269
214.4600,0.753861
214.4800,0.796205
214.5000,0.447805
214.5200,0.244657
214.5400,0.176151
214.5600,0.117079
214.5800,0.427210
214.6000,0.810935
214.6200,0.736552
214.6400,0.608769
214.6600,0.575696
214.6800,0.966135
214.7000,1.162489
214.7200,0.817688
214.7400,0.452630
214.7600,0.253113
214.7800,0.326912
214.8000,0.560543
214.8200,0.320488
214.8400,0.296219
214.8600,0.374942
214.8800,0.301112
214.9000,0.496391
214.9200,0.314655
214.9400,0.452483
214.9600,1.149589
214.9800,1.843528
215.0000,1.934235
215.0200,2.191066
215.0400,3.292456
215.0600,3.497442
215.0800,3.514904
215.1000,3.264104
215.1200,3.595187
215.1400,3.393959
215.1600,2.941376
215.1800,3.057778
215.2000,2.921512
215.2200,2.765279
215.2400,2.514563
215.2600,3.062515
215.2800,2.372771
215.3000,1.529507
215.3200,0.863312
215.3400,0.673187
215.3600,0.484446
215.3800,0.332568
215.4000,0.222967
215.4200,0.228176
215.4400,0.358341
215.4600,0.533377
215.4800,0.400512
215.5000,0.372522
215.5200,0.477325
215.5400,0.542543
215.5600,0.460760
215.5800,0.482089
215.6000,0.796740
215.6200,0.642188
215.6400,0.400735
215.6600,0.723954
215.6800,0.671029
215.7000,0.394291
215.7200,0.683861
215.7400,1.346894
215.7600,2.085053
215.7800,2.350247
215.8000,2.523412
215.8200,2.810927
215.8400,2.262504
215.8600,1.656922
215.8800,1.472086
215.9000,1.352179
215.9200,0.877279
215.9400,0.480680
215.9600,0.682687
215.9800,1.681766
216.0000,2.379117
216.0200,2.520260
216.0400,2.858097
216.0600,3.000195
216.0800,2.954119
216.1000,3.096611
216.1200,3.025504
216.1400,2.936986
216.1600,2.925308
216.1800,2.654810
216.2000,2.088798
216.2200,1.762413
216.2400,1.909663
216.2600,2.014667
216.2800,1.417647
216.3000,1.046856
216.3200,1.025293
216.3400,1.292750
216.3600,1.286262
216.3800,1.047692
216.4000,0.697270
216.4200,0.387596
216.4400,0.279425
216.4600,0.335695
216.4800,0.298354
216.5000,0.495488
216.5200,0.711790
216.5400,0.957734
216.5600,1.028994
216.5800,1.596360
216.6000,2.368952
216.6200,2.312142
216.6400,2.000229
216.6600,1.728543
216.6800,1.066507
216.7000,0.649029
216.7200,0.459775
216.7400,0.767570
216.7600,1.416393
216.7800,1.098368
216.8000,1.230023
216.8200,1.435158
216.8400,2.109605
216.8600,2.421217
216.8800,3.410137
216.9000,3.600000
216.9200,3.600000
216.9400,3.598953
216.9600,2.234262
216.9800,1.203224
217.0000,0.088598
217.0200,0.046931
217.0400,0.047923
217.0600,0.077018
217.0800,0.078456
217.1000,0.143872
217.1200,0.367393
217.1400,0.300904
217.1600,0.544943
217.1800,0.388733
217.2000,0.575613
217.2200,0.699884
217.2400,0.546571
217.2600,1.020237
217.2800,1.318842
217.3000,1.616131
217.3200,1.160570
217.3400,0.816836
217.3600,0.449236
217.3800,0.269069
217.4000,0.171826
217.4200,0.578503
217.4400,1.110621
217.4600,1.120787
217.4800,1.368685
217.5000,1.459271
217.5200,1.363337
217.5400,0.943269
217.5600,0.753861
217.5800,0.796205
217.6000,0.447805
217.6200,0.244657
217.6400,0.176151
217.6600,0.117079
217.6800,0.427210
217.7000,0.810935
217.7200,0.736552
217.7400,0.608769
217.7600,0.575696
217.7800,0.966135
217.8000,1.162489
217.8200,0.817688
217.8400,0.452630
217.8600,0.253113
217.8800,0.326912
217.9000,0.560543
217.9200,0.320488
217.9400,0.296219
217.9600,0.374942
217.9800,0.301112
218.0000,0.496391
218.0200,0.314655
218.0400,0.452483
218.0600,1.149589
218.0800,1.843528
218.1000,1.934235
218.1200,2.191066
218.1400,3.292456
218.1600,3.497442
218.1800,3.514904
218.2000,3.264104
218.2200,3.595187
218.2400,3.393959
218.2600,2.941376
218.2800,3.057778
218.3000,2.921512
218.3200,2.765279
218.3400,2.514563
218.3600,3.062515
218.3800,2.372771
218.4000,1.529507
218.4200,0.863312
218.4400,0.673187
218.4600,0.484446
218.4800,0.332568
218.5000,0.222967
218.5200,0.228176
218.5400,0.358341
218.5600,0.533377
218.5800,0.400512
218.6000,0.372522
218.6200,0.477325
218.6400,0.542543
218.6600,0.460760
218.6800,0.482089
218.7000,0.796740
218.7200,0.642188
218.7400,0.400735
218.7600,0.723954
218.7800,0.671029
218.8000,0.394291
218.8200,0.683861
218.8400,1.346894
218.8600,2.085053
218.8800,2.350247
218.9000,2.523412
218.9200,2.810927
218.9400,2.262504
218.9600,1.656922
218.9800,1.472086
219.0000,1.352179
219.0200,0.877279
219.0400,0.480680
219.0600,0.682687
219.0800,1.681766
219.1000,2.379117
219.1200,2.520260
219.1400,2.858097
219.1600,3.000195
219.1800,2.954119
219.2000,3.096611
219.2200,3.025504
219.2400,2.936986
219.2600,2.925308
219.2800,2.654810
219.3000,2.088798
219.3200,1.762413
219.3400,1.909663
219.3600,2.014667
219.3800,1.417647
219.4000,1.046856
219.4200,1.025293
219.4400,1.292750
219.4600,1.286262
219.4800,1.047692
219.5000,0.697270
219.5200,0.387596
219.5400,0.279425
219.5600,0.335695
219.5800,0.298354
219.6000,0.495488
219.6200,0.711790
219.6400,0.957734
219.6600,1.028994
219.6800,1.596360
219.7000,2.368952
219.7200,2.312142
219.7400,2.000229
219.7600,1.728543
219.7800,1.066507
219.8000,0.649029
219.8200,0.459775
219.8400,0.767570
219.8600,1.416393
219.8800,1.098368
219.9000,1.230023
219.9200,1.435158
219.9400,2.109605
219.9600,2.421217
219.9800,3.410137
220.0000,3.600000
220.0200,3.600000
220.0400,3.598953
220.0600,2.234262
220.0800,1.203224
220.1000,0.088598
220.1200,0.046931
220.1400,0.047923
220.1600,0.077018
220.1800,0.078456
220.2000,0.143872
220.2200,0.367393
220.2400,0.300904
220.2600,0.544943
220.2800,0.388733
220.3000,0.575613
220.3200,0.699884
220.3400,0.546571
220.3600,1.020237
220.3800,1.318842
220.4000,1.616131
220.4200,1.160570
220.4400,0.816836
220.4600,0.449236
220.4800,0.269069
220.5000,0.171826
220.5200,0.578503
220.5400,1.110621
220.5600,1.120787
220.5800,1.368685
220.6000,1.459271
220.6200,1.363337
220.6400,0.943269
220.6600,0.753861
220.6800,0.796205
220.7000,0.447805
220.7200,0.244657
220.7400,0.176151
220.7600,0.117079
220.7800,0.427210
220.8000,0.810935
220.8200,0.736552
220.8400,0.608769
220.8600,0.575696
220.8800,0.966135
220.9000,1.162489
220.9200,0.817688
220.9400,0.452630
220.9600,0.253113
220.9800,0.326912
221.0000,0.560543
221.0200,0.320488
221.0400,0.296219
221.0600,0.374942
221.0800,0.301112
221.1000,0.496391
221.1200,0.314655
221.1400,0.452483
221.1600,1.149589
221.1800,1.843528
221.2000,1.934235
221.2200,2.191066
221.2400,3.292456
221.2600,3.497442
221.2800,3.514904
221.3000,3.264104
221.3200,3.595187
221.3400,3.393959
221.3600,2.941376
221.3800,3.057778
221.4000,2.921512
221.4200,2.765279
221.4400,2.514563
221.4600,3.062515
221.4800,2.372771
221.5000,1.529507
221.5200,0.863312
221.5400,0.673187
221.5600,0.484446
221.5800,0.332568
221.6000,0.222967
221.6200,0.228176
221.6400,0.358341
221.6600,0.533377
221.6800,0.400512
221.7000,0.372522
221.7200,0.477325
221.7400,0.542543
221.7600,0.460760
221.7800,0.482089
221.8000,0.796740
221.8200,0.642188
221.8400,0.400735
221.8600,0.723954
221.8800,0.671029
221.9000,0.394291
221.9200,0.683861
221.9400,1.346894
221.9600,2.085053
221.9800,2.350247
222.0000,2.523412
222.0200,2.810927
222.0400,2.262504
222.0600,1.656922
222.0800,1.472086
222.1000,1.352179
222.1200,0.877279
222.1400,0.480680
222.1600,0.682687
222.1800,1.681766
222.2000,2.379117
222.2200,2.520260
222.2400,2.858097
222.2600,3.000195
222.2800,2.954119
222.3000,3.096611
222.3200,3.025504
222.3400,2.936986
222.3600,2.925308
222.3800,2.654810
222.4000,2.088798
222.4200,1.762413
222.4400,1.909663
222.4600,2.014667
222.4800,1.417647
222.5000,1.046856
222.5200,1.025293
222.5400,1.292750
222.5600,1.286262
222.5800,1.047692
222.6000,0.697270
222.6200,0.387596
222.6400,0.279425
222.6600,0.335695
222.6800,0.298354
222.7000,0.495488
222.7200,0.711790
222.7400,0.957734
222.7600,1.028994
222.7800,1.596360
222.8000,2.368952
222.8200,2.312142
222.8400,2.000229
222.8600,1.728543
222.8800,1.066507
222.9000,0.649029
222.9200,0.459775
222.9400,0.767570
222.9600,1.416393
222.9800,1.098368
223.0000,1.230023
223.0200,1.435158
223.0400,2.109605
223.0600,2.421217
223.0800,3.410137
223.1000,3.600000
223.1200,3.600000
223.1400,3.598953
223.1600,2.234262
223.1800,1.203224
223.2000,0.088598
223.2200,0.046931
223.2400,0.047923
223.2600,0.077018
223.2800,0.078456
223.3000,0.143872
223.3200,0.367393
223.3400,0.300904
223.3600,0.544943
223.3800,0.388733
223.4000,0.575613
223.4200,0.699884
223.4400,0.546571
223.4600,1.020237
223.4800,1.318842
223.5000,1.616131
223.5200,1.160570
223.5400,0.816836
223.5600,0.449236
223.5800,0.269069
223.6000,0.171826
223.6200,0.578503
223.6400,1.110621
223.6600,1.120787
223.6800,1.368685
223.7000,1.459271
223.7200,1.363337
223.7400,0.943269
223.7600,0.753861
223.7800,0.796205
223.8000,0.447805
223.8200,0.244657
223.8400,0.176151
223.8600,0.117079
223.8800,0.427210
223.9000,0.810935
223.9200,0.736552
223.9400,0.608769
223.9600,0.575696
223.9800,0.966135
224.0000,1.162489
224.0200,0.817688
224.0400,0.452630
224.0600,0.253113
224.0800,0.326912
224.1000,0.560543
224.1200,0.320488
224.1400,0.296219
224.1600,0.374942
224.1800,0.301112
224.2000,0.496391
224.2200,0.314655
224.2400,0.452483
224.2600,1.149589
224.2800,1.843528
224.3000,1.934235
224.3200,2.191066
224.3400,3.292456
224.3600,3.497442
224.3800,3.514904
224.4000,3.264104
224.4200,3.595187
224.4400,3.393959
224.4600,2.941376
224.4800,3.057778
224.5000,2.921512
224.5200,2.765279
224.5400,2.514563
224.5600,3.062515
224.5800,2.372771
224.6000,1.529507
224.6200,0.863312
224.6400,0.673187
224.6600,0.484446
224.6800,0.332568
224.7000,0.222967
224.7200,0.228176
224.7400,0.358341
224.7600,0.533377
224.7800,0.400512
224.8000,0.372522
224.8200,0.477325
224.8400,0.542543
224.8600,0.460760
224.8800,0.482089
224.9000,0.796740
224.9200,0.642188
224.9400,0.400735
224.9600,0.723954
224.9800,0.671029
225.0000,0.394291
225.0200,0.683861
225.0400,1.346894
225.0600,2.085053
225.0800,2.350247
225.1000,2.523412
225.1200,2.810927
225.1400,2.262504
225.1600,1.656922
225.1800,1.472086
225.2000,1.352179
225.2200,0.877279
225.2400,0.480680
225.2600,0.682687
225.2800,1.681766
225.3000,2.379117
225.3200,2.520260
225.3400,2.858097
225.3600,3.000195
225.3800,2.954119
225.4000,3.096611
225.4200,3.025504
225.4400,2.936986
225.4600,2.925308
225.4800,2.654810
225.5000,2.088798
225.5200,1.762413
225.5400,1.909663
225.5600,2.014667
225.5800,1.417647
225.6000,1.046856
225.6200,1.025293
225.6400,1.292750
225.6600,1.286262
225.6800,1.047692
225.7000,0.697270
225.7200,0.387596
225.7400,0.279425
225.7600,0.335695
225.7800,0.298354
225.8000,0.495488
225.8200,0.711790
225.8400,0.957734
225.8600,1.028994
225.8800,1.596360
225.9000,2.368952
225.9200,2.312142
225.9400,2.000229
225.9600,1.728543
225.9800,1.066507
226.0000,0.649029
226.0200,0.459775
226.0400,0.767570
226.0600,1.416393
226.0800,1.098368
226.1000,1.230023
226.1200,1.435158
226.1400,2.109605
226.1600,2.421217
226.1800,3.410137
226.2000,3.600000
226.2200,3.600000
226.2400,3.598953
226.2600,2.234262
226.2800,1.203224
226.3000,0.088598
226.3200,0.046931
226.3400,0.047923
226.3600,0.077018
226.3800,0.078456
226.4000,0.143872
226.4200,0.367393
226.4400,0.300904
226.4600,0.544943
226.4800,0.388733
226.5000,0.575613
226.5200,0.699884
226.5400,0.546571
226.5600,1.020237
226.5800,1.318842
226.6000,1.616131
226.6200,1.160570
226.6400,0.816836
226.6600,0.449236
226.6800,0.269069
226.7000,0.171826
226.7200,0.578503
226.7400,1.110621
226.7600,1.120787
226.7800,1.368685
226.8000,1.459271
226.8200,1.363337
226.8400,0.943269
226.8600,0.753861
226.8800,0.796205
226.9000,0.447805
226.9200,0.244657
226.9400,0.176151
226.9600,0.117079
226.9800,0.427210
227.0000,0.810935
227.0200,0.736552
227.0400,0.608769
227.0600,0.575696
227.0800,0.966135
227.1000,1.162489
227.1200,0.817688
227.1400,0.452630
227.1600,0.253113
227.1800,0.326912
227.2000,0.560543
227.2200,0.320488
227.2400,0.296219
227.2600,0.374942
227.2800,0.301112
227.3000,0.496391
227.3200,0.314655
227.3400,0.452483
227.3600,1.149589
227.3800,1.843528
227.4000,1.934235
227.4200,2.191066
227.4400,3.292456
227.4600,3.497442
227.4800,3.514904
227.5000,3.264104
227.5200,3.595187
227.5400,3.393959
227.5600,2.941376
227.5800,3.057778
227.6000,2.921512
227.6200,2.765279
227.6400,2.514563
227.6600,3.062515
227.6800,2.372771
227.7000,1.529507
227.7200,0.863312
227.7400,0.673187
227.7600,0.484446
227.7800,0.332568
227.8000,0.222967
227.8200,0.228176
227.8400,0.358341
227.8600,0.533377
227.8800,0.400512
227.9000,0.372522
227.9200,0.477325
227.9400,0.542543
227.9600,0.460760
227.9800,0.482089
228.0000,0.796740
228.0200,0.642188
228.0400,0.400735
228.0600,0.723954
228.0800,0.671029
228.1000,0.394291
228.1200,0.683861
228.1400,1.346894
228.1600,2.085053
228.1800,2.350247
228.2000,2.523412
228.2200,2.810927
228.2400,2.262504
228.2600,1.656922
228.2800,1.472086
228.3000,1.352179
228.3200,0.877279
228.3400,0.480680
228.3600,0.682687
228.3800,1.681766
228.4000,2.379117
228.4200,2.520260
228.4400,2.858097
228.4600,3.000195
228.4800,2.954119
228.5000,3.096611
228.5200,3.025504
228.5400,2.936986
228.5600,2.925308
228.5800,2.654810
228.6000,2.088798
228.6200,1.762413
228.6400,1.909663
228.6600,2.014667
228.6800,1.417647
228.7000,1.046856
228.7200,1.025293
228.7400,1.292750
228.7600,1.286262
228.7800,1.047692
228.8000,0.697270
228.8200,0.387596
228.8400,0.279425
228.8600,0.335695
228.8800,0.298354
228.9000,0.495488
228.9200,0.711790
228.9400,0.957734
228.9600,1.028994
228.9800,1.596360
229.0000,2.368952
229.0200,2.312142
229.0400,2.000229
229.0600,1.728543
229.0800,1.066507
229.1000,0.649029
229.1200,0.459775
229.1400,0.767570
229.1600,1.416393
229.1800,1.098368
229.2000,1.230023
229.2200,1.435158
229.2400,2.109605
229.2600,2.421217
229.2800,3.410137
229.3000,3.600000
229.3200,3.600000
229.3400,3.598953
229.3600,2.234262
229.3800,1.203224
229.4000,0.088598
229.4200,0.046931
229.4400,0.047923
229.4600,0.077018
229.4800,0.078456
229.5000,0.143872
229.5200,0.367393
229.5400,0.300904
229.5600,0.544943
229.5800,0.388733
229.6000,0.575613
229.6200,0.699884
229.6400,0.546571
229.6600,1.020237
229.6800,1.318842
229.7000,1.616131
229.7200,1.160570
229.7400,0.816836
229.7600,0.449236
229.7800,0.269069
229.8000,0.171826
229.8200,0.578503
229.8400,1.110621
229.8600,1.120787
229.8800,1.368685
229.9000,1.459271
229.9200,1.363337
229.9400,0.943269
229.9600,0.753861
229.9800,0.796205
230.0000,0.447805
230.0200,0.244657
230.0400,0.176151
230.0600,0.117079
230.0800,0.427210
230.1000,0.810935
230.1200,0.736552
230.1400,0.608769
230.1600,0.575696
230.1800,0.966135
230.2000,1.162489
230.2200,0.817688
230.2400,0.452630
230.2600,0.253113
230.2800,0.326912
230.3000,0.560543
230.3200,0.320488
230.3400,0.296219
230.3600,0.374942
230.3800,0.301112
230.4000,0.496391
230.4200,0.314655
230.4400,0.452483
230.4600,1.149589
230.4800,1.843528
230.5000,1.934235
230.5200,2.191066
230.5400,3.292456
230.5600,3.497442
230.5800,3.514904
230.6000,3.264104
230.6200,3.595187
230.6400,3.393959
230.6600,2.941376
230.6800,3.057778
230.7000,2.921512
230.7200,2.765279
230.7400,2.514563
230.7600,3.062515
230.7800,2.372771
230.8000,1.529507
230.8200,0.863312
230.8400,0.673187
230.8600,0.484446
230.8800,0.332568
230.9000,0.222967
230.9200,0.228176
230.9400,0.358341
230.9600,0.533377
230.9800,0.400512
231.0000,0.372522
231.0200,0.477325
231.0400,0.542543
231.0600,0.460760
231.0800,0.482089
231.1000,0.796740
231.1200,0.642188
231.1400,0.400735
231.1600,0.723954
231.1800,0.671029
231.2000,0.394291
231.2200,0.683861
231.2400,1.346894
231.2600,2.085053
231.2800,2.350247
231.3000,2.523412
231.3200,2.810927
231.3400,2.262504
231.3600,1.656922
231.3800,1.472086
231.4000,1.352179
231.4200,0.877279
231.4400,0.480680
231.4600,0.682687
231.4800,1.681766
231.5000,2.379117
231.5200,2.520260
231.5400,2.858097
231.5600,3.000195
231.5800,2.954119
231.6000,3.096611
231.6200,3.025504
231.6400,2.936986
231.6600,2.925308
231.6800,2.654810
231.7000,2.088798
231.7200,1.762413
231.7400,1.909663
231.7600,2.014667
231.7800,1.417647
231.8000,1.046856
231.8200,1.025293
231.8400,1.292750
231.8600,1.286262
231.8800,1.047692
231.9000,0.697270
231.9200,0.387596
231.9400,0.279425
231.9600,0.335695
231.9800,0.298354
232.0000,0.495488
232.0200,0.711790
232.0400,0.957734
232.0600,1.028994
232.0800,1.596360
232.1000,2.368952
232.1200,2.312142
232.1400,2.000229
232.1600,1.728543
232.1800,1.066507
232.2000,0.649029
232.2200,0.459775
232.2400,0.767570
232.2600,1.416393
232.2800,1.098368
232.3000,1.230023
232.3200,1.435158
232.3400,2.109605
232.3600,2.421217
232.3800,3.410137
232.4000,3.600000
232.4200,3.600000
232.4400,3.598953
232.4600,2.234262
232.4800,1.203224
232.5000,0.088598
232.5200,0.046931
232.5400,0.047923
232.5600,0.077018
232.5800,0.078456
232.6000,0.143872
232.6200,0.367393
232.6400,0.300904
232.6600,0.544943
232.6800,0.388733
232.7000,0.575613
232.7200,0.699884
232.7400,0.546571
232.7600,1.020237
232.7800,1.318842
232.8000,1.616131
232.8200,1.160570
232.8400,0.816836
232.8600,0.449236
232.8800,0.269069
232.9000,0.171826
232.9200,0.578503
232.9400,1.110621
232.9600,1.120787
232.9800,1.368685
233.0000,1.459271
233.0200,1.363337
233.0400,0.943269
233.0600,0.753861
233.0800,0.796205
233.1000,0.447805
233.1200,0.244657
233.1400,0.176151
233.1600,0.117079
233.1800,0.427210
233.2000,0.810935
233.2200,0.736552
233.2400,0.608769
233.2600,0.575696
233.2800,0.966135
233.3000,1.162489
233.3200,0.817688
233.3400,0.452630
233.3600,0.253113
233.3800,0.326912
233.4000,0.560543
233.4200,0.320488
233.4400,0.296219
233.4600,0.374942
233.4800,0.301112
233.5000,0.496391
233.5200,0.314655
233.5400,0.452483
233.5600,1.149589
233.5800,1.843528
233.6000,1.934235
233.6200,2.191066
233.6400,3.292456
233.6600,3.497442
233.6800,3.514904
233.7000,3.264104
233.7200,3.595187
233.7400,3.393959
233.7600,2.941376
233.7800,3.057778
233.8000,2.921512
233.8200,2.765279
233.8400,2.514563
233.8600,3.062515
233.8800,2.372771
233.9000,1.529507
233.9200,0.863312
233.9400,0.673187
233.9600,0.484446
233.9800,0.332568
234.0000,0.222967
234.0200,0.228176
234.0400,0.358341
234.0600,0.533377
234.0800,0.400512
234.1000,0.372522
234.1200,0.477325
234.1400,0.542543
234.1600,0.460760
234.1800,0.482089
234.2000,0.796740
234.2200,0.642188
234.2400,0.400735
234.2600,0.723954
234.2800,0.671029
234.3000,0.394291
234.3200,0.683861
234.3400,1.346894
234.3600,2.085053
234.3800,2.350247
234.4000,2.523412
234.4200,2.810927
234.4400,2.262504
234.4600,1.656922
234.4800,1.472086
234.5000,1.352179
234.5200,0.877279
234.5400,0.480680
234.5600,0.682687
234.5800,1.681766
234.6000,2.379117
234.6200,2.520260
234.6400,2.858097
234.6600,3.000195
234.6800,2.954119
234.7000,3.096611
234.7200,3.025504
234.7400,2.936986
234.7600,2.925308
234.7800,2.654810
234.8000,2.088798
234.8200,1.762413
234.8400,1.909663
234.8600,2.014667
234.8800,1.417647
234.9000,1.046856
234.9200,1.025293
234.9400,1.292750
234.9600,1.286262
234.9800,1.047692
235.0000,0.697270
235.0200,0.387596
235.0400,0.279425
235.0600,0.335695
235.0800,0.298354
235.1000,0.495488
235.1200,0.711790
235.1400,0.957734
235.1600,1.028994
235.1800,1.596360
235.2000,2.368952
235.2200,2.312142
235.2400,2.000229
235.2600,1.728543
235.2800,1.066507
235.3000,0.649029
235.3200,0.459775
235.3400,0.767570
235.3600,1.416393
235.3800,1.098368
235.4000,1.230023
235.4200,1.435158
235.4400,2.109605
235.4600,2.421217
235.4800,3.410137
235.5000,3.600000
235.5200,3.600000
235.5400,3.598953
235.5600,2.234262
235.5800,1.203224
235.6000,0.088598
235.6200,0.046931
235.6400,0.047923
235.6600,0.077018
235.6800,0.078456
235.7000,0.143872
235.7200,0.367393
235.7400,0.300904
235.7600,0.544943
235.7800,0.388733
235.8000,0.575613
235.8200,0.699884
235.8400,0.546571
235.8600,1.020237
235.8800,1.318842
235.9000,1.616131
235.9200,1.160570
235.9400,0.816836
235.9600,0.449236
235.9800,0.269069
236.0000,0.171826
236.0200,0.578503
236.0400,1.110621
236.0600,1.120787
236.0800,1.368685
236.1000,1.459271
236.1200,1.363337
236.1400,0.943269
236.1600,0.753861
236.1800,0.796205
236.2000,0.447805
236.2200,0.244657
236.2400,0.176151
236.2600,0.117079
236.2800,0.427210
236.3000,0.810935
236.3200,0.736552
236.3400,0.608769
236.3600,0.575696
236.3800,0.966135
236.4000,1.162489
236.4200,0.817688
236.4400,0.452630
236.4600,0.253113
236.4800,0.326912
236.5000,0.560543
236.5200,0.320488
236.5400,0.296219
236.5600,0.374942
236.5800,0.301112
236.6000,0.496391
236.6200,0.314655
236.6400,0.452483
236.6600,1.149589
236.6800,1.843528
236.7000,1.934235
236.7200,2.191066
236.7400,3.292456
236.7600,3.497442
236.7800,3.514904
236.8000,3.264104
236.8200,3.595187
236.8400,3.393959
236.8600,2.941376
236.8800,3.057778
236.9000,2.921512
236.9200,2.765279
236.9400,2.514563
236.9600,3.062515
236.9800,2.372771
237.0000,1.529507
237.0200,0.863312
237.0400,0.673187
237.0600,0.484446
237.0800,0.332568
237.1000,0.222967
237.1200,0.228176
237.1400,0.358341
237.1600,0.533377
237.1800,0.400512
237.2000,0.372522
237.2200,0.477325
237.2400,0.542543
237.2600,0.460760
237.2800,0.482089
237.3000,0.796740
237.3200,0.642188
237.3400,0.400735
237.3600,0.723954
237.3800,0.671029
237.4000,0.394291
237.4200,0.683861
237.4400,1.346894
237.4600,2.085053
237.4800,2.350247
237.5000,2.523412
237.5200,2.810927
237.5400,2.262504
237.5600,1.656922
237.5800,1.472086
237.6000,1.352179
237.6200,0.877279
237.6400,0.480680
237.6600,0.682687
237.6800,1.681766
237.7000,2.379117
237.7200,2.520260
237.7400,2.858097
237.7600,3.000195
237.7800,2.954119
237.8000,3.096611
237.8200,3.025504
237.8400,2.936986
237.8600,2.925308
237.8800,2.654810
237.9000,2.088798
237.9200,1.762413
237.9400,1.909663
237.9600,2.014667
237.9800,1.417647
238.0000,1.046856
238.0200,1.025293
238.0400,1.292750
238.0600,1.286262
238.0800,1.047692
238.1000,0.697270
238.1200,0.387596
238.1400,0.279425
238.1600,0.335695
238.1800,0.298354
238.2000,0.495488
238.2200,0.711790
238.2400,0.957734
238.2600,1.028994
238.2800,1.596360
238.3000,2.368952
238.3200,2.312142
238.3400,2.000229
238.3600,1.728543
238.3800,1.066507
238.4000,0.649029
238.4200,0.459775
238.4400,0.767570
238.4600,1.416393
238.4800,1.098368
238.5000,1.230023
238.5200,1.435158
238.5400,2.109605
238.5600,2.421217
238.5800,3.410137
238.6000,3.600000
238.6200,3.600000
238.6400,3.598953
238.6600,2.234262
238.6800,1.203224
238.7000,0.088598
238.7200,0.046931
238.7400,0.047923
238.7600,0.077018
238.7800,0.078456
238.8000,0.143872
238.8200,0.367393
238.8400,0.300904
238.8600,0.544943
238.8800,0.388733
238.9000,0.575613
238.9200,0.699884
238.9400,0.546571
238.9600,1.020237
238.9800,1.318842
239.0000,1.616131
239.0200,1.160570
239.0400,0.816836
239.0600,0.449236
239.0800,0.269069
239.1000,0.171826
239.1200,0.578503
239.1400,1.110621
239.1600,1.120787
239.1800,1.368685
239.2000,1.459271
239.2200,1.363337
239.2400,0.943269
239.2600,0.753861
239.2800,0.796205
239.3000,0.447805
239.3200,0.244657
239.3400,0.176151
239.3600,0.117079
239.3800,0.427210
239.4000,0.810935
239.4200,0.736552
239.4400,0.608769
239.4600,0.575696
239.4800,0.966135
239.5000,1.162489
239.5200,0.817688
239.5400,0.452630
239.5600,0.253113
239.5800,0.326912
239.6000,0.560543
239.6200,0.320488
239.6400,0.296219
239.6600,0.374942
239.6800,0.301112
239.7000,0.496391
239.7200,0.314655
239.7400,0.452483
239.7600,1.149589
239.7800,1.843528
239.8000,1.934235
239.8200,2.191066
239.8400,3.292456
239.8600,3.497442
239.8800,3.514904
239.9000,3.264104
239.9200,3.595187
239.9400,3.393959
239.9600,2.941376
239.9800,3.057778
240.0000,2.921512
240.0200,2.765279
240.0400,2.514563
240.0600,3.062515
240.0800,2.372771
240.1000,1.529507
240.1200,0.863312
240.1400,0.673187
240.1600,0.484446
240.1800,0.332568
240.2000,0.222967
240.2200,0.228176
240.2400,0.358341
240.2600,0.533377
240.2800,0.400512
240.3000,0.372522
240.3200,0.477325
240.3400,0.542543
240.3600,0.460760
240.3800,0.482089
240.4000,0.796740
240.4200,0.642188
240.4400,0.400735
240.4600,0.723954
240.4800,0.671029
240.5000,0.394291
240.5200,0.683861
240.5400,1.346894
240.5600,2.085053
240.5800,2.350247
240.6000,2.523412
240.6200,2.810927
240.6400,2.262504
240.6600,1.656922
240.6800,1.472086
240.7000,1.352179
240.7200,0.877279
240.7400,0.480680
240.7600,0.682687
240.7800,1.681766
240.8000,2.379117
240.8200,2.520260
240.8400,2.858097
240.8600,3.000195
240.8800,2.954119
240.9000,3.096611
240.9200,3.025504
240.9400,2.936986
240.9600,2.925308
240.9800,2.654810
241.0000,2.088798
241.0200,1.762413
241.0400,1.909663
241.0600,2.014667
241.0800,1.417647
241.1000,1.046856
241.1200,1.025293
241.1400,1.292750
241.1600,1.286262
241.1800,1.047692
241.2000,0.697270
241.2200,0.387596
241.2400,0.279425
241.2600,0.335695
241.2800,0.298354
241.3000,0.495488
241.3200,0.711790
241.3400,0.957734
241.3600,1.028994
241.3800,1.596360
241.4000,2.368952
241.4200,2.312142
241.4400,2.000229
241.4600,1.728543
241.4800,1.066507
241.5000,0.649029
241.5200,0.459775
241.5400,0.767570
241.5600,1.416393
241.5800,1.098368
241.6000,1.230023
241.6200,1.435158
241.6400,2.109605
241.6600,2.421217
241.6800,3.410137
241.7000,3.600000
241.7200,3.600000
241.7400,3.598953
241.7600,2.234262
241.7800,1.203224
241.8000,0.088598
241.8200,0.046931
241.8400,0.047923
241.8600,0.077018
241.8800,0.078456
241.9000,0.143872
241.9200,0.367393
241.9400,0.300904
241.9600,0.544943
241.9800,0.388733
242.0000,0.575613
242.0200,0.699884
242.0400,0.546571
242.0600,1.020237
242.0800,1.318842
242.1000,1.616131
242.1200,1.160570
242.1400,0.816836
242.1600,0.449236
242.1800,0.269069
242.2000,0.171826
242.2200,0.578503
242.2400,1.110621
242.2600,1.120787
242.2800,1.368685
242.3000,1.459271
242.3200,1.363337
242.3400,0.943269
242.3600,0.753861
242.3800,0.796205
242.4000,0.447805
242.4200,0.244657
242.4400,0.176151
242.4600,0.117079
242.4800,0.427210
242.5000,0.810935
242.5200,0.736552
242.5400,0.608769
242.5600,0.575696
242.5800,0.966135
242.6000,1.162489
242.6200,0.817688
242.6400,0.452630
242.6600,0.253113
242.6800,0.326912
242.7000,0.560543
242.7200,0.320488
242.7400,0.296219
242.7600,0.374942
242.7800,0.301112
242.8000,0.496391
242.8200,0.314655
242.8400,0.452483
242.8600,1.149589
242.8800,1.843528
242.9000,1.934235
242.9200,2.191066
242.9400,3.292456
242.9600,3.497442
242.9800,3.514904
243.0000,3.264104
243.0200,3.595187
243.0400,3.393959
243.0600,2.941376
243.0800,3.057778
243.1000,2.921512
243.1200,2.765279
243.1400,2.514563
243.1600,3.062515
243.1800,2.372771
243.2000,1.529507
243.2200,0.863312
243.2400,0.673187
243.2600,0.484446
243.2800,0.332568
243.3000,0.222967
243.3200,0.228176
243.3400,0.358341
243.3600,0.533377
243.3800,0.400512
243.4000,0.372522
243.4200,0.477325
243.4400,0.542543
243.4600,0.460760
243.4800,0.482089
243.5000,0.796740
243.5200,0.642188
243.5400,0.400735
243.5600,0.723954
243.5800,0.671029
243.6000,0.394291
243.6200,0.683861
243.6400,1.346894
243.6600,2.085053
243.6800,2.350247
243.7000,2.523412
243.7200,2.810927
243.7400,2.262504
243.7600,1.656922
243.7800,1.472086
243.8000,1.352179
243.8200,0.877279
243.8400,0.480680
243.8600,0.682687
243.8800,1.681766
243.9000,2.379117
243.9200,2.520260
243.9400,2.858097
243.9600,3.000195
243.9800,2.954119
244.0000,3.096611
244.0200,3.025504
244.0400,2.936986
244.0600,2.925308
244.0800,2.654810
244.1000,2.088798
244.1200,1.762413
244.1400,1.909663
244.1600,2.014667
244.1800,1.417647
244.2000,1.046856
244.2200,1.025293
244.2400,1.292750
244.2600,1.286262
244.2800,1.047692
244.3000,0.697270
244.3200,0.387596
244.3400,0.279425
244.3600,0.335695
244.3800,0.298354
244.4000,0.495488
244.4200,0.711790
244.4400,0.957734
244.4600,1.028994
244.4800,1.596360
244.5000,2.368952
244.5200,2.312142
244.5400,2.000229
244.5600,1.728543
244.5800,1.066507
244.6000,0.649029
244.6200,0.459775
244.6400,0.767570
244.6600,1.416393
244.6800,1.098368
244.7000,1.230023
244.7200,1.435158
244.7400,2.109605
244.7600,2.421217
244.7800,3.410137
244.8000,3.600000
244.8200,3.600000
244.8400,3.598953
244.8600,2.234262
244.8800,1.203224
244.9000,0.088598
244.9200,0.046931
244.9400,0.047923
244.9600,0.077018
244.9800,0.078456
245.0000,0.143872
245.0200,0.367393
245.0400,0.300904
245.0600,0.544943
245.0800,0.388733
245.1000,0.575613
245.1200,0.699884
245.1400,0.546571
245.1600,1.020237
245.1800,1.318842
245.2000,1.616131
245.2200,1.160570
245.2400,0.816836
245.2600,0.449236
245.2800,0.269069
245.3000,0.171826
245.3200,0.578503
245.3400,1.110621
245.3600,1.120787
245.3800,1.368685
245.4000,1.459271
245.4200,1.363337
245.4400,0.943269
245.4600,0.753861
245.4800,0.796205
245.5000,0.447805
245.5200,0.244657
245.5400,0.176151
245.5600,0.117079
245.5800,0.427210
245.6000,0.810935
245.6200,0.736552
245.6400,0.608769
245.6600,0.575696
245.6800,0.966135
245.7000,1.162489
245.7200,0.817688
245.7400,0.452630
245.7600,0.253113
245.7800,0.326912
245.8000,0.560543
245.8200,0.320488
245.8400,0.296219
245.8600,0.374942
245.8800,0.301112
245.9000,0.496391
245.9200,0.314655
245.9400,0.452483
245.9600,1.149589
245.9800,1.843528
246.0000,1.934235
246.0200,2.191066
246.0400,3.292456
246.0600,3.497442
246.0800,3.514904
246.1000,3.264104
246.1200,3.595187
246.1400,3.393959
246.1600,2.941376
246.1800,3.057778
246.2000,2.921512
246.2200,2.765279
246.2400,2.514563
246.2600,3.062515
246.2800,2.372771
246.3000,1.529507
246.3200,0.863312
246.3400,0.673187
246.3600,0.484446
246.3800,0.332568
246.4000,0.222967
246.4200,0.228176
246.4400,0.358341
246.4600,0.533377
246.4800,0.400512
246.5000,0.372522
246.5200,0.477325
246.5400,0.542543
246.5600,0.460760
246.5800,0.482089
246.6000,0.796740
246.6200,0.642188
246.6400,0.400735
246.6600,0.723954
246.6800,0.671029
246.7000,0.394291
246.7200,0.683861
246.7400,1.346894
246.7600,2.085053
246.7800,2.350247
246.8000,2.523412
246.8200,2.810927
246.8400,2.262504
246.8600,1.656922
246.8800,1.472086
246.9000,1.352179
246.9200,0.877279
246.9400,0.480680
246.9600,0.682687
246.9800,1.681766
247.0000,2.379117
247.0200,2.520260
247.0400,2.858097
247.0600,3.000195
247.0800,2.954119
247.1000,3.096611
247.1200,3.025504
247.1400,2.936986
247.1600,2.925308
247.1800,2.654810
247.2000,2.088798
247.2200,1.762413
247.2400,1.909663
247.2600,2.014667
247.2800,1.417647
247.3000,1.046856
247.3200,1.025293
247.3400,1.292750
247.3600,1.286262
247.3800,1.047692
247.4000,0.697270
247.4200,0.387596
247.4400,0.279425
247.4600,0.335695
247.4800,0.298354
247.5000,0.495488
247.5200,0.711790
247.5400,0.957734
247.5600,1.028994
247.5800,1.596360
247.6000,2.368952
247.6200,2.312142
247.6400,2.000229
247.6600,1.728543
247.6800,1.066507
247.7000,0.649029
247.7200,0.459775
247.7400,0.767570
247.7600,1.416393
247.7800,1.098368
247.8000,1.230023
247.8200,1.435158
247.8400,2.109605
247.8600,2.421217
247.8800,3.410137
247.9000,3.600000
247.9200,3.600000
247.9400,3.598953
247.9600,2.234262
247.9800,1.203224
248.0000,0.088598
248.0200,0.046931
248.0400,0.047923
248.0600,0.077018
248.0800,0.078456
248.1000,0.143872
248.1200,0.367393
248.1400,0.300904
248.1600,0.544943
248.1800,0.388733
248.2000,0.575613
248.2200,0.699884
248.2400,0.546571
248.2600,1.020237
248.2800,1.318842
248.3000,1.616131
248.3200,1.160570
248.3400,0.816836
248.3600,0.449236
248.3800,0.269069
248.4000,0.171826
248.4200,0.578503
248.4400,1.110621
248.4600,1.120787
248.4800,1.368685
248.5000,1.459271
248.5200,1.363337
248.5400,0.943269
248.5600,0.753861
248.5800,0.796205
248.6000,0.447805
248.6200,0.244657
248.6400,0.176151
248.6600,0.117079
248.6800,0.427210
248.7000,0.810935
248.7200,0.736552
248.7400,0.608769
248.7600,0.575696
248.7800,0.966135
248.8000,1.162489
248.8200,0.817688
248.8400,0.452630
248.8600,0.253113
248.8800,0.326912
248.9000,0.560543
248.9200,0.320488
248.9400,0.296219
248.9600,0.374942
248.9800,0.301112
249.0000,0.496391
249.0200,0.314655
249.0400,0.452483
249.0600,1.149589
249.0800,1.843528
249.1000,1.934235
249.1200,2.191066
249.1400,3.292456
249.1600,3.497442
249.1800,3.514904
249.2000,3.264104
249.2200,3.595187
249.2400,3.393959
249.2600,2.941376
249.2800,3.057778
249.3000,2.921512
249.3200,2.765279
249.3400,2.514563
249.3600,3.062515
249.3800,2.372771
249.4000,1.529507
249.4200,0.863312
249.4400,0.673187
249.4600,0.484446
249.4800,0.332568
249.5000,0.222967
249.5200,0.228176
249.5400,0.358341
249.5600,0.533377
249.5800,0.400512
249.6000,0.372522
249.6200,0.477325
249.6400,0.542543
249.6600,0.460760
249.6800,0.482089
249.7000,0.796740
249.7200,0.642188
249.7400,0.400735
249.7600,0.723954
249.7800,0.671029
249.8000,0.394291
249.8200,0.683861
249.8400,1.346894
249.8600,2.085053
249.8800,2.350247
249.9000,2.523412
249.9200,2.810927
249.9400,2.262504
249.9600,1.656922
249.9800,1.472086
250.0000,1.352179
250.0200,0.877279
250.0400,0.480680
250.0600,0.682687
250.0800,1.681766
250.1000,2.379117
250.1200,2.520260
250.1400,2.858097
250.1600,3.000195
250.1800,2.954119
250.2000,3.096611
250.2200,3.025504
250.2400,2.936986
250.2600,2.925308
250.2800,2.654810
250.3000,2.088798
250.3200,1.762413
250.3400,1.909663
250.3600,2.014667
250.3800,1.417647
250.4000,1.046856
250.4200,1.025293
250.4400,1.292750
250.4600,1.286262
250.4800,1.047692
250.5000,0.697270
250.5200,0.387596
250.5400,0.279425
250.5600,0.335695
250.5800,0.298354
250.6000,0.495488
250.6200,0.711790
250.6400,0.957734
250.6600,1.028994
250.6800,1.596360
250.7000,2.368952
250.7200,2.312142
250.7400,2.000229
250.7600,1.728543
250.7800,1.066507
250.8000,0.649029
250.8200,0.459775
250.8400,0.767570
250.8600,1.416393
250.8800,1.098368
250.9000,1.230023
250.9200,1.435158
250.9400,2.109605
250.9600,2.421217
250.9800,3.410137
251.0000,3.600000
251.0200,3.600000
251.0400,3.598953
251.0600,2.234262
251.0800,1.203224
251.1000,0.088598
251.1200,0.046931
251.1400,0.047923
251.1600,0.077018
251.1800,0.078456
251.2000,0.143872
251.2200,0.367393
251.2400,0.300904
251.2600,0.544943
251.2800,0.388733
251.3000,0.575613
251.3200,0.699884
251.3400,0.546571
251.3600,1.020237
251.3800,1.318842
251.4000,1.616131
251.4200,1.160570
251.4400,0.816836
251.4600,0.449236
251.4800,0.269069
251.5000,0.171826
251.5200,0.578503
251.5400,1.110621
251.5600,1.120787
251.5800,1.368685
251.6000,1.459271
251.6200,1.363337
251.6400,0.943269
251.6600,0.753861
251.6800,0.796205
251.7000,0.447805
251.7200,0.244657
251.7400,0.176151
251.7600,0.117079
251.7800,0.427210
251.8000,0.810935
251.8200,0.736552
251.8400,0.608769
251.8600,0.575696
251.8800,0.966135
251.9000,1.162489
251.9200,0.817688
251.9400,0.452630
251.9600,0.253113
251.9800,0.326912
252.0000,0.560543
252.0200,0.320488
252.0400,0.296219
252.0600,0.374942
252.0800,0.301112
252.1000,0.496391
252.1200,0.314655
252.1400,0.452483
252.1600,1.149589
252.1800,1.843528
252.2000,1.934235
252.2200,2.191066
252.2400,3.292456
252.2600,3.497442
252.2800,3.514904
252.3000,3.264104
252.3200,3.595187
252.3400,3.393959
252.3600,2.941376
252.3800,3.057778
252.4000,2.921512
252.4200,2.765279
252.4400,2.514563
252.4600,3.062515
252.4800,2.372771
252.5000,1.529507
252.5200,0.863312
252.5400,0.673187
252.5600,0.484446
252.5800,0.332568
252.6000,0.222967
252.6200,0.228176
252.6400,0.358341
252.6600,0.533377
252.6800,0.400512
252.7000,0.372522
252.7200,0.477325
252.7400,0.542543
252.7600,0.460760
252.7800,0.482089
252.8000,0.796740
252.8200,0.642188
252.8400,0.400735
252.8600,0.723954
252.8800,0.671029
252.9000,0.394291
252.9200,0.683861
252.9400,1.346894
252.9600,2.085053
252.9800,2.350247
253.0000,2.523412
253.0200,2.810927
253.0400,2.262504
253.0600,1.656922
253.0800,1.472086
253.1000,1.352179
253.1200,0.877279
253.1400,0.480680
253.1600,0.682687
253.1800,1.681766
253.2000,2.379117
253.2200,2.520260
253.2400,2.858097
253.2600,3.000195
253.2800,2.954119
253.3000,3.096611
253.3200,3.025504
253.3400,2.936986
253.3600,2.925308
253.3800,2.654810
253.4000,2.088798
253.4200,1.762413
253.4400,1.909663
253.4600,2.014667
253.4800,1.417647
253.5000,1.046856
253.5200,1.025293
253.5400,1.292750
253.5600,1.286262
253.5800,1.047692
253.6000,0.697270
253.6200,0.387596
253.6400,0.279425
253.6600,0.335695
253.6800,0.298354
253.7000,0.495488
253.7200,0.711790
253.7400,0.957734
253.7600,1.028994
253.7800,1.596360
253.8000,2.368952
253.8200,2.312142
253.8400,2.000229
253.8600,1.728543
253.8800,1.066507
253.9000,0.649029
253.9200,0.459775
253.9400,0.767570
253.9600,1.416393
253.9800,1.098368
254.0000,1.230023
254.0200,1.435158
254.0400,2.109605
254.0600,2.421217
254.0800,3.410137
254.1000,3.600000
254.1200,3.600000
254.1400,3.598953
254.1600,2.234262
254.1800,1.203224
254.2000,0.088598
254.2200,0.046931
254.2400,0.047923
254.2600,0.077018
254.2800,0.078456
254.3000,0.143872
254.3200,0.367393
254.3400,0.300904
254.3600,0.544943
254.3800,0.388733
254.4000,0.575613
254.4200,0.699884
254.4400,0.546571
254.4600,1.020237
254.4800,1.318842
254.5000,1.616131
254.5200,1.160570
254.5400,0.816836
254.5600,0.449236
254.5800,0.269069
254.6000,0.171826
254.6200,0.578503
254.6400,1.110621
254.6600,1.120787
254.6800,1.368685
254.7000,1.459271
254.7200,1.363337
254.7400,0.943269
254.7600,0.753861
254.7800,0.796205
254.8000,0.447805
254.8200,0.244657
254.8400,0.176151
254.8600,0.117079
254.8800,0.427210
254.9000,0.810935
254.9200,0.736552
254.9400,0.608769
254.9600,0.575696
254.9800,0.966135
255.0000,1.162489
255.0200,0.817688
255.0400,0.452630
255.0600,0.253113
255.0800,0.326912
255.1000,0.560543
255.1200,0.320488
255.1400,0.296219
255.1600,0.374942
255.1800,0.301112
255.2000,0.496391
255.2200,0.314655
255.2400,0.452483
255.2600,1.149589
255.2800,1.843528
255.3000,1.934235
255.3200,2.191066
255.3400,3.292456
255.3600,3.497442
255.3800,3.514904
255.4000,3.264104
255.4200,3.595187
255.4400,3.393959
255.4600,2.941376
255.4800,3.057778
255.5000,2.921512
255.5200,2.765279
255.5400,2.514563
255.5600,3.062515
255.5800,2.372771
255.6000,1.529507
255.6200,0.863312
255.6400,0.673187
255.6600,0.484446
255.6800,0.332568
255.7000,0.222967
255.7200,0.228176
255.7400,0.358341
255.7600,0.533377
255.7800,0.400512
255.8000,0.372522
255.8200,0.477325
255.8400,0.542543
255.8600,0.460760
255.8800,0.482089
255.9000,0.796740
255.9200,0.642188
255.9400,0.400735
255.9600,0.723954
255.9800,0.671029
256.0000,0.394291
256.0200,0.683861
256.0400,1.346894
256.0600,2.085053
256.0800,2.350247
256.1000,2.523412
256.1200,2.810927
256.1400,2.262504
256.1600,1.656922
256.1800,1.472086
256.2000,1.352179
256.2200,0.877279
256.2400,0.480680
256.2600,0.682687
256.2800,1.681766
256.3000,2.379117
256.3200,2.520260
256.3400,2.858097
256.3600,3.000195
256.3800,2.954119
256.4000,3.096611
256.4200,3.025504
256.4400,2.936986
256.4600,2.925308
256.4800,2.654810
256.5000,2.088798
256.5200,1.762413
256.5400,1.909663
256.5600,2.014667
256.5800,1.417647
256.6000,1.046856
256.6200,1.025293
256.6400,1.292750
256.6600,1.286262
256.6800,1.047692
256.7000,0.697270
256.7200,0.387596
256.7400,0.279425
256.7600,0.335695
256.7800,0.298354
256.8000,0.495488
256.8200,0.711790
256.8400,0.957734
256.8600,1.028994
256.8800,1.596360
256.9000,2.368952
256.9200,2.312142
256.9400,2.000229
256.9600,1.728543
256.9800,1.066507
257.0000,0.649029
257.0200,0.459775
257.0400,0.767570
257.0600,1.416393
257.0800,1.098368
257.1000,1.230023
257.1200,1.435158
257.1400,2.109605
257.1600,2.421217
257.1800,3.410137
257.2000,3.600000
257.2200,3.600000
257.2400,3.598953
257.2600,2.234262
257.2800,1.203224
257.3000,0.088598
257.3200,0.046931
257.3400,0.047923
257.3600,0.077018
257.3800,0.078456
257.4000,0.143872
257.4200,0.367393
257.4400,0.300904
257.4600,0.544943
257.4800,0.388733
257.5000,0.575613
257.5200,0.699884
257.5400,0.546571
257.5600,1.020237
257.5800,1.318842
257.6000,1.616131
257.6200,1.160570
257.6400,0.816836
257.6600,0.449236
257.6800,0.269069
257.7000,0.171826
257.7200,0.578503
257.7400,1.110621
257.7600,1.120787
257.7800,1.368685
257.8000,1.459271
257.8200,1.363337
257.8400,0.943269
257.8600,0.753861
257.8800,0.796205
257.9000,0.447805
257.9200,0.244657
257.9400,0.176151
257.9600,0.117079
257.9800,0.427210
258.0000,0.810935
258.0200,0.736552
258.0400,0.608769
258.0600,0.575696
258.0800,0.966135
258.1000,1.162489
258.1200,0.817688
258.1400,0.452630
258.1600,0.253113
258.1800,0.326912
258.2000,0.560543
258.2200,0.320488
258.2400,0.296219
258.2600,0.374942
258.2800,0.301112
258.3000,0.496391
258.3200,0.314655
258.3400,0.452483
258.3600,1.149589
258.3800,1.843528
258.4000,1.934235
258.4200,2.191066
258.4400,3.292456
258.4600,3.497442
258.4800,3.514904
258.5000,3.264104
258.5200,3.595187
258.5400,3.393959
258.5600,2.941376
258.5800,3.057778
258.6000,2.921512
258.6200,2.765279
258.6400,2.514563
258.6600,3.062515
258.6800,2.372771
258.7000,1.529507
258.7200,0.863312
258.7400,0.673187
258.7600,0.484446
258.7800,0.332568
258.8000,0.222967
258.8200,0.228176
258.8400,0.358341
258.8600,0.533377
258.8800,0.400512
258.9000,0.372522
258.9200,0.477325
258.9400,0.542543
258.9600,0.460760
258.9800,0.482089
259.0000,0.796740
259.0200,0.642188
259.0400,0.400735
259.0600,0.723954
259.0800,0.671029
259.1000,0.394291
259.1200,0.683861
259.1400,1.346894
259.1600,2.085053
259.1800,2.350247
259.2000,2.523412
259.2200,2.810927
259.2400,2.262504
259.2600,1.656922
259.2800,1.472086
259.3000,1.352179
259.3200,0.877279
259.3400,0.480680
259.3600,0.682687
259.3800,1.681766
259.4000,2.379117
259.4200,2.520260
259.4400,2.858097
259.4600,3.000195
259.4800,2.954119
259.5000,3.096611
259.5200,3.025504
259.5400,2.936986
259.5600,2.925308
259.5800,2.654810
259.6000,2.088798
259.6200,1.762413
259.6400,1.909663
259.6600,2.014667
259.6800,1.417647
259.7000,1.046856
259.7200,1.025293
259.7400,1.292750
259.7600,1.286262
259.7800,1.047692
259.8000,0.697270
259.8200,0.387596
259.8400,0.279425
259.8600,0.335695
259.8800,0.298354
259.9000,0.495488
259.9200,0.711790
259.9400,0.957734
259.9600,1.028994
259.9800,1.596360
260.0000,2.368952
260.0200,2.312142
260.0400,2.000229
260.0600,1.728543
260.0800,1.066507
260.1000,0.649029
260.1200,0.459775
260.1400,0.767570
260.1600,1.416393
260.1800,1.098368
260.2000,1.230023
260.2200,1.435158
260.2400,2.109605
260.2600,2.421217
260.2800,3.410137
260.3000,3.600000
260.3200,3.600000
260.3400,3.598953
260.3600,2.234262
260.3800,1.203224
260.4000,0.088598
260.4200,0.046931
260.4400,0.047923
260.4600,0.077018
260.4800,0.078456
260.5000,0.143872
260.5200,0.367393
260.5400,0.300904
260.5600,0.544943
260.5800,0.388733
260.6000,0.575613
260.6200,0.699884
260.6400,0.546571
260.6600,1.020237
260.6800,1.318842
260.7000,1.616131
260.7200,1.160570
260.7400,0.816836
260.7600,0.449236
260.7800,0.269069
260.8000,0.171826
260.8200,0.578503
260.8400,1.110621
260.8600,1.120787
260.8800,1.368685
260.9000,1.459271
260.9200,1.363337
260.9400,0.943269
260.9600,0.753861
260.9800,0.796205
261.0000,0.447805
261.0200,0.244657
261.0400,0.176151
261.0600,0.117079
261.0800,0.427210
261.1000,0.810935
261.1200,0.736552
261.1400,0.608769
261.1600,0.575696
261.1800,0.966135
261.2000,1.162489
261.2200,0.817688
261.2400,0.452630
261.2600,0.253113
261.2800,0.326912
261.3000,0.560543
261.3200,0.320488
261.3400,0.296219
261.3600,0.374942
261.3800,0.301112
261.4000,0.496391
261.4200,0.314655
261.4400,0.452483
261.4600,1.149589
261.4800,1.843528
261.5000,1.934235
261.5200,2.191066
261.5400,3.292456
261.5600,3.497442
261.5800,3.514904
261.6000,3.264104
261.6200,3.595187
261.6400,3.393959
261.6600,2.941376
261.6800,3.057778
261.7000,2.921512
261.7200,2.765279
261.7400,2.514563
261.7600,3.062515
261.7800,2.372771
261.8000,1.529507
261.8200,0.863312
261.8400,0.673187
261.8600,0.484446
261.8800,0.332568
261.9000,0.222967
261.9200,0.228176
261.9400,0.358341
261.9600,0.533377
261.9800,0.400512
262.0000,0.372522
262.0200,0.477325
262.0400,0.542543
262.0600,0.460760
262.0800,0.482089
262.1000,0.796740
262.1200,0.642188
262.1400,0.400735
262.1600,0.723954
262.1800,0.671029
262.2000,0.394291
262.2200,0.683861
262.2400,1.346894
262.2600,2.085053
262.2800,2.350247
262.3000,2.523412
262.3200,2.810927
262.3400,2.262504
262.3600,1.656922
262.3800,1.472086
262.4000,1.352179
262.4200,0.877279
262.4400,0.480680
262.4600,0.682687
262.4800,1.681766
262.5000,2.379117
262.5200,2.520260
262.5400,2.858097
262.5600,3.000195
262.5800,2.954119
262.6000,3.096611
262.6200,3.025504
262.6400,2.936986
262.6600,2.925308
262.6800,2.654810
262.7000,2.088798
262.7200,1.762413
262.7400,1.909663
262.7600,2.014667
262.7800,1.417647
262.8000,1.046856
262.8200,1.025293
262.8400,1.292750
262.8600,1.286262
262.8800,1.047692
262.9000,0.697270
262.9200,0.387596
262.9400,0.279425
262.9600,0.335695
262.9800,0.298354
263.0000,0.495488
263.0200,0.711790
263.0400,0.957734
263.0600,1.028994
263.0800,1.596360
263.1000,2.368952
263.1200,2.312142
263.1400,2.000229
263.1600,1.728543
263.1800,1.066507
263.2000,0.649029
263.2200,0.459775
263.2400,0.767570
263.2600,1.416393
263.2800,1.098368
263.3000,1.230023
263.3200,1.435158
263.3400,2.109605
263.3600,2.421217
263.3800,3.410137
263.4000,3.600000
263.4200,3.600000
263.4400,3.598953
263.4600,2.234262
263.4800,1.203224
263.5000,0.088598
263.5200,0.046931
263.5400,0.047923
263.5600,0.077018
263.5800,0.078456
263.6000,0.143872
263.6200,0.367393
263.6400,0.300904
263.6600,0.544943
263.6800,0.388733
263.7000,0.575613
263.7200,0.699884
263.7400,0.546571
263.7600,1.020237
263.7800,1.318842
263.8000,1.616131
263.8200,1.160570
263.8400,0.816836
263.8600,0.449236
263.8800,0.269069
263.9000,0.171826
263.9200,0.578503
263.9400,1.110621
263.9600,1.120787
263.9800,1.368685
264.0000,1.459271
264.0200,1.363337
264.0400,0.943269
264.0600,0.753861
264.0800,0.796205
264.1000,0.447805
264.1200,0.244657
264.1400,0.176151
264.1600,0.117079
264.1800,0.427210
264.2000,0.810935
264.2200,0.736552
264.2400,0.608769
264.2600,0.575696
264.2800,0.966135
264.3000,1.162489
264.3200,0.817688
264.3400,0.452630
264.3600,0.253113
264.3800,0.326912
264.4000,0.560543
264.4200,0.320488
264.4400,0.296219
264.4600,0.374942
264.4800,0.301112
264.5000,0.496391
264.5200,0.314655
264.5400,0.452483
264.5600,1.149589
264.5800,1.843528
264.6000,1.934235
264.6200,2.191066
264.6400,3.292456
264.6600,3.497442
264.6800,3.514904
264.7000,3.264104
264.7200,3.595187
264.7400,3.393959
264.7600,2.941376
264.7800,3.057778
264.8000,2.921512
264.8200,2.765279
264.8400,2.514563
264.8600,3.062515
264.8800,2.372771
264.9000,1.529507
264.9200,0.863312
264.9400,0.673187
264.9600,0.484446
264.9800,0.332568
265.0000,0.222967
265.0200,0.228176
265.0400,0.358341
265.0600,0.533377
265.0800,0.400512
265.1000,0.372522
265.1200,0.477325
265.1400,0.542543
265.1600,0.460760
265.1800,0.482089
265.2000,0.796740
265.2200,0.642188
265.2400,0.400735
265.2600,0.723954
265.2800,0.671029
265.3000,0.394291
265.3200,0.683861
265.3400,1.346894
265.3600,2.085053
265.3800,2.350247
265.4000,2.523412
265.4200,2.810927
265.4400,2.262504
265.4600,1.656922
265.4800,1.472086
265.5000,1.352179
265.5200,0.877279
265.5400,0.480680
265.5600,0.682687
265.5800,1.681766
265.6000,2.379117
265.6200,2.520260
265.6400,2.858097
265.6600,3.000195
265.6800,2.954119
265.7000,3.096611
265.7200,3.025504
265.7400,2.936986
265.7600,2.925308
265.7800,2.654810
265.8000,2.088798
265.8200,1.762413
265.8400,1.909663
265.8600,2.014667
265.8800,1.417647
265.9000,1.046856
265.9200,1.025293
265.9400,1.292750
265.9600,1.286262
265.9800,1.047692
266.0000,0.697270
266.0200,0.387596
266.0400,0.279425
266.0600,0.335695
266.0800,0.298354
266.1000,0.495488
266.1200,0.711790
266.1400,0.957734
266.1600,1.028994
266.1800,1.596360
266.2000,2.368952
266.2200,2.312142
266.2400,2.000229
266.2600,1.728543
266.2800,1.066507
266.3000,0.649029
266.3200,0.459775
266.3400,0.767570
266.3600,1.416393
266.3800,1.098368
266.4000,1.230023
266.4200,1.435158
266.4400,2.109605
266.4600,2.421217
266.4800,3.410137
266.5000,3.600000
266.5200,3.600000
266.5400,3.598953
266.5600,2.234262
266.5800,1.203224
266.6000,0.088598
266.6200,0.046931
266.6400,0.047923
266.6600,0.077018
266.6800,0.078456
266.7000,0.143872
266.7200,0.367393
266.7400,0.300904
266.7600,0.544943
266.7800,0.388733
266.8000,0.575613
266.8200,0.699884
266.8400,0.546571
266.8600,1.020237
266.8800,1.318842
266.9000,1.616131
266.9200,1.160570
266.9400,0.816836
266.9600,0.449236
266.9800,0.269069
267.0000,0.171826
267.0200,0.578503
267.0400,1.110621
267.0600,1.120787
267.0800,1.368685
267.1000,1.459271
267.1200,1.363337
267.1400,0.943269
267.1600,0.753861
267.1800,0.796205
267.2000,0.447805
267.2200,0.244657
267.2400,0.176151
267.2600,0.117079
267.2800,0.427210
267.3000,0.810935
267.3200,0.736552
267.3400,0.608769
267.3600,0.575696
267.3800,0.966135
267.4000,1.162489
267.4200,0.817688
267.4400,0.452630
267.4600,0.253113
267.4800,0.326912
267.5000,0.560543
267.5200,0.320488
267.5400,0.296219
267.5600,0.374942
267.5800,0.301112
267.6000,0.496391
267.6200,0.314655
267.6400,0.452483
267.6600,1.149589
267.6800,1.843528
267.7000,1.934235
267.7200,2.191066
267.7400,3.292456
267.7600,3.497442
267.7800,3.514904
267.8000,3.264104
267.8200,3.595187
267.8400,3.393959
267.8600,2.941376
267.8800,3.057778
267.9000,2.921512
267.9200,2.765279
267.9400,2.514563
267.9600,3.062515
267.9800,2.372771
268.0000,1.529507
268.0200,0.863312
268.0400,0.673187
268.0600,0.484446
268.0800,0.332568
268.1000,0.222967
268.1200,0.228176
268.1400,0.358341
268.1600,0.533377
268.1800,0.400512
268.2000,0.372522
268.2200,0.477325
268.2400,0.542543
268.2600,0.460760
268.2800,0.482089
268.3000,0.796740
268.3200,0.642188
268.3400,0.400735
268.3600,0.723954
268.3800,0.671029
268.4000,0.394291
268.4200,0.683861
268.4400,1.346894
268.4600,2.085053
268.4800,2.350247
268.5000,2.523412
268.5200,2.810927
268.5400,2.262504
268.5600,1.656922
268.5800,1.472086
268.6000,1.352179
268.6200,0.877279
268.6400,0.480680
268.6600,0.682687
268.6800,1.681766
268.7000,2.379117
268.7200,2.520260
268.7400,2.858097
268.7600,3.000195
268.7800,2.954119
268.8000,3.096611
268.8200,3.025504
268.8400,2.936986
268.8600,2.925308
268.8800,2.654810
268.9000,2.088798
268.9200,1.762413
268.9400,1.909663
268.9600,2.014667
268.9800,1.417647
269.0000,1.046856
269.0200,1.025293
269.0400,1.292750
269.0600,1.286262
269.0800,1.047692
269.1000,0.697270
269.1200,0.387596
269.1400,0.279425
269.1600,0.335695
269.1800,0.298354
269.2000,0.495488
269.2200,0.711790
269.2400,0.957734
269.2600,1.028994
269.2800,1.596360
269.3000,2.368952
269.3200,2.312142
269.3400,2.000229
269.3600,1.728543
269.3800,1.066507
269.4000,0.649029
269.4200,0.459775
269.4400,0.767570
269.4600,1.416393
269.4800,1.098368
269.5000,1.230023
269.5200,1.435158
269.5400,2.109605
269.5600,2.421217
269.5800,3.410137
269.6000,3.600000
269.6200,3.600000
269.6400,3.598953
269.6600,2.234262
269.6800,1.203224
269.7000,0.088598
269.7200,0.046931
269.7400,0.047923
269.7600,0.077018
269.7800,0.078456
269.8000,0.143872
269.8200,0.367393
269.8400,0.300904
269.8600,0.544943
269.8800,0.388733
269.9000,0.575613
269.9200,0.699884
269.9400,0.546571
269.9600,1.020237
269.9800,1.318842
270.0000,1.616131
270.0200,1.160570
270.0400,0.816836
270.0600,0.449236
270.0800,0.269069
270.1000,0.171826
270.1200,0.578503
270.1400,1.110621
270.1600,1.120787
270.1800,1.368685
270.2000,1.459271
270.2200,1.363337
270.2400,0.943269
270.2600,0.753861
270.2800,0.796205
270.3000,0.447805
270.3200,0.244657
270.3400,0.176151
270.3600,0.117079
270.3800,0.427210
270.4000,0.810935
270.4200,0.736552
270.4400,0.608769
270.4600,0.575696
270.4800,0.966135
270.5000,1.162489
270.5200,0.817688
270.5400,0.452630
270.5600,0.253113
270.5800,0.326912
270.6000,0.560543
270.6200,0.320488
270.6400,0.296219
270.6600,0.374942
270.6800,0.301112
270.7000,0.496391
270.7200,0.314655
270.7400,0.452483
270.7600,1.149589
270.7800,1.843528
270.8000,1.934235
270.8200,2.191066
270.8400,3.292456
270.8600,3.497442
270.8800,3.514904
270.9000,3.264104
270.9200,3.595187
270.9400,3.393959
270.9600,2.941376
270.9800,3.057778
271.0000,2.921512
271.0200,2.765279
271.0400,2.514563
271.0600,3.062515
271.0800,2.372771
271.1000,1.529507
271.1200,0.863312
271.1400,0.673187
271.1600,0.484446
271.1800,0.332568
271.2000,0.222967
271.2200,0.228176
271.2400,0.358341
271.2600,0.533377
271.2800,0.400512
271.3000,0.372522
271.3200,0.477325
271.3400,0.542543
271.3600,0.460760
271.3800,0.482089
271.4000,0.796740
271.4200,0.642188
271.4400,0.400735
271.4600,0.723954
271.4800,0.671029
271.5000,0.394291
271.5200,0.683861
271.5400,1.346894
271.5600,2.085053
271.5800,2.350247
271.6000,2.523412
271.6200,2.810927
271.6400,2.262504
271.6600,1.656922
271.6800,1.472086
271.7000,1.352179
271.7200,0.877279
271.7400,0.480680
271.7600,0.682687
271.7800,1.681766
271.8000,2.379117
271.8200,2.520260
271.8400,2.858097
271.8600,3.000195
271.8800,2.954119
271.9000,3.096611
271.9200,3.025504
271.9400,2.936986
271.9600,2.925308
271.9800,2.654810
272.0000,2.088798
272.0200,1.762413
272.0400,1.909663
272.0600,2.014667
272.0800,1.417647
272.1000,1.046856
272.1200,1.025293
272.1400,1.292750
272.1600,1.286262
272.1800,1.047692
272.2000,0.697270
272.2200,0.387596
272.2400,0.279425
272.2600,0.335695
272.2800,0.298354
272.3000,0.495488
272.3200,0.711790
272.3400,0.957734
272.3600,1.028994
272.3800,1.596360
272.4000,2.368952
272.4200,2.312142
272.4400,2.000229
272.4600,1.728543
272.4800,1.066507
272.5000,0.649029
272.5200,0.459775
272.5400,0.767570
272.5600,1.416393
272.5800,1.098368
272.6000,1.230023
272.6200,1.435158
272.6400,2.109605
272.6600,2.421217
272.6800,3.410137
272.7000,3.600000
272.7200,3.600000
272.7400,3.598953
272.7600,2.234262
272.7800,1.203224
272.8000,0.088598
272.8200,0.046931
272.8400,0.047923
272.8600,0.077018
272.8800,0.078456
272.9000,0.143872
272.9200,0.367393
272.9400,0.300904
272.9600,0.544943
272.9800,0.388733
273.0000,0.575613
273.0200,0.699884
273.0400,0.546571
273.0600,1.020237
273.0800,1.318842
273.1000,1.616131
273.1200,1.160570
273.1400,0.816836
273.1600,0.449236
273.1800,0.269069
273.2000,0.171826
273.2200,0.578503
273.2400,1.110621
273.2600,1.120787
273.2800,1.368685
273.3000,1.459271
273.3200,1.363337
273.3400,0.943269
273.3600,0.753861
273.3800,0.796205
273.4000,0.447805
273.4200,0.244657
273.4400,0.176151
273.4600,0.117079
273.4800,0.427210
273.5000,0.810935
273.5200,0.736552
273.5400,0.608769
273.5600,0.575696
273.5800,0.966135
273.6000,1.162489
273.6200,0.817688
273.6400,0.452630
273.6600,0.253113
273.6800,0.326912
273.7000,0.560543
273.7200,0.320488
273.7400,0.296219
273.7600,0.374942
273.7800,0.301112
273.8000,0.496391
273.8200,0.314655
273.8400,0.452483
273.8600,1.149589
273.8800,1.843528
273.9000,1.934235
273.9200,2.191066
273.9400,3.292456
273.9600,3.497442
273.9800,3.514904
274.0000,3.264104
274.0200,3.595187
274.0400,3.393959
274.0600,2.941376
274.0800,3.057778
274.1000,2.921512
274.1200,2.765279
274.1400,2.514563
274.1600,3.062515
274.1800,2.372771
274.2000,1.529507
274.2200,0.863312
274.2400,0.673187
274.2600,0.484446
274.2800,0.332568
274.3000,0.222967
274.3200,0.228176
274.3400,0.358341
274.3600,0.533377
274.3800,0.400512
274.4000,0.372522
274.4200,0.477325
274.4400,0.542543
274.4600,0.460760
274.4800,0.482089
274.5000,0.796740
274.5200,0.642188
274.5400,0.400735
274.5600,0.723954
274.5800,0.671029
274.6000,0.394291
274.6200,0.683861
274.6400,1.346894
274.6600,2.085053
274.6800,2.350247
274.7000,2.523412
274.7200,2.810927
274.7400,2.262504
274.7600,1.656922
274.7800,1.472086
274.8000,1.352179
274.8200,0.877279
274.8400,0.480680
274.8600,0.682687
274.8800,1.681766
274.9000,2.379117
274.9200,2.520260
274.9400,2.858097
274.9600,3.000195
274.9800,2.954119
275.0000,3.096611
275.0200,3.025504
275.0400,2.936986
275.0600,2.925308
275.0800,2.654810
275.1000,2.088798
275.1200,1.762413
275.1400,1.909663
275.1600,2.014667
275.1800,1.417647
275.2000,1.046856
275.2200,1.025293
275.2400,1.292750
275.2600,1.286262
275.2800,1.047692
275.3000,0.697270
275.3200,0.387596
275.3400,0.279425
275.3600,0.335695
275.3800,0.298354
275.4000,0.495488
275.4200,0.711790
275.4400,0.957734
275.4600,1.028994
275.4800,1.596360
275.5000,2.368952
275.5200,2.312142
275.5400,2.000229
275.5600,1.728543
275.5800,1.066507
275.6000,0.649029
275.6200,0.459775
275.6400,0.767570
275.6600,1.416393
275.6800,1.098368
275.7000,1.230023
275.7200,1.435158
275.7400,2.109605
275.7600,2.421217
275.7800,3.410137
275.8000,3.600000
275.8200,3.600000
275.8400,3.598953
275.8600,2.234262
275.8800,1.203224
275.9000,0.088598
275.9200,0.046931
275.9400,0.047923
275.9600,0.077018
275.9800,0.078456
276.0000,0.143872
276.0200,0.367393
276.0400,0.300904
276.0600,0.544943
276.0800,0.388733
276.1000,0.575613
276.1200,0.699884
276.1400,0.546571
276.1600,1.020237
276.1800,1.318842
276.2000,1.616131
276.2200,1.160570
276.2400,0.816836
276.2600,0.449236
276.2800,0.269069
276.3000,0.171826
276.3200,0.578503
276.3400,1.110621
276.3600,1.120787
276.3800,1.368685
276.4000,1.459271
276.4200,1.363337
276.4400,0.943269
276.4600,0.753861
276.4800,0.796205
276.5000,0.447805
276.5200,0.244657
276.5400,0.176151
276.5600,0.117079
276.5800,0.427210
276.6000,0.810935
276.6200,0.736552
276.6400,0.608769
276.6600,0.575696
276.6800,0.966135
276.7000,1.162489
276.7200,0.817688
276.7400,0.452630
276.7600,0.253113
276.7800,0.326912
276.8000,0.560543
276.8200,0.320488
276.8400,0.296219
276.8600,0.374942
276.8800,0.301112
276.9000,0.496391
276.9200,0.314655
276.9400,0.452483
276.9600,1.149589
276.9800,1.843528
277.0000,1.934235
277.0200,2.191066
277.0400,3.292456
277.0600,3.497442
277.0800,3.514904
277.1000,3.264104
277.1200,3.595187
277.1400,3.393959
277.1600,2.941376
277.1800,3.057778
277.2000,2.921512
277.2200,2.765279
277.2400,2.514563
277.2600,3.062515
277.2800,2.372771
277.3000,1.529507
277.3200,0.863312
277.3400,0.673187
277.3600,0.484446
277.3800,0.332568
277.4000,0.222967
277.4200,0.228176
277.4400,0.358341
277.4600,0.533377
277.4800,0.400512
277.5000,0.372522
277.5200,0.477325
277.5400,0.542543
277.5600,0.460760
277.5800,0.482089
277.6000,0.796740
277.6200,0.642188
277.6400,0.400735
277.6600,0.723954
277.6800,0.671029
277.7000,0.394291
277.7200,0.683861
277.7400,1.346894
277.7600,2.085053
277.7800,2.350247
277.8000,2.523412
277.8200,2.810927
277.8400,2.262504
277.8600,1.656922
277.8800,1.472086
277.9000,1.352179
277.9200,0.877279
277.9400,0.480680
277.9600,0.682687
277.9800,1.681766
278.0000,2.379117
278.0200,2.520260
278.0400,2.858097
278.0600,3.000195
278.0800,2.954119
278.1000,3.096611
278.1200,3.025504
278.1400,2.936986
278.1600,2.925308
278.1800,2.654810
278.2000,2.088798
278.2200,1.762413
278.2400,1.909663
278.2600,2.014667
278.2800,1.417647
278.3000,1.046856
278.3200,1.025293
278.3400,1.292750
278.3600,1.286262
278.3800,1.047692
278.4000,0.697270
278.4200,0.387596
278.4400,0.279425
278.4600,0.335695
278.4800,0.298354
278.5000,0.495488
278.5200,0.711790
278.5400,0.957734
278.5600,1.028994
278.5800,1.596360
278.6000,2.368952
278.6200,2.312142
278.6400,2.000229
278.6600,1.728543
278.6800,1.066507
278.7000,0.649029
278.7200,0.459775
278.7400,0.767570
278.7600,1.416393
278.7800,1.098368
278.8000,1.230023
278.8200,1.435158
278.8400,2.109605
278.8600,2.421217
278.8800,3.410137
278.9000,3.600000
278.9200,3.600000
278.9400,3.598953
278.9600,2.234262
278.9800,1.203224
279.0000,0.088598
279.0200,0.046931
279.0400,0.047923
279.0600,0.077018
279.0800,0.078456
279.1000,0.143872
279.1200,0.367393
279.1400,0.300904
279.1600,0.544943
279.1800,0.388733
279.2000,0.575613
279.2200,0.699884
279.2400,0.546571
279.2600,1.020237
279.2800,1.318842
279.3000,1.616131
279.3200,1.160570
279.3400,0.816836
279.3600,0.449236
279.3800,0.269069
279.4000,0.171826
279.4200,0.578503
279.4400,1.110621
279.4600,1.120787
279.4800,1.368685
279.5000,1.459271
279.5200,1.363337
279.5400,0.943269
279.5600,0.753861
279.5800,0.796205
279.6000,0.447805
279.6200,0.244657
279.6400,0.176151
279.6600,0.117079
279.6800,0.427210
279.7000,0.810935
279.7200,0.736552
279.7400,0.608769
279.7600,0.575696
279.7800,0.966135
279.8000,1.162489
279.8200,0.817688
279.8400,0.452630
279.8600,0.253113
279.8800,0.326912
279.9000,0.560543
279.9200,0.320488
279.9400,0.296219
279.9600,0.374942
279.9800,0.301112
280.0000,0.496391
280.0200,0.314655
280.0400,0.452483
280.0600,1.149589
280.0800,1.843528
280.1000,1.934235
280.1200,2.191066
280.1400,3.292456
280.1600,3.497442
280.1800,3.514904
280.2000,3.264104
280.2200,3.595187
280.2400,3.393959
280.2600,2.941376
280.2800,3.057778
280.3000,2.921512
280.3200,2.765279
280.3400,2.514563
280.3600,3.062515
280.3800,2.372771
280.4000,1.529507
280.4200,0.863312
280.4400,0.673187
280.4600,0.484446
280.4800,0.332568
280.5000,0.222967
280.5200,0.228176
280.5400,0.358341
280.5600,0.533377
280.5800,0.400512
280.6000,0.372522
280.6200,0.477325
280.6400,0.542543
280.6600,0.460760
280.6800,0.482089
280.7000,0.796740
280.7200,0.642188
280.7400,0.400735
280.7600,0.723954
280.7800,0.671029
280.8000,0.394291
280.8200,0.683861
280.8400,1.346894
280.8600,2.085053
280.8800,2.350247
280.9000,2.523412
280.9200,2.810927
280.9400,2.262504
280.9600,1.656922
280.9800,1.472086
281.0000,1.352179
281.0200,0.877279
281.0400,0.480680
281.0600,0.682687
281.0800,1.681766
281.1000,2.379117
281.1200,2.520260
281.1400,2.858097
281.1600,3.000195
281.1800,2.954119
281.2000,3.096611
281.2200,3.025504
281.2400,2.936986
281.2600,2.925308
281.2800,2.654810
281.3000,2.088798
281.3200,1.762413
281.3400,1.909663
281.3600,2.014667
281.3800,1.417647
281.4000,1.046856
281.4200,1.025293
281.4400,1.292750
281.4600,1.286262
281.4800,1.047692
281.5000,0.697270
281.5200,0.387596
281.5400,0.279425
281.5600,0.335695
281.5800,0.298354
281.6000,0.495488
281.6200,0.711790
281.6400,0.957734
281.6600,1.028994
281.6800,1.596360
281.7000,2.368952
281.7200,2.312142
281.7400,2.000229
281.7600,1.728543
281.7800,1.066507
281.8000,0.649029
281.8200,0.459775
281.8400,0.767570
281.8600,1.416393
281.8800,1.098368
281.9000,1.230023
281.9200,1.435158
281.9400,2.109605
281.9600,2.421217
281.9800,3.410137
282.0000,3.600000
282.0200,3.600000
282.0400,3.598953
282.0600,2.234262
282.0800,1.203224
282.1000,0.088598
282.1200,0.046931
282.1400,0.047923
282.1600,0.077018
282.1800,0.078456
282.2000,0.143872
282.2200,0.367393
282.2400,0.300904
282.2600,0.544943
282.2800,0.388733
282.3000,0.575613
282.3200,0.699884
282.3400,0.546571
282.3600,1.020237
282.3800,1.318842
282.4000,1.616131
282.4200,1.160570
282.4400,0.816836
282.4600,0.449236
282.4800,0.269069
282.5000,0.171826
282.5200,0.578503
282.5400,1.110621
282.5600,1.120787
282.5800,1.368685
282.6000,1.459271
282.6200,1.363337
282.6400,0.943269
282.6600,0.753861
282.6800,0.796205
282.7000,0.447805
282.7200,0.244657
282.7400,0.176151
282.7600,0.117079
282.7800,0.427210
282.8000,0.810935
282.8200,0.736552
282.8400,0.608769
282.8600,0.575696
282.8800,0.966135
282.9000,1.162489
282.9200,0.817688
282.9400,0.452630
282.9600,0.253113
282.9800,0.326912
283.0000,0.560543
283.0200,0.320488
283.0400,0.296219
283.0600,0.374942
283.0800,0.301112
283.1000,0.496391
283.1200,0.314655
283.1400,0.452483
283.1600,1.149589
283.1800,1.843528
283.2000,1.934235
283.2200,2.191066
283.2400,3.292456
283.2600,3.497442
283.2800,3.514904
283.3000,3.264104
283.3200,3.595187
283.3400,3.393959
283.3600,2.941376
283.3800,3.057778
283.4000,2.921512
283.4200,2.765279
283.4400,2.514563
283.4600,3.062515
283.4800,2.372771
283.5000,1.529507
283.5200,0.863312
283.5400,0.673187
283.5600,0.484446
283.5800,0.332568
283.6000,0.222967
283.6200,0.228176
283.6400,0.358341
283.6600,0.533377
283.6800,0.400512
283.7000,0.372522
283.7200,0.477325
283.7400,0.542543
283.7600,0.460760
283.7800,0.482089
283.8000,0.796740
283.8200,0.642188
283.8400,0.400735
283.8600,0.723954
283.8800,0.671029
283.9000,0.394291
283.9200,0.683861
283.9400,1.346894
283.9600,2.085053
283.9800,2.350247
284.0000,2.523412
284.0200,2.810927
284.0400,2.262504
284.0600,1.656922
284.0800,1.472086
284.1000,1.352179
284.1200,0.877279
284.1400,0.480680
284.1600,0.682687
284.1800,1.681766
284.2000,2.379117
284.2200,2.520260
284.2400,2.858097
284.2600,3.000195
284.2800,2.954119
284.3000,3.096611
284.3200,3.025504
284.3400,2.936986
284.3600,2.925308
284.3800,2.654810
284.4000,2.088798
284.4200,1.762413
284.4400,1.909663
284.4600,2.014667
284.4800,1.417647
284.5000,1.046856
284.5200,1.025293
284.5400,1.292750
284.5600,1.286262
284.5800,1.047692
284.6000,0.697270
284.6200,0.387596
284.6400,0.279425
284.6600,0.335695
284.6800,0.298354
284.7000,0.495488
284.7200,0.711790
284.7400,0.957734
284.7600,1.028994
284.7800,1.596360
284.8000,2.368952
284.8200,2.312142
284.8400,2.000229
284.8600,1.728543
284.8800,1.066507
284.9000,0.649029
284.9200,0.459775
284.9400,0.767570
284.9600,1.416393
284.9800,1.098368
285.0000,1.230023
285.0200,1.435158
285.0400,2.109605
285.0600,2.421217
285.0800,3.410137
285.1000,3.600000
285.1200,3.600000
285.1400,3.598953
285.1600,2.234262
285.1800,1.203224
285.2000,0.088598
285.2200,0.046931
285.2400,0.047923
285.2600,0.077018
285.2800,0.078456
285.3000,0.143872
285.3200,0.367393
285.3400,0.300904
285.3600,0.544943
285.3800,0.388733
285.4000,0.575613
285.4200,0.699884
285.4400,0.546571
285.4600,1.020237
285.4800,1.318842
285.5000,1.616131
285.5200,1.160570
285.5400,0.816836
285.5600,0.449236
285.5800,0.269069
285.6000,0.171826
285.6200,0.578503
285.6400,1.110621
285.6600,1.120787
285.6800,1.368685
285.7000,1.459271
285.7200,1.363337
285.7400,0.943269
285.7600,0.753861
285.7800,0.796205
285.8000,0.447805
285.8200,0.244657
285.8400,0.176151
285.8600,0.117079
285.8800,0.427210
285.9000,0.810935
285.9200,0.736552
285.9400,0.608769
285.9600,0.575696
285.9800,0.966135
286.0000,1.162489
286.0200,0.817688
286.0400,0.452630
286.0600,0.253113
286.0800,0.326912
286.1000,0.560543
286.1200,0.320488
286.1400,0.296219
286.1600,0.374942
286.1800,0.301112
286.2000,0.496391
286.2200,0.314655
286.2400,0.452483
286.2600,1.149589
286.2800,1.843528
286.3000,1.934235
286.3200,2.191066
286.3400,3.292456
286.3600,3.497442
286.3800,3.514904
286.4000,3.264104
286.4200,3.595187
286.4400,3.393959
286.4600,2.941376
286.4800,3.057778
286.5000,2.921512
286.5200,2.765279
286.5400,2.514563
286.5600,3.062515
286.5800,2.372771
286.6000,1.529507
286.6200,0.863312
286.6400,0.673187
286.6600,0.484446
286.6800,0.332568
286.7000,0.222967
286.7200,0.228176
286.7400,0.358341
286.7600,0.533377
286.7800,0.400512
286.8000,0.372522
286.8200,0.477325
286.8400,0.542543
286.8600,0.460760
286.8800,0.482089
286.9000,0.796740
286.9200,0.642188
286.9400,0.400735
286.9600,0.723954
286.9800,0.671029
287.0000,0.394291
287.0200,0.683861
287.0400,1.346894
287.0600,2.085053
287.0800,2.350247
287.1000,2.523412
287.1200,2.810927
287.1400,2.262504
287.1600,1.656922
287.1800,1.472086
287.2000,1.352179
287.2200,0.877279
287.2400,0.480680
287.2600,0.682687
287.2800,1.681766
287.3000,2.379117
287.3200,2.520260
287.3400,2.858097
287.3600,3.000195
287.3800,2.954119
287.4000,3.096611
287.4200,3.025504
287.4400,2.936986
287.4600,2.925308
287.4800,2.654810
287.5000,2.088798
287.5200,1.762413
287.5400,1.909663
287.5600,2.014667
287.5800,1.417647
287.6000,1.046856
287.6200,1.025293
287.6400,1.292750
287.6600,1.286262
287.6800,1.047692
287.7000,0.697270
287.7200,0.387596
287.7400,0.279425
287.7600,0.335695
287.7800,0.298354
287.8000,0.495488
287.8200,0.711790
287.8400,0.957734
287.8600,1.028994
287.8800,1.596360
287.9000,2.368952
287.9200,2.312142
287.9400,2.000229
287.9600,1.728543
287.9800,1.066507
288.0000,0.649029
288.0200,0.459775
288.0400,0.767570
288.0600,1.416393
288.0800,1.098368
288.1000,1.230023
288.1200,1.435158
288.1400,2.109605
288.1600,2.421217
288.1800,3.410137
288.2000,3.600000
288.2200,3.600000
288.2400,3.598953
288.2600,2.234262
288.2800,1.203224
288.3000,0.088598
288.3200,0.046931
288.3400,0.047923
288.3600,0.077018
288.3800,0.078456
288.4000,0.143872
288.4200,0.367393
288.4400,0.300904
288.4600,0.544943
288.4800,0.388733
288.5000,0.575613
288.5200,0.699884
288.5400,0.546571
288.5600,1.020237
288.5800,1.318842
288.6000,1.616131
288.6200,1.160570
288.6400,0.816836
288.6600,0.449236
288.6800,0.269069
288.7000,0.171826
288.7200,0.578503
288.7400,1.110621
288.7600,1.120787
288.7800,1.368685
288.8000,1.459271
288.8200,1.363337
288.8400,0.943269
288.8600,0.753861
288.8800,0.796205
288.9000,0.447805
288.9200,0.244657
288.9400,0.176151
288.9600,0.117079
288.9800,0.427210
289.0000,0.810935
289.0200,0.736552
289.0400,0.608769
289.0600,0.575696
289.0800,0.966135
289.1000,1.162489
289.1200,0.817688
289.1400,0.452630
289.1600,0.253113
289.1800,0.326912
289.2000,0.560543
289.2200,0.320488
289.2400,0.296219
289.2600,0.374942
289.2800,0.301112
289.3000,0.496391
289.3200,0.314655
289.3400,0.452483
289.3600,1.149589
289.3800,1.843528
289.4000,1.934235
289.4200,2.191066
289.4400,3.292456
289.4600,3.497442
289.4800,3.514904
289.5000,3.264104
289.5200,3.595187
289.5400,3.393959
289.5600,2.941376
289.5800,3.057778
289.6000,2.921512
289.6200,2.765279
289.6400,2.514563
289.6600,3.062515
289.6800,2.372771
289.7000,1.529507
289.7200,0.863312
289.7400,0.673187
289.7600,0.484446
289.7800,0.332568
289.8000,0.222967
289.8200,0.228176
289.8400,0.358341
289.8600,0.533377
289.8800,0.400512
289.9000,0.372522
289.9200,0.477325
289.9400,0.542543
289.9600,0.460760
289.9800,0.482089
290.0000,0.796740
290.0200,0.642188
290.0400,0.400735
290.0600,0.723954
290.0800,0.671029
290.1000,0.394291
290.1200,0.683861
290.1400,1.346894
290.1600,2.085053
290.1800,2.350247
290.2000,2.523412
290.2200,2.810927
290.2400,2.262504
290.2600,1.656922
290.2800,1.472086
290.3000,1.352179
290.3200,0.877279
290.3400,0.480680
290.3600,0.682687
290.3800,1.681766
290.4000,2.379117
290.4200,2.520260
290.4400,2.858097
290.4600,3.000195
290.4800,2.954119
290.5000,3.096611
290.5200,3.025504
290.5400,2.936986
290.5600,2.925308
290.5800,2.654810
290.6000,2.088798
290.6200,1.762413
290.6400,1.909663
290.6600,2.014667
290.6800,1.417647
290.7000,1.046856
290.7200,1.025293
290.7400,1.292750
290.7600,1.286262
290.7800,1.047692
290.8000,0.697270
290.8200,0.387596
290.8400,0.279425
290.8600,0.335695
290.8800,0.298354
290.9000,0.495488
290.9200,0.711790
290.9400,0.957734
290.9600,1.028994
290.9800,1.596360
291.0000,2.368952
291.0200,2.312142
291.0400,2.000229
291.0600,1.728543
291.0800,1.066507
291.1000,0.649029
291.1200,0.459775
291.1400,0.767570
291.1600,1.416393
291.1800,1.098368
291.2000,1.230023
291.2200,1.435158
291.2400,2.109605
291.2600,2.421217
291.2800,3.410137
291.3000,3.600000
291.3200,3.600000
291.3400,3.598953
291.3600,2.234262
291.3800,1.203224
291.4000,0.088598
291.4200,0.046931
291.4400,0.047923
291.4600,0.077018
291.4800,0.078456
291.5000,0.143872
291.5200,0.367393
291.5400,0.300904
291.5600,0.544943
291.5800,0.388733
291.6000,0.575613
291.6200,0.699884
291.6400,0.546571
291.6600,1.020237
291.6800,1.318842
291.7000,1.616131
291.7200,1.160570
291.7400,0.816836
291.7600,0.449236
291.7800,0.269069
291.8000,0.171826
291.8200,0.578503
291.8400,1.110621
291.8600,1.120787
291.8800,1.368685
291.9000,1.459271
291.9200,1.363337
291.9400,0.943269
291.9600,0.753861
291.9800,0.796205
292.0000,0.447805
292.0200,0.244657
292.0400,0.176151
292.0600,0.117079
292.0800,0.427210
292.1000,0.810935
292.1200,0.736552
292.1400,0.608769
292.1600,0.575696
292.1800,0.966135
292.2000,1.162489
292.2200,0.817688
292.2400,0.452630
292.2600,0.253113
292.2800,0.326912
292.3000,0.560543
292.3200,0.320488
292.3400,0.296219
292.3600,0.374942
292.3800,0.301112
292.4000,0.496391
292.4200,0.314655
292.4400,0.452483
292.4600,1.149589
292.4800,1.843528
292.5000,1.934235
292.5200,2.191066
292.5400,3.292456
292.5600,3.497442
292.5800,3.514904
292.6000,3.264104
292.6200,3.595187
292.6400,3.393959
292.6600,2.941376
292.6800,3.057778
292.7000,2.921512
292.7200,2.765279
292.7400,2.514563
292.7600,3.062515
292.7800,2.372771
292.8000,1.529507
292.8200,0.863312
292.8400,0.673187
292.8600,0.484446
292.8800,0.332568
292.9000,0.222967
292.9200,0.228176
292.9400,0.358341
292.9600,0.533377
292.9800,0.400512
293.0000,0.372522
293.0200,0.477325
293.0400,0.542543
293.0600,0.460760
293.0800,0.482089
293.1000,0.796740
293.1200,0.642188
293.1400,0.400735
293.1600,0.723954
293.1800,0.671029
293.2000,0.394291
293.2200,0.683861
293.2400,1.346894
293.2600,2.085053
293.2800,2.350247
293.3000,2.523412
293.3200,2.810927
293.3400,2.262504
293.3600,1.656922
293.3800,1.472086
293.4000,1.352179
293.4200,0.877279
293.4400,0.480680
293.4600,0.682687
293.4800,1.681766
293.5000,2.379117
293.5200,2.520260
293.5400,2.858097
293.5600,3.000195
293.5800,2.954119
293.6000,3.096611
293.6200,3.025504
293.6400,2.936986
293.6600,2.925308
293.6800,2.654810
293.7000,2.088798
293.7200,1.762413
293.7400,1.909663
293.7600,2.014667
293.7800,1.417647
293.8000,1.046856
293.8200,1.025293
293.8400,1.292750
293.8600,1.286262
293.8800,1.047692
293.9000,0.697270
293.9200,0.387596
293.9400,0.279425
293.9600,0.335695
293.9800,0.298354
294.0000,0.495488
294.0200,0.711790
294.0400,0.957734
294.0600,1.028994
294.0800,1.596360
294.1000,2.368952
294.1200,2.312142
294.1400,2.000229
294.1600,1.728543
294.1800,1.066507
294.2000,0.649029
294.2200,0.459775
294.2400,0.767570
294.2600,1.416393
294.2800,1.098368
294.3000,1.230023
294.3200,1.435158
294.3400,2.109605
294.3600,2.421217
294.3800,3.410137
294.4000,3.600000
294.4200,3.600000
294.4400,3.598953
294.4600,2.234262
294.4800,1.203224
294.5000,0.088598
294.5200,0.046931
294.5400,0.047923
294.5600,0.077018
294.5800,0.078456
294.6000,0.143872
294.6200,0.367393
294.6400,0.300904
294.6600,0.544943
294.6800,0.388733
294.7000,0.575613
294.7200,0.699884
294.7400,0.546571
294.7600,1.020237
294.7800,1.318842
294.8000,1.616131
294.8200,1.160570
294.8400,0.816836
294.8600,0.449236
294.8800,0.269069
294.9000,0.171826
294.9200,0.578503
294.9400,1.110621
294.9600,1.120787
294.9800,1.368685
295.0000,1.459271
295.0200,1.363337
295.0400,0.943269
295.0600,0.753861
295.0800,0.796205
295.1000,0.447805
295.1200,0.244657
295.1400,0.176151
295.1600,0.117079
295.1800,0.427210
295.2000,0.810935
295.2200,0.736552
295.2400,0.608769
295.2600,0.575696
295.2800,0.966135
295.3000,1.162489
295.3200,0.817688
295.3400,0.452630
295.3600,0.253113
295.3800,0.326912
295.4000,0.560543
295.4200,0.320488
295.4400,0.296219
295.4600,0.374942
295.4800,0.301112
295.5000,0.496391
295.5200,0.314655
295.5400,0.452483
295.5600,1.149589
295.5800,1.843528
295.6000,1.934235
295.6200,2.191066
295.6400,3.292456
295.6600,3.497442
295.6800,3.514904
295.7000,3.264104
295.7200,3.595187
295.7400,3.393959
295.7600,2.941376
295.7800,3.057778
295.8000,2.921512
295.8200,2.765279
295.8400,2.514563
295.8600,3.062515
295.8800,2.372771
295.9000,1.529507
295.9200,0.863312
295.9400,0.673187
295.9600,0.484446
295.9800,0.332568
296.0000,0.222967
296.0200,0.228176
296.0400,0.358341
296.0600,0.533377
296.0800,0.400512
296.1000,0.372522
296.1200,0.477325
296.1400,0.542543
296.1600,0.460760
296.1800,0.482089
296.2000,0.796740
296.2200,0.642188
296.2400,0.400735
296.2600,0.723954
296.2800,0.671029
296.3000,0.394291
296.3200,0.683861
296.3400,1.346894
296.3600,2.085053
296.3800,2.350247
296.4000,2.523412
296.4200,2.810927
296.4400,2.262504
296.4600,1.656922
296.4800,1.472086
296.5000,1.352179
296.5200,0.877279
296.5400,0.480680
296.5600,0.682687
296.5800,1.681766
296.6000,2.379117
296.6200,2.520260
296.6400,2.858097
296.6600,3.000195
296.6800,2.954119
296.7000,3.096611
296.7200,3.025504
296.7400,2.936986
296.7600,2.925308
296.7800,2.654810
296.8000,2.088798
296.8200,1.762413
296.8400,1.909663
296.8600,2.014667
296.8800,1.417647
296.9000,1.046856
296.9200,1.025293
296.9400,1.292750
296.9600,1.286262
296.9800,1.047692
297.0000,0.697270
297.0200,0.387596
297.0400,0.279425
297.0600,0.335695
297.0800,0.298354
297.1000,0.495488
297.1200,0.711790
297.1400,0.957734
297.1600,1.028994
297.1800,1.596360
297.2000,2.368952
297.2200,2.312142
297.2400,2.000229
297.2600,1.728543
297.2800,1.066507
297.3000,0.649029
297.3200,0.459775
297.3400,0.767570
297.3600,1.416393
297.3800,1.098368
297.4000,1.230023
297.4200,1.435158
297.4400,2.109605
297.4600,2.421217
297.4800,3.410137
297.5000,3.600000
297.5200,3.600000
297.5400,3.598953
297.5600,2.234262
297.5800,1.203224
297.6000,0.088598
297.6200,0.046931
297.6400,0.047923
297.6600,0.077018
297.6800,0.078456
297.7000,0.143872
297.7200,0.367393
297.7400,0.300904
297.7600,0.544943
297.7800,0.388733
297.8000,0.575613
297.8200,0.699884
297.8400,0.546571
297.8600,1.020237
297.8800,1.318842
297.9000,1.616131
297.9200,1.160570
297.9400,0.816836
297.9600,0.449236
297.9800,0.269069
298.0000,0.171826
298.0200,0.578503
298.0400,1.110621
298.0600,1.120787
298.0800,1.368685
298.1000,1.459271
298.1200,1.363337
298.1400,0.943269
298.1600,0.753861
298.1800,0.796205
298.2000,0.447805
298.2200,0.244657
298.2400,0.176151
298.2600,0.117079
298.2800,0.427210
298.3000,0.810935
298.3200,0.736552
298.3400,0.608769
298.3600,0.575696
298.3800,0.966135
298.4000,1.162489
298.4200,0.817688
298.4400,0.452630
298.4600,0.253113
298.4800,0.326912
298.5000,0.560543
298.5200,0.320488
298.5400,0.296219
298.5600,0.374942
298.5800,0.301112
298.6000,0.496391
298.6200,0.314655
298.6400,0.452483
298.6600,1.149589
298.6800,1.843528
298.7000,1.934235
298.7200,2.191066
298.7400,3.292456
298.7600,3.497442
298.7800,3.514904
298.8000,3.264104
298.8200,3.595187
298.8400,3.393959
298.8600,2.941376
298.8800,3.057778
298.9000,2.921512
298.9200,2.765279
298.9400,2.514563
298.9600,3.062515
298.9800,2.372771
299.0000,1.529507
299.0200,0.863312
299.0400,0.673187
299.0600,0.484446
299.0800,0.332568
299.1000,0.222967
299.1200,0.228176
299.1400,0.358341
299.1600,0.533377
299.1800,0.400512
299.2000,0.372522
299.2200,0.477325
299.2400,0.542543
299.2600,0.460760
299.2800,0.482089
299.3000,0.796740
299.3200,0.642188
299.3400,0.400735
299.3600,0.723954
299.3800,0.671029
299.4000,0.394291
299.4200,0.683861
299.4400,1.346894
299.4600,2.085053
299.4800,2.350247
299.5000,2.523412
299.5200,2.810927
299.5400,2.262504
299.5600,1.656922
299.5800,1.472086
299.6000,1.352179
299.6200,0.877279
299.6400,0.480680
299.6600,0.682687
299.6800,1.681766
299.7000,2.379117
299.7200,2.520260
299.7400,2.858097
299.7600,3.000195
299.7800,2.954119
299.8000,3.096611
299.8200,3.025504
299.8400,2.936986
299.8600,2.925308
299.8800,2.654810
299.9000,2.088798
299.9200,1.762413
299.9400,1.909663
299.9600,2.014667
299.9800,1.417647
300.0000,1.046856
300.0200,1.025293
300.0400,1.292750
300.0600,1.286262
300.0800,1.047692
300.1000,0.697270
300.1200,0.387596
300.1400,0.279425
300.1600,0.335695
300.1800,0.298354
300.2000,0.495488
300.2200,0.711790
300.2400,0.957734
300.2600,1.028994
300.2800,1.596360
300.3000,2.368952
300.3200,2.312142
300.3400,2.000229
300.3600,1.728543
300.3800,1.066507
300.4000,0.649029
300.4200,0.459775
300.4400,0.767570
300.4600,1.416393
300.4800,1.098368
300.5000,1.230023
300.5200,1.435158
300.5400,2.109605
300.5600,2.421217
300.5800,3.410137
300.6000,3.600000
300.6200,3.600000
300.6400,3.598953
300.6600,2.234262
300.6800,1.203224
300.7000,0.088598
300.7200,0.046931
300.7400,0.047923
300.7600,0.077018
300.7800,0.078456
300.8000,0.143872
300.8200,0.367393
300.8400,0.300904
300.8600,0.544943
300.8800,0.388733
300.9000,0.575613
300.9200,0.699884
300.9400,0.546571
300.9600,1.020237
300.9800,1.318842
301.0000,1.616131
301.0200,1.160570
301.0400,0.816836
301.0600,0.449236
301.0800,0.269069
301.1000,0.171826
301.1200,0.578503
301.1400,1.110621
301.1600,1.120787
301.1800,1.368685
301.2000,1.459271
301.2200,1.363337
301.2400,0.943269
301.2600,0.753861
301.2800,0.796205
301.3000,0.447805
301.3200,0.244657
301.3400,0.176151
301.3600,0.117079
301.3800,0.427210
301.4000,0.810935
301.4200,0.736552
301.4400,0.608769
301.4600,0.575696
301.4800,0.966135
301.5000,1.162489
301.5200,0.817688
301.5400,0.452630
301.5600,0.253113
301.5800,0.326912
301.6000,0.560543
301.6200,0.320488
301.6400,0.296219
301.6600,0.374942
301.6800,0.301112
301.7000,0.496391
301.7200,0.314655
301.7400,0.452483
301.7600,1.149589
301.7800,1.843528
301.8000,1.934235
301.8200,2.191066
301.8400,3.292456
301.8600,3.497442
301.8800,3.514904
301.9000,3.264104
301.9200,3.595187
301.9400,3.393959
301.9600,2.941376
301.9800,3.057778
302.0000,2.921512
302.0200,2.765279
302.0400,2.514563
302.0600,3.062515
302.0800,2.372771
302.1000,1.529507
302.1200,0.863312
302.1400,0.673187
302.1600,0.484446
302.1800,0.332568
302.2000,0.222967
302.2200,0.228176
302.2400,0.358341
302.2600,0.533377
302.2800,0.400512
302.3000,0.372522
302.3200,0.477325
302.3400,0.542543
302.3600,0.460760
302.3800,0.482089
302.4000,0.796740
302.4200,0.642188
302.4400,0.400735
302.4600,0.723954
302.4800,0.671029
302.5000,0.394291
302.5200,0.683861
302.5400,1.346894
302.5600,2.085053
302.5800,2.350247
302.6000,2.523412
302.6200,2.810927
302.6400,2.262504
302.6600,1.656922
302.6800,1.472086
302.7000,1.352179
302.7200,0.877279
302.7400,0.480680
302.7600,0.682687
302.7800,1.681766
302.8000,2.379117
302.8200,2.520260
302.8400,2.858097
302.8600,3.000195
302.8800,2.954119
302.9000,3.096611
302.9200,3.025504
302.9400,2.936986
302.9600,2.925308
302.9800,2.654810
303.0000,2.088798
303.0200,1.762413
303.0400,1.909663
303.0600,2.014667
303.0800,1.417647
303.1000,1.046856
303.1200,1.025293
303.1400,1.292750
303.1600,1.286262
303.1800,1.047692
303.2000,0.697270
303.2200,0.387596
303.2400,0.279425
303.2600,0.335695
303.2800,0.298354
303.3000,0.495488
303.3200,0.711790
303.3400,0.957734
303.3600,1.028994
303.3800,1.596360
303.4000,2.368952
303.4200,2.312142
303.4400,2.000229
303.4600,1.728543
303.4800,1.066507
303.5000,0.649029
303.5200,0.459775
303.5400,0.767570
303.5600,1.416393
303.5800,1.098368
303.6000,1.230023
303.6200,1.435158
303.6400,2.109605
303.6600,2.421217
303.6800,3.410137
303.7000,3.600000
303.7200,3.600000
303.7400,3.598953
303.7600,2.234262
303.7800,1.203224
303.8000,0.088598
303.8200,0.046931
303.8400,0.047923
303.8600,0.077018
303.8800,0.078456
303.9000,0.143872
303.9200,0.367393
303.9400,0.300904
303.9600,0.544943
303.9800,0.388733
304.0000,0.575613
304.0200,0.699884
304.0400,0.546571
304.0600,1.020237
304.0800,1.318842
304.1000,1.616131
304.1200,1.160570
304.1400,0.816836
304.1600,0.449236
304.1800,0.269069
304.2000,0.171826
304.2200,0.578503
304.2400,1.110621
304.2600,1.120787
304.2800,1.368685
304.3000,1.459271
304.3200,1.363337
304.3400,0.943269
304.3600,0.753861
304.3800,0.796205
304.4000,0.447805
304.4200,0.244657
304.4400,0.176151
304.4600,0.117079
304.4800,0.427210
304.5000,0.810935
304.5200,0.736552
304.5400,0.608769
304.5600,0.575696
304.5800,0.966135
304.6000,1.162489
304.6200,0.817688
304.6400,0.452630
304.6600,0.253113
304.6800,0.326912
304.7000,0.560543
304.7200,0.320488
304.7400,0.296219
304.7600,0.374942
304.7800,0.301112
304.8000,0.496391
304.8200,0.314655
304.8400,0.452483
304.8600,1.149589
304.8800,1.843528
304.9000,1.934235
304.9200,2.191066
304.9400,3.292456
304.9600,3.497442
304.9800,3.514904
305.0000,3.264104
305.0200,3.595187
305.0400,3.393959
305.0600,2.941376
305.0800,3.057778
305.1000,2.921512
305.1200,2.765279
305.1400,2.514563
305.1600,3.062515
305.1800,2.372771
305.2000,1.529507
305.2200,0.863312
305.2400,0.673187
305.2600,0.484446
305.2800,0.332568
305.3000,0.222967
305.3200,0.228176
305.3400,0.358341
305.3600,0.533377
305.3800,0.400512
305.4000,0.372522
305.4200,0.477325
305.4400,0.542543
305.4600,0.460760
305.4800,0.482089
305.5000,0.796740
305.5200,0.642188
305.5400,0.400735
305.5600,0.723954
305.5800,0.671029
305.6000,0.394291
305.6200,0.683861
305.6400,1.346894
305.6600,2.085053
305.6800,2.350247
305.7000,2.523412
305.7200,2.810927
305.7400,2.262504
305.7600,1.656922
305.7800,1.472086
305.8000,1.352179
305.8200,0.877279
305.8400,0.480680
305.8600,0.682687
305.8800,1.681766
305.9000,2.379117
305.9200,2.520260
305.9400,2.858097
305.9600,3.000195
305.9800,2.954119
306.0000,3.096611
306.0200,3.025504
306.0400,2.936986
306.0600,2.925308
306.0800,2.654810
306.1000,2.088798
306.1200,1.762413
306.1400,1.909663
306.1600,2.014667
306.1800,1.417647
306.2000,1.046856
306.2200,1.025293
306.2400,1.292750
306.2600,1.286262
306.2800,1.047692
306.3000,0.697270
306.3200,0.387596
306.3400,0.279425
306.3600,0.335695
306.3800,0.298354
306.4000,0.495488
306.4200,0.711790
306.4400,0.957734
306.4600,1.028994
306.4800,1.596360
306.5000,2.368952
306.5200,2.312142
306.5400,2.000229
306.5600,1.728543
306.5800,1.066507
306.6000,0.649029
306.6200,0.459775
306.6400,0.767570
306.6600,1.416393
306.6800,1.098368
306.7000,1.230023
306.7200,1.435158
306.7400,2.109605
306.7600,2.421217
306.7800,3.410137
306.8000,3.600000
306.8200,3.600000
306.8400,3.598953
306.8600,2.234262
306.8800,1.203224
306.9000,0.088598
306.9200,0.046931
306.9400,0.047923
306.9600,0.077018
306.9800,0.078456
307.0000,0.143872
307.0200,0.367393
307.0400,0.300904
307.0600,0.544943
307.0800,0.388733
307.1000,0.575613
307.1200,0.699884
307.1400,0.546571
307.1600,1.020237
307.1800,1.318842
307.2000,1.616131
307.2200,1.160570
307.2400,0.816836
307.2600,0.449236
307.2800,0.269069
307.3000,0.171826
307.3200,0.578503
307.3400,1.110621
307.3600,1.120787
307.3800,1.368685
307.4000,1.459271
307.4200,1.363337
307.4400,0.943269
307.4600,0.753861
307.4800,0.796205
307.5000,0.447805
307.5200,0.244657
307.5400,0.176151
307.5600,0.117079
307.5800,0.427210
307.6000,0.810935
307.6200,0.736552
307.6400,0.608769
307.6600,0.575696
307.6800,0.966135
307.7000,1.162489
307.7200,0.817688
307.7400,0.452630
307.7600,0.253113
307.7800,0.326912
307.8000,0.560543
307.8200,0.320488
307.8400,0.296219
307.8600,0.374942
307.8800,0.301112
307.9000,0.496391
307.9200,0.314655
307.9400,0.452483
307.9600,1.149589
307.9800,1.843528
308.0000,1.934235
308.0200,2.191066
308.0400,3.292456
308.0600,3.497442
308.0800,3.514904
308.1000,3.264104
308.1200,3.595187
308.1400,3.393959
308.1600,2.941376
308.1800,3.057778
308.2000,2.921512
308.2200,2.765279
308.2400,2.514563
308.2600,3.062515
308.2800,2.372771
308.3000,1.529507
308.3200,0.863312
308.3400,0.673187
308.3600,0.484446
308.3800,0.332568
308.4000,0.222967
308.4200,0.228176
308.4400,0.358341
308.4600,0.533377
308.4800,0.400512
308.5000,0.372522
308.5200,0.477325
308.5400,0.542543
308.5600,0.460760
308.5800,0.482089
308.6000,0.796740
308.6200,0.642188
308.6400,0.400735
308.6600,0.723954
308.6800,0.671029
308.7000,0.394291
308.7200,0.683861
308.7400,1.346894
308.7600,2.085053
308.7800,2.350247
308.8000,2.523412
308.8200,2.810927
308.8400,2.262504
308.8600,1.656922
308.8800,1.472086
308.9000,1.352179
308.9200,0.877279
308.9400,0.480680
308.9600,0.682687
308.9800,1.681766
309.0000,2.379117
309.0200,2.520260
309.0400,2.858097
309.0600,3.000195
309.0800,2.954119
309.1000,3.096611
309.1200,3.025504
309.1400,2.936986
309.1600,2.925308
309.1800,2.654810
309.2000,2.088798
309.2200,1.762413
309.2400,1.909663
309.2600,2.014667
309.2800,1.417647
309.3000,1.046856
309.3200,1.025293
309.3400,1.292750
309.3600,1.286262
309.3800,1.047692
309.4000,0.697270
309.4200,0.387596
309.4400,0.279425
309.4600,0.335695
309.4800,0.298354
309.5000,0.495488
309.5200,0.711790
309.5400,0.957734
309.5600,1.028994
309.5800,1.596360
309.6000,2.368952
309.6200,2.312142
309.6400,2.000229
309.6600,1.728543
309.6800,1.066507
309.7000,0.649029
309.7200,0.459775
309.7400,0.767570
309.7600,1.416393
309.7800,1.098368
309.8000,1.230023
309.8200,1.435158
309.8400,2.109605
309.8600,2.421217
309.8800,3.410137
309.9000,3.600000
309.9200,3.600000
309.9400,3.598953
309.9600,2.234262
309.9800,1.203224
310.0000,0.088598
310.0200,0.046931
310.0400,0.047923
310.0600,0.077018
310.0800,0.078456
310.1000,0.143872
310.1200,0.367393
310.1400,0.300904
310.1600,0.544943
310.1800,0.388733
310.2000,0.575613
310.2200,0.699884
310.2400,0.546571
310.2600,1.020237
310.2800,1.318842
310.3000,1.616131
310.3200,1.160570
310.3400,0.816836
310.3600,0.449236
310.3800,0.269069
310.4000,0.171826
310.4200,0.578503
310.4400,1.110621
310.4600,1.120787
310.4800,1.368685
310.5000,1.459271
310.5200,1.363337
310.5400,0.943269
310.5600,0.753861
310.5800,0.796205
310.6000,0.447805
310.6200,0.244657
310.6400,0.176151
310.6600,0.117079
310.6800,0.427210
310.7000,0.810935
310.7200,0.736552
310.7400,0.608769
310.7600,0.575696
310.7800,0.966135
310.8000,1.162489
310.8200,0.817688
310.8400,0.452630
310.8600,0.253113
310.8800,0.326912
310.9000,0.560543
310.9200,0.320488
310.9400,0.296219
310.9600,0.374942
310.9800,0.301112
311.0000,0.496391
311.0200,0.314655
311.0400,0.452483
311.0600,1.149589
311.0800,1.843528
311.1000,1.934235
311.1200,2.191066
311.1400,3.292456
311.1600,3.497442
311.1800,3.514904
311.2000,3.264104
311.2200,3.595187
311.2400,3.393959
311.2600,2.941376
311.2800,3.057778
311.3000,2.921512
311.3200,2.765279
311.3400,2.514563
311.3600,3.062515
311.3800,2.372771
311.4000,1.529507
311.4200,0.863312
311.4400,0.673187
311.4600,0.484446
311.4800,0.332568
311.5000,0.222967
311.5200,0.228176
311.5400,0.358341
311.5600,0.533377
311.5800,0.400512
311.6000,0.372522
311.6200,0.477325
311.6400,0.542543
311.6600,0.460760
311.6800,0.482089
311.7000,0.796740
311.7200,0.642188
311.7400,0.400735
311.7600,0.723954
311.7800,0.671029
311.8000,0.394291
311.8200,0.683861
311.8400,1.346894
311.8600,2.085053
311.8800,2.350247
311.9000,2.523412
311.9200,2.810927
311.9400,2.262504
311.9600,1.656922
311.9800,1.472086
312.0000,1.352179
312.0200,0.877279
312.0400,0.480680
312.0600,0.682687
312.0800,1.681766
312.1000,2.379117
312.1200,2.520260
312.1400,2.858097
312.1600,3.000195
312.1800,2.954119
312.2000,3.096611
312.2200,3.025504
312.2400,2.936986
312.2600,2.925308
312.2800,2.654810
312.3000,2.088798
312.3200,1.762413
312.3400,1.909663
312.3600,2.014667
312.3800,1.417647
312.4000,1.046856
312.4200,1.025293
312.4400,1.292750
312.4600,1.286262
312.4800,1.047692
312.5000,0.697270
312.5200,0.387596
312.5400,0.279425
312.5600,0.335695
312.5800,0.298354
312.6000,0.495488
312.6200,0.711790
312.6400,0.957734
312.6600,1.028994
312.6800,1.596360
312.7000,2.368952
312.7200,2.312142
312.7400,2.000229
312.7600,1.728543
312.7800,1.066507
312.8000,0.649029
312.8200,0.459775
312.8400,0.767570
312.8600,1.416393
312.8800,1.098368
312.9000,1.230023
312.9200,1.435158
312.9400,2.109605
312.9600,2.421217
312.9800,3.410137
313.0000,3.600000
313.0200,3.600000
313.0400,3.598953
313.0600,2.234262
313.0800,1.203224
313.1000,0.088598
313.1200,0.046931
313.1400,0.047923
313.1600,0.077018
313.1800,0.078456
313.2000,0.143872
313.2200,0.367393
313.2400,0.300904
313.2600,0.544943
313.2800,0.388733
313.3000,0.575613
313.3200,0.699884
313.3400,0.546571
313.3600,1.020237
313.3800,1.318842
313.4000,1.616131
313.4200,1.160570
313.4400,0.816836
313.4600,0.449236
313.4800,0.269069
313.5000,0.171826
313.5200,0.578503
313.5400,1.110621
313.5600,1.120787
313.5800,1.368685
313.6000,1.459271
313.6200,1.363337
313.6400,0.943269
313.6600,0.753861
313.6800,0.796205
313.7000,0.447805
313.7200,0.244657
313.7400,0.176151
313.7600,0.117079
313.7800,0.427210
313.8000,0.810935
313.8200,0.736552
313.8400,0.608769
313.8600,0.575696
313.8800,0.966135
313.9000,1.162489
313.9200,0.817688
313.9400,0.452630
313.9600,0.253113
313.9800,0.326912
314.0000,0.560543
314.0200,0.320488
314.0400,0.296219
314.0600,0.374942
314.0800,0.301112
314.1000,0.496391
314.1200,0.314655
314.1400,0.452483
314.1600,1.149589
314.1800,1.843528
314.2000,1.934235
314.2200,2.191066
314.2400,3.292456
314.2600,3.497442
314.2800,3.514904
314.3000,3.264104
314.3200,3.595187
314.3400,3.393959
314.3600,2.941376
314.3800,3.057778
314.4000,2.921512
314.4200,2.765279
314.4400,2.514563
314.4600,3.062515
314.4800,2.372771
314.5000,1.529507
314.5200,0.863312
314.5400,0.673187
314.5600,0.484446
314.5800,0.332568
314.6000,0.222967
314.6200,0.228176
314.6400,0.358341
314.6600,0.533377
314.6800,0.400512
314.7000,0.372522
314.7200,0.477325
314.7400,0.542543
314.7600,0.460760
314.7800,0.482089
314.8000,0.796740
314.8200,0.642188
314.8400,0.400735
314.8600,0.723954
314.8800,0.671029
314.9000,0.394291
314.9200,0.683861
314.9400,1.346894
314.9600,2.085053
314.9800,2.350247
315.0000,2.523412
315.0200,2.810927
315.0400,2.262504
315.0600,1.656922
315.0800,1.472086
315.1000,1.352179
315.1200,0.877279
315.1400,0.480680
315.1600,0.682687
315.1800,1.681766
315.2000,2.379117
315.2200,2.520260
315.2400,2.858097
315.2600,3.000195
315.2800,2.954119
315.3000,3.096611
315.3200,3.025504
315.3400,2.936986
315.3600,2.925308
315.3800,2.654810
315.4000,2.088798
315.4200,1.762413
315.4400,1.909663
315.4600,2.014667
315.4800,1.417647
315.5000,1.046856
315.5200,1.025293
315.5400,1.292750
315.5600,1.286262
315.5800,1.047692
315.6000,0.697270
315.6200,0.387596
315.6400,0.279425
315.6600,0.335695
315.6800,0.298354
315.7000,0.495488
315.7200,0.711790
315.7400,0.957734
315.7600,1.028994
315.7800,1.596360
315.8000,2.368952
315.8200,2.312142
315.8400,2.000229
315.8600,1.728543
315.8800,1.066507
315.9000,0.649029
315.9200,0.459775
315.9400,0.767570
315.9600,1.416393
315.9800,1.098368
316.0000,1.230023
316.0200,1.435158
316.0400,2.109605
316.0600,2.421217
316.0800,3.410137
316.1000,3.600000
316.1200,3.600000
316.1400,3.598953
316.1600,2.234262
316.1800,1.203224
316.2000,0.088598
316.2200,0.046931
316.2400,0.047923
316.2600,0.077018
316.2800,0.078456
316.3000,0.143872
316.3200,0.367393
316.3400,0.300904
316.3600,0.544943
316.3800,0.388733
316.4000,0.575613
316.4200,0.699884
316.4400,0.546571
316.4600,1.020237
316.4800,1.318842
316.5000,1.616131
316.5200,1.160570
316.5400,0.816836
316.5600,0.449236
316.5800,0.269069
316.6000,0.171826
316.6200,0.578503
316.6400,1.110621
316.6600,1.120787
316.6800,1.368685
316.7000,1.459271
316.7200,1.363337
316.7400,0.943269
316.7600,0.753861
316.7800,0.796205
316.8000,0.447805
316.8200,0.244657
316.8400,0.176151
316.8600,0.117079
316.8800,0.427210
316.9000,0.810935
316.9200,0.736552
316.9400,0.608769
316.9600,0.575696
316.9800,0.966135
317.0000,1.162489
317.0200,0.817688
317.0400,0.452630
317.0600,0.253113
317.0800,0.326912
317.1000,0.560543
317.1200,0.320488
317.1400,0.296219
317.1600,0.374942
317.1800,0.301112
317.2000,0.496391
317.2200,0.314655
317.2400,0.452483
317.2600,1.149589
317.2800,1.843528
317.3000,1.934235
317.3200,2.191066
317.3400,3.292456
317.3600,3.497442
317.3800,3.514904
317.4000,3.264104
317.4200,3.595187
317.4400,3.393959
317.4600,2.941376
317.4800,3.057778
317.5000,2.921512
317.5200,2.765279
317.5400,2.514563
317.5600,3.062515
317.5800,2.372771
317.6000,1.529507
317.6200,0.863312
317.6400,0.673187
317.6600,0.484446
317.6800,0.332568
317.7000,0.222967
317.7200,0.228176
317.7400,0.358341
317.7600,0.533377
317.7800,0.400512
317.8000,0.372522
317.8200,0.477325
317.8400,0.542543
317.8600,0.460760
317.8800,0.482089
317.9000,0.796740
317.9200,0.642188
317.9400,0.400735
317.9600,0.723954
317.9800,0.671029
318.0000,0.394291
318.0200,0.683861
318.0400,1.346894
318.0600,2.085053
318.0800,2.350247
318.1000,2.523412
318.1200,2.810927
318.1400,2.262504
318.1600,1.656922
318.1800,1.472086
318.2000,1.352179
318.2200,0.877279
318.2400,0.480680
318.2600,0.682687
318.2800,1.681766
318.3000,2.379117
318.3200,2.520260
318.3400,2.858097
318.3600,3.000195
318.3800,2.954119
318.4000,3.096611
318.4200,3.025504
318.4400,2.936986
318.4600,2.925308
318.4800,2.654810
318.5000,2.088798
318.5200,1.762413
318.5400,1.909663
318.5600,2.014667
318.5800,1.417647
318.6000,1.046856
318.6200,1.025293
318.6400,1.292750
318.6600,1.286262
318.6800,1.047692
318.7000,0.697270
318.7200,0.387596
318.7400,0.279425
318.7600,0.335695
318.7800,0.298354
318.8000,0.495488
318.8200,0.711790
318.8400,0.957734
318.8600,1.028994
318.8800,1.596360
318.9000,2.368952
318.9200,2.312142
318.9400,2.000229
318.9600,1.728543
318.9800,1.066507
319.0000,0.649029
319.0200,0.459775
319.0400,0.767570
319.0600,1.416393
319.0800,1.098368
319.1000,1.230023
319.1200,1.435158
319.1400,2.109605
319.1600,2.421217
319.1800,3.410137
319.2000,3.600000
319.2200,3.600000
319.2400,3.598953
319.2600,2.234262
319.2800,1.203224
319.3000,0.088598
319.3200,0.046931
319.3400,0.047923
319.3600,0.077018
319.3800,0.078456
319.4000,0.143872
319.4200,0.367393
319.4400,0.300904
319.4600,0.544943
319.4800,0.388733
319.5000,0.575613
319.5200,0.699884
319.5400,0.546571
319.5600,1.020237
319.5800,1.318842
319.6000,1.616131
319.6200,1.160570
319.6400,0.816836
319.6600,0.449236
319.6800,0.269069
319.7000,0.171826
319.7200,0.578503
319.7400,1.110621
319.7600,1.120787
319.7800,1.368685
319.8000,1.459271
319.8200,1.363337
319.8400,0.943269
319.8600,0.753861
319.8800,0.796205
319.9000,0.447805
319.9200,0.244657
319.9400,0.176151
319.9600,0.117079
319.9800,0.427210
320.0000,0.810935
320.0200,0.736552
320.0400,0.608769
320.0600,0.575696
320.0800,0.966135
320.1000,1.162489
320.1200,0.817688
320.1400,0.452630
320.1600,0.253113
320.1800,0.326912
320.2000,0.560543
320.2200,0.320488
320.2400,0.296219
320.2600,0.374942
320.2800,0.301112
320.3000,0.496391
320.3200,0.314655
320.3400,0.452483
320.3600,1.149589
320.3800,1.843528
320.4000,1.934235
320.4200,2.191066
320.4400,3.292456
320.4600,3.497442
320.4800,3.514904
320.5000,3.264104
320.5200,3.595187
320.5400,3.393959
320.5600,2.941376
320.5800,3.057778
320.6000,2.921512
320.6200,2.765279
320.6400,2.514563
320.6600,3.062515
320.6800,2.372771
320.7000,1.529507
320.7200,0.863312
320.7400,0.673187
320.7600,0.484446
320.7800,0.332568
320.8000,0.222967
320.8200,0.228176
320.8400,0.358341
320.8600,0.533377
320.8800,0.400512
320.9000,0.372522
320.9200,0.477325
320.9400,0.542543
320.9600,0.460760
320.9800,0.482089
321.0000,0.796740
321.0200,0.642188
321.0400,0.400735
321.0600,0.723954
321.0800,0.671029
321.1000,0.394291
321.1200,0.683861
321.1400,1.346894
321.1600,2.085053
321.1800,2.350247
321.2000,2.523412
321.2200,2.810927
321.2400,2.262504
321.2600,1.656922
321.2800,1.472086
321.3000,1.352179
321.3200,0.877279
321.3400,0.480680
321.3600,0.682687
321.3800,1.681766
321.4000,2.379117
321.4200,2.520260
321.4400,2.858097
321.4600,3.000195
321.4800,2.954119
321.5000,3.096611
321.5200,3.025504
321.5400,2.936986
321.5600,2.925308
321.5800,2.654810
321.6000,2.088798
321.6200,1.762413
321.6400,1.909663
321.6600,2.014667
321.6800,1.417647
321.7000,1.046856
321.7200,1.025293
321.7400,1.292750
321.7600,1.286262
321.7800,1.047692
321.8000,0.697270
321.8200,0.387596
321.8400,0.279425
321.8600,0.335695
321.8800,0.298354
321.9000,0.495488
321.9200,0.711790
321.9400,0.957734
321.9600,1.028994
321.9800,1.596360
322.0000,2.368952
322.0200,2.312142
322.0400,2.000229
322.0600,1.728543
322.0800,1.066507
322.1000,0.649029
322.1200,0.459775
322.1400,0.767570
322.1600,1.416393
322.1800,1.098368
322.2000,1.230023
322.2200,1.435158
322.2400,2.109605
322.2600,2.421217
322.2800,3.410137
322.3000,3.600000
322.3200,3.600000
322.3400,3.598953
322.3600,2.234262
322.3800,1.203224
322.4000,0.088598
322.4200,0.046931
322.4400,0.047923
322.4600,0.077018
322.4800,0.078456
322.5000,0.143872
322.5200,0.367393
322.5400,0.300904
322.5600,0.544943
322.5800,0.388733
322.6000,0.575613
322.6200,0.699884
322.6400,0.546571
322.6600,1.020237
322.6800,1.318842
322.7000,1.616131
322.7200,1.160570
322.7400,0.816836
322.7600,0.449236
322.7800,0.269069
322.8000,0.171826
322.8200,0.578503
322.8400,1.110621
322.8600,1.120787
322.8800,1.368685
322.9000,1.459271
322.9200,1.363337
322.9400,0.943269
322.9600,0.753861
322.9800,0.796205
323.0000,0.447805
323.0200,0.244657
323.0400,0.176151
323.0600,0.117079
323.0800,0.427210
323.1000,0.810935
323.1200,0.736552
323.1400,0.608769
323.1600,0.575696
323.1800,0.966135
323.2000,1.162489
323.2200,0.817688
323.2400,0.452630
323.2600,0.253113
323.2800,0.326912
323.3000,0.560543
323.3200,0.320488
323.3400,0.296219
323.3600,0.374942
323.3800,0.301112
323.4000,0.496391
323.4200,0.314655
323.4400,0.452483
323.4600,1.149589
323.4800,1.843528
323.5000,1.934235
323.5200,2.191066
323.5400,3.292456
323.5600,3.497442
323.5800,3.514904
323.6000,3.264104
323.6200,3.595187
323.6400,3.393959
323.6600,2.941376
323.6800,3.057778
323.7000,2.921512
323.7200,2.765279
323.7400,2.514563
323.7600,3.062515
323.7800,2.372771
323.8000,1.529507
323.8200,0.863312
323.8400,0.673187
323.8600,0.484446
323.8800,0.332568
323.9000,0.222967
323.9200,0.228176
323.9400,0.358341
323.9600,0.533377
323.9800,0.400512
324.0000,0.372522
324.0200,0.477325
324.0400,0.542543
324.0600,0.460760
324.0800,0.482089
324.1000,0.796740
324.1200,0.642188
324.1400,0.400735
324.1600,0.723954
324.1800,0.671029
324.2000,0.394291
324.2200,0.683861
324.2400,1.346894
324.2600,2.085053
324.2800,2.350247
324.3000,2.523412
324.3200,2.810927
324.3400,2.262504
324.3600,1.656922
324.3800,1.472086
324.4000,1.352179
324.4200,0.877279
324.4400,0.480680
324.4600,0.682687
324.4800,1.681766
324.5000,2.379117
324.5200,2.520260
324.5400,2.858097
324.5600,3.000195
324.5800,2.954119
324.6000,3.096611
324.6200,3.025504
324.6400,2.936986
324.6600,2.925308
324.6800,2.654810
324.7000,2.088798
324.7200,1.762413
324.7400,1.909663
324.7600,2.014667
324.7800,1.417647
324.8000,1.046856
324.8200,1.025293
324.8400,1.292750
324.8600,1.286262
324.8800,1.047692
324.9000,0.697270
324.9200,0.387596
324.9400,0.279425
324.9600,0.335695
324.9800,0.298354
325.0000,0.495488
325.0200,0.711790
325.0400,0.957734
325.0600,1.028994
325.0800,1.596360
325.1000,2.368952
325.1200,2.312142
325.1400,2.000229
325.1600,1.728543
325.1800,1.066507
325.2000,0.649029
325.2200,0.459775
325.2400,0.767570
325.2600,1.416393
325.2800,1.098368
325.3000,1.230023
325.3200,1.435158
325.3400,2.109605
325.3600,2.421217
325.3800,3.410137
325.4000,3.600000
325.4200,3.600000
325.4400,3.598953
325.4600,2.234262
325.4800,1.203224
325.5000,0.088598
325.5200,0.046931
325.5400,0.047923
325.5600,0.077018
325.5800,0.078456
325.6000,0.143872
325.6200,0.367393
325.6400,0.300904
325.6600,0.544943
325.6800,0.388733
325.7000,0.575613
325.7200,0.699884
325.7400,0.546571
325.7600,1.020237
325.7800,1.318842
325.8000,1.616131
325.8200,1.160570
325.8400,0.816836
325.8600,0.449236
325.8800,0.269069
325.9000,0.171826
325.9200,0.578503
325.9400,1.110621
325.9600,1.120787
325.9800,1.368685
326.0000,1.459271
326.0200,1.363337
326.0400,0.943269
326.0600,0.753861
326.0800,0.796205
326.1000,0.447805
326.1200,0.244657
326.1400,0.176151
326.1600,0.117079
326.1800,0.427210
326.2000,0.810935
326.2200,0.736552
326.2400,0.608769
326.2600,0.575696
326.2800,0.966135
326.3000,1.162489
326.3200,0.817688
326.3400,0.452630
326.3600,0.253113
326.3800,0.326912
326.4000,0.560543
326.4200,0.320488
326.4400,0.296219
326.4600,0.374942
326.4800,0.301112
326.5000,0.496391
326.5200,0.314655
326.5400,0.452483
326.5600,1.149589
326.5800,1.843528
326.6000,1.934235
326.6200,2.191066
326.6400,3.292456
326.6600,3.497442
326.6800,3.514904
326.7000,3.264104
326.7200,3.595187
326.7400,3.393959
326.7600,2.941376
326.7800,3.057778
326.8000,2.921512
326.8200,2.765279
326.8400,2.514563
326.8600,3.062515
326.8800,2.372771
326.9000,1.529507
326.9200,0.863312
326.9400,0.673187
326.9600,0.484446
326.9800,0.332568
327.0000,0.222967
327.0200,0.228176
327.0400,0.358341
327.0600,0.533377
327.0800,0.400512
327.1000,0.372522
327.1200,0.477325
327.1400,0.542543
327.1600,0.460760
327.1800,0.482089
327.2000,0.796740
327.2200,0.642188
327.2400,0.400735
327.2600,0.723954
327.2800,0.671029
327.3000,0.394291
327.3200,0.683861
327.3400,1.346894
327.3600,2.085053
327.3800,2.350247
327.4000,2.523412
327.4200,2.810927
327.4400,2.262504
327.4600,1.656922
327.4800,1.472086
327.5000,1.352179
327.5200,0.877279
327.5400,0.480680
327.5600,0.682687
327.5800,1.681766
327.6000,2.379117
327.6200,2.520260
327.6400,2.858097
327.6600,3.000195
327.6800,2.954119
327.7000,3.096611
327.7200,3.025504
327.7400,2.936986
327.7600,2.925308
327.7800,2.654810
327.8000,2.088798
327.8200,1.762413
327.8400,1.909663
327.8600,2.014667
327.8800,1.417647
327.9000,1.046856
327.9200,1.025293
327.9400,1.292750
327.9600,1.286262
327.9800,1.047692
328.0000,0.697270
328.0200,0.387596
328.0400,0.279425
328.0600,0.335695
328.0800,0.298354
328.1000,0.495488
328.1200,0.711790
328.1400,0.957734
328.1600,1.028994
328.1800,1.596360
328.2000,2.368952
328.2200,2.312142
328.2400,2.000229
328.2600,1.728543
328.2800,1.066507
328.3000,0.649029
328.3200,0.459775
328.3400,0.767570
328.3600,1.416393
328.3800,1.098368
328.4000,1.230023
328.4200,1.435158
328.4400,2.109605
328.4600,2.421217
328.4800,3.410137
328.5000,3.600000
328.5200,3.600000
328.5400,3.598953
328.5600,2.234262
328.5800,1.203224
328.6000,0.088598
328.6200,0.046931
328.6400,0.047923
328.6600,0.077018
328.6800,0.078456
328.7000,0.143872
328.7200,0.367393
328.7400,0.300904
328.7600,0.544943
328.7800,0.388733
328.8000,0.575613
328.8200,0.699884
328.8400,0.546571
328.8600,1.020237
328.8800,1.318842
328.9000,1.616131
328.9200,1.160570
328.9400,0.816836
328.9600,0.449236
328.9800,0.269069
329.0000,0.171826
329.0200,0.578503
329.0400,1.110621
329.0600,1.120787
329.0800,1.368685
329.1000,1.459271
329.1200,1.363337
329.1400,0.943269
329.1600,0.753861
329.1800,0.796205
329.2000,0.447805
329.2200,0.244657
329.2400,0.176151
329.2600,0.117079
329.2800,0.427210
329.3000,0.810935
329.3200,0.736552
329.3400,0.608769
329.3600,0.575696
329.3800,0.966135
329.4000,1.162489
329.4200,0.817688
329.4400,0.452630
329.4600,0.253113
329.4800,0.326912
329.5000,0.560543
329.5200,0.320488
329.5400,0.296219
329.5600,0.374942
329.5800,0.301112
329.6000,0.496391
329.6200,0.314655
329.6400,0.452483
329.6600,1.149589
329.6800,1.843528
329.7000,1.934235
329.7200,2.191066
329.7400,3.292456
329.7600,3.497442
329.7800,3.514904
329.8000,3.264104
329.8200,3.595187
329.8400,3.393959
329.8600,2.941376
329.8800,3.057778
329.9000,2.921512
329.9200,2.765279
329.9400,2.514563
329.9600,3.062515
329.9800,2.372771
330.0000,1.529507
330.0200,0.863312
330.0400,0.673187
330.0600,0.484446
330.0800,0.332568
330.1000,0.222967
330.1200,0.228176
330.1400,0.358341
330.1600,0.533377
330.1800,0.400512
330.2000,0.372522
330.2200,0.477325
330.2400,0.542543
330.2600,0.460760
330.2800,0.482089
330.3000,0.796740
330.3200,0.642188
330.3400,0.400735
330.3600,0.723954
330.3800,0.671029
330.4000,0.394291
330.4200,0.683861
330.4400,1.346894
330.4600,2.085053
330.4800,2.350247
330.5000,2.523412
330.5200,2.810927
330.5400,2.262504
330.5600,1.656922
330.5800,1.472086
330.6000,1.352179
330.6200,0.877279
330.6400,0.480680
330.6600,0.682687
330.6800,1.681766
330.7000,2.379117
330.7200,2.520260
330.7400,2.858097
330.7600,3.000195
330.7800,2.954119
330.8000,3.096611
330.8200,3.025504
330.8400,2.936986
330.8600,2.925308
330.8800,2.654810
330.9000,2.088798
330.9200,1.762413
330.9400,1.909663
330.9600,2.014667
330.9800,1.417647
331.0000,1.046856
331.0200,1.025293
331.0400,1.292750
331.0600,1.286262
331.0800,1.047692
331.1000,0.697270
331.1200,0.387596
331.1400,0.279425
331.1600,0.335695
331.1800,0.298354
331.2000,0.495488
331.2200,0.711790
331.2400,0.957734
331.2600,1.028994
331.2800,1.596360
331.3000,2.368952
331.3200,2.312142
331.3400,2.000229
331.3600,1.728543
331.3800,1.066507
331.4000,0.649029
331.4200,0.459775
331.4400,0.767570
331.4600,1.416393
331.4800,1.098368
331.5000,1.230023
331.5200,1.435158
331.5400,2.109605
331.5600,2.421217
331.5800,3.410137
331.6000,3.600000
331.6200,3.600000
331.6400,3.598953
331.6600,2.234262
331.6800,1.203224
331.7000,0.088598
331.7200,0.046931
331.7400,0.047923
331.7600,0.077018
331.7800,0.078456
331.8000,0.143872
331.8200,0.367393
331.8400,0.300904
331.8600,0.544943
331.8800,0.388733
331.9000,0.575613
331.9200,0.699884
331.9400,0.546571
331.9600,1.020237
331.9800,1.318842
332.0000,1.616131
332.0200,1.160570
332.0400,0.816836
332.0600,0.449236
332.0800,0.269069
332.1000,0.171826
332.1200,0.578503
332.1400,1.110621
332.1600,1.120787
332.1800,1.368685
332.2000,1.459271
332.2200,1.363337
332.2400,0.943269
332.2600,0.753861
332.2800,0.796205
332.3000,0.447805
332.3200,0.244657
332.3400,0.176151
332.3600,0.117079
332.3800,0.427210
332.4000,0.810935
332.4200,0.736552
332.4400,0.608769
332.4600,0.575696
332.4800,0.966135
332.5000,1.162489
332.5200,0.817688
332.5400,0.452630
332.5600,0.253113
332.5800,0.326912
332.6000,0.560543
332.6200,0.320488
332.6400,0.296219
332.6600,0.374942
332.6800,0.301112
332.7000,0.496391
332.7200,0.314655
332.7400,0.452483
332.7600,1.149589
332.7800,1.843528
332.8000,1.934235
332.8200,2.191066
332.8400,3.292456
332.8600,3.497442
332.8800,3.514904
332.9000,3.264104
332.9200,3.595187
332.9400,3.393959
332.9600,2.941376
332.9800,3.057778
333.0000,2.921512
333.0200,2.765279
333.0400,2.514563
333.0600,3.062515
333.0800,2.372771
333.1000,1.529507
333.1200,0.863312
333.1400,0.673187
333.1600,0.484446
333.1800,0.332568
333.2000,0.222967
333.2200,0.228176
333.2400,0.358341
333.2600,0.533377
333.2800,0.400512
333.3000,0.372522
333.3200,0.477325
333.3400,0.542543
333.3600,0.460760
333.3800,0.482089
333.4000,0.796740
333.4200,0.642188
333.4400,0.400735
333.4600,0.723954
333.4800,0.671029
333.5000,0.394291
333.5200,0.683861
333.5400,1.346894
333.5600,2.085053
333.5800,2.350247
333.6000,2.523412
333.6200,2.810927
333.6400,2.262504
333.6600,1.656922
333.6800,1.472086
333.7000,1.352179
333.7200,0.877279
333.7400,0.480680
333.7600,0.682687
333.7800,1.681766
333.8000,2.379117
333.8200,2.520260
333.8400,2.858097
333.8600,3.000195
333.8800,2.954119
333.9000,3.096611
333.9200,3.025504
333.9400,2.936986
333.9600,2.925308
333.9800,2.654810
334.0000,2.088798
334.0200,1.762413
334.0400,1.909663
334.0600,2.014667
334.0800,1.417647
334.1000,1.046856
334.1200,1.025293
334.1400,1.292750
334.1600,1.286262
334.1800,1.047692
334.2000,0.697270
334.2200,0.387596
334.2400,0.279425
334.2600,0.335695
334.2800,0.298354
334.3000,0.495488
334.3200,0.711790
334.3400,0.957734
334.3600,1.028994
334.3800,1.596360
334.4000,2.368952
334.4200,2.312142
334.4400,2.000229
334.4600,1.728543
334.4800,1.066507
334.5000,0.649029
334.5200,0.459775
334.5400,0.767570
334.5600,1.416393
334.5800,1.098368
334.6000,1.230023
334.6200,1.435158
334.6400,2.109605
334.6600,2.421217
334.6800,3.410137
334.7000,3.600000
334.7200,3.600000
334.7400,3.598953
334.7600,2.234262
334.7800,1.203224
334.8000,0.088598
334.8200,0.046931
334.8400,0.047923
334.8600,0.077018
334.8800,0.078456
334.9000,0.143872
334.9200,0.367393
334.9400,0.300904
334.9600,0.544943
334.9800,0.388733
335.0000,0.575613
335.0200,0.699884
335.0400,0.546571
335.0600,1.020237
335.0800,1.318842
335.1000,1.616131
335.1200,1.160570
335.1400,0.816836
335.1600,0.449236
335.1800,0.269069
335.2000,0.171826
335.2200,0.578503
335.2400,1.110621
335.2600,1.120787
335.2800,1.368685
335.3000,1.459271
335.3200,1.363337
335.3400,0.943269
335.3600,0.753861
335.3800,0.796205
335.4000,0.447805
335.4200,0.244657
335.4400,0.176151
335.4600,0.117079
335.4800,0.427210
335.5000,0.810935
335.5200,0.736552
335.5400,0.608769
335.5600,0.575696
335.5800,0.966135
335.6000,1.162489
335.6200,0.817688
335.6400,0.452630
335.6600,0.253113
335.6800,0.326912
335.7000,0.560543
335.7200,0.320488
335.7400,0.296219
335.7600,0.374942
335.7800,0.301112
335.8000,0.496391
335.8200,0.314655
335.8400,0.452483
335.8600,1.149589
335.8800,1.843528
335.9000,1.934235
335.9200,2.191066
335.9400,3.292456
335.9600,3.497442
335.9800,3.514904
336.0000,3.264104
336.0200,3.595187
336.0400,3.393959
336.0600,2.941376
336.0800,3.057778
336.1000,2.921512
336.1200,2.765279
336.1400,2.514563
336.1600,3.062515
336.1800,2.372771
336.2000,1.529507
336.2200,0.863312
336.2400,0.673187
336.2600,0.484446
336.2800,0.332568
336.3000,0.222967
336.3200,0.228176
336.3400,0.358341
336.3600,0.533377
336.3800,0.400512
336.4000,0.372522
336.4200,0.477325
336.4400,0.542543
336.4600,0.460760
336.4800,0.482089
336.5000,0.796740
336.5200,0.642188
336.5400,0.400735
336.5600,0.723954
336.5800,0.671029
336.6000,0.394291
336.6200,0.683861
336.6400,1.346894
336.6600,2.085053
336.6800,2.350247
336.7000,2.523412
336.7200,2.810927
336.7400,2.262504
336.7600,1.656922
336.7800,1.472086
336.8000,1.352179
336.8200,0.877279
336.8400,0.480680
336.8600,0.682687
336.8800,1.681766
336.9000,2.379117
336.9200,2.520260
336.9400,2.858097
336.9600,3.000195
336.9800,2.954119
337.0000,3.096611
337.0200,3.025504
337.0400,2.936986
337.0600,2.925308
337.0800,2.654810
337.1000,2.088798
337.1200,1.762413
337.1400,1.909663
337.1600,2.014667
337.1800,1.417647
337.2000,1.046856
337.2200,1.025293
337.2400,1.292750
337.2600,1.286262
337.2800,1.047692
337.3000,0.697270
337.3200,0.387596
337.3400,0.279425
337.3600,0.335695
337.3800,0.298354
337.4000,0.495488
337.4200,0.711790
337.4400,0.957734
337.4600,1.028994
337.4800,1.596360
337.5000,2.368952
337.5200,2.312142
337.5400,2.000229
337.5600,1.728543
337.5800,1.066507
337.6000,0.649029
337.6200,0.459775
337.6400,0.767570
337.6600,1.416393
337.6800,1.098368
337.7000,1.230023
337.7200,1.435158
337.7400,2.109605
337.7600,2.421217
337.7800,3.410137
337.8000,3.600000
337.8200,3.600000
337.8400,3.598953
337.8600,2.234262
337.8800,1.203224
337.9000,0.088598
337.9200,0.046931
337.9400,0.047923
337.9600,0.077018
337.9800,0.078456
338.0000,0.143872
338.0200,0.367393
338.0400,0.300904
338.0600,0.544943
338.0800,0.388733
338.1000,0.575613
338.1200,0.699884
338.1400,0.546571
338.1600,1.020237
338.1800,1.318842
338.2000,1.616131
338.2200,1.160570
338.2400,0.816836
338.2600,0.449236
338.2800,0.269069
338.3000,0.171826
338.3200,0.578503
338.3400,1.110621
338.3600,1.120787
338.3800,1.368685
338.4000,1.459271
338.4200,1.363337
338.4400,0.943269
338.4600,0.753861
338.4800,0.796205
338.5000,0.447805
338.5200,0.244657
338.5400,0.176151
338.5600,0.117079
338.5800,0.427210
338.6000,0.810935
338.6200,0.736552
338.6400,0.608769
338.6600,0.575696
338.6800,0.966135
338.7000,1.162489
338.7200,0.817688
338.7400,0.452630
338.7600,0.253113
338.7800,0.326912
338.8000,0.560543
338.8200,0.320488
338.8400,0.296219
338.8600,0.374942
338.8800,0.301112
338.9000,0.496391
338.9200,0.314655
338.9400,0.452483
338.9600,1.149589
338.9800,1.843528
339.0000,1.934235
339.0200,2.191066
339.0400,3.292456
339.0600,3.497442
339.0800,3.514904
339.1000,3.264104
339.1200,3.595187
339.1400,3.393959
339.1600,2.941376
339.1800,3.057778
339.2000,2.921512
339.2200,2.765279
339.2400,2.514563
339.2600,3.062515
339.2800,2.372771
339.3000,1.529507
339.3200,0.863312
339.3400,0.673187
339.3600,0.484446
339.3800,0.332568
339.4000,0.222967
339.4200,0.228176
339.4400,0.358341
339.4600,0.533377
339.4800,0.400512
339.5000,0.372522
339.5200,0.477325
339.5400,0.542543
339.5600,0.460760
339.5800,0.482089
339.6000,0.796740
339.6200,0.642188
339.6400,0.400735
339.6600,0.723954
339.6800,0.671029
339.7000,0.394291
339.7200,0.683861
339.7400,1.346894
339.7600,2.085053
339.7800,2.350247
339.8000,2.523412
339.8200,2.810927
339.8400,2.262504
339.8600,1.656922
339.8800,1.472086
339.9000,1.352179
339.9200,0.877279
339.9400,0.480680
339.9600,0.682687
339.9800,1.681766
340.0000,2.379117
340.0200,2.520260
340.0400,2.858097
340.0600,3.000195
340.0800,2.954119
340.1000,3.096611
340.1200,3.025504
340.1400,2.936986
340.1600,2.925308
340.1800,2.654810
340.2000,2.088798
340.2200,1.762413
340.2400,1.909663
340.2600,2.014667
340.2800,1.417647
340.3000,1.046856
340.3200,1.025293
340.3400,1.292750
340.3600,1.286262
340.3800,1.047692
340.4000,0.697270
340.4200,0.387596
340.4400,0.279425
340.4600,0.335695
340.4800,0.298354
340.5000,0.495488
340.5200,0.711790
340.5400,0.957734
340.5600,1.028994
340.5800,1.596360
340.6000,2.368952
340.6200,2.312142
340.6400,2.000229
340.6600,1.728543
340.6800,1.066507
340.7000,0.649029
340.7200,0.459775
340.7400,0.767570
340.7600,1.416393
340.7800,1.098368
340.8000,1.230023
340.8200,1.435158
340.8400,2.109605
340.8600,2.421217
340.8800,3.410137
340.9000,3.600000
340.9200,3.600000
340.9400,3.598953
340.9600,2.234262
340.9800,1.203224
341.0000,0.088598
341.0200,0.046931
341.0400,0.047923
341.0600,0.077018
341.0800,0.078456
341.1000,0.143872
341.1200,0.367393
341.1400,0.300904
341.1600,0.544943
341.1800,0.388733
341.2000,0.575613
341.2200,0.699884
341.2400,0.546571
341.2600,1.020237
341.2800,1.318842
341.3000,1.616131
341.3200,1.160570
341.3400,0.816836
341.3600,0.449236
341.3800,0.269069
341.4000,0.171826
341.4200,0.578503
341.4400,1.110621
341.4600,1.120787
341.4800,1.368685
341.5000,1.459271
341.5200,1.363337
341.5400,0.943269
341.5600,0.753861
341.5800,0.796205
341.6000,0.447805
341.6200,0.244657
341.6400,0.176151
341.6600,0.117079
341.6800,0.427210
341.7000,0.810935
341.7200,0.736552
341.7400,0.608769
341.7600,0.575696
341.7800,0.966135
341.8000,1.162489
341.8200,0.817688
341.8400,0.452630
341.8600,0.253113
341.8800,0.326912
341.9000,0.560543
341.9200,0.320488
341.9400,0.296219
341.9600,0.374942
341.9800,0.301112
342.0000,0.496391
342.0200,0.314655
342.0400,0.452483
342.0600,1.149589
342.0800,1.843528
342.1000,1.934235
342.1200,2.191066
342.1400,3.292456
342.1600,3.497442
342.1800,3.514904
342.2000,3.264104
342.2200,3.595187
342.2400,3.393959
342.2600,2.941376
342.2800,3.057778
342.3000,2.921512
342.3200,2.765279
342.3400,2.514563
342.3600,3.062515
342.3800,2.372771
342.4000,1.529507
342.4200,0.863312
342.4400,0.673187
342.4600,0.484446
342.4800,0.332568
342.5000,0.222967
342.5200,0.228176
342.5400,0.358341
342.5600,0.533377
342.5800,0.400512
342.6000,0.372522
342.6200,0.477325
342.6400,0.542543
342.6600,0.460760
342.6800,0.482089
342.7000,0.796740
342.7200,0.642188
342.7400,0.400735
342.7600,0.723954
342.7800,0.671029
342.8000,0.394291
342.8200,0.683861
342.8400,1.346894
342.8600,2.085053
342.8800,2.350247
342.9000,2.523412
342.9200,2.810927
342.9400,2.262504
342.9600,1.656922
342.9800,1.472086
343.0000,1.352179
343.0200,0.877279
343.0400,0.480680
343.0600,0.682687
343.0800,1.681766
343.1000,2.379117
343.1200,2.520260
343.1400,2.858097
343.1600,3.000195
343.1800,2.954119
343.2000,3.096611
343.2200,3.025504
343.2400,2.936986
343.2600,2.925308
343.2800,2.654810
343.3000,2.088798
343.3200,1.762413
343.3400,1.909663
343.3600,2.014667
343.3800,1.417647
343.4000,1.046856
343.4200,1.025293
343.4400,1.292750
343.4600,1.286262
343.4800,1.047692
343.5000,0.697270
343.5200,0.387596
343.5400,0.279425
343.5600,0.335695
343.5800,0.298354
343.6000,0.495488
343.6200,0.711790
343.6400,0.957734
343.6600,1.028994
343.6800,1.596360
343.7000,2.368952
343.7200,2.312142
343.7400,2.000229
343.7600,1.728543
343.7800,1.066507
343.8000,0.649029
343.8200,0.459775
343.8400,0.767570
343.8600,1.416393
343.8800,1.098368
343.9000,1.230023
343.9200,1.435158
343.9400,2.109605
343.9600,2.421217
343.9800,3.410137
344.0000,3.600000
344.0200,3.600000
344.0400,3.598953
344.0600,2.234262
344.0800,1.203224
344.1000,0.088598
344.1200,0.046931
344.1400,0.047923
344.1600,0.077018
344.1800,0.078456
344.2000,0.143872
344.2200,0.367393
344.2400,0.300904
344.2600,0.544943
344.2800,0.388733
344.3000,0.575613
344.3200,0.699884
344.3400,0.546571
344.3600,1.020237
344.3800,1.318842
344.4000,1.616131
344.4200,1.160570
344.4400,0.816836
344.4600,0.449236
344.4800,0.269069
344.5000,0.171826
344.5200,0.578503
344.5400,1.110621
344.5600,1.120787
344.5800,1.368685
344.6000,1.459271
344.6200,1.363337
344.6400,0.943269
344.6600,0.753861
344.6800,0.796205
344.7000,0.447805
344.7200,0.244657
344.7400,0.176151
344.7600,0.117079
344.7800,0.427210
344.8000,0.810935
344.8200,0.736552
344.8400,0.608769
344.8600,0.575696
344.8800,0.966135
344.9000,1.162489
344.9200,0.817688
344.9400,0.452630
344.9600,0.253113
344.9800,0.326912
345.0000,0.560543
345.0200,0.320488
345.0400,0.296219
345.0600,0.374942
345.0800,0.301112
345.1000,0.496391
345.1200,0.314655
345.1400,0.452483
345.1600,1.149589
345.1800,1.843528
345.2000,1.934235
345.2200,2.191066
345.2400,3.292456
345.2600,3.497442
345.2800,3.514904
345.3000,3.264104
345.3200,3.595187
345.3400,3.393959
345.3600,2.941376
345.3800,3.057778
345.4000,2.921512
345.4200,2.765279
345.4400,2.514563
345.4600,3.062515
345.4800,2.372771
345.5000,1.529507
345.5200,0.863312
345.5400,0.673187
345.5600,0.484446
345.5800,0.332568
345.6000,0.222967
345.6200,0.228176
345.6400,0.358341
345.6600,0.533377
345.6800,0.400512
345.7000,0.372522
345.7200,0.477325
345.7400,0.542543
345.7600,0.460760
345.7800,0.482089
345.8000,0.796740
345.8200,0.642188
345.8400,0.400735
345.8600,0.723954
345.8800,0.671029
345.9000,0.394291
345.9200,0.683861
345.9400,1.346894
345.9600,2.085053
345.9800,2.350247
346.0000,2.523412
346.0200,2.810927
346.0400,2.262504
346.0600,1.656922
346.0800,1.472086
346.1000,1.352179
346.1200,0.877279
346.1400,0.480680
346.1600,0.682687
346.1800,1.681766
346.2000,2.379117
346.2200,2.520260
346.2400,2.858097
346.2600,3.000195
346.2800,2.954119
346.3000,3.096611
346.3200,3.025504
346.3400,2.936986
346.3600,2.925308
346.3800,2.654810
346.4000,2.088798
346.4200,1.762413
346.4400,1.909663
346.4600,2.014667
346.4800,1.417647
346.5000,1.046856
346.5200,1.025293
346.5400,1.292750
346.5600,1.286262
346.5800,1.047692
346.6000,0.697270
346.6200,0.387596
346.6400,0.279425
346.6600,0.335695
346.6800,0.298354
346.7000,0.495488
346.7200,0.711790
346.7400,0.957734
346.7600,1.028994
346.7800,1.596360
346.8000,2.368952
346.8200,2.312142
346.8400,2.000229
346.8600,1.728543
346.8800,1.066507
346.9000,0.649029
346.9200,0.459775
346.9400,0.767570
346.9600,1.416393
346.9800,1.098368
347.0000,1.230023
347.0200,1.435158
347.0400,2.109605
347.0600,2.421217
347.0800,3.410137
347.1000,3.600000
347.1200,3.600000
347.1400,3.598953
347.1600,2.234262
347.1800,1.203224
347.2000,0.088598
347.2200,0.046931
347.2400,0.047923
347.2600,0.077018
347.2800,0.078456
347.3000,0.143872
347.3200,0.367393
347.3400,0.300904
347.3600,0.544943
347.3800,0.388733
347.4000,0.575613
347.4200,0.699884
347.4400,0.546571
347.4600,1.020237
347.4800,1.318842
347.5000,1.616131
347.5200,1.160570
347.5400,0.816836
347.5600,0.449236
347.5800,0.269069
347.6000,0.171826
347.6200,0.578503
347.6400,1.110621
347.6600,1.120787
347.6800,1.368685
347.7000,1.459271
347.7200,1.363337
347.7400,0.943269
347.7600,0.753861
347.7800,0.796205
347.8000,0.447805
347.8200,0.244657
347.8400,0.176151
347.8600,0.117079
347.8800,0.427210
347.9000,0.810935
347.9200,0.736552
347.9400,0.608769
347.9600,0.575696
347.9800,0.966135
348.0000,1.162489
348.0200,0.817688
348.0400,0.452630
348.0600,0.253113
348.0800,0.326912
348.1000,0.560543
348.1200,0.320488
348.1400,0.296219
348.1600,0.374942
348.1800,0.301112
348.2000,0.496391
348.2200,0.314655
348.2400,0.452483
348.2600,1.149589
348.2800,1.843528
348.3000,1.934235
348.3200,2.191066
348.3400,3.292456
348.3600,3.497442
348.3800,3.514904
348.4000,3.264104
348.4200,3.595187
348.4400,3.393959
348.4600,2.941376
348.4800,3.057778
348.5000,2.921512
348.5200,2.765279
348.5400,2.514563
348.5600,3.062515
348.5800,2.372771
348.6000,1.529507
348.6200,0.863312
348.6400,0.673187
348.6600,0.484446
348.6800,0.332568
348.7000,0.222967
348.7200,0.228176
348.7400,0.358341
348.7600,0.533377
348.7800,0.400512
348.8000,0.372522
348.8200,0.477325
348.8400,0.542543
348.8600,0.460760
348.8800,0.482089
348.9000,0.796740
348.9200,0.642188
348.9400,0.400735
348.9600,0.723954
348.9800,0.671029
349.0000,0.394291
349.0200,0.683861
349.0400,1.346894
349.0600,2.085053
349.0800,2.350247
349.1000,2.523412
349.1200,2.810927
349.1400,2.262504
349.1600,1.656922
349.1800,1.472086
349.2000,1.352179
349.2200,0.877279
349.2400,0.480680
349.2600,0.682687
349.2800,1.681766
349.3000,2.379117
349.3200,2.520260
349.3400,2.858097
349.3600,3.000195
349.3800,2.954119
349.4000,3.096611
349.4200,3.025504
349.4400,2.936986
349.4600,2.925308
349.4800,2.654810
349.5000,2.088798
349.5200,1.762413
349.5400,1.909663
349.5600,2.014667
349.5800,1.417647
349.6000,1.046856
349.6200,1.025293
349.6400,1.292750
349.6600,1.286262
349.6800,1.047692
349.7000,0.697270
349.7200,0.387596
349.7400,0.279425
349.7600,0.335695
349.7800,0.298354
349.8000,0.495488
349.8200,0.711790
349.8400,0.957734
349.8600,1.028994
349.8800,1.596360
349.9000,2.368952
349.9200,2.312142
349.9400,2.000229
349.9600,1.728543
349.9800,1.066507
350.0000,0.649029
350.0200,0.459775
350.0400,0.767570
350.0600,1.416393
350.0800,1.098368
350.1000,1.230023
350.1200,1.435158
350.1400,2.109605
350.1600,2.421217
350.1800,3.410137
350.2000,3.600000
350.2200,3.600000
350.2400,3.598953
350.2600,2.234262
350.2800,1.203224
350.3000,0.088598
350.3200,0.046931
350.3400,0.047923
350.3600,0.077018
350.3800,0.078456
350.4000,0.143872
350.4200,0.367393
350.4400,0.300904
350.4600,0.544943
350.4800,0.388733
350.5000,0.575613
350.5200,0.699884
350.5400,0.546571
350.5600,1.020237
350.5800,1.318842
350.6000,1.616131
350.6200,1.160570
350.6400,0.816836
350.6600,0.449236
350.6800,0.269069
350.7000,0.171826
350.7200,0.578503
350.7400,1.110621
350.7600,1.120787
350.7800,1.368685
350.8000,1.459271
350.8200,1.363337
350.8400,0.943269
350.8600,0.753861
350.8800,0.796205
350.9000,0.447805
350.9200,0.244657
350.9400,0.176151
350.9600,0.117079
350.9800,0.427210
351.0000,0.810935
351.0200,0.736552
351.0400,0.608769
351.0600,0.575696
351.0800,0.966135
351.1000,1.162489
351.1200,0.817688
351.1400,0.452630
351.1600,0.253113
351.1800,0.326912
351.2000,0.560543
351.2200,0.320488
351.2400,0.296219
351.2600,0.374942
351.2800,0.301112
351.3000,0.496391
351.3200,0.314655
351.3400,0.452483
351.3600,1.149589
351.3800,1.843528
351.4000,1.934235
351.4200,2.191066
351.4400,3.292456
351.4600,3.497442
351.4800,3.514904
351.5000,3.264104
351.5200,3.595187
351.5400,3.393959
351.5600,2.941376
351.5800,3.057778
351.6000,2.921512
351.6200,2.765279
351.6400,2.514563
351.6600,3.062515
351.6800,2.372771
351.7000,1.529507
351.7200,0.863312
351.7400,0.673187
351.7600,0.484446
351.7800,0.332568
351.8000,0.222967
351.8200,0.228176
351.8400,0.358341
351.8600,0.533377
351.8800,0.400512
351.9000,0.372522
351.9200,0.477325
351.9400,0.542543
351.9600,0.460760
351.9800,0.482089
352.0000,0.796740
352.0200,0.642188
352.0400,0.400735
352.0600,0.723954
352.0800,0.671029
352.1000,0.394291
352.1200,0.683861
352.1400,1.346894
352.1600,2.085053
352.1800,2.350247
352.2000,2.523412
352.2200,2.810927
352.2400,2.262504
352.2600,1.656922
352.2800,1.472086
352.3000,1.352179
352.3200,0.877279
352.3400,0.480680
352.3600,0.682687
352.3800,1.681766
352.4000,2.379117
352.4200,2.520260
352.4400,2.858097
352.4600,3.000195
352.4800,2.954119
352.5000,3.096611
352.5200,3.025504
352.5400,2.936986
352.5600,2.925308
352.5800,2.654810
352.6000,2.088798
352.6200,1.762413
352.6400,1.909663
352.6600,2.014667
352.6800,1.417647
352.7000,1.046856
352.7200,1.025293
352.7400,1.292750
352.7600,1.286262
352.7800,1.047692
352.8000,0.697270
352.8200,0.387596
352.8400,0.279425
352.8600,0.335695
352.8800,0.298354
352.9000,0.495488
352.9200,0.711790
352.9400,0.957734
352.9600,1.028994
352.9800,1.596360
353.0000,2.368952
353.0200,2.312142
353.0400,2.000229
353.0600,1.728543
353.0800,1.066507
353.1000,0.649029
353.1200,0.459775
353.1400,0.767570
353.1600,1.416393
353.1800,1.098368
353.2000,1.230023
353.2200,1.435158
353.2400,2.109605
353.2600,2.421217
353.2800,3.410137
353.3000,3.600000
353.3200,3.600000
353.3400,3.598953
353.3600,2.234262
353.3800,1.203224
353.4000,0.088598
353.4200,0.046931
353.4400,0.047923
353.4600,0.077018
353.4800,0.078456
353.5000,0.143872
353.5200,0.367393
353.5400,0.300904
353.5600,0.544943
353.5800,0.388733
353.6000,0.575613
353.6200,0.699884
353.6400,0.546571
353.6600,1.020237
353.6800,1.318842
353.7000,1.616131
353.7200,1.160570
353.7400,0.816836
353.7600,0.449236
353.7800,0.269069
353.8000,0.171826
353.8200,0.578503
353.8400,1.110621
353.8600,1.120787
353.8800,1.368685
353.9000,1.459271
353.9200,1.363337
353.9400,0.943269
353.9600,0.753861
353.9800,0.796205
354.0000,0.447805
354.0200,0.244657
354.0400,0.176151
354.0600,0.117079
354.0800,0.427210
354.1000,0.810935
354.1200,0.736552
354.1400,0.608769
354.1600,0.575696
354.1800,0.966135
354.2000,1.162489
354.2200,0.817688
354.2400,0.452630
354.2600,0.253113
354.2800,0.326912
354.3000,0.560543
354.3200,0.320488
354.3400,0.296219
354.3600,0.374942
354.3800,0.301112
354.4000,0.496391
354.4200,0.314655
354.4400,0.452483
354.4600,1.149589
354.4800,1.843528
354.5000,1.934235
354.5200,2.191066
354.5400,3.292456
354.5600,3.497442
354.5800,3.514904
354.6000,3.264104
354.6200,3.595187
354.6400,3.393959
354.6600,2.941376
354.6800,3.057778
354.7000,2.921512
354.7200,2.765279
354.7400,2.514563
354.7600,3.062515
354.7800,2.372771
354.8000,1.529507
354.8200,0.863312
354.8400,0.673187
354.8600,0.484446
354.8800,0.332568
354.9000,0.222967
354.9200,0.228176
354.9400,0.358341
354.9600,0.533377
354.9800,0.400512
355.0000,0.372522
355.0200,0.477325
355.0400,0.542543
355.0600,0.460760
355.0800,0.482089
355.1000,0.796740
355.1200,0.642188
355.1400,0.400735
355.1600,0.723954
355.1800,0.671029
355.2000,0.394291
355.2200,0.683861
355.2400,1.346894
355.2600,2.085053
355.2800,2.350247
355.3000,2.523412
355.3200,2.810927
355.3400,2.262504
355.3600,1.656922
355.3800,1.472086
355.4000,1.352179
355.4200,0.877279
355.4400,0.480680
355.4600,0.682687
355.4800,1.681766
355.5000,2.379117
355.5200,2.520260
355.5400,2.858097
355.5600,3.000195
355.5800,2.954119
355.6000,3.096611
355.6200,3.025504
355.6400,2.936986
355.6600,2.925308
355.6800,2.654810
355.7000,2.088798
355.7200,1.762413
355.7400,1.909663
355.7600,2.014667
355.7800,1.417647
355.8000,1.046856
355.8200,1.025293
355.8400,1.292750
355.8600,1.286262
355.8800,1.047692
355.9000,0.697270
355.9200,0.387596
355.9400,0.279425
355.9600,0.335695
355.9800,0.298354
356.0000,0.495488
356.0200,0.711790
356.0400,0.957734
356.0600,1.028994
356.0800,1.596360
356.1000,2.368952
356.1200,2.312142
356.1400,2.000229
356.1600,1.728543
356.1800,1.066507
356.2000,0.649029
356.2200,0.459775
356.2400,0.767570
356.2600,1.416393
356.2800,1.098368
356.3000,1.230023
356.3200,1.435158
356.3400,2.109605
356.3600,2.421217
356.3800,3.410137
356.4000,3.600000
356.4200,3.600000
356.4400,3.598953
356.4600,2.234262
356.4800,1.203224
356.5000,0.088598
356.5200,0.046931
356.5400,0.047923
356.5600,0.077018
356.5800,0.078456
356.6000,0.143872
356.6200,0.367393
356.6400,0.300904
356.6600,0.544943
356.6800,0.388733
356.7000,0.575613
356.7200,0.699884
356.7400,0.546571
356.7600,1.020237
356.7800,1.318842
356.8000,1.616131
356.8200,1.160570
356.8400,0.816836
356.8600,0.449236
356.8800,0.269069
356.9000,0.171826
356.9200,0.578503
356.9400,1.110621
356.9600,1.120787
356.9800,1.368685
357.0000,1.459271
357.0200,1.363337
357.0400,0.943269
357.0600,0.753861
357.0800,0.796205
357.1000,0.447805
357.1200,0.244657
357.1400,0.176151
357.1600,0.117079
357.1800,0.427210
357.2000,0.810935
357.2200,0.736552
357.2400,0.608769
357.2600,0.575696
357.2800,0.966135
357.3000,1.162489
357.3200,0.817688
357.3400,0.452630
357.3600,0.253113
357.3800,0.326912
357.4000,0.560543
357.4200,0.320488
357.4400,0.296219
357.4600,0.374942
357.4800,0.301112
357.5000,0.496391
357.5200,0.314655
357.5400,0.452483
357.5600,1.149589
357.5800,1.843528
357.6000,1.934235
357.6200,2.191066
357.6400,3.292456
357.6600,3.497442
357.6800,3.514904
357.7000,3.264104
357.7200,3.595187
357.7400,3.393959
357.7600,2.941376
357.7800,3.057778
357.8000,2.921512
357.8200,2.765279
357.8400,2.514563
357.8600,3.062515
357.8800,2.372771
357.9000,1.529507
357.9200,0.863312
357.9400,0.673187
357.9600,0.484446
357.9800,0.332568
358.0000,0.222967
358.0200,0.228176
358.0400,0.358341
358.0600,0.533377
358.0800,0.400512
358.1000,0.372522
358.1200,0.477325
358.1400,0.542543
358.1600,0.460760
358.1800,0.482089
358.2000,0.796740
358.2200,0.642188
358.2400,0.400735
358.2600,0.723954
358.2800,0.671029
358.3000,0.394291
358.3200,0.683861
358.3400,1.346894
358.3600,2.085053
358.3800,2.350247
358.4000,2.523412
358.4200,2.810927
358.4400,2.262504
358.4600,1.656922
358.4800,1.472086
358.5000,1.352179
358.5200,0.877279
358.5400,0.480680
358.5600,0.682687
358.5800,1.681766
358.6000,2.379117
358.6200,2.520260
358.6400,2.858097
358.6600,3.000195
358.6800,2.954119
358.7000,3.096611
358.7200,3.025504
358.7400,2.936986
358.7600,2.925308
358.7800,2.654810
358.8000,2.088798
358.8200,1.762413
358.8400,1.909663
358.8600,2.014667
358.8800,1.417647
358.9000,1.046856
358.9200,1.025293
358.9400,1.292750
358.9600,1.286262
358.9800,1.047692
359.0000,0.697270
359.0200,0.387596
359.0400,0.279425
359.0600,0.335695
359.0800,0.298354
359.1000,0.495488
359.1200,0.711790
359.1400,0.957734
359.1600,1.028994
359.1800,1.596360
359.2000,2.368952
359.2200,2.312142
359.2400,2.000229
359.2600,1.728543
359.2800,1.066507
359.3000,0.649029
359.3200,0.459775
359.3400,0.767570
359.3600,1.416393
359.3800,1.098368
359.4000,1.230023
359.4200,1.435158
359.4400,2.109605
359.4600,2.421217
359.4800,3.410137
359.5000,3.600000
359.5200,3.600000
359.5400,3.598953
359.5600,2.234262
359.5800,1.203224
359.6000,0.088598
359.6200,0.046931
359.6400,0.047923
359.6600,0.077018
359.6800,0.078456
359.7000,0.143872
359.7200,0.367393
359.7400,0.300904
359.7600,0.544943
359.7800,0.388733
359.8000,0.575613
359.8200,0.699884
359.8400,0.546571
359.8600,1.020237
359.8800,1.318842
359.9000,1.616131
359.9200,1.160570
359.9400,0.816836
359.9600,0.449236
359.9800,0.269069
360.0000,0.171826
360.0200,0.578503
360.0400,1.110621
360.0600,1.120787
360.0800,1.368685
360.1000,1.459271
360.1200,1.363337
360.1400,0.943269
360.1600,0.753861
360.1800,0.796205
360.2000,0.447805
360.2200,0.244657
360.2400,0.176151
360.2600,0.117079
360.2800,0.427210
360.3000,0.810935
360.3200,0.736552
360.3400,0.608769
360.3600,0.575696
360.3800,0.966135
360.4000,1.162489
360.4200,0.817688
360.4400,0.452630
360.4600,0.253113
360.4800,0.326912
360.5000,0.560543
360.5200,0.320488
360.5400,0.296219
360.5600,0.374942
360.5800,0.301112
360.6000,0.496391
360.6200,0.314655
360.6400,0.452483
360.6600,1.149589
360.6800,1.843528
360.7000,1.934235
360.7200,2.191066
360.7400,3.292456
360.7600,3.497442
360.7800,3.514904
360.8000,3.264104
360.8200,3.595187
360.8400,3.393959
360.8600,2.941376
360.8800,3.057778
360.9000,2.921512
360.9200,2.765279
360.9400,2.514563
360.9600,3.062515
360.9800,2.372771
361.0000,1.529507
361.0200,0.863312
361.0400,0.673187
361.0600,0.484446
361.0800,0.332568
361.1000,0.222967
361.1200,0.228176
361.1400,0.358341
361.1600,0.533377
361.1800,0.400512
361.2000,0.372522
361.2200,0.477325
361.2400,0.542543
361.2600,0.460760
361.2800,0.482089
361.3000,0.796740
361.3200,0.642188
361.3400,0.400735
361.3600,0.723954
361.3800,0.671029
361.4000,0.394291
361.4200,0.683861
361.4400,1.346894
361.4600,2.085053
361.4800,2.350247
361.5000,2.523412
361.5200,2.810927
361.5400,2.262504
361.5600,1.656922
361.5800,1.472086
361.6000,1.352179
361.6200,0.877279
361.6400,0.480680
361.6600,0.682687
361.6800,1.681766
361.7000,2.379117
361.7200,2.520260
361.7400,2.858097
361.7600,3.000195
361.7800,2.954119
361.8000,3.096611
361.8200,3.025504
361.8400,2.936986
361.8600,2.925308
361.8800,2.654810
361.9000,2.088798
361.9200,1.762413
361.9400,1.909663
361.9600,2.014667
361.9800,1.417647
362.0000,1.046856
362.0200,1.025293
362.0400,1.292750
362.0600,1.286262
362.0800,1.047692
362.1000,0.697270
362.1200,0.387596
362.1400,0.279425
362.1600,0.335695
362.1800,0.298354
362.2000,0.495488
362.2200,0.711790
362.2400,0.957734
362.2600,1.028994
362.2800,1.596360
362.3000,2.368952
362.3200,2.312142
362.3400,2.000229
362.3600,1.728543
362.3800,1.066507
362.4000,0.649029
362.4200,0.459775
362.4400,0.767570
362.4600,1.416393
362.4800,1.098368
362.5000,1.230023
362.5200,1.435158
362.5400,2.109605
362.5600,2.421217
362.5800,3.410137
362.6000,3.600000
362.6200,3.600000
362.6400,3.598953
362.6600,2.234262
362.6800,1.203224
362.7000,0.088598
362.7200,0.046931
362.7400,0.047923
362.7600,0.077018
362.7800,0.078456
362.8000,0.143872
362.8200,0.367393
362.8400,0.300904
362.8600,0.544943
362.8800,0.388733
362.9000,0.575613
362.9200,0.699884
362.9400,0.546571
362.9600,1.020237
362.9800,1.318842
363.0000,1.616131
363.0200,1.160570
363.0400,0.816836
363.0600,0.449236
363.0800,0.269069
363.1000,0.171826
363.1200,0.578503
363.1400,1.110621
363.1600,1.120787
363.1800,1.368685
363.2000,1.459271
363.2200,1.363337
363.2400,0.943269
363.2600,0.753861
363.2800,0.796205
363.3000,0.447805
363.3200,0.244657
363.3400,0.176151
363.3600,0.117079
363.3800,0.427210
363.4000,0.810935
363.4200,0.736552
363.4400,0.608769
363.4600,0.575696
363.4800,0.966135
363.5000,1.162489
363.5200,0.817688
363.5400,0.452630
363.5600,0.253113
363.5800,0.326912
363.6000,0.560543
363.6200,0.320488
363.6400,0.296219
363.6600,0.374942
363.6800,0.301112
363.7000,0.496391
363.7200,0.314655
363.7400,0.452483
363.7600,1.149589
363.7800,1.843528
363.8000,1.934235
363.8200,2.191066
363.8400,3.292456
363.8600,3.497442
363.8800,3.514904
363.9000,3.264104
363.9200,3.595187
363.9400,3.393959
363.9600,2.941376
363.9800,3.057778
364.0000,2.921512
364.0200,2.765279
364.0400,2.514563
364.0600,3.062515
364.0800,2.372771
364.1000,1.529507
364.1200,0.863312
364.1400,0.673187
364.1600,0.484446
364.1800,0.332568
364.2000,0.222967
364.2200,0.228176
364.2400,0.358341
364.2600,0.533377
364.2800,0.400512
364.3000,0.372522
364.3200,0.477325
364.3400,0.542543
364.3600,0.460760
364.3800,0.482089
364.4000,0.796740
364.4200,0.642188
364.4400,0.400735
364.4600,0.723954
364.4800,0.671029
364.5000,0.394291
364.5200,0.683861
364.5400,1.346894
364.5600,2.085053
364.5800,2.350247
364.6000,2.523412
364.6200,2.810927
364.6400,2.262504
364.6600,1.656922
364.6800,1.472086
364.7000,1.352179
364.7200,0.877279
364.7400,0.480680
364.7600,0.682687
364.7800,1.681766
364.8000,2.379117
364.8200,2.520260
364.8400,2.858097
364.8600,3.000195
364.8800,2.954119
364.9000,3.096611
364.9200,3.025504
364.9400,2.936986
364.9600,2.925308
364.9800,2.654810
365.0000,2.088798
365.0200,1.762413
365.0400,1.909663
365.0600,2.014667
365.0800,1.417647
365.1000,1.046856
365.1200,1.025293
365.1400,1.292750
365.1600,1.286262
365.1800,1.047692
365.2000,0.697270
365.2200,0.387596
365.2400,0.279425
365.2600,0.335695
365.2800,0.298354
365.3000,0.495488
365.3200,0.711790
365.3400,0.957734
365.3600,1.028994
365.3800,1.596360
365.4000,2.368952
365.4200,2.312142
365.4400,2.000229
365.4600,1.728543
365.4800,1.066507
365.5000,0.649029
365.5200,0.459775
365.5400,0.767570
365.5600,1.416393
365.5800,1.098368
365.6000,1.230023
365.6200,1.435158
365.6400,2.109605
365.6600,2.421217
365.6800,3.410137
365.7000,3.600000
365.7200,3.600000
365.7400,3.598953
365.7600,2.234262
365.7800,1.203224
365.8000,0.088598
365.8200,0.046931
365.8400,0.047923
365.8600,0.077018
365.8800,0.078456
365.9000,0.143872
365.9200,0.367393
365.9400,0.300904
365.9600,0.544943
365.9800,0.388733
366.0000,0.575613
366.0200,0.699884
366.0400,0.546571
366.0600,1.020237
366.0800,1.318842
366.1000,1.616131
366.1200,1.160570
366.1400,0.816836
366.1600,0.449236
366.1800,0.269069
366.2000,0.171826
366.2200,0.578503
366.2400,1.110621
366.2600,1.120787
366.2800,1.368685
366.3000,1.459271
366.3200,1.363337
366.3400,0.943269
366.3600,0.753861
366.3800,0.796205
366.4000,0.447805
366.4200,0.244657
366.4400,0.176151
366.4600,0.117079
366.4800,0.427210
366.5000,0.810935
366.5200,0.736552
366.5400,0.608769
366.5600,0.575696
366.5800,0.966135
366.6000,1.162489
366.6200,0.817688
366.6400,0.452630
366.6600,0.253113
366.6800,0.326912
366.7000,0.560543
366.7200,0.320488
366.7400,0.296219
366.7600,0.374942
366.7800,0.301112
366.8000,0.496391
366.8200,0.314655
366.8400,0.452483
366.8600,1.149589
366.8800,1.843528
366.9000,1.934235
366.9200,2.191066
366.9400,3.292456
366.9600,3.497442
366.9800,3.514904
367.0000,3.264104
367.0200,3.595187
367.0400,3.393959
367.0600,2.941376
367.0800,3.057778
367.1000,2.921512
367.1200,2.765279
367.1400,2.514563
367.1600,3.062515
367.1800,2.372771
367.2000,1.529507
367.2200,0.863312
367.2400,0.673187
367.2600,0.484446
367.2800,0.332568
367.3000,0.222967
367.3200,0.228176
367.3400,0.358341
367.3600,0.533377
367.3800,0.400512
367.4000,0.372522
367.4200,0.477325
367.4400,0.542543
367.4600,0.460760
367.4800,0.482089
367.5000,0.796740
367.5200,0.642188
367.5400,0.400735
367.5600,0.723954
367.5800,0.671029
367.6000,0.394291
367.6200,0.683861
367.6400,1.346894
367.6600,2.085053
367.6800,2.350247
367.7000,2.523412
367.7200,2.810927
367.7400,2.262504
367.7600,1.656922
367.7800,1.472086
367.8000,1.352179
367.8200,0.877279
367.8400,0.480680
367.8600,0.682687
367.8800,1.681766
367.9000,2.379117
367.9200,2.520260
367.9400,2.858097
367.9600,3.000195
367.9800,2.954119
368.0000,3.096611
368.0200,3.025504
368.0400,2.936986
368.0600,2.925308
368.0800,2.654810
368.1000,2.088798
368.1200,1.762413
368.1400,1.909663
368.1600,2.014667
368.1800,1.417647
368.2000,1.046856
368.2200,1.025293
368.2400,1.292750
368.2600,1.286262
368.2800,1.047692
368.3000,0.697270
368.3200,0.387596
368.3400,0.279425
368.3600,0.335695
368.3800,0.298354
368.4000,0.495488
368.4200,0.711790
368.4400,0.957734
368.4600,1.028994
368.4800,1.596360
368.5000,2.368952
368.5200,2.312142
368.5400,2.000229
368.5600,1.728543
368.5800,1.066507
368.6000,0.649029
368.6200,0.459775
368.6400,0.767570
368.6600,1.416393
368.6800,1.098368
368.7000,1.230023
368.7200,1.435158
368.7400,2.109605
368.7600,2.421217
368.7800,3.410137
368.8000,3.600000
368.8200,3.600000
368.8400,3.598953
368.8600,2.234262
368.8800,1.203224
368.9000,0.088598
368.9200,0.046931
368.9400,0.047923
368.9600,0.077018
368.9800,0.078456
369.0000,0.143872
369.0200,0.367393
369.0400,0.300904
369.0600,0.544943
369.0800,0.388733
369.1000,0.575613
369.1200,0.699884
369.1400,0.546571
369.1600,1.020237
369.1800,1.318842
369.2000,1.616131
369.2200,1.160570
369.2400,0.816836
369.2600,0.449236
369.2800,0.269069
369.3000,0.171826
369.3200,0.578503
369.3400,1.110621
369.3600,1.120787
369.3800,1.368685
369.4000,1.459271
369.4200,1.363337
369.4400,0.943269
369.4600,0.753861
369.4800,0.796205
369.5000,0.447805
369.5200,0.244657
369.5400,0.176151
369.5600,0.117079
369.5800,0.427210
369.6000,0.810935
369.6200,0.736552
369.6400,0.608769
369.6600,0.575696
369.6800,0.966135
369.7000,1.162489
369.7200,0.817688
369.7400,0.452630
369.7600,0.253113
369.7800,0.326912
369.8000,0.560543
369.8200,0.320488
369.8400,0.296219
369.8600,0.374942
369.8800,0.301112
369.9000,0.496391
369.9200,0.314655
369.9400,0.452483
369.9600,1.149589
369.9800,1.843528
370.0000,1.934235
370.0200,2.191066
370.0400,3.292456
370.0600,3.497442
370.0800,3.514904
370.1000,3.264104
370.1200,3.595187
370.1400,3.393959
370.1600,2.941376
370.1800,3.057778
370.2000,2.921512
370.2200,2.765279
370.2400,2.514563
370.2600,3.062515
370.2800,2.372771
370.3000,1.529507
370.3200,0.863312
370.3400,0.673187
370.3600,0.484446
370.3800,0.332568
370.4000,0.222967
370.4200,0.228176
370.4400,0.358341
370.4600,0.533377
370.4800,0.400512
370.5000,0.372522
370.5200,0.477325
370.5400,0.542543
370.5600,0.460760
370.5800,0.482089
370.6000,0.796740
370.6200,0.642188
370.6400,0.400735
370.6600,0.723954
370.6800,0.671029
370.7000,0.394291
370.7200,0.683861
370.7400,1.346894
370.7600,2.085053
370.7800,2.350247
370.8000,2.523412
370.8200,2.810927
370.8400,2.262504
370.8600,1.656922
370.8800,1.472086
370.9000,1.352179
370.9200,0.877279
370.9400,0.480680
370.9600,0.682687
370.9800,1.681766
371.0000,2.379117
371.0200,2.520260
371.0400,2.858097
371.0600,3.000195
371.0800,2.954119
371.1000,3.096611
371.1200,3.025504
371.1400,2.936986
371.1600,2.925308
371.1800,2.654810
371.2000,2.088798
371.2200,1.762413
371.2400,1.909663
371.2600,2.014667
371.2800,1.417647
371.3000,1.046856
371.3200,1.025293
371.3400,1.292750
371.3600,1.286262
371.3800,1.047692
371.4000,0.697270
371.4200,0.387596
371.4400,0.279425
371.4600,0.335695
371.4800,0.298354
371.5000,0.495488
371.5200,0.711790
371.5400,0.957734
371.5600,1.028994
371.5800,1.596360
371.6000,2.368952
371.6200,2.312142
371.6400,2.000229
371.6600,1.728543
371.6800,1.066507
371.7000,0.649029
371.7200,0.459775
371.7400,0.767570
371.7600,1.416393
371.7800,1.098368
371.8000,1.230023
371.8200,1.435158
371.8400,2.109605
371.8600,2.421217
371.8800,3.410137
371.9000,3.600000
371.9200,3.600000
371.9400,3.598953
371.9600,2.234262
371.9800,1.203224
372.0000,0.088598
372.0200,0.046931
372.0400,0.047923
372.0600,0.077018
372.0800,0.078456
372.1000,0.143872
372.1200,0.367393
372.1400,0.300904
372.1600,0.544943
372.1800,0.388733
372.2000,0.575613
372.2200,0.699884
372.2400,0.546571
372.2600,1.020237
372.2800,1.318842
372.3000,1.616131
372.3200,1.160570
372.3400,0.816836
372.3600,0.449236
372.3800,0.269069
372.4000,0.171826
372.4200,0.578503
372.4400,1.110621
372.4600,1.120787
372.4800,1.368685
372.5000,1.459271
372.5200,1.363337
372.5400,0.943269
372.5600,0.753861
372.5800,0.796205
372.6000,0.447805
372.6200,0.244657
372.6400,0.176151
372.6600,0.117079
372.6800,0.427210
372.7000,0.810935
372.7200,0.736552
372.7400,0.608769
372.7600,0.575696
372.7800,0.966135
372.8000,1.162489
372.8200,0.817688
372.8400,0.452630
372.8600,0.253113
372.8800,0.326912
372.9000,0.560543
372.9200,0.320488
372.9400,0.296219
372.9600,0.374942
372.9800,0.301112
373.0000,0.496391
373.0200,0.314655
373.0400,0.452483
373.0600,1.149589
373.0800,1.843528
373.1000,1.934235
373.1200,2.191066
373.1400,3.292456
373.1600,3.497442
373.1800,3.514904
373.2000,3.264104
373.2200,3.595187
373.2400,3.393959
373.2600,2.941376
373.2800,3.057778
373.3000,2.921512
373.3200,2.765279
373.3400,2.514563
373.3600,3.062515
373.3800,2.372771
373.4000,1.529507
373.4200,0.863312
373.4400,0.673187
373.4600,0.484446
373.4800,0.332568
373.5000,0.222967
373.5200,0.228176
373.5400,0.358341
373.5600,0.533377
373.5800,0.400512
373.6000,0.372522
373.6200,0.477325
373.6400,0.542543
373.6600,0.460760
373.6800,0.482089
373.7000,0.796740
373.7200,0.642188
373.7400,0.400735
373.7600,0.723954
373.7800,0.671029
373.8000,0.394291
373.8200,0.683861
373.8400,1.346894
373.8600,2.085053
373.8800,2.350247
373.9000,2.523412
373.9200,2.810927
373.9400,2.262504
373.9600,1.656922
373.9800,1.472086
374.0000,1.352179
374.0200,0.877279
374.0400,0.480680
374.0600,0.682687
374.0800,1.681766
374.1000,2.379117
374.1200,2.520260
374.1400,2.858097
374.1600,3.000195
374.1800,2.954119
374.2000,3.096611
374.2200,3.025504
374.2400,2.936986
374.2600,2.925308
374.2800,2.654810
374.3000,2.088798
374.3200,1.762413
374.3400,1.909663
374.3600,2.014667
374.3800,1.417647
374.4000,1.046856
374.4200,1.025293
374.4400,1.292750
374.4600,1.286262
374.4800,1.047692
374.5000,0.697270
374.5200,0.387596
374.5400,0.279425
374.5600,0.335695
374.5800,0.298354
374.6000,0.495488
374.6200,0.711790
374.6400,0.957734
374.6600,1.028994
374.6800,1.596360
374.7000,2.368952
374.7200,2.312142
374.7400,2.000229
374.7600,1.728543
374.7800,1.066507
374.8000,0.649029
374.8200,0.459775
374.8400,0.767570
374.8600,1.416393
374.8800,1.098368
374.9000,1.230023
374.9200,1.435158
374.9400,2.109605
374.9600,2.421217
374.9800,3.410137
375.0000,3.600000
375.0200,3.600000
375.0400,3.598953
375.0600,2.234262
375.0800,1.203224
375.1000,0.088598
375.1200,0.046931
375.1400,0.047923
375.1600,0.077018
375.1800,0.078456
375.2000,0.143872
375.2200,0.367393
375.2400,0.300904
375.2600,0.544943
375.2800,0.388733
375.3000,0.575613
375.3200,0.699884
375.3400,0.546571
375.3600,1.020237
375.3800,1.318842
375.4000,1.616131
375.4200,1.160570
375.4400,0.816836
375.4600,0.449236
375.4800,0.269069
375.5000,0.171826
375.5200,0.578503
375.5400,1.110621
375.5600,1.120787
375.5800,1.368685
375.6000,1.459271
375.6200,1.363337
375.6400,0.943269
375.6600,0.753861
375.6800,0.796205
375.7000,0.447805
375.7200,0.244657
375.7400,0.176151
375.7600,0.117079
375.7800,0.427210
375.8000,0.810935
375.8200,0.736552
375.8400,0.608769
375.8600,0.575696
375.8800,0.966135
375.9000,1.162489
375.9200,0.817688
375.9400,0.452630
375.9600,0.253113
375.9800,0.326912
376.0000,0.560543
376.0200,0.320488
376.0400,0.296219
376.0600,0.374942
376.0800,0.301112
376.1000,0.496391
376.1200,0.314655
376.1400,0.452483
376.1600,1.149589
376.1800,1.843528
376.2000,1.934235
376.2200,2.191066
376.2400,3.292456
376.2600,3.497442
376.2800,3.514904
376.3000,3.264104
376.3200,3.595187
376.3400,3.393959
376.3600,2.941376
376.3800,3.057778
376.4000,2.921512
376.4200,2.765279
376.4400,2.514563
376.4600,3.062515
376.4800,2.372771
376.5000,1.529507
376.5200,0.863312
376.5400,0.673187
376.5600,0.484446
376.5800,0.332568
376.6000,0.222967
376.6200,0.228176
376.6400,0.358341
376.6600,0.533377
376.6800,0.400512
376.7000,0.372522
376.7200,0.477325
376.7400,0.542543
376.7600,0.460760
376.7800,0.482089
376.8000,0.796740
376.8200,0.642188
376.8400,0.400735
376.8600,0.723954
376.8800,0.671029
376.9000,0.394291
376.9200,0.683861
376.9400,1.346894
376.9600,2.085053
376.9800,2.350247
377.0000,2.523412
377.0200,2.810927
377.0400,2.262504
377.0600,1.656922
377.0800,1.472086
377.1000,1.352179
377.1200,0.877279
377.1400,0.480680
377.1600,0.682687
377.1800,1.681766
377.2000,2.379117
377.2200,2.520260
377.2400,2.858097
377.2600,3.000195
377.2800,2.954119
377.3000,3.096611
377.3200,3.025504
377.3400,2.936986
377.3600,2.925308
377.3800,2.654810
377.4000,2.088798
377.4200,1.762413
377.4400,1.909663
377.4600,2.014667
377.4800,1.417647
377.5000,1.046856
377.5200,1.025293
377.5400,1.292750
377.5600,1.286262
377.5800,1.047692
377.6000,0.697270
377.6200,0.387596
377.6400,0.279425
377.6600,0.335695
377.6800,0.298354
377.7000,0.495488
377.7200,0.711790
377.7400,0.957734
377.7600,1.028994
377.7800,1.596360
377.8000,2.368952
377.8200,2.312142
377.8400,2.000229
377.8600,1.728543
377.8800,1.066507
377.9000,0.649029
377.9200,0.459775
377.9400,0.767570
377.9600,1.416393
377.9800,1.098368
378.0000,1.230023
378.0200,1.435158
378.0400,2.109605
378.0600,2.421217
378.0800,3.410137
378.1000,3.600000
378.1200,3.600000
378.1400,3.598953
378.1600,2.234262
378.1800,1.203224
378.2000,0.088598
378.2200,0.046931
378.2400,0.047923
378.2600,0.077018
378.2800,0.078456
378.3000,0.143872
378.3200,0.367393
378.3400,0.300904
378.3600,0.544943
378.3800,0.388733
378.4000,0.575613
378.4200,0.699884
378.4400,0.546571
378.4600,1.020237
378.4800,1.318842
378.5000,1.616131
378.5200,1.160570
378.5400,0.816836
378.5600,0.449236
378.5800,0.269069
378.6000,0.171826
378.6200,0.578503
378.6400,1.110621
378.6600,1.120787
378.6800,1.368685
378.7000,1.459271
378.7200,1.363337
378.7400,0.943269
378.7600,0.753861
378.7800,0.796205
378.8000,0.447805
378.8200,0.244657
378.8400,0.176151
378.8600,0.117079
378.8800,0.427210
378.9000,0.810935
378.9200,0.736552
378.9400,0.608769
378.9600,0.575696
378.9800,0.966135
379.0000,1.162489
379.0200,0.817688
379.0400,0.452630
379.0600,0.253113
379.0800,0.326912
379.1000,0.560543
379.1200,0.320488
379.1400,0.296219
379.1600,0.374942
379.1800,0.301112
379.2000,0.496391
379.2200,0.314655
379.2400,0.452483
379.2600,1.149589
379.2800,1.843528
379.3000,1.934235
379.3200,2.191066
379.3400,3.292456
379.3600,3.497442
379.3800,3.514904
379.4000,3.264104
379.4200,3.595187
379.4400,3.393959
379.4600,2.941376
379.4800,3.057778
379.5000,2.921512
379.5200,2.765279
379.5400,2.514563
379.5600,3.062515
379.5800,2.372771
379.6000,1.529507
379.6200,0.863312
379.6400,0.673187
379.6600,0.484446
379.6800,0.332568
379.7000,0.222967
379.7200,0.228176
379.7400,0.358341
379.7600,0.533377
379.7800,0.400512
379.8000,0.372522
379.8200,0.477325
379.8400,0.542543
379.8600,0.460760
379.8800,0.482089
379.9000,0.796740
379.9200,0.642188
379.9400,0.400735
379.9600,0.723954
379.9800,0.671029
380.0000,0.394291
380.0200,0.683861
380.0400,1.346894
380.0600,2.085053
380.0800,2.350247
380.1000,2.523412
380.1200,2.810927
380.1400,2.262504
380.1600,1.656922
380.1800,1.472086
380.2000,1.352179
380.2200,0.877279
380.2400,0.480680
380.2600,0.682687
380.2800,1.681766
380.3000,2.379117
380.3200,2.520260
380.3400,2.858097
380.3600,3.000195
380.3800,2.954119
380.4000,3.096611
380.4200,3.025504
380.4400,2.936986
380.4600,2.925308
380.4800,2.654810
380.5000,2.088798
380.5200,1.762413
380.5400,1.909663
380.5600,2.014667
380.5800,1.417647
380.6000,1.046856
380.6200,1.025293
380.6400,1.292750
380.6600,1.286262
380.6800,1.047692
380.7000,0.697270
380.7200,0.387596
380.7400,0.279425
380.7600,0.335695
380.7800,0.298354
380.8000,0.495488
380.8200,0.711790
380.8400,0.957734
380.8600,1.028994
380.8800,1.596360
380.9000,2.368952
380.9200,2.312142
380.9400,2.000229
380.9600,1.728543
380.9800,1.066507
381.0000,0.649029
381.0200,0.459775
381.0400,0.767570
381.0600,1.416393
381.0800,1.098368
381.1000,1.230023
381.1200,1.435158
381.1400,2.109605
381.1600,2.421217
381.1800,3.410137
381.2000,3.600000
381.2200,3.600000
381.2400,3.598953
381.2600,2.234262
381.2800,1.203224
381.3000,0.088598
381.3200,0.046931
381.3400,0.047923
381.3600,0.077018
381.3800,0.078456
381.4000,0.143872
381.4200,0.367393
381.4400,0.300904
381.4600,0.544943
381.4800,0.388733
381.5000,0.575613
381.5200,0.699884
381.5400,0.546571
381.5600,1.020237
381.5800,1.318842
381.6000,1.616131
381.6200,1.160570
381.6400,0.816836
381.6600,0.449236
381.6800,0.269069
381.7000,0.171826
381.7200,0.578503
381.7400,1.110621
381.7600,1.120787
381.7800,1.368685
381.8000,1.459271
381.8200,1.363337
381.8400,0.943269
381.8600,0.753861
381.8800,0.796205
381.9000,0.447805
381.9200,0.244657
381.9400,0.176151
381.9600,0.117079
381.9800,0.427210
382.0000,0.810935
382.0200,0.736552
382.0400,0.608769
382.0600,0.575696
382.0800,0.966135
382.1000,1.162489
382.1200,0.817688
382.1400,0.452630
382.1600,0.253113
382.1800,0.326912
382.2000,0.560543
382.2200,0.320488
382.2400,0.296219
382.2600,0.374942
382.2800,0.301112
382.3000,0.496391
382.3200,0.314655
382.3400,0.452483
382.3600,1.149589
382.3800,1.843528
382.4000,1.934235
382.4200,2.191066
382.4400,3.292456
382.4600,3.497442
382.4800,3.514904
382.5000,3.264104
382.5200,3.595187
382.5400,3.393959
382.5600,2.941376
382.5800,3.057778
382.6000,2.921512
382.6200,2.765279
382.6400,2.514563
382.6600,3.062515
382.6800,2.372771
382.7000,1.529507
382.7200,0.863312
382.7400,0.673187
382.7600,0.484446
382.7800,0.332568
382.8000,0.222967
382.8200,0.228176
382.8400,0.358341
382.8600,0.533377
382.8800,0.400512
382.9000,0.372522
382.9200,0.477325
382.9400,0.542543
382.9600,0.460760
382.9800,0.482089
383.0000,0.796740
383.0200,0.642188
383.0400,0.400735
383.0600,0.723954
383.0800,0.671029
383.1000,0.394291
383.1200,0.683861
383.1400,1.346894
383.1600,2.085053
383.1800,2.350247
383.2000,2.523412
383.2200,2.810927
383.2400,2.262504
383.2600,1.656922
383.2800,1.472086
383.3000,1.352179
383.3200,0.877279
383.3400,0.480680
383.3600,0.682687
383.3800,1.681766
383.4000,2.379117
383.4200,2.520260
383.4400,2.858097
383.4600,3.000195
383.4800,2.954119
383.5000,3.096611
383.5200,3.025504
383.5400,2.936986
383.5600,2.925308
383.5800,2.654810
383.6000,2.088798
383.6200,1.762413
383.6400,1.909663
383.6600,2.014667
383.6800,1.417647
383.7000,1.046856
383.7200,1.025293
383.7400,1.292750
383.7600,1.286262
383.7800,1.047692
383.8000,0.697270
383.8200,0.387596
383.8400,0.279425
383.8600,0.335695
383.8800,0.298354
383.9000,0.495488
383.9200,0.711790
383.9400,0.957734
383.9600,1.028994
383.9800,1.596360
384.0000,2.368952
384.0200,2.312142
384.0400,2.000229
384.0600,1.728543
384.0800,1.066507
384.1000,0.649029
384.1200,0.459775
384.1400,0.767570
384.1600,1.416393
384.1800,1.098368
384.2000,1.230023
384.2200,1.435158
384.2400,2.109605
384.2600,2.421217
384.2800,3.410137
384.3000,3.600000
384.3200,3.600000
384.3400,3.598953
384.3600,2.234262
384.3800,1.203224
384.4000,0.088598
384.4200,0.046931
384.4400,0.047923
384.4600,0.077018
384.4800,0.078456
384.5000,0.143872
384.5200,0.367393
384.5400,0.300904
384.5600,0.544943
384.5800,0.388733
384.6000,0.575613
384.6200,0.699884
384.6400,0.546571
384.6600,1.020237
384.6800,1.318842
384.7000,1.616131
384.7200,1.160570
384.7400,0.816836
384.7600,0.449236
384.7800,0.269069
384.8000,0.171826
384.8200,0.578503
384.8400,1.110621
384.8600,1.120787
384.8800,1.368685
384.9000,1.459271
384.9200,1.363337
384.9400,0.943269
384.9600,0.753861
384.9800,0.796205
385.0000,0.447805
385.0200,0.244657
385.0400,0.176151
385.0600,0.117079
385.0800,0.427210
385.1000,0.810935
385.1200,0.736552
385.1400,0.608769
385.1600,0.575696
385.1800,0.966135
385.2000,1.162489
385.2200,0.817688
385.2400,0.452630
385.2600,0.253113
385.2800,0.326912
385.3000,0.560543
385.3200,0.320488
385.3400,0.296219
385.3600,0.374942
385.3800,0.301112
385.4000,0.496391
385.4200,0.314655
385.4400,0.452483
385.4600,1.149589
385.4800,1.843528
385.5000,1.934235
385.5200,2.191066
385.5400,3.292456
385.5600,3.497442
385.5800,3.514904
385.6000,3.264104
385.6200,3.595187
385.6400,3.393959
385.6600,2.941376
385.6800,3.057778
385.7000,2.921512
385.7200,2.765279
385.7400,2.514563
385.7600,3.062515
385.7800,2.372771
385.8000,1.529507
385.8200,0.863312
385.8400,0.673187
385.8600,0.484446
385.8800,0.332568
385.9000,0.222967
385.9200,0.228176
385.9400,0.358341
385.9600,0.533377
385.9800,0.400512
386.0000,0.372522
386.0200,0.477325
386.0400,0.542543
386.0600,0.460760
386.0800,0.482089
386.1000,0.796740
386.1200,0.642188
386.1400,0.400735
386.1600,0.723954
386.1800,0.671029
386.2000,0.394291
386.2200,0.683861
386.2400,1.346894
386.2600,2.085053
386.2800,2.350247
386.3000,2.523412
386.3200,2.810927
386.3400,2.262504
386.3600,1.656922
386.3800,1.472086
386.4000,1.352179
386.4200,0.877279
386.4400,0.480680
386.4600,0.682687
386.4800,1.681766
386.5000,2.379117
386.5200,2.520260
386.5400,2.858097
386.5600,3.000195
386.5800,2.954119
386.6000,3.096611
386.6200,3.025504
386.6400,2.936986
386.6600,2.925308
386.6800,2.654810
386.7000,2.088798
386.7200,1.762413
386.7400,1.909663
386.7600,2.014667
386.7800,1.417647
386.8000,1.046856
386.8200,1.025293
386.8400,1.292750
386.8600,1.286262
386.8800,1.047692
386.9000,0.697270
386.9200,0.387596
386.9400,0.279425
386.9600,0.335695
386.9800,0.298354
387.0000,0.495488
387.0200,0.711790
387.0400,0.957734
387.0600,1.028994
387.0800,1.596360
387.1000,2.368952
387.1200,2.312142
387.1400,2.000229
387.1600,1.728543
387.1800,1.066507
387.2000,0.649029
387.2200,0.459775
387.2400,0.767570
387.2600,1.416393
387.2800,1.098368
387.3000,1.230023
387.3200,1.435158
387.3400,2.109605
387.3600,2.421217
387.3800,3.410137
387.4000,3.600000
387.4200,3.600000
387.4400,3.598953
387.4600,2.234262
387.4800,1.203224
387.5000,0.088598
387.5200,0.046931
387.5400,0.047923
387.5600,0.077018
387.5800,0.078456
387.6000,0.143872
387.6200,0.367393
387.6400,0.300904
387.6600,0.544943
387.6800,0.388733
387.7000,0.575613
387.7200,0.699884
387.7400,0.546571
387.7600,1.020237
387.7800,1.318842
387.8000,1.616131
387.8200,1.160570
387.8400,0.816836
387.8600,0.449236
387.8800,0.269069
387.9000,0.171826
387.9200,0.578503
387.9400,1.110621
387.9600,1.120787
387.9800,1.368685
388.0000,1.459271
388.0200,1.363337
388.0400,0.943269
388.0600,0.753861
388.0800,0.796205
388.1000,0.447805
388.1200,0.244657
388.1400,0.176151
388.1600,0.117079
388.1800,0.427210
388.2000,0.810935
388.2200,0.736552
388.2400,0.608769
388.2600,0.575696
388.2800,0.966135
388.3000,1.162489
388.3200,0.817688
388.3400,0.452630
388.3600,0.253113
388.3800,0.326912
388.4000,0.560543
388.4200,0.320488
388.4400,0.296219
388.4600,0.374942
388.4800,0.301112
388.5000,0.496391
388.5200,0.314655
388.5400,0.452483
388.5600,1.149589
388.5800,1.843528
388.6000,1.934235
388.6200,2.191066
388.6400,3.292456
388.6600,3.497442
388.6800,3.514904
388.7000,3.264104
388.7200,3.595187
388.7400,3.393959
388.7600,2.941376
388.7800,3.057778
388.8000,2.921512
388.8200,2.765279
388.8400,2.514563
388.8600,3.062515
388.8800,2.372771
388.9000,1.529507
388.9200,0.863312
388.9400,0.673187
388.9600,0.484446
388.9800,0.332568
389.0000,0.222967
389.0200,0.228176
389.0400,0.358341
389.0600,0.533377
389.0800,0.400512
389.1000,0.372522
389.1200,0.477325
389.1400,0.542543
389.1600,0.460760
389.1800,0.482089
389.2000,0.796740
389.2200,0.642188
389.2400,0.400735
389.2600,0.723954
389.2800,0.671029
389.3000,0.394291
389.3200,0.683861
389.3400,1.346894
389.3600,2.085053
389.3800,2.350247
389.4000,2.523412
389.4200,2.810927
389.4400,2.262504
389.4600,1.656922
389.4800,1.472086
389.5000,1.352179
389.5200,0.877279
389.5400,0.480680
389.5600,0.682687
389.5800,1.681766
389.6000,2.379117
389.6200,2.520260
389.6400,2.858097
389.6600,3.000195
389.6800,2.954119
389.7000,3.096611
389.7200,3.025504
389.7400,2.936986
389.7600,2.925308
389.7800,2.654810
389.8000,2.088798
389.8200,1.762413
389.8400,1.909663
389.8600,2.014667
389.8800,1.417647
389.9000,1.046856
389.9200,1.025293
389.9400,1.292750
389.9600,1.286262
389.9800,1.047692
390.0000,0.697270
390.0200,0.387596
390.0400,0.279425
390.0600,0.335695
390.0800,0.298354
390.1000,0.495488
390.1200,0.711790
390.1400,0.957734
390.1600,1.028994
390.1800,1.596360
390.2000,2.368952
390.2200,2.312142
390.2400,2.000229
390.2600,1.728543
390.2800,1.066507
390.3000,0.649029
390.3200,0.459775
390.3400,0.767570
390.3600,1.416393
390.3800,1.098368
390.4000,1.230023
390.4200,1.435158
390.4400,2.109605
390.4600,2.421217
390.4800,3.410137
390.5000,3.600000
390.5200,3.600000
390.5400,3.598953
390.5600,2.234262
390.5800,1.203224
390.6000,0.088598
390.6200,0.046931
390.6400,0.047923
390.6600,0.077018
390.6800,0.078456
390.7000,0.143872
390.7200,0.367393
390.7400,0.300904
390.7600,0.544943
390.7800,0.388733
390.8000,0.575613
390.8200,0.699884
390.8400,0.546571
390.8600,1.020237
390.8800,1.318842
390.9000,1.616131
390.9200,1.160570
390.9400,0.816836
390.9600,0.449236
390.9800,0.269069
391.0000,0.171826
391.0200,0.578503
391.0400,1.110621
391.0600,1.120787
391.0800,1.368685
391.1000,1.459271
391.1200,1.363337
391.1400,0.943269
391.1600,0.753861
391.1800,0.796205
391.2000,0.447805
391.2200,0.244657
391.2400,0.176151
391.2600,0.117079
391.2800,0.427210
391.3000,0.810935
391.3200,0.736552
391.3400,0.608769
391.3600,0.575696
391.3800,0.966135
391.4000,1.162489
391.4200,0.817688
391.4400,0.452630
391.4600,0.253113
391.4800,0.326912
391.5000,0.560543
391.5200,0.320488
391.5400,0.296219
391.5600,0.374942
391.5800,0.301112
391.6000,0.496391
391.6200,0.314655
391.6400,0.452483
391.6600,1.149589
391.6800,1.843528
391.7000,1.934235
391.7200,2.191066
391.7400,3.292456
391.7600,3.497442
391.7800,3.514904
391.8000,3.264104
391.8200,3.595187
391.8400,3.393959
391.8600,2.941376
391.8800,3.057778
391.9000,2.921512
391.9200,2.765279
391.9400,2.514563
391.9600,3.062515
391.9800,2.372771
392.0000,1.529507
392.0200,0.863312
392.0400,0.673187
392.0600,0.484446
392.0800,0.332568
392.1000,0.222967
392.1200,0.228176
392.1400,0.358341
392.1600,0.533377
392.1800,0.400512
392.2000,0.372522
392.2200,0.477325
392.2400,0.542543
392.2600,0.460760
392.2800,0.482089
392.3000,0.796740
392.3200,0.642188
392.3400,0.400735
392.3600,0.723954
392.3800,0.671029
392.4000,0.394291
392.4200,0.683861
392.4400,1.346894
392.4600,2.085053
392.4800,2.350247
392.5000,2.523412
392.5200,2.810927
392.5400,2.262504
392.5600,1.656922
392.5800,1.472086
392.6000,1.352179
392.6200,0.877279
392.6400,0.480680
392.6600,0.682687
392.6800,1.681766
392.7000,2.379117
392.7200,2.520260
392.7400,2.858097
392.7600,3.000195
392.7800,2.954119
392.8000,3.096611
392.8200,3.025504
392.8400,2.936986
392.8600,2.925308
392.8800,2.654810
392.9000,2.088798
392.9200,1.762413
392.9400,1.909663
392.9600,2.014667
392.9800,1.417647
393.0000,1.046856
393.0200,1.025293
393.0400,1.292750
393.0600,1.286262
393.0800,1.047692
393.1000,0.697270
393.1200,0.387596
393.1400,0.279425
393.1600,0.335695
393.1800,0.298354
393.2000,0.495488
393.2200,0.711790
393.2400,0.957734
393.2600,1.028994
393.2800,1.596360
393.3000,2.368952
393.3200,2.312142
393.3400,2.000229
393.3600,1.728543
393.3800,1.066507
393.4000,0.649029
393.4200,0.459775
393.4400,0.767570
393.4600,1.416393
393.4800,1.098368
393.5000,1.230023
393.5200,1.435158
393.5400,2.109605
393.5600,2.421217
393.5800,3.410137
393.6000,3.600000
393.6200,3.600000
393.6400,3.598953
393.6600,2.234262
393.6800,1.203224
393.7000,0.088598
393.7200,0.046931
393.7400,0.047923
393.7600,0.077018
393.7800,0.078456
393.8000,0.143872
393.8200,0.367393
393.8400,0.300904
393.8600,0.544943
393.8800,0.388733
393.9000,0.575613
393.9200,0.699884
393.9400,0.546571
393.9600,1.020237
393.9800,1.318842
394.0000,1.616131
394.0200,1.160570
394.0400,0.816836
394.0600,0.449236
394.0800,0.269069
394.1000,0.171826
394.1200,0.578503
394.1400,1.110621
394.1600,1.120787
394.1800,1.368685
394.2000,1.459271
394.2200,1.363337
394.2400,0.943269
394.2600,0.753861
394.2800,0.796205
394.3000,0.447805
394.3200,0.244657
394.3400,0.176151
394.3600,0.117079
394.3800,0.427210
394.4000,0.810935
394.4200,0.736552
394.4400,0.608769
394.4600,0.575696
394.4800,0.966135
394.5000,1.162489
394.5200,0.817688
394.5400,0.452630
394.5600,0.253113
394.5800,0.326912
394.6000,0.560543
394.6200,0.320488
394.6400,0.296219
394.6600,0.374942
394.6800,0.301112
394.7000,0.496391
394.7200,0.314655
394.7400,0.452483
394.7600,1.149589
394.7800,1.843528
394.8000,1.934235
394.8200,2.191066
394.8400,3.292456
394.8600,3.497442
394.8800,3.514904
394.9000,3.264104
394.9200,3.595187
394.9400,3.393959
394.9600,2.941376
394.9800,3.057778
395.0000,2.921512
395.0200,2.765279
395.0400,2.514563
395.0600,3.062515
395.0800,2.372771
395.1000,1.529507
395.1200,0.863312
395.1400,0.673187
395.1600,0.484446
395.1800,0.332568
395.2000,0.222967
395.2200,0.228176
395.2400,0.358341
395.2600,0.533377
395.2800,0.400512
395.3000,0.372522
395.3200,0.477325
395.3400,0.542543
395.3600,0.460760
395.3800,0.482089
395.4000,0.796740
395.4200,0.642188
395.4400,0.400735
395.4600,0.723954
395.4800,0.671029
395.5000,0.394291
395.5200,0.683861
395.5400,1.346894
395.5600,2.085053
395.5800,2.350247
395.6000,2.523412
395.6200,2.810927
395.6400,2.262504
395.6600,1.656922
395.6800,1.472086
395.7000,1.352179
395.7200,0.877279
395.7400,0.480680
395.7600,0.682687
395.7800,1.681766
395.8000,2.379117
395.8200,2.520260
395.8400,2.858097
395.8600,3.000195
395.8800,2.954119
395.9000,3.096611
395.9200,3.025504
395.9400,2.936986
395.9600,2.925308
395.9800,2.654810
396.0000,2.088798
396.0200,1.762413
396.0400,1.909663
396.0600,2.014667
396.0800,1.417647
396.1000,1.046856
396.1200,1.025293
396.1400,1.292750
396.1600,1.286262
396.1800,1.047692
396.2000,0.697270
396.2200,0.387596
396.2400,0.279425
396.2600,0.335695
396.2800,0.298354
396.3000,0.495488
396.3200,0.711790
396.3400,0.957734
396.3600,1.028994
396.3800,1.596360
396.4000,2.368952
396.4200,2.312142
396.4400,2.000229
396.4600,1.728543
396.4800,1.066507
396.5000,0.649029
396.5200,0.459775
396.5400,0.767570
396.5600,1.416393
396.5800,1.098368
396.6000,1.230023
396.6200,1.435158
396.6400,2.109605
396.6600,2.421217
396.6800,3.410137
396.7000,3.600000
396.7200,3.600000
396.7400,3.598953
396.7600,2.234262
396.7800,1.203224
396.8000,0.088598
396.8200,0.046931
396.8400,0.047923
396.8600,0.077018
396.8800,0.078456
396.9000,0.143872
396.9200,0.367393
396.9400,0.300904
396.9600,0.544943
396.9800,0.388733
397.0000,0.575613
397.0200,0.699884
397.0400,0.546571
397.0600,1.020237
397.0800,1.318842
397.1000,1.616131
397.1200,1.160570
397.1400,0.816836
397.1600,0.449236
397.1800,0.269069
397.2000,0.171826
397.2200,0.578503
397.2400,1.110621
397.2600,1.120787
397.2800,1.368685
397.3000,1.459271
397.3200,1.363337
397.3400,0.943269
397.3600,0.753861
397.3800,0.796205
397.4000,0.447805
397.4200,0.244657
397.4400,0.176151
397.4600,0.117079
397.4800,0.427210
397.5000,0.810935
397.5200,0.736552
397.5400,0.608769
397.5600,0.575696
397.5800,0.966135
397.6000,1.162489
397.6200,0.817688
397.6400,0.452630
397.6600,0.253113
397.6800,0.326912
397.7000,0.560543
397.7200,0.320488
397.7400,0.296219
397.7600,0.374942
397.7800,0.301112
397.8000,0.496391
397.8200,0.314655
397.8400,0.452483
397.8600,1.149589
397.8800,1.843528
397.9000,1.934235
397.9200,2.191066
397.9400,3.292456
397.9600,3.497442
397.9800,3.514904
398.0000,3.264104
398.0200,3.595187
398.0400,3.393959
398.0600,2.941376
398.0800,3.057778
398.1000,2.921512
398.1200,2.765279
398.1400,2.514563
398.1600,3.062515
398.1800,2.372771
398.2000,1.529507
398.2200,0.863312
398.2400,0.673187
398.2600,0.484446
398.2800,0.332568
398.3000,0.222967
398.3200,0.228176
398.3400,0.358341
398.3600,0.533377
398.3800,0.400512
398.4000,0.372522
398.4200,0.477325
398.4400,0.542543
398.4600,0.460760
398.4800,0.482089
398.5000,0.796740
398.5200,0.642188
398.5400,0.400735
398.5600,0.723954
398.5800,0.671029
398.6000,0.394291
398.6200,0.683861
398.6400,1.346894
398.6600,2.085053
398.6800,2.350247
398.7000,2.523412
398.7200,2.810927
398.7400,2.262504
398.7600,1.656922
398.7800,1.472086
398.8000,1.352179
398.8200,0.877279
398.8400,0.480680
398.8600,0.682687
398.8800,1.681766
398.9000,2.379117
398.9200,2.520260
398.9400,2.858097
398.9600,3.000195
398.9800,2.954119
399.0000,3.096611
399.0200,3.025504
399.0400,2.936986
399.0600,2.925308
399.0800,2.654810
399.1000,2.088798
399.1200,1.762413
399.1400,1.909663
399.1600,2.014667
399.1800,1.417647
399.2000,1.046856
399.2200,1.025293
399.2400,1.292750
399.2600,1.286262
399.2800,1.047692
399.3000,0.697270
399.3200,0.387596
399.3400,0.279425
399.3600,0.335695
399.3800,0.298354
399.4000,0.495488
399.4200,0.711790
399.4400,0.957734
399.4600,1.028994
399.4800,1.596360
399.5000,2.368952
399.5200,2.312142
399.5400,2.000229
399.5600,1.728543
399.5800,1.066507
399.6000,0.649029
399.6200,0.459775
399.6400,0.767570
399.6600,1.416393
399.6800,1.098368
399.7000,1.230023
399.7200,1.435158
399.7400,2.109605
399.7600,2.421217
399.7800,3.410137
399.8000,3.600000
399.8200,3.600000
399.8400,3.598953
399.8600,2.234262
399.8800,1.203224
399.9000,0.088598
399.9200,0.046931
399.9400,0.047923
399.9600,0.077018
399.9800,0.078456
400.0000,0.143872
400.0200,0.367393
400.0400,0.300904
400.0600,0.544943
400.0800,0.388733
400.1000,0.575613
400.1200,0.699884
400.1400,0.546571
400.1600,1.020237
400.1800,1.318842
400.2000,1.616131
400.2200,1.160570
400.2400,0.816836
400.2600,0.449236
400.2800,0.269069
400.3000,0.171826
400.3200,0.578503
400.3400,1.110621
400.3600,1.120787
400.3800,1.368685
400.4000,1.459271
400.4200,1.363337
400.4400,0.943269
400.4600,0.753861
400.4800,0.796205
400.5000,0.447805
400.5200,0.244657
400.5400,0.176151
400.5600,0.117079
400.5800,0.427210
400.6000,0.810935
400.6200,0.736552
400.6400,0.608769
400.6600,0.575696
400.6800,0.966135
400.7000,1.162489
400.7200,0.817688
400.7400,0.452630
400.7600,0.253113
400.7800,0.326912
400.8000,0.560543
400.8200,0.320488
400.8400,0.296219
400.8600,0.374942
400.8800,0.301112
400.9000,0.496391
400.9200,0.314655
400.9400,0.452483
400.9600,1.149589
400.9800,1.843528
401.0000,1.934235
401.0200,2.191066
401.0400,3.292456
401.0600,3.497442
401.0800,3.514904
401.1000,3.264104
401.1200,3.595187
401.1400,3.393959
401.1600,2.941376
401.1800,3.057778
401.2000,2.921512
401.2200,2.765279
401.2400,2.514563
401.2600,3.062515
401.2800,2.372771
401.3000,1.529507
401.3200,0.863312
401.3400,0.673187
401.3600,0.484446
401.3800,0.332568
401.4000,0.222967
401.4200,0.228176
401.4400,0.358341
401.4600,0.533377
401.4800,0.400512
401.5000,0.372522
401.5200,0.477325
401.5400,0.542543
401.5600,0.460760
401.5800,0.482089
401.6000,0.796740
401.6200,0.642188
401.6400,0.400735
401.6600,0.723954
401.6800,0.671029
401.7000,0.394291
401.7200,0.683861
401.7400,1.346894
401.7600,2.085053
401.7800,2.350247
401.8000,2.523412
401.8200,2.810927
401.8400,2.262504
401.8600,1.656922
401.8800,1.472086
401.9000,1.352179
401.9200,0.877279
401.9400,0.480680
401.9600,0.682687
401.9800,1.681766
402.0000,2.379117
402.0200,2.520260
402.0400,2.858097
402.0600,3.000195
402.0800,2.954119
402.1000,3.096611
402.1200,3.025504
402.1400,2.936986
402.1600,2.925308
402.1800,2.654810
402.2000,2.088798
402.2200,1.762413
402.2400,1.909663
402.2600,2.014667
402.2800,1.417647
402.3000,1.046856
402.3200,1.025293
402.3400,1.292750
402.3600,1.286262
402.3800,1.047692
402.4000,0.697270
402.4200,0.387596
402.4400,0.279425
402.4600,0.335695
402.4800,0.298354
402.5000,0.495488
402.5200,0.711790
402.5400,0.957734
402.5600,1.028994
402.5800,1.596360
402.6000,2.368952
402.6200,2.312142
402.6400,2.000229
402.6600,1.728543
402.6800,1.066507
402.7000,0.649029
402.7200,0.459775
402.7400,0.767570
402.7600,1.416393
402.7800,1.098368
402.8000,1.230023
402.8200,1.435158
402.8400,2.109605
402.8600,2.421217
402.8800,3.410137
402.9000,3.600000
402.9200,3.600000
402.9400,3.598953
402.9600,2.234262
402.9800,1.203224
403.0000,0.088598
403.0200,0.046931
403.0400,0.047923
403.0600,0.077018
403.0800,0.078456
403.1000,0.143872
403.1200,0.367393
403.1400,0.300904
403.1600,0.544943
403.1800,0.388733
403.2000,0.575613
403.2200,0.699884
403.2400,0.546571
403.2600,1.020237
403.2800,1.318842
403.3000,1.616131
403.3200,1.160570
403.3400,0.816836
403.3600,0.449236
403.3800,0.269069
403.4000,0.171826
403.4200,0.578503
403.4400,1.110621
403.4600,1.120787
403.4800,1.368685
403.5000,1.459271
403.5200,1.363337
403.5400,0.943269
403.5600,0.753861
403.5800,0.796205
403.6000,0.447805
403.6200,0.244657
403.6400,0.176151
403.6600,0.117079
403.6800,0.427210
403.7000,0.810935
403.7200,0.736552
403.7400,0.608769
403.7600,0.575696
403.7800,0.966135
403.8000,1.162489
403.8200,0.817688
403.8400,0.452630
403.8600,0.253113
403.8800,0.326912
403.9000,0.560543
403.9200,0.320488
403.9400,0.296219
403.9600,0.374942
403.9800,0.301112
404.0000,0.496391
404.0200,0.314655
404.0400,0.452483
404.0600,1.149589
404.0800,1.843528
404.1000,1.934235
404.1200,2.191066
404.1400,3.292456
404.1600,3.497442
404.1800,3.514904
404.2000,3.264104
404.2200,3.595187
404.2400,3.393959
404.2600,2.941376
404.2800,3.057778
404.3000,2.921512
404.3200,2.765279
404.3400,2.514563
404.3600,3.062515
404.3800,2.372771
404.4000,1.529507
404.4200,0.863312
404.4400,0.673187
404.4600,0.484446
404.4800,0.332568
404.5000,0.222967
404.5200,0.228176
404.5400,0.358341
404.5600,0.533377
404.5800,0.400512
404.6000,0.372522
404.6200,0.477325
404.6400,0.542543
404.6600,0.460760
404.6800,0.482089
404.7000,0.796740
404.7200,0.642188
404.7400,0.400735
404.7600,0.723954
404.7800,0.671029
404.8000,0.394291
404.8200,0.683861
404.8400,1.346894
404.8600,2.085053
404.8800,2.350247
404.9000,2.523412
404.9200,2.810927
404.9400,2.262504
404.9600,1.656922
404.9800,1.472086
405.0000,1.352179
405.0200,0.877279
405.0400,0.480680
405.0600,0.682687
405.0800,1.681766
405.1000,2.379117
405.1200,2.520260
405.1400,2.858097
405.1600,3.000195
405.1800,2.954119
405.2000,3.096611
405.2200,3.025504
405.2400,2.936986
405.2600,2.925308
405.2800,2.654810
405.3000,2.088798
405.3200,1.762413
405.3400,1.909663
405.3600,2.014667
405.3800,1.417647
405.4000,1.046856
405.4200,1.025293
405.4400,1.292750
405.4600,1.286262
405.4800,1.047692
405.5000,0.697270
405.5200,0.387596
405.5400,0.279425
405.5600,0.335695
405.5800,0.298354
405.6000,0.495488
405.6200,0.711790
405.6400,0.957734
405.6600,1.028994
405.6800,1.596360
405.7000,2.368952
405.7200,2.312142
405.7400,2.000229
405.7600,1.728543
405.7800,1.066507
405.8000,0.649029
405.8200,0.459775
405.8400,0.767570
405.8600,1.416393
405.8800,1.098368
405.9000,1.230023
405.9200,1.435158
405.9400,2.109605
405.9600,2.421217
405.9800,3.410137
406.0000,3.600000
406.0200,3.600000
406.0400,3.598953
406.0600,2.234262
406.0800,1.203224
406.1000,0.088598
406.1200,0.046931
406.1400,0.047923
406.1600,0.077018
406.1800,0.078456
406.2000,0.143872
406.2200,0.367393
406.2400,0.300904
406.2600,0.544943
406.2800,0.388733
406.3000,0.575613
406.3200,0.699884
406.3400,0.546571
406.3600,1.020237
406.3800,1.318842
406.4000,1.616131
406.4200,1.160570
406.4400,0.816836
406.4600,0.449236
406.4800,0.269069
406.5000,0.171826
406.5200,0.578503
406.5400,1.110621
406.5600,1.120787
406.5800,1.368685
406.6000,1.459271
406.6200,1.363337
406.6400,0.943269
406.6600,0.753861
406.6800,0.796205
406.7000,0.447805
406.7200,0.244657
406.7400,0.176151
406.7600,0.117079
406.7800,0.427210
406.8000,0.810935
406.8200,0.736552
406.8400,0.608769
406.8600,0.575696
406.8800,0.966135
406.9000,1.162489
406.9200,0.817688
406.9400,0.452630
406.9600,0.253113
406.9800,0.326912
407.0000,0.560543
407.0200,0.320488
407.0400,0.296219
407.0600,0.374942
407.0800,0.301112
407.1000,0.496391
407.1200,0.314655
407.1400,0.452483
407.1600,1.149589
407.1800,1.843528
407.2000,1.934235
407.2200,2.191066
407.2400,3.292456
407.2600,3.497442
407.2800,3.514904
407.3000,3.264104
407.3200,3.595187
407.3400,3.393959
407.3600,2.941376
407.3800,3.057778
407.4000,2.921512
407.4200,2.765279
407.4400,2.514563
407.4600,3.062515
407.4800,2.372771
407.5000,1.529507
407.5200,0.863312
407.5400,0.673187
407.5600,0.484446
407.5800,0.332568
407.6000,0.222967
407.6200,0.228176
407.6400,0.358341
407.6600,0.533377
407.6800,0.400512
407.7000,0.372522
407.7200,0.477325
407.7400,0.542543
407.7600,0.460760
407.7800,0.482089
407.8000,0.796740
407.8200,0.642188
407.8400,0.400735
407.8600,0.723954
407.8800,0.671029
407.9000,0.394291
407.9200,0.683861
407.9400,1.346894
407.9600,2.085053
407.9800,2.350247
408.0000,2.523412
408.0200,2.810927
408.0400,2.262504
408.0600,1.656922
408.0800,1.472086
408.1000,1.352179
408.1200,0.877279
408.1400,0.480680
408.1600,0.682687
408.1800,1.681766
408.2000,2.379117
408.2200,2.520260
408.2400,2.858097
408.2600,3.000195
408.2800,2.954119
408.3000,3.096611
408.3200,3.025504
408.3400,2.936986
408.3600,2.925308
408.3800,2.654810
408.4000,2.088798
408.4200,1.762413
408.4400,1.909663
408.4600,2.014667
408.4800,1.417647
408.5000,1.046856
408.5200,1.025293
408.5400,1.292750
408.5600,1.286262
408.5800,1.047692
408.6000,0.697270
408.6200,0.387596
408.6400,0.279425
408.6600,0.335695
408.6800,0.298354
408.7000,0.495488
408.7200,0.711790
408.7400,0.957734
408.7600,1.028994
408.7800,1.596360
408.8000,2.368952
408.8200,2.312142
408.8400,2.000229
408.8600,1.728543
408.8800,1.066507
408.9000,0.649029
408.9200,0.459775
408.9400,0.767570
408.9600,1.416393
408.9800,1.098368
409.0000,1.230023
409.0200,1.435158
409.0400,2.109605
409.0600,2.421217
409.0800,3.410137
409.1000,3.600000
409.1200,3.600000
409.1400,3.598953
409.1600,2.234262
409.1800,1.203224
409.2000,0.088598
409.2200,0.046931
409.2400,0.047923
409.2600,0.077018
409.2800,0.078456
409.3000,0.143872
409.3200,0.367393
409.3400,0.300904
409.3600,0.544943
409.3800,0.388733
409.4000,0.575613
409.4200,0.699884
409.4400,0.546571
409.4600,1.020237
409.4800,1.318842
409.5000,1.616131
409.5200,1.160570
409.5400,0.816836
409.5600,0.449236
409.5800,0.269069
409.6000,0.171826
409.6200,0.578503
409.6400,1.110621
409.6600,1.120787
409.6800,1.368685
409.7000,1.459271
409.7200,1.363337
409.7400,0.943269
409.7600,0.753861
409.7800,0.796205
409.8000,0.447805
409.8200,0.244657
409.8400,0.176151
409.8600,0.117079
409.8800,0.427210
409.9000,0.810935
409.9200,0.736552
409.9400,0.608769
409.9600,0.575696
409.9800,0.966135
410.0000,1.162489
410.0200,0.817688
410.0400,0.452630
410.0600,0.253113
410.0800,0.326912
410.1000,0.560543
410.1200,0.320488
410.1400,0.296219
410.1600,0.374942
410.1800,0.301112
410.2000,0.496391
410.2200,0.314655
410.2400,0.452483
410.2600,1.149589
410.2800,1.843528
410.3000,1.934235
410.3200,2.191066
410.3400,3.292456
410.3600,3.497442
410.3800,3.514904
410.4000,3.264104
410.4200,3.595187
410.4400,3.393959
410.4600,2.941376
410.4800,3.057778
410.5000,2.921512
410.5200,2.765279
410.5400,2.514563
410.5600,3.062515
410.5800,2.372771
410.6000,1.529507
410.6200,0.863312
410.6400,0.673187
410.6600,0.484446
410.6800,0.332568
410.7000,0.222967
410.7200,0.228176
410.7400,0.358341
410.7600,0.533377
410.7800,0.400512
410.8000,0.372522
410.8200,0.477325
410.8400,0.542543
410.8600,0.460760
410.8800,0.482089
410.9000,0.796740
410.9200,0.642188
410.9400,0.400735
410.9600,0.723954
410.9800,0.671029
411.0000,0.394291
411.0200,0.683861
411.0400,1.346894
411.0600,2.085053
411.0800,2.350247
411.1000,2.523412
411.1200,2.810927
411.1400,2.262504
411.1600,1.656922
411.1800,1.472086
411.2000,1.352179
411.2200,0.877279
411.2400,0.480680
411.2600,0.682687
411.2800,1.681766
411.3000,2.379117
411.3200,2.520260
411.3400,2.858097
411.3600,3.000195
411.3800,2.954119
411.4000,3.096611
411.4200,3.025504
411.4400,2.936986
411.4600,2.925308
411.4800,2.654810
411.5000,2.088798
411.5200,1.762413
411.5400,1.909663
411.5600,2.014667
411.5800,1.417647
411.6000,1.046856
411.6200,1.025293
411.6400,1.292750
411.6600,1.286262
411.6800,1.047692
411.7000,0.697270
411.7200,0.387596
411.7400,0.279425
411.7600,0.335695
411.7800,0.298354
411.8000,0.495488
411.8200,0.711790
411.8400,0.957734
411.8600,1.028994
411.8800,1.596360
411.9000,2.368952
411.9200,2.312142
411.9400,2.000229
411.9600,1.728543
411.9800,1.066507
412.0000,0.649029
412.0200,0.459775
412.0400,0.767570
412.0600,1.416393
412.0800,1.098368
412.1000,1.230023
412.1200,1.435158
412.1400,2.109605
412.1600,2.421217
412.1800,3.410137
412.2000,3.600000
412.2200,3.600000
412.2400,3.598953
412.2600,2.234262
412.2800,1.203224
412.3000,0.088598
412.3200,0.046931
412.3400,0.047923
412.3600,0.077018
412.3800,0.078456
412.4000,0.143872
412.4200,0.367393
412.4400,0.300904
412.4600,0.544943
412.4800,0.388733
412.5000,0.575613
412.5200,0.699884
412.5400,0.546571
412.5600,1.020237
412.5800,1.318842
412.6000,1.616131
412.6200,1.160570
412.6400,0.816836
412.6600,0.449236
412.6800,0.269069
412.7000,0.171826
412.7200,0.578503
412.7400,1.110621
412.7600,1.120787
412.7800,1.368685
412.8000,1.459271
412.8200,1.363337
412.8400,0.943269
412.8600,0.753861
412.8800,0.796205
412.9000,0.447805
412.9200,0.244657
412.9400,0.176151
412.9600,0.117079
412.9800,0.427210
413.0000,0.810935
413.0200,0.736552
413.0400,0.608769
413.0600,0.575696
413.0800,0.966135
413.1000,1.162489
413.1200,0.817688
413.1400,0.452630
413.1600,0.253113
413.1800,0.326912
413.2000,0.560543
413.2200,0.320488
413.2400,0.296219
413.2600,0.374942
413.2800,0.301112
413.3000,0.496391
413.3200,0.314655
413.3400,0.452483
413.3600,1.149589
413.3800,1.843528
413.4000,1.934235
413.4200,2.191066
413.4400,3.292456
413.4600,3.497442
413.4800,3.514904
413.5000,3.264104
413.5200,3.595187
413.5400,3.393959
413.5600,2.941376
413.5800,3.057778
413.6000,2.921512
413.6200,2.765279
413.6400,2.514563
413.6600,3.062515
413.6800,2.372771
413.7000,1.529507
413.7200,0.863312
413.7400,0.673187
413.7600,0.484446
413.7800,0.332568
413.8000,0.222967
413.8200,0.228176
413.8400,0.358341
413.8600,0.533377
413.8800,0.400512
413.9000,0.372522
413.9200,0.477325
413.9400,0.542543
413.9600,0.460760
413.9800,0.482089
414.0000,0.796740
414.0200,0.642188
414.0400,0.400735
414.0600,0.723954
414.0800,0.671029
414.1000,0.394291
414.1200,0.683861
414.1400,1.346894
414.1600,2.085053
414.1800,2.350247
414.2000,2.523412
414.2200,2.810927
414.2400,2.262504
414.2600,1.656922
414.2800,1.472086
414.3000,1.352179
414.3200,0.877279
414.3400,0.480680
414.3600,0.682687
414.3800,1.681766
414.4000,2.379117
414.4200,2.520260
414.4400,2.858097
414.4600,3.000195
414.4800,2.954119
414.5000,3.096611
414.5200,3.025504
414.5400,2.936986
414.5600,2.925308
414.5800,2.654810
414.6000,2.088798
414.6200,1.762413
414.6400,1.909663
414.6600,2.014667
414.6800,1.417647
414.7000,1.046856
414.7200,1.025293
414.7400,1.292750
414.7600,1.286262
414.7800,1.047692
414.8000,0.697270
414.8200,0.387596
414.8400,0.279425
414.8600,0.335695
414.8800,0.298354
414.9000,0.495488
414.9200,0.711790
414.9400,0.957734
414.9600,1.028994
414.9800,1.596360
415.0000,2.368952
415.0200,2.312142
415.0400,2.000229
415.0600,1.728543
415.0800,1.066507
415.1000,0.649029
415.1200,0.459775
415.1400,0.767570
415.1600,1.416393
415.1800,1.098368
415.2000,1.230023
415.2200,1.435158
415.2400,2.109605
415.2600,2.421217
415.2800,3.410137
415.3000,3.600000
415.3200,3.600000
415.3400,3.598953
415.3600,2.234262
415.3800,1.203224
415.4000,0.088598
415.4200,0.046931
415.4400,0.047923
415.4600,0.077018
415.4800,0.078456
415.5000,0.143872
415.5200,0.367393
415.5400,0.300904
415.5600,0.544943
415.5800,0.388733
415.6000,0.575613
415.6200,0.699884
415.6400,0.546571
415.6600,1.020237
415.6800,1.318842
415.7000,1.616131
415.7200,1.160570
415.7400,0.816836
415.7600,0.449236
415.7800,0.269069
415.8000,0.171826
415.8200,0.578503
415.8400,1.110621
415.8600,1.120787
415.8800,1.368685
415.9000,1.459271
415.9200,1.363337
415.9400,0.943269
415.9600,0.753861
415.9800,0.796205
416.0000,0.447805
416.0200,0.244657
416.0400,0.176151
416.0600,0.117079
416.0800,0.427210
416.1000,0.810935
416.1200,0.736552
416.1400,0.608769
416.1600,0.575696
416.1800,0.966135
416.2000,1.162489
416.2200,0.817688
416.2400,0.452630
416.2600,0.253113
416.2800,0.326912
416.3000,0.560543
416.3200,0.320488
416.3400,0.296219
416.3600,0.374942
416.3800,0.301112
416.4000,0.496391
416.4200,0.314655
416.4400,0.452483
416.4600,1.149589
416.4800,1.843528
416.5000,1.934235
416.5200,2.191066
416.5400,3.292456
416.5600,3.497442
416.5800,3.514904
416.6000,3.264104
416.6200,3.595187
416.6400,3.393959
416.6600,2.941376
416.6800,3.057778
416.7000,2.921512
416.7200,2.765279
416.7400,2.514563
416.7600,3.062515
416.7800,2.372771
416.8000,1.529507
416.8200,0.863312
416.8400,0.673187
416.8600,0.484446
416.8800,0.332568
416.9000,0.222967
416.9200,0.228176
416.9400,0.358341
416.9600,0.533377
416.9800,0.400512
417.0000,0.372522
417.0200,0.477325
417.0400,0.542543
417.0600,0.460760
417.0800,0.482089
417.1000,0.796740
417.1200,0.642188
417.1400,0.400735
417.1600,0.723954
417.1800,0.671029
417.2000,0.394291
417.2200,0.683861
417.2400,1.346894
417.2600,2.085053
417.2800,2.350247
417.3000,2.523412
417.3200,2.810927
417.3400,2.262504
417.3600,1.656922
417.3800,1.472086
417.4000,1.352179
417.4200,0.877279
417.4400,0.480680
417.4600,0.682687
417.4800,1.681766
417.5000,2.379117
417.5200,2.520260
417.5400,2.858097
417.5600,3.000195
417.5800,2.954119
417.6000,3.096611
417.6200,3.025504
417.6400,2.936986
417.6600,2.925308
417.6800,2.654810
417.7000,2.088798
417.7200,1.762413
417.7400,1.909663
417.7600,2.014667
417.7800,1.417647
417.8000,1.046856
417.8200,1.025293
417.8400,1.292750
417.8600,1.286262
417.8800,1.047692
417.9000,0.697270
417.9200,0.387596
417.9400,0.279425
417.9600,0.335695
417.9800,0.298354
418.0000,0.495488
418.0200,0.711790
418.0400,0.957734
418.0600,1.028994
418.0800,1.596360
418.1000,2.368952
418.1200,2.312142
418.1400,2.000229
418.1600,1.728543
418.1800,1.066507
418.2000,0.649029
418.2200,0.459775
418.2400,0.767570
418.2600,1.416393
418.2800,1.098368
418.3000,1.230023
418.3200,1.435158
418.3400,2.109605
418.3600,2.421217
418.3800,3.410137
418.4000,3.600000
418.4200,3.600000
418.4400,3.598953
418.4600,2.234262
418.4800,1.203224
418.5000,0.088598
418.5200,0.046931
418.5400,0.047923
418.5600,0.077018
418.5800,0.078456
418.6000,0.143872
418.6200,0.367393
418.6400,0.300904
418.6600,0.544943
418.6800,0.388733
418.7000,0.575613
418.7200,0.699884
418.7400,0.546571
418.7600,1.020237
418.7800,1.318842
418.8000,1.616131
418.8200,1.160570
418.8400,0.816836
418.8600,0.449236
418.8800,0.269069
418.9000,0.171826
418.9200,0.578503
418.9400,1.110621
418.9600,1.120787
418.9800,1.368685
419.0000,1.459271
419.0200,1.363337
419.0400,0.943269
419.0600,0.753861
419.0800,0.796205
419.1000,0.447805
419.1200,0.244657
419.1400,0.176151
419.1600,0.117079
419.1800,0.427210
419.2000,0.810935
419.2200,0.736552
419.2400,0.608769
419.2600,0.575696
419.2800,0.966135
419.3000,1.162489
419.3200,0.817688
419.3400,0.452630
419.3600,0.253113
419.3800,0.326912
419.4000,0.560543
419.4200,0.320488
419.4400,0.296219
419.4600,0.374942
419.4800,0.301112
419.5000,0.496391
419.5200,0.314655
419.5400,0.452483
419.5600,1.149589
419.5800,1.843528
419.6000,1.934235
419.6200,2.191066
419.6400,3.292456
419.6600,3.497442
419.6800,3.514904
419.7000,3.264104
419.7200,3.595187
419.7400,3.393959
419.7600,2.941376
419.7800,3.057778
419.8000,2.921512
419.8200,2.765279
419.8400,2.514563
419.8600,3.062515
419.8800,2.372771
419.9000,1.529507
419.9200,0.863312
419.9400,0.673187
419.9600,0.484446
419.9800,0.332568
420.0000,0.222967
420.0200,0.228176
420.0400,0.358341
420.0600,0.533377
420.0800,0.400512
420.1000,0.372522
420.1200,0.477325
420.1400,0.542543
420.1600,0.460760
420.1800,0.482089
420.2000,0.796740
420.2200,0.642188
420.2400,0.400735
420.2600,0.723954
420.2800,0.671029
420.3000,0.394291
420.3200,0.683861
420.3400,1.346894
420.3600,2.085053
420.3800,2.350247
420.4000,2.523412
420.4200,2.810927
420.4400,2.262504
420.4600,1.656922
420.4800,1.472086
420.5000,1.352179
420.5200,0.877279
420.5400,0.480680
420.5600,0.682687
420.5800,1.681766
420.6000,2.379117
420.6200,2.520260
420.6400,2.858097
420.6600,3.000195
420.6800,2.954119
420.7000,3.096611
420.7200,3.025504
420.7400,2.936986
420.7600,2.925308
420.7800,2.654810
420.8000,2.088798
420.8200,1.762413
420.8400,1.909663
420.8600,2.014667
420.8800,1.417647
420.9000,1.046856
420.9200,1.025293
420.9400,1.292750
420.9600,1.286262
420.9800,1.047692
421.0000,0.697270
421.0200,0.387596
421.0400,0.279425
421.0600,0.335695
421.0800,0.298354
421.1000,0.495488
421.1200,0.711790
421.1400,0.957734
421.1600,1.028994
421.1800,1.596360
421.2000,2.368952
421.2200,2.312142
421.2400,2.000229
421.2600,1.728543
421.2800,1.066507
421.3000,0.649029
421.3200,0.459775
421.3400,0.767570
421.3600,1.416393
421.3800,1.098368
421.4000,1.230023
421.4200,1.435158
421.4400,2.109605
421.4600,2.421217
421.4800,3.410137
421.5000,3.600000
421.5200,3.600000
421.5400,3.598953
421.5600,2.234262
421.5800,1.203224
421.6000,0.088598
421.6200,0.046931
421.6400,0.047923
421.6600,0.077018
421.6800,0.078456
421.7000,0.143872
421.7200,0.367393
421.7400,0.300904
421.7600,0.544943
421.7800,0.388733
421.8000,0.575613
421.8200,0.699884
421.8400,0.546571
421.8600,1.020237
421.8800,1.318842
421.9000,1.616131
421.9200,1.160570
421.9400,0.816836
421.9600,0.449236
421.9800,0.269069
422.0000,0.171826
422.0200,0.578503
422.0400,1.110621
422.0600,1.120787
422.0800,1.368685
422.1000,1.459271
422.1200,1.363337
422.1400,0.943269
422.1600,0.753861
422.1800,0.796205
422.2000,0.447805
422.2200,0.244657
422.2400,0.176151
422.2600,0.117079
422.2800,0.427210
422.3000,0.810935
422.3200,0.736552
422.3400,0.608769
422.3600,0.575696
422.3800,0.966135
422.4000,1.162489
422.4200,0.817688
422.4400,0.452630
422.4600,0.253113
422.4800,0.326912
422.5000,0.560543
422.5200,0.320488
422.5400,0.296219
422.5600,0.374942
422.5800,0.301112
422.6000,0.496391
422.6200,0.314655
422.6400,0.452483
422.6600,1.149589
422.6800,1.843528
422.7000,1.934235
422.7200,2.191066
422.7400,3.292456
422.7600,3.497442
422.7800,3.514904
422.8000,3.264104
422.8200,3.595187
422.8400,3.393959
422.8600,2.941376
422.8800,3.057778
422.9000,2.921512
422.9200,2.765279
422.9400,2.514563
422.9600,3.062515
422.9800,2.372771
423.0000,1.529507
423.0200,0.863312
423.0400,0.673187
423.0600,0.484446
423.0800,0.332568
423.1000,0.222967
423.1200,0.228176
423.1400,0.358341
423.1600,0.533377
423.1800,0.400512
423.2000,0.372522
423.2200,0.477325
423.2400,0.542543
423.2600,0.460760
423.2800,0.482089
423.3000,0.796740
423.3200,0.642188
423.3400,0.400735
423.3600,0.723954
423.3800,0.671029
423.4000,0.394291
423.4200,0.683861
423.4400,1.346894
423.4600,2.085053
423.4800,2.350247
423.5000,2.523412
423.5200,2.810927
423.5400,2.262504
423.5600,1.656922
423.5800,1.472086
423.6000,1.352179
423.6200,0.877279
423.6400,0.480680
423.6600,0.682687
423.6800,1.681766
423.7000,2.379117
423.7200,2.520260
423.7400,2.858097
423.7600,3.000195
423.7800,2.954119
423.8000,3.096611
423.8200,3.025504
423.8400,2.936986
423.8600,2.925308
423.8800,2.654810
423.9000,2.088798
423.9200,1.762413
423.9400,1.909663
423.9600,2.014667
423.9800,1.417647
424.0000,1.046856
424.0200,1.025293
424.0400,1.292750
424.0600,1.286262
424.0800,1.047692
424.1000,0.697270
424.1200,0.387596
424.1400,0.279425
424.1600,0.335695
424.1800,0.298354
424.2000,0.495488
424.2200,0.711790
424.2400,0.957734
424.2600,1.028994
424.2800,1.596360
424.3000,2.368952
424.3200,2.312142
424.3400,2.000229
424.3600,1.728543
424.3800,1.066507
424.4000,0.649029
424.4200,0.459775
424.4400,0.767570
424.4600,1.416393
424.4800,1.098368
424.5000,1.230023
424.5200,1.435158
424.5400,2.109605
424.5600,2.421217
424.5800,3.410137
424.6000,3.600000
424.6200,3.600000
424.6400,3.598953
424.6600,2.234262
424.6800,1.203224
424.7000,0.088598
424.7200,0.046931
424.7400,0.047923
424.7600,0.077018
424.7800,0.078456
424.8000,0.143872
424.8200,0.367393
424.8400,0.300904
424.8600,0.544943
424.8800,0.388733
424.9000,0.575613
424.9200,0.699884
424.9400,0.546571
424.9600,1.020237
424.9800,1.318842
425.0000,1.616131
425.0200,1.160570
425.0400,0.816836
425.0600,0.449236
425.0800,0.269069
425.1000,0.171826
425.1200,0.578503
425.1400,1.110621
425.1600,1.120787
425.1800,1.368685
425.2000,1.459271
425.2200,1.363337
425.2400,0.943269
425.2600,0.753861
425.2800,0.796205
425.3000,0.447805
425.3200,0.244657
425.3400,0.176151
425.3600,0.117079
425.3800,0.427210
425.4000,0.810935
425.4200,0.736552
425.4400,0.608769
425.4600,0.575696
425.4800,0.966135
425.5000,1.162489
425.5200,0.817688
425.5400,0.452630
425.5600,0.253113
425.5800,0.326912
425.6000,0.560543
425.6200,0.320488
425.6400,0.296219
425.6600,0.374942
425.6800,0.301112
425.7000,0.496391
425.7200,0.314655
425.7400,0.452483
425.7600,1.149589
425.7800,1.843528
425.8000,1.934235
425.8200,2.191066
425.8400,3.292456
425.8600,3.497442
425.8800,3.514904
425.9000,3.264104
425.9200,3.595187
425.9400,3.393959
425.9600,2.941376
425.9800,3.057778
426.0000,2.921512
426.0200,2.765279
426.0400,2.514563
426.0600,3.062515
426.0800,2.372771
426.1000,1.529507
426.1200,0.863312
426.1400,0.673187
426.1600,0.484446
426.1800,0.332568
426.2000,0.222967
426.2200,0.228176
426.2400,0.358341
426.2600,0.533377
426.2800,0.400512
426.3000,0.372522
426.3200,0.477325
426.3400,0.542543
426.3600,0.460760
426.3800,0.482089
426.4000,0.796740
426.4200,0.642188
426.4400,0.400735
426.4600,0.723954
426.4800,0.671029
426.5000,0.394291
426.5200,0.683861
426.5400,1.346894
426.5600,2.085053
426.5800,2.350247
426.6000,2.523412
426.6200,2.810927
426.6400,2.262504
426.6600,1.656922
426.6800,1.472086
426.7000,1.352179
426.7200,0.877279
426.7400,0.480680
426.7600,0.682687
426.7800,1.681766
426.8000,2.379117
426.8200,2.520260
426.8400,2.858097
426.8600,3.000195
426.8800,2.954119
426.9000,3.096611
426.9200,3.025504
426.9400,2.936986
426.9600,2.925308
426.9800,2.654810
427.0000,2.088798
427.0200,1.762413
427.0400,1.909663
427.0600,2.014667
427.0800,1.417647
427.1000,1.046856
427.1200,1.025293
427.1400,1.292750
427.1600,1.286262
427.1800,1.047692
427.2000,0.697270
427.2200,0.387596
427.2400,0.279425
427.2600,0.335695
427.2800,0.298354
427.3000,0.495488
427.3200,0.711790
427.3400,0.957734
427.3600,1.028994
427.3800,1.596360
427.4000,2.368952
427.4200,2.312142
427.4400,2.000229
427.4600,1.728543
427.4800,1.066507
427.5000,0.649029
427.5200,0.459775
427.5400,0.767570
427.5600,1.416393
427.5800,1.098368
427.6000,1.230023
427.6200,1.435158
427.6400,2.109605
427.6600,2.421217
427.6800,3.410137
427.7000,3.600000
427.7200,3.600000
427.7400,3.598953
427.7600,2.234262
427.7800,1.203224
427.8000,0.088598
427.8200,0.046931
427.8400,0.047923
427.8600,0.077018
427.8800,0.078456
427.9000,0.143872
427.9200,0.367393
427.9400,0.300904
427.9600,0.544943
427.9800,0.388733
428.0000,0.575613
428.0200,0.699884
428.0400,0.546571
428.0600,1.020237
428.0800,1.318842
428.1000,1.616131
428.1200,1.160570
428.1400,0.816836
428.1600,0.449236
428.1800,0.269069
428.2000,0.171826
428.2200,0.578503
428.2400,1.110621
428.2600,1.120787
428.2800,1.368685
428.3000,1.459271
428.3200,1.363337
428.3400,0.943269
428.3600,0.753861
428.3800,0.796205
428.4000,0.447805
428.4200,0.244657
428.4400,0.176151
428.4600,0.117079
428.4800,0.427210
428.5000,0.810935
428.5200,0.736552
428.5400,0.608769
428.5600,0.575696
428.5800,0.966135
428.6000,1.162489
428.6200,0.817688
428.6400,0.452630
428.6600,0.253113
428.6800,0.326912
428.7000,0.560543
428.7200,0.320488
428.7400,0.296219
428.7600,0.374942
428.7800,0.301112
428.8000,0.496391
428.8200,0.314655
428.8400,0.452483
428.8600,1.149589
428.8800,1.843528
428.9000,1.934235
428.9200,2.191066
428.9400,3.292456
428.9600,3.497442
428.9800,3.514904
429.0000,3.264104
429.0200,3.595187
429.0400,3.393959
429.0600,2.941376
429.0800,3.057778
429.1000,2.921512
429.1200,2.765279
429.1400,2.514563
429.1600,3.062515
429.1800,2.372771
429.2000,1.529507
429.2200,0.863312
429.2400,0.673187
429.2600,0.484446
429.2800,0.332568
429.3000,0.222967
429.3200,0.228176
429.3400,0.358341
429.3600,0.533377
429.3800,0.400512
429.4000,0.372522
429.4200,0.477325
429.4400,0.542543
429.4600,0.460760
429.4800,0.482089
429.5000,0.796740
429.5200,0.642188
429.5400,0.400735
429.5600,0.723954
429.5800,0.671029
429.6000,0.394291
429.6200,0.683861
429.6400,1.346894
429.6600,2.085053
429.6800,2.350247
429.7000,2.523412
429.7200,2.810927
429.7400,2.262504
429.7600,1.656922
429.7800,1.472086
429.8000,1.352179
429.8200,0.877279
429.8400,0.480680
429.8600,0.682687
429.8800,1.681766
429.9000,2.379117
429.9200,2.520260
429.9400,2.858097
429.9600,3.000195
429.9800,2.954119
430.0000,3.096611
430.0200,3.025504
430.0400,2.936986
430.0600,2.925308
430.0800,2.654810
430.1000,2.088798
430.1200,1.762413
430.1400,1.909663
430.1600,2.014667
430.1800,1.417647
430.2000,1.046856
430.2200,1.025293
430.2400,1.292750
430.2600,1.286262
430.2800,1.047692
430.3000,0.697270
430.3200,0.387596
430.3400,0.279425
430.3600,0.335695
430.3800,0.298354
430.4000,0.495488
430.4200,0.711790
430.4400,0.957734
430.4600,1.028994
430.4800,1.596360
430.5000,2.368952
430.5200,2.312142
430.5400,2.000229
430.5600,1.728543
430.5800,1.066507
430.6000,0.649029
430.6200,0.459775
430.6400,0.767570
430.6600,1.416393
430.6800,1.098368
430.7000,1.230023
430.7200,1.435158
430.7400,2.109605
430.7600,2.421217
430.7800,3.410137
430.8000,3.600000
430.8200,3.600000
430.8400,3.598953
430.8600,2.234262
430.8800,1.203224
430.9000,0.088598
430.9200,0.046931
430.9400,0.047923
430.9600,0.077018
430.9800,0.078456
431.0000,0.143872
431.0200,0.367393
431.0400,0.300904
431.0600,0.544943
431.0800,0.388733
431.1000,0.575613
431.1200,0.699884
431.1400,0.546571
431.1600,1.020237
431.1800,1.318842
431.2000,1.616131
431.2200,1.160570
431.2400,0.816836
431.2600,0.449236
431.2800,0.269069
431.3000,0.171826
431.3200,0.578503
431.3400,1.110621
431.3600,1.120787
431.3800,1.368685
431.4000,1.459271
431.4200,1.363337
431.4400,0.943269
431.4600,0.753861
431.4800,0.796205
431.5000,0.447805
431.5200,0.244657
431.5400,0.176151
431.5600,0.117079
431.5800,0.427210
431.6000,0.810935
431.6200,0.736552
431.6400,0.608769
431.6600,0.575696
431.6800,0.966135
431.7000,1.162489
431.7200,0.817688
431.7400,0.452630
431.7600,0.253113
431.7800,0.326912
431.8000,0.560543
431.8200,0.320488
431.8400,0.296219
431.8600,0.374942
431.8800,0.301112
431.9000,0.496391
431.9200,0.314655
431.9400,0.452483
431.9600,1.149589
431.9800,1.843528
432.0000,1.934235
432.0200,2.191066
432.0400,3.292456
432.0600,3.497442
432.0800,3.514904
432.1000,3.264104
432.1200,3.595187
432.1400,3.393959
432.1600,2.941376
432.1800,3.057778
432.2000,2.921512
432.2200,2.765279
432.2400,2.514563
432.2600,3.062515
432.2800,2.372771
432.3000,1.529507
432.3200,0.863312
432.3400,0.673187
432.3600,0.484446
432.3800,0.332568
432.4000,0.222967
432.4200,0.228176
432.4400,0.358341
432.4600,0.533377
432.4800,0.400512
432.5000,0.372522
432.5200,0.477325
432.5400,0.542543
432.5600,0.460760
432.5800,0.482089
432.6000,0.796740
432.6200,0.642188
432.6400,0.400735
432.6600,0.723954
432.6800,0.671029
432.7000,0.394291
432.7200,0.683861
432.7400,1.346894
432.7600,2.085053
432.7800,2.350247
432.8000,2.523412
432.8200,2.810927
432.8400,2.262504
432.8600,1.656922
432.8800,1.472086
432.9000,1.352179
432.9200,0.877279
432.9400,0.480680
432.9600,0.682687
432.9800,1.681766
433.0000,2.379117
433.0200,2.520260
433.0400,2.858097
433.0600,3.000195
433.0800,2.954119
433.1000,3.096611
433.1200,3.025504
433.1400,2.936986
433.1600,2.925308
433.1800,2.654810
433.2000,2.088798
433.2200,1.762413
433.2400,1.909663
433.2600,2.014667
433.2800,1.417647
433.3000,1.046856
433.3200,1.025293
433.3400,1.292750
433.3600,1.286262
433.3800,1.047692
433.4000,0.697270
433.4200,0.387596
433.4400,0.279425
433.4600,0.335695
433.4800,0.298354
433.5000,0.495488
433.5200,0.711790
433.5400,0.957734
433.5600,1.028994
433.5800,1.596360
433.6000,2.368952
433.6200,2.312142
433.6400,2.000229
433.6600,1.728543
433.6800,1.066507
433.7000,0.649029
433.7200,0.459775
433.7400,0.767570
433.7600,1.416393
433.7800,1.098368
433.8000,1.230023
433.8200,1.435158
433.8400,2.109605
433.8600,2.421217
433.8800,3.410137
433.9000,3.600000
433.9200,3.600000
433.9400,3.598953
433.9600,2.234262
433.9800,1.203224
434.0000,0.088598
434.0200,0.046931
434.0400,0.047923
434.0600,0.077018
434.0800,0.078456
434.1000,0.143872
434.1200,0.367393
434.1400,0.300904
434.1600,0.544943
434.1800,0.388733
434.2000,0.575613
434.2200,0.699884
434.2400,0.546571
434.2600,1.020237
434.2800,1.318842
434.3000,1.616131
434.3200,1.160570
434.3400,0.816836
434.3600,0.449236
434.3800,0.269069
434.4000,0.171826
434.4200,0.578503
434.4400,1.110621
434.4600,1.120787
434.4800,1.368685
434.5000,1.459271
434.5200,1.363337
434.5400,0.943269
434.5600,0.753861
434.5800,0.796205
434.6000,0.447805
434.6200,0.244657
434.6400,0.176151
434.6600,0.117079
434.6800,0.427210
434.7000,0.810935
434.7200,0.736552
434.7400,0.608769
434.7600,0.575696
434.7800,0.966135
434.8000,1.162489
434.8200,0.817688
434.8400,0.452630
434.8600,0.253113
434.8800,0.326912
434.9000,0.560543
434.9200,0.320488
434.9400,0.296219
434.9600,0.374942
434.9800,0.301112
435.0000,0.496391
435.0200,0.314655
435.0400,0.452483
435.0600,1.149589
435.0800,1.843528
435.1000,1.934235
435.1200,2.191066
435.1400,3.292456
435.1600,3.497442
435.1800,3.514904
435.2000,3.264104
435.2200,3.595187
435.2400,3.393959
435.2600,2.941376
435.2800,3.057778
435.3000,2.921512
435.3200,2.765279
435.3400,2.514563
435.3600,3.062515
435.3800,2.372771
435.4000,1.529507
435.4200,0.863312
435.4400,0.673187
435.4600,0.484446
435.4800,0.332568
435.5000,0.222967
435.5200,0.228176
435.5400,0.358341
435.5600,0.533377
435.5800,0.400512
435.6000,0.372522
435.6200,0.477325
435.6400,0.542543
435.6600,0.460760
435.6800,0.482089
435.7000,0.796740
435.7200,0.642188
435.7400,0.400735
435.7600,0.723954
435.7800,0.671029
435.8000,0.394291
435.8200,0.683861
435.8400,1.346894
435.8600,2.085053
435.8800,2.350247
435.9000,2.523412
435.9200,2.810927
435.9400,2.262504
435.9600,1.656922
435.9800,1.472086
436.0000,1.352179
436.0200,0.877279
436.0400,0.480680
436.0600,0.682687
436.0800,1.681766
436.1000,2.379117
436.1200,2.520260
436.1400,2.858097
436.1600,3.000195
436.1800,2.954119
436.2000,3.096611
436.2200,3.025504
436.2400,2.936986
436.2600,2.925308
436.2800,2.654810
436.3000,2.088798
436.3200,1.762413
436.3400,1.909663
436.3600,2.014667
436.3800,1.417647
436.4000,1.046856
436.4200,1.025293
436.4400,1.292750
436.4600,1.286262
436.4800,1.047692
436.5000,0.697270
436.5200,0.387596
436.5400,0.279425
436.5600,0.335695
436.5800,0.298354
436.6000,0.495488
436.6200,0.711790
436.6400,0.957734
436.6600,1.028994
436.6800,1.596360
436.7000,2.368952
436.7200,2.312142
436.7400,2.000229
436.7600,1.728543
436.7800,1.066507
436.8000,0.649029
436.8200,0.459775
436.8400,0.767570
436.8600,1.416393
436.8800,1.098368
436.9000,1.230023
436.9200,1.435158
436.9400,2.109605
436.9600,2.421217
436.9800,3.410137
437.0000,3.600000
437.0200,3.600000
437.0400,3.598953
437.0600,2.234262
437.0800,1.203224
437.1000,0.088598
437.1200,0.046931
437.1400,0.047923
437.1600,0.077018
437.1800,0.078456
437.2000,0.143872
437.2200,0.367393
437.2400,0.300904
437.2600,0.544943
437.2800,0.388733
437.3000,0.575613
437.3200,0.699884
437.3400,0.546571
437.3600,1.020237
437.3800,1.318842
437.4000,1.616131
437.4200,1.160570
437.4400,0.816836
437.4600,0.449236
437.4800,0.269069
437.5000,0.171826
437.5200,0.578503
437.5400,1.110621
437.5600,1.120787
437.5800,1.368685
437.6000,1.459271
437.6200,1.363337
437.6400,0.943269
437.6600,0.753861
437.6800,0.796205
437.7000,0.447805
437.7200,0.244657
437.7400,0.176151
437.7600,0.117079
437.7800,0.427210
437.8000,0.810935
437.8200,0.736552
437.8400,0.608769
437.8600,0.575696
437.8800,0.966135
437.9000,1.162489
437.9200,0.817688
437.9400,0.452630
437.9600,0.253113
437.9800,0.326912
438.0000,0.560543
438.0200,0.320488
438.0400,0.296219
438.0600,0.374942
438.0800,0.301112
438.1000,0.496391
438.1200,0.314655
438.1400,0.452483
438.1600,1.149589
438.1800,1.843528
438.2000,1.934235
438.2200,2.191066
438.2400,3.292456
438.2600,3.497442
438.2800,3.514904
438.3000,3.264104
438.3200,3.595187
438.3400,3.393959
438.3600,2.941376
438.3800,3.057778
438.4000,2.921512
438.4200,2.765279
438.4400,2.514563
438.4600,3.062515
438.4800,2.372771
438.5000,1.529507
438.5200,0.863312
438.5400,0.673187
438.5600,0.484446
438.5800,0.332568
438.6000,0.222967
438.6200,0.228176
438.6400,0.358341
438.6600,0.533377
438.6800,0.400512
438.7000,0.372522
438.7200,0.477325
438.7400,0.542543
438.7600,0.460760
438.7800,0.482089
438.8000,0.796740
438.8200,0.642188
438.8400,0.400735
438.8600,0.723954
438.8800,0.671029
438.9000,0.394291
438.9200,0.683861
438.9400,1.346894
438.9600,2.085053
438.9800,2.350247
439.0000,2.523412
439.0200,2.810927
439.0400,2.262504
439.0600,1.656922
439.0800,1.472086
439.1000,1.352179
439.1200,0.877279
439.1400,0.480680
439.1600,0.682687
439.1800,1.681766
439.2000,2.379117
439.2200,2.520260
439.2400,2.858097
439.2600,3.000195
439.2800,2.954119
439.3000,3.096611
439.3200,3.025504
439.3400,2.936986
439.3600,2.925308
439.3800,2.654810
439.4000,2.088798
439.4200,1.762413
439.4400,1.909663
439.4600,2.014667
439.4800,1.417647
439.5000,1.046856
439.5200,1.025293
439.5400,1.292750
439.5600,1.286262
439.5800,1.047692
439.6000,0.697270
439.6200,0.387596
439.6400,0.279425
439.6600,0.335695
439.6800,0.298354
439.7000,0.495488
439.7200,0.711790
439.7400,0.957734
439.7600,1.028994
439.7800,1.596360
439.8000,2.368952
439.8200,2.312142
439.8400,2.000229
439.8600,1.728543
439.8800,1.066507
439.9000,0.649029
439.9200,0.459775
439.9400,0.767570
439.9600,1.416393
439.9800,1.098368
440.0000,1.230023
440.0200,1.435158
440.0400,2.109605
440.0600,2.421217
440.0800,3.410137
440.1000,3.600000
440.1200,3.600000
440.1400,3.598953
440.1600,2.234262
440.1800,1.203224
440.2000,0.088598
440.2200,0.046931
440.2400,0.047923
440.2600,0.077018
440.2800,0.078456
440.3000,0.143872
440.3200,0.367393
440.3400,0.300904
440.3600,0.544943
440.3800,0.388733
440.4000,0.575613
440.4200,0.699884
440.4400,0.546571
440.4600,1.020237
440.4800,1.318842
440.5000,1.616131
440.5200,1.160570
440.5400,0.816836
440.5600,0.449236
440.5800,0.269069
440.6000,0.171826
440.6200,0.578503
440.6400,1.110621
440.6600,1.120787
440.6800,1.368685
440.7000,1.459271
440.7200,1.363337
440.7400,0.943269
440.7600,0.753861
440.7800,0.796205
440.8000,0.447805
440.8200,0.244657
440.8400,0.176151
440.8600,0.117079
440.8800,0.427210
440.9000,0.810935
440.9200,0.736552
440.9400,0.608769
440.9600,0.575696
440.9800,0.966135
441.0000,1.162489
441.0200,0.817688
441.0400,0.452630
441.0600,0.253113
441.0800,0.326912
441.1000,0.560543
441.1200,0.320488
441.1400,0.296219
441.1600,0.374942
441.1800,0.301112
441.2000,0.496391
441.2200,0.314655
441.2400,0.452483
441.2600,1.149589
441.2800,1.843528
441.3000,1.934235
441.3200,2.191066
441.3400,3.292456
441.3600,3.497442
441.3800,3.514904
441.4000,3.264104
441.4200,3.595187
441.4400,3.393959
441.4600,2.941376
441.4800,3.057778
441.5000,2.921512
441.5200,2.765279
441.5400,2.514563
441.5600,3.062515
441.5800,2.372771
441.6000,1.529507
441.6200,0.863312
441.6400,0.673187
441.6600,0.484446
441.6800,0.332568
441.7000,0.222967
441.7200,0.228176
441.7400,0.358341
441.7600,0.533377
441.7800,0.400512
441.8000,0.372522
441.8200,0.477325
441.8400,0.542543
441.8600,0.460760
441.8800,0.482089
441.9000,0.796740
441.9200,0.642188
441.9400,0.400735
441.9600,0.723954
441.9800,0.671029
442.0000,0.394291
442.0200,0.683861
442.0400,1.346894
442.0600,2.085053
442.0800,2.350247
442.1000,2.523412
442.1200,2.810927
442.1400,2.262504
442.1600,1.656922
442.1800,1.472086
442.2000,1.352179
442.2200,0.877279
442.2400,0.480680
442.2600,0.682687
442.2800,1.681766
442.3000,2.379117
442.3200,2.520260
442.3400,2.858097
442.3600,3.000195
442.3800,2.954119
442.4000,3.096611
442.4200,3.025504
442.4400,2.936986
442.4600,2.925308
442.4800,2.654810
442.5000,2.088798
442.5200,1.762413
442.5400,1.909663
442.5600,2.014667
442.5800,1.417647
442.6000,1.046856
442.6200,1.025293
442.6400,1.292750
442.6600,1.286262
442.6800,1.047692
442.7000,0.697270
442.7200,0.387596
442.7400,0.279425
442.7600,0.335695
442.7800,0.298354
442.8000,0.495488
442.8200,0.711790
442.8400,0.957734
442.8600,1.028994
442.8800,1.596360
442.9000,2.368952
442.9200,2.312142
442.9400,2.000229
442.9600,1.728543
442.9800,1.066507
443.0000,0.649029
443.0200,0.459775
443.0400,0.767570
443.0600,1.416393
443.0800,1.098368
443.1000,1.230023
443.1200,1.435158
443.1400,2.109605
443.1600,2.421217
443.1800,3.410137
443.2000,3.600000
443.2200,3.600000
443.2400,3.598953
443.2600,2.234262
443.2800,1.203224
443.3000,0.088598
443.3200,0.046931
443.3400,0.047923
443.3600,0.077018
443.3800,0.078456
443.4000,0.143872
443.4200,0.367393
443.4400,0.300904
443.4600,0.544943
443.4800,0.388733
443.5000,0.575613
443.5200,0.699884
443.5400,0.546571
443.5600,1.020237
443.5800,1.318842
443.6000,1.616131
443.6200,1.160570
443.6400,0.816836
443.6600,0.449236
443.6800,0.269069
443.7000,0.171826
443.7200,0.578503
443.7400,1.110621
443.7600,1.120787
443.7800,1.368685
443.8000,1.459271
443.8200,1.363337
443.8400,0.943269
443.8600,0.753861
443.8800,0.796205
443.9000,0.447805
443.9200,0.244657
443.9400,0.176151
443.9600,0.117079
443.9800,0.427210
444.0000,0.810935
444.0200,0.736552
444.0400,0.608769
444.0600,0.575696
444.0800,0.966135
444.1000,1.162489
444.1200,0.817688
444.1400,0.452630
444.1600,0.253113
444.1800,0.326912
444.2000,0.560543
444.2200,0.320488
444.2400,0.296219
444.2600,0.374942
444.2800,0.301112
444.3000,0.496391
444.3200,0.314655
444.3400,0.452483
444.3600,1.149589
444.3800,1.843528
444.4000,1.934235
444.4200,2.191066
444.4400,3.292456
444.4600,3.497442
444.4800,3.514904
444.5000,3.264104
444.5200,3.595187
444.5400,3.393959
444.5600,2.941376
444.5800,3.057778
444.6000,2.921512
444.6200,2.765279
444.6400,2.514563
444.6600,3.062515
444.6800,2.372771
444.7000,1.529507
444.7200,0.863312
444.7400,0.673187
444.7600,0.484446
444.7800,0.332568
444.8000,0.222967
444.8200,0.228176
444.8400,0.358341
444.8600,0.533377
444.8800,0.400512
444.9000,0.372522
444.9200,0.477325
444.9400,0.542543
444.9600,0.460760
444.9800,0.482089
445.0000,0.796740
445.0200,0.642188
445.0400,0.400735
445.0600,0.723954
445.0800,0.671029
445.1000,0.394291
445.1200,0.683861
445.1400,1.346894
445.1600,2.085053
445.1800,2.350247
445.2000,2.523412
445.2200,2.810927
445.2400,2.262504
445.2600,1.656922
445.2800,1.472086
445.3000,1.352179
445.3200,0.877279
445.3400,0.480680
445.3600,0.682687
445.3800,1.681766
445.4000,2.379117
445.4200,2.520260
445.4400,2.858097
445.4600,3.000195
445.4800,2.954119
445.5000,3.096611
445.5200,3.025504
445.5400,2.936986
445.5600,2.925308
445.5800,2.654810
445.6000,2.088798
445.6200,1.762413
445.6400,1.909663
445.6600,2.014667
445.6800,1.417647
445.7000,1.046856
445.7200,1.025293
445.7400,1.292750
445.7600,1.286262
445.7800,1.047692
445.8000,0.697270
445.8200,0.387596
445.8400,0.279425
445.8600,0.335695
445.8800,0.298354
445.9000,0.495488
445.9200,0.711790
445.9400,0.957734
445.9600,1.028994
445.9800,1.596360
446.0000,2.368952
446.0200,2.312142
446.0400,2.000229
446.0600,1.728543
446.0800,1.066507
446.1000,0.649029
446.1200,0.459775
446.1400,0.767570
446.1600,1.416393
446.1800,1.098368
446.2000,1.230023
446.2200,1.435158
446.2400,2.109605
446.2600,2.421217
446.2800,3.410137
446.3000,3.600000
446.3200,3.600000
446.3400,3.598953
446.3600,2.234262
446.3800,1.203224
446.4000,0.088598
446.4200,0.046931
446.4400,0.047923
446.4600,0.077018
446.4800,0.078456
446.5000,0.143872
446.5200,0.367393
446.5400,0.300904
446.5600,0.544943
446.5800,0.388733
446.6000,0.575613
446.6200,0.699884
446.6400,0.546571
446.6600,1.020237
446.6800,1.318842
446.7000,1.616131
446.7200,1.160570
446.7400,0.816836
446.7600,0.449236
446.7800,0.269069
446.8000,0.171826
446.8200,0.578503
446.8400,1.110621
446.8600,1.120787
446.8800,1.368685
446.9000,1.459271
446.9200,1.363337
446.9400,0.943269
446.9600,0.753861
446.9800,0.796205
447.0000,0.447805
447.0200,0.244657
447.0400,0.176151
447.0600,0.117079
447.0800,0.427210
447.1000,0.810935
447.1200,0.736552
447.1400,0.608769
447.1600,0.575696
447.1800,0.966135
447.2000,1.162489
447.2200,0.817688
447.2400,0.452630
447.2600,0.253113
447.2800,0.326912
447.3000,0.560543
447.3200,0.320488
447.3400,0.296219
447.3600,0.374942
447.3800,0.301112
447.4000,0.496391
447.4200,0.314655
447.4400,0.452483
447.4600,1.149589
447.4800,1.843528
447.5000,1.934235
447.5200,2.191066
447.5400,3.292456
447.5600,3.497442
447.5800,3.514904
447.6000,3.264104
447.6200,3.595187
447.6400,3.393959
447.6600,2.941376
447.6800,3.057778
447.7000,2.921512
447.7200,2.765279
447.7400,2.514563
447.7600,3.062515
447.7800,2.372771
447.8000,1.529507
447.8200,0.863312
447.8400,0.673187
447.8600,0.484446
447.8800,0.332568
447.9000,0.222967
447.9200,0.228176
447.9400,0.358341
447.9600,0.533377
447.9800,0.400512
448.0000,0.372522
448.0200,0.477325
448.0400,0.542543
448.0600,0.460760
448.0800,0.482089
448.1000,0.796740
448.1200,0.642188
448.1400,0.400735
448.1600,0.723954
448.1800,0.671029
448.2000,0.394291
448.2200,0.683861
448.2400,1.346894
448.2600,2.085053
448.2800,2.350247
448.3000,2.523412
448.3200,2.810927
448.3400,2.262504
448.3600,1.656922
448.3800,1.472086
448.4000,1.352179
448.4200,0.877279
448.4400,0.480680
448.4600,0.682687
448.4800,1.681766
448.5000,2.379117
448.5200,2.520260
448.5400,2.858097
448.5600,3.000195
448.5800,2.954119
448.6000,3.096611
448.6200,3.025504
448.6400,2.936986
448.6600,2.925308
448.6800,2.654810
448.7000,2.088798
448.7200,1.762413
448.7400,1.909663
448.7600,2.014667
448.7800,1.417647
448.8000,1.046856
448.8200,1.025293
448.8400,1.292750
448.8600,1.286262
448.8800,1.047692
448.9000,0.697270
448.9200,0.387596
448.9400,0.279425
448.9600,0.335695
448.9800,0.298354
449.0000,0.495488
449.0200,0.711790
449.0400,0.957734
449.0600,1.028994
449.0800,1.596360
449.1000,2.368952
449.1200,2.312142
449.1400,2.000229
449.1600,1.728543
449.1800,1.066507
449.2000,0.649029
449.2200,0.459775
449.2400,0.767570
449.2600,1.416393
449.2800,1.098368
449.3000,1.230023
449.3200,1.435158
449.3400,2.109605
449.3600,2.421217
449.3800,3.410137
449.4000,3.600000
449.4200,3.600000
449.4400,3.598953
449.4600,2.234262
449.4800,1.203224
449.5000,0.088598
449.5200,0.046931
449.5400,0.047923
449.5600,0.077018
449.5800,0.078456
449.6000,0.143872
449.6200,0.367393
449.6400,0.300904
449.6600,0.544943
449.6800,0.388733
449.7000,0.575613
449.7200,0.699884
449.7400,0.546571
449.7600,1.020237
449.7800,1.318842
449.8000,1.616131
449.8200,1.160570
449.8400,0.816836
449.8600,0.449236
449.8800,0.269069
449.9000,0.171826
449.9200,0.578503
449.9400,1.110621
449.9600,1.120787
449.9800,1.368685
450.0000,1.459271
450.0200,1.363337
450.0400,0.943269
450.0600,0.753861
450.0800,0.796205
450.1000,0.447805
450.1200,0.244657
450.1400,0.176151
450.1600,0.117079
450.1800,0.427210
450.2000,0.810935
450.2200,0.736552
450.2400,0.608769
450.2600,0.575696
450.2800,0.966135
450.3000,1.162489
450.3200,0.817688
450.3400,0.452630
450.3600,0.253113
450.3800,0.326912
450.4000,0.560543
450.4200,0.320488
450.4400,0.296219
450.4600,0.374942
450.4800,0.301112
450.5000,0.496391
450.5200,0.314655
450.5400,0.452483
450.5600,1.149589
450.5800,1.843528
450.6000,1.934235
450.6200,2.191066
450.6400,3.292456
450.6600,3.497442
450.6800,3.514904
450.7000,3.264104
450.7200,3.595187
450.7400,3.393959
450.7600,2.941376
450.7800,3.057778
450.8000,2.921512
450.8200,2.765279
450.8400,2.514563
450.8600,3.062515
450.8800,2.372771
450.9000,1.529507
450.9200,0.863312
450.9400,0.673187
450.9600,0.484446
450.9800,0.332568
451.0000,0.222967
451.0200,0.228176
451.0400,0.358341
451.0600,0.533377
451.0800,0.400512
451.1000,0.372522
451.1200,0.477325
451.1400,0.542543
451.1600,0.460760
451.1800,0.482089
451.2000,0.796740
451.2200,0.642188
451.2400,0.400735
451.2600,0.723954
451.2800,0.671029
451.3000,0.394291
451.3200,0.683861
451.3400,1.346894
451.3600,2.085053
451.3800,2.350247
451.4000,2.523412
451.4200,2.810927
451.4400,2.262504
451.4600,1.656922
451.4800,1.472086
451.5000,1.352179
451.5200,0.877279
451.5400,0.480680
451.5600,0.682687
451.5800,1.681766
451.6000,2.379117
451.6200,2.520260
451.6400,2.858097
451.6600,3.000195
451.6800,2.954119
451.7000,3.096611
451.7200,3.025504
451.7400,2.936986
451.7600,2.925308
451.7800,2.654810
451.8000,2.088798
451.8200,1.762413
451.8400,1.909663
451.8600,2.014667
451.8800,1.417647
451.9000,1.046856
451.9200,1.025293
451.9400,1.292750
451.9600,1.286262
451.9800,1.047692
452.0000,0.697270
452.0200,0.387596
452.0400,0.279425
452.0600,0.335695
452.0800,0.298354
452.1000,0.495488
452.1200,0.711790
452.1400,0.957734
452.1600,1.028994
452.1800,1.596360
452.2000,2.368952
452.2200,2.312142
452.2400,2.000229
452.2600,1.728543
452.2800,1.066507
452.3000,0.649029
452.3200,0.459775
452.3400,0.767570
452.3600,1.416393
452.3800,1.098368
452.4000,1.230023
452.4200,1.435158
452.4400,2.109605
452.4600,2.421217
452.4800,3.410137
452.5000,3.600000
452.5200,3.600000
452.5400,3.598953
452.5600,2.234262
452.5800,1.203224
452.6000,0.088598
452.6200,0.046931
452.6400,0.047923
452.6600,0.077018
452.6800,0.078456
452.7000,0.143872
452.7200,0.367393
452.7400,0.300904
452.7600,0.544943
452.7800,0.388733
452.8000,0.575613
452.8200,0.699884
452.8400,0.546571
452.8600,1.020237
452.8800,1.318842
452.9000,1.616131
452.9200,1.160570
452.9400,0.816836
452.9600,0.449236
452.9800,0.269069
453.0000,0.171826
453.0200,0.578503
453.0400,1.110621
453.0600,1.120787
453.0800,1.368685
453.1000,1.459271
453.1200,1.363337
453.1400,0.943269
453.1600,0.753861
453.1800,0.796205
453.2000,0.447805
453.2200,0.244657
453.2400,0.176151
453.2600,0.117079
453.2800,0.427210
453.3000,0.810935
453.3200,0.736552
453.3400,0.608769
453.3600,0.575696
453.3800,0.966135
453.4000,1.162489
453.4200,0.817688
453.4400,0.452630
453.4600,0.253113
453.4800,0.326912
453.5000,0.560543
453.5200,0.320488
453.5400,0.296219
453.5600,0.374942
453.5800,0.301112
453.6000,0.496391
453.6200,0.314655
453.6400,0.452483
453.6600,1.149589
453.6800,1.843528
453.7000,1.934235
453.7200,2.191066
453.7400,3.292456
453.7600,3.497442
453.7800,3.514904
453.8000,3.264104
453.8200,3.595187
453.8400,3.393959
453.8600,2.941376
453.8800,3.057778
453.9000,2.921512
453.9200,2.765279
453.9400,2.514563
453.9600,3.062515
453.9800,2.372771
454.0000,1.529507
454.0200,0.863312
454.0400,0.673187
454.0600,0.484446
454.0800,0.332568
454.1000,0.222967
454.1200,0.228176
454.1400,0.358341
454.1600,0.533377
454.1800,0.400512
454.2000,0.372522
454.2200,0.477325
454.2400,0.542543
454.2600,0.460760
454.2800,0.482089
454.3000,0.796740
454.3200,0.642188
454.3400,0.400735
454.3600,0.723954
454.3800,0.671029
454.4000,0.394291
454.4200,0.683861
454.4400,1.346894
454.4600,2.085053
454.4800,2.350247
454.5000,2.523412
454.5200,2.810927
454.5400,2.262504
454.5600,1.656922
454.5800,1.472086
454.6000,1.352179
454.6200,0.877279
454.6400,0.480680
454.6600,0.682687
454.6800,1.681766
454.7000,2.379117
454.7200,2.520260
454.7400,2.858097
454.7600,3.000195
454.7800,2.954119
454.8000,3.096611
454.8200,3.025504
454.8400,2.936986
454.8600,2.925308
454.8800,2.654810
454.9000,2.088798
454.9200,1.762413
454.9400,1.909663
454.9600,2.014667
454.9800,1.417647
455.0000,1.046856
455.0200,1.025293
455.0400,1.292750
455.0600,1.286262
455.0800,1.047692
455.1000,0.697270
455.1200,0.387596
455.1400,0.279425
455.1600,0.335695
455.1800,0.298354
455.2000,0.495488
455.2200,0.711790
455.2400,0.957734
455.2600,1.028994
455.2800,1.596360
455.3000,2.368952
455.3200,2.312142
455.3400,2.000229
455.3600,1.728543
455.3800,1.066507
455.4000,0.649029
455.4200,0.459775
455.4400,0.767570
455.4600,1.416393
455.4800,1.098368
455.5000,1.230023
455.5200,1.435158
455.5400,2.109605
455.5600,2.421217
455.5800,3.410137
455.6000,3.600000
455.6200,3.600000
455.6400,3.598953
455.6600,2.234262
455.6800,1.203224
455.7000,0.088598
455.7200,0.046931
455.7400,0.047923
455.7600,0.077018
455.7800,0.078456
455.8000,0.143872
455.8200,0.367393
455.8400,0.300904
455.8600,0.544943
455.8800,0.388733
455.9000,0.575613
455.9200,0.699884
455.9400,0.546571
455.9600,1.020237
455.9800,1.318842
456.0000,1.616131
456.0200,1.160570
456.0400,0.816836
456.0600,0.449236
456.0800,0.269069
456.1000,0.171826
456.1200,0.578503
456.1400,1.110621
456.1600,1.120787
456.1800,1.368685
456.2000,1.459271
456.2200,1.363337
456.2400,0.943269
456.2600,0.753861
456.2800,0.796205
456.3000,0.447805
456.3200,0.244657
456.3400,0.176151
456.3600,0.117079
456.3800,0.427210
456.4000,0.810935
456.4200,0.736552
456.4400,0.608769
456.4600,0.575696
456.4800,0.966135
456.5000,1.162489
456.5200,0.817688
456.5400,0.452630
456.5600,0.253113
456.5800,0.326912
456.6000,0.560543
456.6200,0.320488
456.6400,0.296219
456.6600,0.374942
456.6800,0.301112
456.7000,0.496391
456.7200,0.314655
456.7400,0.452483
456.7600,1.149589
456.7800,1.843528
456.8000,1.934235
456.8200,2.191066
456.8400,3.292456
456.8600,3.497442
456.8800,3.514904
456.9000,3.264104
456.9200,3.595187
456.9400,3.393959
456.9600,2.941376
456.9800,3.057778
457.0000,2.921512
457.0200,2.765279
457.0400,2.514563
457.0600,3.062515
457.0800,2.372771
457.1000,1.529507
457.1200,0.863312
457.1400,0.673187
457.1600,0.484446
457.1800,0.332568
457.2000,0.222967
457.2200,0.228176
457.2400,0.358341
457.2600,0.533377
457.2800,0.400512
457.3000,0.372522
457.3200,0.477325
457.3400,0.542543
457.3600,0.460760
457.3800,0.482089
457.4000,0.796740
457.4200,0.642188
457.4400,0.400735
457.4600,0.723954
457.4800,0.671029
457.5000,0.394291
457.5200,0.683861
457.5400,1.346894
457.5600,2.085053
457.5800,2.350247
457.6000,2.523412
457.6200,2.810927
457.6400,2.262504
457.6600,1.656922
457.6800,1.472086
457.7000,1.352179
457.7200,0.877279
457.7400,0.480680
457.7600,0.682687
457.7800,1.681766
457.8000,2.379117
457.8200,2.520260
457.8400,2.858097
457.8600,3.000195
457.8800,2.954119
457.9000,3.096611
457.9200,3.025504
457.9400,2.936986
457.9600,2.925308
457.9800,2.654810
458.0000,2.088798
458.0200,1.762413
458.0400,1.909663
458.0600,2.014667
458.0800,1.417647
458.1000,1.046856
458.1200,1.025293
458.1400,1.292750
458.1600,1.286262
458.1800,1.047692
458.2000,0.697270
458.2200,0.387596
458.2400,0.279425
458.2600,0.335695
458.2800,0.298354
458.3000,0.495488
458.3200,0.711790
458.3400,0.957734
458.3600,1.028994
458.3800,1.596360
458.4000,2.368952
458.4200,2.312142
458.4400,2.000229
458.4600,1.728543
458.4800,1.066507
458.5000,0.649029
458.5200,0.459775
458.5400,0.767570
458.5600,1.416393
458.5800,1.098368
458.6000,1.230023
458.6200,1.435158
458.6400,2.109605
458.6600,2.421217
458.6800,3.410137
458.7000,3.600000
458.7200,3.600000
458.7400,3.598953
458.7600,2.234262
458.7800,1.203224
458.8000,0.088598
458.8200,0.046931
458.8400,0.047923
458.8600,0.077018
458.8800,0.078456
458.9000,0.143872
458.9200,0.367393
458.9400,0.300904
458.9600,0.544943
458.9800,0.388733
459.0000,0.575613
459.0200,0.699884
459.0400,0.546571
459.0600,1.020237
459.0800,1.318842
459.1000,1.616131
459.1200,1.160570
459.1400,0.816836
459.1600,0.449236
459.1800,0.269069
459.2000,0.171826
459.2200,0.578503
459.2400,1.110621
459.2600,1.120787
459.2800,1.368685
459.3000,1.459271
459.3200,1.363337
459.3400,0.943269
459.3600,0.753861
459.3800,0.796205
459.4000,0.447805
459.4200,0.244657
459.4400,0.176151
459.4600,0.117079
459.4800,0.427210
459.5000,0.810935
459.5200,0.736552
459.5400,0.608769
459.5600,0.575696
459.5800,0.966135
459.6000,1.162489
459.6200,0.817688
459.6400,0.452630
459.6600,0.253113
459.6800,0.326912
459.7000,0.560543
459.7200,0.320488
459.7400,0.296219
459.7600,0.374942
459.7800,0.301112
459.8000,0.496391
459.8200,0.314655
459.8400,0.452483
459.8600,1.149589
459.8800,1.843528
459.9000,1.934235
459.9200,2.191066
459.9400,3.292456
459.9600,3.497442
459.9800,3.514904
460.0000,3.264104
460.0200,3.595187
460.0400,3.393959
460.0600,2.941376
460.0800,3.057778
460.1000,2.921512
460.1200,2.765279
460.1400,2.514563
460.1600,3.062515
460.1800,2.372771
460.2000,1.529507
460.2200,0.863312
460.2400,0.673187
460.2600,0.484446
460.2800,0.332568
460.3000,0.222967
460.3200,0.228176
460.3400,0.358341
460.3600,0.533377
460.3800,0.400512
460.4000,0.372522
460.4200,0.477325
460.4400,0.542543
460.4600,0.460760
460.4800,0.482089
460.5000,0.796740
460.5200,0.642188
460.5400,0.400735
460.5600,0.723954
460.5800,0.671029
460.6000,0.394291
460.6200,0.683861
460.6400,1.346894
460.6600,2.085053
460.6800,2.350247
460.7000,2.523412
460.7200,2.810927
460.7400,2.262504
460.7600,1.656922
460.7800,1.472086
460.8000,1.352179
460.8200,0.877279
460.8400,0.480680
460.8600,0.682687
460.8800,1.681766
460.9000,2.379117
460.9200,2.520260
460.9400,2.858097
460.9600,3.000195
460.9800,2.954119
461.0000,3.096611
461.0200,3.025504
461.0400,2.936986
461.0600,2.925308
461.0800,2.654810
461.1000,2.088798
461.1200,1.762413
461.1400,1.909663
461.1600,2.014667
461.1800,1.417647
461.2000,1.046856
461.2200,1.025293
461.2400,1.292750
461.2600,1.286262
461.2800,1.047692
461.3000,0.697270
461.3200,0.387596
461.3400,0.279425
461.3600,0.335695
461.3800,0.298354
461.4000,0.495488
461.4200,0.711790
461.4400,0.957734
461.4600,1.028994
461.4800,1.596360
461.5000,2.368952
461.5200,2.312142
461.5400,2.000229
461.5600,1.728543
461.5800,1.066507
461.6000,0.649029
461.6200,0.459775
461.6400,0.767570
461.6600,1.416393
461.6800,1.098368
461.7000,1.230023
461.7200,1.435158
461.7400,2.109605
461.7600,2.421217
461.7800,3.410137
461.8000,3.600000
461.8200,3.600000
461.8400,3.598953
461.8600,2.234262
461.8800,1.203224
461.9000,0.088598
461.9200,0.046931
461.9400,0.047923
461.9600,0.077018
461.9800,0.078456
462.0000,0.143872
462.0200,0.367393
462.0400,0.300904
462.0600,0.544943
462.0800,0.388733
462.1000,0.575613
462.1200,0.699884
462.1400,0.546571
462.1600,1.020237
462.1800,1.318842
462.2000,1.616131
462.2200,1.160570
462.2400,0.816836
462.2600,0.449236
462.2800,0.269069
462.3000,0.171826
462.3200,0.578503
462.3400,1.110621
462.3600,1.120787
462.3800,1.368685
462.4000,1.459271
462.4200,1.363337
462.4400,0.943269
462.4600,0.753861
462.4800,0.796205
462.5000,0.447805
462.5200,0.244657
462.5400,0.176151
462.5600,0.117079
462.5800,0.427210
462.6000,0.810935
462.6200,0.736552
462.6400,0.608769
462.6600,0.575696
462.6800,0.966135
462.7000,1.162489
462.7200,0.817688
462.7400,0.452630
462.7600,0.253113
462.7800,0.326912
462.8000,0.560543
462.8200,0.320488
462.8400,0.296219
462.8600,0.374942
462.8800,0.301112
462.9000,0.496391
462.9200,0.314655
462.9400,0.452483
462.9600,1.149589
462.9800,1.843528
463.0000,1.934235
463.0200,2.191066
463.0400,3.292456
463.0600,3.497442
463.0800,3.514904
463.1000,3.264104
463.1200,3.595187
463.1400,3.393959
463.1600,2.941376
463.1800,3.057778
463.2000,2.921512
463.2200,2.765279
463.2400,2.514563
463.2600,3.062515
463.2800,2.372771
463.3000,1.529507
463.3200,0.863312
463.3400,0.673187
463.3600,0.484446
463.3800,0.332568
463.4000,0.222967
463.4200,0.228176
463.4400,0.358341
463.4600,0.533377
463.4800,0.400512
463.5000,0.372522
463.5200,0.477325
463.5400,0.542543
463.5600,0.460760
463.5800,0.482089
463.6000,0.796740
463.6200,0.642188
463.6400,0.400735
463.6600,0.723954
463.6800,0.671029
463.7000,0.394291
463.7200,0.683861
463.7400,1.346894
463.7600,2.085053
463.7800,2.350247
463.8000,2.523412
463.8200,2.810927
463.8400,2.262504
463.8600,1.656922
463.8800,1.472086
463.9000,1.352179
463.9200,0.877279
463.9400,0.480680
463.9600,0.682687
463.9800,1.681766
464.0000,2.379117
464.0200,2.520260
464.0400,2.858097
464.0600,3.000195
464.0800,2.954119
464.1000,3.096611
464.1200,3.025504
464.1400,2.936986
464.1600,2.925308
464.1800,2.654810
464.2000,2.088798
464.2200,1.762413
464.2400,1.909663
464.2600,2.014667
464.2800,1.417647
464.3000,1.046856
464.3200,1.025293
464.3400,1.292750
464.3600,1.286262
464.3800,1.047692
464.4000,0.697270
464.4200,0.387596
464.4400,0.279425
464.4600,0.335695
464.4800,0.298354
464.5000,0.495488
464.5200,0.711790
464.5400,0.957734
464.5600,1.028994
464.5800,1.596360
464.6000,2.368952
464.6200,2.312142
464.6400,2.000229
464.6600,1.728543
464.6800,1.066507
464.7000,0.649029
464.7200,0.459775
464.7400,0.767570
464.7600,1.416393
464.7800,1.098368
464.8000,1.230023
464.8200,1.435158
464.8400,2.109605
464.8600,2.421217
464.8800,3.410137
464.9000,3.600000
464.9200,3.600000
464.9400,3.598953
464.9600,2.234262
464.9800,1.203224
465.0000,0.088598
465.0200,0.046931
465.0400,0.047923
465.0600,0.077018
465.0800,0.078456
465.1000,0.143872
465.1200,0.367393
465.1400,0.300904
465.1600,0.544943
465.1800,0.388733
465.2000,0.575613
465.2200,0.699884
465.2400,0.546571
465.2600,1.020237
465.2800,1.318842
465.3000,1.616131
465.3200,1.160570
465.3400,0.816836
465.3600,0.449236
465.3800,0.269069
465.4000,0.171826
465.4200,0.578503
465.4400,1.110621
465.4600,1.120787
465.4800,1.368685
465.5000,1.459271
465.5200,1.363337
465.5400,0.943269
465.5600,0.753861
465.5800,0.796205
465.6000,0.447805
465.6200,0.244657
465.6400,0.176151
465.6600,0.117079
465.6800,0.427210
465.7000,0.810935
465.7200,0.736552
465.7400,0.608769
465.7600,0.575696
465.7800,0.966135
465.8000,1.162489
465.8200,0.817688
465.8400,0.452630
465.8600,0.253113
465.8800,0.326912
465.9000,0.560543
465.9200,0.320488
465.9400,0.296219
465.9600,0.374942
465.9800,0.301112
466.0000,0.496391
466.0200,0.314655
466.0400,0.452483
466.0600,1.149589
466.0800,1.843528
466.1000,1.934235
466.1200,2.191066
466.1400,3.292456
466.1600,3.497442
466.1800,3.514904
466.2000,3.264104
466.2200,3.595187
466.2400,3.393959
466.2600,2.941376
466.2800,3.057778
466.3000,2.921512
466.3200,2.765279
466.3400,2.514563
466.3600,3.062515
466.3800,2.372771
466.4000,1.529507
466.4200,0.863312
466.4400,0.673187
466.4600,0.484446
466.4800,0.332568
466.5000,0.222967
466.5200,0.228176
466.5400,0.358341
466.5600,0.533377
466.5800,0.400512
466.6000,0.372522
466.6200,0.477325
466.6400,0.542543
466.6600,0.460760
466.6800,0.482089
466.7000,0.796740
466.7200,0.642188
466.7400,0.400735
466.7600,0.723954
466.7800,0.671029
466.8000,0.394291
466.8200,0.683861
466.8400,1.346894
466.8600,2.085053
466.8800,2.350247
466.9000,2.523412
466.9200,2.810927
466.9400,2.262504
466.9600,1.656922
466.9800,1.472086
467.0000,1.352179
467.0200,0.877279
467.0400,0.480680
467.0600,0.682687
467.0800,1.681766
467.1000,2.379117
467.1200,2.520260
467.1400,2.858097
467.1600,3.000195
467.1800,2.954119
467.2000,3.096611
467.2200,3.025504
467.2400,2.936986
467.2600,2.925308
467.2800,2.654810
467.3000,2.088798
467.3200,1.762413
467.3400,1.909663
467.3600,2.014667
467.3800,1.417647
467.4000,1.046856
467.4200,1.025293
467.4400,1.292750
467.4600,1.286262
467.4800,1.047692
467.5000,0.697270
467.5200,0.387596
467.5400,0.279425
467.5600,0.335695
467.5800,0.298354
467.6000,0.495488
467.6200,0.711790
467.6400,0.957734
467.6600,1.028994
467.6800,1.596360
467.7000,2.368952
467.7200,2.312142
467.7400,2.000229
467.7600,1.728543
467.7800,1.066507
467.8000,0.649029
467.8200,0.459775
467.8400,0.767570
467.8600,1.416393
467.8800,1.098368
467.9000,1.230023
467.9200,1.435158
467.9400,2.109605
467.9600,2.421217
467.9800,3.410137
468.0000,3.600000
468.0200,3.600000
468.0400,3.598953
468.0600,2.234262
468.0800,1.203224
468.1000,0.088598
468.1200,0.046931
468.1400,0.047923
468.1600,0.077018
468.1800,0.078456
468.2000,0.143872
468.2200,0.367393
468.2400,0.300904
468.2600,0.544943
468.2800,0.388733
468.3000,0.575613
468.3200,0.699884
468.3400,0.546571
468.3600,1.020237
468.3800,1.318842
468.4000,1.616131
468.4200,1.160570
468.4400,0.816836
468.4600,0.449236
468.4800,0.269069
468.5000,0.171826
468.5200,0.578503
468.5400,1.110621
468.5600,1.120787
468.5800,1.368685
468.6000,1.459271
468.6200,1.363337
468.6400,0.943269
468.6600,0.753861
468.6800,0.796205
468.7000,0.447805
468.7200,0.244657
468.7400,0.176151
468.7600,0.117079
468.7800,0.427210
468.8000,0.810935
468.8200,0.736552
468.8400,0.608769
468.8600,0.575696
468.8800,0.966135
468.9000,1.162489
468.9200,0.817688
468.9400,0.452630
468.9600,0.253113
468.9800,0.326912
469.0000,0.560543
469.0200,0.320488
469.0400,0.296219
469.0600,0.374942
469.0800,0.301112
469.1000,0.496391
469.1200,0.314655
469.1400,0.452483
469.1600,1.149589
469.1800,1.843528
469.2000,1.934235
469.2200,2.191066
469.2400,3.292456
469.2600,3.497442
469.2800,3.514904
469.3000,3.264104
469.3200,3.595187
469.3400,3.393959
469.3600,2.941376
469.3800,3.057778
469.4000,2.921512
469.4200,2.765279
469.4400,2.514563
469.4600,3.062515
469.4800,2.372771
469.5000,1.529507
469.5200,0.863312
469.5400,0.673187
469.5600,0.484446
469.5800,0.332568
469.6000,0.222967
469.6200,0.228176
469.6400,0.358341
469.6600,0.533377
469.6800,0.400512
469.7000,0.372522
469.7200,0.477325
469.7400,0.542543
469.7600,0.460760
469.7800,0.482089
469.8000,0.796740
469.8200,0.642188
469.8400,0.400735
469.8600,0.723954
469.8800,0.671029
469.9000,0.394291
469.9200,0.683861
469.9400,1.346894
469.9600,2.085053
469.9800,2.350247
470.0000,2.523412
470.0200,2.810927
470.0400,2.262504
470.0600,1.656922
470.0800,1.472086
470.1000,1.352179
470.1200,0.877279
470.1400,0.480680
470.1600,0.682687
470.1800,1.681766
470.2000,2.379117
470.2200,2.520260
470.2400,2.858097
470.2600,3.000195
470.2800,2.954119
470.3000,3.096611
470.3200,3.025504
470.3400,2.936986
470.3600,2.925308
470.3800,2.654810
470.4000,2.088798
470.4200,1.762413
470.4400,1.909663
470.4600,2.014667
470.4800,1.417647
470.5000,1.046856
470.5200,1.025293
470.5400,1.292750
470.5600,1.286262
470.5800,1.047692
470.6000,0.697270
470.6200,0.387596
470.6400,0.279425
470.6600,0.335695
470.6800,0.298354
470.7000,0.495488
470.7200,0.711790
470.7400,0.957734
470.7600,1.028994
470.7800,1.596360
470.8000,2.368952
470.8200,2.312142
470.8400,2.000229
470.8600,1.728543
470.8800,1.066507
470.9000,0.649029
470.9200,0.459775
470.9400,0.767570
470.9600,1.416393
470.9800,1.098368
471.0000,1.230023
471.0200,1.435158
471.0400,2.109605
471.0600,2.421217
471.0800,3.410137
471.1000,3.600000
471.1200,3.600000
471.1400,3.598953
471.1600,2.234262
471.1800,1.203224
471.2000,0.088598
471.2200,0.046931
471.2400,0.047923
471.2600,0.077018
471.2800,0.078456
471.3000,0.143872
471.3200,0.367393
471.3400,0.300904
471.3600,0.544943
471.3800,0.388733
471.4000,0.575613
471.4200,0.699884
471.4400,0.546571
471.4600,1.020237
471.4800,1.318842
471.5000,1.616131
471.5200,1.160570
471.5400,0.816836
471.5600,0.449236
471.5800,0.269069
471.6000,0.171826
471.6200,0.578503
471.6400,1.110621
471.6600,1.120787
471.6800,1.368685
471.7000,1.459271
471.7200,1.363337
471.7400,0.943269
471.7600,0.753861
471.7800,0.796205
471.8000,0.447805
471.8200,0.244657
471.8400,0.176151
471.8600,0.117079
471.8800,0.427210
471.9000,0.810935
471.9200,0.736552
471.9400,0.608769
471.9600,0.575696
471.9800,0.966135
472.0000,1.162489
472.0200,0.817688
472.0400,0.452630
472.0600,0.253113
472.0800,0.326912
472.1000,0.560543
472.1200,0.320488
472.1400,0.296219
472.1600,0.374942
472.1800,0.301112
472.2000,0.496391
472.2200,0.314655
472.2400,0.452483
472.2600,1.149589
472.2800,1.843528
472.3000,1.934235
472.3200,2.191066
472.3400,3.292456
472.3600,3.497442
472.3800,3.514904
472.4000,3.264104
472.4200,3.595187
472.4400,3.393959
472.4600,2.941376
472.4800,3.057778
472.5000,2.921512
472.5200,2.765279
472.5400,2.514563
472.5600,3.062515
472.5800,2.372771
472.6000,1.529507
472.6200,0.863312
472.6400,0.673187
472.6600,0.484446
472.6800,0.332568
472.7000,0.222967
472.7200,0.228176
472.7400,0.358341
472.7600,0.533377
472.7800,0.400512
472.8000,0.372522
472.8200,0.477325
472.8400,0.542543
472.8600,0.460760
472.8800,0.482089
472.9000,0.796740
472.9200,0.642188
472.9400,0.400735
472.9600,0.723954
472.9800,0.671029
473.0000,0.394291
473.0200,0.683861
473.0400,1.346894
473.0600,2.085053
473.0800,2.350247
473.1000,2.523412
473.1200,2.810927
473.1400,2.262504
473.1600,1.656922
473.1800,1.472086
473.2000,1.352179
473.2200,0.877279
473.2400,0.480680
473.2600,0.682687
473.2800,1.681766
473.3000,2.379117
473.3200,2.520260
473.3400,2.858097
473.3600,3.000195
473.3800,2.954119
473.4000,3.096611
473.4200,3.025504
473.4400,2.936986
473.4600,2.925308
473.4800,2.654810
473.5000,2.088798
473.5200,1.762413
473.5400,1.909663
473.5600,2.014667
473.5800,1.417647
473.6000,1.046856
473.6200,1.025293
473.6400,1.292750
473.6600,1.286262
473.6800,1.047692
473.7000,0.697270
473.7200,0.387596
473.7400,0.279425
473.7600,0.335695
473.7800,0.298354
473.8000,0.495488
473.8200,0.711790
473.8400,0.957734
473.8600,1.028994
473.8800,1.596360
473.9000,2.368952
473.9200,2.312142
473.9400,2.000229
473.9600,1.728543
473.9800,1.066507
474.0000,0.649029
474.0200,0.459775
474.0400,0.767570
474.0600,1.416393
474.0800,1.098368
474.1000,1.230023
474.1200,1.435158
474.1400,2.109605
474.1600,2.421217
474.1800,3.410137
474.2000,3.600000
474.2200,3.600000
474.2400,3.598953
474.2600,2.234262
474.2800,1.203224
474.3000,0.088598
474.3200,0.046931
474.3400,0.047923
474.3600,0.077018
474.3800,0.078456
474.4000,0.143872
474.4200,0.367393
474.4400,0.300904
474.4600,0.544943
474.4800,0.388733
474.5000,0.575613
474.5200,0.699884
474.5400,0.546571
474.5600,1.020237
474.5800,1.318842
474.6000,1.616131
474.6200,1.160570
474.6400,0.816836
474.6600,0.449236
474.6800,0.269069
474.7000,0.171826
474.7200,0.578503
474.7400,1.110621
474.7600,1.120787
474.7800,1.368685
474.8000,1.459271
474.8200,1.363337
474.8400,0.943269
474.8600,0.753861
474.8800,0.796205
474.9000,0.447805
474.9200,0.244657
474.9400,0.176151
474.9600,0.117079
474.9800,0.427210
475.0000,0.810935
475.0200,0.736552
475.0400,0.608769
475.0600,0.575696
475.0800,0.966135
475.1000,1.162489
475.1200,0.817688
475.1400,0.452630
475.1600,0.253113
475.1800,0.326912
475.2000,0.560543
475.2200,0.320488
475.2400,0.296219
475.2600,0.374942
475.2800,0.301112
475.3000,0.496391
475.3200,0.314655
475.3400,0.452483
475.3600,1.149589
475.3800,1.843528
475.4000,1.934235
475.4200,2.191066
475.4400,3.292456
475.4600,3.497442
475.4800,3.514904
475.5000,3.264104
475.5200,3.595187
475.5400,3.393959
475.5600,2.941376
475.5800,3.057778
475.6000,2.921512
475.6200,2.765279
475.6400,2.514563
475.6600,3.062515
475.6800,2.372771
475.7000,1.529507
475.7200,0.863312
475.7400,0.673187
475.7600,0.484446
475.7800,0.332568
475.8000,0.222967
475.8200,0.228176
475.8400,0.358341
475.8600,0.533377
475.8800,0.400512
475.9000,0.372522
475.9200,0.477325
475.9400,0.542543
475.9600,0.460760
475.9800,0.482089
476.0000,0.796740
476.0200,0.642188
476.0400,0.400735
476.0600,0.723954
476.0800,0.671029
476.1000,0.394291
476.1200,0.683861
476.1400,1.346894
476.1600,2.085053
476.1800,2.350247
476.2000,2.523412
476.2200,2.810927
476.2400,2.262504
476.2600,1.656922
476.2800,1.472086
476.3000,1.352179
476.3200,0.877279
476.3400,0.480680
476.3600,0.682687
476.3800,1.681766
476.4000,2.379117
476.4200,2.520260
476.4400,2.858097
476.4600,3.000195
476.4800,2.954119
476.5000,3.096611
476.5200,3.025504
476.5400,2.936986
476.5600,2.925308
476.5800,2.654810
476.6000,2.088798
476.6200,1.762413
476.6400,1.909663
476.6600,2.014667
476.6800,1.417647
476.7000,1.046856
476.7200,1.025293
476.7400,1.292750
476.7600,1.286262
476.7800,1.047692
476.8000,0.697270
476.8200,0.387596
476.8400,0.279425
476.8600,0.335695
476.8800,0.298354
476.9000,0.495488
476.9200,0.711790
476.9400,0.957734
476.9600,1.028994
476.9800,1.596360
477.0000,2.368952
477.0200,2.312142
477.0400,2.000229
477.0600,1.728543
477.0800,1.066507
477.1000,0.649029
477.1200,0.459775
477.1400,0.767570
477.1600,1.416393
477.1800,1.098368
477.2000,1.230023
477.2200,1.435158
477.2400,2.109605
477.2600,2.421217
477.2800,3.410137
477.3000,3.600000
477.3200,3.600000
477.3400,3.598953
477.3600,2.234262
477.3800,1.203224
477.4000,0.088598
477.4200,0.046931
477.4400,0.047923
477.4600,0.077018
477.4800,0.078456
477.5000,0.143872
477.5200,0.367393
477.5400,0.300904
477.5600,0.544943
477.5800,0.388733
477.6000,0.575613
477.6200,0.699884
477.6400,0.546571
477.6600,1.020237
477.6800,1.318842
477.7000,1.616131
477.7200,1.160570
477.7400,0.816836
477.7600,0.449236
477.7800,0.269069
477.8000,0.171826
477.8200,0.578503
477.8400,1.110621
477.8600,1.120787
477.8800,1.368685
477.9000,1.459271
477.9200,1.363337
477.9400,0.943269
477.9600,0.753861
477.9800,0.796205
478.0000,0.447805
478.0200,0.244657
478.0400,0.176151
478.0600,0.117079
478.0800,0.427210
478.1000,0.810935
478.1200,0.736552
478.1400,0.608769
478.1600,0.575696
478.1800,0.966135
478.2000,1.162489
478.2200,0.817688
478.2400,0.452630
478.2600,0.253113
478.2800,0.326912
478.3000,0.560543
478.3200,0.320488
478.3400,0.296219
478.3600,0.374942
478.3800,0.301112
478.4000,0.496391
478.4200,0.314655
478.4400,0.452483
478.4600,1.149589
478.4800,1.843528
478.5000,1.934235
478.5200,2.191066
478.5400,3.292456
478.5600,3.497442
478.5800,3.514904
478.6000,3.264104
478.6200,3.595187
478.6400,3.393959
478.6600,2.941376
478.6800,3.057778
478.7000,2.921512
478.7200,2.765279
478.7400,2.514563
478.7600,3.062515
478.7800,2.372771
478.8000,1.529507
478.8200,0.863312
478.8400,0.673187
478.8600,0.484446
478.8800,0.332568
478.9000,0.222967
478.9200,0.228176
478.9400,0.358341
478.9600,0.533377
478.9800,0.400512
479.0000,0.372522
479.0200,0.477325
479.0400,0.542543
479.0600,0.460760
479.0800,0.482089
479.1000,0.796740
479.1200,0.642188
479.1400,0.400735
479.1600,0.723954
479.1800,0.671029
479.2000,0.394291
479.2200,0.683861
479.2400,1.346894
479.2600,2.085053
479.2800,2.350247
479.3000,2.523412
479.3200,2.810927
479.3400,2.262504
479.3600,1.656922
479.3800,1.472086
479.4000,1.352179
479.4200,0.877279
479.4400,0.480680
479.4600,0.682687
479.4800,1.681766
479.5000,2.379117
479.5200,2.520260
479.5400,2.858097
479.5600,3.000195
479.5800,2.954119
479.6000,3.096611
479.6200,3.025504
479.6400,2.936986
479.6600,2.925308
479.6800,2.654810
479.7000,2.088798
479.7200,1.762413
479.7400,1.909663
479.7600,2.014667
479.7800,1.417647
479.8000,1.046856
479.8200,1.025293
479.8400,1.292750
479.8600,1.286262
479.8800,1.047692
479.9000,0.697270
479.9200,0.387596
479.9400,0.279425
479.9600,0.335695
479.9800,0.298354
480.0000,0.495488
480.0200,0.711790
480.0400,0.957734
480.0600,1.028994
480.0800,1.596360
480.1000,2.368952
480.1200,2.312142
480.1400,2.000229
480.1600,1.728543
480.1800,1.066507
480.2000,0.649029
480.2200,0.459775
480.2400,0.767570
480.2600,1.416393
480.2800,1.098368
480.3000,1.230023
480.3200,1.435158
480.3400,2.109605
480.3600,2.421217
480.3800,3.410137
480.4000,3.600000
480.4200,3.600000
480.4400,3.598953
480.4600,2.234262
480.4800,1.203224
480.5000,0.088598
480.5200,0.046931
480.5400,0.047923
480.5600,0.077018
480.5800,0.078456
480.6000,0.143872
480.6200,0.367393
480.6400,0.300904
480.6600,0.544943
480.6800,0.388733
480.7000,0.575613
480.7200,0.699884
480.7400,0.546571
480.7600,1.020237
480.7800,1.318842
480.8000,1.616131
480.8200,1.160570
480.8400,0.816836
480.8600,0.449236
480.8800,0.269069
480.9000,0.171826
480.9200,0.578503
480.9400,1.110621
480.9600,1.120787
480.9800,1.368685
481.0000,1.459271
481.0200,1.363337
481.0400,0.943269
481.0600,0.753861
481.0800,0.796205
481.1000,0.447805
481.1200,0.244657
481.1400,0.176151
481.1600,0.117079
481.1800,0.427210
481.2000,0.810935
481.2200,0.736552
481.2400,0.608769
481.2600,0.575696
481.2800,0.966135
481.3000,1.162489
481.3200,0.817688
481.3400,0.452630
481.3600,0.253113
481.3800,0.326912
481.4000,0.560543
481.4200,0.320488
481.4400,0.296219
481.4600,0.374942
481.4800,0.301112
481.5000,0.496391
481.5200,0.314655
481.5400,0.452483
481.5600,1.149589
481.5800,1.843528
481.6000,1.934235
481.6200,2.191066
481.6400,3.292456
481.6600,3.497442
481.6800,3.514904
481.7000,3.264104
481.7200,3.595187
481.7400,3.393959
481.7600,2.941376
481.7800,3.057778
481.8000,2.921512
481.8200,2.765279
481.8400,2.514563
481.8600,3.062515
481.8800,2.372771
481.9000,1.529507
481.9200,0.863312
481.9400,0.673187
481.9600,0.484446
481.9800,0.332568
482.0000,0.222967
482.0200,0.228176
482.0400,0.358341
482.0600,0.533377
482.0800,0.400512
482.1000,0.372522
482.1200,0.477325
482.1400,0.542543
482.1600,0.460760
482.1800,0.482089
482.2000,0.796740
482.2200,0.642188
482.2400,0.400735
482.2600,0.723954
482.2800,0.671029
482.3000,0.394291
482.3200,0.683861
482.3400,1.346894
482.3600,2.085053
482.3800,2.350247
482.4000,2.523412
482.4200,2.810927
482.4400,2.262504
482.4600,1.656922
482.4800,1.472086
482.5000,1.352179
482.5200,0.877279
482.5400,0.480680
482.5600,0.682687
482.5800,1.681766
482.6000,2.379117
482.6200,2.520260
482.6400,2.858097
482.6600,3.000195
482.6800,2.954119
482.7000,3.096611
482.7200,3.025504
482.7400,2.936986
482.7600,2.925308
482.7800,2.654810
482.8000,2.088798
482.8200,1.762413
482.8400,1.909663
482.8600,2.014667
482.8800,1.417647
482.9000,1.046856
482.9200,1.025293
482.9400,1.292750
482.9600,1.286262
482.9800,1.047692
483.0000,0.697270
483.0200,0.387596
483.0400,0.279425
483.0600,0.335695
483.0800,0.298354
483.1000,0.495488
483.1200,0.711790
483.1400,0.957734
483.1600,1.028994
483.1800,1.596360
483.2000,2.368952
483.2200,2.312142
483.2400,2.000229
483.2600,1.728543
483.2800,1.066507
483.3000,0.649029
483.3200,0.459775
483.3400,0.767570
483.3600,1.416393
483.3800,1.098368
483.4000,1.230023
483.4200,1.435158
483.4400,2.109605
483.4600,2.421217
483.4800,3.410137
483.5000,3.600000
483.5200,3.600000
483.5400,3.598953
483.5600,2.234262
483.5800,1.203224
483.6000,0.088598
483.6200,0.046931
483.6400,0.047923
483.6600,0.077018
483.6800,0.078456
483.7000,0.143872
483.7200,0.367393
483.7400,0.300904
483.7600,0.544943
483.7800,0.388733
483.8000,0.575613
483.8200,0.699884
483.8400,0.546571
483.8600,1.020237
483.8800,1.318842
483.9000,1.616131
483.9200,1.160570
483.9400,0.816836
483.9600,0.449236
483.9800,0.269069
484.0000,0.171826
484.0200,0.578503
484.0400,1.110621
484.0600,1.120787
484.0800,1.368685
484.1000,1.459271
484.1200,1.363337
484.1400,0.943269
484.1600,0.753861
484.1800,0.796205
484.2000,0.447805
484.2200,0.244657
484.2400,0.176151
484.2600,0.117079
484.2800,0.427210
484.3000,0.810935
484.3200,0.736552
484.3400,0.608769
484.3600,0.575696
484.3800,0.966135
484.4000,1.162489
484.4200,0.817688
484.4400,0.452630
484.4600,0.253113
484.4800,0.326912
484.5000,0.560543
484.5200,0.320488
484.5400,0.296219
484.5600,0.374942
484.5800,0.301112
484.6000,0.496391
484.6200,0.314655
484.6400,0.452483
484.6600,1.149589
484.6800,1.843528
484.7000,1.934235
484.7200,2.191066
484.7400,3.292456
484.7600,3.497442
484.7800,3.514904
484.8000,3.264104
484.8200,3.595187
484.8400,3.393959
484.8600,2.941376
484.8800,3.057778
484.9000,2.921512
484.9200,2.765279
484.9400,2.514563
484.9600,3.062515
484.9800,2.372771
485.0000,1.529507
485.0200,0.863312
485.0400,0.673187
485.0600,0.484446
485.0800,0.332568
485.1000,0.222967
485.1200,0.228176
485.1400,0.358341
485.1600,0.533377
485.1800,0.400512
485.2000,0.372522
485.2200,0.477325
485.2400,0.542543
485.2600,0.460760
485.2800,0.482089
485.3000,0.796740
485.3200,0.642188
485.3400,0.400735
485.3600,0.723954
485.3800,0.671029
485.4000,0.394291
485.4200,0.683861
485.4400,1.346894
485.4600,2.085053
485.4800,2.350247
485.5000,2.523412
485.5200,2.810927
485.5400,2.262504
485.5600,1.656922
485.5800,1.472086
485.6000,1.352179
485.6200,0.877279
485.6400,0.480680
485.6600,0.682687
485.6800,1.681766
485.7000,2.379117
485.7200,2.520260
485.7400,2.858097
485.7600,3.000195
485.7800,2.954119
485.8000,3.096611
485.8200,3.025504
485.8400,2.936986
485.8600,2.925308
485.8800,2.654810
485.9000,2.088798
485.9200,1.762413
485.9400,1.909663
485.9600,2.014667
485.9800,1.417647
486.0000,1.046856
486.0200,1.025293
486.0400,1.292750
486.0600,1.286262
486.0800,1.047692
486.1000,0.697270
486.1200,0.387596
486.1400,0.279425
486.1600,0.335695
486.1800,0.298354
486.2000,0.495488
486.2200,0.711790
486.2400,0.957734
486.2600,1.028994
486.2800,1.596360
486.3000,2.368952
486.3200,2.312142
486.3400,2.000229
486.3600,1.728543
486.3800,1.066507
486.4000,0.649029
486.4200,0.459775
486.4400,0.767570
486.4600,1.416393
486.4800,1.098368
486.5000,1.230023
486.5200,1.435158
486.5400,2.109605
486.5600,2.421217
486.5800,3.410137
486.6000,3.600000
486.6200,3.600000
486.6400,3.598953
486.6600,2.234262
486.6800,1.203224
486.7000,0.088598
486.7200,0.046931
486.7400,0.047923
486.7600,0.077018
486.7800,0.078456
486.8000,0.143872
486.8200,0.367393
486.8400,0.300904
486.8600,0.544943
486.8800,0.388733
486.9000,0.575613
486.9200,0.699884
486.9400,0.546571
486.9600,1.020237
486.9800,1.318842
487.0000,1.616131
487.0200,1.160570
487.0400,0.816836
487.0600,0.449236
487.0800,0.269069
487.1000,0.171826
487.1200,0.578503
487.1400,1.110621
487.1600,1.120787
487.1800,1.368685
487.2000,1.459271
487.2200,1.363337
487.2400,0.943269
487.2600,0.753861
487.2800,0.796205
487.3000,0.447805
487.3200,0.244657
487.3400,0.176151
487.3600,0.117079
487.3800,0.427210
487.4000,0.810935
487.4200,0.736552
487.4400,0.608769
487.4600,0.575696
487.4800,0.966135
487.5000,1.162489
487.5200,0.817688
487.5400,0.452630
487.5600,0.253113
487.5800,0.326912
487.6000,0.560543
487.6200,0.320488
487.6400,0.296219
487.6600,0.374942
487.6800,0.301112
487.7000,0.496391
487.7200,0.314655
487.7400,0.452483
487.7600,1.149589
487.7800,1.843528
487.8000,1.934235
487.8200,2.191066
487.8400,3.292456
487.8600,3.497442
487.8800,3.514904
487.9000,3.264104
487.9200,3.595187
487.9400,3.393959
487.9600,2.941376
487.9800,3.057778
488.0000,2.921512
488.0200,2.765279
488.0400,2.514563
488.0600,3.062515
488.0800,2.372771
488.1000,1.529507
488.1200,0.863312
488.1400,0.673187
488.1600,0.484446
488.1800,0.332568
488.2000,0.222967
488.2200,0.228176
488.2400,0.358341
488.2600,0.533377
488.2800,0.400512
488.3000,0.372522
488.3200,0.477325
488.3400,0.542543
488.3600,0.460760
488.3800,0.482089
488.4000,0.796740
488.4200,0.642188
488.4400,0.400735
488.4600,0.723954
488.4800,0.671029
488.5000,0.394291
488.5200,0.683861
488.5400,1.346894
488.5600,2.085053
488.5800,2.350247
488.6000,2.523412
488.6200,2.810927
488.6400,2.262504
488.6600,1.656922
488.6800,1.472086
488.7000,1.352179
488.7200,0.877279
488.7400,0.480680
488.7600,0.682687
488.7800,1.681766
488.8000,2.379117
488.8200,2.520260
488.8400,2.858097
488.8600,3.000195
488.8800,2.954119
488.9000,3.096611
488.9200,3.025504
488.9400,2.936986
488.9600,2.925308
488.9800,2.654810
489.0000,2.088798
489.0200,1.762413
489.0400,1.909663
489.0600,2.014667
489.0800,1.417647
489.1000,1.046856
489.1200,1.025293
489.1400,1.292750
489.1600,1.286262
489.1800,1.047692
489.2000,0.697270
489.2200,0.387596
489.2400,0.279425
489.2600,0.335695
489.2800,0.298354
489.3000,0.495488
489.3200,0.711790
489.3400,0.957734
489.3600,1.028994
489.3800,1.596360
489.4000,2.368952
489.4200,2.312142
489.4400,2.000229
489.4600,1.728543
489.4800,1.066507
489.5000,0.649029
489.5200,0.459775
489.5400,0.767570
489.5600,1.416393
489.5800,1.098368
489.6000,1.230023
489.6200,1.435158
489.6400,2.109605
489.6600,2.421217
489.6800,3.410137
489.7000,3.600000
489.7200,3.600000
489.7400,3.598953
489.7600,2.234262
489.7800,1.203224
489.8000,0.088598
489.8200,0.046931
489.8400,0.047923
489.8600,0.077018
489.8800,0.078456
489.9000,0.143872
489.9200,0.367393
489.9400,0.300904
489.9600,0.544943
489.9800,0.388733
490.0000,0.575613
490.0200,0.699884
490.0400,0.546571
490.0600,1.020237
490.0800,1.318842
490.1000,1.616131
490.1200,1.160570
490.1400,0.816836
490.1600,0.449236
490.1800,0.269069
490.2000,0.171826
490.2200,0.578503
490.2400,1.110621
490.2600,1.120787
490.2800,1.368685
490.3000,1.459271
490.3200,1.363337
490.3400,0.943269
490.3600,0.753861
490.3800,0.796205
490.4000,0.447805
490.4200,0.244657
490.4400,0.176151
490.4600,0.117079
490.4800,0.427210
490.5000,0.810935
490.5200,0.736552
490.5400,0.608769
490.5600,0.575696
490.5800,0.966135
490.6000,1.162489
490.6200,0.817688
490.6400,0.452630
490.6600,0.253113
490.6800,0.326912
490.7000,0.560543
490.7200,0.320488
490.7400,0.296219
490.7600,0.374942
490.7800,0.301112
490.8000,0.496391
490.8200,0.314655
490.8400,0.452483
490.8600,1.149589
490.8800,1.843528
490.9000,1.934235
490.9200,2.191066
490.9400,3.292456
490.9600,3.497442
490.9800,3.514904
491.0000,3.264104
491.0200,3.595187
491.0400,3.393959
491.0600,2.941376
491.0800,3.057778
491.1000,2.921512
491.1200,2.765279
491.1400,2.514563
491.1600,3.062515
491.1800,2.372771
491.2000,1.529507
491.2200,0.863312
491.2400,0.673187
491.2600,0.484446
491.2800,0.332568
491.3000,0.222967
491.3200,0.228176
491.3400,0.358341
491.3600,0.533377
491.3800,0.400512
491.4000,0.372522
491.4200,0.477325
491.4400,0.542543
491.4600,0.460760
491.4800,0.482089
491.5000,0.796740
491.5200,0.642188
491.5400,0.400735
491.5600,0.723954
491.5800,0.671029
491.6000,0.394291
491.6200,0.683861
491.6400,1.346894
491.6600,2.085053
491.6800,2.350247
491.7000,2.523412
491.7200,2.810927
491.7400,2.262504
491.7600,1.656922
491.7800,1.472086
491.8000,1.352179
491.8200,0.877279
491.8400,0.480680
491.8600,0.682687
491.8800,1.681766
491.9000,2.379117
491.9200,2.520260
491.9400,2.858097
491.9600,3.000195
491.9800,2.954119
492.0000,3.096611
492.0200,3.025504
492.0400,2.936986
492.0600,2.925308
492.0800,2.654810
492.1000,2.088798
492.1200,1.762413
492.1400,1.909663
492.1600,2.014667
492.1800,1.417647
492.2000,1.046856
492.2200,1.025293
492.2400,1.292750
492.2600,1.286262
492.2800,1.047692
492.3000,0.697270
492.3200,0.387596
492.3400,0.279425
492.3600,0.335695
492.3800,0.298354
492.4000,0.495488
492.4200,0.711790
492.4400,0.957734
492.4600,1.028994
492.4800,1.596360
492.5000,2.368952
492.5200,2.312142
492.5400,2.000229
492.5600,1.728543
492.5800,1.066507
492.6000,0.649029
492.6200,0.459775
492.6400,0.767570
492.6600,1.416393
492.6800,1.098368
492.7000,1.230023
492.7200,1.435158
492.7400,2.109605
492.7600,2.421217
492.7800,3.410137
492.8000,3.600000
492.8200,3.600000
492.8400,3.598953
492.8600,2.234262
492.8800,1.203224
492.9000,0.088598
492.9200,0.046931
492.9400,0.047923
492.9600,0.077018
492.9800,0.078456
493.0000,0.143872
493.0200,0.367393
493.0400,0.300904
493.0600,0.544943
493.0800,0.388733
493.1000,0.575613
493.1200,0.699884
493.1400,0.546571
493.1600,1.020237
493.1800,1.318842
493.2000,1.616131
493.2200,1.160570
493.2400,0.816836
493.2600,0.449236
493.2800,0.269069
493.3000,0.171826
493.3200,0.578503
493.3400,1.110621
493.3600,1.120787
493.3800,1.368685
493.4000,1.459271
493.4200,1.363337
493.4400,0.943269
493.4600,0.753861
493.4800,0.796205
493.5000,0.447805
493.5200,0.244657
493.5400,0.176151
493.5600,0.117079
493.5800,0.427210
493.6000,0.810935
493.6200,0.736552
493.6400,0.608769
493.6600,0.575696
493.6800,0.966135
493.7000,1.162489
493.7200,0.817688
493.7400,0.452630
493.7600,0.253113
493.7800,0.326912
493.8000,0.560543
493.8200,0.320488
493.8400,0.296219
493.8600,0.374942
493.8800,0.301112
493.9000,0.496391
493.9200,0.314655
493.9400,0.452483
493.9600,1.149589
493.9800,1.843528
494.0000,1.934235
494.0200,2.191066
494.0400,3.292456
494.0600,3.497442
494.0800,3.514904
494.1000,3.264104
494.1200,3.595187
494.1400,3.393959
494.1600,2.941376
494.1800,3.057778
494.2000,2.921512
494.2200,2.765279
494.2400,2.514563
494.2600,3.062515
494.2800,2.372771
494.3000,1.529507
494.3200,0.863312
494.3400,0.673187
494.3600,0.484446
494.3800,0.332568
494.4000,0.222967
494.4200,0.228176
494.4400,0.358341
494.4600,0.533377
494.4800,0.400512
494.5000,0.372522
494.5200,0.477325
494.5400,0.542543
494.5600,0.460760
494.5800,0.482089
494.6000,0.796740
494.6200,0.642188
494.6400,0.400735
494.6600,0.723954
494.6800,0.671029
494.7000,0.394291
494.7200,0.683861
494.7400,1.346894
494.7600,2.085053
494.7800,2.350247
494.8000,2.523412
494.8200,2.810927
494.8400,2.262504
494.8600,1.656922
494.8800,1.472086
494.9000,1.352179
494.9200,0.877279
494.9400,0.480680
494.9600,0.682687
494.9800,1.681766
495.0000,2.379117
495.0200,2.520260
495.0400,2.858097
495.0600,3.000195
495.0800,2.954119
495.1000,3.096611
495.1200,3.025504
495.1400,2.936986
495.1600,2.925308
495.1800,2.654810
495.2000,2.088798
495.2200,1.762413
495.2400,1.909663
495.2600,2.014667
495.2800,1.417647
495.3000,1.046856
495.3200,1.025293
495.3400,1.292750
495.3600,1.286262
495.3800,1.047692
495.4000,0.697270
495.4200,0.387596
495.4400,0.279425
495.4600,0.335695
495.4800,0.298354
495.5000,0.495488
495.5200,0.711790
495.5400,0.957734
495.5600,1.028994
495.5800,1.596360
495.6000,2.368952
495.6200,2.312142
495.6400,2.000229
495.6600,1.728543
495.6800,1.066507
495.7000,0.649029
495.7200,0.459775
495.7400,0.767570
495.7600,1.416393
495.7800,1.098368
495.8000,1.230023
495.8200,1.435158
495.8400,2.109605
495.8600,2.421217
495.8800,3.410137
495.9000,3.600000
495.9200,3.600000
495.9400,3.598953
495.9600,2.234262
495.9800,1.203224
496.0000,0.088598
496.0200,0.046931
496.0400,0.047923
496.0600,0.077018
496.0800,0.078456
496.1000,0.143872
496.1200,0.367393
496.1400,0.300904
496.1600,0.544943
496.1800,0.388733
496.2000,0.575613
496.2200,0.699884
496.2400,0.546571
496.2600,1.020237
496.2800,1.318842
496.3000,1.616131
496.3200,1.160570
496.3400,0.816836
496.3600,0.449236
496.3800,0.269069
496.4000,0.171826
496.4200,0.578503
496.4400,1.110621
496.4600,1.120787
496.4800,1.368685
496.5000,1.459271
496.5200,1.363337
496.5400,0.943269
496.5600,0.753861
496.5800,0.796205
496.6000,0.447805
496.6200,0.244657
496.6400,0.176151
496.6600,0.117079
496.6800,0.427210
496.7000,0.810935
496.7200,0.736552
496.7400,0.608769
496.7600,0.575696
496.7800,0.966135
496.8000,1.162489
496.8200,0.817688
496.8400,0.452630
496.8600,0.253113
496.8800,0.326912
496.9000,0.560543
496.9200,0.320488
496.9400,0.296219
496.9600,0.374942
496.9800,0.301112
497.0000,0.496391
497.0200,0.314655
497.0400,0.452483
497.0600,1.149589
497.0800,1.843528
497.1000,1.934235
497.1200,2.191066
497.1400,3.292456
497.1600,3.497442
497.1800,3.514904
497.2000,3.264104
497.2200,3.595187
497.2400,3.393959
497.2600,2.941376
497.2800,3.057778
497.3000,2.921512
497.3200,2.765279
497.3400,2.514563
497.3600,3.062515
497.3800,2.372771
497.4000,1.529507
497.4200,0.863312
497.4400,0.673187
497.4600,0.484446
497.4800,0.332568
497.5000,0.222967
497.5200,0.228176
497.5400,0.358341
497.5600,0.533377
497.5800,0.400512
497.6000,0.372522
497.6200,0.477325
497.6400,0.542543
497.6600,0.460760
497.6800,0.482089
497.7000,0.796740
497.7200,0.642188
497.7400,0.400735
497.7600,0.723954
497.7800,0.671029
497.8000,0.394291
497.8200,0.683861
497.8400,1.346894
497.8600,2.085053
497.8800,2.350247
497.9000,2.523412
497.9200,2.810927
497.9400,2.262504
497.9600,1.656922
497.9800,1.472086
498.0000,1.352179
498.0200,0.877279
498.0400,0.480680
498.0600,0.682687
498.0800,1.681766
498.1000,2.379117
498.1200,2.520260
498.1400,2.858097
498.1600,3.000195
498.1800,2.954119
498.2000,3.096611
498.2200,3.025504
498.2400,2.936986
498.2600,2.925308
498.2800,2.654810
498.3000,2.088798
498.3200,1.762413
498.3400,1.909663
498.3600,2.014667
498.3800,1.417647
498.4000,1.046856
498.4200,1.025293
498.4400,1.292750
498.4600,1.286262
498.4800,1.047692
498.5000,0.697270
498.5200,0.387596
498.5400,0.279425
498.5600,0.335695
498.5800,0.298354
498.6000,0.495488
498.6200,0.711790
498.6400,0.957734
498.6600,1.028994
498.6800,1.596360
498.7000,2.368952
498.7200,2.312142
498.7400,2.000229
498.7600,1.728543
498.7800,1.066507
498.8000,0.649029
498.8200,0.459775
498.8400,0.767570
498.8600,1.416393
498.8800,1.098368
498.9000,1.230023
498.9200,1.435158
498.9400,2.109605
498.9600,2.421217
498.9800,3.410137
499.0000,3.600000
499.0200,3.600000
499.0400,3.598953
499.0600,2.234262
499.0800,1.203224
499.1000,0.088598
499.1200,0.046931
499.1400,0.047923
499.1600,0.077018
499.1800,0.078456
499.2000,0.143872
499.2200,0.367393
499.2400,0.300904
499.2600,0.544943
499.2800,0.388733
499.3000,0.575613
499.3200,0.699884
499.3400,0.546571
499.3600,1.020237
499.3800,1.318842
499.4000,1.616131
499.4200,1.160570
499.4400,0.816836
499.4600,0.449236
499.4800,0.269069
499.5000,0.171826
499.5200,0.578503
499.5400,1.110621
499.5600,1.120787
499.5800,1.368685
499.6000,1.459271
499.6200,1.363337
499.6400,0.943269
499.6600,0.753861
499.6800,0.796205
499.7000,0.447805
499.7200,0.244657
499.7400,0.176151
499.7600,0.117079
499.7800,0.427210
499.8000,0.810935
499.8200,0.736552
499.8400,0.608769
499.8600,0.575696
499.8800,0.966135
499.9000,1.162489
499.9200,0.817688
499.9400,0.452630
499.9600,0.253113
499.9800,0.326912
500.0000,0.560543
500.0200,0.320488
500.0400,0.296219
500.0600,0.374942
500.0800,0.301112
500.1000,0.496391
500.1200,0.314655
500.1400,0.452483
500.1600,1.149589
500.1800,1.843528
500.2000,1.934235
500.2200,2.191066
500.2400,3.292456
500.2600,3.497442
500.2800,3.514904
500.3000,3.264104
500.3200,3.595187
500.3400,3.393959
500.3600,2.941376
500.3800,3.057778
500.4000,2.921512
500.4200,2.765279
500.4400,2.514563
500.4600,3.062515
500.4800,2.372771
500.5000,1.529507
500.5200,0.863312
500.5400,0.673187
500.5600,0.484446
500.5800,0.332568
500.6000,0.222967
500.6200,0.228176
500.6400,0.358341
500.6600,0.533377
500.6800,0.400512
500.7000,0.372522
500.7200,0.477325
500.7400,0.542543
500.7600,0.460760
500.7800,0.482089
500.8000,0.796740
500.8200,0.642188
500.8400,0.400735
500.8600,0.723954
500.8800,0.671029
500.9000,0.394291
500.9200,0.683861
500.9400,1.346894
500.9600,2.085053
500.9800,2.350247
501.0000,2.523412
501.0200,2.810927
501.0400,2.262504
501.0600,1.656922
501.0800,1.472086
501.1000,1.352179
501.1200,0.877279
501.1400,0.480680
501.1600,0.682687
501.1800,1.681766
501.2000,2.379117
501.2200,2.520260
501.2400,2.858097
501.2600,3.000195
501.2800,2.954119
501.3000,3.096611
501.3200,3.025504
501.3400,2.936986
501.3600,2.925308
501.3800,2.654810
501.4000,2.088798
501.4200,1.762413
501.4400,1.909663
501.4600,2.014667
501.4800,1.417647
501.5000,1.046856
501.5200,1.025293
501.5400,1.292750
501.5600,1.286262
501.5800,1.047692
501.6000,0.697270
501.6200,0.387596
501.6400,0.279425
501.6600,0.335695
501.6800,0.298354
501.7000,0.495488
501.7200,0.711790
501.7400,0.957734
501.7600,1.028994
501.7800,1.596360
501.8000,2.368952
501.8200,2.312142
501.8400,2.000229
501.8600,1.728543
501.8800,1.066507
501.9000,0.649029
501.9200,0.459775
501.9400,0.767570
501.9600,1.416393
501.9800,1.098368
502.0000,1.230023
502.0200,1.435158
502.0400,2.109605
502.0600,2.421217
502.0800,3.410137
502.1000,3.600000
502.1200,3.600000
502.1400,3.598953
502.1600,2.234262
502.1800,1.203224
502.2000,0.088598
502.2200,0.046931
502.2400,0.047923
502.2600,0.077018
502.2800,0.078456
502.3000,0.143872
502.3200,0.367393
502.3400,0.300904
502.3600,0.544943
502.3800,0.388733
502.4000,0.575613
502.4200,0.699884
502.4400,0.546571
502.4600,1.020237
502.4800,1.318842
502.5000,1.616131
502.5200,1.160570
502.5400,0.816836
502.5600,0.449236
502.5800,0.269069
502.6000,0.171826
502.6200,0.578503
502.6400,1.110621
502.6600,1.120787
502.6800,1.368685
502.7000,1.459271
502.7200,1.363337
502.7400,0.943269
502.7600,0.753861
502.7800,0.796205
502.8000,0.447805
502.8200,0.244657
502.8400,0.176151
502.8600,0.117079
502.8800,0.427210
502.9000,0.810935
502.9200,0.736552
502.9400,0.608769
502.9600,0.575696
502.9800,0.966135
503.0000,1.162489
503.0200,0.817688
503.0400,0.452630
503.0600,0.253113
503.0800,0.326912
503.1000,0.560543
503.1200,0.320488
503.1400,0.296219
503.1600,0.374942
503.1800,0.301112
503.2000,0.496391
503.2200,0.314655
503.2400,0.452483
503.2600,1.149589
503.2800,1.843528
503.3000,1.934235
503.3200,2.191066
503.3400,3.292456
503.3600,3.497442
503.3800,3.514904
503.4000,3.264104
503.4200,3.595187
503.4400,3.393959
503.4600,2.941376
503.4800,3.057778
503.5000,2.921512
503.5200,2.765279
503.5400,2.514563
503.5600,3.062515
503.5800,2.372771
503.6000,1.529507
503.6200,0.863312
503.6400,0.673187
503.6600,0.484446
503.6800,0.332568
503.7000,0.222967
503.7200,0.228176
503.7400,0.358341
503.7600,0.533377
503.7800,0.400512
503.8000,0.372522
503.8200,0.477325
503.8400,0.542543
503.8600,0.460760
503.8800,0.482089
503.9000,0.796740
503.9200,0.642188
503.9400,0.400735
503.9600,0.723954
503.9800,0.671029
504.0000,0.394291
504.0200,0.683861
504.0400,1.346894
504.0600,2.085053
504.0800,2.350247
504.1000,2.523412
504.1200,2.810927
504.1400,2.262504
504.1600,1.656922
504.1800,1.472086
504.2000,1.352179
504.2200,0.877279
504.2400,0.480680
504.2600,0.682687
504.2800,1.681766
504.3000,2.379117
504.3200,2.520260
504.3400,2.858097
504.3600,3.000195
504.3800,2.954119
504.4000,3.096611
504.4200,3.025504
504.4400,2.936986
504.4600,2.925308
504.4800,2.654810
504.5000,2.088798
504.5200,1.762413
504.5400,1.909663
504.5600,2.014667
504.5800,1.417647
504.6000,1.046856
504.6200,1.025293
504.6400,1.292750
504.6600,1.286262
504.6800,1.047692
504.7000,0.697270
504.7200,0.387596
504.7400,0.279425
504.7600,0.335695
504.7800,0.298354
504.8000,0.495488
504.8200,0.711790
504.8400,0.957734
504.8600,1.028994
504.8800,1.596360
504.9000,2.368952
504.9200,2.312142
504.9400,2.000229
504.9600,1.728543
504.9800,1.066507
505.0000,0.649029
505.0200,0.459775
505.0400,0.767570
505.0600,1.416393
505.0800,1.098368
505.1000,1.230023
505.1200,1.435158
505.1400,2.109605
505.1600,2.421217
505.1800,3.410137
505.2000,3.600000
505.2200,3.600000
505.2400,3.598953
505.2600,2.234262
505.2800,1.203224
505.3000,0.088598
505.3200,0.046931
505.3400,0.047923
505.3600,0.077018
505.3800,0.078456
505.4000,0.143872
505.4200,0.367393
505.4400,0.300904
505.4600,0.544943
505.4800,0.388733
505.5000,0.575613
505.5200,0.699884
505.5400,0.546571
505.5600,1.020237
505.5800,1.318842
505.6000,1.616131
505.6200,1.160570
505.6400,0.816836
505.6600,0.449236
505.6800,0.269069
505.7000,0.171826
505.7200,0.578503
505.7400,1.110621
505.7600,1.120787
505.7800,1.368685
505.8000,1.459271
505.8200,1.363337
505.8400,0.943269
505.8600,0.753861
505.8800,0.796205
505.9000,0.447805
505.9200,0.244657
505.9400,0.176151
505.9600,0.117079
505.9800,0.427210
506.0000,0.810935
506.0200,0.736552
506.0400,0.608769
506.0600,0.575696
506.0800,0.966135
506.1000,1.162489
506.1200,0.817688
506.1400,0.452630
506.1600,0.253113
506.1800,0.326912
506.2000,0.560543
506.2200,0.320488
506.2400,0.296219
506.2600,0.374942
506.2800,0.301112
506.3000,0.496391
506.3200,0.314655
506.3400,0.452483
506.3600,1.149589
506.3800,1.843528
506.4000,1.934235
506.4200,2.191066
506.4400,3.292456
506.4600,3.497442
506.4800,3.514904
506.5000,3.264104
506.5200,3.595187
506.5400,3.393959
506.5600,2.941376
506.5800,3.057778
506.6000,2.921512
506.6200,2.765279
506.6400,2.514563
506.6600,3.062515
506.6800,2.372771
506.7000,1.529507
506.7200,0.863312
506.7400,0.673187
506.7600,0.484446
506.7800,0.332568
506.8000,0.222967
506.8200,0.228176
506.8400,0.358341
506.8600,0.533377
506.8800,0.400512
506.9000,0.372522
506.9200,0.477325
506.9400,0.542543
506.9600,0.460760
506.9800,0.482089
507.0000,0.796740
507.0200,0.642188
507.0400,0.400735
507.0600,0.723954
507.0800,0.671029
507.1000,0.394291
507.1200,0.683861
507.1400,1.346894
507.1600,2.085053
507.1800,2.350247
507.2000,2.523412
507.2200,2.810927
507.2400,2.262504
507.2600,1.656922
507.2800,1.472086
507.3000,1.352179
507.3200,0.877279
507.3400,0.480680
507.3600,0.682687
507.3800,1.681766
507.4000,2.379117
507.4200,2.520260
507.4400,2.858097
507.4600,3.000195
507.4800,2.954119
507.5000,3.096611
507.5200,3.025504
507.5400,2.936986
507.5600,2.925308
507.5800,2.654810
507.6000,2.088798
507.6200,1.762413
507.6400,1.909663
507.6600,2.014667
507.6800,1.417647
507.7000,1.046856
507.7200,1.025293
507.7400,1.292750
507.7600,1.286262
507.7800,1.047692
507.8000,0.697270
507.8200,0.387596
507.8400,0.279425
507.8600,0.335695
507.8800,0.298354
507.9000,0.495488
507.9200,0.711790
507.9400,0.957734
507.9600,1.028994
507.9800,1.596360
508.0000,2.368952
508.0200,2.312142
508.0400,2.000229
508.0600,1.728543
508.0800,1.066507
508.1000,0.649029
508.1200,0.459775
508.1400,0.767570
508.1600,1.416393
508.1800,1.098368
508.2000,1.230023
508.2200,1.435158
508.2400,2.109605
508.2600,2.421217
508.2800,3.410137
508.3000,3.600000
508.3200,3.600000
508.3400,3.598953
508.3600,2.234262
508.3800,1.203224
508.4000,0.088598
508.4200,0.046931
508.4400,0.047923
508.4600,0.077018
508.4800,0.078456
508.5000,0.143872
508.5200,0.367393
508.5400,0.300904
508.5600,0.544943
508.5800,0.388733
508.6000,0.575613
508.6200,0.699884
508.6400,0.546571
508.6600,1.020237
508.6800,1.318842
508.7000,1.616131
508.7200,1.160570
508.7400,0.816836
508.7600,0.449236
508.7800,0.269069
508.8000,0.171826
508.8200,0.578503
508.8400,1.110621
508.8600,1.120787
508.8800,1.368685
508.9000,1.459271
508.9200,1.363337
508.9400,0.943269
508.9600,0.753861
508.9800,0.796205
509.0000,0.447805
509.0200,0.244657
509.0400,0.176151
509.0600,0.117079
509.0800,0.427210
509.1000,0.810935
509.1200,0.736552
509.1400,0.608769
509.1600,0.575696
509.1800,0.966135
509.2000,1.162489
509.2200,0.817688
509.2400,0.452630
509.2600,0.253113
509.2800,0.326912
509.3000,0.560543
509.3200,0.320488
509.3400,0.296219
509.3600,0.374942
509.3800,0.301112
509.4000,0.496391
509.4200,0.314655
509.4400,0.452483
509.4600,1.149589
509.4800,1.843528
509.5000,1.934235
509.5200,2.191066
509.5400,3.292456
509.5600,3.497442
509.5800,3.514904
509.6000,3.264104
509.6200,3.595187
509.6400,3.393959
509.6600,2.941376
509.6800,3.057778
509.7000,2.921512
509.7200,2.765279
509.7400,2.514563
509.7600,3.062515
509.7800,2.372771
509.8000,1.529507
509.8200,0.863312
509.8400,0.673187
509.8600,0.484446
509.8800,0.332568
509.9000,0.222967
509.9200,0.228176
509.9400,0.358341
509.9600,0.533377
509.9800,0.400512
510.0000,0.372522
510.0200,0.477325
510.0400,0.542543
510.0600,0.460760
510.0800,0.482089
510.1000,0.796740
510.1200,0.642188
510.1400,0.400735
510.1600,0.723954
510.1800,0.671029
510.2000,0.394291
510.2200,0.683861
510.2400,1.346894
510.2600,2.085053
510.2800,2.350247
510.3000,2.523412
510.3200,2.810927
510.3400,2.262504
510.3600,1.656922
510.3800,1.472086
510.4000,1.352179
510.4200,0.877279
510.4400,0.480680
510.4600,0.682687
510.4800,1.681766
510.5000,2.379117
510.5200,2.520260
510.5400,2.858097
510.5600,3.000195
510.5800,2.954119
510.6000,3.096611
510.6200,3.025504
510.6400,2.936986
510.6600,2.925308
510.6800,2.654810
510.7000,2.088798
510.7200,1.762413
510.7400,1.909663
510.7600,2.014667
510.7800,1.417647
510.8000,1.046856
510.8200,1.025293
510.8400,1.292750
510.8600,1.286262
510.8800,1.047692
510.9000,0.697270
510.9200,0.387596
510.9400,0.279425
510.9600,0.335695
510.9800,0.298354
511.0000,0.495488
511.0200,0.711790
511.0400,0.957734
511.0600,1.028994
511.0800,1.596360
511.1000,2.368952
511.1200,2.312142
511.1400,2.000229
511.1600,1.728543
511.1800,1.066507
511.2000,0.649029
511.2200,0.459775
511.2400,0.767570
511.2600,1.416393
511.2800,1.098368
511.3000,1.230023
511.3200,1.435158
511.3400,2.109605
511.3600,2.421217
511.3800,3.410137
511.4000,3.600000
511.4200,3.600000
511.4400,3.598953
511.4600,2.234262
511.4800,1.203224
511.5000,0.088598
511.5200,0.046931
511.5400,0.047923
511.5600,0.077018
511.5800,0.078456
511.6000,0.143872
511.6200,0.367393
511.6400,0.300904
511.6600,0.544943
511.6800,0.388733
511.7000,0.575613
511.7200,0.699884
511.7400,0.546571
511.7600,1.020237
511.7800,1.318842
511.8000,1.616131
511.8200,1.160570
511.8400,0.816836
511.8600,0.449236
511.8800,0.269069
511.9000,0.171826
511.9200,0.578503
511.9400,1.110621
511.9600,1.120787
511.9800,1.368685
512.0000,1.459271
512.0200,1.363337
512.0400,0.943269
512.0600,0.753861
512.0800,0.796205
512.1000,0.447805
512.1200,0.244657
512.1400,0.176151
512.1600,0.117079
512.1800,0.427210
512.2000,0.810935
512.2200,0.736552
512.2400,0.608769
512.2600,0.575696
512.2800,0.966135
512.3000,1.162489
512.3200,0.817688
512.3400,0.452630
512.3600,0.253113
512.3800,0.326912
512.4000,0.560543
512.4200,0.320488
512.4400,0.296219
512.4600,0.374942
512.4800,0.301112
512.5000,0.496391
512.5200,0.314655
512.5400,0.452483
512.5600,1.149589
512.5800,1.843528
512.6000,1.934235
512.6200,2.191066
512.6400,3.292456
512.6600,3.497442
512.6800,3.514904
512.7000,3.264104
512.7200,3.595187
512.7400,3.393959
512.7600,2.941376
512.7800,3.057778
512.8000,2.921512
512.8200,2.765279
512.8400,2.514563
512.8600,3.062515
512.8800,2.372771
512.9000,1.529507
512.9200,0.863312
512.9400,0.673187
512.9600,0.484446
512.9800,0.332568
513.0000,0.222967
513.0200,0.228176
513.0400,0.358341
513.0600,0.533377
513.0800,0.400512
513.1000,0.372522
513.1200,0.477325
513.1400,0.542543
513.1600,0.460760
513.1800,0.482089
513.2000,0.796740
513.2200,0.642188
513.2400,0.400735
513.2600,0.723954
513.2800,0.671029
513.3000,0.394291
513.3200,0.683861
513.3400,1.346894
513.3600,2.085053
513.3800,2.350247
513.4000,2.523412
513.4200,2.810927
513.4400,2.262504
513.4600,1.656922
513.4800,1.472086
513.5000,1.352179
513.5200,0.877279
513.5400,0.480680
513.5600,0.682687
513.5800,1.681766
513.6000,2.379117
513.6200,2.520260
513.6400,2.858097
513.6600,3.000195
513.6800,2.954119
513.7000,3.096611
513.7200,3.025504
513.7400,2.936986
513.7600,2.925308
513.7800,2.654810
513.8000,2.088798
513.8200,1.762413
513.8400,1.909663
513.8600,2.014667
513.8800,1.417647
513.9000,1.046856
513.9200,1.025293
513.9400,1.292750
513.9600,1.286262
513.9800,1.047692
514.0000,0.697270
514.0200,0.387596
514.0400,0.279425
514.0600,0.335695
514.0800,0.298354
514.1000,0.495488
514.1200,0.711790
514.1400,0.957734
514.1600,1.028994
514.1800,1.596360
514.2000,2.368952
514.2200,2.312142
514.2400,2.000229
514.2600,1.728543
514.2800,1.066507
514.3000,0.649029
514.3200,0.459775
514.3400,0.767570
514.3600,1.416393
514.3800,1.098368
514.4000,1.230023
514.4200,1.435158
514.4400,2.109605
514.4600,2.421217
514.4800,3.410137
514.5000,3.600000
514.5200,3.600000
514.5400,3.598953
514.5600,2.234262
514.5800,1.203224
514.6000,0.088598
514.6200,0.046931
514.6400,0.047923
514.6600,0.077018
514.6800,0.078456
514.7000,0.143872
514.7200,0.367393
514.7400,0.300904
514.7600,0.544943
514.7800,0.388733
514.8000,0.575613
514.8200,0.699884
514.8400,0.546571
514.8600,1.020237
514.8800,1.318842
514.9000,1.616131
514.9200,1.160570
514.9400,0.816836
514.9600,0.449236
514.9800,0.269069
515.0000,0.171826
515.0200,0.578503
515.0400,1.110621
515.0600,1.120787
515.0800,1.368685
515.1000,1.459271
515.1200,1.363337
515.1400,0.943269
515.1600,0.753861
515.1800,0.796205
515.2000,0.447805
515.2200,0.244657
515.2400,0.176151
515.2600,0.117079
515.2800,0.427210
515.3000,0.810935
515.3200,0.736552
515.3400,0.608769
515.3600,0.575696
515.3800,0.966135
515.4000,1.162489
515.4200,0.817688
515.4400,0.452630
515.4600,0.253113
515.4800,0.326912
515.5000,0.560543
515.5200,0.320488
515.5400,0.296219
515.5600,0.374942
515.5800,0.301112
515.6000,0.496391
515.6200,0.314655
515.6400,0.452483
515.6600,1.149589
515.6800,1.843528
515.7000,1.934235
515.7200,2.191066
515.7400,3.292456
515.7600,3.497442
515.7800,3.514904
515.8000,3.264104
515.8200,3.595187
515.8400,3.393959
515.8600,2.941376
515.8800,3.057778
515.9000,2.921512
515.9200,2.765279
515.9400,2.514563
515.9600,3.062515
515.9800,2.372771
516.0000,1.529507
516.0200,0.863312
516.0400,0.673187
516.0600,0.484446
516.0800,0.332568
516.1000,0.222967
516.1200,0.228176
516.1400,0.358341
516.1600,0.533377
516.1800,0.400512
516.2000,0.372522
516.2200,0.477325
516.2400,0.542543
516.2600,0.460760
516.2800,0.482089
516.3000,0.796740
516.3200,0.642188
516.3400,0.400735
516.3600,0.723954
516.3800,0.671029
516.4000,0.394291
516.4200,0.683861
516.4400,1.346894
516.4600,2.085053
516.4800,2.350247
516.5000,2.523412
516.5200,2.810927
516.5400,2.262504
516.5600,1.656922
516.5800,1.472086
516.6000,1.352179
516.6200,0.877279
516.6400,0.480680
516.6600,0.682687
516.6800,1.681766
516.7000,2.379117
516.7200,2.520260
516.7400,2.858097
516.7600,3.000195
516.7800,2.954119
516.8000,3.096611
516.8200,3.025504
516.8400,2.936986
516.8600,2.925308
516.8800,2.654810
516.9000,2.088798
516.9200,1.762413
516.9400,1.909663
516.9600,2.014667
516.9800,1.417647
517.0000,1.046856
517.0200,1.025293
517.0400,1.292750
517.0600,1.286262
517.0800,1.047692
517.1000,0.697270
517.1200,0.387596
517.1400,0.279425
517.1600,0.335695
517.1800,0.298354
517.2000,0.495488
517.2200,0.711790
517.2400,0.957734
517.2600,1.028994
517.2800,1.596360
517.3000,2.368952
517.3200,2.312142
517.3400,2.000229
517.3600,1.728543
517.3800,1.066507
517.4000,0.649029
517.4200,0.459775
517.4400,0.767570
517.4600,1.416393
517.4800,1.098368
517.5000,1.230023
517.5200,1.435158
517.5400,2.109605
517.5600,2.421217
517.5800,3.410137
517.6000,3.600000
517.6200,3.600000
517.6400,3.598953
517.6600,2.234262
517.6800,1.203224
517.7000,0.088598
517.7200,0.046931
517.7400,0.047923
517.7600,0.077018
517.7800,0.078456
517.8000,0.143872
517.8200,0.367393
517.8400,0.300904
517.8600,0.544943
517.8800,0.388733
517.9000,0.575613
517.9200,0.699884
517.9400,0.546571
517.9600,1.020237
517.9800,1.318842
518.0000,1.616131
518.0200,1.160570
518.0400,0.816836
518.0600,0.449236
518.0800,0.269069
518.1000,0.171826
518.1200,0.578503
518.1400,1.110621
518.1600,1.120787
518.1800,1.368685
518.2000,1.459271
518.2200,1.363337
518.2400,0.943269
518.2600,0.753861
518.2800,0.796205
518.3000,0.447805
518.3200,0.244657
518.3400,0.176151
518.3600,0.117079
518.3800,0.427210
518.4000,0.810935
518.4200,0.736552
518.4400,0.608769
518.4600,0.575696
518.4800,0.966135
518.5000,1.162489
518.5200,0.817688
518.5400,0.452630
518.5600,0.253113
518.5800,0.326912
518.6000,0.560543
518.6200,0.320488
518.6400,0.296219
518.6600,0.374942
518.6800,0.301112
518.7000,0.496391
518.7200,0.314655
518.7400,0.452483
518.7600,1.149589
518.7800,1.843528
518.8000,1.934235
518.8200,2.191066
518.8400,3.292456
518.8600,3.497442
518.8800,3.514904
518.9000,3.264104
518.9200,3.595187
518.9400,3.393959
518.9600,2.941376
518.9800,3.057778
519.0000,2.921512
519.0200,2.765279
519.0400,2.514563
519.0600,3.062515
519.0800,2.372771
519.1000,1.529507
519.1200,0.863312
519.1400,0.673187
519.1600,0.484446
519.1800,0.332568
519.2000,0.222967
519.2200,0.228176
519.2400,0.358341
519.2600,0.533377
519.2800,0.400512
519.3000,0.372522
519.3200,0.477325
519.3400,0.542543
519.3600,0.460760
519.3800,0.482089
519.4000,0.796740
519.4200,0.642188
519.4400,0.400735
519.4600,0.723954
519.4800,0.671029
519.5000,0.394291
519.5200,0.683861
519.5400,1.346894
519.5600,2.085053
519.5800,2.350247
519.6000,2.523412
519.6200,2.810927
519.6400,2.262504
519.6600,1.656922
519.6800,1.472086
519.7000,1.352179
519.7200,0.877279
519.7400,0.480680
519.7600,0.682687
519.7800,1.681766
519.8000,2.379117
519.8200,2.520260
519.8400,2.858097
519.8600,3.000195
519.8800,2.954119
519.9000,3.096611
519.9200,3.025504
519.9400,2.936986
519.9600,2.925308
519.9800,2.654810
520.0000,2.088798
520.0200,1.762413
520.0400,1.909663
520.0600,2.014667
520.0800,1.417647
520.1000,1.046856
520.1200,1.025293
520.1400,1.292750
520.1600,1.286262
520.1800,1.047692
520.2000,0.697270
520.2200,0.387596
520.2400,0.279425
520.2600,0.335695
520.2800,0.298354
520.3000,0.495488
520.3200,0.711790
520.3400,0.957734
520.3600,1.028994
520.3800,1.596360
520.4000,2.368952
520.4200,2.312142
520.4400,2.000229
520.4600,1.728543
520.4800,1.066507
520.5000,0.649029
520.5200,0.459775
520.5400,0.767570
520.5600,1.416393
520.5800,1.098368
520.6000,1.230023
520.6200,1.435158
520.6400,2.109605
520.6600,2.421217
520.6800,3.410137
520.7000,3.600000
520.7200,3.600000
520.7400,3.598953
520.7600,2.234262
520.7800,1.203224
520.8000,0.088598
520.8200,0.046931
520.8400,0.047923
520.8600,0.077018
520.8800,0.078456
520.9000,0.143872
520.9200,0.367393
520.9400,0.300904
520.9600,0.544943
520.9800,0.388733
521.0000,0.575613
521.0200,0.699884
521.0400,0.546571
521.0600,1.020237
521.0800,1.318842
521.1000,1.616131
521.1200,1.160570
521.1400,0.816836
521.1600,0.449236
521.1800,0.269069
521.2000,0.171826
521.2200,0.578503
521.2400,1.110621
521.2600,1.120787
521.2800,1.368685
521.3000,1.459271
521.3200,1.363337
521.3400,0.943269
521.3600,0.753861
521.3800,0.796205
521.4000,0.447805
521.4200,0.244657
521.4400,0.176151
521.4600,0.117079
521.4800,0.427210
521.5000,0.810935
521.5200,0.736552
521.5400,0.608769
521.5600,0.575696
521.5800,0.966135
521.6000,1.162489
521.6200,0.817688
521.6400,0.452630
521.6600,0.253113
521.6800,0.326912
521.7000,0.560543
521.7200,0.320488
521.7400,0.296219
521.7600,0.374942
521.7800,0.301112
521.8000,0.496391
521.8200,0.314655
521.8400,0.452483
521.8600,1.149589
521.8800,1.843528
521.9000,1.934235
521.9200,2.191066
521.9400,3.292456
521.9600,3.497442
521.9800,3.514904
522.0000,3.264104
522.0200,3.595187
522.0400,3.393959
522.0600,2.941376
522.0800,3.057778
522.1000,2.921512
522.1200,2.765279
522.1400,2.514563
522.1600,3.062515
522.1800,2.372771
522.2000,1.529507
522.2200,0.863312
522.2400,0.673187
522.2600,0.484446
522.2800,0.332568
522.3000,0.222967
522.3200,0.228176
522.3400,0.358341
522.3600,0.533377
522.3800,0.400512
522.4000,0.372522
522.4200,0.477325
522.4400,0.542543
522.4600,0.460760
522.4800,0.482089
522.5000,0.796740
522.5200,0.642188
522.5400,0.400735
522.5600,0.723954
522.5800,0.671029
522.6000,0.394291
522.6200,0.683861
522.6400,1.346894
522.6600,2.085053
522.6800,2.350247
522.7000,2.523412
522.7200,2.810927
522.7400,2.262504
522.7600,1.656922
522.7800,1.472086
522.8000,1.352179
522.8200,0.877279
522.8400,0.480680
522.8600,0.682687
522.8800,1.681766
522.9000,2.379117
522.9200,2.520260
522.9400,2.858097
522.9600,3.000195
522.9800,2.954119
523.0000,3.096611
523.0200,3.025504
523.0400,2.936986
523.0600,2.925308
523.0800,2.654810
523.1000,2.088798
523.1200,1.762413
523.1400,1.909663
523.1600,2.014667
523.1800,1.417647
523.2000,1.046856
523.2200,1.025293
523.2400,1.292750
523.2600,1.286262
523.2800,1.047692
523.3000,0.697270
523.3200,0.387596
523.3400,0.279425
523.3600,0.335695
523.3800,0.298354
523.4000,0.495488
523.4200,0.711790
523.4400,0.957734
523.4600,1.028994
523.4800,1.596360
523.5000,2.368952
523.5200,2.312142
523.5400,2.000229
523.5600,1.728543
523.5800,1.066507
523.6000,0.649029
523.6200,0.459775
523.6400,0.767570
523.6600,1.416393
523.6800,1.098368
523.7000,1.230023
523.7200,1.435158
523.7400,2.109605
523.7600,2.421217
523.7800,3.410137
523.8000,3.600000
523.8200,3.600000
523.8400,3.598953
523.8600,2.234262
523.8800,1.203224
523.9000,0.088598
523.9200,0.046931
523.9400,0.047923
523.9600,0.077018
523.9800,0.078456
524.0000,0.143872
524.0200,0.367393
524.0400,0.300904
524.0600,0.544943
524.0800,0.388733
524.1000,0.575613
524.1200,0.699884
524.1400,0.546571
524.1600,1.020237
524.1800,1.318842
524.2000,1.616131
524.2200,1.160570
524.2400,0.816836
524.2600,0.449236
524.2800,0.269069
524.3000,0.171826
524.3200,0.578503
524.3400,1.110621
524.3600,1.120787
524.3800,1.368685
524.4000,1.459271
524.4200,1.363337
524.4400,0.943269
524.4600,0.753861
524.4800,0.796205
524.5000,0.447805
524.5200,0.244657
524.5400,0.176151
524.5600,0.117079
524.5800,0.427210
524.6000,0.810935
524.6200,0.736552
524.6400,0.608769
524.6600,0.575696
524.6800,0.966135
524.7000,1.162489
524.7200,0.817688
524.7400,0.452630
524.7600,0.253113
524.7800,0.326912
524.8000,0.560543
524.8200,0.320488
524.8400,0.296219
524.8600,0.374942
524.8800,0.301112
524.9000,0.496391
524.9200,0.314655
524.9400,0.452483
524.9600,1.149589
524.9800,1.843528
525.0000,1.934235
525.0200,2.191066
525.0400,3.292456
525.0600,3.497442
525.0800,3.514904
525.1000,3.264104
525.1200,3.595187
525.1400,3.393959
525.1600,2.941376
525.1800,3.057778
525.2000,2.921512
525.2200,2.765279
525.2400,2.514563
525.2600,3.062515
525.2800,2.372771
525.3000,1.529507
525.3200,0.863312
525.3400,0.673187
525.3600,0.484446
525.3800,0.332568
525.4000,0.222967
525.4200,0.228176
525.4400,0.358341
525.4600,0.533377
525.4800,0.400512
525.5000,0.372522
525.5200,0.477325
525.5400,0.542543
525.5600,0.460760
525.5800,0.482089
525.6000,0.796740
525.6200,0.642188
525.6400,0.400735
525.6600,0.723954
525.6800,0.671029
525.7000,0.394291
525.7200,0.683861
525.7400,1.346894
525.7600,2.085053
525.7800,2.350247
525.8000,2.523412
525.8200,2.810927
525.8400,2.262504
525.8600,1.656922
525.8800,1.472086
525.9000,1.352179
525.9200,0.877279
525.9400,0.480680
525.9600,0.682687
525.9800,1.681766
526.0000,2.379117
526.0200,2.520260
526.0400,2.858097
526.0600,3.000195
526.0800,2.954119
526.1000,3.096611
526.1200,3.025504
526.1400,2.936986
526.1600,2.925308
526.1800,2.654810
526.2000,2.088798
526.2200,1.762413
526.2400,1.909663
526.2600,2.014667
526.2800,1.417647
526.3000,1.046856
526.3200,1.025293
526.3400,1.292750
526.3600,1.286262
526.3800,1.047692
526.4000,0.697270
526.4200,0.387596
526.4400,0.279425
526.4600,0.335695
526.4800,0.298354
526.5000,0.495488
526.5200,0.711790
526.5400,0.957734
526.5600,1.028994
526.5800,1.596360
526.6000,2.368952
526.6200,2.312142
526.6400,2.000229
526.6600,1.728543
526.6800,1.066507
526.7000,0.649029
526.7200,0.459775
526.7400,0.767570
526.7600,1.416393
526.7800,1.098368
526.8000,1.230023
526.8200,1.435158
526.8400,2.109605
526.8600,2.421217
526.8800,3.410137
526.9000,3.600000
526.9200,3.600000
526.9400,3.598953
526.9600,2.234262
526.9800,1.203224
527.0000,0.088598
527.0200,0.046931
527.0400,0.047923
527.0600,0.077018
527.0800,0.078456
527.1000,0.143872
527.1200,0.367393
527.1400,0.300904
527.1600,0.544943
527.1800,0.388733
527.2000,0.575613
527.2200,0.699884
527.2400,0.546571
527.2600,1.020237
527.2800,1.318842
527.3000,1.616131
527.3200,1.160570
527.3400,0.816836
527.3600,0.449236
527.3800,0.269069
527.4000,0.171826
527.4200,0.578503
527.4400,1.110621
527.4600,1.120787
527.4800,1.368685
527.5000,1.459271
527.5200,1.363337
527.5400,0.943269
527.5600,0.753861
527.5800,0.796205
527.6000,0.447805
527.6200,0.244657
527.6400,0.176151
527.6600,0.117079
527.6800,0.427210
527.7000,0.810935
527.7200,0.736552
527.7400,0.608769
527.7600,0.575696
527.7800,0.966135
527.8000,1.162489
527.8200,0.817688
527.8400,0.452630
527.8600,0.253113
527.8800,0.326912
527.9000,0.560543
527.9200,0.320488
527.9400,0.296219
527.9600,0.374942
527.9800,0.301112
528.0000,0.496391
528.0200,0.314655
528.0400,0.452483
528.0600,1.149589
528.0800,1.843528
528.1000,1.934235
528.1200,2.191066
528.1400,3.292456
528.1600,3.497442
528.1800,3.514904
528.2000,3.264104
528.2200,3.595187
528.2400,3.393959
528.2600,2.941376
528.2800,3.057778
528.3000,2.921512
528.3200,2.765279
528.3400,2.514563
528.3600,3.062515
528.3800,2.372771
528.4000,1.529507
528.4200,0.863312
528.4400,0.673187
528.4600,0.484446
528.4800,0.332568
528.5000,0.222967
528.5200,0.228176
528.5400,0.358341
528.5600,0.533377
528.5800,0.400512
528.6000,0.372522
528.6200,0.477325
528.6400,0.542543
528.6600,0.460760
528.6800,0.482089
528.7000,0.796740
528.7200,0.642188
528.7400,0.400735
528.7600,0.723954
528.7800,0.671029
528.8000,0.394291
528.8200,0.683861
528.8400,1.346894
528.8600,2.085053
528.8800,2.350247
528.9000,2.523412
528.9200,2.810927
528.9400,2.262504
528.9600,1.656922
528.9800,1.472086
529.0000,1.352179
529.0200,0.877279
529.0400,0.480680
529.0600,0.682687
529.0800,1.681766
529.1000,2.379117
529.1200,2.520260
529.1400,2.858097
529.1600,3.000195
529.1800,2.954119
529.2000,3.096611
529.2200,3.025504
529.2400,2.936986
529.2600,2.925308
529.2800,2.654810
529.3000,2.088798
529.3200,1.762413
529.3400,1.909663
529.3600,2.014667
529.3800,1.417647
529.4000,1.046856
529.4200,1.025293
529.4400,1.292750
529.4600,1.286262
529.4800,1.047692
529.5000,0.697270
529.5200,0.387596
529.5400,0.279425
529.5600,0.335695
529.5800,0.298354
529.6000,0.495488
529.6200,0.711790
529.6400,0.957734
529.6600,1.028994
529.6800,1.596360
529.7000,2.368952
529.7200,2.312142
529.7400,2.000229
529.7600,1.728543
529.7800,1.066507
529.8000,0.649029
529.8200,0.459775
529.8400,0.767570
529.8600,1.416393
529.8800,1.098368
529.9000,1.230023
529.9200,1.435158
529.9400,2.109605
529.9600,2.421217
529.9800,3.410137
530.0000,3.600000
530.0200,3.600000
530.0400,3.598953
530.0600,2.234262
530.0800,1.203224
530.1000,0.088598
530.1200,0.046931
530.1400,0.047923
530.1600,0.077018
530.1800,0.078456
530.2000,0.143872
530.2200,0.367393
530.2400,0.300904
530.2600,0.544943
530.2800,0.388733
530.3000,0.575613
530.3200,0.699884
530.3400,0.546571
530.3600,1.020237
530.3800,1.318842
530.4000,1.616131
530.4200,1.160570
530.4400,0.816836
530.4600,0.449236
530.4800,0.269069
530.5000,0.171826
530.5200,0.578503
530.5400,1.110621
530.5600,1.120787
530.5800,1.368685
530.6000,1.459271
530.6200,1.363337
530.6400,0.943269
530.6600,0.753861
530.6800,0.796205
530.7000,0.447805
530.7200,0.244657
530.7400,0.176151
530.7600,0.117079
530.7800,0.427210
530.8000,0.810935
530.8200,0.736552
530.8400,0.608769
530.8600,0.575696
530.8800,0.966135
530.9000,1.162489
530.9200,0.817688
530.9400,0.452630
530.9600,0.253113
530.9800,0.326912
531.0000,0.560543
531.0200,0.320488
531.0400,0.296219
531.0600,0.374942
531.0800,0.301112
531.1000,0.496391
531.1200,0.314655
531.1400,0.452483
531.1600,1.149589
531.1800,1.843528
531.2000,1.934235
531.2200,2.191066
531.2400,3.292456
531.2600,3.497442
531.2800,3.514904
531.3000,3.264104
531.3200,3.595187
531.3400,3.393959
531.3600,2.941376
531.3800,3.057778
531.4000,2.921512
531.4200,2.765279
531.4400,2.514563
531.4600,3.062515
531.4800,2.372771
531.5000,1.529507
531.5200,0.863312
531.5400,0.673187
531.5600,0.484446
531.5800,0.332568
531.6000,0.222967
531.6200,0.228176
531.6400,0.358341
531.6600,0.533377
531.6800,0.400512
531.7000,0.372522
531.7200,0.477325
531.7400,0.542543
531.7600,0.460760
531.7800,0.482089
531.8000,0.796740
531.8200,0.642188
531.8400,0.400735
531.8600,0.723954
531.8800,0.671029
531.9000,0.394291
531.9200,0.683861
531.9400,1.346894
531.9600,2.085053
531.9800,2.350247
532.0000,2.523412
532.0200,2.810927
532.0400,2.262504
532.0600,1.656922
532.0800,1.472086
532.1000,1.352179
532.1200,0.877279
532.1400,0.480680
532.1600,0.682687
532.1800,1.681766
532.2000,2.379117
532.2200,2.520260
532.2400,2.858097
532.2600,3.000195
532.2800,2.954119
532.3000,3.096611
532.3200,3.025504
532.3400,2.936986
532.3600,2.925308
532.3800,2.654810
532.4000,2.088798
532.4200,1.762413
532.4400,1.909663
532.4600,2.014667
532.4800,1.417647
532.5000,1.046856
532.5200,1.025293
532.5400,1.292750
532.5600,1.286262
532.5800,1.047692
532.6000,0.697270
532.6200,0.387596
532.6400,0.279425
532.6600,0.335695
532.6800,0.298354
532.7000,0.495488
532.7200,0.711790
532.7400,0.957734
532.7600,1.028994
532.7800,1.596360
532.8000,2.368952
532.8200,2.312142
532.8400,2.000229
532.8600,1.728543
532.8800,1.066507
532.9000,0.649029
532.9200,0.459775
532.9400,0.767570
532.9600,1.416393
532.9800,1.098368
533.0000,1.230023
533.0200,1.435158
533.0400,2.109605
533.0600,2.421217
533.0800,3.410137
533.1000,3.600000
533.1200,3.600000
533.1400,3.598953
533.1600,2.234262
533.1800,1.203224
533.2000,0.088598
533.2200,0.046931
533.2400,0.047923
533.2600,0.077018
533.2800,0.078456
533.3000,0.143872
533.3200,0.367393
533.3400,0.300904
533.3600,0.544943
533.3800,0.388733
533.4000,0.575613
533.4200,0.699884
533.4400,0.546571
533.4600,1.020237
533.4800,1.318842
533.5000,1.616131
533.5200,1.160570
533.5400,0.816836
533.5600,0.449236
533.5800,0.269069
533.6000,0.171826
533.6200,0.578503
533.6400,1.110621
533.6600,1.120787
533.6800,1.368685
533.7000,1.459271
533.7200,1.363337
533.7400,0.943269
533.7600,0.753861
533.7800,0.796205
533.8000,0.447805
533.8200,0.244657
533.8400,0.176151
533.8600,0.117079
533.8800,0.427210
533.9000,0.810935
533.9200,0.736552
533.9400,0.608769
533.9600,0.575696
533.9800,0.966135
534.0000,1.162489
534.0200,0.817688
534.0400,0.452630
534.0600,0.253113
534.0800,0.326912
534.1000,0.560543
534.1200,0.320488
534.1400,0.296219
534.1600,0.374942
534.1800,0.301112
534.2000,0.496391
534.2200,0.314655
534.2400,0.452483
534.2600,1.149589
534.2800,1.843528
534.3000,1.934235
534.3200,2.191066
534.3400,3.292456
534.3600,3.497442
534.3800,3.514904
534.4000,3.264104
534.4200,3.595187
534.4400,3.393959
534.4600,2.941376
534.4800,3.057778
534.5000,2.921512
534.5200,2.765279
534.5400,2.514563
534.5600,3.062515
534.5800,2.372771
534.6000,1.529507
534.6200,0.863312
534.6400,0.673187
534.6600,0.484446
534.6800,0.332568
534.7000,0.222967
534.7200,0.228176
534.7400,0.358341
534.7600,0.533377
534.7800,0.400512
534.8000,0.372522
534.8200,0.477325
534.8400,0.542543
534.8600,0.460760
534.8800,0.482089
534.9000,0.796740
534.9200,0.642188
534.9400,0.400735
534.9600,0.723954
534.9800,0.671029
535.0000,0.394291
535.0200,0.683861
535.0400,1.346894
535.0600,2.085053
535.0800,2.350247
535.1000,2.523412
535.1200,2.810927
535.1400,2.262504
535.1600,1.656922
535.1800,1.472086
535.2000,1.352179
535.2200,0.877279
535.2400,0.480680
535.2600,0.682687
535.2800,1.681766
535.3000,2.379117
535.3200,2.520260
535.3400,2.858097
535.3600,3.000195
535.3800,2.954119
535.4000,3.096611
535.4200,3.025504
535.4400,2.936986
535.4600,2.925308
535.4800,2.654810
535.5000,2.088798
535.5200,1.762413
535.5400,1.909663
535.5600,2.014667
535.5800,1.417647
535.6000,1.046856
535.6200,1.025293
535.6400,1.292750
535.6600,1.286262
535.6800,1.047692
535.7000,0.697270
535.7200,0.387596
535.7400,0.279425
535.7600,0.335695
535.7800,0.298354
535.8000,0.495488
535.8200,0.711790
535.8400,0.957734
535.8600,1.028994
535.8800,1.596360
535.9000,2.368952
535.9200,2.312142
535.9400,2.000229
535.9600,1.728543
535.9800,1.066507
536.0000,0.649029
536.0200,0.459775
536.0400,0.767570
536.0600,1.416393
536.0800,1.098368
536.1000,1.230023
536.1200,1.435158
536.1400,2.109605
536.1600,2.421217
536.1800,3.410137
536.2000,3.600000
536.2200,3.600000
536.2400,3.598953
536.2600,2.234262
536.2800,1.203224
536.3000,0.088598
536.3200,0.046931
536.3400,0.047923
536.3600,0.077018
536.3800,0.078456
536.4000,0.143872
536.4200,0.367393
536.4400,0.300904
536.4600,0.544943
536.4800,0.388733
536.5000,0.575613
536.5200,0.699884
536.5400,0.546571
536.5600,1.020237
536.5800,1.318842
536.6000,1.616131
536.6200,1.160570
536.6400,0.816836
536.6600,0.449236
536.6800,0.269069
536.7000,0.171826
536.7200,0.578503
536.7400,1.110621
536.7600,1.120787
536.7800,1.368685
536.8000,1.459271
536.8200,1.363337
536.8400,0.943269
536.8600,0.753861
536.8800,0.796205
536.9000,0.447805
536.9200,0.244657
536.9400,0.176151
536.9600,0.117079
536.9800,0.427210
537.0000,0.810935
537.0200,0.736552
537.0400,0.608769
537.0600,0.575696
537.0800,0.966135
537.1000,1.162489
537.1200,0.817688
537.1400,0.452630
537.1600,0.253113
537.1800,0.326912
537.2000,0.560543
537.2200,0.320488
537.2400,0.296219
537.2600,0.374942
537.2800,0.301112
537.3000,0.496391
537.3200,0.314655
537.3400,0.452483
537.3600,1.149589
537.3800,1.843528
537.4000,1.934235
537.4200,2.191066
537.4400,3.292456
537.4600,3.497442
537.4800,3.514904
537.5000,3.264104
537.5200,3.595187
537.5400,3.393959
537.5600,2.941376
537.5800,3.057778
537.6000,2.921512
537.6200,2.765279
537.6400,2.514563
537.6600,3.062515
537.6800,2.372771
537.7000,1.529507
537.7200,0.863312
537.7400,0.673187
537.7600,0.484446
537.7800,0.332568
537.8000,0.222967
537.8200,0.228176
537.8400,0.358341
537.8600,0.533377
537.8800,0.400512
537.9000,0.372522
537.9200,0.477325
537.9400,0.542543
537.9600,0.460760
537.9800,0.482089
538.0000,0.796740
538.0200,0.642188
538.0400,0.400735
538.0600,0.723954
538.0800,0.671029
538.1000,0.394291
538.1200,0.683861
538.1400,1.346894
538.1600,2.085053
538.1800,2.350247
538.2000,2.523412
538.2200,2.810927
538.2400,2.262504
538.2600,1.656922
538.2800,1.472086
538.3000,1.352179
538.3200,0.877279
538.3400,0.480680
538.3600,0.682687
538.3800,1.681766
538.4000,2.379117
538.4200,2.520260
538.4400,2.858097
538.4600,3.000195
538.4800,2.954119
538.5000,3.096611
538.5200,3.025504
538.5400,2.936986
538.5600,2.925308
538.5800,2.654810
538.6000,2.088798
538.6200,1.762413
538.6400,1.909663
538.6600,2.014667
538.6800,1.417647
538.7000,1.046856
538.7200,1.025293
538.7400,1.292750
538.7600,1.286262
538.7800,1.047692
538.8000,0.697270
538.8200,0.387596
538.8400,0.279425
538.8600,0.335695
538.8800,0.298354
538.9000,0.495488
538.9200,0.711790
538.9400,0.957734
538.9600,1.028994
538.9800,1.596360
539.0000,2.368952
539.0200,2.312142
539.0400,2.000229
539.0600,1.728543
539.0800,1.066507
539.1000,0.649029
539.1200,0.459775
539.1400,0.767570
539.1600,1.416393
539.1800,1.098368
539.2000,1.230023
539.2200,1.435158
539.2400,2.109605
539.2600,2.421217
539.2800,3.410137
539.3000,3.600000
539.3200,3.600000
539.3400,3.598953
539.3600,2.234262
539.3800,1.203224
539.4000,0.088598
539.4200,0.046931
539.4400,0.047923
539.4600,0.077018
539.4800,0.078456
539.5000,0.143872
539.5200,0.367393
539.5400,0.300904
539.5600,0.544943
539.5800,0.388733
539.6000,0.575613
539.6200,0.699884
539.6400,0.546571
539.6600,1.020237
539.6800,1.318842
539.7000,1.616131
539.7200,1.160570
539.7400,0.816836
539.7600,0.449236
539.7800,0.269069
539.8000,0.171826
539.8200,0.578503
539.8400,1.110621
539.8600,1.120787
539.8800,1.368685
539.9000,1.459271
539.9200,1.363337
539.9400,0.943269
539.9600,0.753861
539.9800,0.796205
540.0000,0.447805
540.0200,0.244657
540.0400,0.176151
540.0600,0.117079
540.0800,0.427210
540.1000,0.810935
540.1200,0.736552
540.1400,0.608769
540.1600,0.575696
540.1800,0.966135
540.2000,1.162489
540.2200,0.817688
540.2400,0.452630
540.2600,0.253113
540.2800,0.326912
540.3000,0.560543
540.3200,0.320488
540.3400,0.296219
540.3600,0.374942
540.3800,0.301112
540.4000,0.496391
540.4200,0.314655
540.4400,0.452483
540.4600,1.149589
540.4800,1.843528
540.5000,1.934235
540.5200,2.191066
540.5400,3.292456
540.5600,3.497442
540.5800,3.514904
540.6000,3.264104
540.6200,3.595187
540.6400,3.393959
540.6600,2.941376
540.6800,3.057778
540.7000,2.921512
540.7200,2.765279
540.7400,2.514563
540.7600,3.062515
540.7800,2.372771
540.8000,1.529507
540.8200,0.863312
540.8400,0.673187
540.8600,0.484446
540.8800,0.332568
540.9000,0.222967
540.9200,0.228176
540.9400,0.358341
540.9600,0.533377
540.9800,0.400512
541.0000,0.372522
541.0200,0.477325
541.0400,0.542543
541.0600,0.460760
541.0800,0.482089
541.1000,0.796740
541.1200,0.642188
541.1400,0.400735
541.1600,0.723954
541.1800,0.671029
541.2000,0.394291
541.2200,0.683861
541.2400,1.346894
541.2600,2.085053
541.2800,2.350247
541.3000,2.523412
541.3200,2.810927
541.3400,2.262504
541.3600,1.656922
541.3800,1.472086
541.4000,1.352179
541.4200,0.877279
541.4400,0.480680
541.4600,0.682687
541.4800,1.681766
541.5000,2.379117
541.5200,2.520260
541.5400,2.858097
541.5600,3.000195
541.5800,2.954119
541.6000,3.096611
541.6200,3.025504
541.6400,2.936986
541.6600,2.925308
541.6800,2.654810
541.7000,2.088798
541.7200,1.762413
541.7400,1.909663
541.7600,2.014667
541.7800,1.417647
541.8000,1.046856
541.8200,1.025293
541.8400,1.292750
541.8600,1.286262
541.8800,1.047692
541.9000,0.697270
541.9200,0.387596
541.9400,0.279425
541.9600,0.335695
541.9800,0.298354
542.0000,0.495488
542.0200,0.711790
542.0400,0.957734
542.0600,1.028994
542.0800,1.596360
542.1000,2.368952
542.1200,2.312142
542.1400,2.000229
542.1600,1.728543
542.1800,1.066507
542.2000,0.649029
542.2200,0.459775
542.2400,0.767570
542.2600,1.416393
542.2800,1.098368
542.3000,1.230023
542.3200,1.435158
542.3400,2.109605
542.3600,2.421217
542.3800,3.410137
542.4000,3.600000
542.4200,3.600000
542.4400,3.598953
542.4600,2.234262
542.4800,1.203224
542.5000,0.088598
542.5200,0.046931
542.5400,0.047923
542.5600,0.077018
542.5800,0.078456
542.6000,0.143872
542.6200,0.367393
542.6400,0.300904
542.6600,0.544943
542.6800,0.388733
542.7000,0.575613
542.7200,0.699884
542.7400,0.546571
542.7600,1.020237
542.7800,1.318842
542.8000,1.616131
542.8200,1.160570
542.8400,0.816836
542.8600,0.449236
542.8800,0.269069
542.9000,0.171826
542.9200,0.578503
542.9400,1.110621
542.9600,1.120787
542.9800,1.368685
543.0000,1.459271
543.0200,1.363337
543.0400,0.943269
543.0600,0.753861
543.0800,0.796205
543.1000,0.447805
543.1200,0.244657
543.1400,0.176151
543.1600,0.117079
543.1800,0.427210
543.2000,0.810935
543.2200,0.736552
543.2400,0.608769
543.2600,0.575696
543.2800,0.966135
543.3000,1.162489
543.3200,0.817688
543.3400,0.452630
543.3600,0.253113
543.3800,0.326912
543.4000,0.560543
543.4200,0.320488
543.4400,0.296219
543.4600,0.374942
543.4800,0.301112
543.5000,0.496391
543.5200,0.314655
543.5400,0.452483
543.5600,1.149589
543.5800,1.843528
543.6000,1.934235
543.6200,2.191066
543.6400,3.292456
543.6600,3.497442
543.6800,3.514904
543.7000,3.264104
543.7200,3.595187
543.7400,3.393959
543.7600,2.941376
543.7800,3.057778
543.8000,2.921512
543.8200,2.765279
543.8400,2.514563
543.8600,3.062515
543.8800,2.372771
543.9000,1.529507
543.9200,0.863312
543.9400,0.673187
543.9600,0.484446
543.9800,0.332568
544.0000,0.222967
544.0200,0.228176
544.0400,0.358341
544.0600,0.533377
544.0800,0.400512
544.1000,0.372522
544.1200,0.477325
544.1400,0.542543
544.1600,0.460760
544.1800,0.482089
544.2000,0.796740
544.2200,0.642188
544.2400,0.400735
544.2600,0.723954
544.2800,0.671029
544.3000,0.394291
544.3200,0.683861
544.3400,1.346894
544.3600,2.085053
544.3800,2.350247
544.4000,2.523412
544.4200,2.810927
544.4400,2.262504
544.4600,1.656922
544.4800,1.472086
544.5000,1.352179
544.5200,0.877279
544.5400,0.480680
544.5600,0.682687
544.5800,1.681766
544.6000,2.379117
544.6200,2.520260
544.6400,2.858097
544.6600,3.000195
544.6800,2.954119
544.7000,3.096611
544.7200,3.025504
544.7400,2.936986
544.7600,2.925308
544.7800,2.654810
544.8000,2.088798
544.8200,1.762413
544.8400,1.909663
544.8600,2.014667
544.8800,1.417647
544.9000,1.046856
544.9200,1.025293
544.9400,1.292750
544.9600,1.286262
544.9800,1.047692
545.0000,0.697270
545.0200,0.387596
545.0400,0.279425
545.0600,0.335695
545.0800,0.298354
545.1000,0.495488
545.1200,0.711790
545.1400,0.957734
545.1600,1.028994
545.1800,1.596360
545.2000,2.368952
545.2200,2.312142
545.2400,2.000229
545.2600,1.728543
545.2800,1.066507
545.3000,0.649029
545.3200,0.459775
545.3400,0.767570
545.3600,1.416393
545.3800,1.098368
545.4000,1.230023
545.4200,1.435158
545.4400,2.109605
545.4600,2.421217
545.4800,3.410137
545.5000,3.600000
545.5200,3.600000
545.5400,3.598953
545.5600,2.234262
545.5800,1.203224
545.6000,0.088598
545.6200,0.046931
545.6400,0.047923
545.6600,0.077018
545.6800,0.078456
545.7000,0.143872
545.7200,0.367393
545.7400,0.300904
545.7600,0.544943
545.7800,0.388733
545.8000,0.575613
545.8200,0.699884
545.8400,0.546571
545.8600,1.020237
545.8800,1.318842
545.9000,1.616131
545.9200,1.160570
545.9400,0.816836
545.9600,0.449236
545.9800,0.269069
546.0000,0.171826
546.0200,0.578503
546.0400,1.110621
546.0600,1.120787
546.0800,1.368685
546.1000,1.459271
546.1200,1.363337
546.1400,0.943269
546.1600,0.753861
546.1800,0.796205
546.2000,0.447805
546.2200,0.244657
546.2400,0.176151
546.2600,0.117079
546.2800,0.427210
546.3000,0.810935
546.3200,0.736552
546.3400,0.608769
546.3600,0.575696
546.3800,0.966135
546.4000,1.162489
546.4200,0.817688
546.4400,0.452630
546.4600,0.253113
546.4800,0.326912
546.5000,0.560543
546.5200,0.320488
546.5400,0.296219
546.5600,0.374942
546.5800,0.301112
546.6000,0.496391
546.6200,0.314655
546.6400,0.452483
546.6600,1.149589
546.6800,1.843528
546.7000,1.934235
546.7200,2.191066
546.7400,3.292456
546.7600,3.497442
546.7800,3.514904
546.8000,3.264104
546.8200,3.595187
546.8400,3.393959
546.8600,2.941376
546.8800,3.057778
546.9000,2.921512
546.9200,2.765279
546.9400,2.514563
546.9600,3.062515
546.9800,2.372771
547.0000,1.529507
547.0200,0.863312
547.0400,0.673187
547.0600,0.484446
547.0800,0.332568
547.1000,0.222967
547.1200,0.228176
547.1400,0.358341
547.1600,0.533377
547.1800,0.400512
547.2000,0.372522
547.2200,0.477325
547.2400,0.542543
547.2600,0.460760
547.2800,0.482089
547.3000,0.796740
547.3200,0.642188
547.3400,0.400735
547.3600,0.723954
547.3800,0.671029
547.4000,0.394291
547.4200,0.683861
547.4400,1.346894
547.4600,2.085053
547.4800,2.350247
547.5000,2.523412
547.5200,2.810927
547.5400,2.262504
547.5600,1.656922
547.5800,1.472086
547.6000,1.352179
547.6200,0.877279
547.6400,0.480680
547.6600,0.682687
547.6800,1.681766
547.7000,2.379117
547.7200,2.520260
547.7400,2.858097
547.7600,3.000195
547.7800,2.954119
547.8000,3.096611
547.8200,3.025504
547.8400,2.936986
547.8600,2.925308
547.8800,2.654810
547.9000,2.088798
547.9200,1.762413
547.9400,1.909663
547.9600,2.014667
547.9800,1.417647
548.0000,1.046856
548.0200,1.025293
548.0400,1.292750
548.0600,1.286262
548.0800,1.047692
548.1000,0.697270
548.1200,0.387596
548.1400,0.279425
548.1600,0.335695
548.1800,0.298354
548.2000,0.495488
548.2200,0.711790
548.2400,0.957734
548.2600,1.028994
548.2800,1.596360
548.3000,2.368952
548.3200,2.312142
548.3400,2.000229
548.3600,1.728543
548.3800,1.066507
548.4000,0.649029
548.4200,0.459775
548.4400,0.767570
548.4600,1.416393
548.4800,1.098368
548.5000,1.230023
548.5200,1.435158
548.5400,2.109605
548.5600,2.421217
548.5800,3.410137
548.6000,3.600000
548.6200,3.600000
548.6400,3.598953
548.6600,2.234262
548.6800,1.203224
548.7000,0.088598
548.7200,0.046931
548.7400,0.047923
548.7600,0.077018
548.7800,0.078456
548.8000,0.143872
548.8200,0.367393
548.8400,0.300904
548.8600,0.544943
548.8800,0.388733
548.9000,0.575613
548.9200,0.699884
548.9400,0.546571
548.9600,1.020237
548.9800,1.318842
549.0000,1.616131
549.0200,1.160570
549.0400,0.816836
549.0600,0.449236
549.0800,0.269069
549.1000,0.171826
549.1200,0.578503
549.1400,1.110621
549.1600,1.120787
549.1800,1.368685
549.2000,1.459271
549.2200,1.363337
549.2400,0.943269
549.2600,0.753861
549.2800,0.796205
549.3000,0.447805
549.3200,0.244657
549.3400,0.176151
549.3600,0.117079
549.3800,0.427210
549.4000,0.810935
549.4200,0.736552
549.4400,0.608769
549.4600,0.575696
549.4800,0.966135
549.5000,1.162489
549.5200,0.817688
549.5400,0.452630
549.5600,0.253113
549.5800,0.326912
549.6000,0.560543
549.6200,0.320488
549.6400,0.296219
549.6600,0.374942
549.6800,0.301112
549.7000,0.496391
549.7200,0.314655
549.7400,0.452483
549.7600,1.149589
549.7800,1.843528
549.8000,1.934235
549.8200,2.191066
549.8400,3.292456
549.8600,3.497442
549.8800,3.514904
549.9000,3.264104
549.9200,3.595187
549.9400,3.393959
549.9600,2.941376
549.9800,3.057778
550.0000,2.921512
550.0200,2.765279
550.0400,2.514563
550.0600,3.062515
550.0800,2.372771
550.1000,1.529507
550.1200,0.863312
550.1400,0.673187
550.1600,0.484446
550.1800,0.332568
550.2000,0.222967
550.2200,0.228176
550.2400,0.358341
550.2600,0.533377
550.2800,0.400512
550.3000,0.372522
550.3200,0.477325
550.3400,0.542543
550.3600,0.460760
550.3800,0.482089
550.4000,0.796740
550.4200,0.642188
550.4400,0.400735
550.4600,0.723954
550.4800,0.671029
550.5000,0.394291
550.5200,0.683861
550.5400,1.346894
550.5600,2.085053
550.5800,2.350247
550.6000,2.523412
550.6200,2.810927
550.6400,2.262504
550.6600,1.656922
550.6800,1.472086
550.7000,1.352179
550.7200,0.877279
550.7400,0.480680
550.7600,0.682687
550.7800,1.681766
550.8000,2.379117
550.8200,2.520260
550.8400,2.858097
550.8600,3.000195
550.8800,2.954119
550.9000,3.096611
550.9200,3.025504
550.9400,2.936986
550.9600,2.925308
550.9800,2.654810
551.0000,2.088798
551.0200,1.762413
551.0400,1.909663
551.0600,2.014667
551.0800,1.417647
551.1000,1.046856
551.1200,1.025293
551.1400,1.292750
551.1600,1.286262
551.1800,1.047692
551.2000,0.697270
551.2200,0.387596
551.2400,0.279425
551.2600,0.335695
551.2800,0.298354
551.3000,0.495488
551.3200,0.711790
551.3400,0.957734
551.3600,1.028994
551.3800,1.596360
551.4000,2.368952
551.4200,2.312142
551.4400,2.000229
551.4600,1.728543
551.4800,1.066507
551.5000,0.649029
551.5200,0.459775
551.5400,0.767570
551.5600,1.416393
551.5800,1.098368
551.6000,1.230023
551.6200,1.435158
551.6400,2.109605
551.6600,2.421217
551.6800,3.410137
551.7000,3.600000
551.7200,3.600000
551.7400,3.598953
551.7600,2.234262
551.7800,1.203224
551.8000,0.088598
551.8200,0.046931
551.8400,0.047923
551.8600,0.077018
551.8800,0.078456
551.9000,0.143872
551.9200,0.367393
551.9400,0.300904
551.9600,0.544943
551.9800,0.388733
552.0000,0.575613
552.0200,0.699884
552.0400,0.546571
552.0600,1.020237
552.0800,1.318842
552.1000,1.616131
552.1200,1.160570
552.1400,0.816836
552.1600,0.449236
552.1800,0.269069
552.2000,0.171826
552.2200,0.578503
552.2400,1.110621
552.2600,1.120787
552.2800,1.368685
552.3000,1.459271
552.3200,1.363337
552.3400,0.943269
552.3600,0.753861
552.3800,0.796205
552.4000,0.447805
552.4200,0.244657
552.4400,0.176151
552.4600,0.117079
552.4800,0.427210
552.5000,0.810935
552.5200,0.736552
552.5400,0.608769
552.5600,0.575696
552.5800,0.966135
552.6000,1.162489
552.6200,0.817688
552.6400,0.452630
552.6600,0.253113
552.6800,0.326912
552.7000,0.560543
552.7200,0.320488
552.7400,0.296219
552.7600,0.374942
552.7800,0.301112
552.8000,0.496391
552.8200,0.314655
552.8400,0.452483
552.8600,1.149589
552.8800,1.843528
552.9000,1.934235
552.9200,2.191066
552.9400,3.292456
552.9600,3.497442
552.9800,3.514904
553.0000,3.264104
553.0200,3.595187
553.0400,3.393959
553.0600,2.941376
553.0800,3.057778
553.1000,2.921512
553.1200,2.765279
553.1400,2.514563
553.1600,3.062515
553.1800,2.372771
553.2000,1.529507
553.2200,0.863312
553.2400,0.673187
553.2600,0.484446
553.2800,0.332568
553.3000,0.222967
553.3200,0.228176
553.3400,0.358341
553.3600,0.533377
553.3800,0.400512
553.4000,0.372522
553.4200,0.477325
553.4400,0.542543
553.4600,0.460760
553.4800,0.482089
553.5000,0.796740
553.5200,0.642188
553.5400,0.400735
553.5600,0.723954
553.5800,0.671029
553.6000,0.394291
553.6200,0.683861
553.6400,1.346894
553.6600,2.085053
553.6800,2.350247
553.7000,2.523412
553.7200,2.810927
553.7400,2.262504
553.7600,1.656922
553.7800,1.472086
553.8000,1.352179
553.8200,0.877279
553.8400,0.480680
553.8600,0.682687
553.8800,1.681766
553.9000,2.379117
553.9200,2.520260
553.9400,2.858097
553.9600,3.000195
553.9800,2.954119
554.0000,3.096611
554.0200,3.025504
554.0400,2.936986
554.0600,2.925308
554.0800,2.654810
554.1000,2.088798
554.1200,1.762413
554.1400,1.909663
554.1600,2.014667
554.1800,1.417647
554.2000,1.046856
554.2200,1.025293
554.2400,1.292750
554.2600,1.286262
554.2800,1.047692
554.3000,0.697270
554.3200,0.387596
554.3400,0.279425
554.3600,0.335695
554.3800,0.298354
554.4000,0.495488
554.4200,0.711790
554.4400,0.957734
554.4600,1.028994
554.4800,1.596360
554.5000,2.368952
554.5200,2.312142
554.5400,2.000229
554.5600,1.728543
554.5800,1.066507
554.6000,0.649029
554.6200,0.459775
554.6400,0.767570
554.6600,1.416393
554.6800,1.098368
554.7000,1.230023
554.7200,1.435158
554.7400,2.109605
554.7600,2.421217
554.7800,3.410137
554.8000,3.600000
554.8200,3.600000
554.8400,3.598953
554.8600,2.234262
554.8800,1.203224
554.9000,0.088598
554.9200,0.046931
554.9400,0.047923
554.9600,0.077018
554.9800,0.078456
555.0000,0.143872
555.0200,0.367393
555.0400,0.300904
555.0600,0.544943
555.0800,0.388733
555.1000,0.575613
555.1200,0.699884
555.1400,0.546571
555.1600,1.020237
555.1800,1.318842
555.2000,1.616131
555.2200,1.160570
555.2400,0.816836
555.2600,0.449236
555.2800,0.269069
555.3000,0.171826
555.3200,0.578503
555.3400,1.110621
555.3600,1.120787
555.3800,1.368685
555.4000,1.459271
555.4200,1.363337
555.4400,0.943269
555.4600,0.753861
555.4800,0.796205
555.5000,0.447805
555.5200,0.244657
555.5400,0.176151
555.5600,0.117079
555.5800,0.427210
555.6000,0.810935
555.6200,0.736552
555.6400,0.608769
555.6600,0.575696
555.6800,0.966135
555.7000,1.162489
555.7200,0.817688
555.7400,0.452630
555.7600,0.253113
555.7800,0.326912
555.8000,0.560543
555.8200,0.320488
555.8400,0.296219
555.8600,0.374942
555.8800,0.301112
555.9000,0.496391
555.9200,0.314655
555.9400,0.452483
555.9600,1.149589
555.9800,1.843528
556.0000,1.934235
556.0200,2.191066
556.0400,3.292456
556.0600,3.497442
556.0800,3.514904
556.1000,3.264104
556.1200,3.595187
556.1400,3.393959
556.1600,2.941376
556.1800,3.057778
556.2000,2.921512
556.2200,2.765279
556.2400,2.514563
556.2600,3.062515
556.2800,2.372771
556.3000,1.529507
556.3200,0.863312
556.3400,0.673187
556.3600,0.484446
556.3800,0.332568
556.4000,0.222967
556.4200,0.228176
556.4400,0.358341
556.4600,0.533377
556.4800,0.400512
556.5000,0.372522
556.5200,0.477325
556.5400,0.542543
556.5600,0.460760
556.5800,0.482089
556.6000,0.796740
556.6200,0.642188
556.6400,0.400735
556.6600,0.723954
556.6800,0.671029
556.7000,0.394291
556.7200,0.683861
556.7400,1.346894
556.7600,2.085053
556.7800,2.350247
556.8000,2.523412
556.8200,2.810927
556.8400,2.262504
556.8600,1.656922
556.8800,1.472086
556.9000,1.352179
556.9200,0.877279
556.9400,0.480680
556.9600,0.682687
556.9800,1.681766
557.0000,2.379117
557.0200,2.520260
557.0400,2.858097
557.0600,3.000195
557.0800,2.954119
557.1000,3.096611
557.1200,3.025504
557.1400,2.936986
557.1600,2.925308
557.1800,2.654810
557.2000,2.088798
557.2200,1.762413
557.2400,1.909663
557.2600,2.014667
557.2800,1.417647
557.3000,1.046856
557.3200,1.025293
557.3400,1.292750
557.3600,1.286262
557.3800,1.047692
557.4000,0.697270
557.4200,0.387596
557.4400,0.279425
557.4600,0.335695
557.4800,0.298354
557.5000,0.495488
557.5200,0.711790
557.5400,0.957734
557.5600,1.028994
557.5800,1.596360
557.6000,2.368952
557.6200,2.312142
557.6400,2.000229
557.6600,1.728543
557.6800,1.066507
557.7000,0.649029
557.7200,0.459775
557.7400,0.767570
557.7600,1.416393
557.7800,1.098368
557.8000,1.230023
557.8200,1.435158
557.8400,2.109605
557.8600,2.421217
557.8800,3.410137
557.9000,3.600000
557.9200,3.600000
557.9400,3.598953
557.9600,2.234262
557.9800,1.203224
558.0000,0.088598
558.0200,0.046931
558.0400,0.047923
558.0600,0.077018
558.0800,0.078456
558.1000,0.143872
558.1200,0.367393
558.1400,0.300904
558.1600,0.544943
558.1800,0.388733
558.2000,0.575613
558.2200,0.699884
558.2400,0.546571
558.2600,1.020237
558.2800,1.318842
558.3000,1.616131
558.3200,1.160570
558.3400,0.816836
558.3600,0.449236
558.3800,0.269069
558.4000,0.171826
558.4200,0.578503
558.4400,1.110621
558.4600,1.120787
558.4800,1.368685
558.5000,1.459271
558.5200,1.363337
558.5400,0.943269
558.5600,0.753861
558.5800,0.796205
558.6000,0.447805
558.6200,0.244657
558.6400,0.176151
558.6600,0.117079
558.6800,0.427210
558.7000,0.810935
558.7200,0.736552
558.7400,0.608769
558.7600,0.575696
558.7800,0.966135
558.8000,1.162489
558.8200,0.817688
558.8400,0.452630
558.8600,0.253113
558.8800,0.326912
558.9000,0.560543
558.9200,0.320488
558.9400,0.296219
558.9600,0.374942
558.9800,0.301112
559.0000,0.496391
559.0200,0.314655
559.0400,0.452483
559.0600,1.149589
559.0800,1.843528
559.1000,1.934235
559.1200,2.191066
559.1400,3.292456
559.1600,3.497442
559.1800,3.514904
559.2000,3.264104
559.2200,3.595187
559.2400,3.393959
559.2600,2.941376
559.2800,3.057778
559.3000,2.921512
559.3200,2.765279
559.3400,2.514563
559.3600,3.062515
559.3800,2.372771
559.4000,1.529507
559.4200,0.863312
559.4400,0.673187
559.4600,0.484446
559.4800,0.332568
559.5000,0.222967
559.5200,0.228176
559.5400,0.358341
559.5600,0.533377
559.5800,0.400512
559.6000,0.372522
559.6200,0.477325
559.6400,0.542543
559.6600,0.460760
559.6800,0.482089
559.7000,0.796740
559.7200,0.642188
559.7400,0.400735
559.7600,0.723954
559.7800,0.671029
559.8000,0.394291
559.8200,0.683861
559.8400,1.346894
559.8600,2.085053
559.8800,2.350247
559.9000,2.523412
559.9200,2.810927
559.9400,2.262504
559.9600,1.656922
559.9800,1.472086
560.0000,1.352179
560.0200,0.877279
560.0400,0.480680
560.0600,0.682687
560.0800,1.681766
560.1000,2.379117
560.1200,2.520260
560.1400,2.858097
560.1600,3.000195
560.1800,2.954119
560.2000,3.096611
560.2200,3.025504
560.2400,2.936986
560.2600,2.925308
560.2800,2.654810
560.3000,2.088798
560.3200,1.762413
560.3400,1.909663
560.3600,2.014667
560.3800,1.417647
560.4000,1.046856
560.4200,1.025293
560.4400,1.292750
560.4600,1.286262
560.4800,1.047692
560.5000,0.697270
560.5200,0.387596
560.5400,0.279425
560.5600,0.335695
560.5800,0.298354
560.6000,0.495488
560.6200,0.711790
560.6400,0.957734
560.6600,1.028994
560.6800,1.596360
560.7000,2.368952
560.7200,2.312142
560.7400,2.000229
560.7600,1.728543
560.7800,1.066507
560.8000,0.649029
560.8200,0.459775
560.8400,0.767570
560.8600,1.416393
560.8800,1.098368
560.9000,1.230023
560.9200,1.435158
560.9400,2.109605
560.9600,2.421217
560.9800,3.410137
561.0000,3.600000
561.0200,3.600000
561.0400,3.598953
561.0600,2.234262
561.0800,1.203224
561.1000,0.088598
561.1200,0.046931
561.1400,0.047923
561.1600,0.077018
561.1800,0.078456
561.2000,0.143872
561.2200,0.367393
561.2400,0.300904
561.2600,0.544943
561.2800,0.388733
561.3000,0.575613
561.3200,0.699884
561.3400,0.546571
561.3600,1.020237
561.3800,1.318842
561.4000,1.616131
561.4200,1.160570
561.4400,0.816836
561.4600,0.449236
561.4800,0.269069
561.5000,0.171826
561.5200,0.578503
561.5400,1.110621
561.5600,1.120787
561.5800,1.368685
561.6000,1.459271
561.6200,1.363337
561.6400,0.943269
561.6600,0.753861
561.6800,0.796205
561.7000,0.447805
561.7200,0.244657
561.7400,0.176151
561.7600,0.117079
561.7800,0.427210
561.8000,0.810935
561.8200,0.736552
561.8400,0.608769
561.8600,0.575696
561.8800,0.966135
561.9000,1.162489
561.9200,0.817688
561.9400,0.452630
561.9600,0.253113
561.9800,0.326912
562.0000,0.560543
562.0200,0.320488
562.0400,0.296219
562.0600,0.374942
562.0800,0.301112
562.1000,0.496391
562.1200,0.314655
562.1400,0.452483
562.1600,1.149589
562.1800,1.843528
562.2000,1.934235
562.2200,2.191066
562.2400,3.292456
562.2600,3.497442
562.2800,3.514904
562.3000,3.264104
562.3200,3.595187
562.3400,3.393959
562.3600,2.941376
562.3800,3.057778
562.4000,2.921512
562.4200,2.765279
562.4400,2.514563
562.4600,3.062515
562.4800,2.372771
562.5000,1.529507
562.5200,0.863312
562.5400,0.673187
562.5600,0.484446
562.5800,0.332568
562.6000,0.222967
562.6200,0.228176
562.6400,0.358341
562.6600,0.533377
562.6800,0.400512
562.7000,0.372522
562.7200,0.477325
562.7400,0.542543
562.7600,0.460760
562.7800,0.482089
562.8000,0.796740
562.8200,0.642188
562.8400,0.400735
562.8600,0.723954
562.8800,0.671029
562.9000,0.394291
562.9200,0.683861
562.9400,1.346894
562.9600,2.085053
562.9800,2.350247
563.0000,2.523412
563.0200,2.810927
563.0400,2.262504
563.0600,1.656922
563.0800,1.472086
563.1000,1.352179
563.1200,0.877279
563.1400,0.480680
563.1600,0.682687
563.1800,1.681766
563.2000,2.379117
563.2200,2.520260
563.2400,2.858097
563.2600,3.000195
563.2800,2.954119
563.3000,3.096611
563.3200,3.025504
563.3400,2.936986
563.3600,2.925308
563.3800,2.654810
563.4000,2.088798
563.4200,1.762413
563.4400,1.909663
563.4600,2.014667
563.4800,1.417647
563.5000,1.046856
563.5200,1.025293
563.5400,1.292750
563.5600,1.286262
563.5800,1.047692
563.6000,0.697270
563.6200,0.387596
563.6400,0.279425
563.6600,0.335695
563.6800,0.298354
563.7000,0.495488
563.7200,0.711790
563.7400,0.957734
563.7600,1.028994
563.7800,1.596360
563.8000,2.368952
563.8200,2.312142
563.8400,2.000229
563.8600,1.728543
563.8800,1.066507
563.9000,0.649029
563.9200,0.459775
563.9400,0.767570
563.9600,1.416393
563.9800,1.098368
564.0000,1.230023
564.0200,1.435158
564.0400,2.109605
564.0600,2.421217
564.0800,3.410137
564.1000,3.600000
564.1200,3.600000
564.1400,3.598953
564.1600,2.234262
564.1800,1.203224
564.2000,0.088598
564.2200,0.046931
564.2400,0.047923
564.2600,0.077018
564.2800,0.078456
564.3000,0.143872
564.3200,0.367393
564.3400,0.300904
564.3600,0.544943
564.3800,0.388733
564.4000,0.575613
564.4200,0.699884
564.4400,0.546571
564.4600,1.020237
564.4800,1.318842
564.5000,1.616131
564.5200,1.160570
564.5400,0.816836
564.5600,0.449236
564.5800,0.269069
564.6000,0.171826
564.6200,0.578503
564.6400,1.110621
564.6600,1.120787
564.6800,1.368685
564.7000,1.459271
564.7200,1.363337
564.7400,0.943269
564.7600,0.753861
564.7800,0.796205
564.8000,0.447805
564.8200,0.244657
564.8400,0.176151
564.8600,0.117079
564.8800,0.427210
564.9000,0.810935
564.9200,0.736552
564.9400,0.608769
564.9600,0.575696
564.9800,0.966135
565.0000,1.162489
565.0200,0.817688
565.0400,0.452630
565.0600,0.253113
565.0800,0.326912
565.1000,0.560543
565.1200,0.320488
565.1400,0.296219
565.1600,0.374942
565.1800,0.301112
565.2000,0.496391
565.2200,0.314655
565.2400,0.452483
565.2600,1.149589
565.2800,1.843528
565.3000,1.934235
565.3200,2.191066
565.3400,3.292456
565.3600,3.497442
565.3800,3.514904
565.4000,3.264104
565.4200,3.595187
565.4400,3.393959
565.4600,2.941376
565.4800,3.057778
565.5000,2.921512
565.5200,2.765279
565.5400,2.514563
565.5600,3.062515
565.5800,2.372771
565.6000,1.529507
565.6200,0.863312
565.6400,0.673187
565.6600,0.484446
565.6800,0.332568
565.7000,0.222967
565.7200,0.228176
565.7400,0.358341
565.7600,0.533377
565.7800,0.400512
565.8000,0.372522
565.8200,0.477325
565.8400,0.542543
565.8600,0.460760
565.8800,0.482089
565.9000,0.796740
565.9200,0.642188
565.9400,0.400735
565.9600,0.723954
565.9800,0.671029
566.0000,0.394291
566.0200,0.683861
566.0400,1.346894
566.0600,2.085053
566.0800,2.350247
566.1000,2.523412
566.1200,2.810927
566.1400,2.262504
566.1600,1.656922
566.1800,1.472086
566.2000,1.352179
566.2200,0.877279
566.2400,0.480680
566.2600,0.682687
566.2800,1.681766
566.3000,2.379117
566.3200,2.520260
566.3400,2.858097
566.3600,3.000195
566.3800,2.954119
566.4000,3.096611
566.4200,3.025504
566.4400,2.936986
566.4600,2.925308
566.4800,2.654810
566.5000,2.088798
566.5200,1.762413
566.5400,1.909663
566.5600,2.014667
566.5800,1.417647
566.6000,1.046856
566.6200,1.025293
566.6400,1.292750
566.6600,1.286262
566.6800,1.047692
566.7000,0.697270
566.7200,0.387596
566.7400,0.279425
566.7600,0.335695
566.7800,0.298354
566.8000,0.495488
566.8200,0.711790
566.8400,0.957734
566.8600,1.028994
566.8800,1.596360
566.9000,2.368952
566.9200,2.312142
566.9400,2.000229
566.9600,1.728543
566.9800,1.066507
567.0000,0.649029
567.0200,0.459775
567.0400,0.767570
567.0600,1.416393
567.0800,1.098368
567.1000,1.230023
567.1200,1.435158
567.1400,2.109605
567.1600,2.421217
567.1800,3.410137
567.2000,3.600000
567.2200,3.600000
567.2400,3.598953
567.2600,2.234262
567.2800,1.203224
567.3000,0.088598
567.3200,0.046931
567.3400,0.047923
567.3600,0.077018
567.3800,0.078456
567.4000,0.143872
567.4200,0.367393
567.4400,0.300904
567.4600,0.544943
567.4800,0.388733
567.5000,0.575613
567.5200,0.699884
567.5400,0.546571
567.5600,1.020237
567.5800,1.318842
567.6000,1.616131
567.6200,1.160570
567.6400,0.816836
567.6600,0.449236
567.6800,0.269069
567.7000,0.171826
567.7200,0.578503
567.7400,1.110621
567.7600,1.120787
567.7800,1.368685
567.8000,1.459271
567.8200,1.363337
567.8400,0.943269
567.8600,0.753861
567.8800,0.796205
567.9000,0.447805
567.9200,0.244657
567.9400,0.176151
567.9600,0.117079
567.9800,0.427210
568.0000,0.810935
568.0200,0.736552
568.0400,0.608769
568.0600,0.575696
568.0800,0.966135
568.1000,1.162489
568.1200,0.817688
568.1400,0.452630
568.1600,0.253113
568.1800,0.326912
568.2000,0.560543
568.2200,0.320488
568.2400,0.296219
568.2600,0.374942
568.2800,0.301112
568.3000,0.496391
568.3200,0.314655
568.3400,0.452483
568.3600,1.149589
568.3800,1.843528
568.4000,1.934235
568.4200,2.191066
568.4400,3.292456
568.4600,3.497442
568.4800,3.514904
568.5000,3.264104
568.5200,3.595187
568.5400,3.393959
568.5600,2.941376
568.5800,3.057778
568.6000,2.921512
568.6200,2.765279
568.6400,2.514563
568.6600,3.062515
568.6800,2.372771
568.7000,1.529507
568.7200,0.863312
568.7400,0.673187
568.7600,0.484446
568.7800,0.332568
568.8000,0.222967
568.8200,0.228176
568.8400,0.358341
568.8600,0.533377
568.8800,0.400512
568.9000,0.372522
568.9200,0.477325
568.9400,0.542543
568.9600,0.460760
568.9800,0.482089
569.0000,0.796740
569.0200,0.642188
569.0400,0.400735
569.0600,0.723954
569.0800,0.671029
569.1000,0.394291
569.1200,0.683861
569.1400,1.346894
569.1600,2.085053
569.1800,2.350247
569.2000,2.523412
569.2200,2.810927
569.2400,2.262504
569.2600,1.656922
569.2800,1.472086
569.3000,1.352179
569.3200,0.877279
569.3400,0.480680
569.3600,0.682687
569.3800,1.681766
569.4000,2.379117
569.4200,2.520260
569.4400,2.858097
569.4600,3.000195
569.4800,2.954119
569.5000,3.096611
569.5200,3.025504
569.5400,2.936986
569.5600,2.925308
569.5800,2.654810
569.6000,2.088798
569.6200,1.762413
569.6400,1.909663
569.6600,2.014667
569.6800,1.417647
569.7000,1.046856
569.7200,1.025293
569.7400,1.292750
569.7600,1.286262
569.7800,1.047692
569.8000,0.697270
569.8200,0.387596
569.8400,0.279425
569.8600,0.335695
569.8800,0.298354
569.9000,0.495488
569.9200,0.711790
569.9400,0.957734
569.9600,1.028994
569.9800,1.596360
570.0000,2.368952
570.0200,2.312142
570.0400,2.000229
570.0600,1.728543
570.0800,1.066507
570.1000,0.649029
570.1200,0.459775
570.1400,0.767570
570.1600,1.416393
570.1800,1.098368
570.2000,1.230023
570.2200,1.435158
570.2400,2.109605
570.2600,2.421217
570.2800,3.410137
570.3000,3.600000
570.3200,3.600000
570.3400,3.598953
570.3600,2.234262
570.3800,1.203224
570.4000,0.088598
570.4200,0.046931
570.4400,0.047923
570.4600,0.077018
570.4800,0.078456
570.5000,0.143872
570.5200,0.367393
570.5400,0.300904
570.5600,0.544943
570.5800,0.388733
570.6000,0.575613
570.6200,0.699884
570.6400,0.546571
570.6600,1.020237
570.6800,1.318842
570.7000,1.616131
570.7200,1.160570
570.7400,0.816836
570.7600,0.449236
570.7800,0.269069
570.8000,0.171826
570.8200,0.578503
570.8400,1.110621
570.8600,1.120787
570.8800,1.368685
570.9000,1.459271
570.9200,1.363337
570.9400,0.943269
570.9600,0.753861
570.9800,0.796205
571.0000,0.447805
571.0200,0.244657
571.0400,0.176151
571.0600,0.117079
571.0800,0.427210
571.1000,0.810935
571.1200,0.736552
571.1400,0.608769
571.1600,0.575696
571.1800,0.966135
571.2000,1.162489
571.2200,0.817688
571.2400,0.452630
571.2600,0.253113
571.2800,0.326912
571.3000,0.560543
571.3200,0.320488
571.3400,0.296219
571.3600,0.374942
571.3800,0.301112
571.4000,0.496391
571.4200,0.314655
571.4400,0.452483
571.4600,1.149589
571.4800,1.843528
571.5000,1.934235
571.5200,2.191066
571.5400,3.292456
571.5600,3.497442
571.5800,3.514904
571.6000,3.264104
571.6200,3.595187
571.6400,3.393959
571.6600,2.941376
571.6800,3.057778
571.7000,2.921512
571.7200,2.765279
571.7400,2.514563
571.7600,3.062515
571.7800,2.372771
571.8000,1.529507
571.8200,0.863312
571.8400,0.673187
571.8600,0.484446
571.8800,0.332568
571.9000,0.222967
571.9200,0.228176
571.9400,0.358341
571.9600,0.533377
571.9800,0.400512
572.0000,0.372522
572.0200,0.477325
572.0400,0.542543
572.0600,0.460760
572.0800,0.482089
572.1000,0.796740
572.1200,0.642188
572.1400,0.400735
572.1600,0.723954
572.1800,0.671029
572.2000,0.394291
572.2200,0.683861
572.2400,1.346894
572.2600,2.085053
572.2800,2.350247
572.3000,2.523412
572.3200,2.810927
572.3400,2.262504
572.3600,1.656922
572.3800,1.472086
572.4000,1.352179
572.4200,0.877279
572.4400,0.480680
572.4600,0.682687
572.4800,1.681766
572.5000,2.379117
572.5200,2.520260
572.5400,2.858097
572.5600,3.000195
572.5800,2.954119
572.6000,3.096611
572.6200,3.025504
572.6400,2.936986
572.6600,2.925308
572.6800,2.654810
572.7000,2.088798
572.7200,1.762413
572.7400,1.909663
572.7600,2.014667
572.7800,1.417647
572.8000,1.046856
572.8200,1.025293
572.8400,1.292750
572.8600,1.286262
572.8800,1.047692
572.9000,0.697270
572.9200,0.387596
572.9400,0.279425
572.9600,0.335695
572.9800,0.298354
573.0000,0.495488
573.0200,0.711790
573.0400,0.957734
573.0600,1.028994
573.0800,1.596360
573.1000,2.368952
573.1200,2.312142
573.1400,2.000229
573.1600,1.728543
573.1800,1.066507
573.2000,0.649029
573.2200,0.459775
573.2400,0.767570
573.2600,1.416393
573.2800,1.098368
573.3000,1.230023
573.3200,1.435158
573.3400,2.109605
573.3600,2.421217
573.3800,3.410137
573.4000,3.600000
573.4200,3.600000
573.4400,3.598953
573.4600,2.234262
573.4800,1.203224
573.5000,0.088598
573.5200,0.046931
573.5400,0.047923
573.5600,0.077018
573.5800,0.078456
573.6000,0.143872
573.6200,0.367393
573.6400,0.300904
573.6600,0.544943
573.6800,0.388733
573.7000,0.575613
573.7200,0.699884
573.7400,0.546571
573.7600,1.020237
573.7800,1.318842
573.8000,1.616131
573.8200,1.160570
573.8400,0.816836
573.8600,0.449236
573.8800,0.269069
573.9000,0.171826
573.9200,0.578503
573.9400,1.110621
573.9600,1.120787
573.9800,1.368685
574.0000,1.459271
574.0200,1.363337
574.0400,0.943269
574.0600,0.753861
574.0800,0.796205
574.1000,0.447805
574.1200,0.244657
574.1400,0.176151
574.1600,0.117079
574.1800,0.427210
574.2000,0.810935
574.2200,0.736552
574.2400,0.608769
574.2600,0.575696
574.2800,0.966135
574.3000,1.162489
574.3200,0.817688
574.3400,0.452630
574.3600,0.253113
574.3800,0.326912
574.4000,0.560543
574.4200,0.320488
574.4400,0.296219
574.4600,0.374942
574.4800,0.301112
574.5000,0.496391
574.5200,0.314655
574.5400,0.452483
574.5600,1.149589
574.5800,1.843528
574.6000,1.934235
574.6200,2.191066
574.6400,3.292456
574.6600,3.497442
574.6800,3.514904
574.7000,3.264104
574.7200,3.595187
574.7400,3.393959
574.7600,2.941376
574.7800,3.057778
574.8000,2.921512
574.8200,2.765279
574.8400,2.514563
574.8600,3.062515
574.8800,2.372771
574.9000,1.529507
574.9200,0.863312
574.9400,0.673187
574.9600,0.484446
574.9800,0.332568
575.0000,0.222967
575.0200,0.228176
575.0400,0.358341
575.0600,0.533377
575.0800,0.400512
575.1000,0.372522
575.1200,0.477325
575.1400,0.542543
575.1600,0.460760
575.1800,0.482089
575.2000,0.796740
575.2200,0.642188
575.2400,0.400735
575.2600,0.723954
575.2800,0.671029
575.3000,0.394291
575.3200,0.683861
575.3400,1.346894
575.3600,2.085053
575.3800,2.350247
575.4000,2.523412
575.4200,2.810927
575.4400,2.262504
575.4600,1.656922
575.4800,1.472086
575.5000,1.352179
575.5200,0.877279
575.5400,0.480680
575.5600,0.682687
575.5800,1.681766
575.6000,2.379117
575.6200,2.520260
575.6400,2.858097
575.6600,3.000195
575.6800,2.954119
575.7000,3.096611
575.7200,3.025504
575.7400,2.936986
575.7600,2.925308
575.7800,2.654810
575.8000,2.088798
575.8200,1.762413
575.8400,1.909663
575.8600,2.014667
575.8800,1.417647
575.9000,1.046856
575.9200,1.025293
575.9400,1.292750
575.9600,1.286262
575.9800,1.047692
576.0000,0.697270
576.0200,0.387596
576.0400,0.279425
576.0600,0.335695
576.0800,0.298354
576.1000,0.495488
576.1200,0.711790
576.1400,0.957734
576.1600,1.028994
576.1800,1.596360
576.2000,2.368952
576.2200,2.312142
576.2400,2.000229
576.2600,1.728543
576.2800,1.066507
576.3000,0.649029
576.3200,0.459775
576.3400,0.767570
576.3600,1.416393
576.3800,1.098368
576.4000,1.230023
576.4200,1.435158
576.4400,2.109605
576.4600,2.421217
576.4800,3.410137
576.5000,3.600000
576.5200,3.600000
576.5400,3.598953
576.5600,2.234262
576.5800,1.203224
576.6000,0.088598
576.6200,0.046931
576.6400,0.047923
576.6600,0.077018
576.6800,0.078456
576.7000,0.143872
576.7200,0.367393
576.7400,0.300904
576.7600,0.544943
576.7800,0.388733
576.8000,0.575613
576.8200,0.699884
576.8400,0.546571
576.8600,1.020237
576.8800,1.318842
576.9000,1.616131
576.9200,1.160570
576.9400,0.816836
576.9600,0.449236
576.9800,0.269069
577.0000,0.171826
577.0200,0.578503
577.0400,1.110621
577.0600,1.120787
577.0800,1.368685
577.1000,1.459271
577.1200,1.363337
577.1400,0.943269
577.1600,0.753861
577.1800,0.796205
577.2000,0.447805
577.2200,0.244657
577.2400,0.176151
577.2600,0.117079
577.2800,0.427210
577.3000,0.810935
577.3200,0.736552
577.3400,0.608769
577.3600,0.575696
577.3800,0.966135
577.4000,1.162489
577.4200,0.817688
577.4400,0.452630
577.4600,0.253113
577.4800,0.326912
577.5000,0.560543
577.5200,0.320488
577.5400,0.296219
577.5600,0.374942
577.5800,0.301112
577.6000,0.496391
577.6200,0.314655
577.6400,0.452483
577.6600,1.149589
577.6800,1.843528
577.7000,1.934235
577.7200,2.191066
577.7400,3.292456
577.7600,3.497442
577.7800,3.514904
577.8000,3.264104
577.8200,3.595187
577.8400,3.393959
577.8600,2.941376
577.8800,3.057778
577.9000,2.921512
577.9200,2.765279
577.9400,2.514563
577.9600,3.062515
577.9800,2.372771
578.0000,1.529507
578.0200,0.863312
578.0400,0.673187
578.0600,0.484446
578.0800,0.332568
578.1000,0.222967
578.1200,0.228176
578.1400,0.358341
578.1600,0.533377
578.1800,0.400512
578.2000,0.372522
578.2200,0.477325
578.2400,0.542543
578.2600,0.460760
578.2800,0.482089
578.3000,0.796740
578.3200,0.642188
578.3400,0.400735
578.3600,0.723954
578.3800,0.671029
578.4000,0.394291
578.4200,0.683861
578.4400,1.346894
578.4600,2.085053
578.4800,2.350247
578.5000,2.523412
578.5200,2.810927
578.5400,2.262504
578.5600,1.656922
578.5800,1.472086
578.6000,1.352179
578.6200,0.877279
578.6400,0.480680
578.6600,0.682687
578.6800,1.681766
578.7000,2.379117
578.7200,2.520260
578.7400,2.858097
578.7600,3.000195
578.7800,2.954119
578.8000,3.096611
578.8200,3.025504
578.8400,2.936986
578.8600,2.925308
578.8800,2.654810
578.9000,2.088798
578.9200,1.762413
578.9400,1.909663
578.9600,2.014667
578.9800,1.417647
579.0000,1.046856
579.0200,1.025293
579.0400,1.292750
579.0600,1.286262
579.0800,1.047692
579.1000,0.697270
579.1200,0.387596
579.1400,0.279425
579.1600,0.335695
579.1800,0.298354
579.2000,0.495488
579.2200,0.711790
579.2400,0.957734
579.2600,1.028994
579.2800,1.596360
579.3000,2.368952
579.3200,2.312142
579.3400,2.000229
579.3600,1.728543
579.3800,1.066507
579.4000,0.649029
579.4200,0.459775
579.4400,0.767570
579.4600,1.416393
579.4800,1.098368
579.5000,1.230023
579.5200,1.435158
579.5400,2.109605
579.5600,2.421217
579.5800,3.410137
579.6000,3.600000
579.6200,3.600000
579.6400,3.598953
579.6600,2.234262
579.6800,1.203224
579.7000,0.088598
579.7200,0.046931
579.7400,0.047923
579.7600,0.077018
579.7800,0.078456
579.8000,0.143872
579.8200,0.367393
579.8400,0.300904
579.8600,0.544943
579.8800,0.388733
579.9000,0.575613
579.9200,0.699884
579.9400,0.546571
579.9600,1.020237
579.9800,1.318842
580.0000,1.616131
580.0200,1.160570
580.0400,0.816836
580.0600,0.449236
580.0800,0.269069
580.1000,0.171826
580.1200,0.578503
580.1400,1.110621
580.1600,1.120787
580.1800,1.368685
580.2000,1.459271
580.2200,1.363337
580.2400,0.943269
580.2600,0.753861
580.2800,0.796205
580.3000,0.447805
580.3200,0.244657
580.3400,0.176151
580.3600,0.117079
580.3800,0.427210
580.4000,0.810935
580.4200,0.736552
580.4400,0.608769
580.4600,0.575696
580.4800,0.966135
580.5000,1.162489
580.5200,0.817688
580.5400,0.452630
580.5600,0.253113
580.5800,0.326912
580.6000,0.560543
580.6200,0.320488
580.6400,0.296219
580.6600,0.374942
580.6800,0.301112
580.7000,0.496391
580.7200,0.314655
580.7400,0.452483
580.7600,1.149589
580.7800,1.843528
580.8000,1.934235
580.8200,2.191066
580.8400,3.292456
580.8600,3.497442
580.8800,3.514904
580.9000,3.264104
580.9200,3.595187
580.9400,3.393959
580.9600,2.941376
580.9800,3.057778
581.0000,2.921512
581.0200,2.765279
581.0400,2.514563
581.0600,3.062515
581.0800,2.372771
581.1000,1.529507
581.1200,0.863312
581.1400,0.673187
581.1600,0.484446
581.1800,0.332568
581.2000,0.222967
581.2200,0.228176
581.2400,0.358341
581.2600,0.533377
581.2800,0.400512
581.3000,0.372522
581.3200,0.477325
581.3400,0.542543
581.3600,0.460760
581.3800,0.482089
581.4000,0.796740
581.4200,0.642188
581.4400,0.400735
581.4600,0.723954
581.4800,0.671029
581.5000,0.394291
581.5200,0.683861
581.5400,1.346894
581.5600,2.085053
581.5800,2.350247
581.6000,2.523412
581.6200,2.810927
581.6400,2.262504
581.6600,1.656922
581.6800,1.472086
581.7000,1.352179
581.7200,0.877279
581.7400,0.480680
581.7600,0.682687
581.7800,1.681766
581.8000,2.379117
581.8200,2.520260
581.8400,2.858097
581.8600,3.000195
581.8800,2.954119
581.9000,3.096611
581.9200,3.025504
581.9400,2.936986
581.9600,2.925308
581.9800,2.654810
582.0000,2.088798
582.0200,1.762413
582.0400,1.909663
582.0600,2.014667
582.0800,1.417647
582.1000,1.046856
582.1200,1.025293
582.1400,1.292750
582.1600,1.286262
582.1800,1.047692
582.2000,0.697270
582.2200,0.387596
582.2400,0.279425
582.2600,0.335695
582.2800,0.298354
582.3000,0.495488
582.3200,0.711790
582.3400,0.957734
582.3600,1.028994
582.3800,1.596360
582.4000,2.368952
582.4200,2.312142
582.4400,2.000229
582.4600,1.728543
582.4800,1.066507
582.5000,0.649029
582.5200,0.459775
582.5400,0.767570
582.5600,1.416393
582.5800,1.098368
582.6000,1.230023
582.6200,1.435158
582.6400,2.109605
582.6600,2.421217
582.6800,3.410137
582.7000,3.600000
582.7200,3.600000
582.7400,3.598953
582.7600,2.234262
582.7800,1.203224
582.8000,0.088598
582.8200,0.046931
582.8400,0.047923
582.8600,0.077018
582.8800,0.078456
582.9000,0.143872
582.9200,0.367393
582.9400,0.300904
582.9600,0.544943
582.9800,0.388733
583.0000,0.575613
583.0200,0.699884
583.0400,0.546571
583.0600,1.020237
583.0800,1.318842
583.1000,1.616131
583.1200,1.160570
583.1400,0.816836
583.1600,0.449236
583.1800,0.269069
583.2000,0.171826
583.2200,0.578503
583.2400,1.110621
583.2600,1.120787
583.2800,1.368685
583.3000,1.459271
583.3200,1.363337
583.3400,0.943269
583.3600,0.753861
583.3800,0.796205
583.4000,0.447805
583.4200,0.244657
583.4400,0.176151
583.4600,0.117079
583.4800,0.427210
583.5000,0.810935
583.5200,0.736552
583.5400,0.608769
583.5600,0.575696
583.5800,0.966135
583.6000,1.162489
583.6200,0.817688
583.6400,0.452630
583.6600,0.253113
583.6800,0.326912
583.7000,0.560543
583.7200,0.320488
583.7400,0.296219
583.7600,0.374942
583.7800,0.301112
583.8000,0.496391
583.8200,0.314655
583.8400,0.452483
583.8600,1.149589
583.8800,1.843528
583.9000,1.934235
583.9200,2.191066
583.9400,3.292456
583.9600,3.497442
583.9800,3.514904
584.0000,3.264104
584.0200,3.595187
584.0400,3.393959
584.0600,2.941376
584.0800,3.057778
584.1000,2.921512
584.1200,2.765279
584.1400,2.514563
584.1600,3.062515
584.1800,2.372771
584.2000,1.529507
584.2200,0.863312
584.2400,0.673187
584.2600,0.484446
584.2800,0.332568
584.3000,0.222967
584.3200,0.228176
584.3400,0.358341
584.3600,0.533377
584.3800,0.400512
584.4000,0.372522
584.4200,0.477325
584.4400,0.542543
584.4600,0.460760
584.4800,0.482089
584.5000,0.796740
584.5200,0.642188
584.5400,0.400735
584.5600,0.723954
584.5800,0.671029
584.6000,0.394291
584.6200,0.683861
584.6400,1.346894
584.6600,2.085053
584.6800,2.350247
584.7000,2.523412
584.7200,2.810927
584.7400,2.262504
584.7600,1.656922
584.7800,1.472086
584.8000,1.352179
584.8200,0.877279
584.8400,0.480680
584.8600,0.682687
584.8800,1.681766
584.9000,2.379117
584.9200,2.520260
584.9400,2.858097
584.9600,3.000195
584.9800,2.954119
585.0000,3.096611
585.0200,3.025504
585.0400,2.936986
585.0600,2.925308
585.0800,2.654810
585.1000,2.088798
585.1200,1.762413
585.1400,1.909663
585.1600,2.014667
585.1800,1.417647
585.2000,1.046856
585.2200,1.025293
585.2400,1.292750
585.2600,1.286262
585.2800,1.047692
585.3000,0.697270
585.3200,0.387596
585.3400,0.279425
585.3600,0.335695
585.3800,0.298354
585.4000,0.495488
585.4200,0.711790
585.4400,0.957734
585.4600,1.028994
585.4800,1.596360
585.5000,2.368952
585.5200,2.312142
585.5400,2.000229
585.5600,1.728543
585.5800,1.066507
585.6000,0.649029
585.6200,0.459775
585.6400,0.767570
585.6600,1.416393
585.6800,1.098368
585.7000,1.230023
585.7200,1.435158
585.7400,2.109605
585.7600,2.421217
585.7800,3.410137
585.8000,3.600000
585.8200,3.600000
585.8400,3.598953
585.8600,2.234262
585.8800,1.203224
585.9000,0.088598
585.9200,0.046931
585.9400,0.047923
585.9600,0.077018
585.9800,0.078456
586.0000,0.143872
586.0200,0.367393
586.0400,0.300904
586.0600,0.544943
586.0800,0.388733
586.1000,0.575613
586.1200,0.699884
586.1400,0.546571
586.1600,1.020237
586.1800,1.318842
586.2000,1.616131
586.2200,1.160570
586.2400,0.816836
586.2600,0.449236
586.2800,0.269069
586.3000,0.171826
586.3200,0.578503
586.3400,1.110621
586.3600,1.120787
586.3800,1.368685
586.4000,1.459271
586.4200,1.363337
586.4400,0.943269
586.4600,0.753861
586.4800,0.796205
586.5000,0.447805
586.5200,0.244657
586.5400,0.176151
586.5600,0.117079
586.5800,0.427210
586.6000,0.810935
586.6200,0.736552
586.6400,0.608769
586.6600,0.575696
586.6800,0.966135
586.7000,1.162489
586.7200,0.817688
586.7400,0.452630
586.7600,0.253113
586.7800,0.326912
586.8000,0.560543
586.8200,0.320488
586.8400,0.296219
586.8600,0.374942
586.8800,0.301112
586.9000,0.496391
586.9200,0.314655
586.9400,0.452483
586.9600,1.149589
586.9800,1.843528
587.0000,1.934235
587.0200,2.191066
587.0400,3.292456
587.0600,3.497442
587.0800,3.514904
587.1000,3.264104
587.1200,3.595187
587.1400,3.393959
587.1600,2.941376
587.1800,3.057778
587.2000,2.921512
587.2200,2.765279
587.2400,2.514563
587.2600,3.062515
587.2800,2.372771
587.3000,1.529507
587.3200,0.863312
587.3400,0.673187
587.3600,0.484446
587.3800,0.332568
587.4000,0.222967
587.4200,0.228176
587.4400,0.358341
587.4600,0.533377
587.4800,0.400512
587.5000,0.372522
587.5200,0.477325
587.5400,0.542543
587.5600,0.460760
587.5800,0.482089
587.6000,0.796740
587.6200,0.642188
587.6400,0.400735
587.6600,0.723954
587.6800,0.671029
587.7000,0.394291
587.7200,0.683861
587.7400,1.346894
587.7600,2.085053
587.7800,2.350247
587.8000,2.523412
587.8200,2.810927
587.8400,2.262504
587.8600,1.656922
587.8800,1.472086
587.9000,1.352179
587.9200,0.877279
587.9400,0.480680
587.9600,0.682687
587.9800,1.681766
588.0000,2.379117
588.0200,2.520260
588.0400,2.858097
588.0600,3.000195
588.0800,2.954119
588.1000,3.096611
588.1200,3.025504
588.1400,2.936986
588.1600,2.925308
588.1800,2.654810
588.2000,2.088798
588.2200,1.762413
588.2400,1.909663
588.2600,2.014667
588.2800,1.417647
588.3000,1.046856
588.3200,1.025293
588.3400,1.292750
588.3600,1.286262
588.3800,1.047692
588.4000,0.697270
588.4200,0.387596
588.4400,0.279425
588.4600,0.335695
588.4800,0.298354
588.5000,0.495488
588.5200,0.711790
588.5400,0.957734
588.5600,1.028994
588.5800,1.596360
588.6000,2.368952
588.6200,2.312142
588.6400,2.000229
588.6600,1.728543
588.6800,1.066507
588.7000,0.649029
588.7200,0.459775
588.7400,0.767570
588.7600,1.416393
588.7800,1.098368
588.8000,1.230023
588.8200,1.435158
588.8400,2.109605
588.8600,2.421217
588.8800,3.410137
588.9000,3.600000
588.9200,3.600000
588.9400,3.598953
588.9600,2.234262
588.9800,1.203224
589.0000,0.088598
589.0200,0.046931
589.0400,0.047923
589.0600,0.077018
589.0800,0.078456
589.1000,0.143872
589.1200,0.367393
589.1400,0.300904
589.1600,0.544943
589.1800,0.388733
589.2000,0.575613
589.2200,0.699884
589.2400,0.546571
589.2600,1.020237
589.2800,1.318842
589.3000,1.616131
589.3200,1.160570
589.3400,0.816836
589.3600,0.449236
589.3800,0.269069
589.4000,0.171826
589.4200,0.578503
589.4400,1.110621
589.4600,1.120787
589.4800,1.368685
589.5000,1.459271
589.5200,1.363337
589.5400,0.943269
589.5600,0.753861
589.5800,0.796205
589.6000,0.447805
589.6200,0.244657
589.6400,0.176151
589.6600,0.117079
589.6800,0.427210
589.7000,0.810935
589.7200,0.736552
589.7400,0.608769
589.7600,0.575696
589.7800,0.966135
589.8000,1.162489
589.8200,0.817688
589.8400,0.452630
589.8600,0.253113
589.8800,0.326912
589.9000,0.560543
589.9200,0.320488
589.9400,0.296219
589.9600,0.374942
589.9800,0.301112
590.0000,0.496391
590.0200,0.314655
590.0400,0.452483
590.0600,1.149589
590.0800,1.843528
590.1000,1.934235
590.1200,2.191066
590.1400,3.292456
590.1600,3.497442
590.1800,3.514904
590.2000,3.264104
590.2200,3.595187
590.2400,3.393959
590.2600,2.941376
590.2800,3.057778
590.3000,2.921512
590.3200,2.765279
590.3400,2.514563
590.3600,3.062515
590.3800,2.372771
590.4000,1.529507
590.4200,0.863312
590.4400,0.673187
590.4600,0.484446
590.4800,0.332568
590.5000,0.222967
590.5200,0.228176
590.5400,0.358341
590.5600,0.533377
590.5800,0.400512
590.6000,0.372522
590.6200,0.477325
590.6400,0.542543
590.6600,0.460760
590.6800,0.482089
590.7000,0.796740
590.7200,0.642188
590.7400,0.400735
590.7600,0.723954
590.7800,0.671029
590.8000,0.394291
590.8200,0.683861
590.8400,1.346894
590.8600,2.085053
590.8800,2.350247
590.9000,2.523412
590.9200,2.810927
590.9400,2.262504
590.9600,1.656922
590.9800,1.472086
591.0000,1.352179
591.0200,0.877279
591.0400,0.480680
591.0600,0.682687
591.0800,1.681766
591.1000,2.379117
591.1200,2.520260
591.1400,2.858097
591.1600,3.000195
591.1800,2.954119
591.2000,3.096611
591.2200,3.025504
591.2400,2.936986
591.2600,2.925308
591.2800,2.654810
591.3000,2.088798
591.3200,1.762413
591.3400,1.909663
591.3600,2.014667
591.3800,1.417647
591.4000,1.046856
591.4200,1.025293
591.4400,1.292750
591.4600,1.286262
591.4800,1.047692
591.5000,0.697270
591.5200,0.387596
591.5400,0.279425
591.5600,0.335695
591.5800,0.298354
591.6000,0.495488
591.6200,0.711790
591.6400,0.957734
591.6600,1.028994
591.6800,1.596360
591.7000,2.368952
591.7200,2.312142
591.7400,2.000229
591.7600,1.728543
591.7800,1.066507
591.8000,0.649029
591.8200,0.459775
591.8400,0.767570
591.8600,1.416393
591.8800,1.098368
591.9000,1.230023
591.9200,1.435158
591.9400,2.109605
591.9600,2.421217
591.9800,3.410137
592.0000,3.600000
592.0200,3.600000
592.0400,3.598953
592.0600,2.234262
592.0800,1.203224
592.1000,0.088598
592.1200,0.046931
592.1400,0.047923
592.1600,0.077018
592.1800,0.078456
592.2000,0.143872
592.2200,0.367393
592.2400,0.300904
592.2600,0.544943
592.2800,0.388733
592.3000,0.575613
592.3200,0.699884
592.3400,0.546571
592.3600,1.020237
592.3800,1.318842
592.4000,1.616131
592.4200,1.160570
592.4400,0.816836
592.4600,0.449236
592.4800,0.269069
592.5000,0.171826
592.5200,0.578503
592.5400,1.110621
592.5600,1.120787
592.5800,1.368685
592.6000,1.459271
592.6200,1.363337
592.6400,0.943269
592.6600,0.753861
592.6800,0.796205
592.7000,0.447805
592.7200,0.244657
592.7400,0.176151
592.7600,0.117079
592.7800,0.427210
592.8000,0.810935
592.8200,0.736552
592.8400,0.608769
592.8600,0.575696
592.8800,0.966135
592.9000,1.162489
592.9200,0.817688
592.9400,0.452630
592.9600,0.253113
592.9800,0.326912
593.0000,0.560543
593.0200,0.320488
593.0400,0.296219
593.0600,0.374942
593.0800,0.301112
593.1000,0.496391
593.1200,0.314655
593.1400,0.452483
593.1600,1.149589
593.1800,1.843528
593.2000,1.934235
593.2200,2.191066
593.2400,3.292456
593.2600,3.497442
593.2800,3.514904
593.3000,3.264104
593.3200,3.595187
593.3400,3.393959
593.3600,2.941376
593.3800,3.057778
593.4000,2.921512
593.4200,2.765279
593.4400,2.514563
593.4600,3.062515
593.4800,2.372771
593.5000,1.529507
593.5200,0.863312
593.5400,0.673187
593.5600,0.484446
593.5800,0.332568
593.6000,0.222967
593.6200,0.228176
593.6400,0.358341
593.6600,0.533377
593.6800,0.400512
593.7000,0.372522
593.7200,0.477325
593.7400,0.542543
593.7600,0.460760
593.7800,0.482089
593.8000,0.796740
593.8200,0.642188
593.8400,0.400735
593.8600,0.723954
593.8800,0.671029
593.9000,0.394291
593.9200,0.683861
593.9400,1.346894
593.9600,2.085053
593.9800,2.350247
594.0000,2.523412
594.0200,2.810927
594.0400,2.262504
594.0600,1.656922
594.0800,1.472086
594.1000,1.352179
594.1200,0.877279
594.1400,0.480680
594.1600,0.682687
594.1800,1.681766
594.2000,2.379117
594.2200,2.520260
594.2400,2.858097
594.2600,3.000195
594.2800,2.954119
594.3000,3.096611
594.3200,3.025504
594.3400,2.936986
594.3600,2.925308
594.3800,2.654810
594.4000,2.088798
594.4200,1.762413
594.4400,1.909663
594.4600,2.014667
594.4800,1.417647
594.5000,1.046856
594.5200,1.025293
594.5400,1.292750
594.5600,1.286262
594.5800,1.047692
594.6000,0.697270
594.6200,0.387596
594.6400,0.279425
594.6600,0.335695
594.6800,0.298354
594.7000,0.495488
594.7200,0.711790
594.7400,0.957734
594.7600,1.028994
594.7800,1.596360
594.8000,2.368952
594.8200,2.312142
594.8400,2.000229
594.8600,1.728543
594.8800,1.066507
594.9000,0.649029
594.9200,0.459775
594.9400,0.767570
594.9600,1.416393
594.9800,1.098368
595.0000,1.230023
595.0200,1.435158
595.0400,2.109605
595.0600,2.421217
595.0800,3.410137
595.1000,3.600000
595.1200,3.600000
595.1400,3.598953
595.1600,2.234262
595.1800,1.203224
595.2000,0.088598
595.2200,0.046931
595.2400,0.047923
595.2600,0.077018
595.2800,0.078456
595.3000,0.143872
595.3200,0.367393
595.3400,0.300904
595.3600,0.544943
595.3800,0.388733
595.4000,0.575613
595.4200,0.699884
595.4400,0.546571
595.4600,1.020237
595.4800,1.318842
595.5000,1.616131
595.5200,1.160570
595.5400,0.816836
595.5600,0.449236
595.5800,0.269069
595.6000,0.171826
595.6200,0.578503
595.6400,1.110621
595.6600,1.120787
595.6800,1.368685
595.7000,1.459271
595.7200,1.363337
595.7400,0.943269
595.7600,0.753861
595.7800,0.796205
595.8000,0.447805
595.8200,0.244657
595.8400,0.176151
595.8600,0.117079
595.8800,0.427210
595.9000,0.810935
595.9200,0.736552
595.9400,0.608769
595.9600,0.575696
595.9800,0.966135
596.0000,1.162489
596.0200,0.817688
596.0400,0.452630
596.0600,0.253113
596.0800,0.326912
596.1000,0.560543
596.1200,0.320488
596.1400,0.296219
596.1600,0.374942
596.1800,0.301112
596.2000,0.496391
596.2200,0.314655
596.2400,0.452483
596.2600,1.149589
596.2800,1.843528
596.3000,1.934235
596.3200,2.191066
596.3400,3.292456
596.3600,3.497442
596.3800,3.514904
596.4000,3.264104
596.4200,3.595187
596.4400,3.393959
596.4600,2.941376
596.4800,3.057778
596.5000,2.921512
596.5200,2.765279
596.5400,2.514563
596.5600,3.062515
596.5800,2.372771
596.6000,1.529507
596.6200,0.863312
596.6400,0.673187
596.6600,0.484446
596.6800,0.332568
596.7000,0.222967
596.7200,0.228176
596.7400,0.358341
596.7600,0.533377
596.7800,0.400512
596.8000,0.372522
596.8200,0.477325
596.8400,0.542543
596.8600,0.460760
596.8800,0.482089
596.9000,0.796740
596.9200,0.642188
596.9400,0.400735
596.9600,0.723954
596.9800,0.671029
597.0000,0.394291
597.0200,0.683861
597.0400,1.346894
597.0600,2.085053
597.0800,2.350247
597.1000,2.523412
597.1200,2.810927
597.1400,2.262504
597.1600,1.656922
597.1800,1.472086
597.2000,1.352179
597.2200,0.877279
597.2400,0.480680
597.2600,0.682687
597.2800,1.681766
597.3000,2.379117
597.3200,2.520260
597.3400,2.858097
597.3600,3.000195
597.3800,2.954119
597.4000,3.096611
597.4200,3.025504
597.4400,2.936986
597.4600,2.925308
597.4800,2.654810
597.5000,2.088798
597.5200,1.762413
597.5400,1.909663
597.5600,2.014667
597.5800,1.417647
597.6000,1.046856
597.6200,1.025293
597.6400,1.292750
597.6600,1.286262
597.6800,1.047692
597.7000,0.697270
597.7200,0.387596
597.7400,0.279425
597.7600,0.335695
597.7800,0.298354
597.8000,0.495488
597.8200,0.711790
597.8400,0.957734
597.8600,1.028994
597.8800,1.596360
597.9000,2.368952
597.9200,2.312142
597.9400,2.000229
597.9600,1.728543
597.9800,1.066507
598.0000,0.649029
598.0200,0.459775
598.0400,0.767570
598.0600,1.416393
598.0800,1.098368
598.1000,1.230023
598.1200,1.435158
598.1400,2.109605
598.1600,2.421217
598.1800,3.410137
598.2000,3.600000
598.2200,3.600000
598.2400,3.598953
598.2600,2.234262
598.2800,1.203224
598.3000,0.088598
598.3200,0.046931
598.3400,0.047923
598.3600,0.077018
598.3800,0.078456
598.4000,0.143872
598.4200,0.367393
598.4400,0.300904
598.4600,0.544943
598.4800,0.388733
598.5000,0.575613
598.5200,0.699884
598.5400,0.546571
598.5600,1.020237
598.5800,1.318842
598.6000,1.616131
598.6200,1.160570
598.6400,0.816836
598.6600,0.449236
598.6800,0.269069
598.7000,0.171826
598.7200,0.578503
598.7400,1.110621
598.7600,1.120787
598.7800,1.368685
598.8000,1.459271
598.8200,1.363337
598.8400,0.943269
598.8600,0.753861
598.8800,0.796205
598.9000,0.447805
598.9200,0.244657
598.9400,0.176151
598.9600,0.117079
598.9800,0.427210
599.0000,0.810935
599.0200,0.736552
599.0400,0.608769
599.0600,0.575696
599.0800,0.966135
599.1000,1.162489
599.1200,0.817688
599.1400,0.452630
599.1600,0.253113
599.1800,0.326912
599.2000,0.560543
599.2200,0.320488
599.2400,0.296219
599.2600,0.374942
599.2800,0.301112
599.3000,0.496391
599.3200,0.314655
599.3400,0.452483
599.3600,1.149589
599.3800,1.843528
599.4000,1.934235
599.4200,2.191066
599.4400,3.292456
599.4600,3.497442
599.4800,3.514904
599.5000,3.264104
599.5200,3.595187
599.5400,3.393959
599.5600,2.941376
599.5800,3.057778
599.6000,2.921512
599.6200,2.765279
599.6400,2.514563
599.6600,3.062515
599.6800,2.372771
599.7000,1.529507
599.7200,0.863312
599.7400,0.673187
599.7600,0.484446
599.7800,0.332568
599.8000,0.222967
599.8200,0.228176
599.8400,0.358341
599.8600,0.533377
599.8800,0.400512
599.9000,0.372522
599.9200,0.477325
599.9400,0.542543
599.9600,0.460760
599.9800,0.482089
600.0000,0.796740
600.0200,0.642188
600.0400,0.400735
600.0600,0.723954
600.0800,0.671029
600.1000,0.394291
600.1200,0.683861
600.1400,1.346894
600.1600,2.085053
600.1800,2.350247
600.2000,2.523412
600.2200,2.810927
600.2400,2.262504
600.2600,1.656922
600.2800,1.472086
600.3000,1.352179
600.3200,0.877279
600.3400,0.480680
600.3600,0.682687
600.3800,1.681766
600.4000,2.379117
600.4200,2.520260
600.4400,2.858097
600.4600,3.000195
600.4800,2.954119
600.5000,3.096611
600.5200,3.025504
600.5400,2.936986
600.5600,2.925308
600.5800,2.654810
600.6000,2.088798
600.6200,1.762413
600.6400,1.909663
600.6600,2.014667
600.6800,1.417647
600.7000,1.046856
600.7200,1.025293
600.7400,1.292750
600.7600,1.286262
600.7800,1.047692
600.8000,0.697270
600.8200,0.387596
600.8400,0.279425
600.8600,0.335695
600.8800,0.298354
600.9000,0.495488
600.9200,0.711790
600.9400,0.957734
600.9600,1.028994
600.9800,1.596360
601.0000,2.368952
601.0200,2.312142
601.0400,2.000229
601.0600,1.728543
601.0800,1.066507
601.1000,0.649029
601.1200,0.459775
601.1400,0.767570
601.1600,1.416393
601.1800,1.098368
601.2000,1.230023
601.2200,1.435158
601.2400,2.109605
601.2600,2.421217
601.2800,3.410137
601.3000,3.600000
601.3200,3.600000
601.3400,3.598953
601.3600,2.234262
601.3800,1.203224
601.4000,0.088598
601.4200,0.046931
601.4400,0.047923
601.4600,0.077018
601.4800,0.078456
601.5000,0.143872
601.5200,0.367393
601.5400,0.300904
601.5600,0.544943
601.5800,0.388733
601.6000,0.575613
601.6200,0.699884
601.6400,0.546571
601.6600,1.020237
601.6800,1.318842
601.7000,1.616131
601.7200,1.160570
601.7400,0.816836
601.7600,0.449236
601.7800,0.269069
601.8000,0.171826
601.8200,0.578503
601.8400,1.110621
601.8600,1.120787
601.8800,1.368685
601.9000,1.459271
601.9200,1.363337
601.9400,0.943269
601.9600,0.753861
601.9800,0.796205
602.0000,0.447805
602.0200,0.244657
602.0400,0.176151
602.0600,0.117079
602.0800,0.427210
602.1000,0.810935
602.1200,0.736552
602.1400,0.608769
602.1600,0.575696
602.1800,0.966135
602.2000,1.162489
602.2200,0.817688
602.2400,0.452630
602.2600,0.253113
602.2800,0.326912
602.3000,0.560543
602.3200,0.320488
602.3400,0.296219
602.3600,0.374942
602.3800,0.301112
602.4000,0.496391
602.4200,0.314655
602.4400,0.452483
602.4600,1.149589
602.4800,1.843528
602.5000,1.934235
602.5200,2.191066
602.5400,3.292456
602.5600,3.497442
602.5800,3.514904
602.6000,3.264104
602.6200,3.595187
602.6400,3.393959
602.6600,2.941376
602.6800,3.057778
602.7000,2.921512
602.7200,2.765279
602.7400,2.514563
602.7600,3.062515
602.7800,2.372771
602.8000,1.529507
602.8200,0.863312
602.8400,0.673187
602.8600,0.484446
602.8800,0.332568
602.9000,0.222967
602.9200,0.228176
602.9400,0.358341
602.9600,0.533377
602.9800,0.400512
603.0000,0.372522
603.0200,0.477325
603.0400,0.542543
603.0600,0.460760
603.0800,0.482089
603.1000,0.796740
603.1200,0.642188
603.1400,0.400735
603.1600,0.723954
603.1800,0.671029
603.2000,0.394291
603.2200,0.683861
603.2400,1.346894
603.2600,2.085053
603.2800,2.350247
603.3000,2.523412
603.3200,2.810927
603.3400,2.262504
603.3600,1.656922
603.3800,1.472086
603.4000,1.352179
603.4200,0.877279
603.4400,0.480680
603.4600,0.682687
603.4800,1.681766
603.5000,2.379117
603.5200,2.520260
603.5400,2.858097
603.5600,3.000195
603.5800,2.954119
603.6000,3.096611
603.6200,3.025504
603.6400,2.936986
603.6600,2.925308
603.6800,2.654810
603.7000,2.088798
603.7200,1.762413
603.7400,1.909663
603.7600,2.014667
603.7800,1.417647
603.8000,1.046856
603.8200,1.025293
603.8400,1.292750
603.8600,1.286262
603.8800,1.047692
603.9000,0.697270
603.9200,0.387596
603.9400,0.279425
603.9600,0.335695
603.9800,0.298354
604.0000,0.495488
604.0200,0.711790
604.0400,0.957734
604.0600,1.028994
604.0800,1.596360
604.1000,2.368952
604.1200,2.312142
604.1400,2.000229
604.1600,1.728543
604.1800,1.066507
604.2000,0.649029
604.2200,0.459775
604.2400,0.767570
604.2600,1.416393
604.2800,1.098368
604.3000,1.230023
604.3200,1.435158
604.3400,2.109605
604.3600,2.421217
604.3800,3.410137
604.4000,3.600000
604.4200,3.600000
604.4400,3.598953
604.4600,2.234262
604.4800,1.203224
604.5000,0.088598
604.5200,0.046931
604.5400,0.047923
604.5600,0.077018
604.5800,0.078456
604.6000,0.143872
604.6200,0.367393
604.6400,0.300904
604.6600,0.544943
604.6800,0.388733
604.7000,0.575613
604.7200,0.699884
604.7400,0.546571
604.7600,1.020237
604.7800,1.318842
604.8000,1.616131
604.8200,1.160570
604.8400,0.816836
604.8600,0.449236
604.8800,0.269069
604.9000,0.171826
604.9200,0.578503
604.9400,1.110621
604.9600,1.120787
604.9800,1.368685
605.0000,1.459271
605.0200,1.363337
605.0400,0.943269
605.0600,0.753861
605.0800,0.796205
605.1000,0.447805
605.1200,0.244657
605.1400,0.176151
605.1600,0.117079
605.1800,0.427210
605.2000,0.810935
605.2200,0.736552
605.2400,0.608769
605.2600,0.575696
605.2800,0.966135
605.3000,1.162489
605.3200,0.817688
605.3400,0.452630
605.3600,0.253113
605.3800,0.326912
605.4000,0.560543
605.4200,0.320488
605.4400,0.296219
605.4600,0.374942
605.4800,0.301112
605.5000,0.496391
605.5200,0.314655
605.5400,0.452483
605.5600,1.149589
605.5800,1.843528
605.6000,1.934235
605.6200,2.191066
605.6400,3.292456
605.6600,3.497442
605.6800,3.514904
605.7000,3.264104
605.7200,3.595187
605.7400,3.393959
605.7600,2.941376
605.7800,3.057778
605.8000,2.921512
605.8200,2.765279
605.8400,2.514563
605.8600,3.062515
605.8800,2.372771
605.9000,1.529507
605.9200,0.863312
605.9400,0.673187
605.9600,0.484446
605.9800,0.332568
606.0000,0.222967
606.0200,0.228176
606.0400,0.358341
606.0600,0.533377
606.0800,0.400512
606.1000,0.372522
606.1200,0.477325
606.1400,0.542543
606.1600,0.460760
606.1800,0.482089
606.2000,0.796740
606.2200,0.642188
606.2400,0.400735
606.2600,0.723954
606.2800,0.671029
606.3000,0.394291
606.3200,0.683861
606.3400,1.346894
606.3600,2.085053
606.3800,2.350247
606.4000,2.523412
606.4200,2.810927
606.4400,2.262504
606.4600,1.656922
606.4800,1.472086
606.5000,1.352179
606.5200,0.877279
606.5400,0.480680
606.5600,0.682687
606.5800,1.681766
606.6000,2.379117
606.6200,2.520260
606.6400,2.858097
606.6600,3.000195
606.6800,2.954119
606.7000,3.096611
606.7200,3.025504
606.7400,2.936986
606.7600,2.925308
606.7800,2.654810
606.8000,2.088798
606.8200,1.762413
606.8400,1.909663
606.8600,2.014667
606.8800,1.417647
606.9000,1.046856
606.9200,1.025293
606.9400,1.292750
606.9600,1.286262
606.9800,1.047692
607.0000,0.697270
607.0200,0.387596
607.0400,0.279425
607.0600,0.335695
607.0800,0.298354
607.1000,0.495488
607.1200,0.711790
607.1400,0.957734
607.1600,1.028994
607.1800,1.596360
607.2000,2.368952
607.2200,2.312142
607.2400,2.000229
607.2600,1.728543
607.2800,1.066507
607.3000,0.649029
607.3200,0.459775
607.3400,0.767570
607.3600,1.416393
607.3800,1.098368
607.4000,1.230023
607.4200,1.435158
607.4400,2.109605
607.4600,2.421217
607.4800,3.410137
607.5000,3.600000
607.5200,3.600000
607.5400,3.598953
607.5600,2.234262
607.5800,1.203224
607.6000,0.088598
607.6200,0.046931
607.6400,0.047923
607.6600,0.077018
607.6800,0.078456
607.7000,0.143872
607.7200,0.367393
607.7400,0.300904
607.7600,0.544943
607.7800,0.388733
607.8000,0.575613
607.8200,0.699884
607.8400,0.546571
607.8600,1.020237
607.8800,1.318842
607.9000,1.616131
607.9200,1.160570
607.9400,0.816836
607.9600,0.449236
607.9800,0.269069
608.0000,0.171826
608.0200,0.578503
608.0400,1.110621
608.0600,1.120787
608.0800,1.368685
608.1000,1.459271
608.1200,1.363337
608.1400,0.943269
608.1600,0.753861
608.1800,0.796205
608.2000,0.447805
608.2200,0.244657
608.2400,0.176151
608.2600,0.117079
608.2800,0.427210
608.3000,0.810935
608.3200,0.736552
608.3400,0.608769
608.3600,0.575696
608.3800,0.966135
608.4000,1.162489
608.4200,0.817688
608.4400,0.452630
608.4600,0.253113
608.4800,0.326912
608.5000,0.560543
608.5200,0.320488
608.5400,0.296219
608.5600,0.374942
608.5800,0.301112
608.6000,0.496391
608.6200,0.314655
608.6400,0.452483
608.6600,1.149589
608.6800,1.843528
608.7000,1.934235
608.7200,2.191066
608.7400,3.292456
608.7600,3.497442
608.7800,3.514904
608.8000,3.264104
608.8200,3.595187
608.8400,3.393959
608.8600,2.941376
608.8800,3.057778
608.9000,2.921512
608.9200,2.765279
608.9400,2.514563
608.9600,3.062515
608.9800,2.372771
609.0000,1.529507
609.0200,0.863312
609.0400,0.673187
609.0600,0.484446
609.0800,0.332568
609.1000,0.222967
609.1200,0.228176
609.1400,0.358341
609.1600,0.533377
609.1800,0.400512
609.2000,0.372522
609.2200,0.477325
609.2400,0.542543
609.2600,0.460760
609.2800,0.482089
609.3000,0.796740
609.3200,0.642188
609.3400,0.400735
609.3600,0.723954
609.3800,0.671029
609.4000,0.394291
609.4200,0.683861
609.4400,1.346894
609.4600,2.085053
609.4800,2.350247
609.5000,2.523412
609.5200,2.810927
609.5400,2.262504
609.5600,1.656922
609.5800,1.472086
609.6000,1.352179
609.6200,0.877279
609.6400,0.480680
609.6600,0.682687
609.6800,1.681766
609.7000,2.379117
609.7200,2.520260
609.7400,2.858097
609.7600,3.000195
609.7800,2.954119
609.8000,3.096611
609.8200,3.025504
609.8400,2.936986
609.8600,2.925308
609.8800,2.654810
609.9000,2.088798
609.9200,1.762413
609.9400,1.909663
609.9600,2.014667
609.9800,1.417647
610.0000,1.046856
610.0200,1.025293
610.0400,1.292750
610.0600,1.286262
610.0800,1.047692
610.1000,0.697270
610.1200,0.387596
610.1400,0.279425
610.1600,0.335695
610.1800,0.298354
610.2000,0.495488
610.2200,0.711790
610.2400,0.957734
610.2600,1.028994
610.2800,1.596360
610.3000,2.368952
610.3200,2.312142
610.3400,2.000229
610.3600,1.728543
610.3800,1.066507
610.4000,0.649029
610.4200,0.459775
610.4400,0.767570
610.4600,1.416393
610.4800,1.098368
610.5000,1.230023
610.5200,1.435158
610.5400,2.109605
610.5600,2.421217
610.5800,3.410137
610.6000,3.600000
610.6200,3.600000
610.6400,3.598953
610.6600,2.234262
610.6800,1.203224
610.7000,0.088598
610.7200,0.046931
610.7400,0.047923
610.7600,0.077018
610.7800,0.078456
610.8000,0.143872
610.8200,0.367393
610.8400,0.300904
610.8600,0.544943
610.8800,0.388733
610.9000,0.575613
610.9200,0.699884
610.9400,0.546571
610.9600,1.020237
610.9800,1.318842
611.0000,1.616131
611.0200,1.160570
611.0400,0.816836
611.0600,0.449236
611.0800,0.269069
611.1000,0.171826
611.1200,0.578503
611.1400,1.110621
611.1600,1.120787
611.1800,1.368685
611.2000,1.459271
611.2200,1.363337
611.2400,0.943269
611.2600,0.753861
611.2800,0.796205
611.3000,0.447805
611.3200,0.244657
611.3400,0.176151
611.3600,0.117079
611.3800,0.427210
611.4000,0.810935
611.4200,0.736552
611.4400,0.608769
611.4600,0.575696
611.4800,0.966135
611.5000,1.162489
611.5200,0.817688
611.5400,0.452630
611.5600,0.253113
611.5800,0.326912
611.6000,0.560543
611.6200,0.320488
611.6400,0.296219
611.6600,0.374942
611.6800,0.301112
611.7000,0.496391
611.7200,0.314655
611.7400,0.452483
611.7600,1.149589
611.7800,1.843528
611.8000,1.934235
611.8200,2.191066
611.8400,3.292456
611.8600,3.497442
611.8800,3.514904
611.9000,3.264104
611.9200,3.595187
611.9400,3.393959
611.9600,2.941376
611.9800,3.057778
612.0000,2.921512
612.0200,2.765279
612.0400,2.514563
612.0600,3.062515
612.0800,2.372771
612.1000,1.529507
612.1200,0.863312
612.1400,0.673187
612.1600,0.484446
612.1800,0.332568
612.2000,0.222967
612.2200,0.228176
612.2400,0.358341
612.2600,0.533377
612.2800,0.400512
612.3000,0.372522
612.3200,0.477325
612.3400,0.542543
612.3600,0.460760
612.3800,0.482089
612.4000,0.796740
612.4200,0.642188
612.4400,0.400735
612.4600,0.723954
612.4800,0.671029
612.5000,0.394291
612.5200,0.683861
612.5400,1.346894
612.5600,2.085053
612.5800,2.350247
612.6000,2.523412
612.6200,2.810927
612.6400,2.262504
612.6600,1.656922
612.6800,1.472086
612.7000,1.352179
612.7200,0.877279
612.7400,0.480680
612.7600,0.682687
612.7800,1.681766
612.8000,2.379117
612.8200,2.520260
612.8400,2.858097
612.8600,3.000195
612.8800,2.954119
612.9000,3.096611
612.9200,3.025504
612.9400,2.936986
612.9600,2.925308
612.9800,2.654810
613.0000,2.088798
613.0200,1.762413
613.0400,1.909663
613.0600,2.014667
613.0800,1.417647
613.1000,1.046856
613.1200,1.025293
613.1400,1.292750
613.1600,1.286262
613.1800,1.047692
613.2000,0.697270
613.2200,0.387596
613.2400,0.279425
613.2600,0.335695
613.2800,0.298354
613.3000,0.495488
613.3200,0.711790
613.3400,0.957734
613.3600,1.028994
613.3800,1.596360
613.4000,2.368952
613.4200,2.312142
613.4400,2.000229
613.4600,1.728543
613.4800,1.066507
613.5000,0.649029
613.5200,0.459775
613.5400,0.767570
613.5600,1.416393
613.5800,1.098368
613.6000,1.230023
613.6200,1.435158
613.6400,2.109605
613.6600,2.421217
613.6800,3.410137
613.7000,3.600000
613.7200,3.600000
613.7400,3.598953
613.7600,2.234262
613.7800,1.203224
613.8000,0.088598
613.8200,0.046931
613.8400,0.047923
613.8600,0.077018
613.8800,0.078456
613.9000,0.143872
613.9200,0.367393
613.9400,0.300904
613.9600,0.544943
613.9800,0.388733
614.0000,0.575613
614.0200,0.699884
614.0400,0.546571
614.0600,1.020237
614.0800,1.318842
614.1000,1.616131
614.1200,1.160570
614.1400,0.816836
614.1600,0.449236
614.1800,0.269069
614.2000,0.171826
614.2200,0.578503
614.2400,1.110621
614.2600,1.120787
614.2800,1.368685
614.3000,1.459271
614.3200,1.363337
614.3400,0.943269
614.3600,0.753861
614.3800,0.796205
614.4000,0.447805
614.4200,0.244657
614.4400,0.176151
614.4600,0.117079
614.4800,0.427210
614.5000,0.810935
614.5200,0.736552
614.5400,0.608769
614.5600,0.575696
614.5800,0.966135
614.6000,1.162489
614.6200,0.817688
614.6400,0.452630
614.6600,0.253113
614.6800,0.326912
614.7000,0.560543
614.7200,0.320488
614.7400,0.296219
614.7600,0.374942
614.7800,0.301112
614.8000,0.496391
614.8200,0.314655
614.8400,0.452483
614.8600,1.149589
614.8800,1.843528
614.9000,1.934235
614.9200,2.191066
614.9400,3.292456
614.9600,3.497442
614.9800,3.514904
615.0000,3.264104
615.0200,3.595187
615.0400,3.393959
615.0600,2.941376
615.0800,3.057778
615.1000,2.921512
615.1200,2.765279
615.1400,2.514563
615.1600,3.062515
615.1800,2.372771
615.2000,1.529507
615.2200,0.863312
615.2400,0.673187
615.2600,0.484446
615.2800,0.332568
615.3000,0.222967
615.3200,0.228176
615.3400,0.358341
615.3600,0.533377
615.3800,0.400512
615.4000,0.372522
615.4200,0.477325
615.4400,0.542543
615.4600,0.460760
615.4800,0.482089
615.5000,0.796740
615.5200,0.642188
615.5400,0.400735
615.5600,0.723954
615.5800,0.671029
615.6000,0.394291
615.6200,0.683861
615.6400,1.346894
615.6600,2.085053
615.6800,2.350247
615.7000,2.523412
615.7200,2.810927
615.7400,2.262504
615.7600,1.656922
615.7800,1.472086
615.8000,1.352179
615.8200,0.877279
615.8400,0.480680
615.8600,0.682687
615.8800,1.681766
615.9000,2.379117
615.9200,2.520260
615.9400,2.858097
615.9600,3.000195
615.9800,2.954119
616.0000,3.096611
616.0200,3.025504
616.0400,2.936986
616.0600,2.925308
616.0800,2.654810
616.1000,2.088798
616.1200,1.762413
616.1400,1.909663
616.1600,2.014667
616.1800,1.417647
616.2000,1.046856
616.2200,1.025293
616.2400,1.292750
616.2600,1.286262
616.2800,1.047692
616.3000,0.697270
616.3200,0.387596
616.3400,0.279425
616.3600,0.335695
616.3800,0.298354
616.4000,0.495488
616.4200,0.711790
616.4400,0.957734
616.4600,1.028994
616.4800,1.596360
616.5000,2.368952
616.5200,2.312142
616.5400,2.000229
616.5600,1.728543
616.5800,1.066507
616.6000,0.649029
616.6200,0.459775
616.6400,0.767570
616.6600,1.416393
616.6800,1.098368
616.7000,1.230023
616.7200,1.435158
616.7400,2.109605
616.7600,2.421217
616.7800,3.410137
616.8000,3.600000
616.8200,3.600000
616.8400,3.598953
616.8600,2.234262
616.8800,1.203224
616.9000,0.088598
616.9200,0.046931
616.9400,0.047923
616.9600,0.077018
616.9800,0.078456
617.0000,0.143872
617.0200,0.367393
617.0400,0.300904
617.0600,0.544943
617.0800,0.388733
617.1000,0.575613
617.1200,0.699884
617.1400,0.546571
617.1600,1.020237
617.1800,1.318842
617.2000,1.616131
617.2200,1.160570
617.2400,0.816836
617.2600,0.449236
617.2800,0.269069
617.3000,0.171826
617.3200,0.578503
617.3400,1.110621
617.3600,1.120787
617.3800,1.368685
617.4000,1.459271
617.4200,1.363337
617.4400,0.943269
617.4600,0.753861
617.4800,0.796205
617.5000,0.447805
617.5200,0.244657
617.5400,0.176151
617.5600,0.117079
617.5800,0.427210
617.6000,0.810935
617.6200,0.736552
617.6400,0.608769
617.6600,0.575696
617.6800,0.966135
617.7000,1.162489
617.7200,0.817688
617.7400,0.452630
617.7600,0.253113
617.7800,0.326912
617.8000,0.560543
617.8200,0.320488
617.8400,0.296219
617.8600,0.374942
617.8800,0.301112
617.9000,0.496391
617.9200,0.314655
617.9400,0.452483
617.9600,1.149589
617.9800,1.843528
618.0000,1.934235
618.0200,2.191066
618.0400,3.292456
618.0600,3.497442
618.0800,3.514904
618.1000,3.264104
618.1200,3.595187
618.1400,3.393959
618.1600,2.941376
618.1800,3.057778
618.2000,2.921512
618.2200,2.765279
618.2400,2.514563
618.2600,3.062515
618.2800,2.372771
618.3000,1.529507
618.3200,0.863312
618.3400,0.673187
618.3600,0.484446
618.3800,0.332568
618.4000,0.222967
618.4200,0.228176
618.4400,0.358341
618.4600,0.533377
618.4800,0.400512
618.5000,0.372522
618.5200,0.477325
618.5400,0.542543
618.5600,0.460760
618.5800,0.482089
618.6000,0.796740
618.6200,0.642188
618.6400,0.400735
618.6600,0.723954
618.6800,0.671029
618.7000,0.394291
618.7200,0.683861
618.7400,1.346894
618.7600,2.085053
618.7800,2.350247
618.8000,2.523412
618.8200,2.810927
618.8400,2.262504
618.8600,1.656922
618.8800,1.472086
618.9000,1.352179
618.9200,0.877279
618.9400,0.480680
618.9600,0.682687
618.9800,1.681766
619.0000,2.379117
619.0200,2.520260
619.0400,2.858097
619.0600,3.000195
619.0800,2.954119
619.1000,3.096611
619.1200,3.025504
619.1400,2.936986
619.1600,2.925308
619.1800,2.654810
619.2000,2.088798
619.2200,1.762413
619.2400,1.909663
619.2600,2.014667
619.2800,1.417647
619.3000,1.046856
619.3200,1.025293
619.3400,1.292750
619.3600,1.286262
619.3800,1.047692
619.4000,0.697270
619.4200,0.387596
619.4400,0.279425
619.4600,0.335695
619.4800,0.298354
619.5000,0.495488
619.5200,0.711790
619.5400,0.957734
619.5600,1.028994
619.5800,1.596360
619.6000,2.368952
619.6200,2.312142
619.6400,2.000229
619.6600,1.728543
619.6800,1.066507
619.7000,0.649029
619.7200,0.459775
619.7400,0.767570
619.7600,1.416393
619.7800,1.098368
619.8000,1.230023
619.8200,1.435158
619.8400,2.109605
619.8600,2.421217
619.8800,3.410137
619.9000,3.600000
619.9200,3.600000
619.9400,3.598953
619.9600,2.234262
619.9800,1.203224
620.0000,0.088598
620.0200,0.046931
620.0400,0.047923
620.0600,0.077018
620.0800,0.078456
620.1000,0.143872
620.1200,0.367393
620.1400,0.300904
620.1600,0.544943
620.1800,0.388733
620.2000,0.575613
620.2200,0.699884
620.2400,0.546571
620.2600,1.020237
620.2800,1.318842
620.3000,1.616131
620.3200,1.160570
620.3400,0.816836
620.3600,0.449236
620.3800,0.269069
620.4000,0.171826
620.4200,0.578503
620.4400,1.110621
620.4600,1.120787
620.4800,1.368685
620.5000,1.459271
620.5200,1.363337
620.5400,0.943269
620.5600,0.753861
620.5800,0.796205
620.6000,0.447805
620.6200,0.244657
620.6400,0.176151
620.6600,0.117079
620.6800,0.427210
620.7000,0.810935
620.7200,0.736552
620.7400,0.608769
620.7600,0.575696
620.7800,0.966135
620.8000,1.162489
620.8200,0.817688
620.8400,0.452630
620.8600,0.253113
620.8800,0.326912
620.9000,0.560543
620.9200,0.320488
620.9400,0.296219
620.9600,0.374942
620.9800,0.301112
621.0000,0.496391
621.0200,0.314655
621.0400,0.452483
621.0600,1.149589
621.0800,1.843528
621.1000,1.934235
621.1200,2.191066
621.1400,3.292456
621.1600,3.497442
621.1800,3.514904
621.2000,3.264104
621.2200,3.595187
621.2400,3.393959
621.2600,2.941376
621.2800,3.057778
621.3000,2.921512
621.3200,2.765279
621.3400,2.514563
621.3600,3.062515
621.3800,2.372771
621.4000,1.529507
621.4200,0.863312
621.4400,0.673187
621.4600,0.484446
621.4800,0.332568
621.5000,0.222967
621.5200,0.228176
621.5400,0.358341
621.5600,0.533377
621.5800,0.400512
621.6000,0.372522
621.6200,0.477325
621.6400,0.542543
621.6600,0.460760
621.6800,0.482089
621.7000,0.796740
621.7200,0.642188
621.7400,0.400735
621.7600,0.723954
621.7800,0.671029
621.8000,0.394291
621.8200,0.683861
621.8400,1.346894
621.8600,2.085053
621.8800,2.350247
621.9000,2.523412
621.9200,2.810927
621.9400,2.262504
621.9600,1.656922
621.9800,1.472086
622.0000,1.352179
622.0200,0.877279
622.0400,0.480680
622.0600,0.682687
622.0800,1.681766
622.1000,2.379117
622.1200,2.520260
622.1400,2.858097
622.1600,3.000195
622.1800,2.954119
622.2000,3.096611
622.2200,3.025504
622.2400,2.936986
622.2600,2.925308
622.2800,2.654810
622.3000,2.088798
622.3200,1.762413
622.3400,1.909663
622.3600,2.014667
622.3800,1.417647
622.4000,1.046856
622.4200,1.025293
622.4400,1.292750
622.4600,1.286262
622.4800,1.047692
622.5000,0.697270
622.5200,0.387596
622.5400,0.279425
622.5600,0.335695
622.5800,0.298354
622.6000,0.495488
622.6200,0.711790
622.6400,0.957734
622.6600,1.028994
622.6800,1.596360
622.7000,2.368952
622.7200,2.312142
622.7400,2.000229
622.7600,1.728543
622.7800,1.066507
622.8000,0.649029
622.8200,0.459775
622.8400,0.767570
622.8600,1.416393
622.8800,1.098368
622.9000,1.230023
622.9200,1.435158
622.9400,2.109605
622.9600,2.421217
622.9800,3.410137
623.0000,3.600000
623.0200,3.600000
623.0400,3.598953
623.0600,2.234262
623.0800,1.203224
623.1000,0.088598
623.1200,0.046931
623.1400,0.047923
623.1600,0.077018
623.1800,0.078456
623.2000,0.143872
623.2200,0.367393
623.2400,0.300904
623.2600,0.544943
623.2800,0.388733
623.3000,0.575613
623.3200,0.699884
623.3400,0.546571
623.3600,1.020237
623.3800,1.318842
623.4000,1.616131
623.4200,1.160570
623.4400,0.816836
623.4600,0.449236
623.4800,0.269069
623.5000,0.171826
623.5200,0.578503
623.5400,1.110621
623.5600,1.120787
623.5800,1.368685
623.6000,1.459271
623.6200,1.363337
623.6400,0.943269
623.6600,0.753861
623.6800,0.796205
623.7000,0.447805
623.7200,0.244657
623.7400,0.176151
623.7600,0.117079
623.7800,0.427210
623.8000,0.810935
623.8200,0.736552
623.8400,0.608769
623.8600,0.575696
623.8800,0.966135
623.9000,1.162489
623.9200,0.817688
623.9400,0.452630
623.9600,0.253113
623.9800,0.326912
624.0000,0.560543
624.0200,0.320488
624.0400,0.296219
624.0600,0.374942
624.0800,0.301112
624.1000,0.496391
624.1200,0.314655
624.1400,0.452483
624.1600,1.149589
624.1800,1.843528
624.2000,1.934235
624.2200,2.191066
624.2400,3.292456
624.2600,3.497442
624.2800,3.514904
624.3000,3.264104
624.3200,3.595187
624.3400,3.393959
624.3600,2.941376
624.3800,3.057778
624.4000,2.921512
624.4200,2.765279
624.4400,2.514563
624.4600,3.062515
624.4800,2.372771
624.5000,1.529507
624.5200,0.863312
624.5400,0.673187
624.5600,0.484446
624.5800,0.332568
624.6000,0.222967
624.6200,0.228176
624.6400,0.358341
624.6600,0.533377
624.6800,0.400512
624.7000,0.372522
624.7200,0.477325
624.7400,0.542543
624.7600,0.460760
624.7800,0.482089
624.8000,0.796740
624.8200,0.642188
624.8400,0.400735
624.8600,0.723954
624.8800,0.671029
624.9000,0.394291
624.9200,0.683861
624.9400,1.346894
624.9600,2.085053
624.9800,2.350247
625.0000,2.523412
625.0200,2.810927
625.0400,2.262504
625.0600,1.656922
625.0800,1.472086
625.1000,1.352179
625.1200,0.877279
625.1400,0.480680
625.1600,0.682687
625.1800,1.681766
625.2000,2.379117
625.2200,2.520260
625.2400,2.858097
625.2600,3.000195
625.2800,2.954119
625.3000,3.096611
625.3200,3.025504
625.3400,2.936986
625.3600,2.925308
625.3800,2.654810
625.4000,2.088798
625.4200,1.762413
625.4400,1.909663
625.4600,2.014667
625.4800,1.417647
625.5000,1.046856
625.5200,1.025293
625.5400,1.292750
625.5600,1.286262
625.5800,1.047692
625.6000,0.697270
625.6200,0.387596
625.6400,0.279425
625.6600,0.335695
625.6800,0.298354
625.7000,0.495488
625.7200,0.711790
625.7400,0.957734
625.7600,1.028994
625.7800,1.596360
625.8000,2.368952
625.8200,2.312142
625.8400,2.000229
625.8600,1.728543
625.8800,1.066507
625.9000,0.649029
625.9200,0.459775
625.9400,0.767570
625.9600,1.416393
625.9800,1.098368
626.0000,1.230023
626.0200,1.435158
626.0400,2.109605
626.0600,2.421217
626.0800,3.410137
626.1000,3.600000
626.1200,3.600000
626.1400,3.598953
626.1600,2.234262
626.1800,1.203224
626.2000,0.088598
626.2200,0.046931
626.2400,0.047923
626.2600,0.077018
626.2800,0.078456
626.3000,0.143872
626.3200,0.367393
626.3400,0.300904
626.3600,0.544943
626.3800,0.388733
626.4000,0.575613
626.4200,0.699884
626.4400,0.546571
626.4600,1.020237
626.4800,1.318842
626.5000,1.616131
626.5200,1.160570
626.5400,0.816836
626.5600,0.449236
626.5800,0.269069
626.6000,0.171826
626.6200,0.578503
626.6400,1.110621
626.6600,1.120787
626.6800,1.368685
626.7000,1.459271
626.7200,1.363337
626.7400,0.943269
626.7600,0.753861
626.7800,0.796205
626.8000,0.447805
626.8200,0.244657
626.8400,0.176151
626.8600,0.117079
626.8800,0.427210
626.9000,0.810935
626.9200,0.736552
626.9400,0.608769
626.9600,0.575696
626.9800,0.966135
627.0000,1.162489
627.0200,0.817688
627.0400,0.452630
627.0600,0.253113
627.0800,0.326912
627.1000,0.560543
627.1200,0.320488
627.1400,0.296219
627.1600,0.374942
627.1800,0.301112
627.2000,0.496391
627.2200,0.314655
627.2400,0.452483
627.2600,1.149589
627.2800,1.843528
627.3000,1.934235
627.3200,2.191066
627.3400,3.292456
627.3600,3.497442
627.3800,3.514904
627.4000,3.264104
627.4200,3.595187
627.4400,3.393959
627.4600,2.941376
627.4800,3.057778
627.5000,2.921512
627.5200,2.765279
627.5400,2.514563
627.5600,3.062515
627.5800,2.372771
627.6000,1.529507
627.6200,0.863312
627.6400,0.673187
627.6600,0.484446
627.6800,0.332568
627.7000,0.222967
627.7200,0.228176
627.7400,0.358341
627.7600,0.533377
627.7800,0.400512
627.8000,0.372522
627.8200,0.477325
627.8400,0.542543
627.8600,0.460760
627.8800,0.482089
627.9000,0.796740
627.9200,0.642188
627.9400,0.400735
627.9600,0.723954
627.9800,0.671029
628.0000,0.394291
628.0200,0.683861
628.0400,1.346894
628.0600,2.085053
628.0800,2.350247
628.1000,2.523412
628.1200,2.810927
628.1400,2.262504
628.1600,1.656922
628.1800,1.472086
628.2000,1.352179
628.2200,0.877279
628.2400,0.480680
628.2600,0.682687
628.2800,1.681766
628.3000,2.379117
628.3200,2.520260
628.3400,2.858097
628.3600,3.000195
628.3800,2.954119
628.4000,3.096611
628.4200,3.025504
628.4400,2.936986
628.4600,2.925308
628.4800,2.654810
628.5000,2.088798
628.5200,1.762413
628.5400,1.909663
628.5600,2.014667
628.5800,1.417647
628.6000,1.046856
628.6200,1.025293
628.6400,1.292750
628.6600,1.286262
628.6800,1.047692
628.7000,0.697270
628.7200,0.387596
628.7400,0.279425
628.7600,0.335695
628.7800,0.298354
628.8000,0.495488
628.8200,0.711790
628.8400,0.957734
628.8600,1.028994
628.8800,1.596360
628.9000,2.368952
628.9200,2.312142
628.9400,2.000229
628.9600,1.728543
628.9800,1.066507
629.0000,0.649029
629.0200,0.459775
629.0400,0.767570
629.0600,1.416393
629.0800,1.098368
629.1000,1.230023
629.1200,1.435158
629.1400,2.109605
629.1600,2.421217
629.1800,3.410137
629.2000,3.600000
629.2200,3.600000
629.2400,3.598953
629.2600,2.234262
629.2800,1.203224
629.3000,0.088598
629.3200,0.046931
629.3400,0.047923
629.3600,0.077018
629.3800,0.078456
629.4000,0.143872
629.4200,0.367393
629.4400,0.300904
629.4600,0.544943
629.4800,0.388733
629.5000,0.575613
629.5200,0.699884
629.5400,0.546571
629.5600,1.020237
629.5800,1.318842
629.6000,1.616131
629.6200,1.160570
629.6400,0.816836
629.6600,0.449236
629.6800,0.269069
629.7000,0.171826
629.7200,0.578503
629.7400,1.110621
629.7600,1.120787
629.7800,1.368685
629.8000,1.459271
629.8200,1.363337
629.8400,0.943269
629.8600,0.753861
629.8800,0.796205
629.9000,0.447805
629.9200,0.244657
629.9400,0.176151
629.9600,0.117079
629.9800,0.427210
630.0000,0.810935
630.0200,0.736552
630.0400,0.608769
630.0600,0.575696
630.0800,0.966135
630.1000,1.162489
630.1200,0.817688
630.1400,0.452630
630.1600,0.253113
630.1800,0.326912
630.2000,0.560543
630.2200,0.320488
630.2400,0.296219
630.2600,0.374942
630.2800,0.301112
630.3000,0.496391
630.3200,0.314655
630.3400,0.452483
630.3600,1.149589
630.3800,1.843528
630.4000,1.934235
630.4200,2.191066
630.4400,3.292456
630.4600,3.497442
630.4800,3.514904
630.5000,3.264104
630.5200,3.595187
630.5400,3.393959
630.5600,2.941376
630.5800,3.057778
630.6000,2.921512
630.6200,2.765279
630.6400,2.514563
630.6600,3.062515
630.6800,2.372771
630.7000,1.529507
630.7200,0.863312
630.7400,0.673187
630.7600,0.484446
630.7800,0.332568
630.8000,0.222967
630.8200,0.228176
630.8400,0.358341
630.8600,0.533377
630.8800,0.400512
630.9000,0.372522
630.9200,0.477325
630.9400,0.542543
630.9600,0.460760
630.9800,0.482089
631.0000,0.796740
631.0200,0.642188
631.0400,0.400735
631.0600,0.723954
631.0800,0.671029
631.1000,0.394291
631.1200,0.683861
631.1400,1.346894
631.1600,2.085053
631.1800,2.350247
631.2000,2.523412
631.2200,2.810927
631.2400,2.262504
631.2600,1.656922
631.2800,1.472086
631.3000,1.352179
631.3200,0.877279
631.3400,0.480680
631.3600,0.682687
631.3800,1.681766
631.4000,2.379117
631.4200,2.520260
631.4400,2.858097
631.4600,3.000195
631.4800,2.954119
631.5000,3.096611
631.5200,3.025504
631.5400,2.936986
631.5600,2.925308
631.5800,2.654810
631.6000,2.088798
631.6200,1.762413
631.6400,1.909663
631.6600,2.014667
631.6800,1.417647
631.7000,1.046856
631.7200,1.025293
631.7400,1.292750
631.7600,1.286262
631.7800,1.047692
631.8000,0.697270
631.8200,0.387596
631.8400,0.279425
631.8600,0.335695
631.8800,0.298354
631.9000,0.495488
631.9200,0.711790
631.9400,0.957734
631.9600,1.028994
631.9800,1.596360
632.0000,2.368952
632.0200,2.312142
632.0400,2.000229
632.0600,1.728543
632.0800,1.066507
632.1000,0.649029
632.1200,0.459775
632.1400,0.767570
632.1600,1.416393
632.1800,1.098368
632.2000,1.230023
632.2200,1.435158
632.2400,2.109605
632.2600,2.421217
632.2800,3.410137
632.3000,3.600000
632.3200,3.600000
632.3400,3.598953
632.3600,2.234262
632.3800,1.203224
632.4000,0.088598
632.4200,0.046931
632.4400,0.047923
632.4600,0.077018
632.4800,0.078456
632.5000,0.143872
632.5200,0.367393
632.5400,0.300904
632.5600,0.544943
632.5800,0.388733
632.6000,0.575613
632.6200,0.699884
632.6400,0.546571
632.6600,1.020237
632.6800,1.318842
632.7000,1.616131
632.7200,1.160570
632.7400,0.816836
632.7600,0.449236
632.7800,0.269069
632.8000,0.171826
632.8200,0.578503
632.8400,1.110621
632.8600,1.120787
632.8800,1.368685
632.9000,1.459271
632.9200,1.363337
632.9400,0.943269
632.9600,0.753861
632.9800,0.796205
633.0000,0.447805
633.0200,0.244657
633.0400,0.176151
633.0600,0.117079
633.0800,0.427210
633.1000,0.810935
633.1200,0.736552
633.1400,0.608769
633.1600,0.575696
633.1800,0.966135
633.2000,1.162489
633.2200,0.817688
633.2400,0.452630
633.2600,0.253113
633.2800,0.326912
633.3000,0.560543
633.3200,0.320488
633.3400,0.296219
633.3600,0.374942
633.3800,0.301112
633.4000,0.496391
633.4200,0.314655
633.4400,0.452483
633.4600,1.149589
633.4800,1.843528
633.5000,1.934235
633.5200,2.191066
633.5400,3.292456
633.5600,3.497442
633.5800,3.514904
633.6000,3.264104
633.6200,3.595187
633.6400,3.393959
633.6600,2.941376
633.6800,3.057778
633.7000,2.921512
633.7200,2.765279
633.7400,2.514563
633.7600,3.062515
633.7800,2.372771
633.8000,1.529507
633.8200,0.863312
633.8400,0.673187
633.8600,0.484446
633.8800,0.332568
633.9000,0.222967
633.9200,0.228176
633.9400,0.358341
633.9600,0.533377
633.9800,0.400512
634.0000,0.372522
634.0200,0.477325
634.0400,0.542543
634.0600,0.460760
634.0800,0.482089
634.1000,0.796740
634.1200,0.642188
634.1400,0.400735
634.1600,0.723954
634.1800,0.671029
634.2000,0.394291
634.2200,0.683861
634.2400,1.346894
634.2600,2.085053
634.2800,2.350247
634.3000,2.523412
634.3200,2.810927
634.3400,2.262504
634.3600,1.656922
634.3800,1.472086
634.4000,1.352179
634.4200,0.877279
634.4400,0.480680
634.4600,0.682687
634.4800,1.681766
634.5000,2.379117
634.5200,2.520260
634.5400,2.858097
634.5600,3.000195
634.5800,2.954119
634.6000,3.096611
634.6200,3.025504
634.6400,2.936986
634.6600,2.925308
634.6800,2.654810
634.7000,2.088798
634.7200,1.762413
634.7400,1.909663
634.7600,2.014667
634.7800,1.417647
634.8000,1.046856
634.8200,1.025293
634.8400,1.292750
634.8600,1.286262
634.8800,1.047692
634.9000,0.697270
634.9200,0.387596
634.9400,0.279425
634.9600,0.335695
634.9800,0.298354
635.0000,0.495488
635.0200,0.711790
635.0400,0.957734
635.0600,1.028994
635.0800,1.596360
635.1000,2.368952
635.1200,2.312142
635.1400,2.000229
635.1600,1.728543
635.1800,1.066507
635.2000,0.649029
635.2200,0.459775
635.2400,0.767570
635.2600,1.416393
635.2800,1.098368
635.3000,1.230023
635.3200,1.435158
635.3400,2.109605
635.3600,2.421217
635.3800,3.410137
635.4000,3.600000
635.4200,3.600000
635.4400,3.598953
635.4600,2.234262
635.4800,1.203224
635.5000,0.088598
635.5200,0.046931
635.5400,0.047923
635.5600,0.077018
635.5800,0.078456
635.6000,0.143872
635.6200,0.367393
635.6400,0.300904
635.6600,0.544943
635.6800,0.388733
635.7000,0.575613
635.7200,0.699884
635.7400,0.546571
635.7600,1.020237
635.7800,1.318842
635.8000,1.616131
635.8200,1.160570
635.8400,0.816836
635.8600,0.449236
635.8800,0.269069
635.9000,0.171826
635.9200,0.578503
635.9400,1.110621
635.9600,1.120787
635.9800,1.368685
636.0000,1.459271
636.0200,1.363337
636.0400,0.943269
636.0600,0.753861
636.0800,0.796205
636.1000,0.447805
636.1200,0.244657
636.1400,0.176151
636.1600,0.117079
636.1800,0.427210
636.2000,0.810935
636.2200,0.736552
636.2400,0.608769
636.2600,0.575696
636.2800,0.966135
636.3000,1.162489
636.3200,0.817688
636.3400,0.452630
636.3600,0.253113
636.3800,0.326912
636.4000,0.560543
636.4200,0.320488
636.4400,0.296219
636.4600,0.374942
636.4800,0.301112
636.5000,0.496391
636.5200,0.314655
636.5400,0.452483
636.5600,1.149589
636.5800,1.843528
636.6000,1.934235
636.6200,2.191066
636.6400,3.292456
636.6600,3.497442
636.6800,3.514904
636.7000,3.264104
636.7200,3.595187
636.7400,3.393959
636.7600,2.941376
636.7800,3.057778
636.8000,2.921512
636.8200,2.765279
636.8400,2.514563
636.8600,3.062515
636.8800,2.372771
636.9000,1.529507
636.9200,0.863312
636.9400,0.673187
636.9600,0.484446
636.9800,0.332568
637.0000,0.222967
637.0200,0.228176
637.0400,0.358341
637.0600,0.533377
637.0800,0.400512
637.1000,0.372522
637.1200,0.477325
637.1400,0.542543
637.1600,0.460760
637.1800,0.482089
637.2000,0.796740
637.2200,0.642188
637.2400,0.400735
637.2600,0.723954
637.2800,0.671029
637.3000,0.394291
637.3200,0.683861
637.3400,1.346894
637.3600,2.085053
637.3800,2.350247
637.4000,2.523412
637.4200,2.810927
637.4400,2.262504
637.4600,1.656922
637.4800,1.472086
637.5000,1.352179
637.5200,0.877279
637.5400,0.480680
637.5600,0.682687
637.5800,1.681766
637.6000,2.379117
637.6200,2.520260
637.6400,2.858097
637.6600,3.000195
637.6800,2.954119
637.7000,3.096611
637.7200,3.025504
637.7400,2.936986
637.7600,2.925308
637.7800,2.654810
637.8000,2.088798
637.8200,1.762413
637.8400,1.909663
637.8600,2.014667
637.8800,1.417647
637.9000,1.046856
637.9200,1.025293
637.9400,1.292750
637.9600,1.286262
637.9800,1.047692
638.0000,0.697270
638.0200,0.387596
638.0400,0.279425
638.0600,0.335695
638.0800,0.298354
638.1000,0.495488
638.1200,0.711790
638.1400,0.957734
638.1600,1.028994
638.1800,1.596360
638.2000,2.368952
638.2200,2.312142
638.2400,2.000229
638.2600,1.728543
638.2800,1.066507
638.3000,0.649029
638.3200,0.459775
638.3400,0.767570
638.3600,1.416393
638.3800,1.098368
638.4000,1.230023
638.4200,1.435158
638.4400,2.109605
638.4600,2.421217
638.4800,3.410137
638.5000,3.600000
638.5200,3.600000
638.5400,3.598953
638.5600,2.234262
638.5800,1.203224
638.6000,0.088598
638.6200,0.046931
638.6400,0.047923
638.6600,0.077018
638.6800,0.078456
638.7000,0.143872
638.7200,0.367393
638.7400,0.300904
638.7600,0.544943
638.7800,0.388733
638.8000,0.575613
638.8200,0.699884
638.8400,0.546571
638.8600,1.020237
638.8800,1.318842
638.9000,1.616131
638.9200,1.160570
638.9400,0.816836
638.9600,0.449236
638.9800,0.269069
639.0000,0.171826
639.0200,0.578503
639.0400,1.110621
639.0600,1.120787
639.0800,1.368685
639.1000,1.459271
639.1200,1.363337
639.1400,0.943269
639.1600,0.753861
639.1800,0.796205
639.2000,0.447805
639.2200,0.244657
639.2400,0.176151
639.2600,0.117079
639.2800,0.427210
639.3000,0.810935
639.3200,0.736552
639.3400,0.608769
639.3600,0.575696
639.3800,0.966135
639.4000,1.162489
639.4200,0.817688
639.4400,0.452630
639.4600,0.253113
639.4800,0.326912
639.5000,0.560543
639.5200,0.320488
639.5400,0.296219
639.5600,0.374942
639.5800,0.301112
639.6000,0.496391
639.6200,0.314655
639.6400,0.452483
639.6600,1.149589
639.6800,1.843528
639.7000,1.934235
639.7200,2.191066
639.7400,3.292456
639.7600,3.497442
639.7800,3.514904
639.8000,3.264104
639.8200,3.595187
639.8400,3.393959
639.8600,2.941376
639.8800,3.057778
639.9000,2.921512
639.9200,2.765279
639.9400,2.514563
639.9600,3.062515
639.9800,2.372771
640.0000,1.529507
640.0200,0.863312
640.0400,0.673187
640.0600,0.484446
640.0800,0.332568
640.1000,0.222967
640.1200,0.228176
640.1400,0.358341
640.1600,0.533377
640.1800,0.400512
640.2000,0.372522
640.2200,0.477325
640.2400,0.542543
640.2600,0.460760
640.2800,0.482089
640.3000,0.796740
640.3200,0.642188
640.3400,0.400735
640.3600,0.723954
640.3800,0.671029
640.4000,0.394291
640.4200,0.683861
640.4400,1.346894
640.4600,2.085053
640.4800,2.350247
640.5000,2.523412
640.5200,2.810927
640.5400,2.262504
640.5600,1.656922
640.5800,1.472086
640.6000,1.352179
640.6200,0.877279
640.6400,0.480680
640.6600,0.682687
640.6800,1.681766
640.7000,2.379117
640.7200,2.520260
640.7400,2.858097
640.7600,3.000195
640.7800,2.954119
640.8000,3.096611
640.8200,3.025504
640.8400,2.936986
640.8600,2.925308
640.8800,2.654810
640.9000,2.088798
640.9200,1.762413
640.9400,1.909663
640.9600,2.014667
640.9800,1.417647
641.0000,1.046856
641.0200,1.025293
641.0400,1.292750
641.0600,1.286262
641.0800,1.047692
641.1000,0.697270
641.1200,0.387596
641.1400,0.279425
641.1600,0.335695
641.1800,0.298354
641.2000,0.495488
641.2200,0.711790
641.2400,0.957734
641.2600,1.028994
641.2800,1.596360
641.3000,2.368952
641.3200,2.312142
641.3400,2.000229
641.3600,1.728543
641.3800,1.066507
641.4000,0.649029
641.4200,0.459775
641.4400,0.767570
641.4600,1.416393
641.4800,1.098368
641.5000,1.230023
641.5200,1.435158
641.5400,2.109605
641.5600,2.421217
641.5800,3.410137
641.6000,3.600000
641.6200,3.600000
641.6400,3.598953
641.6600,2.234262
641.6800,1.203224
641.7000,0.088598
641.7200,0.046931
641.7400,0.047923
641.7600,0.077018
641.7800,0.078456
641.8000,0.143872
641.8200,0.367393
641.8400,0.300904
641.8600,0.544943
641.8800,0.388733
641.9000,0.575613
641.9200,0.699884
641.9400,0.546571
641.9600,1.020237
641.9800,1.318842
642.0000,1.616131
642.0200,1.160570
642.0400,0.816836
642.0600,0.449236
642.0800,0.269069
642.1000,0.171826
642.1200,0.578503
642.1400,1.110621
642.1600,1.120787
642.1800,1.368685
642.2000,1.459271
642.2200,1.363337
642.2400,0.943269
642.2600,0.753861
642.2800,0.796205
642.3000,0.447805
642.3200,0.244657
642.3400,0.176151
642.3600,0.117079
642.3800,0.427210
642.4000,0.810935
642.4200,0.736552
642.4400,0.608769
642.4600,0.575696
642.4800,0.966135
642.5000,1.162489
642.5200,0.817688
642.5400,0.452630
642.5600,0.253113
642.5800,0.326912
642.6000,0.560543
642.6200,0.320488
642.6400,0.296219
642.6600,0.374942
642.6800,0.301112
642.7000,0.496391
642.7200,0.314655
642.7400,0.452483
642.7600,1.149589
642.7800,1.843528
642.8000,1.934235
642.8200,2.191066
642.8400,3.292456
642.8600,3.497442
642.8800,3.514904
642.9000,3.264104
642.9200,3.595187
642.9400,3.393959
642.9600,2.941376
642.9800,3.057778
643.0000,2.921512
643.0200,2.765279
643.0400,2.514563
643.0600,3.062515
643.0800,2.372771
643.1000,1.529507
643.1200,0.863312
643.1400,0.673187
643.1600,0.484446
643.1800,0.332568
643.2000,0.222967
643.2200,0.228176
643.2400,0.358341
643.2600,0.533377
643.2800,0.400512
643.3000,0.372522
643.3200,0.477325
643.3400,0.542543
643.3600,0.460760
643.3800,0.482089
643.4000,0.796740
643.4200,0.642188
643.4400,0.400735
643.4600,0.723954
643.4800,0.671029
643.5000,0.394291
643.5200,0.683861
643.5400,1.346894
643.5600,2.085053
643.5800,2.350247
643.6000,2.523412
643.6200,2.810927
643.6400,2.262504
643.6600,1.656922
643.6800,1.472086
643.7000,1.352179
643.7200,0.877279
643.7400,0.480680
643.7600,0.682687
643.7800,1.681766
643.8000,2.379117
643.8200,2.520260
643.8400,2.858097
643.8600,3.000195
643.8800,2.954119
643.9000,3.096611
643.9200,3.025504
643.9400,2.936986
643.9600,2.925308
643.9800,2.654810
644.0000,2.088798
644.0200,1.762413
644.0400,1.909663
644.0600,2.014667
644.0800,1.417647
644.1000,1.046856
644.1200,1.025293
644.1400,1.292750
644.1600,1.286262
644.1800,1.047692
644.2000,0.697270
644.2200,0.387596
644.2400,0.279425
644.2600,0.335695
644.2800,0.298354
644.3000,0.495488
644.3200,0.711790
644.3400,0.957734
644.3600,1.028994
644.3800,1.596360
644.4000,2.368952
644.4200,2.312142
644.4400,2.000229
644.4600,1.728543
644.4800,1.066507
644.5000,0.649029
644.5200,0.459775
644.5400,0.767570
644.5600,1.416393
644.5800,1.098368
644.6000,1.230023
644.6200,1.435158
644.6400,2.109605
644.6600,2.421217
644.6800,3.410137
644.7000,3.600000
644.7200,3.600000
644.7400,3.598953
644.7600,2.234262
644.7800,1.203224
644.8000,0.088598
644.8200,0.046931
644.8400,0.047923
644.8600,0.077018
644.8800,0.078456
644.9000,0.143872
644.9200,0.367393
644.9400,0.300904
644.9600,0.544943
644.9800,0.388733
645.0000,0.575613
645.0200,0.699884
645.0400,0.546571
645.0600,1.020237
645.0800,1.318842
645.1000,1.616131
645.1200,1.160570
645.1400,0.816836
645.1600,0.449236
645.1800,0.269069
645.2000,0.171826
645.2200,0.578503
645.2400,1.110621
645.2600,1.120787
645.2800,1.368685
645.3000,1.459271
645.3200,1.363337
645.3400,0.943269
645.3600,0.753861
645.3800,0.796205
645.4000,0.447805
645.4200,0.244657
645.4400,0.176151
645.4600,0.117079
645.4800,0.427210
645.5000,0.810935
645.5200,0.736552
645.5400,0.608769
645.5600,0.575696
645.5800,0.966135
645.6000,1.162489
645.6200,0.817688
645.6400,0.452630
645.6600,0.253113
645.6800,0.326912
645.7000,0.560543
645.7200,0.320488
645.7400,0.296219
645.7600,0.374942
645.7800,0.301112
645.8000,0.496391
645.8200,0.314655
645.8400,0.452483
645.8600,1.149589
645.8800,1.843528
645.9000,1.934235
645.9200,2.191066
645.9400,3.292456
645.9600,3.497442
645.9800,3.514904
646.0000,3.264104
646.0200,3.595187
646.0400,3.393959
646.0600,2.941376
646.0800,3.057778
646.1000,2.921512
646.1200,2.765279
646.1400,2.514563
646.1600,3.062515
646.1800,2.372771
646.2000,1.529507
646.2200,0.863312
646.2400,0.673187
646.2600,0.484446
646.2800,0.332568
646.3000,0.222967
646.3200,0.228176
646.3400,0.358341
646.3600,0.533377
646.3800,0.400512
646.4000,0.372522
646.4200,0.477325
646.4400,0.542543
646.4600,0.460760
646.4800,0.482089
646.5000,0.796740
646.5200,0.642188
646.5400,0.400735
646.5600,0.723954
646.5800,0.671029
646.6000,0.394291
646.6200,0.683861
646.6400,1.346894
646.6600,2.085053
646.6800,2.350247
646.7000,2.523412
646.7200,2.810927
646.7400,2.262504
646.7600,1.656922
646.7800,1.472086
646.8000,1.352179
646.8200,0.877279
646.8400,0.480680
646.8600,0.682687
646.8800,1.681766
646.9000,2.379117
646.9200,2.520260
646.9400,2.858097
646.9600,3.000195
646.9800,2.954119
647.0000,3.096611
647.0200,3.025504
647.0400,2.936986
647.0600,2.925308
647.0800,2.654810
647.1000,2.088798
647.1200,1.762413
647.1400,1.909663
647.1600,2.014667
647.1800,1.417647
647.2000,1.046856
647.2200,1.025293
647.2400,1.292750
647.2600,1.286262
647.2800,1.047692
647.3000,0.697270
647.3200,0.387596
647.3400,0.279425
647.3600,0.335695
647.3800,0.298354
647.4000,0.495488
647.4200,0.711790
647.4400,0.957734
647.4600,1.028994
647.4800,1.596360
647.5000,2.368952
647.5200,2.312142
647.5400,2.000229
647.5600,1.728543
647.5800,1.066507
647.6000,0.649029
647.6200,0.459775
647.6400,0.767570
647.6600,1.416393
647.6800,1.098368
647.7000,1.230023
647.7200,1.435158
647.7400,2.109605
647.7600,2.421217
647.7800,3.410137
647.8000,3.600000
647.8200,3.600000
647.8400,3.598953
647.8600,2.234262
647.8800,1.203224
647.9000,0.088598
647.9200,0.046931
647.9400,0.047923
647.9600,0.077018
647.9800,0.078456
648.0000,0.143872
648.0200,0.367393
648.0400,0.300904
648.0600,0.544943
648.0800,0.388733
648.1000,0.575613
648.1200,0.699884
648.1400,0.546571
648.1600,1.020237
648.1800,1.318842
648.2000,1.616131
648.2200,1.160570
648.2400,0.816836
648.2600,0.449236
648.2800,0.269069
648.3000,0.171826
648.3200,0.578503
648.3400,1.110621
648.3600,1.120787
648.3800,1.368685
648.4000,1.459271
648.4200,1.363337
648.4400,0.943269
648.4600,0.753861
648.4800,0.796205
648.5000,0.447805
648.5200,0.244657
648.5400,0.176151
648.5600,0.117079
648.5800,0.427210
648.6000,0.810935
648.6200,0.736552
648.6400,0.608769
648.6600,0.575696
648.6800,0.966135
648.7000,1.162489
648.7200,0.817688
648.7400,0.452630
648.7600,0.253113
648.7800,0.326912
648.8000,0.560543
648.8200,0.320488
648.8400,0.296219
648.8600,0.374942
648.8800,0.301112
648.9000,0.496391
648.9200,0.314655
648.9400,0.452483
648.9600,1.149589
648.9800,1.843528
649.0000,1.934235
649.0200,2.191066
649.0400,3.292456
649.0600,3.497442
649.0800,3.514904
649.1000,3.264104
649.1200,3.595187
649.1400,3.393959
649.1600,2.941376
649.1800,3.057778
649.2000,2.921512
649.2200,2.765279
649.2400,2.514563
649.2600,3.062515
649.2800,2.372771
649.3000,1.529507
649.3200,0.863312
649.3400,0.673187
649.3600,0.484446
649.3800,0.332568
649.4000,0.222967
649.4200,0.228176
649.4400,0.358341
649.4600,0.533377
649.4800,0.400512
649.5000,0.372522
649.5200,0.477325
649.5400,0.542543
649.5600,0.460760
649.5800,0.482089
649.6000,0.796740
649.6200,0.642188
649.6400,0.400735
649.6600,0.723954
649.6800,0.671029
649.7000,0.394291
649.7200,0.683861
649.7400,1.346894
649.7600,2.085053
649.7800,2.350247
649.8000,2.523412
649.8200,2.810927
649.8400,2.262504
649.8600,1.656922
649.8800,1.472086
649.9000,1.352179
649.9200,0.877279
649.9400,0.480680
649.9600,0.682687
649.9800,1.681766
650.0000,2.379117
650.0200,2.520260
650.0400,2.858097
650.0600,3.000195
650.0800,2.954119
650.1000,3.096611
650.1200,3.025504
650.1400,2.936986
650.1600,2.925308
650.1800,2.654810
650.2000,2.088798
650.2200,1.762413
650.2400,1.909663
650.2600,2.014667
650.2800,1.417647
650.3000,1.046856
650.3200,1.025293
650.3400,1.292750
650.3600,1.286262
650.3800,1.047692
650.4000,0.697270
650.4200,0.387596
650.4400,0.279425
650.4600,0.335695
650.4800,0.298354
650.5000,0.495488
650.5200,0.711790
650.5400,0.957734
650.5600,1.028994
650.5800,1.596360
650.6000,2.368952
650.6200,2.312142
650.6400,2.000229
650.6600,1.728543
650.6800,1.066507
650.7000,0.649029
650.7200,0.459775
650.7400,0.767570
650.7600,1.416393
650.7800,1.098368
650.8000,1.230023
650.8200,1.435158
650.8400,2.109605
650.8600,2.421217
650.8800,3.410137
650.9000,3.600000
650.9200,3.600000
650.9400,3.598953
650.9600,2.234262
650.9800,1.203224
651.0000,0.088598
651.0200,0.046931
651.0400,0.047923
651.0600,0.077018
651.0800,0.078456
651.1000,0.143872
651.1200,0.367393
651.1400,0.300904
651.1600,0.544943
651.1800,0.388733
651.2000,0.575613
651.2200,0.699884
651.2400,0.546571
651.2600,1.020237
651.2800,1.318842
651.3000,1.616131
651.3200,1.160570
651.3400,0.816836
651.3600,0.449236
651.3800,0.269069
651.4000,0.171826
651.4200,0.578503
651.4400,1.110621
651.4600,1.120787
651.4800,1.368685
651.5000,1.459271
651.5200,1.363337
651.5400,0.943269
651.5600,0.753861
651.5800,0.796205
651.6000,0.447805
651.6200,0.244657
651.6400,0.176151
651.6600,0.117079
651.6800,0.427210
651.7000,0.810935
651.7200,0.736552
651.7400,0.608769
651.7600,0.575696
651.7800,0.966135
651.8000,1.162489
651.8200,0.817688
651.8400,0.452630
651.8600,0.253113
651.8800,0.326912
651.9000,0.560543
651.9200,0.320488
651.9400,0.296219
651.9600,0.374942
651.9800,0.301112
652.0000,0.496391
652.0200,0.314655
652.0400,0.452483
652.0600,1.149589
652.0800,1.843528
652.1000,1.934235
652.1200,2.191066
652.1400,3.292456
652.1600,3.497442
652.1800,3.514904
652.2000,3.264104
652.2200,3.595187
652.2400,3.393959
652.2600,2.941376
652.2800,3.057778
652.3000,2.921512
652.3200,2.765279
652.3400,2.514563
652.3600,3.062515
652.3800,2.372771
652.4000,1.529507
652.4200,0.863312
652.4400,0.673187
652.4600,0.484446
652.4800,0.332568
652.5000,0.222967
652.5200,0.228176
652.5400,0.358341
652.5600,0.533377
652.5800,0.400512
652.6000,0.372522
652.6200,0.477325
652.6400,0.542543
652.6600,0.460760
652.6800,0.482089
652.7000,0.796740
652.7200,0.642188
652.7400,0.400735
652.7600,0.723954
652.7800,0.671029
652.8000,0.394291
652.8200,0.683861
652.8400,1.346894
652.8600,2.085053
652.8800,2.350247
652.9000,2.523412
652.9200,2.810927
652.9400,2.262504
652.9600,1.656922
652.9800,1.472086
653.0000,1.352179
653.0200,0.877279
653.0400,0.480680
653.0600,0.682687
653.0800,1.681766
653.1000,2.379117
653.1200,2.520260
653.1400,2.858097
653.1600,3.000195
653.1800,2.954119
653.2000,3.096611
653.2200,3.025504
653.2400,2.936986
653.2600,2.925308
653.2800,2.654810
653.3000,2.088798
653.3200,1.762413
653.3400,1.909663
653.3600,2.014667
653.3800,1.417647
653.4000,1.046856
653.4200,1.025293
653.4400,1.292750
653.4600,1.286262
653.4800,1.047692
653.5000,0.697270
653.5200,0.387596
653.5400,0.279425
653.5600,0.335695
653.5800,0.298354
653.6000,0.495488
653.6200,0.711790
653.6400,0.957734
653.6600,1.028994
653.6800,1.596360
653.7000,2.368952
653.7200,2.312142
653.7400,2.000229
653.7600,1.728543
653.7800,1.066507
653.8000,0.649029
653.8200,0.459775
653.8400,0.767570
653.8600,1.416393
653.8800,1.098368
653.9000,1.230023
653.9200,1.435158
653.9400,2.109605
653.9600,2.421217
653.9800,3.410137
654.0000,3.600000
654.0200,3.600000
654.0400,3.598953
654.0600,2.234262
654.0800,1.203224
654.1000,0.088598
654.1200,0.046931
654.1400,0.047923
654.1600,0.077018
654.1800,0.078456
654.2000,0.143872
654.2200,0.367393
654.2400,0.300904
654.2600,0.544943
654.2800,0.388733
654.3000,0.575613
654.3200,0.699884
654.3400,0.546571
654.3600,1.020237
654.3800,1.318842
654.4000,1.616131
654.4200,1.160570
654.4400,0.816836
654.4600,0.449236
654.4800,0.269069
654.5000,0.171826
654.5200,0.578503
654.5400,1.110621
654.5600,1.120787
654.5800,1.368685
654.6000,1.459271
654.6200,1.363337
654.6400,0.943269
654.6600,0.753861
654.6800,0.796205
654.7000,0.447805
654.7200,0.244657
654.7400,0.176151
654.7600,0.117079
654.7800,0.427210
654.8000,0.810935
654.8200,0.736552
654.8400,0.608769
654.8600,0.575696
654.8800,0.966135
654.9000,1.162489
654.9200,0.817688
654.9400,0.452630
654.9600,0.253113
654.9800,0.326912
655.0000,0.560543
655.0200,0.320488
655.0400,0.296219
655.0600,0.374942
655.0800,0.301112
655.1000,0.496391
655.1200,0.314655
655.1400,0.452483
655.1600,1.149589
655.1800,1.843528
655.2000,1.934235
655.2200,2.191066
655.2400,3.292456
655.2600,3.497442
655.2800,3.514904
655.3000,3.264104
655.3200,3.595187
655.3400,3.393959
655.3600,2.941376
655.3800,3.057778
655.4000,2.921512
655.4200,2.765279
655.4400,2.514563
655.4600,3.062515
655.4800,2.372771
655.5000,1.529507
655.5200,0.863312
655.5400,0.673187
655.5600,0.484446
655.5800,0.332568
655.6000,0.222967
655.6200,0.228176
655.6400,0.358341
655.6600,0.533377
655.6800,0.400512
655.7000,0.372522
655.7200,0.477325
655.7400,0.542543
655.7600,0.460760
655.7800,0.482089
655.8000,0.796740
655.8200,0.642188
655.8400,0.400735
655.8600,0.723954
655.8800,0.671029
655.9000,0.394291
655.9200,0.683861
655.9400,1.346894
655.9600,2.085053
655.9800,2.350247
656.0000,2.523412
656.0200,2.810927
656.0400,2.262504
656.0600,1.656922
656.0800,1.472086
656.1000,1.352179
656.1200,0.877279
656.1400,0.480680
656.1600,0.682687
656.1800,1.681766
656.2000,2.379117
656.2200,2.520260
656.2400,2.858097
656.2600,3.000195
656.2800,2.954119
656.3000,3.096611
656.3200,3.025504
656.3400,2.936986
656.3600,2.925308
656.3800,2.654810
656.4000,2.088798
656.4200,1.762413
656.4400,1.909663
656.4600,2.014667
656.4800,1.417647
656.5000,1.046856
656.5200,1.025293
656.5400,1.292750
656.5600,1.286262
656.5800,1.047692
656.6000,0.697270
656.6200,0.387596
656.6400,0.279425
656.6600,0.335695
656.6800,0.298354
656.7000,0.495488
656.7200,0.711790
656.7400,0.957734
656.7600,1.028994
656.7800,1.596360
656.8000,2.368952
656.8200,2.312142
656.8400,2.000229
656.8600,1.728543
656.8800,1.066507
656.9000,0.649029
656.9200,0.459775
656.9400,0.767570
656.9600,1.416393
656.9800,1.098368
657.0000,1.230023
657.0200,1.435158
657.0400,2.109605
657.0600,2.421217
657.0800,3.410137
657.1000,3.600000
657.1200,3.600000
657.1400,3.598953
657.1600,2.234262
657.1800,1.203224
657.2000,0.088598
657.2200,0.046931
657.2400,0.047923
657.2600,0.077018
657.2800,0.078456
657.3000,0.143872
657.3200,0.367393
657.3400,0.300904
657.3600,0.544943
657.3800,0.388733
657.4000,0.575613
657.4200,0.699884
657.4400,0.546571
657.4600,1.020237
657.4800,1.318842
657.5000,1.616131
657.5200,1.160570
657.5400,0.816836
657.5600,0.449236
657.5800,0.269069
657.6000,0.171826
657.6200,0.578503
657.6400,1.110621
657.6600,1.120787
657.6800,1.368685
657.7000,1.459271
657.7200,1.363337
657.7400,0.943269
657.7600,0.753861
657.7800,0.796205
657.8000,0.447805
657.8200,0.244657
657.8400,0.176151
657.8600,0.117079
657.8800,0.427210
657.9000,0.810935
657.9200,0.736552
657.9400,0.608769
657.9600,0.575696
657.9800,0.966135
658.0000,1.162489
658.0200,0.817688
658.0400,0.452630
658.0600,0.253113
658.0800,0.326912
658.1000,0.560543
658.1200,0.320488
658.1400,0.296219
658.1600,0.374942
658.1800,0.301112
658.2000,0.496391
658.2200,0.314655
658.2400,0.452483
658.2600,1.149589
658.2800,1.843528
658.3000,1.934235
658.3200,2.191066
658.3400,3.292456
658.3600,3.497442
658.3800,3.514904
658.4000,3.264104
658.4200,3.595187
658.4400,3.393959
658.4600,2.941376
658.4800,3.057778
658.5000,2.921512
658.5200,2.765279
658.5400,2.514563
658.5600,3.062515
658.5800,2.372771
658.6000,1.529507
658.6200,0.863312
658.6400,0.673187
658.6600,0.484446
658.6800,0.332568
658.7000,0.222967
658.7200,0.228176
658.7400,0.358341
658.7600,0.533377
658.7800,0.400512
658.8000,0.372522
658.8200,0.477325
658.8400,0.542543
658.8600,0.460760
658.8800,0.482089
658.9000,0.796740
658.9200,0.642188
658.9400,0.400735
658.9600,0.723954
658.9800,0.671029
659.0000,0.394291
659.0200,0.683861
659.0400,1.346894
659.0600,2.085053
659.0800,2.350247
659.1000,2.523412
659.1200,2.810927
659.1400,2.262504
659.1600,1.656922
659.1800,1.472086
659.2000,1.352179
659.2200,0.877279
659.2400,0.480680
659.2600,0.682687
659.2800,1.681766
659.3000,2.379117
659.3200,2.520260
659.3400,2.858097
659.3600,3.000195
659.3800,2.954119
659.4000,3.096611
659.4200,3.025504
659.4400,2.936986
659.4600,2.925308
659.4800,2.654810
659.5000,2.088798
659.5200,1.762413
659.5400,1.909663
659.5600,2.014667
659.5800,1.417647
659.6000,1.046856
659.6200,1.025293
659.6400,1.292750
659.6600,1.286262
659.6800,1.047692
659.7000,0.697270
659.7200,0.387596
659.7400,0.279425
659.7600,0.335695
659.7800,0.298354
659.8000,0.495488
659.8200,0.711790
659.8400,0.957734
659.8600,1.028994
659.8800,1.596360
659.9000,2.368952
659.9200,2.312142
659.9400,2.000229
659.9600,1.728543
659.9800,1.066507
660.0000,0.649029
660.0200,0.459775
660.0400,0.767570
660.0600,1.416393
660.0800,1.098368
660.1000,1.230023
660.1200,1.435158
660.1400,2.109605
660.1600,2.421217
660.1800,3.410137
660.2000,3.600000
660.2200,3.600000
660.2400,3.598953
660.2600,2.234262
660.2800,1.203224
660.3000,0.088598
660.3200,0.046931
660.3400,0.047923
660.3600,0.077018
660.3800,0.078456
660.4000,0.143872
660.4200,0.367393
660.4400,0.300904
660.4600,0.544943
660.4800,0.388733
660.5000,0.575613
660.5200,0.699884
660.5400,0.546571
660.5600,1.020237
660.5800,1.318842
660.6000,1.616131
660.6200,1.160570
660.6400,0.816836
660.6600,0.449236
660.6800,0.269069
660.7000,0.171826
660.7200,0.578503
660.7400,1.110621
660.7600,1.120787
660.7800,1.368685
660.8000,1.459271
660.8200,1.363337
660.8400,0.943269
660.8600,0.753861
660.8800,0.796205
660.9000,0.447805
660.9200,0.244657
660.9400,0.176151
660.9600,0.117079
660.9800,0.427210
661.0000,0.810935
661.0200,0.736552
661.0400,0.608769
661.0600,0.575696
661.0800,0.966135
661.1000,1.162489
661.1200,0.817688
661.1400,0.452630
661.1600,0.253113
661.1800,0.326912
661.2000,0.560543
661.2200,0.320488
661.2400,0.296219
661.2600,0.374942
661.2800,0.301112
661.3000,0.496391
661.3200,0.314655
661.3400,0.452483
661.3600,1.149589
661.3800,1.843528
661.4000,1.934235
661.4200,2.191066
661.4400,3.292456
661.4600,3.497442
661.4800,3.514904
661.5000,3.264104
661.5200,3.595187
661.5400,3.393959
661.5600,2.941376
661.5800,3.057778
661.6000,2.921512
661.6200,2.765279
661.6400,2.514563
661.6600,3.062515
661.6800,2.372771
661.7000,1.529507
661.7200,0.863312
661.7400,0.673187
661.7600,0.484446
661.7800,0.332568
661.8000,0.222967
661.8200,0.228176
661.8400,0.358341
661.8600,0.533377
661.8800,0.400512
661.9000,0.372522
661.9200,0.477325
661.9400,0.542543
661.9600,0.460760
661.9800,0.482089
662.0000,0.796740
662.0200,0.642188
662.0400,0.400735
662.0600,0.723954
662.0800,0.671029
662.1000,0.394291
662.1200,0.683861
662.1400,1.346894
662.1600,2.085053
662.1800,2.350247
662.2000,2.523412
662.2200,2.810927
662.2400,2.262504
662.2600,1.656922
662.2800,1.472086
662.3000,1.352179
662.3200,0.877279
662.3400,0.480680
662.3600,0.682687
662.3800,1.681766
662.4000,2.379117
662.4200,2.520260
662.4400,2.858097
662.4600,3.000195
662.4800,2.954119
662.5000,3.096611
662.5200,3.025504
662.5400,2.936986
662.5600,2.925308
662.5800,2.654810
662.6000,2.088798
662.6200,1.762413
662.6400,1.909663
662.6600,2.014667
662.6800,1.417647
662.7000,1.046856
662.7200,1.025293
662.7400,1.292750
662.7600,1.286262
662.7800,1.047692
662.8000,0.697270
662.8200,0.387596
662.8400,0.279425
662.8600,0.335695
662.8800,0.298354
662.9000,0.495488
662.9200,0.711790
662.9400,0.957734
662.9600,1.028994
662.9800,1.596360
663.0000,2.368952
663.0200,2.312142
663.0400,2.000229
663.0600,1.728543
663.0800,1.066507
663.1000,0.649029
663.1200,0.459775
663.1400,0.767570
663.1600,1.416393
663.1800,1.098368
663.2000,1.230023
663.2200,1.435158
663.2400,2.109605
663.2600,2.421217
663.2800,3.410137
663.3000,3.600000
663.3200,3.600000
663.3400,3.598953
663.3600,2.234262
663.3800,1.203224
663.4000,0.088598
663.4200,0.046931
663.4400,0.047923
663.4600,0.077018
663.4800,0.078456
663.5000,0.143872
663.5200,0.367393
663.5400,0.300904
663.5600,0.544943
663.5800,0.388733
663.6000,0.575613
663.6200,0.699884
663.6400,0.546571
663.6600,1.020237
663.6800,1.318842
663.7000,1.616131
663.7200,1.160570
663.7400,0.816836
663.7600,0.449236
663.7800,0.269069
663.8000,0.171826
663.8200,0.578503
663.8400,1.110621
663.8600,1.120787
663.8800,1.368685
663.9000,1.459271
663.9200,1.363337
663.9400,0.943269
663.9600,0.753861
663.9800,0.796205
664.0000,0.447805
664.0200,0.244657
664.0400,0.176151
664.0600,0.117079
664.0800,0.427210
664.1000,0.810935
664.1200,0.736552
664.1400,0.608769
664.1600,0.575696
664.1800,0.966135
664.2000,1.162489
664.2200,0.817688
664.2400,0.452630
664.2600,0.253113
664.2800,0.326912
664.3000,0.560543
664.3200,0.320488
664.3400,0.296219
664.3600,0.374942
664.3800,0.301112
664.4000,0.496391
664.4200,0.314655
664.4400,0.452483
664.4600,1.149589
664.4800,1.843528
664.5000,1.934235
664.5200,2.191066
664.5400,3.292456
664.5600,3.497442
664.5800,3.514904
664.6000,3.264104
664.6200,3.595187
664.6400,3.393959
664.6600,2.941376
664.6800,3.057778
664.7000,2.921512
664.7200,2.765279
664.7400,2.514563
664.7600,3.062515
664.7800,2.372771
664.8000,1.529507
664.8200,0.863312
664.8400,0.673187
664.8600,0.484446
664.8800,0.332568
664.9000,0.222967
664.9200,0.228176
664.9400,0.358341
664.9600,0.533377
664.9800,0.400512
665.0000,0.372522
665.0200,0.477325
665.0400,0.542543
665.0600,0.460760
665.0800,0.482089
665.1000,0.796740
665.1200,0.642188
665.1400,0.400735
665.1600,0.723954
665.1800,0.671029
665.2000,0.394291
665.2200,0.683861
665.2400,1.346894
665.2600,2.085053
665.2800,2.350247
665.3000,2.523412
665.3200,2.810927
665.3400,2.262504
665.3600,1.656922
665.3800,1.472086
665.4000,1.352179
665.4200,0.877279
665.4400,0.480680
665.4600,0.682687
665.4800,1.681766
665.5000,2.379117
665.5200,2.520260
665.5400,2.858097
665.5600,3.000195
665.5800,2.954119
665.6000,3.096611
665.6200,3.025504
665.6400,2.936986
665.6600,2.925308
665.6800,2.654810
665.7000,2.088798
665.7200,1.762413
665.7400,1.909663
665.7600,2.014667
665.7800,1.417647
665.8000,1.046856
665.8200,1.025293
665.8400,1.292750
665.8600,1.286262
665.8800,1.047692
665.9000,0.697270
665.9200,0.387596
665.9400,0.279425
665.9600,0.335695
665.9800,0.298354
666.0000,0.495488
666.0200,0.711790
666.0400,0.957734
666.0600,1.028994
666.0800,1.596360
666.1000,2.368952
666.1200,2.312142
666.1400,2.000229
666.1600,1.728543
666.1800,1.066507
666.2000,0.649029
666.2200,0.459775
666.2400,0.767570
666.2600,1.416393
666.2800,1.098368
666.3000,1.230023
666.3200,1.435158
666.3400,2.109605
666.3600,2.421217
666.3800,3.410137
666.4000,3.600000
666.4200,3.600000
666.4400,3.598953
666.4600,2.234262
666.4800,1.203224
666.5000,0.088598
666.5200,0.046931
666.5400,0.047923
666.5600,0.077018
666.5800,0.078456
666.6000,0.143872
666.6200,0.367393
666.6400,0.300904
666.6600,0.544943
666.6800,0.388733
666.7000,0.575613
666.7200,0.699884
666.7400,0.546571
666.7600,1.020237
666.7800,1.318842
666.8000,1.616131
666.8200,1.160570
666.8400,0.816836
666.8600,0.449236
666.8800,0.269069
666.9000,0.171826
666.9200,0.578503
666.9400,1.110621
666.9600,1.120787
666.9800,1.368685
667.0000,1.459271
667.0200,1.363337
667.0400,0.943269
667.0600,0.753861
667.0800,0.796205
667.1000,0.447805
667.1200,0.244657
667.1400,0.176151
667.1600,0.117079
667.1800,0.427210
667.2000,0.810935
667.2200,0.736552
667.2400,0.608769
667.2600,0.575696
667.2800,0.966135
667.3000,1.162489
667.3200,0.817688
667.3400,0.452630
667.3600,0.253113
667.3800,0.326912
667.4000,0.560543
667.4200,0.320488
667.4400,0.296219
667.4600,0.374942
667.4800,0.301112
667.5000,0.496391
667.5200,0.314655
667.5400,0.452483
667.5600,1.149589
667.5800,1.843528
667.6000,1.934235
667.6200,2.191066
667.6400,3.292456
667.6600,3.497442
667.6800,3.514904
667.7000,3.264104
667.7200,3.595187
667.7400,3.393959
667.7600,2.941376
667.7800,3.057778
667.8000,2.921512
667.8200,2.765279
667.8400,2.514563
667.8600,3.062515
667.8800,2.372771
667.9000,1.529507
667.9200,0.863312
667.9400,0.673187
667.9600,0.484446
667.9800,0.332568
668.0000,0.222967
668.0200,0.228176
668.0400,0.358341
668.0600,0.533377
668.0800,0.400512
668.1000,0.372522
668.1200,0.477325
668.1400,0.542543
668.1600,0.460760
668.1800,0.482089
668.2000,0.796740
668.2200,0.642188
668.2400,0.400735
668.2600,0.723954
668.2800,0.671029
668.3000,0.394291
668.3200,0.683861
668.3400,1.346894
668.3600,2.085053
668.3800,2.350247
668.4000,2.523412
668.4200,2.810927
668.4400,2.262504
668.4600,1.656922
668.4800,1.472086
668.5000,1.352179
668.5200,0.877279
668.5400,0.480680
668.5600,0.682687
668.5800,1.681766
668.6000,2.379117
668.6200,2.520260
668.6400,2.858097
668.6600,3.000195
668.6800,2.954119
668.7000,3.096611
668.7200,3.025504
668.7400,2.936986
668.7600,2.925308
668.7800,2.654810
668.8000,2.088798
668.8200,1.762413
668.8400,1.909663
668.8600,2.014667
668.8800,1.417647
668.9000,1.046856
668.9200,1.025293
668.9400,1.292750
668.9600,1.286262
668.9800,1.047692
669.0000,0.697270
669.0200,0.387596
669.0400,0.279425
669.0600,0.335695
669.0800,0.298354
669.1000,0.495488
669.1200,0.711790
669.1400,0.957734
669.1600,1.028994
669.1800,1.596360
669.2000,2.368952
669.2200,2.312142
669.2400,2.000229
669.2600,1.728543
669.2800,1.066507
669.3000,0.649029
669.3200,0.459775
669.3400,0.767570
669.3600,1.416393
669.3800,1.098368
669.4000,1.230023
669.4200,1.435158
669.4400,2.109605
669.4600,2.421217
669.4800,3.410137
669.5000,3.600000
669.5200,3.600000
669.5400,3.598953
669.5600,2.234262
669.5800,1.203224
669.6000,0.088598
669.6200,0.046931
669.6400,0.047923
669.6600,0.077018
669.6800,0.078456
669.7000,0.143872
669.7200,0.367393
669.7400,0.300904
669.7600,0.544943
669.7800,0.388733
669.8000,0.575613
669.8200,0.699884
669.8400,0.546571
669.8600,1.020237
669.8800,1.318842
669.9000,1.616131
669.9200,1.160570
669.9400,0.816836
669.9600,0.449236
669.9800,0.269069
670.0000,0.171826
670.0200,0.578503
670.0400,1.110621
670.0600,1.120787
670.0800,1.368685
670.1000,1.459271
670.1200,1.363337
670.1400,0.943269
670.1600,0.753861
670.1800,0.796205
670.2000,0.447805
670.2200,0.244657
670.2400,0.176151
670.2600,0.117079
670.2800,0.427210
670.3000,0.810935
670.3200,0.736552
670.3400,0.608769
670.3600,0.575696
670.3800,0.966135
670.4000,1.162489
670.4200,0.817688
670.4400,0.452630
670.4600,0.253113
670.4800,0.326912
670.5000,0.560543
670.5200,0.320488
670.5400,0.296219
670.5600,0.374942
670.5800,0.301112
670.6000,0.496391
670.6200,0.314655
670.6400,0.452483
670.6600,1.149589
670.6800,1.843528
670.7000,1.934235
670.7200,2.191066
670.7400,3.292456
670.7600,3.497442
670.7800,3.514904
670.8000,3.264104
670.8200,3.595187
670.8400,3.393959
670.8600,2.941376
670.8800,3.057778
670.9000,2.921512
670.9200,2.765279
670.9400,2.514563
670.9600,3.062515
670.9800,2.372771
671.0000,1.529507
671.0200,0.863312
671.0400,0.673187
671.0600,0.484446
671.0800,0.332568
671.1000,0.222967
671.1200,0.228176
671.1400,0.358341
671.1600,0.533377
671.1800,0.400512
671.2000,0.372522
671.2200,0.477325
671.2400,0.542543
671.2600,0.460760
671.2800,0.482089
671.3000,0.796740
671.3200,0.642188
671.3400,0.400735
671.3600,0.723954
671.3800,0.671029
671.4000,0.394291
671.4200,0.683861
671.4400,1.346894
671.4600,2.085053
671.4800,2.350247
671.5000,2.523412
671.5200,2.810927
671.5400,2.262504
671.5600,1.656922
671.5800,1.472086
671.6000,1.352179
671.6200,0.877279
671.6400,0.480680
671.6600,0.682687
671.6800,1.681766
671.7000,2.379117
671.7200,2.520260
671.7400,2.858097
671.7600,3.000195
671.7800,2.954119
671.8000,3.096611
671.8200,3.025504
671.8400,2.936986
671.8600,2.925308
671.8800,2.654810
671.9000,2.088798
671.9200,1.762413
671.9400,1.909663
671.9600,2.014667
671.9800,1.417647
672.0000,1.046856
672.0200,1.025293
672.0400,1.292750
672.0600,1.286262
672.0800,1.047692
672.1000,0.697270
672.1200,0.387596
672.1400,0.279425
672.1600,0.335695
672.1800,0.298354
672.2000,0.495488
672.2200,0.711790
672.2400,0.957734
672.2600,1.028994
672.2800,1.596360
672.3000,2.368952
672.3200,2.312142
672.3400,2.000229
672.3600,1.728543
672.3800,1.066507
672.4000,0.649029
672.4200,0.459775
672.4400,0.767570
672.4600,1.416393
672.4800,1.098368
672.5000,1.230023
672.5200,1.435158
672.5400,2.109605
672.5600,2.421217
672.5800,3.410137
672.6000,3.600000
672.6200,3.600000
672.6400,3.598953
672.6600,2.234262
672.6800,1.203224
672.7000,0.088598
672.7200,0.046931
672.7400,0.047923
672.7600,0.077018
672.7800,0.078456
672.8000,0.143872
672.8200,0.367393
672.8400,0.300904
672.8600,0.544943
672.8800,0.388733
672.9000,0.575613
672.9200,0.699884
672.9400,0.546571
672.9600,1.020237
672.9800,1.318842
673.0000,1.616131
673.0200,1.160570
673.0400,0.816836
673.0600,0.449236
673.0800,0.269069
673.1000,0.171826
673.1200,0.578503
673.1400,1.110621
673.1600,1.120787
673.1800,1.368685
673.2000,1.459271
673.2200,1.363337
673.2400,0.943269
673.2600,0.753861
673.2800,0.796205
673.3000,0.447805
673.3200,0.244657
673.3400,0.176151
673.3600,0.117079
673.3800,0.427210
673.4000,0.810935
673.4200,0.736552
673.4400,0.608769
673.4600,0.575696
673.4800,0.966135
673.5000,1.162489
673.5200,0.817688
673.5400,0.452630
673.5600,0.253113
673.5800,0.326912
673.6000,0.560543
673.6200,0.320488
673.6400,0.296219
673.6600,0.374942
673.6800,0.301112
673.7000,0.496391
673.7200,0.314655
673.7400,0.452483
673.7600,1.149589
673.7800,1.843528
673.8000,1.934235
673.8200,2.191066
673.8400,3.292456
673.8600,3.497442
673.8800,3.514904
673.9000,3.264104
673.9200,3.595187
673.9400,3.393959
673.9600,2.941376
673.9800,3.057778
674.0000,2.921512
674.0200,2.765279
674.0400,2.514563
674.0600,3.062515
674.0800,2.372771
674.1000,1.529507
674.1200,0.863312
674.1400,0.673187
674.1600,0.484446
674.1800,0.332568
674.2000,0.222967
674.2200,0.228176
674.2400,0.358341
674.2600,0.533377
674.2800,0.400512
674.3000,0.372522
674.3200,0.477325
674.3400,0.542543
674.3600,0.460760
674.3800,0.482089
674.4000,0.796740
674.4200,0.642188
674.4400,0.400735
674.4600,0.723954
674.4800,0.671029
674.5000,0.394291
674.5200,0.683861
674.5400,1.346894
674.5600,2.085053
674.5800,2.350247
674.6000,2.523412
674.6200,2.810927
674.6400,2.262504
674.6600,1.656922
674.6800,1.472086
674.7000,1.352179
674.7200,0.877279
674.7400,0.480680
674.7600,0.682687
674.7800,1.681766
674.8000,2.379117
674.8200,2.520260
674.8400,2.858097
674.8600,3.000195
674.8800,2.954119
674.9000,3.096611
674.9200,3.025504
674.9400,2.936986
674.9600,2.925308
674.9800,2.654810
675.0000,2.088798
675.0200,1.762413
675.0400,1.909663
675.0600,2.014667
675.0800,1.417647
675.1000,1.046856
675.1200,1.025293
675.1400,1.292750
675.1600,1.286262
675.1800,1.047692
675.2000,0.697270
675.2200,0.387596
675.2400,0.279425
675.2600,0.335695
675.2800,0.298354
675.3000,0.495488
675.3200,0.711790
675.3400,0.957734
675.3600,1.028994
675.3800,1.596360
675.4000,2.368952
675.4200,2.312142
675.4400,2.000229
675.4600,1.728543
675.4800,1.066507
675.5000,0.649029
675.5200,0.459775
675.5400,0.767570
675.5600,1.416393
675.5800,1.098368
675.6000,1.230023
675.6200,1.435158
675.6400,2.109605
675.6600,2.421217
675.6800,3.410137
675.7000,3.600000
675.7200,3.600000
675.7400,3.598953
675.7600,2.234262
675.7800,1.203224
675.8000,0.088598
675.8200,0.046931
675.8400,0.047923
675.8600,0.077018
675.8800,0.078456
675.9000,0.143872
675.9200,0.367393
675.9400,0.300904
675.9600,0.544943
675.9800,0.388733
676.0000,0.575613
676.0200,0.699884
676.0400,0.546571
676.0600,1.020237
676.0800,1.318842
676.1000,1.616131
676.1200,1.160570
676.1400,0.816836
676.1600,0.449236
676.1800,0.269069
676.2000,0.171826
676.2200,0.578503
676.2400,1.110621
676.2600,1.120787
676.2800,1.368685
676.3000,1.459271
676.3200,1.363337
676.3400,0.943269
676.3600,0.753861
676.3800,0.796205
676.4000,0.447805
676.4200,0.244657
676.4400,0.176151
676.4600,0.117079
676.4800,0.427210
676.5000,0.810935
676.5200,0.736552
676.5400,0.608769
676.5600,0.575696
676.5800,0.966135
676.6000,1.162489
676.6200,0.817688
676.6400,0.452630
676.6600,0.253113
676.6800,0.326912
676.7000,0.560543
676.7200,0.320488
676.7400,0.296219
676.7600,0.374942
676.7800,0.301112
676.8000,0.496391
676.8200,0.314655
676.8400,0.452483
676.8600,1.149589
676.8800,1.843528
676.9000,1.934235
676.9200,2.191066
676.9400,3.292456
676.9600,3.497442
676.9800,3.514904
677.0000,3.264104
677.0200,3.595187
677.0400,3.393959
677.0600,2.941376
677.0800,3.057778
677.1000,2.921512
677.1200,2.765279
677.1400,2.514563
677.1600,3.062515
677.1800,2.372771
677.2000,1.529507
677.2200,0.863312
677.2400,0.673187
677.2600,0.484446
677.2800,0.332568
677.3000,0.222967
677.3200,0.228176
677.3400,0.358341
677.3600,0.533377
677.3800,0.400512
677.4000,0.372522
677.4200,0.477325
677.4400,0.542543
677.4600,0.460760
677.4800,0.482089
677.5000,0.796740
677.5200,0.642188
677.5400,0.400735
677.5600,0.723954
677.5800,0.671029
677.6000,0.394291
677.6200,0.683861
677.6400,1.346894
677.6600,2.085053
677.6800,2.350247
677.7000,2.523412
677.7200,2.810927
677.7400,2.262504
677.7600,1.656922
677.7800,1.472086
677.8000,1.352179
677.8200,0.877279
677.8400,0.480680
677.8600,0.682687
677.8800,1.681766
677.9000,2.379117
677.9200,2.520260
677.9400,2.858097
677.9600,3.000195
677.9800,2.954119
678.0000,3.096611
678.0200,3.025504
678.0400,2.936986
678.0600,2.925308
678.0800,2.654810
678.1000,2.088798
678.1200,1.762413
678.1400,1.909663
678.1600,2.014667
678.1800,1.417647
678.2000,1.046856
678.2200,1.025293
678.2400,1.292750
678.2600,1.286262
678.2800,1.047692
678.3000,0.697270
678.3200,0.387596
678.3400,0.279425
678.3600,0.335695
678.3800,0.298354
678.4000,0.495488
678.4200,0.711790
678.4400,0.957734
678.4600,1.028994
678.4800,1.596360
678.5000,2.368952
678.5200,2.312142
678.5400,2.000229
678.5600,1.728543
678.5800,1.066507
678.6000,0.649029
678.6200,0.459775
678.6400,0.767570
678.6600,1.416393
678.6800,1.098368
678.7000,1.230023
678.7200,1.435158
678.7400,2.109605
678.7600,2.421217
678.7800,3.410137
678.8000,3.600000
678.8200,3.600000
678.8400,3.598953
678.8600,2.234262
678.8800,1.203224
678.9000,0.088598
678.9200,0.046931
678.9400,0.047923
678.9600,0.077018
678.9800,0.078456
679.0000,0.143872
679.0200,0.367393
679.0400,0.300904
679.0600,0.544943
679.0800,0.388733
679.1000,0.575613
679.1200,0.699884
679.1400,0.546571
679.1600,1.020237
679.1800,1.318842
679.2000,1.616131
679.2200,1.160570
679.2400,0.816836
679.2600,0.449236
679.2800,0.269069
679.3000,0.171826
679.3200,0.578503
679.3400,1.110621
679.3600,1.120787
679.3800,1.368685
679.4000,1.459271
679.4200,1.363337
679.4400,0.943269
679.4600,0.753861
679.4800,0.796205
679.5000,0.447805
679.5200,0.244657
679.5400,0.176151
679.5600,0.117079
679.5800,0.427210
679.6000,0.810935
679.6200,0.736552
679.6400,0.608769
679.6600,0.575696
679.6800,0.966135
679.7000,1.162489
679.7200,0.817688
679.7400,0.452630
679.7600,0.253113
679.7800,0.326912
679.8000,0.560543
679.8200,0.320488
679.8400,0.296219
679.8600,0.374942
679.8800,0.301112
679.9000,0.496391
679.9200,0.314655
679.9400,0.452483
679.9600,1.149589
679.9800,1.843528
680.0000,1.934235
680.0200,2.191066
680.0400,3.292456
680.0600,3.497442
680.0800,3.514904
680.1000,3.264104
680.1200,3.595187
680.1400,3.393959
680.1600,2.941376
680.1800,3.057778
680.2000,2.921512
680.2200,2.765279
680.2400,2.514563
680.2600,3.062515
680.2800,2.372771
680.3000,1.529507
680.3200,0.863312
680.3400,0.673187
680.3600,0.484446
680.3800,0.332568
680.4000,0.222967
680.4200,0.228176
680.4400,0.358341
680.4600,0.533377
680.4800,0.400512
680.5000,0.372522
680.5200,0.477325
680.5400,0.542543
680.5600,0.460760
680.5800,0.482089
680.6000,0.796740
680.6200,0.642188
680.6400,0.400735
680.6600,0.723954
680.6800,0.671029
680.7000,0.394291
680.7200,0.683861
680.7400,1.346894
680.7600,2.085053
680.7800,2.350247
680.8000,2.523412
680.8200,2.810927
680.8400,2.262504
680.8600,1.656922
680.8800,1.472086
680.9000,1.352179
680.9200,0.877279
680.9400,0.480680
680.9600,0.682687
680.9800,1.681766
681.0000,2.379117
681.0200,2.520260
681.0400,2.858097
681.0600,3.000195
681.0800,2.954119
681.1000,3.096611
681.1200,3.025504
681.1400,2.936986
681.1600,2.925308
681.1800,2.654810
681.2000,2.088798
681.2200,1.762413
681.2400,1.909663
681.2600,2.014667
681.2800,1.417647
681.3000,1.046856
681.3200,1.025293
681.3400,1.292750
681.3600,1.286262
681.3800,1.047692
681.4000,0.697270
681.4200,0.387596
681.4400,0.279425
681.4600,0.335695
681.4800,0.298354
681.5000,0.495488
681.5200,0.711790
681.5400,0.957734
681.5600,1.028994
681.5800,1.596360
681.6000,2.368952
681.6200,2.312142
681.6400,2.000229
681.6600,1.728543
681.6800,1.066507
681.7000,0.649029
681.7200,0.459775
681.7400,0.767570
681.7600,1.416393
681.7800,1.098368
681.8000,1.230023
681.8200,1.435158
681.8400,2.109605
681.8600,2.421217
681.8800,3.410137
681.9000,3.600000
681.9200,3.600000
681.9400,3.598953
681.9600,2.234262
681.9800,1.203224
682.0000,0.088598
682.0200,0.046931
682.0400,0.047923
682.0600,0.077018
682.0800,0.078456
682.1000,0.143872
682.1200,0.367393
682.1400,0.300904
682.1600,0.544943
682.1800,0.388733
682.2000,0.575613
682.2200,0.699884
682.2400,0.546571
682.2600,1.020237
682.2800,1.318842
682.3000,1.616131
682.3200,1.160570
682.3400,0.816836
682.3600,0.449236
682.3800,0.269069
682.4000,0.171826
682.4200,0.578503
682.4400,1.110621
682.4600,1.120787
682.4800,1.368685
682.5000,1.459271
682.5200,1.363337
682.5400,0.943269
682.5600,0.753861
682.5800,0.796205
682.6000,0.447805
682.6200,0.244657
682.6400,0.176151
682.6600,0.117079
682.6800,0.427210
682.7000,0.810935
682.7200,0.736552
682.7400,0.608769
682.7600,0.575696
682.7800,0.966135
682.8000,1.162489
682.8200,0.817688
682.8400,0.452630
682.8600,0.253113
682.8800,0.326912
682.9000,0.560543
682.9200,0.320488
682.9400,0.296219
682.9600,0.374942
682.9800,0.301112
683.0000,0.496391
683.0200,0.314655
683.0400,0.452483
683.0600,1.149589
683.0800,1.843528
683.1000,1.934235
683.1200,2.191066
683.1400,3.292456
683.1600,3.497442
683.1800,3.514904
683.2000,3.264104
683.2200,3.595187
683.2400,3.393959
683.2600,2.941376
683.2800,3.057778
683.3000,2.921512
683.3200,2.765279
683.3400,2.514563
683.3600,3.062515
683.3800,2.372771
683.4000,1.529507
683.4200,0.863312
683.4400,0.673187
683.4600,0.484446
683.4800,0.332568
683.5000,0.222967
683.5200,0.228176
683.5400,0.358341
683.5600,0.533377
683.5800,0.400512
683.6000,0.372522
683.6200,0.477325
683.6400,0.542543
683.6600,0.460760
683.6800,0.482089
683.7000,0.796740
683.7200,0.642188
683.7400,0.400735
683.7600,0.723954
683.7800,0.671029
683.8000,0.394291
683.8200,0.683861
683.8400,1.346894
683.8600,2.085053
683.8800,2.350247
683.9000,2.523412
683.9200,2.810927
683.9400,2.262504
683.9600,1.656922
683.9800,1.472086
684.0000,1.352179
684.0200,0.877279
684.0400,0.480680
684.0600,0.682687
684.0800,1.681766
684.1000,2.379117
684.1200,2.520260
684.1400,2.858097
684.1600,3.000195
684.1800,2.954119
684.2000,3.096611
684.2200,3.025504
684.2400,2.936986
684.2600,2.925308
684.2800,2.654810
684.3000,2.088798
684.3200,1.762413
684.3400,1.909663
684.3600,2.014667
684.3800,1.417647
684.4000,1.046856
684.4200,1.025293
684.4400,1.292750
684.4600,1.286262
684.4800,1.047692
684.5000,0.697270
684.5200,0.387596
684.5400,0.279425
684.5600,0.335695
684.5800,0.298354
684.6000,0.495488
684.6200,0.711790
684.6400,0.957734
684.6600,1.028994
684.6800,1.596360
684.7000,2.368952
684.7200,2.312142
684.7400,2.000229
684.7600,1.728543
684.7800,1.066507
684.8000,0.649029
684.8200,0.459775
684.8400,0.767570
684.8600,1.416393
684.8800,1.098368
684.9000,1.230023
684.9200,1.435158
684.9400,2.109605
684.9600,2.421217
684.9800,3.410137
685.0000,3.600000
685.0200,3.600000
685.0400,3.598953
685.0600,2.234262
685.0800,1.203224
685.1000,0.088598
685.1200,0.046931
685.1400,0.047923
685.1600,0.077018
685.1800,0.078456
685.2000,0.143872
685.2200,0.367393
685.2400,0.300904
685.2600,0.544943
685.2800,0.388733
685.3000,0.575613
685.3200,0.699884
685.3400,0.546571
685.3600,1.020237
685.3800,1.318842
685.4000,1.616131
685.4200,1.160570
685.4400,0.816836
685.4600,0.449236
685.4800,0.269069
685.5000,0.171826
685.5200,0.578503
685.5400,1.110621
685.5600,1.120787
685.5800,1.368685
685.6000,1.459271
685.6200,1.363337
685.6400,0.943269
685.6600,0.753861
685.6800,0.796205
685.7000,0.447805
685.7200,0.244657
685.7400,0.176151
685.7600,0.117079
685.7800,0.427210
685.8000,0.810935
685.8200,0.736552
685.8400,0.608769
685.8600,0.575696
685.8800,0.966135
685.9000,1.162489
685.9200,0.817688
685.9400,0.452630
685.9600,0.253113
685.9800,0.326912
686.0000,0.560543
686.0200,0.320488
686.0400,0.296219
686.0600,0.374942
686.0800,0.301112
686.1000,0.496391
686.1200,0.314655
686.1400,0.452483
686.1600,1.149589
686.1800,1.843528
686.2000,1.934235
686.2200,2.191066
686.2400,3.292456
686.2600,3.497442
686.2800,3.514904
686.3000,3.264104
686.3200,3.595187
686.3400,3.393959
686.3600,2.941376
686.3800,3.057778
686.4000,2.921512
686.4200,2.765279
686.4400,2.514563
686.4600,3.062515
686.4800,2.372771
686.5000,1.529507
686.5200,0.863312
686.5400,0.673187
686.5600,0.484446
686.5800,0.332568
686.6000,0.222967
686.6200,0.228176
686.6400,0.358341
686.6600,0.533377
686.6800,0.400512
686.7000,0.372522
686.7200,0.477325
686.7400,0.542543
686.7600,0.460760
686.7800,0.482089
686.8000,0.796740
686.8200,0.642188
686.8400,0.400735
686.8600,0.723954
686.8800,0.671029
686.9000,0.394291
686.9200,0.683861
686.9400,1.346894
686.9600,2.085053
686.9800,2.350247
687.0000,2.523412
687.0200,2.810927
687.0400,2.262504
687.0600,1.656922
687.0800,1.472086
687.1000,1.352179
687.1200,0.877279
687.1400,0.480680
687.1600,0.682687
687.1800,1.681766
687.2000,2.379117
687.2200,2.520260
687.2400,2.858097
687.2600,3.000195
687.2800,2.954119
687.3000,3.096611
687.3200,3.025504
687.3400,2.936986
687.3600,2.925308
687.3800,2.654810
687.4000,2.088798
687.4200,1.762413
687.4400,1.909663
687.4600,2.014667
687.4800,1.417647
687.5000,1.046856
687.5200,1.025293
687.5400,1.292750
687.5600,1.286262
687.5800,1.047692
687.6000,0.697270
687.6200,0.387596
687.6400,0.279425
687.6600,0.335695
687.6800,0.298354
687.7000,0.495488
687.7200,0.711790
687.7400,0.957734
687.7600,1.028994
687.7800,1.596360
687.8000,2.368952
687.8200,2.312142
687.8400,2.000229
687.8600,1.728543
687.8800,1.066507
687.9000,0.649029
687.9200,0.459775
687.9400,0.767570
687.9600,1.416393
687.9800,1.098368
688.0000,1.230023
688.0200,1.435158
688.0400,2.109605
688.0600,2.421217
688.0800,3.410137
688.1000,3.600000
688.1200,3.600000
688.1400,3.598953
688.1600,2.234262
688.1800,1.203224
688.2000,0.088598
688.2200,0.046931
688.2400,0.047923
688.2600,0.077018
688.2800,0.078456
688.3000,0.143872
688.3200,0.367393
688.3400,0.300904
688.3600,0.544943
688.3800,0.388733
688.4000,0.575613
688.4200,0.699884
688.4400,0.546571
688.4600,1.020237
688.4800,1.318842
688.5000,1.616131
688.5200,1.160570
688.5400,0.816836
688.5600,0.449236
688.5800,0.269069
688.6000,0.171826
688.6200,0.578503
688.6400,1.110621
688.6600,1.120787
688.6800,1.368685
688.7000,1.459271
688.7200,1.363337
688.7400,0.943269
688.7600,0.753861
688.7800,0.796205
688.8000,0.447805
688.8200,0.244657
688.8400,0.176151
688.8600,0.117079
688.8800,0.427210
688.9000,0.810935
688.9200,0.736552
688.9400,0.608769
688.9600,0.575696
688.9800,0.966135
689.0000,1.162489
689.0200,0.817688
689.0400,0.452630
689.0600,0.253113
689.0800,0.326912
689.1000,0.560543
689.1200,0.320488
689.1400,0.296219
689.1600,0.374942
689.1800,0.301112
689.2000,0.496391
689.2200,0.314655
689.2400,0.452483
689.2600,1.149589
689.2800,1.843528
689.3000,1.934235
689.3200,2.191066
689.3400,3.292456
689.3600,3.497442
689.3800,3.514904
689.4000,3.264104
689.4200,3.595187
689.4400,3.393959
689.4600,2.941376
689.4800,3.057778
689.5000,2.921512
689.5200,2.765279
689.5400,2.514563
689.5600,3.062515
689.5800,2.372771
689.6000,1.529507
689.6200,0.863312
689.6400,0.673187
689.6600,0.484446
689.6800,0.332568
689.7000,0.222967
689.7200,0.228176
689.7400,0.358341
689.7600,0.533377
689.7800,0.400512
689.8000,0.372522
689.8200,0.477325
689.8400,0.542543
689.8600,0.460760
689.8800,0.482089
689.9000,0.796740
689.9200,0.642188
689.9400,0.400735
689.9600,0.723954
689.9800,0.671029
690.0000,0.394291
690.0200,0.683861
690.0400,1.346894
690.0600,2.085053
690.0800,2.350247
690.1000,2.523412
690.1200,2.810927
690.1400,2.262504
690.1600,1.656922
690.1800,1.472086
690.2000,1.352179
690.2200,0.877279
690.2400,0.480680
690.2600,0.682687
690.2800,1.681766
690.3000,2.379117
690.3200,2.520260
690.3400,2.858097
690.3600,3.000195
690.3800,2.954119
690.4000,3.096611
690.4200,3.025504
690.4400,2.936986
690.4600,2.925308
690.4800,2.654810
690.5000,2.088798
690.5200,1.762413
690.5400,1.909663
690.5600,2.014667
690.5800,1.417647
690.6000,1.046856
690.6200,1.025293
690.6400,1.292750
690.6600,1.286262
690.6800,1.047692
690.7000,0.697270
690.7200,0.387596
690.7400,0.279425
690.7600,0.335695
690.7800,0.298354
690.8000,0.495488
690.8200,0.711790
690.8400,0.957734
690.8600,1.028994
690.8800,1.596360
690.9000,2.368952
690.9200,2.312142
690.9400,2.000229
690.9600,1.728543
690.9800,1.066507
691.0000,0.649029
691.0200,0.459775
691.0400,0.767570
691.0600,1.416393
691.0800,1.098368
691.1000,1.230023
691.1200,1.435158
691.1400,2.109605
691.1600,2.421217
691.1800,3.410137
691.2000,3.600000
691.2200,3.600000
691.2400,3.598953
691.2600,2.234262
691.2800,1.203224
691.3000,0.088598
691.3200,0.046931
691.3400,0.047923
691.3600,0.077018
691.3800,0.078456
691.4000,0.143872
691.4200,0.367393
691.4400,0.300904
691.4600,0.544943
691.4800,0.388733
691.5000,0.575613
691.5200,0.699884
691.5400,0.546571
691.5600,1.020237
691.5800,1.318842
691.6000,1.616131
691.6200,1.160570
691.6400,0.816836
691.6600,0.449236
691.6800,0.269069
691.7000,0.171826
691.7200,0.578503
691.7400,1.110621
691.7600,1.120787
691.7800,1.368685
691.8000,1.459271
691.8200,1.363337
691.8400,0.943269
691.8600,0.753861
691.8800,0.796205
691.9000,0.447805
691.9200,0.244657
691.9400,0.176151
691.9600,0.117079
691.9800,0.427210
692.0000,0.810935
692.0200,0.736552
692.0400,0.608769
692.0600,0.575696
692.0800,0.966135
692.1000,1.162489
692.1200,0.817688
692.1400,0.452630
692.1600,0.253113
692.1800,0.326912
692.2000,0.560543
692.2200,0.320488
692.2400,0.296219
692.2600,0.374942
692.2800,0.301112
692.3000,0.496391
692.3200,0.314655
692.3400,0.452483
692.3600,1.149589
692.3800,1.843528
692.4000,1.934235
692.4200,2.191066
692.4400,3.292456
692.4600,3.497442
692.4800,3.514904
692.5000,3.264104
692.5200,3.595187
692.5400,3.393959
692.5600,2.941376
692.5800,3.057778
692.6000,2.921512
692.6200,2.765279
692.6400,2.514563
692.6600,3.062515
692.6800,2.372771
692.7000,1.529507
692.7200,0.863312
692.7400,0.673187
692.7600,0.484446
692.7800,0.332568
692.8000,0.222967
692.8200,0.228176
692.8400,0.358341
692.8600,0.533377
692.8800,0.400512
692.9000,0.372522
692.9200,0.477325
692.9400,0.542543
692.9600,0.460760
692.9800,0.482089
693.0000,0.796740
693.0200,0.642188
693.0400,0.400735
693.0600,0.723954
693.0800,0.671029
693.1000,0.394291
693.1200,0.683861
693.1400,1.346894
693.1600,2.085053
693.1800,2.350247
693.2000,2.523412
693.2200,2.810927
693.2400,2.262504
693.2600,1.656922
693.2800,1.472086
693.3000,1.352179
693.3200,0.877279
693.3400,0.480680
693.3600,0.682687
693.3800,1.681766
693.4000,2.379117
693.4200,2.520260
693.4400,2.858097
693.4600,3.000195
693.4800,2.954119
693.5000,3.096611
693.5200,3.025504
693.5400,2.936986
693.5600,2.925308
693.5800,2.654810
693.6000,2.088798
693.6200,1.762413
693.6400,1.909663
693.6600,2.014667
693.6800,1.417647
693.7000,1.046856
693.7200,1.025293
693.7400,1.292750
693.7600,1.286262
693.7800,1.047692
693.8000,0.697270
693.8200,0.387596
693.8400,0.279425
693.8600,0.335695
693.8800,0.298354
693.9000,0.495488
693.9200,0.711790
693.9400,0.957734
693.9600,1.028994
693.9800,1.596360
694.0000,2.368952
694.0200,2.312142
694.0400,2.000229
694.0600,1.728543
694.0800,1.066507
694.1000,0.649029
694.1200,0.459775
694.1400,0.767570
694.1600,1.416393
694.1800,1.098368
694.2000,1.230023
694.2200,1.435158
694.2400,2.109605
694.2600,2.421217
694.2800,3.410137
694.3000,3.600000
694.3200,3.600000
694.3400,3.598953
694.3600,2.234262
694.3800,1.203224
694.4000,0.088598
694.4200,0.046931
694.4400,0.047923
694.4600,0.077018
694.4800,0.078456
694.5000,0.143872
694.5200,0.367393
694.5400,0.300904
694.5600,0.544943
694.5800,0.388733
694.6000,0.575613
694.6200,0.699884
694.6400,0.546571
694.6600,1.020237
694.6800,1.318842
694.7000,1.616131
694.7200,1.160570
694.7400,0.816836
694.7600,0.449236
694.7800,0.269069
694.8000,0.171826
694.8200,0.578503
694.8400,1.110621
694.8600,1.120787
694.8800,1.368685
694.9000,1.459271
694.9200,1.363337
694.9400,0.943269
694.9600,0.753861
694.9800,0.796205
695.0000,0.447805
695.0200,0.244657
695.0400,0.176151
695.0600,0.117079
695.0800,0.427210
695.1000,0.810935
695.1200,0.736552
695.1400,0.608769
695.1600,0.575696
695.1800,0.966135
695.2000,1.162489
695.2200,0.817688
695.2400,0.452630
695.2600,0.253113
695.2800,0.326912
695.3000,0.560543
695.3200,0.320488
695.3400,0.296219
695.3600,0.374942
695.3800,0.301112
695.4000,0.496391
695.4200,0.314655
695.4400,0.452483
695.4600,1.149589
695.4800,1.843528
695.5000,1.934235
695.5200,2.191066
695.5400,3.292456
695.5600,3.497442
695.5800,3.514904
695.6000,3.264104
695.6200,3.595187
695.6400,3.393959
695.6600,2.941376
695.6800,3.057778
695.7000,2.921512
695.7200,2.765279
695.7400,2.514563
695.7600,3.062515
695.7800,2.372771
695.8000,1.529507
695.8200,0.863312
695.8400,0.673187
695.8600,0.484446
695.8800,0.332568
695.9000,0.222967
695.9200,0.228176
695.9400,0.358341
695.9600,0.533377
695.9800,0.400512
696.0000,0.372522
696.0200,0.477325
696.0400,0.542543
696.0600,0.460760
696.0800,0.482089
696.1000,0.796740
696.1200,0.642188
696.1400,0.400735
696.1600,0.723954
696.1800,0.671029
696.2000,0.394291
696.2200,0.683861
696.2400,1.346894
696.2600,2.085053
696.2800,2.350247
696.3000,2.523412
696.3200,2.810927
696.3400,2.262504
696.3600,1.656922
696.3800,1.472086
696.4000,1.352179
696.4200,0.877279
696.4400,0.480680
696.4600,0.682687
696.4800,1.681766
696.5000,2.379117
696.5200,2.520260
696.5400,2.858097
696.5600,3.000195
696.5800,2.954119
696.6000,3.096611
696.6200,3.025504
696.6400,2.936986
696.6600,2.925308
696.6800,2.654810
696.7000,2.088798
696.7200,1.762413
696.7400,1.909663
696.7600,2.014667
696.7800,1.417647
696.8000,1.046856
696.8200,1.025293
696.8400,1.292750
696.8600,1.286262
696.8800,1.047692
696.9000,0.697270
696.9200,0.387596
696.9400,0.279425
696.9600,0.335695
696.9800,0.298354
697.0000,0.495488
697.0200,0.711790
697.0400,0.957734
697.0600,1.028994
697.0800,1.596360
697.1000,2.368952
697.1200,2.312142
697.1400,2.000229
697.1600,1.728543
697.1800,1.066507
697.2000,0.649029
697.2200,0.459775
697.2400,0.767570
697.2600,1.416393
697.2800,1.098368
697.3000,1.230023
697.3200,1.435158
697.3400,2.109605
697.3600,2.421217
697.3800,3.410137
697.4000,3.600000
697.4200,3.600000
697.4400,3.598953
697.4600,2.234262
697.4800,1.203224
697.5000,0.088598
697.5200,0.046931
697.5400,0.047923
697.5600,0.077018
697.5800,0.078456
697.6000,0.143872
697.6200,0.367393
697.6400,0.300904
697.6600,0.544943
697.6800,0.388733
697.7000,0.575613
697.7200,0.699884
697.7400,0.546571
697.7600,1.020237
697.7800,1.318842
697.8000,1.616131
697.8200,1.160570
697.8400,0.816836
697.8600,0.449236
697.8800,0.269069
697.9000,0.171826
697.9200,0.578503
697.9400,1.110621
697.9600,1.120787
697.9800,1.368685
698.0000,1.459271
698.0200,1.363337
698.0400,0.943269
698.0600,0.753861
698.0800,0.796205
698.1000,0.447805
698.1200,0.244657
698.1400,0.176151
698.1600,0.117079
698.1800,0.427210
698.2000,0.810935
698.2200,0.736552
698.2400,0.608769
698.2600,0.575696
698.2800,0.966135
698.3000,1.162489
698.3200,0.817688
698.3400,0.452630
698.3600,0.253113
698.3800,0.326912
698.4000,0.560543
698.4200,0.320488
698.4400,0.296219
698.4600,0.374942
698.4800,0.301112
698.5000,0.496391
698.5200,0.314655
698.5400,0.452483
698.5600,1.149589
698.5800,1.843528
698.6000,1.934235
698.6200,2.191066
698.6400,3.292456
698.6600,3.497442
698.6800,3.514904
698.7000,3.264104
698.7200,3.595187
698.7400,3.393959
698.7600,2.941376
698.7800,3.057778
698.8000,2.921512
698.8200,2.765279
698.8400,2.514563
698.8600,3.062515
698.8800,2.372771
698.9000,1.529507
698.9200,0.863312
698.9400,0.673187
698.9600,0.484446
698.9800,0.332568
699.0000,0.222967
699.0200,0.228176
699.0400,0.358341
699.0600,0.533377
699.0800,0.400512
699.1000,0.372522
699.1200,0.477325
699.1400,0.542543
699.1600,0.460760
699.1800,0.482089
699.2000,0.796740
699.2200,0.642188
699.2400,0.400735
699.2600,0.723954
699.2800,0.671029
699.3000,0.394291
699.3200,0.683861
699.3400,1.346894
699.3600,2.085053
699.3800,2.350247
699.4000,2.523412
699.4200,2.810927
699.4400,2.262504
699.4600,1.656922
699.4800,1.472086
699.5000,1.352179
699.5200,0.877279
699.5400,0.480680
699.5600,0.682687
699.5800,1.681766
699.6000,2.379117
699.6200,2.520260
699.6400,2.858097
699.6600,3.000195
699.6800,2.954119
699.7000,3.096611
699.7200,3.025504
699.7400,2.936986
699.7600,2.925308
699.7800,2.654810
699.8000,2.088798
699.8200,1.762413
699.8400,1.909663
699.8600,2.014667
699.8800,1.417647
699.9000,1.046856
699.9200,1.025293
699.9400,1.292750
699.9600,1.286262
699.9800,1.047692
700.0000,0.697270
700.0200,0.387596
700.0400,0.279425
700.0600,0.335695
700.0800,0.298354
700.1000,0.495488
700.1200,0.711790
700.1400,0.957734
700.1600,1.028994
700.1800,1.596360
700.2000,2.368952
700.2200,2.312142
700.2400,2.000229
700.2600,1.728543
700.2800,1.066507
700.3000,0.649029
700.3200,0.459775
700.3400,0.767570
700.3600,1.416393
700.3800,1.098368
700.4000,1.230023
700.4200,1.435158
700.4400,2.109605
700.4600,2.421217
700.4800,3.410137
700.5000,3.600000
700.5200,3.600000
700.5400,3.598953
700.5600,2.234262
700.5800,1.203224
700.6000,0.088598
700.6200,0.046931
700.6400,0.047923
700.6600,0.077018
700.6800,0.078456
700.7000,0.143872
700.7200,0.367393
700.7400,0.300904
700.7600,0.544943
700.7800,0.388733
700.8000,0.575613
700.8200,0.699884
700.8400,0.546571
700.8600,1.020237
700.8800,1.318842
700.9000,1.616131
700.9200,1.160570
700.9400,0.816836
700.9600,0.449236
700.9800,0.269069
701.0000,0.171826
701.0200,0.578503
701.0400,1.110621
701.0600,1.120787
701.0800,1.368685
701.1000,1.459271
701.1200,1.363337
701.1400,0.943269
701.1600,0.753861
701.1800,0.796205
701.2000,0.447805
701.2200,0.244657
701.2400,0.176151
701.2600,0.117079
701.2800,0.427210
701.3000,0.810935
701.3200,0.736552
701.3400,0.608769
701.3600,0.575696
701.3800,0.966135
701.4000,1.162489
701.4200,0.817688
701.4400,0.452630
701.4600,0.253113
701.4800,0.326912
701.5000,0.560543
701.5200,0.320488
701.5400,0.296219
701.5600,0.374942
701.5800,0.301112
701.6000,0.496391
701.6200,0.314655
701.6400,0.452483
701.6600,1.149589
701.6800,1.843528
701.7000,1.934235
701.7200,2.191066
701.7400,3.292456
701.7600,3.497442
701.7800,3.514904
701.8000,3.264104
701.8200,3.595187
701.8400,3.393959
701.8600,2.941376
701.8800,3.057778
701.9000,2.921512
701.9200,2.765279
701.9400,2.514563
701.9600,3.062515
701.9800,2.372771
702.0000,1.529507
702.0200,0.863312
702.0400,0.673187
702.0600,0.484446
702.0800,0.332568
702.1000,0.222967
702.1200,0.228176
702.1400,0.358341
702.1600,0.533377
702.1800,0.400512
702.2000,0.372522
702.2200,0.477325
702.2400,0.542543
702.2600,0.460760
702.2800,0.482089
702.3000,0.796740
702.3200,0.642188
702.3400,0.400735
702.3600,0.723954
702.3800,0.671029
702.4000,0.394291
702.4200,0.683861
702.4400,1.346894
702.4600,2.085053
702.4800,2.350247
702.5000,2.523412
702.5200,2.810927
702.5400,2.262504
702.5600,1.656922
702.5800,1.472086
702.6000,1.352179
702.6200,0.877279
702.6400,0.480680
702.6600,0.682687
702.6800,1.681766
702.7000,2.379117
702.7200,2.520260
702.7400,2.858097
702.7600,3.000195
702.7800,2.954119
702.8000,3.096611
702.8200,3.025504
702.8400,2.936986
702.8600,2.925308
702.8800,2.654810
702.9000,2.088798
702.9200,1.762413
702.9400,1.909663
702.9600,2.014667
702.9800,1.417647
703.0000,1.046856
703.0200,1.025293
703.0400,1.292750
703.0600,1.286262
703.0800,1.047692
703.1000,0.697270
703.1200,0.387596
703.1400,0.279425
703.1600,0.335695
703.1800,0.298354
703.2000,0.495488
703.2200,0.711790
703.2400,0.957734
703.2600,1.028994
703.2800,1.596360
703.3000,2.368952
703.3200,2.312142
703.3400,2.000229
703.3600,1.728543
703.3800,1.066507
703.4000,0.649029
703.4200,0.459775
703.4400,0.767570
703.4600,1.416393
703.4800,1.098368
703.5000,1.230023
703.5200,1.435158
703.5400,2.109605
703.5600,2.421217
703.5800,3.410137
703.6000,3.600000
703.6200,3.600000
703.6400,3.598953
703.6600,2.234262
703.6800,1.203224
703.7000,0.088598
703.7200,0.046931
703.7400,0.047923
703.7600,0.077018
703.7800,0.078456
703.8000,0.143872
703.8200,0.367393
703.8400,0.300904
703.8600,0.544943
703.8800,0.388733
703.9000,0.575613
703.9200,0.699884
703.9400,0.546571
703.9600,1.020237
703.9800,1.318842
704.0000,1.616131
704.0200,1.160570
704.0400,0.816836
704.0600,0.449236
704.0800,0.269069
704.1000,0.171826
704.1200,0.578503
704.1400,1.110621
704.1600,1.120787
704.1800,1.368685
704.2000,1.459271
704.2200,1.363337
704.2400,0.943269
704.2600,0.753861
704.2800,0.796205
704.3000,0.447805
704.3200,0.244657
704.3400,0.176151
704.3600,0.117079
704.3800,0.427210
704.4000,0.810935
704.4200,0.736552
704.4400,0.608769
704.4600,0.575696
704.4800,0.966135
704.5000,1.162489
704.5200,0.817688
704.5400,0.452630
704.5600,0.253113
704.5800,0.326912
704.6000,0.560543
704.6200,0.320488
704.6400,0.296219
704.6600,0.374942
704.6800,0.301112
704.7000,0.496391
704.7200,0.314655
704.7400,0.452483
704.7600,1.149589
704.7800,1.843528
704.8000,1.934235
704.8200,2.191066
704.8400,3.292456
704.8600,3.497442
704.8800,3.514904
704.9000,3.264104
704.9200,3.595187
704.9400,3.393959
704.9600,2.941376
704.9800,3.057778
705.0000,2.921512
705.0200,2.765279
705.0400,2.514563
705.0600,3.062515
705.0800,2.372771
705.1000,1.529507
705.1200,0.863312
705.1400,0.673187
705.1600,0.484446
705.1800,0.332568
705.2000,0.222967
705.2200,0.228176
705.2400,0.358341
705.2600,0.533377
705.2800,0.400512
705.3000,0.372522
705.3200,0.477325
705.3400,0.542543
705.3600,0.460760
705.3800,0.482089
705.4000,0.796740
705.4200,0.642188
705.4400,0.400735
705.4600,0.723954
705.4800,0.671029
705.5000,0.394291
705.5200,0.683861
705.5400,1.346894
705.5600,2.085053
705.5800,2.350247
705.6000,2.523412
705.6200,2.810927
705.6400,2.262504
705.6600,1.656922
705.6800,1.472086
705.7000,1.352179
705.7200,0.877279
705.7400,0.480680
705.7600,0.682687
705.7800,1.681766
705.8000,2.379117
705.8200,2.520260
705.8400,2.858097
705.8600,3.000195
705.8800,2.954119
705.9000,3.096611
705.9200,3.025504
705.9400,2.936986
705.9600,2.925308
705.9800,2.654810
706.0000,2.088798
706.0200,1.762413
706.0400,1.909663
706.0600,2.014667
706.0800,1.417647
706.1000,1.046856
706.1200,1.025293
706.1400,1.292750
706.1600,1.286262
706.1800,1.047692
706.2000,0.697270
706.2200,0.387596
706.2400,0.279425
706.2600,0.335695
706.2800,0.298354
706.3000,0.495488
706.3200,0.711790
706.3400,0.957734
706.3600,1.028994
706.3800,1.596360
706.4000,2.368952
706.4200,2.312142
706.4400,2.000229
706.4600,1.728543
706.4800,1.066507
706.5000,0.649029
706.5200,0.459775
706.5400,0.767570
706.5600,1.416393
706.5800,1.098368
706.6000,1.230023
706.6200,1.435158
706.6400,2.109605
706.6600,2.421217
706.6800,3.410137
706.7000,3.600000
706.7200,3.600000
706.7400,3.598953
706.7600,2.234262
706.7800,1.203224
706.8000,0.088598
706.8200,0.046931
706.8400,0.047923
706.8600,0.077018
706.8800,0.078456
706.9000,0.143872
706.9200,0.367393
706.9400,0.300904
706.9600,0.544943
706.9800,0.388733
707.0000,0.575613
707.0200,0.699884
707.0400,0.546571
707.0600,1.020237
707.0800,1.318842
707.1000,1.616131
707.1200,1.160570
707.1400,0.816836
707.1600,0.449236
707.1800,0.269069
707.2000,0.171826
707.2200,0.578503
707.2400,1.110621
707.2600,1.120787
707.2800,1.368685
707.3000,1.459271
707.3200,1.363337
707.3400,0.943269
707.3600,0.753861
707.3800,0.796205
707.4000,0.447805
707.4200,0.244657
707.4400,0.176151
707.4600,0.117079
707.4800,0.427210
707.5000,0.810935
707.5200,0.736552
707.5400,0.608769
707.5600,0.575696
707.5800,0.966135
707.6000,1.162489
707.6200,0.817688
707.6400,0.452630
707.6600,0.253113
707.6800,0.326912
707.7000,0.560543
707.7200,0.320488
707.7400,0.296219
707.7600,0.374942
707.7800,0.301112
707.8000,0.496391
707.8200,0.314655
707.8400,0.452483
707.8600,1.149589
707.8800,1.843528
707.9000,1.934235
707.9200,2.191066
707.9400,3.292456
707.9600,3.497442
707.9800,3.514904
708.0000,3.264104
708.0200,3.595187
708.0400,3.393959
708.0600,2.941376
708.0800,3.057778
708.1000,2.921512
708.1200,2.765279
708.1400,2.514563
708.1600,3.062515
708.1800,2.372771
708.2000,1.529507
708.2200,0.863312
708.2400,0.673187
708.2600,0.484446
708.2800,0.332568
708.3000,0.222967
708.3200,0.228176
708.3400,0.358341
708.3600,0.533377
708.3800,0.400512
708.4000,0.372522
708.4200,0.477325
708.4400,0.542543
708.4600,0.460760
708.4800,0.482089
708.5000,0.796740
708.5200,0.642188
708.5400,0.400735
708.5600,0.723954
708.5800,0.671029
708.6000,0.394291
708.6200,0.683861
708.6400,1.346894
708.6600,2.085053
708.6800,2.350247
708.7000,2.523412
708.7200,2.810927
708.7400,2.262504
708.7600,1.656922
708.7800,1.472086
708.8000,1.352179
708.8200,0.877279
708.8400,0.480680
708.8600,0.682687
708.8800,1.681766
708.9000,2.379117
708.9200,2.520260
708.9400,2.858097
708.9600,3.000195
708.9800,2.954119
709.0000,3.096611
709.0200,3.025504
709.0400,2.936986
709.0600,2.925308
709.0800,2.654810
709.1000,2.088798
709.1200,1.762413
709.1400,1.909663
709.1600,2.014667
709.1800,1.417647
709.2000,1.046856
709.2200,1.025293
709.2400,1.292750
709.2600,1.286262
709.2800,1.047692
709.3000,0.697270
709.3200,0.387596
709.3400,0.279425
709.3600,0.335695
709.3800,0.298354
709.4000,0.495488
709.4200,0.711790
709.4400,0.957734
709.4600,1.028994
709.4800,1.596360
709.5000,2.368952
709.5200,2.312142
709.5400,2.000229
709.5600,1.728543
709.5800,1.066507
709.6000,0.649029
709.6200,0.459775
709.6400,0.767570
709.6600,1.416393
709.6800,1.098368
709.7000,1.230023
709.7200,1.435158
709.7400,2.109605
709.7600,2.421217
709.7800,3.410137
709.8000,3.600000
709.8200,3.600000
709.8400,3.598953
709.8600,2.234262
709.8800,1.203224
709.9000,0.088598
709.9200,0.046931
709.9400,0.047923
709.9600,0.077018
709.9800,0.078456
710.0000,0.143872
710.0200,0.367393
710.0400,0.300904
710.0600,0.544943
710.0800,0.388733
710.1000,0.575613
710.1200,0.699884
710.1400,0.546571
710.1600,1.020237
710.1800,1.318842
710.2000,1.616131
710.2200,1.160570
710.2400,0.816836
710.2600,0.449236
710.2800,0.269069
710.3000,0.171826
710.3200,0.578503
710.3400,1.110621
710.3600,1.120787
710.3800,1.368685
710.4000,1.459271
710.4200,1.363337
710.4400,0.943269
710.4600,0.753861
710.4800,0.796205
710.5000,0.447805
710.5200,0.244657
710.5400,0.176151
710.5600,0.117079
710.5800,0.427210
710.6000,0.810935
710.6200,0.736552
710.6400,0.608769
710.6600,0.575696
710.6800,0.966135
710.7000,1.162489
710.7200,0.817688
710.7400,0.452630
710.7600,0.253113
710.7800,0.326912
710.8000,0.560543
710.8200,0.320488
710.8400,0.296219
710.8600,0.374942
710.8800,0.301112
710.9000,0.496391
710.9200,0.314655
710.9400,0.452483
710.9600,1.149589
710.9800,1.843528
711.0000,1.934235
711.0200,2.191066
711.0400,3.292456
711.0600,3.497442
711.0800,3.514904
711.1000,3.264104
711.1200,3.595187
711.1400,3.393959
711.1600,2.941376
711.1800,3.057778
711.2000,2.921512
711.2200,2.765279
711.2400,2.514563
711.2600,3.062515
711.2800,2.372771
711.3000,1.529507
711.3200,0.863312
711.3400,0.673187
711.3600,0.484446
711.3800,0.332568
711.4000,0.222967
711.4200,0.228176
711.4400,0.358341
711.4600,0.533377
711.4800,0.400512
711.5000,0.372522
711.5200,0.477325
711.5400,0.542543
711.5600,0.460760
711.5800,0.482089
711.6000,0.796740
711.6200,0.642188
711.6400,0.400735
711.6600,0.723954
711.6800,0.671029
711.7000,0.394291
711.7200,0.683861
711.7400,1.346894
711.7600,2.085053
711.7800,2.350247
711.8000,2.523412
711.8200,2.810927
711.8400,2.262504
711.8600,1.656922
711.8800,1.472086
711.9000,1.352179
711.9200,0.877279
711.9400,0.480680
711.9600,0.682687
711.9800,1.681766
712.0000,2.379117
712.0200,2.520260
712.0400,2.858097
712.0600,3.000195
712.0800,2.954119
712.1000,3.096611
712.1200,3.025504
712.1400,2.936986
712.1600,2.925308
712.1800,2.654810
712.2000,2.088798
712.2200,1.762413
712.2400,1.909663
712.2600,2.014667
712.2800,1.417647
712.3000,1.046856
712.3200,1.025293
712.3400,1.292750
712.3600,1.286262
712.3800,1.047692
712.4000,0.697270
712.4200,0.387596
712.4400,0.279425
712.4600,0.335695
712.4800,0.298354
712.5000,0.495488
712.5200,0.711790
712.5400,0.957734
712.5600,1.028994
712.5800,1.596360
712.6000,2.368952
712.6200,2.312142
712.6400,2.000229
712.6600,1.728543
712.6800,1.066507
712.7000,0.649029
712.7200,0.459775
712.7400,0.767570
712.7600,1.416393
712.7800,1.098368
712.8000,1.230023
712.8200,1.435158
712.8400,2.109605
712.8600,2.421217
712.8800,3.410137
712.9000,3.600000
712.9200,3.600000
712.9400,3.598953
712.9600,2.234262
712.9800,1.203224
713.0000,0.088598
713.0200,0.046931
713.0400,0.047923
713.0600,0.077018
713.0800,0.078456
713.1000,0.143872
713.1200,0.367393
713.1400,0.300904
713.1600,0.544943
713.1800,0.388733
713.2000,0.575613
713.2200,0.699884
713.2400,0.546571
713.2600,1.020237
713.2800,1.318842
713.3000,1.616131
713.3200,1.160570
713.3400,0.816836
713.3600,0.449236
713.3800,0.269069
713.4000,0.171826
713.4200,0.578503
713.4400,1.110621
713.4600,1.120787
713.4800,1.368685
713.5000,1.459271
713.5200,1.363337
713.5400,0.943269
713.5600,0.753861
713.5800,0.796205
713.6000,0.447805
713.6200,0.244657
713.6400,0.176151
713.6600,0.117079
713.6800,0.427210
713.7000,0.810935
713.7200,0.736552
713.7400,0.608769
713.7600,0.575696
713.7800,0.966135
713.8000,1.162489
713.8200,0.817688
713.8400,0.452630
713.8600,0.253113
713.8800,0.326912
713.9000,0.560543
713.9200,0.320488
713.9400,0.296219
713.9600,0.374942
713.9800,0.301112
714.0000,0.496391
714.0200,0.314655
714.0400,0.452483
714.0600,1.149589
714.0800,1.843528
714.1000,1.934235
714.1200,2.191066
714.1400,3.292456
714.1600,3.497442
714.1800,3.514904
714.2000,3.264104
714.2200,3.595187
714.2400,3.393959
714.2600,2.941376
714.2800,3.057778
714.3000,2.921512
714.3200,2.765279
714.3400,2.514563
714.3600,3.062515
714.3800,2.372771
714.4000,1.529507
714.4200,0.863312
714.4400,0.673187
714.4600,0.484446
714.4800,0.332568
714.5000,0.222967
714.5200,0.228176
714.5400,0.358341
714.5600,0.533377
714.5800,0.400512
714.6000,0.372522
714.6200,0.477325
714.6400,0.542543
714.6600,0.460760
714.6800,0.482089
714.7000,0.796740
714.7200,0.642188
714.7400,0.400735
714.7600,0.723954
714.7800,0.671029
714.8000,0.394291
714.8200,0.683861
714.8400,1.346894
714.8600,2.085053
714.8800,2.350247
714.9000,2.523412
714.9200,2.810927
714.9400,2.262504
714.9600,1.656922
714.9800,1.472086
715.0000,1.352179
715.0200,0.877279
715.0400,0.480680
715.0600,0.682687
715.0800,1.681766
715.1000,2.379117
715.1200,2.520260
715.1400,2.858097
715.1600,3.000195
715.1800,2.954119
715.2000,3.096611
715.2200,3.025504
715.2400,2.936986
715.2600,2.925308
715.2800,2.654810
715.3000,2.088798
715.3200,1.762413
715.3400,1.909663
715.3600,2.014667
715.3800,1.417647
715.4000,1.046856
715.4200,1.025293
715.4400,1.292750
715.4600,1.286262
715.4800,1.047692
715.5000,0.697270
715.5200,0.387596
715.5400,0.279425
715.5600,0.335695
715.5800,0.298354
715.6000,0.495488
715.6200,0.711790
715.6400,0.957734
715.6600,1.028994
715.6800,1.596360
715.7000,2.368952
715.7200,2.312142
715.7400,2.000229
715.7600,1.728543
715.7800,1.066507
715.8000,0.649029
715.8200,0.459775
715.8400,0.767570
715.8600,1.416393
715.8800,1.098368
715.9000,1.230023
715.9200,1.435158
715.9400,2.109605
715.9600,2.421217
715.9800,3.410137
716.0000,3.600000
716.0200,3.600000
716.0400,3.598953
716.0600,2.234262
716.0800,1.203224
716.1000,0.088598
716.1200,0.046931
716.1400,0.047923
716.1600,0.077018
716.1800,0.078456
716.2000,0.143872
716.2200,0.367393
716.2400,0.300904
716.2600,0.544943
716.2800,0.388733
716.3000,0.575613
716.3200,0.699884
716.3400,0.546571
716.3600,1.020237
716.3800,1.318842
716.4000,1.616131
716.4200,1.160570
716.4400,0.816836
716.4600,0.449236
716.4800,0.269069
716.5000,0.171826
716.5200,0.578503
716.5400,1.110621
716.5600,1.120787
716.5800,1.368685
716.6000,1.459271
716.6200,1.363337
716.6400,0.943269
716.6600,0.753861
716.6800,0.796205
716.7000,0.447805
716.7200,0.244657
716.7400,0.176151
716.7600,0.117079
716.7800,0.427210
716.8000,0.810935
716.8200,0.736552
716.8400,0.608769
716.8600,0.575696
716.8800,0.966135
716.9000,1.162489
716.9200,0.817688
716.9400,0.452630
716.9600,0.253113
716.9800,0.326912
717.0000,0.560543
717.0200,0.320488
717.0400,0.296219
717.0600,0.374942
717.0800,0.301112
717.1000,0.496391
717.1200,0.314655
717.1400,0.452483
717.1600,1.149589
717.1800,1.843528
717.2000,1.934235
717.2200,2.191066
717.2400,3.292456
717.2600,3.497442
717.2800,3.514904
717.3000,3.264104
717.3200,3.595187
717.3400,3.393959
717.3600,2.941376
717.3800,3.057778
717.4000,2.921512
717.4200,2.765279
717.4400,2.514563
717.4600,3.062515
717.4800,2.372771
717.5000,1.529507
717.5200,0.863312
717.5400,0.673187
717.5600,0.484446
717.5800,0.332568
717.6000,0.222967
717.6200,0.228176
717.6400,0.358341
717.6600,0.533377
717.6800,0.400512
717.7000,0.372522
717.7200,0.477325
717.7400,0.542543
717.7600,0.460760
717.7800,0.482089
717.8000,0.796740
717.8200,0.642188
717.8400,0.400735
717.8600,0.723954
717.8800,0.671029
717.9000,0.394291
717.9200,0.683861
717.9400,1.346894
717.9600,2.085053
717.9800,2.350247
718.0000,2.523412
718.0200,2.810927
718.0400,2.262504
718.0600,1.656922
718.0800,1.472086
718.1000,1.352179
718.1200,0.877279
718.1400,0.480680
718.1600,0.682687
718.1800,1.681766
718.2000,2.379117
718.2200,2.520260
718.2400,2.858097
718.2600,3.000195
718.2800,2.954119
718.3000,3.096611
718.3200,3.025504
718.3400,2.936986
718.3600,2.925308
718.3800,2.654810
718.4000,2.088798
718.4200,1.762413
718.4400,1.909663
718.4600,2.014667
718.4800,1.417647
718.5000,1.046856
718.5200,1.025293
718.5400,1.292750
718.5600,1.286262
718.5800,1.047692
718.6000,0.697270
718.6200,0.387596
718.6400,0.279425
718.6600,0.335695
718.6800,0.298354
718.7000,0.495488
718.7200,0.711790
718.7400,0.957734
718.7600,1.028994
718.7800,1.596360
718.8000,2.368952
718.8200,2.312142
718.8400,2.000229
718.8600,1.728543
718.8800,1.066507
718.9000,0.649029
718.9200,0.459775
718.9400,0.767570
718.9600,1.416393
718.9800,1.098368
719.0000,1.230023
719.0200,1.435158
719.0400,2.109605
719.0600,2.421217
719.0800,3.410137
719.1000,3.600000
719.1200,3.600000
719.1400,3.598953
719.1600,2.234262
719.1800,1.203224
719.2000,0.088598
719.2200,0.046931
719.2400,0.047923
719.2600,0.077018
719.2800,0.078456
719.3000,0.143872
719.3200,0.367393
719.3400,0.300904
719.3600,0.544943
719.3800,0.388733
719.4000,0.575613
719.4200,0.699884
719.4400,0.546571
719.4600,1.020237
719.4800,1.318842
719.5000,1.616131
719.5200,1.160570
719.5400,0.816836
719.5600,0.449236
719.5800,0.269069
719.6000,0.171826
719.6200,0.578503
719.6400,1.110621
719.6600,1.120787
719.6800,1.368685
719.7000,1.459271
719.7200,1.363337
719.7400,0.943269
719.7600,0.753861
719.7800,0.796205
719.8000,0.447805
719.8200,0.244657
719.8400,0.176151
719.8600,0.117079
719.8800,0.427210
719.9000,0.810935
719.9200,0.736552
719.9400,0.608769
719.9600,0.575696
719.9800,0.966135
720.0000,1.162489
720.0200,0.817688
720.0400,0.452630
720.0600,0.253113
720.0800,0.326912
720.1000,0.560543
720.1200,0.320488
720.1400,0.296219
720.1600,0.374942
720.1800,0.301112
720.2000,0.496391
720.2200,0.314655
720.2400,0.452483
720.2600,1.149589
720.2800,1.843528
720.3000,1.934235
720.3200,2.191066
720.3400,3.292456
720.3600,3.497442
720.3800,3.514904
720.4000,3.264104
720.4200,3.595187
720.4400,3.393959
720.4600,2.941376
720.4800,3.057778
720.5000,2.921512
720.5200,2.765279
720.5400,2.514563
720.5600,3.062515
720.5800,2.372771
720.6000,1.529507
720.6200,0.863312
720.6400,0.673187
720.6600,0.484446
720.6800,0.332568
720.7000,0.222967
720.7200,0.228176
720.7400,0.358341
720.7600,0.533377
720.7800,0.400512
720.8000,0.372522
720.8200,0.477325
720.8400,0.542543
720.8600,0.460760
720.8800,0.482089
720.9000,0.796740
720.9200,0.642188
720.9400,0.400735
720.9600,0.723954
720.9800,0.671029
721.0000,0.394291
721.0200,0.683861
721.0400,1.346894
721.0600,2.085053
721.0800,2.350247
721.1000,2.523412
721.1200,2.810927
721.1400,2.262504
721.1600,1.656922
721.1800,1.472086
721.2000,1.352179
721.2200,0.877279
721.2400,0.480680
721.2600,0.682687
721.2800,1.681766
721.3000,2.379117
721.3200,2.520260
721.3400,2.858097
721.3600,3.000195
721.3800,2.954119
721.4000,3.096611
721.4200,3.025504
721.4400,2.936986
721.4600,2.925308
721.4800,2.654810
721.5000,2.088798
721.5200,1.762413
721.5400,1.909663
721.5600,2.014667
721.5800,1.417647
721.6000,1.046856
721.6200,1.025293
721.6400,1.292750
721.6600,1.286262
721.6800,1.047692
721.7000,0.697270
721.7200,0.387596
721.7400,0.279425
721.7600,0.335695
721.7800,0.298354
721.8000,0.495488
721.8200,0.711790
721.8400,0.957734
721.8600,1.028994
721.8800,1.596360
721.9000,2.368952
721.9200,2.312142
721.9400,2.000229
721.9600,1.728543
721.9800,1.066507
722.0000,0.649029
722.0200,0.459775
722.0400,0.767570
722.0600,1.416393
722.0800,1.098368
722.1000,1.230023
722.1200,1.435158
722.1400,2.109605
722.1600,2.421217
722.1800,3.410137
722.2000,3.600000
722.2200,3.600000
722.2400,3.598953
722.2600,2.234262
722.2800,1.203224
722.3000,0.088598
722.3200,0.046931
722.3400,0.047923
722.3600,0.077018
722.3800,0.078456
722.4000,0.143872
722.4200,0.367393
722.4400,0.300904
722.4600,0.544943
722.4800,0.388733
722.5000,0.575613
722.5200,0.699884
722.5400,0.546571
722.5600,1.020237
722.5800,1.318842
722.6000,1.616131
722.6200,1.160570
722.6400,0.816836
722.6600,0.449236
722.6800,0.269069
722.7000,0.171826
722.7200,0.578503
722.7400,1.110621
722.7600,1.120787
722.7800,1.368685
722.8000,1.459271
722.8200,1.363337
722.8400,0.943269
722.8600,0.753861
722.8800,0.796205
722.9000,0.447805
722.9200,0.244657
722.9400,0.176151
722.9600,0.117079
722.9800,0.427210
723.0000,0.810935
723.0200,0.736552
723.0400,0.608769
723.0600,0.575696
723.0800,0.966135
723.1000,1.162489
723.1200,0.817688
723.1400,0.452630
723.1600,0.253113
723.1800,0.326912
723.2000,0.560543
723.2200,0.320488
723.2400,0.296219
723.2600,0.374942
723.2800,0.301112
723.3000,0.496391
723.3200,0.314655
723.3400,0.452483
723.3600,1.149589
723.3800,1.843528
723.4000,1.934235
723.4200,2.191066
723.4400,3.292456
723.4600,3.497442
723.4800,3.514904
723.5000,3.264104
723.5200,3.595187
723.5400,3.393959
723.5600,2.941376
723.5800,3.057778
723.6000,2.921512
723.6200,2.765279
723.6400,2.514563
723.6600,3.062515
723.6800,2.372771
723.7000,1.529507
723.7200,0.863312
723.7400,0.673187
723.7600,0.484446
723.7800,0.332568
723.8000,0.222967
723.8200,0.228176
723.8400,0.358341
723.8600,0.533377
723.8800,0.400512
723.9000,0.372522
723.9200,0.477325
723.9400,0.542543
723.9600,0.460760
723.9800,0.482089
724.0000,0.796740
724.0200,0.642188
724.0400,0.400735
724.0600,0.723954
724.0800,0.671029
724.1000,0.394291
724.1200,0.683861
724.1400,1.346894
724.1600,2.085053
724.1800,2.350247
724.2000,2.523412
724.2200,2.810927
724.2400,2.262504
724.2600,1.656922
724.2800,1.472086
724.3000,1.352179
724.3200,0.877279
724.3400,0.480680
724.3600,0.682687
724.3800,1.681766
724.4000,2.379117
724.4200,2.520260
724.4400,2.858097
724.4600,3.000195
724.4800,2.954119
724.5000,3.096611
724.5200,3.025504
724.5400,2.936986
724.5600,2.925308
724.5800,2.654810
724.6000,2.088798
724.6200,1.762413
724.6400,1.909663
724.6600,2.014667
724.6800,1.417647
724.7000,1.046856
724.7200,1.025293
724.7400,1.292750
724.7600,1.286262
724.7800,1.047692
724.8000,0.697270
724.8200,0.387596
724.8400,0.279425
724.8600,0.335695
724.8800,0.298354
724.9000,0.495488
724.9200,0.711790
724.9400,0.957734
724.9600,1.028994
724.9800,1.596360
725.0000,2.368952
725.0200,2.312142
725.0400,2.000229
725.0600,1.728543
725.0800,1.066507
725.1000,0.649029
725.1200,0.459775
725.1400,0.767570
725.1600,1.416393
725.1800,1.098368
725.2000,1.230023
725.2200,1.435158
725.2400,2.109605
725.2600,2.421217
725.2800,3.410137
725.3000,3.600000
725.3200,3.600000
725.3400,3.598953
725.3600,2.234262
725.3800,1.203224
725.4000,0.088598
725.4200,0.046931
725.4400,0.047923
725.4600,0.077018
725.4800,0.078456
725.5000,0.143872
725.5200,0.367393
725.5400,0.300904
725.5600,0.544943
725.5800,0.388733
725.6000,0.575613
725.6200,0.699884
725.6400,0.546571
725.6600,1.020237
725.6800,1.318842
725.7000,1.616131
725.7200,1.160570
725.7400,0.816836
725.7600,0.449236
725.7800,0.269069
725.8000,0.171826
725.8200,0.578503
725.8400,1.110621
725.8600,1.120787
725.8800,1.368685
725.9000,1.459271
725.9200,1.363337
725.9400,0.943269
725.9600,0.753861
725.9800,0.796205
726.0000,0.447805
726.0200,0.244657
726.0400,0.176151
726.0600,0.117079
726.0800,0.427210
726.1000,0.810935
726.1200,0.736552
726.1400,0.608769
726.1600,0.575696
726.1800,0.966135
726.2000,1.162489
726.2200,0.817688
726.2400,0.452630
726.2600,0.253113
726.2800,0.326912
726.3000,0.560543
726.3200,0.320488
726.3400,0.296219
726.3600,0.374942
726.3800,0.301112
726.4000,0.496391
726.4200,0.314655
726.4400,0.452483
726.4600,1.149589
726.4800,1.843528
726.5000,1.934235
726.5200,2.191066
726.5400,3.292456
726.5600,3.497442
726.5800,3.514904
726.6000,3.264104
726.6200,3.595187
726.6400,3.393959
726.6600,2.941376
726.6800,3.057778
726.7000,2.921512
726.7200,2.765279
726.7400,2.514563
726.7600,3.062515
726.7800,2.372771
726.8000,1.529507
726.8200,0.863312
726.8400,0.673187
726.8600,0.484446
726.8800,0.332568
726.9000,0.222967
726.9200,0.228176
726.9400,0.358341
726.9600,0.533377
726.9800,0.400512
727.0000,0.372522
727.0200,0.477325
727.0400,0.542543
727.0600,0.460760
727.0800,0.482089
727.1000,0.796740
727.1200,0.642188
727.1400,0.400735
727.1600,0.723954
727.1800,0.671029
727.2000,0.394291
727.2200,0.683861
727.2400,1.346894
727.2600,2.085053
727.2800,2.350247
727.3000,2.523412
727.3200,2.810927
727.3400,2.262504
727.3600,1.656922
727.3800,1.472086
727.4000,1.352179
727.4200,0.877279
727.4400,0.480680
727.4600,0.682687
727.4800,1.681766
727.5000,2.379117
727.5200,2.520260
727.5400,2.858097
727.5600,3.000195
727.5800,2.954119
727.6000,3.096611
727.6200,3.025504
727.6400,2.936986
727.6600,2.925308
727.6800,2.654810
727.7000,2.088798
727.7200,1.762413
727.7400,1.909663
727.7600,2.014667
727.7800,1.417647
727.8000,1.046856
727.8200,1.025293
727.8400,1.292750
727.8600,1.286262
727.8800,1.047692
727.9000,0.697270
727.9200,0.387596
727.9400,0.279425
727.9600,0.335695
727.9800,0.298354
728.0000,0.495488
728.0200,0.711790
728.0400,0.957734
728.0600,1.028994
728.0800,1.596360
728.1000,2.368952
728.1200,2.312142
728.1400,2.000229
728.1600,1.728543
728.1800,1.066507
728.2000,0.649029
728.2200,0.459775
728.2400,0.767570
728.2600,1.416393
728.2800,1.098368
728.3000,1.230023
728.3200,1.435158
728.3400,2.109605
728.3600,2.421217
728.3800,3.410137
728.4000,3.600000
728.4200,3.600000
728.4400,3.598953
728.4600,2.234262
728.4800,1.203224
728.5000,0.088598
728.5200,0.046931
728.5400,0.047923
728.5600,0.077018
728.5800,0.078456
728.6000,0.143872
728.6200,0.367393
728.6400,0.300904
728.6600,0.544943
728.6800,0.388733
728.7000,0.575613
728.7200,0.699884
728.7400,0.546571
728.7600,1.020237
728.7800,1.318842
728.8000,1.616131
728.8200,1.160570
728.8400,0.816836
728.8600,0.449236
728.8800,0.269069
728.9000,0.171826
728.9200,0.578503
728.9400,1.110621
728.9600,1.120787
728.9800,1.368685
729.0000,1.459271
729.0200,1.363337
729.0400,0.943269
729.0600,0.753861
729.0800,0.796205
729.1000,0.447805
729.1200,0.244657
729.1400,0.176151
729.1600,0.117079
729.1800,0.427210
729.2000,0.810935
729.2200,0.736552
729.2400,0.608769
729.2600,0.575696
729.2800,0.966135
729.3000,1.162489
729.3200,0.817688
729.3400,0.452630
729.3600,0.253113
729.3800,0.326912
729.4000,0.560543
729.4200,0.320488
729.4400,0.296219
729.4600,0.374942
729.4800,0.301112
729.5000,0.496391
729.5200,0.314655
729.5400,0.452483
729.5600,1.149589
729.5800,1.843528
729.6000,1.934235
729.6200,2.191066
729.6400,3.292456
729.6600,3.497442
729.6800,3.514904
729.7000,3.264104
729.7200,3.595187
729.7400,3.393959
729.7600,2.941376
729.7800,3.057778
729.8000,2.921512
729.8200,2.765279
729.8400,2.514563
729.8600,3.062515
729.8800,2.372771
729.9000,1.529507
729.9200,0.863312
729.9400,0.673187
729.9600,0.484446
729.9800,0.332568
730.0000,0.222967
730.0200,0.228176
730.0400,0.358341
730.0600,0.533377
730.0800,0.400512
730.1000,0.372522
730.1200,0.477325
730.1400,0.542543
730.1600,0.460760
730.1800,0.482089
730.2000,0.796740
730.2200,0.642188
730.2400,0.400735
730.2600,0.723954
730.2800,0.671029
730.3000,0.394291
730.3200,0.683861
730.3400,1.346894
730.3600,2.085053
730.3800,2.350247
730.4000,2.523412
730.4200,2.810927
730.4400,2.262504
730.4600,1.656922
730.4800,1.472086
730.5000,1.352179
730.5200,0.877279
730.5400,0.480680
730.5600,0.682687
730.5800,1.681766
730.6000,2.379117
730.6200,2.520260
730.6400,2.858097
730.6600,3.000195
730.6800,2.954119
730.7000,3.096611
730.7200,3.025504
730.7400,2.936986
730.7600,2.925308
730.7800,2.654810
730.8000,2.088798
730.8200,1.762413
730.8400,1.909663
730.8600,2.014667
730.8800,1.417647
730.9000,1.046856
730.9200,1.025293
730.9400,1.292750
730.9600,1.286262
730.9800,1.047692
731.0000,0.697270
731.0200,0.387596
731.0400,0.279425
731.0600,0.335695
731.0800,0.298354
731.1000,0.495488
731.1200,0.711790
731.1400,0.957734
731.1600,1.028994
731.1800,1.596360
731.2000,2.368952
731.2200,2.312142
731.2400,2.000229
731.2600,1.728543
731.2800,1.066507
731.3000,0.649029
731.3200,0.459775
731.3400,0.767570
731.3600,1.416393
731.3800,1.098368
731.4000,1.230023
731.4200,1.435158
731.4400,2.109605
731.4600,2.421217
731.4800,3.410137
731.5000,3.600000
731.5200,3.600000
731.5400,3.598953
731.5600,2.234262
731.5800,1.203224
731.6000,0.088598
731.6200,0.046931
731.6400,0.047923
731.6600,0.077018
731.6800,0.078456
731.7000,0.143872
731.7200,0.367393
731.7400,0.300904
731.7600,0.544943
731.7800,0.388733
731.8000,0.575613
731.8200,0.699884
731.8400,0.546571
731.8600,1.020237
731.8800,1.318842
731.9000,1.616131
731.9200,1.160570
731.9400,0.816836
731.9600,0.449236
731.9800,0.269069
732.0000,0.171826
732.0200,0.578503
732.0400,1.110621
732.0600,1.120787
732.0800,1.368685
732.1000,1.459271
732.1200,1.363337
732.1400,0.943269
732.1600,0.753861
732.1800,0.796205
732.2000,0.447805
732.2200,0.244657
732.2400,0.176151
732.2600,0.117079
732.2800,0.427210
732.3000,0.810935
732.3200,0.736552
732.3400,0.608769
732.3600,0.575696
732.3800,0.966135
732.4000,1.162489
732.4200,0.817688
732.4400,0.452630
732.4600,0.253113
732.4800,0.326912
732.5000,0.560543
732.5200,0.320488
732.5400,0.296219
732.5600,0.374942
732.5800,0.301112
732.6000,0.496391
732.6200,0.314655
732.6400,0.452483
732.6600,1.149589
732.6800,1.843528
732.7000,1.934235
732.7200,2.191066
732.7400,3.292456
732.7600,3.497442
732.7800,3.514904
732.8000,3.264104
732.8200,3.595187
732.8400,3.393959
732.8600,2.941376
732.8800,3.057778
732.9000,2.921512
732.9200,2.765279
732.9400,2.514563
732.9600,3.062515
732.9800,2.372771
733.0000,1.529507
733.0200,0.863312
733.0400,0.673187
733.0600,0.484446
733.0800,0.332568
733.1000,0.222967
733.1200,0.228176
733.1400,0.358341
733.1600,0.533377
733.1800,0.400512
733.2000,0.372522
733.2200,0.477325
733.2400,0.542543
733.2600,0.460760
733.2800,0.482089
733.3000,0.796740
733.3200,0.642188
733.3400,0.400735
733.3600,0.723954
733.3800,0.671029
733.4000,0.394291
733.4200,0.683861
733.4400,1.346894
733.4600,2.085053
733.4800,2.350247
733.5000,2.523412
733.5200,2.810927
733.5400,2.262504
733.5600,1.656922
733.5800,1.472086
733.6000,1.352179
733.6200,0.877279
733.6400,0.480680
733.6600,0.682687
733.6800,1.681766
733.7000,2.379117
733.7200,2.520260
733.7400,2.858097
733.7600,3.000195
733.7800,2.954119
733.8000,3.096611
733.8200,3.025504
733.8400,2.936986
733.8600,2.925308
733.8800,2.654810
733.9000,2.088798
733.9200,1.762413
733.9400,1.909663
733.9600,2.014667
733.9800,1.417647
734.0000,1.046856
734.0200,1.025293
734.0400,1.292750
734.0600,1.286262
734.0800,1.047692
734.1000,0.697270
734.1200,0.387596
734.1400,0.279425
734.1600,0.335695
734.1800,0.298354
734.2000,0.495488
734.2200,0.711790
734.2400,0.957734
734.2600,1.028994
734.2800,1.596360
734.3000,2.368952
734.3200,2.312142
734.3400,2.000229
734.3600,1.728543
734.3800,1.066507
734.4000,0.649029
734.4200,0.459775
734.4400,0.767570
734.4600,1.416393
734.4800,1.098368
734.5000,1.230023
734.5200,1.435158
734.5400,2.109605
734.5600,2.421217
734.5800,3.410137
734.6000,3.600000
734.6200,3.600000
734.6400,3.598953
734.6600,2.234262
734.6800,1.203224
734.7000,0.088598
734.7200,0.046931
734.7400,0.047923
734.7600,0.077018
734.7800,0.078456
734.8000,0.143872
734.8200,0.367393
734.8400,0.300904
734.8600,0.544943
734.8800,0.388733
734.9000,0.575613
734.9200,0.699884
734.9400,0.546571
734.9600,1.020237
734.9800,1.318842
735.0000,1.616131
735.0200,1.160570
735.0400,0.816836
735.0600,0.449236
735.0800,0.269069
735.1000,0.171826
735.1200,0.578503
735.1400,1.110621
735.1600,1.120787
735.1800,1.368685
735.2000,1.459271
735.2200,1.363337
735.2400,0.943269
735.2600,0.753861
735.2800,0.796205
735.3000,0.447805
735.3200,0.244657
735.3400,0.176151
735.3600,0.117079
735.3800,0.427210
735.4000,0.810935
735.4200,0.736552
735.4400,0.608769
735.4600,0.575696
735.4800,0.966135
735.5000,1.162489
735.5200,0.817688
735.5400,0.452630
735.5600,0.253113
735.5800,0.326912
735.6000,0.560543
735.6200,0.320488
735.6400,0.296219
735.6600,0.374942
735.6800,0.301112
735.7000,0.496391
735.7200,0.314655
735.7400,0.452483
735.7600,1.149589
735.7800,1.843528
735.8000,1.934235
735.8200,2.191066
735.8400,3.292456
735.8600,3.497442
735.8800,3.514904
735.9000,3.264104
735.9200,3.595187
735.9400,3.393959
735.9600,2.941376
735.9800,3.057778
736.0000,2.921512
736.0200,2.765279
736.0400,2.514563
736.0600,3.062515
736.0800,2.372771
736.1000,1.529507
736.1200,0.863312
736.1400,0.673187
736.1600,0.484446
736.1800,0.332568
736.2000,0.222967
736.2200,0.228176
736.2400,0.358341
736.2600,0.533377
736.2800,0.400512
736.3000,0.372522
736.3200,0.477325
736.3400,0.542543
736.3600,0.460760
736.3800,0.482089
736.4000,0.796740
736.4200,0.642188
736.4400,0.400735
736.4600,0.723954
736.4800,0.671029
736.5000,0.394291
736.5200,0.683861
736.5400,1.346894
736.5600,2.085053
736.5800,2.350247
736.6000,2.523412
736.6200,2.810927
736.6400,2.262504
736.6600,1.656922
736.6800,1.472086
736.7000,1.352179
736.7200,0.877279
736.7400,0.480680
736.7600,0.682687
736.7800,1.681766
736.8000,2.379117
736.8200,2.520260
736.8400,2.858097
736.8600,3.000195
736.8800,2.954119
736.9000,3.096611
736.9200,3.025504
736.9400,2.936986
736.9600,2.925308
736.9800,2.654810
737.0000,2.088798
737.0200,1.762413
737.0400,1.909663
737.0600,2.014667
737.0800,1.417647
737.1000,1.046856
737.1200,1.025293
737.1400,1.292750
737.1600,1.286262
737.1800,1.047692
737.2000,0.697270
737.2200,0.387596
737.2400,0.279425
737.2600,0.335695
737.2800,0.298354
737.3000,0.495488
737.3200,0.711790
737.3400,0.957734
737.3600,1.028994
737.3800,1.596360
737.4000,2.368952
737.4200,2.312142
737.4400,2.000229
737.4600,1.728543
737.4800,1.066507
737.5000,0.649029
737.5200,0.459775
737.5400,0.767570
737.5600,1.416393
737.5800,1.098368
737.6000,1.230023
737.6200,1.435158
737.6400,2.109605
737.6600,2.421217
737.6800,3.410137
737.7000,3.600000
737.7200,3.600000
737.7400,3.598953
737.7600,2.234262
737.7800,1.203224
737.8000,0.088598
737.8200,0.046931
737.8400,0.047923
737.8600,0.077018
737.8800,0.078456
737.9000,0.143872
737.9200,0.367393
737.9400,0.300904
737.9600,0.544943
737.9800,0.388733
738.0000,0.575613
738.0200,0.699884
738.0400,0.546571
738.0600,1.020237
738.0800,1.318842
738.1000,1.616131
738.1200,1.160570
738.1400,0.816836
738.1600,0.449236
738.1800,0.269069
738.2000,0.171826
738.2200,0.578503
738.2400,1.110621
738.2600,1.120787
738.2800,1.368685
738.3000,1.459271
738.3200,1.363337
738.3400,0.943269
738.3600,0.753861
738.3800,0.796205
738.4000,0.447805
738.4200,0.244657
738.4400,0.176151
738.4600,0.117079
738.4800,0.427210
738.5000,0.810935
738.5200,0.736552
738.5400,0.608769
738.5600,0.575696
738.5800,0.966135
738.6000,1.162489
738.6200,0.817688
738.6400,0.452630
738.6600,0.253113
738.6800,0.326912
738.7000,0.560543
738.7200,0.320488
738.7400,0.296219
738.7600,0.374942
738.7800,0.301112
738.8000,0.496391
738.8200,0.314655
738.8400,0.452483
738.8600,1.149589
738.8800,1.843528
738.9000,1.934235
738.9200,2.191066
738.9400,3.292456
738.9600,3.497442
738.9800,3.514904
739.0000,3.264104
739.0200,3.595187
739.0400,3.393959
739.0600,2.941376
739.0800,3.057778
739.1000,2.921512
739.1200,2.765279
739.1400,2.514563
739.1600,3.062515
739.1800,2.372771
739.2000,1.529507
739.2200,0.863312
739.2400,0.673187
739.2600,0.484446
739.2800,0.332568
739.3000,0.222967
739.3200,0.228176
739.3400,0.358341
739.3600,0.533377
739.3800,0.400512
739.4000,0.372522
739.4200,0.477325
739.4400,0.542543
739.4600,0.460760
739.4800,0.482089
739.5000,0.796740
739.5200,0.642188
739.5400,0.400735
739.5600,0.723954
739.5800,0.671029
739.6000,0.394291
739.6200,0.683861
739.6400,1.346894
739.6600,2.085053
739.6800,2.350247
739.7000,2.523412
739.7200,2.810927
739.7400,2.262504
739.7600,1.656922
739.7800,1.472086
739.8000,1.352179
739.8200,0.877279
739.8400,0.480680
739.8600,0.682687
739.8800,1.681766
739.9000,2.379117
739.9200,2.520260
739.9400,2.858097
739.9600,3.000195
739.9800,2.954119
740.0000,3.096611
740.0200,3.025504
740.0400,2.936986
740.0600,2.925308
740.0800,2.654810
740.1000,2.088798
740.1200,1.762413
740.1400,1.909663
740.1600,2.014667
740.1800,1.417647
740.2000,1.046856
740.2200,1.025293
740.2400,1.292750
740.2600,1.286262
740.2800,1.047692
740.3000,0.697270
740.3200,0.387596
740.3400,0.279425
740.3600,0.335695
740.3800,0.298354
740.4000,0.495488
740.4200,0.711790
740.4400,0.957734
740.4600,1.028994
740.4800,1.596360
740.5000,2.368952
740.5200,2.312142
740.5400,2.000229
740.5600,1.728543
740.5800,1.066507
740.6000,0.649029
740.6200,0.459775
740.6400,0.767570
740.6600,1.416393
740.6800,1.098368
740.7000,1.230023
740.7200,1.435158
740.7400,2.109605
740.7600,2.421217
740.7800,3.410137
740.8000,3.600000
740.8200,3.600000
740.8400,3.598953
740.8600,2.234262
740.8800,1.203224
740.9000,0.088598
740.9200,0.046931
740.9400,0.047923
740.9600,0.077018
740.9800,0.078456
741.0000,0.143872
741.0200,0.367393
741.0400,0.300904
741.0600,0.544943
741.0800,0.388733
741.1000,0.575613
741.1200,0.699884
741.1400,0.546571
741.1600,1.020237
741.1800,1.318842
741.2000,1.616131
741.2200,1.160570
741.2400,0.816836
741.2600,0.449236
741.2800,0.269069
741.3000,0.171826
741.3200,0.578503
741.3400,1.110621
741.3600,1.120787
741.3800,1.368685
741.4000,1.459271
741.4200,1.363337
741.4400,0.943269
741.4600,0.753861
741.4800,0.796205
741.5000,0.447805
741.5200,0.244657
741.5400,0.176151
741.5600,0.117079
741.5800,0.427210
741.6000,0.810935
741.6200,0.736552
741.6400,0.608769
741.6600,0.575696
741.6800,0.966135
741.7000,1.162489
741.7200,0.817688
741.7400,0.452630
741.7600,0.253113
741.7800,0.326912
741.8000,0.560543
741.8200,0.320488
741.8400,0.296219
741.8600,0.374942
741.8800,0.301112
741.9000,0.496391
741.9200,0.314655
741.9400,0.452483
741.9600,1.149589
741.9800,1.843528
742.0000,1.934235
742.0200,2.191066
742.0400,3.292456
742.0600,3.497442
742.0800,3.514904
742.1000,3.264104
742.1200,3.595187
742.1400,3.393959
742.1600,2.941376
742.1800,3.057778
742.2000,2.921512
742.2200,2.765279
742.2400,2.514563
742.2600,3.062515
742.2800,2.372771
742.3000,1.529507
742.3200,0.863312
742.3400,0.673187
742.3600,0.484446
742.3800,0.332568
742.4000,0.222967
742.4200,0.228176
742.4400,0.358341
742.4600,0.533377
742.4800,0.400512
742.5000,0.372522
742.5200,0.477325
742.5400,0.542543
742.5600,0.460760
742.5800,0.482089
742.6000,0.796740
742.6200,0.642188
742.6400,0.400735
742.6600,0.723954
742.6800,0.671029
742.7000,0.394291
742.7200,0.683861
742.7400,1.346894
742.7600,2.085053
742.7800,2.350247
742.8000,2.523412
742.8200,2.810927
742.8400,2.262504
742.8600,1.656922
742.8800,1.472086
742.9000,1.352179
742.9200,0.877279
742.9400,0.480680
742.9600,0.682687
742.9800,1.681766
743.0000,2.379117
743.0200,2.520260
743.0400,2.858097
743.0600,3.000195
743.0800,2.954119
743.1000,3.096611
743.1200,3.025504
743.1400,2.936986
743.1600,2.925308
743.1800,2.654810
743.2000,2.088798
743.2200,1.762413
743.2400,1.909663
743.2600,2.014667
743.2800,1.417647
743.3000,1.046856
743.3200,1.025293
743.3400,1.292750
743.3600,1.286262
743.3800,1.047692
743.4000,0.697270
743.4200,0.387596
743.4400,0.279425
743.4600,0.335695
743.4800,0.298354
743.5000,0.495488
743.5200,0.711790
743.5400,0.957734
743.5600,1.028994
743.5800,1.596360
743.6000,2.368952
743.6200,2.312142
743.6400,2.000229
743.6600,1.728543
743.6800,1.066507
743.7000,0.649029
743.7200,0.459775
743.7400,0.767570
743.7600,1.416393
743.7800,1.098368
743.8000,1.230023
743.8200,1.435158
743.8400,2.109605
743.8600,2.421217
743.8800,3.410137
743.9000,3.600000
743.9200,3.600000
743.9400,3.598953
743.9600,2.234262
743.9800,1.203224
744.0000,0.088598
744.0200,0.046931
744.0400,0.047923
744.0600,0.077018
744.0800,0.078456
744.1000,0.143872
744.1200,0.367393
744.1400,0.300904
744.1600,0.544943
744.1800,0.388733
744.2000,0.575613
744.2200,0.699884
744.2400,0.546571
744.2600,1.020237
744.2800,1.318842
744.3000,1.616131
744.3200,1.160570
744.3400,0.816836
744.3600,0.449236
744.3800,0.269069
744.4000,0.171826
744.4200,0.578503
744.4400,1.110621
744.4600,1.120787
744.4800,1.368685
744.5000,1.459271
744.5200,1.363337
744.5400,0.943269
744.5600,0.753861
744.5800,0.796205
744.6000,0.447805
744.6200,0.244657
744.6400,0.176151
744.6600,0.117079
744.6800,0.427210
744.7000,0.810935
744.7200,0.736552
744.7400,0.608769
744.7600,0.575696
744.7800,0.966135
744.8000,1.162489
744.8200,0.817688
744.8400,0.452630
744.8600,0.253113
744.8800,0.326912
744.9000,0.560543
744.9200,0.320488
744.9400,0.296219
744.9600,0.374942
744.9800,0.301112
745.0000,0.496391
745.0200,0.314655
745.0400,0.452483
745.0600,1.149589
745.0800,1.843528
745.1000,1.934235
745.1200,2.191066
745.1400,3.292456
745.1600,3.497442
745.1800,3.514904
745.2000,3.264104
745.2200,3.595187
745.2400,3.393959
745.2600,2.941376
745.2800,3.057778
745.3000,2.921512
745.3200,2.765279
745.3400,2.514563
745.3600,3.062515
745.3800,2.372771
745.4000,1.529507
745.4200,0.863312
745.4400,0.673187
745.4600,0.484446
745.4800,0.332568
745.5000,0.222967
745.5200,0.228176
745.5400,0.358341
745.5600,0.533377
745.5800,0.400512
745.6000,0.372522
745.6200,0.477325
745.6400,0.542543
745.6600,0.460760
745.6800,0.482089
745.7000,0.796740
745.7200,0.642188
745.7400,0.400735
745.7600,0.723954
745.7800,0.671029
745.8000,0.394291
745.8200,0.683861
745.8400,1.346894
745.8600,2.085053
745.8800,2.350247
745.9000,2.523412
745.9200,2.810927
745.9400,2.262504
745.9600,1.656922
745.9800,1.472086
746.0000,1.352179
746.0200,0.877279
746.0400,0.480680
746.0600,0.682687
746.0800,1.681766
746.1000,2.379117
746.1200,2.520260
746.1400,2.858097
746.1600,3.000195
746.1800,2.954119
746.2000,3.096611
746.2200,3.025504
746.2400,2.936986
746.2600,2.925308
746.2800,2.654810
746.3000,2.088798
746.3200,1.762413
746.3400,1.909663
746.3600,2.014667
746.3800,1.417647
746.4000,1.046856
746.4200,1.025293
746.4400,1.292750
746.4600,1.286262
746.4800,1.047692
746.5000,0.697270
746.5200,0.387596
746.5400,0.279425
746.5600,0.335695
746.5800,0.298354
746.6000,0.495488
746.6200,0.711790
746.6400,0.957734
746.6600,1.028994
746.6800,1.596360
746.7000,2.368952
746.7200,2.312142
746.7400,2.000229
746.7600,1.728543
746.7800,1.066507
746.8000,0.649029
746.8200,0.459775
746.8400,0.767570
746.8600,1.416393
746.8800,1.098368
746.9000,1.230023
746.9200,1.435158
746.9400,2.109605
746.9600,2.421217
746.9800,3.410137
747.0000,3.600000
747.0200,3.600000
747.0400,3.598953
747.0600,2.234262
747.0800,1.203224
747.1000,0.088598
747.1200,0.046931
747.1400,0.047923
747.1600,0.077018
747.1800,0.078456
747.2000,0.143872
747.2200,0.367393
747.2400,0.300904
747.2600,0.544943
747.2800,0.388733
747.3000,0.575613
747.3200,0.699884
747.3400,0.546571
747.3600,1.020237
747.3800,1.318842
747.4000,1.616131
747.4200,1.160570
747.4400,0.816836
747.4600,0.449236
747.4800,0.269069
747.5000,0.171826
747.5200,0.578503
747.5400,1.110621
747.5600,1.120787
747.5800,1.368685
747.6000,1.459271
747.6200,1.363337
747.6400,0.943269
747.6600,0.753861
747.6800,0.796205
747.7000,0.447805
747.7200,0.244657
747.7400,0.176151
747.7600,0.117079
747.7800,0.427210
747.8000,0.810935
747.8200,0.736552
747.8400,0.608769
747.8600,0.575696
747.8800,0.966135
747.9000,1.162489
747.9200,0.817688
747.9400,0.452630
747.9600,0.253113
747.9800,0.326912
748.0000,0.560543
748.0200,0.320488
748.0400,0.296219
748.0600,0.374942
748.0800,0.301112
748.1000,0.496391
748.1200,0.314655
748.1400,0.452483
748.1600,1.149589
748.1800,1.843528
748.2000,1.934235
748.2200,2.191066
748.2400,3.292456
748.2600,3.497442
748.2800,3.514904
748.3000,3.264104
748.3200,3.595187
748.3400,3.393959
748.3600,2.941376
748.3800,3.057778
748.4000,2.921512
748.4200,2.765279
748.4400,2.514563
748.4600,3.062515
748.4800,2.372771
748.5000,1.529507
748.5200,0.863312
748.5400,0.673187
748.5600,0.484446
748.5800,0.332568
748.6000,0.222967
748.6200,0.228176
748.6400,0.358341
748.6600,0.533377
748.6800,0.400512
748.7000,0.372522
748.7200,0.477325
748.7400,0.542543
748.7600,0.460760
748.7800,0.482089
748.8000,0.796740
748.8200,0.642188
748.8400,0.400735
748.8600,0.723954
748.8800,0.671029
748.9000,0.394291
748.9200,0.683861
748.9400,1.346894
748.9600,2.085053
748.9800,2.350247
749.0000,2.523412
749.0200,2.810927
749.0400,2.262504
749.0600,1.656922
749.0800,1.472086
749.1000,1.352179
749.1200,0.877279
749.1400,0.480680
749.1600,0.682687
749.1800,1.681766
749.2000,2.379117
749.2200,2.520260
749.2400,2.858097
749.2600,3.000195
749.2800,2.954119
749.3000,3.096611
749.3200,3.025504
749.3400,2.936986
749.3600,2.925308
749.3800,2.654810
749.4000,2.088798
749.4200,1.762413
749.4400,1.909663
749.4600,2.014667
749.4800,1.417647
749.5000,1.046856
749.5200,1.025293
749.5400,1.292750
749.5600,1.286262
749.5800,1.047692
749.6000,0.697270
749.6200,0.387596
749.6400,0.279425
749.6600,0.335695
749.6800,0.298354
749.7000,0.495488
749.7200,0.711790
749.7400,0.957734
749.7600,1.028994
749.7800,1.596360
749.8000,2.368952
749.8200,2.312142
749.8400,2.000229
749.8600,1.728543
749.8800,1.066507
749.9000,0.649029
749.9200,0.459775
749.9400,0.767570
749.9600,1.416393
749.9800,1.098368
750.0000,1.230023
750.0200,1.435158
750.0400,2.109605
750.0600,2.421217
750.0800,3.410137
750.1000,3.600000
750.1200,3.600000
750.1400,3.598953
750.1600,2.234262
750.1800,1.203224
750.2000,0.088598
750.2200,0.046931
750.2400,0.047923
750.2600,0.077018
750.2800,0.078456
750.3000,0.143872
750.3200,0.367393
750.3400,0.300904
750.3600,0.544943
750.3800,0.388733
750.4000,0.575613
750.4200,0.699884
750.4400,0.546571
750.4600,1.020237
750.4800,1.318842
750.5000,1.616131
750.5200,1.160570
750.5400,0.816836
750.5600,0.449236
750.5800,0.269069
750.6000,0.171826
750.6200,0.578503
750.6400,1.110621
750.6600,1.120787
750.6800,1.368685
750.7000,1.459271
750.7200,1.363337
750.7400,0.943269
750.7600,0.753861
750.7800,0.796205
750.8000,0.447805
750.8200,0.244657
750.8400,0.176151
750.8600,0.117079
750.8800,0.427210
750.9000,0.810935
750.9200,0.736552
750.9400,0.608769
750.9600,0.575696
750.9800,0.966135
751.0000,1.162489
751.0200,0.817688
751.0400,0.452630
751.0600,0.253113
751.0800,0.326912
751.1000,0.560543
751.1200,0.320488
751.1400,0.296219
751.1600,0.374942
751.1800,0.301112
751.2000,0.496391
751.2200,0.314655
751.2400,0.452483
751.2600,1.149589
751.2800,1.843528
751.3000,1.934235
751.3200,2.191066
751.3400,3.292456
751.3600,3.497442
751.3800,3.514904
751.4000,3.264104
751.4200,3.595187
751.4400,3.393959
751.4600,2.941376
751.4800,3.057778
751.5000,2.921512
751.5200,2.765279
751.5400,2.514563
751.5600,3.062515
751.5800,2.372771
751.6000,1.529507
751.6200,0.863312
751.6400,0.673187
751.6600,0.484446
751.6800,0.332568
751.7000,0.222967
751.7200,0.228176
751.7400,0.358341
751.7600,0.533377
751.7800,0.400512
751.8000,0.372522
751.8200,0.477325
751.8400,0.542543
751.8600,0.460760
751.8800,0.482089
751.9000,0.796740
751.9200,0.642188
751.9400,0.400735
751.9600,0.723954
751.9800,0.671029
752.0000,0.394291
752.0200,0.683861
752.0400,1.346894
752.0600,2.085053
752.0800,2.350247
752.1000,2.523412
752.1200,2.810927
752.1400,2.262504
752.1600,1.656922
752.1800,1.472086
752.2000,1.352179
752.2200,0.877279
752.2400,0.480680
752.2600,0.682687
752.2800,1.681766
752.3000,2.379117
752.3200,2.520260
752.3400,2.858097
752.3600,3.000195
752.3800,2.954119
752.4000,3.096611
752.4200,3.025504
752.4400,2.936986
752.4600,2.925308
752.4800,2.654810
752.5000,2.088798
752.5200,1.762413
752.5400,1.909663
752.5600,2.014667
752.5800,1.417647
752.6000,1.046856
752.6200,1.025293
752.6400,1.292750
752.6600,1.286262
752.6800,1.047692
752.7000,0.697270
752.7200,0.387596
752.7400,0.279425
752.7600,0.335695
752.7800,0.298354
752.8000,0.495488
752.8200,0.711790
752.8400,0.957734
752.8600,1.028994
752.8800,1.596360
752.9000,2.368952
752.9200,2.312142
752.9400,2.000229
752.9600,1.728543
752.9800,1.066507
753.0000,0.649029
753.0200,0.459775
753.0400,0.767570
753.0600,1.416393
753.0800,1.098368
753.1000,1.230023
753.1200,1.435158
753.1400,2.109605
753.1600,2.421217
753.1800,3.410137
753.2000,3.600000
753.2200,3.600000
753.2400,3.598953
753.2600,2.234262
753.2800,1.203224
753.3000,0.088598
753.3200,0.046931
753.3400,0.047923
753.3600,0.077018
753.3800,0.078456
753.4000,0.143872
753.4200,0.367393
753.4400,0.300904
753.4600,0.544943
753.4800,0.388733
753.5000,0.575613
753.5200,0.699884
753.5400,0.546571
753.5600,1.020237
753.5800,1.318842
753.6000,1.616131
753.6200,1.160570
753.6400,0.816836
753.6600,0.449236
753.6800,0.269069
753.7000,0.171826
753.7200,0.578503
753.7400,1.110621
753.7600,1.120787
753.7800,1.368685
753.8000,1.459271
753.8200,1.363337
753.8400,0.943269
753.8600,0.753861
753.8800,0.796205
753.9000,0.447805
753.9200,0.244657
753.9400,0.176151
753.9600,0.117079
753.9800,0.427210
754.0000,0.810935
754.0200,0.736552
754.0400,0.608769
754.0600,0.575696
754.0800,0.966135
754.1000,1.162489
754.1200,0.817688
754.1400,0.452630
754.1600,0.253113
754.1800,0.326912
754.2000,0.560543
754.2200,0.320488
754.2400,0.296219
754.2600,0.374942
754.2800,0.301112
754.3000,0.496391
754.3200,0.314655
754.3400,0.452483
754.3600,1.149589
754.3800,1.843528
754.4000,1.934235
754.4200,2.191066
754.4400,3.292456
754.4600,3.497442
754.4800,3.514904
754.5000,3.264104
754.5200,3.595187
754.5400,3.393959
754.5600,2.941376
754.5800,3.057778
754.6000,2.921512
754.6200,2.765279
754.6400,2.514563
754.6600,3.062515
754.6800,2.372771
754.7000,1.529507
754.7200,0.863312
754.7400,0.673187
754.7600,0.484446
754.7800,0.332568
754.8000,0.222967
754.8200,0.228176
754.8400,0.358341
754.8600,0.533377
754.8800,0.400512
754.9000,0.372522
754.9200,0.477325
754.9400,0.542543
754.9600,0.460760
754.9800,0.482089
755.0000,0.796740
755.0200,0.642188
755.0400,0.400735
755.0600,0.723954
755.0800,0.671029
755.1000,0.394291
755.1200,0.683861
755.1400,1.346894
755.1600,2.085053
755.1800,2.350247
755.2000,2.523412
755.2200,2.810927
755.2400,2.262504
755.2600,1.656922
755.2800,1.472086
755.3000,1.352179
755.3200,0.877279
755.3400,0.480680
755.3600,0.682687
755.3800,1.681766
755.4000,2.379117
755.4200,2.520260
755.4400,2.858097
755.4600,3.000195
755.4800,2.954119
755.5000,3.096611
755.5200,3.025504
755.5400,2.936986
755.5600,2.925308
755.5800,2.654810
755.6000,2.088798
755.6200,1.762413
755.6400,1.909663
755.6600,2.014667
755.6800,1.417647
755.7000,1.046856
755.7200,1.025293
755.7400,1.292750
755.7600,1.286262
755.7800,1.047692
755.8000,0.697270
755.8200,0.387596
755.8400,0.279425
755.8600,0.335695
755.8800,0.298354
755.9000,0.495488
755.9200,0.711790
755.9400,0.957734
755.9600,1.028994
755.9800,1.596360
756.0000,2.368952
756.0200,2.312142
756.0400,2.000229
756.0600,1.728543
756.0800,1.066507
756.1000,0.649029
756.1200,0.459775
756.1400,0.767570
756.1600,1.416393
756.1800,1.098368
756.2000,1.230023
756.2200,1.435158
756.2400,2.109605
756.2600,2.421217
756.2800,3.410137
756.3000,3.600000
756.3200,3.600000
756.3400,3.598953
756.3600,2.234262
756.3800,1.203224
756.4000,0.088598
756.4200,0.046931
756.4400,0.047923
756.4600,0.077018
756.4800,0.078456
756.5000,0.143872
756.5200,0.367393
756.5400,0.300904
756.5600,0.544943
756.5800,0.388733
756.6000,0.575613
756.6200,0.699884
756.6400,0.546571
756.6600,1.020237
756.6800,1.318842
756.7000,1.616131
756.7200,1.160570
756.7400,0.816836
756.7600,0.449236
756.7800,0.269069
756.8000,0.171826
756.8200,0.578503
756.8400,1.110621
756.8600,1.120787
756.8800,1.368685
756.9000,1.459271
756.9200,1.363337
756.9400,0.943269
756.9600,0.753861
756.9800,0.796205
757.0000,0.447805
757.0200,0.244657
757.0400,0.176151
757.0600,0.117079
757.0800,0.427210
757.1000,0.810935
757.1200,0.736552
757.1400,0.608769
757.1600,0.575696
757.1800,0.966135
757.2000,1.162489
757.2200,0.817688
757.2400,0.452630
757.2600,0.253113
757.2800,0.326912
757.3000,0.560543
757.3200,0.320488
757.3400,0.296219
757.3600,0.374942
757.3800,0.301112
757.4000,0.496391
757.4200,0.314655
757.4400,0.452483
757.4600,1.149589
757.4800,1.843528
757.5000,1.934235
757.5200,2.191066
757.5400,3.292456
757.5600,3.497442
757.5800,3.514904
757.6000,3.264104
757.6200,3.595187
757.6400,3.393959
757.6600,2.941376
757.6800,3.057778
757.7000,2.921512
757.7200,2.765279
757.7400,2.514563
757.7600,3.062515
757.7800,2.372771
757.8000,1.529507
757.8200,0.863312
757.8400,0.673187
757.8600,0.484446
757.8800,0.332568
757.9000,0.222967
757.9200,0.228176
757.9400,0.358341
757.9600,0.533377
757.9800,0.400512
758.0000,0.372522
758.0200,0.477325
758.0400,0.542543
758.0600,0.460760
758.0800,0.482089
758.1000,0.796740
758.1200,0.642188
758.1400,0.400735
758.1600,0.723954
758.1800,0.671029
758.2000,0.394291
758.2200,0.683861
758.2400,1.346894
758.2600,2.085053
758.2800,2.350247
758.3000,2.523412
758.3200,2.810927
758.3400,2.262504
758.3600,1.656922
758.3800,1.472086
758.4000,1.352179
758.4200,0.877279
758.4400,0.480680
758.4600,0.682687
758.4800,1.681766
758.5000,2.379117
758.5200,2.520260
758.5400,2.858097
758.5600,3.000195
758.5800,2.954119
758.6000,3.096611
758.6200,3.025504
758.6400,2.936986
758.6600,2.925308
758.6800,2.654810
758.7000,2.088798
758.7200,1.762413
758.7400,1.909663
758.7600,2.014667
758.7800,1.417647
758.8000,1.046856
758.8200,1.025293
758.8400,1.292750
758.8600,1.286262
758.8800,1.047692
758.9000,0.697270
758.9200,0.387596
758.9400,0.279425
758.9600,0.335695
758.9800,0.298354
759.0000,0.495488
759.0200,0.711790
759.0400,0.957734
759.0600,1.028994
759.0800,1.596360
759.1000,2.368952
759.1200,2.312142
759.1400,2.000229
759.1600,1.728543
759.1800,1.066507
759.2000,0.649029
759.2200,0.459775
759.2400,0.767570
759.2600,1.416393
759.2800,1.098368
759.3000,1.230023
759.3200,1.435158
759.3400,2.109605
759.3600,2.421217
759.3800,3.410137
759.4000,3.600000
759.4200,3.600000
759.4400,3.598953
759.4600,2.234262
759.4800,1.203224
759.5000,0.088598
759.5200,0.046931
759.5400,0.047923
759.5600,0.077018
759.5800,0.078456
759.6000,0.143872
759.6200,0.367393
759.6400,0.300904
759.6600,0.544943
759.6800,0.388733
759.7000,0.575613
759.7200,0.699884
759.7400,0.546571
759.7600,1.020237
759.7800,1.318842
759.8000,1.616131
759.8200,1.160570
759.8400,0.816836
759.8600,0.449236
759.8800,0.269069
759.9000,0.171826
759.9200,0.578503
759.9400,1.110621
759.9600,1.120787
759.9800,1.368685
760.0000,1.459271
760.0200,1.363337
760.0400,0.943269
760.0600,0.753861
760.0800,0.796205
760.1000,0.447805
760.1200,0.244657
760.1400,0.176151
760.1600,0.117079
760.1800,0.427210
760.2000,0.810935
760.2200,0.736552
760.2400,0.608769
760.2600,0.575696
760.2800,0.966135
760.3000,1.162489
760.3200,0.817688
760.3400,0.452630
760.3600,0.253113
760.3800,0.326912
760.4000,0.560543
760.4200,0.320488
760.4400,0.296219
760.4600,0.374942
760.4800,0.301112
760.5000,0.496391
760.5200,0.314655
760.5400,0.452483
760.5600,1.149589
760.5800,1.843528
760.6000,1.934235
760.6200,2.191066
760.6400,3.292456
760.6600,3.497442
760.6800,3.514904
760.7000,3.264104
760.7200,3.595187
760.7400,3.393959
760.7600,2.941376
760.7800,3.057778
760.8000,2.921512
760.8200,2.765279
760.8400,2.514563
760.8600,3.062515
760.8800,2.372771
760.9000,1.529507
760.9200,0.863312
760.9400,0.673187
760.9600,0.484446
760.9800,0.332568
761.0000,0.222967
761.0200,0.228176
761.0400,0.358341
761.0600,0.533377
761.0800,0.400512
761.1000,0.372522
761.1200,0.477325
761.1400,0.542543
761.1600,0.460760
761.1800,0.482089
761.2000,0.796740
761.2200,0.642188
761.2400,0.400735
761.2600,0.723954
761.2800,0.671029
761.3000,0.394291
761.3200,0.683861
761.3400,1.346894
761.3600,2.085053
761.3800,2.350247
761.4000,2.523412
761.4200,2.810927
761.4400,2.262504
761.4600,1.656922
761.4800,1.472086
761.5000,1.352179
761.5200,0.877279
761.5400,0.480680
761.5600,0.682687
761.5800,1.681766
761.6000,2.379117
761.6200,2.520260
761.6400,2.858097
761.6600,3.000195
761.6800,2.954119
761.7000,3.096611
761.7200,3.025504
761.7400,2.936986
761.7600,2.925308
761.7800,2.654810
761.8000,2.088798
761.8200,1.762413
761.8400,1.909663
761.8600,2.014667
761.8800,1.417647
761.9000,1.046856
761.9200,1.025293
761.9400,1.292750
761.9600,1.286262
761.9800,1.047692
762.0000,0.697270
762.0200,0.387596
762.0400,0.279425
762.0600,0.335695
762.0800,0.298354
762.1000,0.495488
762.1200,0.711790
762.1400,0.957734
762.1600,1.028994
762.1800,1.596360
762.2000,2.368952
762.2200,2.312142
762.2400,2.000229
762.2600,1.728543
762.2800,1.066507
762.3000,0.649029
762.3200,0.459775
762.3400,0.767570
762.3600,1.416393
762.3800,1.098368
762.4000,1.230023
762.4200,1.435158
762.4400,2.109605
762.4600,2.421217
762.4800,3.410137
762.5000,3.600000
762.5200,3.600000
762.5400,3.598953
762.5600,2.234262
762.5800,1.203224
762.6000,0.088598
762.6200,0.046931
762.6400,0.047923
762.6600,0.077018
762.6800,0.078456
762.7000,0.143872
762.7200,0.367393
762.7400,0.300904
762.7600,0.544943
762.7800,0.388733
762.8000,0.575613
762.8200,0.699884
762.8400,0.546571
762.8600,1.020237
762.8800,1.318842
762.9000,1.616131
762.9200,1.160570
762.9400,0.816836
762.9600,0.449236
762.9800,0.269069
763.0000,0.171826
763.0200,0.578503
763.0400,1.110621
763.0600,1.120787
763.0800,1.368685
763.1000,1.459271
763.1200,1.363337
763.1400,0.943269
763.1600,0.753861
763.1800,0.796205
763.2000,0.447805
763.2200,0.244657
763.2400,0.176151
763.2600,0.117079
763.2800,0.427210
763.3000,0.810935
763.3200,0.736552
763.3400,0.608769
763.3600,0.575696
763.3800,0.966135
763.4000,1.162489
763.4200,0.817688
763.4400,0.452630
763.4600,0.253113
763.4800,0.326912
763.5000,0.560543
763.5200,0.320488
763.5400,0.296219
763.5600,0.374942
763.5800,0.301112
763.6000,0.496391
763.6200,0.314655
763.6400,0.452483
763.6600,1.149589
763.6800,1.843528
763.7000,1.934235
763.7200,2.191066
763.7400,3.292456
763.7600,3.497442
763.7800,3.514904
763.8000,3.264104
763.8200,3.595187
763.8400,3.393959
763.8600,2.941376
763.8800,3.057778
763.9000,2.921512
763.9200,2.765279
763.9400,2.514563
763.9600,3.062515
763.9800,2.372771
764.0000,1.529507
764.0200,0.863312
764.0400,0.673187
764.0600,0.484446
764.0800,0.332568
764.1000,0.222967
764.1200,0.228176
764.1400,0.358341
764.1600,0.533377
764.1800,0.400512
764.2000,0.372522
764.2200,0.477325
764.2400,0.542543
764.2600,0.460760
764.2800,0.482089
764.3000,0.796740
764.3200,0.642188
764.3400,0.400735
764.3600,0.723954
764.3800,0.671029
764.4000,0.394291
764.4200,0.683861
764.4400,1.346894
764.4600,2.085053
764.4800,2.350247
764.5000,2.523412
764.5200,2.810927
764.5400,2.262504
764.5600,1.656922
764.5800,1.472086
764.6000,1.352179
764.6200,0.877279
764.6400,0.480680
764.6600,0.682687
764.6800,1.681766
764.7000,2.379117
764.7200,2.520260
764.7400,2.858097
764.7600,3.000195
764.7800,2.954119
764.8000,3.096611
764.8200,3.025504
764.8400,2.936986
764.8600,2.925308
764.8800,2.654810
764.9000,2.088798
764.9200,1.762413
764.9400,1.909663
764.9600,2.014667
764.9800,1.417647
765.0000,1.046856
765.0200,1.025293
765.0400,1.292750
765.0600,1.286262
765.0800,1.047692
765.1000,0.697270
765.1200,0.387596
765.1400,0.279425
765.1600,0.335695
765.1800,0.298354
765.2000,0.495488
765.2200,0.711790
765.2400,0.957734
765.2600,1.028994
765.2800,1.596360
765.3000,2.368952
765.3200,2.312142
765.3400,2.000229
765.3600,1.728543
765.3800,1.066507
765.4000,0.649029
765.4200,0.459775
765.4400,0.767570
765.4600,1.416393
765.4800,1.098368
765.5000,1.230023
765.5200,1.435158
765.5400,2.109605
765.5600,2.421217
765.5800,3.410137
765.6000,3.600000
765.6200,3.600000
765.6400,3.598953
765.6600,2.234262
765.6800,1.203224
765.7000,0.088598
765.7200,0.046931
765.7400,0.047923
765.7600,0.077018
765.7800,0.078456
765.8000,0.143872
765.8200,0.367393
765.8400,0.300904
765.8600,0.544943
765.8800,0.388733
765.9000,0.575613
765.9200,0.699884
765.9400,0.546571
765.9600,1.020237
765.9800,1.318842
766.0000,1.616131
766.0200,1.160570
766.0400,0.816836
766.0600,0.449236
766.0800,0.269069
766.1000,0.171826
766.1200,0.578503
766.1400,1.110621
766.1600,1.120787
766.1800,1.368685
766.2000,1.459271
766.2200,1.363337
766.2400,0.943269
766.2600,0.753861
766.2800,0.796205
766.3000,0.447805
766.3200,0.244657
766.3400,0.176151
766.3600,0.117079
766.3800,0.427210
766.4000,0.810935
766.4200,0.736552
766.4400,0.608769
766.4600,0.575696
766.4800,0.966135
766.5000,1.162489
766.5200,0.817688
766.5400,0.452630
766.5600,0.253113
766.5800,0.326912
766.6000,0.560543
766.6200,0.320488
766.6400,0.296219
766.6600,0.374942
766.6800,0.301112
766.7000,0.496391
766.7200,0.314655
766.7400,0.452483
766.7600,1.149589
766.7800,1.843528
766.8000,1.934235
766.8200,2.191066
766.8400,3.292456
766.8600,3.497442
766.8800,3.514904
766.9000,3.264104
766.9200,3.595187
766.9400,3.393959
766.9600,2.941376
766.9800,3.057778
767.0000,2.921512
767.0200,2.765279
767.0400,2.514563
767.0600,3.062515
767.0800,2.372771
767.1000,1.529507
767.1200,0.863312
767.1400,0.673187
767.1600,0.484446
767.1800,0.332568
767.2000,0.222967
767.2200,0.228176
767.2400,0.358341
767.2600,0.533377
767.2800,0.400512
767.3000,0.372522
767.3200,0.477325
767.3400,0.542543
767.3600,0.460760
767.3800,0.482089
767.4000,0.796740
767.4200,0.642188
767.4400,0.400735
767.4600,0.723954
767.4800,0.671029
767.5000,0.394291
767.5200,0.683861
767.5400,1.346894
767.5600,2.085053
767.5800,2.350247
767.6000,2.523412
767.6200,2.810927
767.6400,2.262504
767.6600,1.656922
767.6800,1.472086
767.7000,1.352179
767.7200,0.877279
767.7400,0.480680
767.7600,0.682687
767.7800,1.681766
767.8000,2.379117
767.8200,2.520260
767.8400,2.858097
767.8600,3.000195
767.8800,2.954119
767.9000,3.096611
767.9200,3.025504
767.9400,2.936986
767.9600,2.925308
767.9800,2.654810
768.0000,2.088798
768.0200,1.762413
768.0400,1.909663
768.0600,2.014667
768.0800,1.417647
768.1000,1.046856
768.1200,1.025293
768.1400,1.292750
768.1600,1.286262
768.1800,1.047692
768.2000,0.697270
768.2200,0.387596
768.2400,0.279425
768.2600,0.335695
768.2800,0.298354
768.3000,0.495488
768.3200,0.711790
768.3400,0.957734
768.3600,1.028994
768.3800,1.596360
768.4000,2.368952
768.4200,2.312142
768.4400,2.000229
768.4600,1.728543
768.4800,1.066507
768.5000,0.649029
768.5200,0.459775
768.5400,0.767570
768.5600,1.416393
768.5800,1.098368
768.6000,1.230023
768.6200,1.435158
768.6400,2.109605
768.6600,2.421217
768.6800,3.410137
768.7000,3.600000
768.7200,3.600000
768.7400,3.598953
768.7600,2.234262
768.7800,1.203224
768.8000,0.088598
768.8200,0.046931
768.8400,0.047923
768.8600,0.077018
768.8800,0.078456
768.9000,0.143872
768.9200,0.367393
768.9400,0.300904
768.9600,0.544943
768.9800,0.388733
769.0000,0.575613
769.0200,0.699884
769.0400,0.546571
769.0600,1.020237
769.0800,1.318842
769.1000,1.616131
769.1200,1.160570
769.1400,0.816836
769.1600,0.449236
769.1800,0.269069
769.2000,0.171826
769.2200,0.578503
769.2400,1.110621
769.2600,1.120787
769.2800,1.368685
769.3000,1.459271
769.3200,1.363337
769.3400,0.943269
769.3600,0.753861
769.3800,0.796205
769.4000,0.447805
769.4200,0.244657
769.4400,0.176151
769.4600,0.117079
769.4800,0.427210
769.5000,0.810935
769.5200,0.736552
769.5400,0.608769
769.5600,0.575696
769.5800,0.966135
769.6000,1.162489
769.6200,0.817688
769.6400,0.452630
769.6600,0.253113
769.6800,0.326912
769.7000,0.560543
769.7200,0.320488
769.7400,0.296219
769.7600,0.374942
769.7800,0.301112
769.8000,0.496391
769.8200,0.314655
769.8400,0.452483
769.8600,1.149589
769.8800,1.843528
769.9000,1.934235
769.9200,2.191066
769.9400,3.292456
769.9600,3.497442
769.9800,3.514904
770.0000,3.264104
770.0200,3.595187
770.0400,3.393959
770.0600,2.941376
770.0800,3.057778
770.1000,2.921512
770.1200,2.765279
770.1400,2.514563
770.1600,3.062515
770.1800,2.372771
770.2000,1.529507
770.2200,0.863312
770.2400,0.673187
770.2600,0.484446
770.2800,0.332568
770.3000,0.222967
770.3200,0.228176
770.3400,0.358341
770.3600,0.533377
770.3800,0.400512
770.4000,0.372522
770.4200,0.477325
770.4400,0.542543
770.4600,0.460760
770.4800,0.482089
770.5000,0.796740
770.5200,0.642188
770.5400,0.400735
770.5600,0.723954
770.5800,0.671029
770.6000,0.394291
770.6200,0.683861
770.6400,1.346894
770.6600,2.085053
770.6800,2.350247
770.7000,2.523412
770.7200,2.810927
770.7400,2.262504
770.7600,1.656922
770.7800,1.472086
770.8000,1.352179
770.8200,0.877279
770.8400,0.480680
770.8600,0.682687
770.8800,1.681766
770.9000,2.379117
770.9200,2.520260
770.9400,2.858097
770.9600,3.000195
770.9800,2.954119
771.0000,3.096611
771.0200,3.025504
771.0400,2.936986
771.0600,2.925308
771.0800,2.654810
771.1000,2.088798
771.1200,1.762413
771.1400,1.909663
771.1600,2.014667
771.1800,1.417647
771.2000,1.046856
771.2200,1.025293
771.2400,1.292750
771.2600,1.286262
771.2800,1.047692
771.3000,0.697270
771.3200,0.387596
771.3400,0.279425
771.3600,0.335695
771.3800,0.298354
771.4000,0.495488
771.4200,0.711790
771.4400,0.957734
771.4600,1.028994
771.4800,1.596360
771.5000,2.368952
771.5200,2.312142
771.5400,2.000229
771.5600,1.728543
771.5800,1.066507
771.6000,0.649029
771.6200,0.459775
771.6400,0.767570
771.6600,1.416393
771.6800,1.098368
771.7000,1.230023
771.7200,1.435158
771.7400,2.109605
771.7600,2.421217
771.7800,3.410137
771.8000,3.600000
771.8200,3.600000
771.8400,3.598953
771.8600,2.234262
771.8800,1.203224
771.9000,0.088598
771.9200,0.046931
771.9400,0.047923
771.9600,0.077018
771.9800,0.078456
772.0000,0.143872
772.0200,0.367393
772.0400,0.300904
772.0600,0.544943
772.0800,0.388733
772.1000,0.575613
772.1200,0.699884
772.1400,0.546571
772.1600,1.020237
772.1800,1.318842
772.2000,1.616131
772.2200,1.160570
772.2400,0.816836
772.2600,0.449236
772.2800,0.269069
772.3000,0.171826
772.3200,0.578503
772.3400,1.110621
772.3600,1.120787
772.3800,1.368685
772.4000,1.459271
772.4200,1.363337
772.4400,0.943269
772.4600,0.753861
772.4800,0.796205
772.5000,0.447805
772.5200,0.244657
772.5400,0.176151
772.5600,0.117079
772.5800,0.427210
772.6000,0.810935
772.6200,0.736552
772.6400,0.608769
772.6600,0.575696
772.6800,0.966135
772.7000,1.162489
772.7200,0.817688
772.7400,0.452630
772.7600,0.253113
772.7800,0.326912
772.8000,0.560543
772.8200,0.320488
772.8400,0.296219
772.8600,0.374942
772.8800,0.301112
772.9000,0.496391
772.9200,0.314655
772.9400,0.452483
772.9600,1.149589
772.9800,1.843528
773.0000,1.934235
773.0200,2.191066
773.0400,3.292456
773.0600,3.497442
773.0800,3.514904
773.1000,3.264104
773.1200,3.595187
773.1400,3.393959
773.1600,2.941376
773.1800,3.057778
773.2000,2.921512
773.2200,2.765279
773.2400,2.514563
773.2600,3.062515
773.2800,2.372771
773.3000,1.529507
773.3200,0.863312
773.3400,0.673187
773.3600,0.484446
773.3800,0.332568
773.4000,0.222967
773.4200,0.228176
773.4400,0.358341
773.4600,0.533377
773.4800,0.400512
773.5000,0.372522
773.5200,0.477325
773.5400,0.542543
773.5600,0.460760
773.5800,0.482089
773.6000,0.796740
773.6200,0.642188
773.6400,0.400735
773.6600,0.723954
773.6800,0.671029
773.7000,0.394291
773.7200,0.683861
773.7400,1.346894
773.7600,2.085053
773.7800,2.350247
773.8000,2.523412
773.8200,2.810927
773.8400,2.262504
773.8600,1.656922
773.8800,1.472086
773.9000,1.352179
773.9200,0.877279
773.9400,0.480680
773.9600,0.682687
773.9800,1.681766
774.0000,2.379117
774.0200,2.520260
774.0400,2.858097
774.0600,3.000195
774.0800,2.954119
774.1000,3.096611
774.1200,3.025504
774.1400,2.936986
774.1600,2.925308
774.1800,2.654810
774.2000,2.088798
774.2200,1.762413
774.2400,1.909663
774.2600,2.014667
774.2800,1.417647
774.3000,1.046856
774.3200,1.025293
774.3400,1.292750
774.3600,1.286262
774.3800,1.047692
774.4000,0.697270
774.4200,0.387596
774.4400,0.279425
774.4600,0.335695
774.4800,0.298354
774.5000,0.495488
774.5200,0.711790
774.5400,0.957734
774.5600,1.028994
774.5800,1.596360
774.6000,2.368952
774.6200,2.312142
774.6400,2.000229
774.6600,1.728543
774.6800,1.066507
774.7000,0.649029
774.7200,0.459775
774.7400,0.767570
774.7600,1.416393
774.7800,1.098368
774.8000,1.230023
774.8200,1.435158
774.8400,2.109605
774.8600,2.421217
774.8800,3.410137
774.9000,3.600000
774.9200,3.600000
774.9400,3.598953
774.9600,2.234262
774.9800,1.203224
775.0000,0.088598
775.0200,0.046931
775.0400,0.047923
775.0600,0.077018
775.0800,0.078456
775.1000,0.143872
775.1200,0.367393
775.1400,0.300904
775.1600,0.544943
775.1800,0.388733
775.2000,0.575613
775.2200,0.699884
775.2400,0.546571
775.2600,1.020237
775.2800,1.318842
775.3000,1.616131
775.3200,1.160570
775.3400,0.816836
775.3600,0.449236
775.3800,0.269069
775.4000,0.171826
775.4200,0.578503
775.4400,1.110621
775.4600,1.120787
775.4800,1.368685
775.5000,1.459271
775.5200,1.363337
775.5400,0.943269
775.5600,0.753861
775.5800,0.796205
775.6000,0.447805
775.6200,0.244657
775.6400,0.176151
775.6600,0.117079
775.6800,0.427210
775.7000,0.810935
775.7200,0.736552
775.7400,0.608769
775.7600,0.575696
775.7800,0.966135
775.8000,1.162489
775.8200,0.817688
775.8400,0.452630
775.8600,0.253113
775.8800,0.326912
775.9000,0.560543
775.9200,0.320488
775.9400,0.296219
775.9600,0.374942
775.9800,0.301112
776.0000,0.496391
776.0200,0.314655
776.0400,0.452483
776.0600,1.149589
776.0800,1.843528
776.1000,1.934235
776.1200,2.191066
776.1400,3.292456
776.1600,3.497442
776.1800,3.514904
776.2000,3.264104
776.2200,3.595187
776.2400,3.393959
776.2600,2.941376
776.2800,3.057778
776.3000,2.921512
776.3200,2.765279
776.3400,2.514563
776.3600,3.062515
776.3800,2.372771
776.4000,1.529507
776.4200,0.863312
776.4400,0.673187
776.4600,0.484446
776.4800,0.332568
776.5000,0.222967
776.5200,0.228176
776.5400,0.358341
776.5600,0.533377
776.5800,0.400512
776.6000,0.372522
776.6200,0.477325
776.6400,0.542543
776.6600,0.460760
776.6800,0.482089
776.7000,0.796740
776.7200,0.642188
776.7400,0.400735
776.7600,0.723954
776.7800,0.671029
776.8000,0.394291
776.8200,0.683861
776.8400,1.346894
776.8600,2.085053
776.8800,2.350247
776.9000,2.523412
776.9200,2.810927
776.9400,2.262504
776.9600,1.656922
776.9800,1.472086
777.0000,1.352179
777.0200,0.877279
777.0400,0.480680
777.0600,0.682687
777.0800,1.681766
777.1000,2.379117
777.1200,2.520260
777.1400,2.858097
777.1600,3.000195
777.1800,2.954119
777.2000,3.096611
777.2200,3.025504
777.2400,2.936986
777.2600,2.925308
777.2800,2.654810
777.3000,2.088798
777.3200,1.762413
777.3400,1.909663
777.3600,2.014667
777.3800,1.417647
777.4000,1.046856
777.4200,1.025293
777.4400,1.292750
777.4600,1.286262
777.4800,1.047692
777.5000,0.697270
777.5200,0.387596
777.5400,0.279425
777.5600,0.335695
777.5800,0.298354
777.6000,0.495488
777.6200,0.711790
777.6400,0.957734
777.6600,1.028994
777.6800,1.596360
777.7000,2.368952
777.7200,2.312142
777.7400,2.000229
777.7600,1.728543
777.7800,1.066507
777.8000,0.649029
777.8200,0.459775
777.8400,0.767570
777.8600,1.416393
777.8800,1.098368
777.9000,1.230023
777.9200,1.435158
777.9400,2.109605
777.9600,2.421217
777.9800,3.410137
778.0000,3.600000
778.0200,3.600000
778.0400,3.598953
778.0600,2.234262
778.0800,1.203224
778.1000,0.088598
778.1200,0.046931
778.1400,0.047923
778.1600,0.077018
778.1800,0.078456
778.2000,0.143872
778.2200,0.367393
778.2400,0.300904
778.2600,0.544943
778.2800,0.388733
778.3000,0.575613
778.3200,0.699884
778.3400,0.546571
778.3600,1.020237
778.3800,1.318842
778.4000,1.616131
778.4200,1.160570
778.4400,0.816836
778.4600,0.449236
778.4800,0.269069
778.5000,0.171826
778.5200,0.578503
778.5400,1.110621
778.5600,1.120787
778.5800,1.368685
778.6000,1.459271
778.6200,1.363337
778.6400,0.943269
778.6600,0.753861
778.6800,0.796205
778.7000,0.447805
778.7200,0.244657
778.7400,0.176151
778.7600,0.117079
778.7800,0.427210
778.8000,0.810935
778.8200,0.736552
778.8400,0.608769
778.8600,0.575696
778.8800,0.966135
778.9000,1.162489
778.9200,0.817688
778.9400,0.452630
778.9600,0.253113
778.9800,0.326912
779.0000,0.560543
779.0200,0.320488
779.0400,0.296219
779.0600,0.374942
779.0800,0.301112
779.1000,0.496391
779.1200,0.314655
779.1400,0.452483
779.1600,1.149589
779.1800,1.843528
779.2000,1.934235
779.2200,2.191066
779.2400,3.292456
779.2600,3.497442
779.2800,3.514904
779.3000,3.264104
779.3200,3.595187
779.3400,3.393959
779.3600,2.941376
779.3800,3.057778
779.4000,2.921512
779.4200,2.765279
779.4400,2.514563
779.4600,3.062515
779.4800,2.372771
779.5000,1.529507
779.5200,0.863312
779.5400,0.673187
779.5600,0.484446
779.5800,0.332568
779.6000,0.222967
779.6200,0.228176
779.6400,0.358341
779.6600,0.533377
779.6800,0.400512
779.7000,0.372522
779.7200,0.477325
779.7400,0.542543
779.7600,0.460760
779.7800,0.482089
779.8000,0.796740
779.8200,0.642188
779.8400,0.400735
779.8600,0.723954
779.8800,0.671029
779.9000,0.394291
779.9200,0.683861
779.9400,1.346894
779.9600,2.085053
779.9800,2.350247
780.0000,2.523412
780.0200,2.810927
780.0400,2.262504
780.0600,1.656922
780.0800,1.472086
780.1000,1.352179
780.1200,0.877279
780.1400,0.480680
780.1600,0.682687
780.1800,1.681766
780.2000,2.379117
780.2200,2.520260
780.2400,2.858097
780.2600,3.000195
780.2800,2.954119
780.3000,3.096611
780.3200,3.025504
780.3400,2.936986
780.3600,2.925308
780.3800,2.654810
780.4000,2.088798
780.4200,1.762413
780.4400,1.909663
780.4600,2.014667
780.4800,1.417647
780.5000,1.046856
780.5200,1.025293
780.5400,1.292750
780.5600,1.286262
780.5800,1.047692
780.6000,0.697270
780.6200,0.387596
780.6400,0.279425
780.6600,0.335695
780.6800,0.298354
780.7000,0.495488
780.7200,0.711790
780.7400,0.957734
780.7600,1.028994
780.7800,1.596360
780.8000,2.368952
780.8200,2.312142
780.8400,2.000229
780.8600,1.728543
780.8800,1.066507
780.9000,0.649029
780.9200,0.459775
780.9400,0.767570
780.9600,1.416393
780.9800,1.098368
781.0000,1.230023
781.0200,1.435158
781.0400,2.109605
781.0600,2.421217
781.0800,3.410137
781.1000,3.600000
781.1200,3.600000
781.1400,3.598953
781.1600,2.234262
781.1800,1.203224
781.2000,0.088598
781.2200,0.046931
781.2400,0.047923
781.2600,0.077018
781.2800,0.078456
781.3000,0.143872
781.3200,0.367393
781.3400,0.300904
781.3600,0.544943
781.3800,0.388733
781.4000,0.575613
781.4200,0.699884
781.4400,0.546571
781.4600,1.020237
781.4800,1.318842
781.5000,1.616131
781.5200,1.160570
781.5400,0.816836
781.5600,0.449236
781.5800,0.269069
781.6000,0.171826
781.6200,0.578503
781.6400,1.110621
781.6600,1.120787
781.6800,1.368685
781.7000,1.459271
781.7200,1.363337
781.7400,0.943269
781.7600,0.753861
781.7800,0.796205
781.8000,0.447805
781.8200,0.244657
781.8400,0.176151
781.8600,0.117079
781.8800,0.427210
781.9000,0.810935
781.9200,0.736552
781.9400,0.608769
781.9600,0.575696
781.9800,0.966135
782.0000,1.162489
782.0200,0.817688
782.0400,0.452630
782.0600,0.253113
782.0800,0.326912
782.1000,0.560543
782.1200,0.320488
782.1400,0.296219
782.1600,0.374942
782.1800,0.301112
782.2000,0.496391
782.2200,0.314655
782.2400,0.452483
782.2600,1.149589
782.2800,1.843528
782.3000,1.934235
782.3200,2.191066
782.3400,3.292456
782.3600,3.497442
782.3800,3.514904
782.4000,3.264104
782.4200,3.595187
782.4400,3.393959
782.4600,2.941376
782.4800,3.057778
782.5000,2.921512
782.5200,2.765279
782.5400,2.514563
782.5600,3.062515
782.5800,2.372771
782.6000,1.529507
782.6200,0.863312
782.6400,0.673187
782.6600,0.484446
782.6800,0.332568
782.7000,0.222967
782.7200,0.228176
782.7400,0.358341
782.7600,0.533377
782.7800,0.400512
782.8000,0.372522
782.8200,0.477325
782.8400,0.542543
782.8600,0.460760
782.8800,0.482089
782.9000,0.796740
782.9200,0.642188
782.9400,0.400735
782.9600,0.723954
782.9800,0.671029
783.0000,0.394291
783.0200,0.683861
783.0400,1.346894
783.0600,2.085053
783.0800,2.350247
783.1000,2.523412
783.1200,2.810927
783.1400,2.262504
783.1600,1.656922
783.1800,1.472086
783.2000,1.352179
783.2200,0.877279
783.2400,0.480680
783.2600,0.682687
783.2800,1.681766
783.3000,2.379117
783.3200,2.520260
783.3400,2.858097
783.3600,3.000195
783.3800,2.954119
783.4000,3.096611
783.4200,3.025504
783.4400,2.936986
783.4600,2.925308
783.4800,2.654810
783.5000,2.088798
783.5200,1.762413
783.5400,1.909663
783.5600,2.014667
783.5800,1.417647
783.6000,1.046856
783.6200,1.025293
783.6400,1.292750
783.6600,1.286262
783.6800,1.047692
783.7000,0.697270
783.7200,0.387596
783.7400,0.279425
783.7600,0.335695
783.7800,0.298354
783.8000,0.495488
783.8200,0.711790
783.8400,0.957734
783.8600,1.028994
783.8800,1.596360
783.9000,2.368952
783.9200,2.312142
783.9400,2.000229
783.9600,1.728543
783.9800,1.066507
784.0000,0.649029
784.0200,0.459775
784.0400,0.767570
784.0600,1.416393
784.0800,1.098368
784.1000,1.230023
784.1200,1.435158
784.1400,2.109605
784.1600,2.421217
784.1800,3.410137
784.2000,3.600000
784.2200,3.600000
784.2400,3.598953
784.2600,2.234262
784.2800,1.203224
784.3000,0.088598
784.3200,0.046931
784.3400,0.047923
784.3600,0.077018
784.3800,0.078456
784.4000,0.143872
784.4200,0.367393
784.4400,0.300904
784.4600,0.544943
784.4800,0.388733
784.5000,0.575613
784.5200,0.699884
784.5400,0.546571
784.5600,1.020237
784.5800,1.318842
784.6000,1.616131
784.6200,1.160570
784.6400,0.816836
784.6600,0.449236
784.6800,0.269069
784.7000,0.171826
784.7200,0.578503
784.7400,1.110621
784.7600,1.120787
784.7800,1.368685
784.8000,1.459271
784.8200,1.363337
784.8400,0.943269
784.8600,0.753861
784.8800,0.796205
784.9000,0.447805
784.9200,0.244657
784.9400,0.176151
784.9600,0.117079
784.9800,0.427210
785.0000,0.810935
785.0200,0.736552
785.0400,0.608769
785.0600,0.575696
785.0800,0.966135
785.1000,1.162489
785.1200,0.817688
785.1400,0.452630
785.1600,0.253113
785.1800,0.326912
785.2000,0.560543
785.2200,0.320488
785.2400,0.296219
785.2600,0.374942
785.2800,0.301112
785.3000,0.496391
785.3200,0.314655
785.3400,0.452483
785.3600,1.149589
785.3800,1.843528
785.4000,1.934235
785.4200,2.191066
785.4400,3.292456
785.4600,3.497442
785.4800,3.514904
785.5000,3.264104
785.5200,3.595187
785.5400,3.393959
785.5600,2.941376
785.5800,3.057778
785.6000,2.921512
785.6200,2.765279
785.6400,2.514563
785.6600,3.062515
785.6800,2.372771
785.7000,1.529507
785.7200,0.863312
785.7400,0.673187
785.7600,0.484446
785.7800,0.332568
785.8000,0.222967
785.8200,0.228176
785.8400,0.358341
785.8600,0.533377
785.8800,0.400512
785.9000,0.372522
785.9200,0.477325
785.9400,0.542543
785.9600,0.460760
785.9800,0.482089
786.0000,0.796740
786.0200,0.642188
786.0400,0.400735
786.0600,0.723954
786.0800,0.671029
786.1000,0.394291
786.1200,0.683861
786.1400,1.346894
786.1600,2.085053
786.1800,2.350247
786.2000,2.523412
786.2200,2.810927
786.2400,2.262504
786.2600,1.656922
786.2800,1.472086
786.3000,1.352179
786.3200,0.877279
786.3400,0.480680
786.3600,0.682687
786.3800,1.681766
786.4000,2.379117
786.4200,2.520260
786.4400,2.858097
786.4600,3.000195
786.4800,2.954119
786.5000,3.096611
786.5200,3.025504
786.5400,2.936986
786.5600,2.925308
786.5800,2.654810
786.6000,2.088798
786.6200,1.762413
786.6400,1.909663
786.6600,2.014667
786.6800,1.417647
786.7000,1.046856
786.7200,1.025293
786.7400,1.292750
786.7600,1.286262
786.7800,1.047692
786.8000,0.697270
786.8200,0.387596
786.8400,0.279425
786.8600,0.335695
786.8800,0.298354
786.9000,0.495488
786.9200,0.711790
786.9400,0.957734
786.9600,1.028994
786.9800,1.596360
787.0000,2.368952
787.0200,2.312142
787.0400,2.000229
787.0600,1.728543
787.0800,1.066507
787.1000,0.649029
787.1200,0.459775
787.1400,0.767570
787.1600,1.416393
787.1800,1.098368
787.2000,1.230023
787.2200,1.435158
787.2400,2.109605
787.2600,2.421217
787.2800,3.410137
787.3000,3.600000
787.3200,3.600000
787.3400,3.598953
787.3600,2.234262
787.3800,1.203224
787.4000,0.088598
787.4200,0.046931
787.4400,0.047923
787.4600,0.077018
787.4800,0.078456
787.5000,0.143872
787.5200,0.367393
787.5400,0.300904
787.5600,0.544943
787.5800,0.388733
787.6000,0.575613
787.6200,0.699884
787.6400,0.546571
787.6600,1.020237
787.6800,1.318842
787.7000,1.616131
787.7200,1.160570
787.7400,0.816836
787.7600,0.449236
787.7800,0.269069
787.8000,0.171826
787.8200,0.578503
787.8400,1.110621
787.8600,1.120787
787.8800,1.368685
787.9000,1.459271
787.9200,1.363337
787.9400,0.943269
787.9600,0.753861
787.9800,0.796205
788.0000,0.447805
788.0200,0.244657
788.0400,0.176151
788.0600,0.117079
788.0800,0.427210
788.1000,0.810935
788.1200,0.736552
788.1400,0.608769
788.1600,0.575696
788.1800,0.966135
788.2000,1.162489
788.2200,0.817688
788.2400,0.452630
788.2600,0.253113
788.2800,0.326912
788.3000,0.560543
788.3200,0.320488
788.3400,0.296219
788.3600,0.374942
788.3800,0.301112
788.4000,0.496391
788.4200,0.314655
788.4400,0.452483
788.4600,1.149589
788.4800,1.843528
788.5000,1.934235
788.5200,2.191066
788.5400,3.292456
788.5600,3.497442
788.5800,3.514904
788.6000,3.264104
788.6200,3.595187
788.6400,3.393959
788.6600,2.941376
788.6800,3.057778
788.7000,2.921512
788.7200,2.765279
788.7400,2.514563
788.7600,3.062515
788.7800,2.372771
788.8000,1.529507
788.8200,0.863312
788.8400,0.673187
788.8600,0.484446
788.8800,0.332568
788.9000,0.222967
788.9200,0.228176
788.9400,0.358341
788.9600,0.533377
788.9800,0.400512
789.0000,0.372522
789.0200,0.477325
789.0400,0.542543
789.0600,0.460760
789.0800,0.482089
789.1000,0.796740
789.1200,0.642188
789.1400,0.400735
789.1600,0.723954
789.1800,0.671029
789.2000,0.394291
789.2200,0.683861
789.2400,1.346894
789.2600,2.085053
789.2800,2.350247
789.3000,2.523412
789.3200,2.810927
789.3400,2.262504
789.3600,1.656922
789.3800,1.472086
789.4000,1.352179
789.4200,0.877279
789.4400,0.480680
789.4600,0.682687
789.4800,1.681766
789.5000,2.379117
789.5200,2.520260
789.5400,2.858097
789.5600,3.000195
789.5800,2.954119
789.6000,3.096611
789.6200,3.025504
789.6400,2.936986
789.6600,2.925308
789.6800,2.654810
789.7000,2.088798
789.7200,1.762413
789.7400,1.909663
789.7600,2.014667
789.7800,1.417647
789.8000,1.046856
789.8200,1.025293
789.8400,1.292750
789.8600,1.286262
789.8800,1.047692
789.9000,0.697270
789.9200,0.387596
789.9400,0.279425
789.9600,0.335695
789.9800,0.298354
790.0000,0.495488
790.0200,0.711790
790.0400,0.957734
790.0600,1.028994
790.0800,1.596360
790.1000,2.368952
790.1200,2.312142
790.1400,2.000229
790.1600,1.728543
790.1800,1.066507
790.2000,0.649029
790.2200,0.459775
790.2400,0.767570
790.2600,1.416393
790.2800,1.098368
790.3000,1.230023
790.3200,1.435158
790.3400,2.109605
790.3600,2.421217
790.3800,3.410137
790.4000,3.600000
790.4200,3.600000
790.4400,3.598953
790.4600,2.234262
790.4800,1.203224
790.5000,0.088598
790.5200,0.046931
790.5400,0.047923
790.5600,0.077018
790.5800,0.078456
790.6000,0.143872
790.6200,0.367393
790.6400,0.300904
790.6600,0.544943
790.6800,0.388733
790.7000,0.575613
790.7200,0.699884
790.7400,0.546571
790.7600,1.020237
790.7800,1.318842
790.8000,1.616131
790.8200,1.160570
790.8400,0.816836
790.8600,0.449236
790.8800,0.269069
790.9000,0.171826
790.9200,0.578503
790.9400,1.110621
790.9600,1.120787
790.9800,1.368685
791.0000,1.459271
791.0200,1.363337
791.0400,0.943269
791.0600,0.753861
791.0800,0.796205
791.1000,0.447805
791.1200,0.244657
791.1400,0.176151
791.1600,0.117079
791.1800,0.427210
791.2000,0.810935
791.2200,0.736552
791.2400,0.608769
791.2600,0.575696
791.2800,0.966135
791.3000,1.162489
791.3200,0.817688
791.3400,0.452630
791.3600,0.253113
791.3800,0.326912
791.4000,0.560543
791.4200,0.320488
791.4400,0.296219
791.4600,0.374942
791.4800,0.301112
791.5000,0.496391
791.5200,0.314655
791.5400,0.452483
791.5600,1.149589
791.5800,1.843528
791.6000,1.934235
791.6200,2.191066
791.6400,3.292456
791.6600,3.497442
791.6800,3.514904
791.7000,3.264104
791.7200,3.595187
791.7400,3.393959
791.7600,2.941376
791.7800,3.057778
791.8000,2.921512
791.8200,2.765279
791.8400,2.514563
791.8600,3.062515
791.8800,2.372771
791.9000,1.529507
791.9200,0.863312
791.9400,0.673187
791.9600,0.484446
791.9800,0.332568
792.0000,0.222967
792.0200,0.228176
792.0400,0.358341
792.0600,0.533377
792.0800,0.400512
792.1000,0.372522
792.1200,0.477325
792.1400,0.542543
792.1600,0.460760
792.1800,0.482089
792.2000,0.796740
792.2200,0.642188
792.2400,0.400735
792.2600,0.723954
792.2800,0.671029
792.3000,0.394291
792.3200,0.683861
792.3400,1.346894
792.3600,2.085053
792.3800,2.350247
792.4000,2.523412
792.4200,2.810927
792.4400,2.262504
792.4600,1.656922
792.4800,1.472086
792.5000,1.352179
792.5200,0.877279
792.5400,0.480680
792.5600,0.682687
792.5800,1.681766
792.6000,2.379117
792.6200,2.520260
792.6400,2.858097
792.6600,3.000195
792.6800,2.954119
792.7000,3.096611
792.7200,3.025504
792.7400,2.936986
792.7600,2.925308
792.7800,2.654810
792.8000,2.088798
792.8200,1.762413
792.8400,1.909663
792.8600,2.014667
792.8800,1.417647
792.9000,1.046856
792.9200,1.025293
792.9400,1.292750
792.9600,1.286262
792.9800,1.047692
793.0000,0.697270
793.0200,0.387596
793.0400,0.279425
793.0600,0.335695
793.0800,0.298354
793.1000,0.495488
793.1200,0.711790
793.1400,0.957734
793.1600,1.028994
793.1800,1.596360
793.2000,2.368952
793.2200,2.312142
793.2400,2.000229
793.2600,1.728543
793.2800,1.066507
793.3000,0.649029
793.3200,0.459775
793.3400,0.767570
793.3600,1.416393
793.3800,1.098368
793.4000,1.230023
793.4200,1.435158
793.4400,2.109605
793.4600,2.421217
793.4800,3.410137
793.5000,3.600000
793.5200,3.600000
793.5400,3.598953
793.5600,2.234262
793.5800,1.203224
793.6000,0.088598
793.6200,0.046931
793.6400,0.047923
793.6600,0.077018
793.6800,0.078456
793.7000,0.143872
793.7200,0.367393
793.7400,0.300904
793.7600,0.544943
793.7800,0.388733
793.8000,0.575613
793.8200,0.699884
793.8400,0.546571
793.8600,1.020237
793.8800,1.318842
793.9000,1.616131
793.9200,1.160570
793.9400,0.816836
793.9600,0.449236
793.9800,0.269069
794.0000,0.171826
794.0200,0.578503
794.0400,1.110621
794.0600,1.120787
794.0800,1.368685
794.1000,1.459271
794.1200,1.363337
794.1400,0.943269
794.1600,0.753861
794.1800,0.796205
794.2000,0.447805
794.2200,0.244657
794.2400,0.176151
794.2600,0.117079
794.2800,0.427210
794.3000,0.810935
794.3200,0.736552
794.3400,0.608769
794.3600,0.575696
794.3800,0.966135
794.4000,1.162489
794.4200,0.817688
794.4400,0.452630
794.4600,0.253113
794.4800,0.326912
794.5000,0.560543
794.5200,0.320488
794.5400,0.296219
794.5600,0.374942
794.5800,0.301112
794.6000,0.496391
794.6200,0.314655
794.6400,0.452483
794.6600,1.149589
794.6800,1.843528
794.7000,1.934235
794.7200,2.191066
794.7400,3.292456
794.7600,3.497442
794.7800,3.514904
794.8000,3.264104
794.8200,3.595187
794.8400,3.393959
794.8600,2.941376
794.8800,3.057778
794.9000,2.921512
794.9200,2.765279
794.9400,2.514563
794.9600,3.062515
794.9800,2.372771
795.0000,1.529507
795.0200,0.863312
795.0400,0.673187
795.0600,0.484446
795.0800,0.332568
795.1000,0.222967
795.1200,0.228176
795.1400,0.358341
795.1600,0.533377
795.1800,0.400512
795.2000,0.372522
795.2200,0.477325
795.2400,0.542543
795.2600,0.460760
795.2800,0.482089
795.3000,0.796740
795.3200,0.642188
795.3400,0.400735
795.3600,0.723954
795.3800,0.671029
795.4000,0.394291
795.4200,0.683861
795.4400,1.346894
795.4600,2.085053
795.4800,2.350247
795.5000,2.523412
795.5200,2.810927
795.5400,2.262504
795.5600,1.656922
795.5800,1.472086
795.6000,1.352179
795.6200,0.877279
795.6400,0.480680
795.6600,0.682687
795.6800,1.681766
795.7000,2.379117
795.7200,2.520260
795.7400,2.858097
795.7600,3.000195
795.7800,2.954119
795.8000,3.096611
795.8200,3.025504
795.8400,2.936986
795.8600,2.925308
795.8800,2.654810
795.9000,2.088798
795.9200,1.762413
795.9400,1.909663
795.9600,2.014667
795.9800,1.417647
796.0000,1.046856
796.0200,1.025293
796.0400,1.292750
796.0600,1.286262
796.0800,1.047692
796.1000,0.697270
796.1200,0.387596
796.1400,0.279425
796.1600,0.335695
796.1800,0.298354
796.2000,0.495488
796.2200,0.711790
796.2400,0.957734
796.2600,1.028994
796.2800,1.596360
796.3000,2.368952
796.3200,2.312142
796.3400,2.000229
796.3600,1.728543
796.3800,1.066507
796.4000,0.649029
796.4200,0.459775
796.4400,0.767570
796.4600,1.416393
796.4800,1.098368
796.5000,1.230023
796.5200,1.435158
796.5400,2.109605
796.5600,2.421217
796.5800,3.410137
796.6000,3.600000
796.6200,3.600000
796.6400,3.598953
796.6600,2.234262
796.6800,1.203224
796.7000,0.088598
796.7200,0.046931
796.7400,0.047923
796.7600,0.077018
796.7800,0.078456
796.8000,0.143872
796.8200,0.367393
796.8400,0.300904
796.8600,0.544943
796.8800,0.388733
796.9000,0.575613
796.9200,0.699884
796.9400,0.546571
796.9600,1.020237
796.9800,1.318842
797.0000,1.616131
797.0200,1.160570
797.0400,0.816836
797.0600,0.449236
797.0800,0.269069
797.1000,0.171826
797.1200,0.578503
797.1400,1.110621
797.1600,1.120787
797.1800,1.368685
797.2000,1.459271
797.2200,1.363337
797.2400,0.943269
797.2600,0.753861
797.2800,0.796205
797.3000,0.447805
797.3200,0.244657
797.3400,0.176151
797.3600,0.117079
797.3800,0.427210
797.4000,0.810935
797.4200,0.736552
797.4400,0.608769
797.4600,0.575696
797.4800,0.966135
797.5000,1.162489
797.5200,0.817688
797.5400,0.452630
797.5600,0.253113
797.5800,0.326912
797.6000,0.560543
797.6200,0.320488
797.6400,0.296219
797.6600,0.374942
797.6800,0.301112
797.7000,0.496391
797.7200,0.314655
797.7400,0.452483
797.7600,1.149589
797.7800,1.843528
797.8000,1.934235
797.8200,2.191066
797.8400,3.292456
797.8600,3.497442
797.8800,3.514904
797.9000,3.264104
797.9200,3.595187
797.9400,3.393959
797.9600,2.941376
797.9800,3.057778
798.0000,2.921512
798.0200,2.765279
798.0400,2.514563
798.0600,3.062515
798.0800,2.372771
798.1000,1.529507
798.1200,0.863312
798.1400,0.673187
798.1600,0.484446
798.1800,0.332568
798.2000,0.222967
798.2200,0.228176
798.2400,0.358341
798.2600,0.533377
798.2800,0.400512
798.3000,0.372522
798.3200,0.477325
798.3400,0.542543
798.3600,0.460760
798.3800,0.482089
798.4000,0.796740
798.4200,0.642188
798.4400,0.400735
798.4600,0.723954
798.4800,0.671029
798.5000,0.394291
798.5200,0.683861
798.5400,1.346894
798.5600,2.085053
798.5800,2.350247
798.6000,2.523412
798.6200,2.810927
798.6400,2.262504
798.6600,1.656922
798.6800,1.472086
798.7000,1.352179
798.7200,0.877279
798.7400,0.480680
798.7600,0.682687
798.7800,1.681766
798.8000,2.379117
798.8200,2.520260
798.8400,2.858097
798.8600,3.000195
798.8800,2.954119
798.9000,3.096611
798.9200,3.025504
798.9400,2.936986
798.9600,2.925308
798.9800,2.654810
799.0000,2.088798
799.0200,1.762413
799.0400,1.909663
799.0600,2.014667
799.0800,1.417647
799.1000,1.046856
799.1200,1.025293
799.1400,1.292750
799.1600,1.286262
799.1800,1.047692
799.2000,0.697270
799.2200,0.387596
799.2400,0.279425
799.2600,0.335695
799.2800,0.298354
799.3000,0.495488
799.3200,0.711790
799.3400,0.957734
799.3600,1.028994
799.3800,1.596360
799.4000,2.368952
799.4200,2.312142
799.4400,2.000229
799.4600,1.728543
799.4800,1.066507
799.5000,0.649029
799.5200,0.459775
799.5400,0.767570
799.5600,1.416393
799.5800,1.098368
799.6000,1.230023
799.6200,1.435158
799.6400,2.109605
799.6600,2.421217
799.6800,3.410137
799.7000,3.600000
799.7200,3.600000
799.7400,3.598953
799.7600,2.234262
799.7800,1.203224
799.8000,0.088598
799.8200,0.046931
799.8400,0.047923
799.8600,0.077018
799.8800,0.078456
799.9000,0.143872
799.9200,0.367393
799.9400,0.300904
799.9600,0.544943
799.9800,0.388733
800.0000,0.575613
800.0200,0.699884
800.0400,0.546571
800.0600,1.020237
800.0800,1.318842
800.1000,1.616131
800.1200,1.160570
800.1400,0.816836
800.1600,0.449236
800.1800,0.269069
800.2000,0.171826
800.2200,0.578503
800.2400,1.110621
800.2600,1.120787
800.2800,1.368685
800.3000,1.459271
800.3200,1.363337
800.3400,0.943269
800.3600,0.753861
800.3800,0.796205
800.4000,0.447805
800.4200,0.244657
800.4400,0.176151
800.4600,0.117079
800.4800,0.427210
800.5000,0.810935
800.5200,0.736552
800.5400,0.608769
800.5600,0.575696
800.5800,0.966135
800.6000,1.162489
800.6200,0.817688
800.6400,0.452630
800.6600,0.253113
800.6800,0.326912
800.7000,0.560543
800.7200,0.320488
800.7400,0.296219
800.7600,0.374942
800.7800,0.301112
800.8000,0.496391
800.8200,0.314655
800.8400,0.452483
800.8600,1.149589
800.8800,1.843528
800.9000,1.934235
800.9200,2.191066
800.9400,3.292456
800.9600,3.497442
800.9800,3.514904
801.0000,3.264104
801.0200,3.595187
801.0400,3.393959
801.0600,2.941376
801.0800,3.057778
801.1000,2.921512
801.1200,2.765279
801.1400,2.514563
801.1600,3.062515
801.1800,2.372771
801.2000,1.529507
801.2200,0.863312
801.2400,0.673187
801.2600,0.484446
801.2800,0.332568
801.3000,0.222967
801.3200,0.228176
801.3400,0.358341
801.3600,0.533377
801.3800,0.400512
801.4000,0.372522
801.4200,0.477325
801.4400,0.542543
801.4600,0.460760
801.4800,0.482089
801.5000,0.796740
801.5200,0.642188
801.5400,0.400735
801.5600,0.723954
801.5800,0.671029
801.6000,0.394291
801.6200,0.683861
801.6400,1.346894
801.6600,2.085053
801.6800,2.350247
801.7000,2.523412
801.7200,2.810927
801.7400,2.262504
801.7600,1.656922
801.7800,1.472086
801.8000,1.352179
801.8200,0.877279
801.8400,0.480680
801.8600,0.682687
801.8800,1.681766
801.9000,2.379117
801.9200,2.520260
801.9400,2.858097
801.9600,3.000195
801.9800,2.954119
802.0000,3.096611
802.0200,3.025504
802.0400,2.936986
802.0600,2.925308
802.0800,2.654810
802.1000,2.088798
802.1200,1.762413
802.1400,1.909663
802.1600,2.014667
802.1800,1.417647
802.2000,1.046856
802.2200,1.025293
802.2400,1.292750
802.2600,1.286262
802.2800,1.047692
802.3000,0.697270
802.3200,0.387596
802.3400,0.279425
802.3600,0.335695
802.3800,0.298354
802.4000,0.495488
802.4200,0.711790
802.4400,0.957734
802.4600,1.028994
802.4800,1.596360
802.5000,2.368952
802.5200,2.312142
802.5400,2.000229
802.5600,1.728543
802.5800,1.066507
802.6000,0.649029
802.6200,0.459775
802.6400,0.767570
802.6600,1.416393
802.6800,1.098368
802.7000,1.230023
802.7200,1.435158
802.7400,2.109605
802.7600,2.421217
802.7800,3.410137
802.8000,3.600000
802.8200,3.600000
802.8400,3.598953
802.8600,2.234262
802.8800,1.203224
802.9000,0.088598
802.9200,0.046931
802.9400,0.047923
802.9600,0.077018
802.9800,0.078456
803.0000,0.143872
803.0200,0.367393
803.0400,0.300904
803.0600,0.544943
803.0800,0.388733
803.1000,0.575613
803.1200,0.699884
803.1400,0.546571
803.1600,1.020237
803.1800,1.318842
803.2000,1.616131
803.2200,1.160570
803.2400,0.816836
803.2600,0.449236
803.2800,0.269069
803.3000,0.171826
803.3200,0.578503
803.3400,1.110621
803.3600,1.120787
803.3800,1.368685
803.4000,1.459271
803.4200,1.363337
803.4400,0.943269
803.4600,0.753861
803.4800,0.796205
803.5000,0.447805
803.5200,0.244657
803.5400,0.176151
803.5600,0.117079
803.5800,0.427210
803.6000,0.810935
803.6200,0.736552
803.6400,0.608769
803.6600,0.575696
803.6800,0.966135
803.7000,1.162489
803.7200,0.817688
803.7400,0.452630
803.7600,0.253113
803.7800,0.326912
803.8000,0.560543
803.8200,0.320488
803.8400,0.296219
803.8600,0.374942
803.8800,0.301112
803.9000,0.496391
803.9200,0.314655
803.9400,0.452483
803.9600,1.149589
803.9800,1.843528
804.0000,1.934235
804.0200,2.191066
804.0400,3.292456
804.0600,3.497442
804.0800,3.514904
804.1000,3.264104
804.1200,3.595187
804.1400,3.393959
804.1600,2.941376
804.1800,3.057778
804.2000,2.921512
804.2200,2.765279
804.2400,2.514563
804.2600,3.062515
804.2800,2.372771
804.3000,1.529507
804.3200,0.863312
804.3400,0.673187
804.3600,0.484446
804.3800,0.332568
804.4000,0.222967
804.4200,0.228176
804.4400,0.358341
804.4600,0.533377
804.4800,0.400512
804.5000,0.372522
804.5200,0.477325
804.5400,0.542543
804.5600,0.460760
804.5800,0.482089
804.6000,0.796740
804.6200,0.642188
804.6400,0.400735
804.6600,0.723954
804.6800,0.671029
804.7000,0.394291
804.7200,0.683861
804.7400,1.346894
804.7600,2.085053
804.7800,2.350247
804.8000,2.523412
804.8200,2.810927
804.8400,2.262504
804.8600,1.656922
804.8800,1.472086
804.9000,1.352179
804.9200,0.877279
804.9400,0.480680
804.9600,0.682687
804.9800,1.681766
805.0000,2.379117
805.0200,2.520260
805.0400,2.858097
805.0600,3.000195
805.0800,2.954119
805.1000,3.096611
805.1200,3.025504
805.1400,2.936986
805.1600,2.925308
805.1800,2.654810
805.2000,2.088798
805.2200,1.762413
805.2400,1.909663
805.2600,2.014667
805.2800,1.417647
805.3000,1.046856
805.3200,1.025293
805.3400,1.292750
805.3600,1.286262
805.3800,1.047692
805.4000,0.697270
805.4200,0.387596
805.4400,0.279425
805.4600,0.335695
805.4800,0.298354
805.5000,0.495488
805.5200,0.711790
805.5400,0.957734
805.5600,1.028994
805.5800,1.596360
805.6000,2.368952
805.6200,2.312142
805.6400,2.000229
805.6600,1.728543
805.6800,1.066507
805.7000,0.649029
805.7200,0.459775
805.7400,0.767570
805.7600,1.416393
805.7800,1.098368
805.8000,1.230023
805.8200,1.435158
805.8400,2.109605
805.8600,2.421217
805.8800,3.410137
805.9000,3.600000
805.9200,3.600000
805.9400,3.598953
805.9600,2.234262
805.9800,1.203224
806.0000,0.088598
806.0200,0.046931
806.0400,0.047923
806.0600,0.077018
806.0800,0.078456
806.1000,0.143872
806.1200,0.367393
806.1400,0.300904
806.1600,0.544943
806.1800,0.388733
806.2000,0.575613
806.2200,0.699884
806.2400,0.546571
806.2600,1.020237
806.2800,1.318842
806.3000,1.616131
806.3200,1.160570
806.3400,0.816836
806.3600,0.449236
806.3800,0.269069
806.4000,0.171826
806.4200,0.578503
806.4400,1.110621
806.4600,1.120787
806.4800,1.368685
806.5000,1.459271
806.5200,1.363337
806.5400,0.943269
806.5600,0.753861
806.5800,0.796205
806.6000,0.447805
806.6200,0.244657
806.6400,0.176151
806.6600,0.117079
806.6800,0.427210
806.7000,0.810935
806.7200,0.736552
806.7400,0.608769
806.7600,0.575696
806.7800,0.966135
806.8000,1.162489
806.8200,0.817688
806.8400,0.452630
806.8600,0.253113
806.8800,0.326912
806.9000,0.560543
806.9200,0.320488
806.9400,0.296219
806.9600,0.374942
806.9800,0.301112
807.0000,0.496391
807.0200,0.314655
807.0400,0.452483
807.0600,1.149589
807.0800,1.843528
807.1000,1.934235
807.1200,2.191066
807.1400,3.292456
807.1600,3.497442
807.1800,3.514904
807.2000,3.264104
807.2200,3.595187
807.2400,3.393959
807.2600,2.941376
807.2800,3.057778
807.3000,2.921512
807.3200,2.765279
807.3400,2.514563
807.3600,3.062515
807.3800,2.372771
807.4000,1.529507
807.4200,0.863312
807.4400,0.673187
807.4600,0.484446
807.4800,0.332568
807.5000,0.222967
807.5200,0.228176
807.5400,0.358341
807.5600,0.533377
807.5800,0.400512
807.6000,0.372522
807.6200,0.477325
807.6400,0.542543
807.6600,0.460760
807.6800,0.482089
807.7000,0.796740
807.7200,0.642188
807.7400,0.400735
807.7600,0.723954
807.7800,0.671029
807.8000,0.394291
807.8200,0.683861
807.8400,1.346894
807.8600,2.085053
807.8800,2.350247
807.9000,2.523412
807.9200,2.810927
807.9400,2.262504
807.9600,1.656922
807.9800,1.472086
808.0000,1.352179
808.0200,0.877279
808.0400,0.480680
808.0600,0.682687
808.0800,1.681766
808.1000,2.379117
808.1200,2.520260
808.1400,2.858097
808.1600,3.000195
808.1800,2.954119
808.2000,3.096611
808.2200,3.025504
808.2400,2.936986
808.2600,2.925308
808.2800,2.654810
808.3000,2.088798
808.3200,1.762413
808.3400,1.909663
808.3600,2.014667
808.3800,1.417647
808.4000,1.046856
808.4200,1.025293
808.4400,1.292750
808.4600,1.286262
808.4800,1.047692
808.5000,0.697270
808.5200,0.387596
808.5400,0.279425
808.5600,0.335695
808.5800,0.298354
808.6000,0.495488
808.6200,0.711790
808.6400,0.957734
808.6600,1.028994
808.6800,1.596360
808.7000,2.368952
808.7200,2.312142
808.7400,2.000229
808.7600,1.728543
808.7800,1.066507
808.8000,0.649029
808.8200,0.459775
808.8400,0.767570
808.8600,1.416393
808.8800,1.098368
808.9000,1.230023
808.9200,1.435158
808.9400,2.109605
808.9600,2.421217
808.9800,3.410137
809.0000,3.600000
809.0200,3.600000
809.0400,3.598953
809.0600,2.234262
809.0800,1.203224
809.1000,0.088598
809.1200,0.046931
809.1400,0.047923
809.1600,0.077018
809.1800,0.078456
809.2000,0.143872
809.2200,0.367393
809.2400,0.300904
809.2600,0.544943
809.2800,0.388733
809.3000,0.575613
809.3200,0.699884
809.3400,0.546571
809.3600,1.020237
809.3800,1.318842
809.4000,1.616131
809.4200,1.160570
809.4400,0.816836
809.4600,0.449236
809.4800,0.269069
809.5000,0.171826
809.5200,0.578503
809.5400,1.110621
809.5600,1.120787
809.5800,1.368685
809.6000,1.459271
809.6200,1.363337
809.6400,0.943269
809.6600,0.753861
809.6800,0.796205
809.7000,0.447805
809.7200,0.244657
809.7400,0.176151
809.7600,0.117079
809.7800,0.427210
809.8000,0.810935
809.8200,0.736552
809.8400,0.608769
809.8600,0.575696
809.8800,0.966135
809.9000,1.162489
809.9200,0.817688
809.9400,0.452630
809.9600,0.253113
809.9800,0.326912
810.0000,0.560543
810.0200,0.320488
810.0400,0.296219
810.0600,0.374942
810.0800,0.301112
810.1000,0.496391
810.1200,0.314655
810.1400,0.452483
810.1600,1.149589
810.1800,1.843528
810.2000,1.934235
810.2200,2.191066
810.2400,3.292456
810.2600,3.497442
810.2800,3.514904
810.3000,3.264104
810.3200,3.595187
810.3400,3.393959
810.3600,2.941376
810.3800,3.057778
810.4000,2.921512
810.4200,2.765279
810.4400,2.514563
810.4600,3.062515
810.4800,2.372771
810.5000,1.529507
810.5200,0.863312
810.5400,0.673187
810.5600,0.484446
810.5800,0.332568
810.6000,0.222967
810.6200,0.228176
810.6400,0.358341
810.6600,0.533377
810.6800,0.400512
810.7000,0.372522
810.7200,0.477325
810.7400,0.542543
810.7600,0.460760
810.7800,0.482089
810.8000,0.796740
810.8200,0.642188
810.8400,0.400735
810.8600,0.723954
810.8800,0.671029
810.9000,0.394291
810.9200,0.683861
810.9400,1.346894
810.9600,2.085053
810.9800,2.350247
811.0000,2.523412
811.0200,2.810927
811.0400,2.262504
811.0600,1.656922
811.0800,1.472086
811.1000,1.352179
811.1200,0.877279
811.1400,0.480680
811.1600,0.682687
811.1800,1.681766
811.2000,2.379117
811.2200,2.520260
811.2400,2.858097
811.2600,3.000195
811.2800,2.954119
811.3000,3.096611
811.3200,3.025504
811.3400,2.936986
811.3600,2.925308
811.3800,2.654810
811.4000,2.088798
811.4200,1.762413
811.4400,1.909663
811.4600,2.014667
811.4800,1.417647
811.5000,1.046856
811.5200,1.025293
811.5400,1.292750
811.5600,1.286262
811.5800,1.047692
811.6000,0.697270
811.6200,0.387596
811.6400,0.279425
811.6600,0.335695
811.6800,0.298354
811.7000,0.495488
811.7200,0.711790
811.7400,0.957734
811.7600,1.028994
811.7800,1.596360
811.8000,2.368952
811.8200,2.312142
811.8400,2.000229
811.8600,1.728543
811.8800,1.066507
811.9000,0.649029
811.9200,0.459775
811.9400,0.767570
811.9600,1.416393
811.9800,1.098368
812.0000,1.230023
812.0200,1.435158
812.0400,2.109605
812.0600,2.421217
812.0800,3.410137
812.1000,3.600000
812.1200,3.600000
812.1400,3.598953
812.1600,2.234262
812.1800,1.203224
812.2000,0.088598
812.2200,0.046931
812.2400,0.047923
812.2600,0.077018
812.2800,0.078456
812.3000,0.143872
812.3200,0.367393
812.3400,0.300904
812.3600,0.544943
812.3800,0.388733
812.4000,0.575613
812.4200,0.699884
812.4400,0.546571
812.4600,1.020237
812.4800,1.318842
812.5000,1.616131
812.5200,1.160570
812.5400,0.816836
812.5600,0.449236
812.5800,0.269069
812.6000,0.171826
812.6200,0.578503
812.6400,1.110621
812.6600,1.120787
812.6800,1.368685
812.7000,1.459271
812.7200,1.363337
812.7400,0.943269
812.7600,0.753861
812.7800,0.796205
812.8000,0.447805
812.8200,0.244657
812.8400,0.176151
812.8600,0.117079
812.8800,0.427210
812.9000,0.810935
812.9200,0.736552
812.9400,0.608769
812.9600,0.575696
812.9800,0.966135
813.0000,1.162489
813.0200,0.817688
813.0400,0.452630
813.0600,0.253113
813.0800,0.326912
813.1000,0.560543
813.1200,0.320488
813.1400,0.296219
813.1600,0.374942
813.1800,0.301112
813.2000,0.496391
813.2200,0.314655
813.2400,0.452483
813.2600,1.149589
813.2800,1.843528
813.3000,1.934235
813.3200,2.191066
813.3400,3.292456
813.3600,3.497442
813.3800,3.514904
813.4000,3.264104
813.4200,3.595187
813.4400,3.393959
813.4600,2.941376
813.4800,3.057778
813.5000,2.921512
813.5200,2.765279
813.5400,2.514563
813.5600,3.062515
813.5800,2.372771
813.6000,1.529507
813.6200,0.863312
813.6400,0.673187
813.6600,0.484446
813.6800,0.332568
813.7000,0.222967
813.7200,0.228176
813.7400,0.358341
813.7600,0.533377
813.7800,0.400512
813.8000,0.372522
813.8200,0.477325
813.8400,0.542543
813.8600,0.460760
813.8800,0.482089
813.9000,0.796740
813.9200,0.642188
813.9400,0.400735
813.9600,0.723954
813.9800,0.671029
814.0000,0.394291
814.0200,0.683861
814.0400,1.346894
814.0600,2.085053
814.0800,2.350247
814.1000,2.523412
814.1200,2.810927
814.1400,2.262504
814.1600,1.656922
814.1800,1.472086
814.2000,1.352179
814.2200,0.877279
814.2400,0.480680
814.2600,0.682687
814.2800,1.681766
814.3000,2.379117
814.3200,2.520260
814.3400,2.858097
814.3600,3.000195
814.3800,2.954119
814.4000,3.096611
814.4200,3.025504
814.4400,2.936986
814.4600,2.925308
814.4800,2.654810
814.5000,2.088798
814.5200,1.762413
814.5400,1.909663
814.5600,2.014667
814.5800,1.417647
814.6000,1.046856
814.6200,1.025293
814.6400,1.292750
814.6600,1.286262
814.6800,1.047692
814.7000,0.697270
814.7200,0.387596
814.7400,0.279425
814.7600,0.335695
814.7800,0.298354
814.8000,0.495488
814.8200,0.711790
814.8400,0.957734
814.8600,1.028994
814.8800,1.596360
814.9000,2.368952
814.9200,2.312142
814.9400,2.000229
814.9600,1.728543
814.9800,1.066507
815.0000,0.649029
815.0200,0.459775
815.0400,0.767570
815.0600,1.416393
815.0800,1.098368
815.1000,1.230023
815.1200,1.435158
815.1400,2.109605
815.1600,2.421217
815.1800,3.410137
815.2000,3.600000
815.2200,3.600000
815.2400,3.598953
815.2600,2.234262
815.2800,1.203224
815.3000,0.088598
815.3200,0.046931
815.3400,0.047923
815.3600,0.077018
815.3800,0.078456
815.4000,0.143872
815.4200,0.367393
815.4400,0.300904
815.4600,0.544943
815.4800,0.388733
815.5000,0.575613
815.5200,0.699884
815.5400,0.546571
815.5600,1.020237
815.5800,1.318842
815.6000,1.616131
815.6200,1.160570
815.6400,0.816836
815.6600,0.449236
815.6800,0.269069
815.7000,0.171826
815.7200,0.578503
815.7400,1.110621
815.7600,1.120787
815.7800,1.368685
815.8000,1.459271
815.8200,1.363337
815.8400,0.943269
815.8600,0.753861
815.8800,0.796205
815.9000,0.447805
815.9200,0.244657
815.9400,0.176151
815.9600,0.117079
815.9800,0.427210
816.0000,0.810935
816.0200,0.736552
816.0400,0.608769
816.0600,0.575696
816.0800,0.966135
816.1000,1.162489
816.1200,0.817688
816.1400,0.452630
816.1600,0.253113
816.1800,0.326912
816.2000,0.560543
816.2200,0.320488
816.2400,0.296219
816.2600,0.374942
816.2800,0.301112
816.3000,0.496391
816.3200,0.314655
816.3400,0.452483
816.3600,1.149589
816.3800,1.843528
816.4000,1.934235
816.4200,2.191066
816.4400,3.292456
816.4600,3.497442
816.4800,3.514904
816.5000,3.264104
816.5200,3.595187
816.5400,3.393959
816.5600,2.941376
816.5800,3.057778
816.6000,2.921512
816.6200,2.765279
816.6400,2.514563
816.6600,3.062515
816.6800,2.372771
816.7000,1.529507
816.7200,0.863312
816.7400,0.673187
816.7600,0.484446
816.7800,0.332568
816.8000,0.222967
816.8200,0.228176
816.8400,0.358341
816.8600,0.533377
816.8800,0.400512
816.9000,0.372522
816.9200,0.477325
816.9400,0.542543
816.9600,0.460760
816.9800,0.482089
817.0000,0.796740
817.0200,0.642188
817.0400,0.400735
817.0600,0.723954
817.0800,0.671029
817.1000,0.394291
817.1200,0.683861
817.1400,1.346894
817.1600,2.085053
817.1800,2.350247
817.2000,2.523412
817.2200,2.810927
817.2400,2.262504
817.2600,1.656922
817.2800,1.472086
817.3000,1.352179
817.3200,0.877279
817.3400,0.480680
817.3600,0.682687
817.3800,1.681766
817.4000,2.379117
817.4200,2.520260
817.4400,2.858097
817.4600,3.000195
817.4800,2.954119
817.5000,3.096611
817.5200,3.025504
817.5400,2.936986
817.5600,2.925308
817.5800,2.654810
817.6000,2.088798
817.6200,1.762413
817.6400,1.909663
817.6600,2.014667
817.6800,1.417647
817.7000,1.046856
817.7200,1.025293
817.7400,1.292750
817.7600,1.286262
817.7800,1.047692
817.8000,0.697270
817.8200,0.387596
817.8400,0.279425
817.8600,0.335695
817.8800,0.298354
817.9000,0.495488
817.9200,0.711790
817.9400,0.957734
817.9600,1.028994
817.9800,1.596360
818.0000,2.368952
818.0200,2.312142
818.0400,2.000229
818.0600,1.728543
818.0800,1.066507
818.1000,0.649029
818.1200,0.459775
818.1400,0.767570
818.1600,1.416393
818.1800,1.098368
818.2000,1.230023
818.2200,1.435158
818.2400,2.109605
818.2600,2.421217
818.2800,3.410137
818.3000,3.600000
818.3200,3.600000
818.3400,3.598953
818.3600,2.234262
818.3800,1.203224
818.4000,0.088598
818.4200,0.046931
818.4400,0.047923
818.4600,0.077018
818.4800,0.078456
818.5000,0.143872
818.5200,0.367393
818.5400,0.300904
818.5600,0.544943
818.5800,0.388733
818.6000,0.575613
818.6200,0.699884
818.6400,0.546571
818.6600,1.020237
818.6800,1.318842
818.7000,1.616131
818.7200,1.160570
818.7400,0.816836
818.7600,0.449236
818.7800,0.269069
818.8000,0.171826
818.8200,0.578503
818.8400,1.110621
818.8600,1.120787
818.8800,1.368685
818.9000,1.459271
818.9200,1.363337
818.9400,0.943269
818.9600,0.753861
818.9800,0.796205
819.0000,0.447805
819.0200,0.244657
819.0400,0.176151
819.0600,0.117079
819.0800,0.427210
819.1000,0.810935
819.1200,0.736552
819.1400,0.608769
819.1600,0.575696
819.1800,0.966135
819.2000,1.162489
819.2200,0.817688
819.2400,0.452630
819.2600,0.253113
819.2800,0.326912
819.3000,0.560543
819.3200,0.320488
819.3400,0.296219
819.3600,0.374942
819.3800,0.301112
819.4000,0.496391
819.4200,0.314655
819.4400,0.452483
819.4600,1.149589
819.4800,1.843528
819.5000,1.934235
819.5200,2.191066
819.5400,3.292456
819.5600,3.497442
819.5800,3.514904
819.6000,3.264104
819.6200,3.595187
819.6400,3.393959
819.6600,2.941376
819.6800,3.057778
819.7000,2.921512
819.7200,2.765279
819.7400,2.514563
819.7600,3.062515
819.7800,2.372771
819.8000,1.529507
819.8200,0.863312
819.8400,0.673187
819.8600,0.484446
819.8800,0.332568
819.9000,0.222967
819.9200,0.228176
819.9400,0.358341
819.9600,0.533377
819.9800,0.400512
820.0000,0.372522
820.0200,0.477325
820.0400,0.542543
820.0600,0.460760
820.0800,0.482089
820.1000,0.796740
820.1200,0.642188
820.1400,0.400735
820.1600,0.723954
820.1800,0.671029
820.2000,0.394291
820.2200,0.683861
820.2400,1.346894
820.2600,2.085053
820.2800,2.350247
820.3000,2.523412
820.3200,2.810927
820.3400,2.262504
820.3600,1.656922
820.3800,1.472086
820.4000,1.352179
820.4200,0.877279
820.4400,0.480680
820.4600,0.682687
820.4800,1.681766
820.5000,2.379117
820.5200,2.520260
820.5400,2.858097
820.5600,3.000195
820.5800,2.954119
820.6000,3.096611
820.6200,3.025504
820.6400,2.936986
820.6600,2.925308
820.6800,2.654810
820.7000,2.088798
820.7200,1.762413
820.7400,1.909663
820.7600,2.014667
820.7800,1.417647
820.8000,1.046856
820.8200,1.025293
820.8400,1.292750
820.8600,1.286262
820.8800,1.047692
820.9000,0.697270
820.9200,0.387596
820.9400,0.279425
820.9600,0.335695
820.9800,0.298354
821.0000,0.495488
821.0200,0.711790
821.0400,0.957734
821.0600,1.028994
821.0800,1.596360
821.1000,2.368952
821.1200,2.312142
821.1400,2.000229
821.1600,1.728543
821.1800,1.066507
821.2000,0.649029
821.2200,0.459775
821.2400,0.767570
821.2600,1.416393
821.2800,1.098368
821.3000,1.230023
821.3200,1.435158
821.3400,2.109605
821.3600,2.421217
821.3800,3.410137
821.4000,3.600000
821.4200,3.600000
821.4400,3.598953
821.4600,2.234262
821.4800,1.203224
821.5000,0.088598
821.5200,0.046931
821.5400,0.047923
821.5600,0.077018
821.5800,0.078456
821.6000,0.143872
821.6200,0.367393
821.6400,0.300904
821.6600,0.544943
821.6800,0.388733
821.7000,0.575613
821.7200,0.699884
821.7400,0.546571
821.7600,1.020237
821.7800,1.318842
821.8000,1.616131
821.8200,1.160570
821.8400,0.816836
821.8600,0.449236
821.8800,0.269069
821.9000,0.171826
821.9200,0.578503
821.9400,1.110621
821.9600,1.120787
821.9800,1.368685
822.0000,1.459271
822.0200,1.363337
822.0400,0.943269
822.0600,0.753861
822.0800,0.796205
822.1000,0.447805
822.1200,0.244657
822.1400,0.176151
822.1600,0.117079
822.1800,0.427210
822.2000,0.810935
822.2200,0.736552
822.2400,0.608769
822.2600,0.575696
822.2800,0.966135
822.3000,1.162489
822.3200,0.817688
822.3400,0.452630
822.3600,0.253113
822.3800,0.326912
822.4000,0.560543
822.4200,0.320488
822.4400,0.296219
822.4600,0.374942
822.4800,0.301112
822.5000,0.496391
822.5200,0.314655
822.5400,0.452483
822.5600,1.149589
822.5800,1.843528
822.6000,1.934235
822.6200,2.191066
822.6400,3.292456
822.6600,3.497442
822.6800,3.514904
822.7000,3.264104
822.7200,3.595187
822.7400,3.393959
822.7600,2.941376
822.7800,3.057778
822.8000,2.921512
822.8200,2.765279
822.8400,2.514563
822.8600,3.062515
822.8800,2.372771
822.9000,1.529507
822.9200,0.863312
822.9400,0.673187
822.9600,0.484446
822.9800,0.332568
823.0000,0.222967
823.0200,0.228176
823.0400,0.358341
823.0600,0.533377
823.0800,0.400512
823.1000,0.372522
823.1200,0.477325
823.1400,0.542543
823.1600,0.460760
823.1800,0.482089
823.2000,0.796740
823.2200,0.642188
823.2400,0.400735
823.2600,0.723954
823.2800,0.671029
823.3000,0.394291
823.3200,0.683861
823.3400,1.346894
823.3600,2.085053
823.3800,2.350247
823.4000,2.523412
823.4200,2.810927
823.4400,2.262504
823.4600,1.656922
823.4800,1.472086
823.5000,1.352179
823.5200,0.877279
823.5400,0.480680
823.5600,0.682687
823.5800,1.681766
823.6000,2.379117
823.6200,2.520260
823.6400,2.858097
823.6600,3.000195
823.6800,2.954119
823.7000,3.096611
823.7200,3.025504
823.7400,2.936986
823.7600,2.925308
823.7800,2.654810
823.8000,2.088798
823.8200,1.762413
823.8400,1.909663
823.8600,2.014667
823.8800,1.417647
823.9000,1.046856
823.9200,1.025293
823.9400,1.292750
823.9600,1.286262
823.9800,1.047692
824.0000,0.697270
824.0200,0.387596
824.0400,0.279425
824.0600,0.335695
824.0800,0.298354
824.1000,0.495488
824.1200,0.711790
824.1400,0.957734
824.1600,1.028994
824.1800,1.596360
824.2000,2.368952
824.2200,2.312142
824.2400,2.000229
824.2600,1.728543
824.2800,1.066507
824.3000,0.649029
824.3200,0.459775
824.3400,0.767570
824.3600,1.416393
824.3800,1.098368
824.4000,1.230023
824.4200,1.435158
824.4400,2.109605
824.4600,2.421217
824.4800,3.410137
824.5000,3.600000
824.5200,3.600000
824.5400,3.598953
824.5600,2.234262
824.5800,1.203224
824.6000,0.088598
824.6200,0.046931
824.6400,0.047923
824.6600,0.077018
824.6800,0.078456
824.7000,0.143872
824.7200,0.367393
824.7400,0.300904
824.7600,0.544943
824.7800,0.388733
824.8000,0.575613
824.8200,0.699884
824.8400,0.546571
824.8600,1.020237
824.8800,1.318842
824.9000,1.616131
824.9200,1.160570
824.9400,0.816836
824.9600,0.449236
824.9800,0.269069
825.0000,0.171826
825.0200,0.578503
825.0400,1.110621
825.0600,1.120787
825.0800,1.368685
825.1000,1.459271
825.1200,1.363337
825.1400,0.943269
825.1600,0.753861
825.1800,0.796205
825.2000,0.447805
825.2200,0.244657
825.2400,0.176151
825.2600,0.117079
825.2800,0.427210
825.3000,0.810935
825.3200,0.736552
825.3400,0.608769
825.3600,0.575696
825.3800,0.966135
825.4000,1.162489
825.4200,0.817688
825.4400,0.452630
825.4600,0.253113
825.4800,0.326912
825.5000,0.560543
825.5200,0.320488
825.5400,0.296219
825.5600,0.374942
825.5800,0.301112
825.6000,0.496391
825.6200,0.314655
825.6400,0.452483
825.6600,1.149589
825.6800,1.843528
825.7000,1.934235
825.7200,2.191066
825.7400,3.292456
825.7600,3.497442
825.7800,3.514904
825.8000,3.264104
825.8200,3.595187
825.8400,3.393959
825.8600,2.941376
825.8800,3.057778
825.9000,2.921512
825.9200,2.765279
825.9400,2.514563
825.9600,3.062515
825.9800,2.372771
826.0000,1.529507
826.0200,0.863312
826.0400,0.673187
826.0600,0.484446
826.0800,0.332568
826.1000,0.222967
826.1200,0.228176
826.1400,0.358341
826.1600,0.533377
826.1800,0.400512
826.2000,0.372522
826.2200,0.477325
826.2400,0.542543
826.2600,0.460760
826.2800,0.482089
826.3000,0.796740
826.3200,0.642188
826.3400,0.400735
826.3600,0.723954
826.3800,0.671029
826.4000,0.394291
826.4200,0.683861
826.4400,1.346894
826.4600,2.085053
826.4800,2.350247
826.5000,2.523412
826.5200,2.810927
826.5400,2.262504
826.5600,1.656922
826.5800,1.472086
826.6000,1.352179
826.6200,0.877279
826.6400,0.480680
826.6600,0.682687
826.6800,1.681766
826.7000,2.379117
826.7200,2.520260
826.7400,2.858097
826.7600,3.000195
826.7800,2.954119
826.8000,3.096611
826.8200,3.025504
826.8400,2.936986
826.8600,2.925308
826.8800,2.654810
826.9000,2.088798
826.9200,1.762413
826.9400,1.909663
826.9600,2.014667
826.9800,1.417647
827.0000,1.046856
827.0200,1.025293
827.0400,1.292750
827.0600,1.286262
827.0800,1.047692
827.1000,0.697270
827.1200,0.387596
827.1400,0.279425
827.1600,0.335695
827.1800,0.298354
827.2000,0.495488
827.2200,0.711790
827.2400,0.957734
827.2600,1.028994
827.2800,1.596360
827.3000,2.368952
827.3200,2.312142
827.3400,2.000229
827.3600,1.728543
827.3800,1.066507
827.4000,0.649029
827.4200,0.459775
827.4400,0.767570
827.4600,1.416393
827.4800,1.098368
827.5000,1.230023
827.5200,1.435158
827.5400,2.109605
827.5600,2.421217
827.5800,3.410137
827.6000,3.600000
827.6200,3.600000
827.6400,3.598953
827.6600,2.234262
827.6800,1.203224
827.7000,0.088598
827.7200,0.046931
827.7400,0.047923
827.7600,0.077018
827.7800,0.078456
827.8000,0.143872
827.8200,0.367393
827.8400,0.300904
827.8600,0.544943
827.8800,0.388733
827.9000,0.575613
827.9200,0.699884
827.9400,0.546571
827.9600,1.020237
827.9800,1.318842
828.0000,1.616131
828.0200,1.160570
828.0400,0.816836
828.0600,0.449236
828.0800,0.269069
828.1000,0.171826
828.1200,0.578503
828.1400,1.110621
828.1600,1.120787
828.1800,1.368685
828.2000,1.459271
828.2200,1.363337
828.2400,0.943269
828.2600,0.753861
828.2800,0.796205
828.3000,0.447805
828.3200,0.244657
828.3400,0.176151
828.3600,0.117079
828.3800,0.427210
828.4000,0.810935
828.4200,0.736552
828.4400,0.608769
828.4600,0.575696
828.4800,0.966135
828.5000,1.162489
828.5200,0.817688
828.5400,0.452630
828.5600,0.253113
828.5800,0.326912
828.6000,0.560543
828.6200,0.320488
828.6400,0.296219
828.6600,0.374942
828.6800,0.301112
828.7000,0.496391
828.7200,0.314655
828.7400,0.452483
828.7600,1.149589
828.7800,1.843528
828.8000,1.934235
828.8200,2.191066
828.8400,3.292456
828.8600,3.497442
828.8800,3.514904
828.9000,3.264104
828.9200,3.595187
828.9400,3.393959
828.9600,2.941376
828.9800,3.057778
829.0000,2.921512
829.0200,2.765279
829.0400,2.514563
829.0600,3.062515
829.0800,2.372771
829.1000,1.529507
829.1200,0.863312
829.1400,0.673187
829.1600,0.484446
829.1800,0.332568
829.2000,0.222967
829.2200,0.228176
829.2400,0.358341
829.2600,0.533377
829.2800,0.400512
829.3000,0.372522
829.3200,0.477325
829.3400,0.542543
829.3600,0.460760
829.3800,0.482089
829.4000,0.796740
829.4200,0.642188
829.4400,0.400735
829.4600,0.723954
829.4800,0.671029
829.5000,0.394291
829.5200,0.683861
829.5400,1.346894
829.5600,2.085053
829.5800,2.350247
829.6000,2.523412
829.6200,2.810927
829.6400,2.262504
829.6600,1.656922
829.6800,1.472086
829.7000,1.352179
829.7200,0.877279
829.7400,0.480680
829.7600,0.682687
829.7800,1.681766
829.8000,2.379117
829.8200,2.520260
829.8400,2.858097
829.8600,3.000195
829.8800,2.954119
829.9000,3.096611
829.9200,3.025504
829.9400,2.936986
829.9600,2.925308
829.9800,2.654810
830.0000,2.088798
830.0200,1.762413
830.0400,1.909663
830.0600,2.014667
830.0800,1.417647
830.1000,1.046856
830.1200,1.025293
830.1400,1.292750
830.1600,1.286262
830.1800,1.047692
830.2000,0.697270
830.2200,0.387596
830.2400,0.279425
830.2600,0.335695
830.2800,0.298354
830.3000,0.495488
830.3200,0.711790
830.3400,0.957734
830.3600,1.028994
830.3800,1.596360
830.4000,2.368952
830.4200,2.312142
830.4400,2.000229
830.4600,1.728543
830.4800,1.066507
830.5000,0.649029
830.5200,0.459775
830.5400,0.767570
830.5600,1.416393
830.5800,1.098368
830.6000,1.230023
830.6200,1.435158
830.6400,2.109605
830.6600,2.421217
830.6800,3.410137
830.7000,3.600000
830.7200,3.600000
830.7400,3.598953
830.7600,2.234262
830.7800,1.203224
830.8000,0.088598
830.8200,0.046931
830.8400,0.047923
830.8600,0.077018
830.8800,0.078456
830.9000,0.143872
830.9200,0.367393
830.9400,0.300904
830.9600,0.544943
830.9800,0.388733
831.0000,0.575613
831.0200,0.699884
831.0400,0.546571
831.0600,1.020237
831.0800,1.318842
831.1000,1.616131
831.1200,1.160570
831.1400,0.816836
831.1600,0.449236
831.1800,0.269069
831.2000,0.171826
831.2200,0.578503
831.2400,1.110621
831.2600,1.120787
831.2800,1.368685
831.3000,1.459271
831.3200,1.363337
831.3400,0.943269
831.3600,0.753861
831.3800,0.796205
831.4000,0.447805
831.4200,0.244657
831.4400,0.176151
831.4600,0.117079
831.4800,0.427210
831.5000,0.810935
831.5200,0.736552
831.5400,0.608769
831.5600,0.575696
831.5800,0.966135
831.6000,1.162489
831.6200,0.817688
831.6400,0.452630
831.6600,0.253113
831.6800,0.326912
831.7000,0.560543
831.7200,0.320488
831.7400,0.296219
831.7600,0.374942
831.7800,0.301112
831.8000,0.496391
831.8200,0.314655
831.8400,0.452483
831.8600,1.149589
831.8800,1.843528
831.9000,1.934235
831.9200,2.191066
831.9400,3.292456
831.9600,3.497442
831.9800,3.514904
832.0000,3.264104
832.0200,3.595187
832.0400,3.393959
832.0600,2.941376
832.0800,3.057778
832.1000,2.921512
832.1200,2.765279
832.1400,2.514563
832.1600,3.062515
832.1800,2.372771
832.2000,1.529507
832.2200,0.863312
832.2400,0.673187
832.2600,0.484446
832.2800,0.332568
832.3000,0.222967
832.3200,0.228176
832.3400,0.358341
832.3600,0.533377
832.3800,0.400512
832.4000,0.372522
832.4200,0.477325
832.4400,0.542543
832.4600,0.460760
832.4800,0.482089
832.5000,0.796740
832.5200,0.642188
832.5400,0.400735
832.5600,0.723954
832.5800,0.671029
832.6000,0.394291
832.6200,0.683861
832.6400,1.346894
832.6600,2.085053
832.6800,2.350247
832.7000,2.523412
832.7200,2.810927
832.7400,2.262504
832.7600,1.656922
832.7800,1.472086
832.8000,1.352179
832.8200,0.877279
832.8400,0.480680
832.8600,0.682687
832.8800,1.681766
832.9000,2.379117
832.9200,2.520260
832.9400,2.858097
832.9600,3.000195
832.9800,2.954119
833.0000,3.096611
833.0200,3.025504
833.0400,2.936986
833.0600,2.925308
833.0800,2.654810
833.1000,2.088798
833.1200,1.762413
833.1400,1.909663
833.1600,2.014667
833.1800,1.417647
833.2000,1.046856
833.2200,1.025293
833.2400,1.292750
833.2600,1.286262
833.2800,1.047692
833.3000,0.697270
833.3200,0.387596
833.3400,0.279425
833.3600,0.335695
833.3800,0.298354
833.4000,0.495488
833.4200,0.711790
833.4400,0.957734
833.4600,1.028994
833.4800,1.596360
833.5000,2.368952
833.5200,2.312142
833.5400,2.000229
833.5600,1.728543
833.5800,1.066507
833.6000,0.649029
833.6200,0.459775
833.6400,0.767570
833.6600,1.416393
833.6800,1.098368
833.7000,1.230023
833.7200,1.435158
833.7400,2.109605
833.7600,2.421217
833.7800,3.410137
833.8000,3.600000
833.8200,3.600000
833.8400,3.598953
833.8600,2.234262
833.8800,1.203224
833.9000,0.088598
833.9200,0.046931
833.9400,0.047923
833.9600,0.077018
833.9800,0.078456
834.0000,0.143872
834.0200,0.367393
834.0400,0.300904
834.0600,0.544943
834.0800,0.388733
834.1000,0.575613
834.1200,0.699884
834.1400,0.546571
834.1600,1.020237
834.1800,1.318842
834.2000,1.616131
834.2200,1.160570
834.2400,0.816836
834.2600,0.449236
834.2800,0.269069
834.3000,0.171826
834.3200,0.578503
834.3400,1.110621
834.3600,1.120787
834.3800,1.368685
834.4000,1.459271
834.4200,1.363337
834.4400,0.943269
834.4600,0.753861
834.4800,0.796205
834.5000,0.447805
834.5200,0.244657
834.5400,0.176151
834.5600,0.117079
834.5800,0.427210
834.6000,0.810935
834.6200,0.736552
834.6400,0.608769
834.6600,0.575696
834.6800,0.966135
834.7000,1.162489
834.7200,0.817688
834.7400,0.452630
834.7600,0.253113
834.7800,0.326912
834.8000,0.560543
834.8200,0.320488
834.8400,0.296219
834.8600,0.374942
834.8800,0.301112
834.9000,0.496391
834.9200,0.314655
834.9400,0.452483
834.9600,1.149589
834.9800,1.843528
835.0000,1.934235
835.0200,2.191066
835.0400,3.292456
835.0600,3.497442
835.0800,3.514904
835.1000,3.264104
835.1200,3.595187
835.1400,3.393959
835.1600,2.941376
835.1800,3.057778
835.2000,2.921512
835.2200,2.765279
835.2400,2.514563
835.2600,3.062515
835.2800,2.372771
835.3000,1.529507
835.3200,0.863312
835.3400,0.673187
835.3600,0.484446
835.3800,0.332568
835.4000,0.222967
835.4200,0.228176
835.4400,0.358341
835.4600,0.533377
835.4800,0.400512
835.5000,0.372522
835.5200,0.477325
835.5400,0.542543
835.5600,0.460760
835.5800,0.482089
835.6000,0.796740
835.6200,0.642188
835.6400,0.400735
835.6600,0.723954
835.6800,0.671029
835.7000,0.394291
835.7200,0.683861
835.7400,1.346894
835.7600,2.085053
835.7800,2.350247
835.8000,2.523412
835.8200,2.810927
835.8400,2.262504
835.8600,1.656922
835.8800,1.472086
835.9000,1.352179
835.9200,0.877279
835.9400,0.480680
835.9600,0.682687
835.9800,1.681766
836.0000,2.379117
836.0200,2.520260
836.0400,2.858097
836.0600,3.000195
836.0800,2.954119
836.1000,3.096611
836.1200,3.025504
836.1400,2.936986
836.1600,2.925308
836.1800,2.654810
836.2000,2.088798
836.2200,1.762413
836.2400,1.909663
836.2600,2.014667
836.2800,1.417647
836.3000,1.046856
836.3200,1.025293
836.3400,1.292750
836.3600,1.286262
836.3800,1.047692
836.4000,0.697270
836.4200,0.387596
836.4400,0.279425
836.4600,0.335695
836.4800,0.298354
836.5000,0.495488
836.5200,0.711790
836.5400,0.957734
836.5600,1.028994
836.5800,1.596360
836.6000,2.368952
836.6200,2.312142
836.6400,2.000229
836.6600,1.728543
836.6800,1.066507
836.7000,0.649029
836.7200,0.459775
836.7400,0.767570
836.7600,1.416393
836.7800,1.098368
836.8000,1.230023
836.8200,1.435158
836.8400,2.109605
836.8600,2.421217
836.8800,3.410137
836.9000,3.600000
836.9200,3.600000
836.9400,3.598953
836.9600,2.234262
836.9800,1.203224
837.0000,0.088598
837.0200,0.046931
837.0400,0.047923
837.0600,0.077018
837.0800,0.078456
837.1000,0.143872
837.1200,0.367393
837.1400,0.300904
837.1600,0.544943
837.1800,0.388733
837.2000,0.575613
837.2200,0.699884
837.2400,0.546571
837.2600,1.020237
837.2800,1.318842
837.3000,1.616131
837.3200,1.160570
837.3400,0.816836
837.3600,0.449236
837.3800,0.269069
837.4000,0.171826
837.4200,0.578503
837.4400,1.110621
837.4600,1.120787
837.4800,1.368685
837.5000,1.459271
837.5200,1.363337
837.5400,0.943269
837.5600,0.753861
837.5800,0.796205
837.6000,0.447805
837.6200,0.244657
837.6400,0.176151
837.6600,0.117079
837.6800,0.427210
837.7000,0.810935
837.7200,0.736552
837.7400,0.608769
837.7600,0.575696
837.7800,0.966135
837.8000,1.162489
837.8200,0.817688
837.8400,0.452630
837.8600,0.253113
837.8800,0.326912
837.9000,0.560543
837.9200,0.320488
837.9400,0.296219
837.9600,0.374942
837.9800,0.301112
838.0000,0.496391
838.0200,0.314655
838.0400,0.452483
838.0600,1.149589
838.0800,1.843528
838.1000,1.934235
838.1200,2.191066
838.1400,3.292456
838.1600,3.497442
838.1800,3.514904
838.2000,3.264104
838.2200,3.595187
838.2400,3.393959
838.2600,2.941376
838.2800,3.057778
838.3000,2.921512
838.3200,2.765279
838.3400,2.514563
838.3600,3.062515
838.3800,2.372771
838.4000,1.529507
838.4200,0.863312
838.4400,0.673187
838.4600,0.484446
838.4800,0.332568
838.5000,0.222967
838.5200,0.228176
838.5400,0.358341
838.5600,0.533377
838.5800,0.400512
838.6000,0.372522
838.6200,0.477325
838.6400,0.542543
838.6600,0.460760
838.6800,0.482089
838.7000,0.796740
838.7200,0.642188
838.7400,0.400735
838.7600,0.723954
838.7800,0.671029
838.8000,0.394291
838.8200,0.683861
838.8400,1.346894
838.8600,2.085053
838.8800,2.350247
838.9000,2.523412
838.9200,2.810927
838.9400,2.262504
838.9600,1.656922
838.9800,1.472086
839.0000,1.352179
839.0200,0.877279
839.0400,0.480680
839.0600,0.682687
839.0800,1.681766
839.1000,2.379117
839.1200,2.520260
839.1400,2.858097
839.1600,3.000195
839.1800,2.954119
839.2000,3.096611
839.2200,3.025504
839.2400,2.936986
839.2600,2.925308
839.2800,2.654810
839.3000,2.088798
839.3200,1.762413
839.3400,1.909663
839.3600,2.014667
839.3800,1.417647
839.4000,1.046856
839.4200,1.025293
839.4400,1.292750
839.4600,1.286262
839.4800,1.047692
839.5000,0.697270
839.5200,0.387596
839.5400,0.279425
839.5600,0.335695
839.5800,0.298354
839.6000,0.495488
839.6200,0.711790
839.6400,0.957734
839.6600,1.028994
839.6800,1.596360
839.7000,2.368952
839.7200,2.312142
839.7400,2.000229
839.7600,1.728543
839.7800,1.066507
839.8000,0.649029
839.8200,0.459775
839.8400,0.767570
839.8600,1.416393
839.8800,1.098368
839.9000,1.230023
839.9200,1.435158
839.9400,2.109605
839.9600,2.421217
839.9800,3.410137
840.0000,3.600000
840.0200,3.600000
840.0400,3.598953
840.0600,2.234262
840.0800,1.203224
840.1000,0.088598
840.1200,0.046931
840.1400,0.047923
840.1600,0.077018
840.1800,0.078456
840.2000,0.143872
840.2200,0.367393
840.2400,0.300904
840.2600,0.544943
840.2800,0.388733
840.3000,0.575613
840.3200,0.699884
840.3400,0.546571
840.3600,1.020237
840.3800,1.318842
840.4000,1.616131
840.4200,1.160570
840.4400,0.816836
840.4600,0.449236
840.4800,0.269069
840.5000,0.171826
840.5200,0.578503
840.5400,1.110621
840.5600,1.120787
840.5800,1.368685
840.6000,1.459271
840.6200,1.363337
840.6400,0.943269
840.6600,0.753861
840.6800,0.796205
840.7000,0.447805
840.7200,0.244657
840.7400,0.176151
840.7600,0.117079
840.7800,0.427210
840.8000,0.810935
840.8200,0.736552
840.8400,0.608769
840.8600,0.575696
840.8800,0.966135
840.9000,1.162489
840.9200,0.817688
840.9400,0.452630
840.9600,0.253113
840.9800,0.326912
841.0000,0.560543
841.0200,0.320488
841.0400,0.296219
841.0600,0.374942
841.0800,0.301112
841.1000,0.496391
841.1200,0.314655
841.1400,0.452483
841.1600,1.149589
841.1800,1.843528
841.2000,1.934235
841.2200,2.191066
841.2400,3.292456
841.2600,3.497442
841.2800,3.514904
841.3000,3.264104
841.3200,3.595187
841.3400,3.393959
841.3600,2.941376
841.3800,3.057778
841.4000,2.921512
841.4200,2.765279
841.4400,2.514563
841.4600,3.062515
841.4800,2.372771
841.5000,1.529507
841.5200,0.863312
841.5400,0.673187
841.5600,0.484446
841.5800,0.332568
841.6000,0.222967
841.6200,0.228176
841.6400,0.358341
841.6600,0.533377
841.6800,0.400512
841.7000,0.372522
841.7200,0.477325
841.7400,0.542543
841.7600,0.460760
841.7800,0.482089
841.8000,0.796740
841.8200,0.642188
841.8400,0.400735
841.8600,0.723954
841.8800,0.671029
841.9000,0.394291
841.9200,0.683861
841.9400,1.346894
841.9600,2.085053
841.9800,2.350247
842.0000,2.523412
842.0200,2.810927
842.0400,2.262504
842.0600,1.656922
842.0800,1.472086
842.1000,1.352179
842.1200,0.877279
842.1400,0.480680
842.1600,0.682687
842.1800,1.681766
842.2000,2.379117
842.2200,2.520260
842.2400,2.858097
842.2600,3.000195
842.2800,2.954119
842.3000,3.096611
842.3200,3.025504
842.3400,2.936986
842.3600,2.925308
842.3800,2.654810
842.4000,2.088798
842.4200,1.762413
842.4400,1.909663
842.4600,2.014667
842.4800,1.417647
842.5000,1.046856
842.5200,1.025293
842.5400,1.292750
842.5600,1.286262
842.5800,1.047692
842.6000,0.697270
842.6200,0.387596
842.6400,0.279425
842.6600,0.335695
842.6800,0.298354
842.7000,0.495488
842.7200,0.711790
842.7400,0.957734
842.7600,1.028994
842.7800,1.596360
842.8000,2.368952
842.8200,2.312142
842.8400,2.000229
842.8600,1.728543
842.8800,1.066507
842.9000,0.649029
842.9200,0.459775
842.9400,0.767570
842.9600,1.416393
842.9800,1.098368
843.0000,1.230023
843.0200,1.435158
843.0400,2.109605
843.0600,2.421217
843.0800,3.410137
843.1000,3.600000
843.1200,3.600000
843.1400,3.598953
843.1600,2.234262
843.1800,1.203224
843.2000,0.088598
843.2200,0.046931
843.2400,0.047923
843.2600,0.077018
843.2800,0.078456
843.3000,0.143872
843.3200,0.367393
843.3400,0.300904
843.3600,0.544943
843.3800,0.388733
843.4000,0.575613
843.4200,0.699884
843.4400,0.546571
843.4600,1.020237
843.4800,1.318842
843.5000,1.616131
843.5200,1.160570
843.5400,0.816836
843.5600,0.449236
843.5800,0.269069
843.6000,0.171826
843.6200,0.578503
843.6400,1.110621
843.6600,1.120787
843.6800,1.368685
843.7000,1.459271
843.7200,1.363337
843.7400,0.943269
843.7600,0.753861
843.7800,0.796205
843.8000,0.447805
843.8200,0.244657
843.8400,0.176151
843.8600,0.117079
843.8800,0.427210
843.9000,0.810935
843.9200,0.736552
843.9400,0.608769
843.9600,0.575696
843.9800,0.966135
844.0000,1.162489
844.0200,0.817688
844.0400,0.452630
844.0600,0.253113
844.0800,0.326912
844.1000,0.560543
844.1200,0.320488
844.1400,0.296219
844.1600,0.374942
844.1800,0.301112
844.2000,0.496391
844.2200,0.314655
844.2400,0.452483
844.2600,1.149589
844.2800,1.843528
844.3000,1.934235
844.3200,2.191066
844.3400,3.292456
844.3600,3.497442
844.3800,3.514904
844.4000,3.264104
844.4200,3.595187
844.4400,3.393959
844.4600,2.941376
844.4800,3.057778
844.5000,2.921512
844.5200,2.765279
844.5400,2.514563
844.5600,3.062515
844.5800,2.372771
844.6000,1.529507
844.6200,0.863312
844.6400,0.673187
844.6600,0.484446
844.6800,0.332568
844.7000,0.222967
844.7200,0.228176
844.7400,0.358341
844.7600,0.533377
844.7800,0.400512
844.8000,0.372522
844.8200,0.477325
844.8400,0.542543
844.8600,0.460760
844.8800,0.482089
844.9000,0.796740
844.9200,0.642188
844.9400,0.400735
844.9600,0.723954
844.9800,0.671029
845.0000,0.394291
845.0200,0.683861
845.0400,1.346894
845.0600,2.085053
845.0800,2.350247
845.1000,2.523412
845.1200,2.810927
845.1400,2.262504
845.1600,1.656922
845.1800,1.472086
845.2000,1.352179
845.2200,0.877279
845.2400,0.480680
845.2600,0.682687
845.2800,1.681766
845.3000,2.379117
845.3200,2.520260
845.3400,2.858097
845.3600,3.000195
845.3800,2.954119
845.4000,3.096611
845.4200,3.025504
845.4400,2.936986
845.4600,2.925308
845.4800,2.654810
845.5000,2.088798
845.5200,1.762413
845.5400,1.909663
845.5600,2.014667
845.5800,1.417647
845.6000,1.046856
845.6200,1.025293
845.6400,1.292750
845.6600,1.286262
845.6800,1.047692
845.7000,0.697270
845.7200,0.387596
845.7400,0.279425
845.7600,0.335695
845.7800,0.298354
845.8000,0.495488
845.8200,0.711790
845.8400,0.957734
845.8600,1.028994
845.8800,1.596360
845.9000,2.368952
845.9200,2.312142
845.9400,2.000229
845.9600,1.728543
845.9800,1.066507
846.0000,0.649029
846.0200,0.459775
846.0400,0.767570
846.0600,1.416393
846.0800,1.098368
846.1000,1.230023
846.1200,1.435158
846.1400,2.109605
846.1600,2.421217
846.1800,3.410137
846.2000,3.600000
846.2200,3.600000
846.2400,3.598953
846.2600,2.234262
846.2800,1.203224
846.3000,0.088598
846.3200,0.046931
846.3400,0.047923
846.3600,0.077018
846.3800,0.078456
846.4000,0.143872
846.4200,0.367393
846.4400,0.300904
846.4600,0.544943
846.4800,0.388733
846.5000,0.575613
846.5200,0.699884
846.5400,0.546571
846.5600,1.020237
846.5800,1.318842
846.6000,1.616131
846.6200,1.160570
846.6400,0.816836
846.6600,0.449236
846.6800,0.269069
846.7000,0.171826
846.7200,0.578503
846.7400,1.110621
846.7600,1.120787
846.7800,1.368685
846.8000,1.459271
846.8200,1.363337
846.8400,0.943269
846.8600,0.753861
846.8800,0.796205
846.9000,0.447805
846.9200,0.244657
846.9400,0.176151
846.9600,0.117079
846.9800,0.427210
847.0000,0.810935
847.0200,0.736552
847.0400,0.608769
847.0600,0.575696
847.0800,0.966135
847.1000,1.162489
847.1200,0.817688
847.1400,0.452630
847.1600,0.253113
847.1800,0.326912
847.2000,0.560543
847.2200,0.320488
847.2400,0.296219
847.2600,0.374942
847.2800,0.301112
847.3000,0.496391
847.3200,0.314655
847.3400,0.452483
847.3600,1.149589
847.3800,1.843528
847.4000,1.934235
847.4200,2.191066
847.4400,3.292456
847.4600,3.497442
847.4800,3.514904
847.5000,3.264104
847.5200,3.595187
847.5400,3.393959
847.5600,2.941376
847.5800,3.057778
847.6000,2.921512
847.6200,2.765279
847.6400,2.514563
847.6600,3.062515
847.6800,2.372771
847.7000,1.529507
847.7200,0.863312
847.7400,0.673187
847.7600,0.484446
847.7800,0.332568
847.8000,0.222967
847.8200,0.228176
847.8400,0.358341
847.8600,0.533377
847.8800,0.400512
847.9000,0.372522
847.9200,0.477325
847.9400,0.542543
847.9600,0.460760
847.9800,0.482089
848.0000,0.796740
848.0200,0.642188
848.0400,0.400735
848.0600,0.723954
848.0800,0.671029
848.1000,0.394291
848.1200,0.683861
848.1400,1.346894
848.1600,2.085053
848.1800,2.350247
848.2000,2.523412
848.2200,2.810927
848.2400,2.262504
848.2600,1.656922
848.2800,1.472086
848.3000,1.352179
848.3200,0.877279
848.3400,0.480680
848.3600,0.682687
848.3800,1.681766
848.4000,2.379117
848.4200,2.520260
848.4400,2.858097
848.4600,3.000195
848.4800,2.954119
848.5000,3.096611
848.5200,3.025504
848.5400,2.936986
848.5600,2.925308
848.5800,2.654810
848.6000,2.088798
848.6200,1.762413
848.6400,1.909663
848.6600,2.014667
848.6800,1.417647
848.7000,1.046856
848.7200,1.025293
848.7400,1.292750
848.7600,1.286262
848.7800,1.047692
848.8000,0.697270
848.8200,0.387596
848.8400,0.279425
848.8600,0.335695
848.8800,0.298354
848.9000,0.495488
848.9200,0.711790
848.9400,0.957734
848.9600,1.028994
848.9800,1.596360
849.0000,2.368952
849.0200,2.312142
849.0400,2.000229
849.0600,1.728543
849.0800,1.066507
849.1000,0.649029
849.1200,0.459775
849.1400,0.767570
849.1600,1.416393
849.1800,1.098368
849.2000,1.230023
849.2200,1.435158
849.2400,2.109605
849.2600,2.421217
849.2800,3.410137
849.3000,3.600000
849.3200,3.600000
849.3400,3.598953
849.3600,2.234262
849.3800,1.203224
849.4000,0.088598
849.4200,0.046931
849.4400,0.047923
849.4600,0.077018
849.4800,0.078456
849.5000,0.143872
849.5200,0.367393
849.5400,0.300904
849.5600,0.544943
849.5800,0.388733
849.6000,0.575613
849.6200,0.699884
849.6400,0.546571
849.6600,1.020237
849.6800,1.318842
849.7000,1.616131
849.7200,1.160570
849.7400,0.816836
849.7600,0.449236
849.7800,0.269069
849.8000,0.171826
849.8200,0.578503
849.8400,1.110621
849.8600,1.120787
849.8800,1.368685
849.9000,1.459271
849.9200,1.363337
849.9400,0.943269
849.9600,0.753861
849.9800,0.796205
850.0000,0.447805
850.0200,0.244657
850.0400,0.176151
850.0600,0.117079
850.0800,0.427210
850.1000,0.810935
850.1200,0.736552
850.1400,0.608769
850.1600,0.575696
850.1800,0.966135
850.2000,1.162489
850.2200,0.817688
850.2400,0.452630
850.2600,0.253113
850.2800,0.326912
850.3000,0.560543
850.3200,0.320488
850.3400,0.296219
850.3600,0.374942
850.3800,0.301112
850.4000,0.496391
850.4200,0.314655
850.4400,0.452483
850.4600,1.149589
850.4800,1.843528
850.5000,1.934235
850.5200,2.191066
850.5400,3.292456
850.5600,3.497442
850.5800,3.514904
850.6000,3.264104
850.6200,3.595187
850.6400,3.393959
850.6600,2.941376
850.6800,3.057778
850.7000,2.921512
850.7200,2.765279
850.7400,2.514563
850.7600,3.062515
850.7800,2.372771
850.8000,1.529507
850.8200,0.863312
850.8400,0.673187
850.8600,0.484446
850.8800,0.332568
850.9000,0.222967
850.9200,0.228176
850.9400,0.358341
850.9600,0.533377
850.9800,0.400512
851.0000,0.372522
851.0200,0.477325
851.0400,0.542543
851.0600,0.460760
851.0800,0.482089
851.1000,0.796740
851.1200,0.642188
851.1400,0.400735
851.1600,0.723954
851.1800,0.671029
851.2000,0.394291
851.2200,0.683861
851.2400,1.346894
851.2600,2.085053
851.2800,2.350247
851.3000,2.523412
851.3200,2.810927
851.3400,2.262504
851.3600,1.656922
851.3800,1.472086
851.4000,1.352179
851.4200,0.877279
851.4400,0.480680
851.4600,0.682687
851.4800,1.681766
851.5000,2.379117
851.5200,2.520260
851.5400,2.858097
851.5600,3.000195
851.5800,2.954119
851.6000,3.096611
851.6200,3.025504
851.6400,2.936986
851.6600,2.925308
851.6800,2.654810
851.7000,2.088798
851.7200,1.762413
851.7400,1.909663
851.7600,2.014667
851.7800,1.417647
851.8000,1.046856
851.8200,1.025293
851.8400,1.292750
851.8600,1.286262
851.8800,1.047692
851.9000,0.697270
851.9200,0.387596
851.9400,0.279425
851.9600,0.335695
851.9800,0.298354
852.0000,0.495488
852.0200,0.711790
852.0400,0.957734
852.0600,1.028994
852.0800,1.596360
852.1000,2.368952
852.1200,2.312142
852.1400,2.000229
852.1600,1.728543
852.1800,1.066507
852.2000,0.649029
852.2200,0.459775
852.2400,0.767570
852.2600,1.416393
852.2800,1.098368
852.3000,1.230023
852.3200,1.435158
852.3400,2.109605
852.3600,2.421217
852.3800,3.410137
852.4000,3.600000
852.4200,3.600000
852.4400,3.598953
852.4600,2.234262
852.4800,1.203224
852.5000,0.088598
852.5200,0.046931
852.5400,0.047923
852.5600,0.077018
852.5800,0.078456
852.6000,0.143872
852.6200,0.367393
852.6400,0.300904
852.6600,0.544943
852.6800,0.388733
852.7000,0.575613
852.7200,0.699884
852.7400,0.546571
852.7600,1.020237
852.7800,1.318842
852.8000,1.616131
852.8200,1.160570
852.8400,0.816836
852.8600,0.449236
852.8800,0.269069
852.9000,0.171826
852.9200,0.578503
852.9400,1.110621
852.9600,1.120787
852.9800,1.368685
853.0000,1.459271
853.0200,1.363337
853.0400,0.943269
853.0600,0.753861
853.0800,0.796205
853.1000,0.447805
853.1200,0.244657
853.1400,0.176151
853.1600,0.117079
853.1800,0.427210
853.2000,0.810935
853.2200,0.736552
853.2400,0.608769
853.2600,0.575696
853.2800,0.966135
853.3000,1.162489
853.3200,0.817688
853.3400,0.452630
853.3600,0.253113
853.3800,0.326912
853.4000,0.560543
853.4200,0.320488
853.4400,0.296219
853.4600,0.374942
853.4800,0.301112
853.5000,0.496391
853.5200,0.314655
853.5400,0.452483
853.5600,1.149589
853.5800,1.843528
853.6000,1.934235
853.6200,2.191066
853.6400,3.292456
853.6600,3.497442
853.6800,3.514904
853.7000,3.264104
853.7200,3.595187
853.7400,3.393959
853.7600,2.941376
853.7800,3.057778
853.8000,2.921512
853.8200,2.765279
853.8400,2.514563
853.8600,3.062515
853.8800,2.372771
853.9000,1.529507
853.9200,0.863312
853.9400,0.673187
853.9600,0.484446
853.9800,0.332568
854.0000,0.222967
854.0200,0.228176
854.0400,0.358341
854.0600,0.533377
854.0800,0.400512
854.1000,0.372522
854.1200,0.477325
854.1400,0.542543
854.1600,0.460760
854.1800,0.482089
854.2000,0.796740
854.2200,0.642188
854.2400,0.400735
854.2600,0.723954
854.2800,0.671029
854.3000,0.394291
854.3200,0.683861
854.3400,1.346894
854.3600,2.085053
854.3800,2.350247
854.4000,2.523412
854.4200,2.810927
854.4400,2.262504
854.4600,1.656922
854.4800,1.472086
854.5000,1.352179
854.5200,0.877279
854.5400,0.480680
854.5600,0.682687
854.5800,1.681766
854.6000,2.379117
854.6200,2.520260
854.6400,2.858097
854.6600,3.000195
854.6800,2.954119
854.7000,3.096611
854.7200,3.025504
854.7400,2.936986
854.7600,2.925308
854.7800,2.654810
854.8000,2.088798
854.8200,1.762413
854.8400,1.909663
854.8600,2.014667
854.8800,1.417647
854.9000,1.046856
854.9200,1.025293
854.9400,1.292750
854.9600,1.286262
854.9800,1.047692
855.0000,0.697270
855.0200,0.387596
855.0400,0.279425
855.0600,0.335695
855.0800,0.298354
855.1000,0.495488
855.1200,0.711790
855.1400,0.957734
855.1600,1.028994
855.1800,1.596360
855.2000,2.368952
855.2200,2.312142
855.2400,2.000229
855.2600,1.728543
855.2800,1.066507
855.3000,0.649029
855.3200,0.459775
855.3400,0.767570
855.3600,1.416393
855.3800,1.098368
855.4000,1.230023
855.4200,1.435158
855.4400,2.109605
855.4600,2.421217
855.4800,3.410137
855.5000,3.600000
855.5200,3.600000
855.5400,3.598953
855.5600,2.234262
855.5800,1.203224
855.6000,0.088598
855.6200,0.046931
855.6400,0.047923
855.6600,0.077018
855.6800,0.078456
855.7000,0.143872
855.7200,0.367393
855.7400,0.300904
855.7600,0.544943
855.7800,0.388733
855.8000,0.575613
855.8200,0.699884
855.8400,0.546571
855.8600,1.020237
855.8800,1.318842
855.9000,1.616131
855.9200,1.160570
855.9400,0.816836
855.9600,0.449236
855.9800,0.269069
856.0000,0.171826
856.0200,0.578503
856.0400,1.110621
856.0600,1.120787
856.0800,1.368685
856.1000,1.459271
856.1200,1.363337
856.1400,0.943269
856.1600,0.753861
856.1800,0.796205
856.2000,0.447805
856.2200,0.244657
856.2400,0.176151
856.2600,0.117079
856.2800,0.427210
856.3000,0.810935
856.3200,0.736552
856.3400,0.608769
856.3600,0.575696
856.3800,0.966135
856.4000,1.162489
856.4200,0.817688
856.4400,0.452630
856.4600,0.253113
856.4800,0.326912
856.5000,0.560543
856.5200,0.320488
856.5400,0.296219
856.5600,0.374942
856.5800,0.301112
856.6000,0.496391
856.6200,0.314655
856.6400,0.452483
856.6600,1.149589
856.6800,1.843528
856.7000,1.934235
856.7200,2.191066
856.7400,3.292456
856.7600,3.497442
856.7800,3.514904
856.8000,3.264104
856.8200,3.595187
856.8400,3.393959
856.8600,2.941376
856.8800,3.057778
856.9000,2.921512
856.9200,2.765279
856.9400,2.514563
856.9600,3.062515
856.9800,2.372771
857.0000,1.529507
857.0200,0.863312
857.0400,0.673187
857.0600,0.484446
857.0800,0.332568
857.1000,0.222967
857.1200,0.228176
857.1400,0.358341
857.1600,0.533377
857.1800,0.400512
857.2000,0.372522
857.2200,0.477325
857.2400,0.542543
857.2600,0.460760
857.2800,0.482089
857.3000,0.796740
857.3200,0.642188
857.3400,0.400735
857.3600,0.723954
857.3800,0.671029
857.4000,0.394291
857.4200,0.683861
857.4400,1.346894
857.4600,2.085053
857.4800,2.350247
857.5000,2.523412
857.5200,2.810927
857.5400,2.262504
857.5600,1.656922
857.5800,1.472086
857.6000,1.352179
857.6200,0.877279
857.6400,0.480680
857.6600,0.682687
857.6800,1.681766
857.7000,2.379117
857.7200,2.520260
857.7400,2.858097
857.7600,3.000195
857.7800,2.954119
857.8000,3.096611
857.8200,3.025504
857.8400,2.936986
857.8600,2.925308
857.8800,2.654810
857.9000,2.088798
857.9200,1.762413
857.9400,1.909663
857.9600,2.014667
857.9800,1.417647
858.0000,1.046856
858.0200,1.025293
858.0400,1.292750
858.0600,1.286262
858.0800,1.047692
858.1000,0.697270
858.1200,0.387596
858.1400,0.279425
858.1600,0.335695
858.1800,0.298354
858.2000,0.495488
858.2200,0.711790
858.2400,0.957734
858.2600,1.028994
858.2800,1.596360
858.3000,2.368952
858.3200,2.312142
858.3400,2.000229
858.3600,1.728543
858.3800,1.066507
858.4000,0.649029
858.4200,0.459775
858.4400,0.767570
858.4600,1.416393
858.4800,1.098368
858.5000,1.230023
858.5200,1.435158
858.5400,2.109605
858.5600,2.421217
858.5800,3.410137
858.6000,3.600000
858.6200,3.600000
858.6400,3.598953
858.6600,2.234262
858.6800,1.203224
858.7000,0.088598
858.7200,0.046931
858.7400,0.047923
858.7600,0.077018
858.7800,0.078456
858.8000,0.143872
858.8200,0.367393
858.8400,0.300904
858.8600,0.544943
858.8800,0.388733
858.9000,0.575613
858.9200,0.699884
858.9400,0.546571
858.9600,1.020237
858.9800,1.318842
859.0000,1.616131
859.0200,1.160570
859.0400,0.816836
859.0600,0.449236
859.0800,0.269069
859.1000,0.171826
859.1200,0.578503
859.1400,1.110621
859.1600,1.120787
859.1800,1.368685
859.2000,1.459271
859.2200,1.363337
859.2400,0.943269
859.2600,0.753861
859.2800,0.796205
859.3000,0.447805
859.3200,0.244657
859.3400,0.176151
859.3600,0.117079
859.3800,0.427210
859.4000,0.810935
859.4200,0.736552
859.4400,0.608769
859.4600,0.575696
859.4800,0.966135
859.5000,1.162489
859.5200,0.817688
859.5400,0.452630
859.5600,0.253113
859.5800,0.326912
859.6000,0.560543
859.6200,0.320488
859.6400,0.296219
859.6600,0.374942
859.6800,0.301112
859.7000,0.496391
859.7200,0.314655
859.7400,0.452483
859.7600,1.149589
859.7800,1.843528
859.8000,1.934235
859.8200,2.191066
859.8400,3.292456
859.8600,3.497442
859.8800,3.514904
859.9000,3.264104
859.9200,3.595187
859.9400,3.393959
859.9600,2.941376
859.9800,3.057778
860.0000,2.921512
860.0200,2.765279
860.0400,2.514563
860.0600,3.062515
860.0800,2.372771
860.1000,1.529507
860.1200,0.863312
860.1400,0.673187
860.1600,0.484446
860.1800,0.332568
860.2000,0.222967
860.2200,0.228176
860.2400,0.358341
860.2600,0.533377
860.2800,0.400512
860.3000,0.372522
860.3200,0.477325
860.3400,0.542543
860.3600,0.460760
860.3800,0.482089
860.4000,0.796740
860.4200,0.642188
860.4400,0.400735
860.4600,0.723954
860.4800,0.671029
860.5000,0.394291
860.5200,0.683861
860.5400,1.346894
860.5600,2.085053
860.5800,2.350247
860.6000,2.523412
860.6200,2.810927
860.6400,2.262504
860.6600,1.656922
860.6800,1.472086
860.7000,1.352179
860.7200,0.877279
860.7400,0.480680
860.7600,0.682687
860.7800,1.681766
860.8000,2.379117
860.8200,2.520260
860.8400,2.858097
860.8600,3.000195
860.8800,2.954119
860.9000,3.096611
860.9200,3.025504
860.9400,2.936986
860.9600,2.925308
860.9800,2.654810
861.0000,2.088798
861.0200,1.762413
861.0400,1.909663
861.0600,2.014667
861.0800,1.417647
861.1000,1.046856
861.1200,1.025293
861.1400,1.292750
861.1600,1.286262
861.1800,1.047692
861.2000,0.697270
861.2200,0.387596
861.2400,0.279425
861.2600,0.335695
861.2800,0.298354
861.3000,0.495488
861.3200,0.711790
861.3400,0.957734
861.3600,1.028994
861.3800,1.596360
861.4000,2.368952
861.4200,2.312142
861.4400,2.000229
861.4600,1.728543
861.4800,1.066507
861.5000,0.649029
861.5200,0.459775
861.5400,0.767570
861.5600,1.416393
861.5800,1.098368
861.6000,1.230023
861.6200,1.435158
861.6400,2.109605
861.6600,2.421217
861.6800,3.410137
861.7000,3.600000
861.7200,3.600000
861.7400,3.598953
861.7600,2.234262
861.7800,1.203224
861.8000,0.088598
861.8200,0.046931
861.8400,0.047923
861.8600,0.077018
861.8800,0.078456
861.9000,0.143872
861.9200,0.367393
861.9400,0.300904
861.9600,0.544943
861.9800,0.388733
862.0000,0.575613
862.0200,0.699884
862.0400,0.546571
862.0600,1.020237
862.0800,1.318842
862.1000,1.616131
862.1200,1.160570
862.1400,0.816836
862.1600,0.449236
862.1800,0.269069
862.2000,0.171826
862.2200,0.578503
862.2400,1.110621
862.2600,1.120787
862.2800,1.368685
862.3000,1.459271
862.3200,1.363337
862.3400,0.943269
862.3600,0.753861
862.3800,0.796205
862.4000,0.447805
862.4200,0.244657
862.4400,0.176151
862.4600,0.117079
862.4800,0.427210
862.5000,0.810935
862.5200,0.736552
862.5400,0.608769
862.5600,0.575696
862.5800,0.966135
862.6000,1.162489
862.6200,0.817688
862.6400,0.452630
862.6600,0.253113
862.6800,0.326912
862.7000,0.560543
862.7200,0.320488
862.7400,0.296219
862.7600,0.374942
862.7800,0.301112
862.8000,0.496391
862.8200,0.314655
862.8400,0.452483
862.8600,1.149589
862.8800,1.843528
862.9000,1.934235
862.9200,2.191066
862.9400,3.292456
862.9600,3.497442
862.9800,3.514904
863.0000,3.264104
863.0200,3.595187
863.0400,3.393959
863.0600,2.941376
863.0800,3.057778
863.1000,2.921512
863.1200,2.765279
863.1400,2.514563
863.1600,3.062515
863.1800,2.372771
863.2000,1.529507
863.2200,0.863312
863.2400,0.673187
863.2600,0.484446
863.2800,0.332568
863.3000,0.222967
863.3200,0.228176
863.3400,0.358341
863.3600,0.533377
863.3800,0.400512
863.4000,0.372522
863.4200,0.477325
863.4400,0.542543
863.4600,0.460760
863.4800,0.482089
863.5000,0.796740
863.5200,0.642188
863.5400,0.400735
863.5600,0.723954
863.5800,0.671029
863.6000,0.394291
863.6200,0.683861
863.6400,1.346894
863.6600,2.085053
863.6800,2.350247
863.7000,2.523412
863.7200,2.810927
863.7400,2.262504
863.7600,1.656922
863.7800,1.472086
863.8000,1.352179
863.8200,0.877279
863.8400,0.480680
863.8600,0.682687
863.8800,1.681766
863.9000,2.379117
863.9200,2.520260
863.9400,2.858097
863.9600,3.000195
863.9800,2.954119
864.0000,3.096611
864.0200,3.025504
864.0400,2.936986
864.0600,2.925308
864.0800,2.654810
864.1000,2.088798
864.1200,1.762413
864.1400,1.909663
864.1600,2.014667
864.1800,1.417647
864.2000,1.046856
864.2200,1.025293
864.2400,1.292750
864.2600,1.286262
864.2800,1.047692
864.3000,0.697270
864.3200,0.387596
864.3400,0.279425
864.3600,0.335695
864.3800,0.298354
864.4000,0.495488
864.4200,0.711790
864.4400,0.957734
864.4600,1.028994
864.4800,1.596360
864.5000,2.368952
864.5200,2.312142
864.5400,2.000229
864.5600,1.728543
864.5800,1.066507
864.6000,0.649029
864.6200,0.459775
864.6400,0.767570
864.6600,1.416393
864.6800,1.098368
864.7000,1.230023
864.7200,1.435158
864.7400,2.109605
864.7600,2.421217
864.7800,3.410137
864.8000,3.600000
864.8200,3.600000
864.8400,3.598953
864.8600,2.234262
864.8800,1.203224
864.9000,0.088598
864.9200,0.046931
864.9400,0.047923
864.9600,0.077018
864.9800,0.078456
865.0000,0.143872
865.0200,0.367393
865.0400,0.300904
865.0600,0.544943
865.0800,0.388733
865.1000,0.575613
865.1200,0.699884
865.1400,0.546571
865.1600,1.020237
865.1800,1.318842
865.2000,1.616131
865.2200,1.160570
865.2400,0.816836
865.2600,0.449236
865.2800,0.269069
865.3000,0.171826
865.3200,0.578503
865.3400,1.110621
865.3600,1.120787
865.3800,1.368685
865.4000,1.459271
865.4200,1.363337
865.4400,0.943269
865.4600,0.753861
865.4800,0.796205
865.5000,0.447805
865.5200,0.244657
865.5400,0.176151
865.5600,0.117079
865.5800,0.427210
865.6000,0.810935
865.6200,0.736552
865.6400,0.608769
865.6600,0.575696
865.6800,0.966135
865.7000,1.162489
865.7200,0.817688
865.7400,0.452630
865.7600,0.253113
865.7800,0.326912
865.8000,0.560543
865.8200,0.320488
865.8400,0.296219
865.8600,0.374942
865.8800,0.301112
865.9000,0.496391
865.9200,0.314655
865.9400,0.452483
865.9600,1.149589
865.9800,1.843528
866.0000,1.934235
866.0200,2.191066
866.0400,3.292456
866.0600,3.497442
866.0800,3.514904
866.1000,3.264104
866.1200,3.595187
866.1400,3.393959
866.1600,2.941376
866.1800,3.057778
866.2000,2.921512
866.2200,2.765279
866.2400,2.514563
866.2600,3.062515
866.2800,2.372771
866.3000,1.529507
866.3200,0.863312
866.3400,0.673187
866.3600,0.484446
866.3800,0.332568
866.4000,0.222967
866.4200,0.228176
866.4400,0.358341
866.4600,0.533377
866.4800,0.400512
866.5000,0.372522
866.5200,0.477325
866.5400,0.542543
866.5600,0.460760
866.5800,0.482089
866.6000,0.796740
866.6200,0.642188
866.6400,0.400735
866.6600,0.723954
866.6800,0.671029
866.7000,0.394291
866.7200,0.683861
866.7400,1.346894
866.7600,2.085053
866.7800,2.350247
866.8000,2.523412
866.8200,2.810927
866.8400,2.262504
866.8600,1.656922
866.8800,1.472086
866.9000,1.352179
866.9200,0.877279
866.9400,0.480680
866.9600,0.682687
866.9800,1.681766
867.0000,2.379117
867.0200,2.520260
867.0400,2.858097
867.0600,3.000195
867.0800,2.954119
867.1000,3.096611
867.1200,3.025504
867.1400,2.936986
867.1600,2.925308
867.1800,2.654810
867.2000,2.088798
867.2200,1.762413
867.2400,1.909663
867.2600,2.014667
867.2800,1.417647
867.3000,1.046856
867.3200,1.025293
867.3400,1.292750
867.3600,1.286262
867.3800,1.047692
867.4000,0.697270
867.4200,0.387596
867.4400,0.279425
867.4600,0.335695
867.4800,0.298354
867.5000,0.495488
867.5200,0.711790
867.5400,0.957734
867.5600,1.028994
867.5800,1.596360
867.6000,2.368952
867.6200,2.312142
867.6400,2.000229
867.6600,1.728543
867.6800,1.066507
867.7000,0.649029
867.7200,0.459775
867.7400,0.767570
867.7600,1.416393
867.7800,1.098368
867.8000,1.230023
867.8200,1.435158
867.8400,2.109605
867.8600,2.421217
867.8800,3.410137
867.9000,3.600000
867.9200,3.600000
867.9400,3.598953
867.9600,2.234262
867.9800,1.203224
868.0000,0.088598
868.0200,0.046931
868.0400,0.047923
868.0600,0.077018
868.0800,0.078456
868.1000,0.143872
868.1200,0.367393
868.1400,0.300904
868.1600,0.544943
868.1800,0.388733
868.2000,0.575613
868.2200,0.699884
868.2400,0.546571
868.2600,1.020237
868.2800,1.318842
868.3000,1.616131
868.3200,1.160570
868.3400,0.816836
868.3600,0.449236
868.3800,0.269069
868.4000,0.171826
868.4200,0.578503
868.4400,1.110621
868.4600,1.120787
868.4800,1.368685
868.5000,1.459271
868.5200,1.363337
868.5400,0.943269
868.5600,0.753861
868.5800,0.796205
868.6000,0.447805
868.6200,0.244657
868.6400,0.176151
868.6600,0.117079
868.6800,0.427210
868.7000,0.810935
868.7200,0.736552
868.7400,0.608769
868.7600,0.575696
868.7800,0.966135
868.8000,1.162489
868.8200,0.817688
868.8400,0.452630
868.8600,0.253113
868.8800,0.326912
868.9000,0.560543
868.9200,0.320488
868.9400,0.296219
868.9600,0.374942
868.9800,0.301112
869.0000,0.496391
869.0200,0.314655
869.0400,0.452483
869.0600,1.149589
869.0800,1.843528
869.1000,1.934235
869.1200,2.191066
869.1400,3.292456
869.1600,3.497442
869.1800,3.514904
869.2000,3.264104
869.2200,3.595187
869.2400,3.393959
869.2600,2.941376
869.2800,3.057778
869.3000,2.921512
869.3200,2.765279
869.3400,2.514563
869.3600,3.062515
869.3800,2.372771
869.4000,1.529507
869.4200,0.863312
869.4400,0.673187
869.4600,0.484446
869.4800,0.332568
869.5000,0.222967
869.5200,0.228176
869.5400,0.358341
869.5600,0.533377
869.5800,0.400512
869.6000,0.372522
869.6200,0.477325
869.6400,0.542543
869.6600,0.460760
869.6800,0.482089
869.7000,0.796740
869.7200,0.642188
869.7400,0.400735
869.7600,0.723954
869.7800,0.671029
869.8000,0.394291
869.8200,0.683861
869.8400,1.346894
869.8600,2.085053
869.8800,2.350247
869.9000,2.523412
869.9200,2.810927
869.9400,2.262504
869.9600,1.656922
869.9800,1.472086
870.0000,1.352179
870.0200,0.877279
870.0400,0.480680
870.0600,0.682687
870.0800,1.681766
870.1000,2.379117
870.1200,2.520260
870.1400,2.858097
870.1600,3.000195
870.1800,2.954119
870.2000,3.096611
870.2200,3.025504
870.2400,2.936986
870.2600,2.925308
870.2800,2.654810
870.3000,2.088798
870.3200,1.762413
870.3400,1.909663
870.3600,2.014667
870.3800,1.417647
870.4000,1.046856
870.4200,1.025293
870.4400,1.292750
870.4600,1.286262
870.4800,1.047692
870.5000,0.697270
870.5200,0.387596
870.5400,0.279425
870.5600,0.335695
870.5800,0.298354
870.6000,0.495488
870.6200,0.711790
870.6400,0.957734
870.6600,1.028994
870.6800,1.596360
870.7000,2.368952
870.7200,2.312142
870.7400,2.000229
870.7600,1.728543
870.7800,1.066507
870.8000,0.649029
870.8200,0.459775
870.8400,0.767570
870.8600,1.416393
870.8800,1.098368
870.9000,1.230023
870.9200,1.435158
870.9400,2.109605
870.9600,2.421217
870.9800,3.410137
871.0000,3.600000
871.0200,3.600000
871.0400,3.598953
871.0600,2.234262
871.0800,1.203224
871.1000,0.088598
871.1200,0.046931
871.1400,0.047923
871.1600,0.077018
871.1800,0.078456
871.2000,0.143872
871.2200,0.367393
871.2400,0.300904
871.2600,0.544943
871.2800,0.388733
871.3000,0.575613
871.3200,0.699884
871.3400,0.546571
871.3600,1.020237
871.3800,1.318842
871.4000,1.616131
871.4200,1.160570
871.4400,0.816836
871.4600,0.449236
871.4800,0.269069
871.5000,0.171826
871.5200,0.578503
871.5400,1.110621
871.5600,1.120787
871.5800,1.368685
871.6000,1.459271
871.6200,1.363337
871.6400,0.943269
871.6600,0.753861
871.6800,0.796205
871.7000,0.447805
871.7200,0.244657
871.7400,0.176151
871.7600,0.117079
871.7800,0.427210
871.8000,0.810935
871.8200,0.736552
871.8400,0.608769
871.8600,0.575696
871.8800,0.966135
871.9000,1.162489
871.9200,0.817688
871.9400,0.452630
871.9600,0.253113
871.9800,0.326912
872.0000,0.560543
872.0200,0.320488
872.0400,0.296219
872.0600,0.374942
872.0800,0.301112
872.1000,0.496391
872.1200,0.314655
872.1400,0.452483
872.1600,1.149589
872.1800,1.843528
872.2000,1.934235
872.2200,2.191066
872.2400,3.292456
872.2600,3.497442
872.2800,3.514904
872.3000,3.264104
872.3200,3.595187
872.3400,3.393959
872.3600,2.941376
872.3800,3.057778
872.4000,2.921512
872.4200,2.765279
872.4400,2.514563
872.4600,3.062515
872.4800,2.372771
872.5000,1.529507
872.5200,0.863312
872.5400,0.673187
872.5600,0.484446
872.5800,0.332568
872.6000,0.222967
872.6200,0.228176
872.6400,0.358341
872.6600,0.533377
872.6800,0.400512
872.7000,0.372522
872.7200,0.477325
872.7400,0.542543
872.7600,0.460760
872.7800,0.482089
872.8000,0.796740
872.8200,0.642188
872.8400,0.400735
872.8600,0.723954
872.8800,0.671029
872.9000,0.394291
872.9200,0.683861
872.9400,1.346894
872.9600,2.085053
872.9800,2.350247
873.0000,2.523412
873.0200,2.810927
873.0400,2.262504
873.0600,1.656922
873.0800,1.472086
873.1000,1.352179
873.1200,0.877279
873.1400,0.480680
873.1600,0.682687
873.1800,1.681766
873.2000,2.379117
873.2200,2.520260
873.2400,2.858097
873.2600,3.000195
873.2800,2.954119
873.3000,3.096611
873.3200,3.025504
873.3400,2.936986
873.3600,2.925308
873.3800,2.654810
873.4000,2.088798
873.4200,1.762413
873.4400,1.909663
873.4600,2.014667
873.4800,1.417647
873.5000,1.046856
873.5200,1.025293
873.5400,1.292750
873.5600,1.286262
873.5800,1.047692
873.6000,0.697270
873.6200,0.387596
873.6400,0.279425
873.6600,0.335695
873.6800,0.298354
873.7000,0.495488
873.7200,0.711790
873.7400,0.957734
873.7600,1.028994
873.7800,1.596360
873.8000,2.368952
873.8200,2.312142
873.8400,2.000229
873.8600,1.728543
873.8800,1.066507
873.9000,0.649029
873.9200,0.459775
873.9400,0.767570
873.9600,1.416393
873.9800,1.098368
874.0000,1.230023
874.0200,1.435158
874.0400,2.109605
874.0600,2.421217
874.0800,3.410137
874.1000,3.600000
874.1200,3.600000
874.1400,3.598953
874.1600,2.234262
874.1800,1.203224
874.2000,0.088598
874.2200,0.046931
874.2400,0.047923
874.2600,0.077018
874.2800,0.078456
874.3000,0.143872
874.3200,0.367393
874.3400,0.300904
874.3600,0.544943
874.3800,0.388733
874.4000,0.575613
874.4200,0.699884
874.4400,0.546571
874.4600,1.020237
874.4800,1.318842
874.5000,1.616131
874.5200,1.160570
874.5400,0.816836
874.5600,0.449236
874.5800,0.269069
874.6000,0.171826
874.6200,0.578503
874.6400,1.110621
874.6600,1.120787
874.6800,1.368685
874.7000,1.459271
874.7200,1.363337
874.7400,0.943269
874.7600,0.753861
874.7800,0.796205
874.8000,0.447805
874.8200,0.244657
874.8400,0.176151
874.8600,0.117079
874.8800,0.427210
874.9000,0.810935
874.9200,0.736552
874.9400,0.608769
874.9600,0.575696
874.9800,0.966135
875.0000,1.162489
875.0200,0.817688
875.0400,0.452630
875.0600,0.253113
875.0800,0.326912
875.1000,0.560543
875.1200,0.320488
875.1400,0.296219
875.1600,0.374942
875.1800,0.301112
875.2000,0.496391
875.2200,0.314655
875.2400,0.452483
875.2600,1.149589
875.2800,1.843528
875.3000,1.934235
875.3200,2.191066
875.3400,3.292456
875.3600,3.497442
875.3800,3.514904
875.4000,3.264104
875.4200,3.595187
875.4400,3.393959
875.4600,2.941376
875.4800,3.057778
875.5000,2.921512
875.5200,2.765279
875.5400,2.514563
875.5600,3.062515
875.5800,2.372771
875.6000,1.529507
875.6200,0.863312
875.6400,0.673187
875.6600,0.484446
875.6800,0.332568
875.7000,0.222967
875.7200,0.228176
875.7400,0.358341
875.7600,0.533377
875.7800,0.400512
875.8000,0.372522
875.8200,0.477325
875.8400,0.542543
875.8600,0.460760
875.8800,0.482089
875.9000,0.796740
875.9200,0.642188
875.9400,0.400735
875.9600,0.723954
875.9800,0.671029
876.0000,0.394291
876.0200,0.683861
876.0400,1.346894
876.0600,2.085053
876.0800,2.350247
876.1000,2.523412
876.1200,2.810927
876.1400,2.262504
876.1600,1.656922
876.1800,1.472086
876.2000,1.352179
876.2200,0.877279
876.2400,0.480680
876.2600,0.682687
876.2800,1.681766
876.3000,2.379117
876.3200,2.520260
876.3400,2.858097
876.3600,3.000195
876.3800,2.954119
876.4000,3.096611
876.4200,3.025504
876.4400,2.936986
876.4600,2.925308
876.4800,2.654810
876.5000,2.088798
876.5200,1.762413
876.5400,1.909663
876.5600,2.014667
876.5800,1.417647
876.6000,1.046856
876.6200,1.025293
876.6400,1.292750
876.6600,1.286262
876.6800,1.047692
876.7000,0.697270
876.7200,0.387596
876.7400,0.279425
876.7600,0.335695
876.7800,0.298354
876.8000,0.495488
876.8200,0.711790
876.8400,0.957734
876.8600,1.028994
876.8800,1.596360
876.9000,2.368952
876.9200,2.312142
876.9400,2.000229
876.9600,1.728543
876.9800,1.066507
877.0000,0.649029
877.0200,0.459775
877.0400,0.767570
877.0600,1.416393
877.0800,1.098368
877.1000,1.230023
877.1200,1.435158
877.1400,2.109605
877.1600,2.421217
877.1800,3.410137
877.2000,3.600000
877.2200,3.600000
877.2400,3.598953
877.2600,2.234262
877.2800,1.203224
877.3000,0.088598
877.3200,0.046931
877.3400,0.047923
877.3600,0.077018
877.3800,0.078456
877.4000,0.143872
877.4200,0.367393
877.4400,0.300904
877.4600,0.544943
877.4800,0.388733
877.5000,0.575613
877.5200,0.699884
877.5400,0.546571
877.5600,1.020237
877.5800,1.318842
877.6000,1.616131
877.6200,1.160570
877.6400,0.816836
877.6600,0.449236
877.6800,0.269069
877.7000,0.171826
877.7200,0.578503
877.7400,1.110621
877.7600,1.120787
877.7800,1.368685
877.8000,1.459271
877.8200,1.363337
877.8400,0.943269
877.8600,0.753861
877.8800,0.796205
877.9000,0.447805
877.9200,0.244657
877.9400,0.176151
877.9600,0.117079
877.9800,0.427210
878.0000,0.810935
878.0200,0.736552
878.0400,0.608769
878.0600,0.575696
878.0800,0.966135
878.1000,1.162489
878.1200,0.817688
878.1400,0.452630
878.1600,0.253113
878.1800,0.326912
878.2000,0.560543
878.2200,0.320488
878.2400,0.296219
878.2600,0.374942
878.2800,0.301112
878.3000,0.496391
878.3200,0.314655
878.3400,0.452483
878.3600,1.149589
878.3800,1.843528
878.4000,1.934235
878.4200,2.191066
878.4400,3.292456
878.4600,3.497442
878.4800,3.514904
878.5000,3.264104
878.5200,3.595187
878.5400,3.393959
878.5600,2.941376
878.5800,3.057778
878.6000,2.921512
878.6200,2.765279
878.6400,2.514563
878.6600,3.062515
878.6800,2.372771
878.7000,1.529507
878.7200,0.863312
878.7400,0.673187
878.7600,0.484446
878.7800,0.332568
878.8000,0.222967
878.8200,0.228176
878.8400,0.358341
878.8600,0.533377
878.8800,0.400512
878.9000,0.372522
878.9200,0.477325
878.9400,0.542543
878.9600,0.460760
878.9800,0.482089
879.0000,0.796740
879.0200,0.642188
879.0400,0.400735
879.0600,0.723954
879.0800,0.671029
879.1000,0.394291
879.1200,0.683861
879.1400,1.346894
879.1600,2.085053
879.1800,2.350247
879.2000,2.523412
879.2200,2.810927
879.2400,2.262504
879.2600,1.656922
879.2800,1.472086
879.3000,1.352179
879.3200,0.877279
879.3400,0.480680
879.3600,0.682687
879.3800,1.681766
879.4000,2.379117
879.4200,2.520260
879.4400,2.858097
879.4600,3.000195
879.4800,2.954119
879.5000,3.096611
879.5200,3.025504
879.5400,2.936986
879.5600,2.925308
879.5800,2.654810
879.6000,2.088798
879.6200,1.762413
879.6400,1.909663
879.6600,2.014667
879.6800,1.417647
879.7000,1.046856
879.7200,1.025293
879.7400,1.292750
879.7600,1.286262
879.7800,1.047692
879.8000,0.697270
879.8200,0.387596
879.8400,0.279425
879.8600,0.335695
879.8800,0.298354
879.9000,0.495488
879.9200,0.711790
879.9400,0.957734
879.9600,1.028994
879.9800,1.596360
880.0000,2.368952
880.0200,2.312142
880.0400,2.000229
880.0600,1.728543
880.0800,1.066507
880.1000,0.649029
880.1200,0.459775
880.1400,0.767570
880.1600,1.416393
880.1800,1.098368
880.2000,1.230023
880.2200,1.435158
880.2400,2.109605
880.2600,2.421217
880.2800,3.410137
880.3000,3.600000
880.3200,3.600000
880.3400,3.598953
880.3600,2.234262
880.3800,1.203224
880.4000,0.088598
880.4200,0.046931
880.4400,0.047923
880.4600,0.077018
880.4800,0.078456
880.5000,0.143872
880.5200,0.367393
880.5400,0.300904
880.5600,0.544943
880.5800,0.388733
880.6000,0.575613
880.6200,0.699884
880.6400,0.546571
880.6600,1.020237
880.6800,1.318842
880.7000,1.616131
880.7200,1.160570
880.7400,0.816836
880.7600,0.449236
880.7800,0.269069
880.8000,0.171826
880.8200,0.578503
880.8400,1.110621
880.8600,1.120787
880.8800,1.368685
880.9000,1.459271
880.9200,1.363337
880.9400,0.943269
880.9600,0.753861
880.9800,0.796205
881.0000,0.447805
881.0200,0.244657
881.0400,0.176151
881.0600,0.117079
881.0800,0.427210
881.1000,0.810935
881.1200,0.736552
881.1400,0.608769
881.1600,0.575696
881.1800,0.966135
881.2000,1.162489
881.2200,0.817688
881.2400,0.452630
881.2600,0.253113
881.2800,0.326912
881.3000,0.560543
881.3200,0.320488
881.3400,0.296219
881.3600,0.374942
881.3800,0.301112
881.4000,0.496391
881.4200,0.314655
881.4400,0.452483
881.4600,1.149589
881.4800,1.843528
881.5000,1.934235
881.5200,2.191066
881.5400,3.292456
881.5600,3.497442
881.5800,3.514904
881.6000,3.264104
881.6200,3.595187
881.6400,3.393959
881.6600,2.941376
881.6800,3.057778
881.7000,2.921512
881.7200,2.765279
881.7400,2.514563
881.7600,3.062515
881.7800,2.372771
881.8000,1.529507
881.8200,0.863312
881.8400,0.673187
881.8600,0.484446
881.8800,0.332568
881.9000,0.222967
881.9200,0.228176
881.9400,0.358341
881.9600,0.533377
881.9800,0.400512
882.0000,0.372522
882.0200,0.477325
882.0400,0.542543
882.0600,0.460760
882.0800,0.482089
882.1000,0.796740
882.1200,0.642188
882.1400,0.400735
882.1600,0.723954
882.1800,0.671029
882.2000,0.394291
882.2200,0.683861
882.2400,1.346894
882.2600,2.085053
882.2800,2.350247
882.3000,2.523412
882.3200,2.810927
882.3400,2.262504
882.3600,1.656922
882.3800,1.472086
882.4000,1.352179
882.4200,0.877279
882.4400,0.480680
882.4600,0.682687
882.4800,1.681766
882.5000,2.379117
882.5200,2.520260
882.5400,2.858097
882.5600,3.000195
882.5800,2.954119
882.6000,3.096611
882.6200,3.025504
882.6400,2.936986
882.6600,2.925308
882.6800,2.654810
882.7000,2.088798
882.7200,1.762413
882.7400,1.909663
882.7600,2.014667
882.7800,1.417647
882.8000,1.046856
882.8200,1.025293
882.8400,1.292750
882.8600,1.286262
882.8800,1.047692
882.9000,0.697270
882.9200,0.387596
882.9400,0.279425
882.9600,0.335695
882.9800,0.298354
883.0000,0.495488
883.0200,0.711790
883.0400,0.957734
883.0600,1.028994
883.0800,1.596360
883.1000,2.368952
883.1200,2.312142
883.1400,2.000229
883.1600,1.728543
883.1800,1.066507
883.2000,0.649029
883.2200,0.459775
883.2400,0.767570
883.2600,1.416393
883.2800,1.098368
883.3000,1.230023
883.3200,1.435158
883.3400,2.109605
883.3600,2.421217
883.3800,3.410137
883.4000,3.600000
883.4200,3.600000
883.4400,3.598953
883.4600,2.234262
883.4800,1.203224
883.5000,0.088598
883.5200,0.046931
883.5400,0.047923
883.5600,0.077018
883.5800,0.078456
883.6000,0.143872
883.6200,0.367393
883.6400,0.300904
883.6600,0.544943
883.6800,0.388733
883.7000,0.575613
883.7200,0.699884
883.7400,0.546571
883.7600,1.020237
883.7800,1.318842
883.8000,1.616131
883.8200,1.160570
883.8400,0.816836
883.8600,0.449236
883.8800,0.269069
883.9000,0.171826
883.9200,0.578503
883.9400,1.110621
883.9600,1.120787
883.9800,1.368685
884.0000,1.459271
884.0200,1.363337
884.0400,0.943269
884.0600,0.753861
884.0800,0.796205
884.1000,0.447805
884.1200,0.244657
884.1400,0.176151
884.1600,0.117079
884.1800,0.427210
884.2000,0.810935
884.2200,0.736552
884.2400,0.608769
884.2600,0.575696
884.2800,0.966135
884.3000,1.162489
884.3200,0.817688
884.3400,0.452630
884.3600,0.253113
884.3800,0.326912
884.4000,0.560543
884.4200,0.320488
884.4400,0.296219
884.4600,0.374942
884.4800,0.301112
884.5000,0.496391
884.5200,0.314655
884.5400,0.452483
884.5600,1.149589
884.5800,1.843528
884.6000,1.934235
884.6200,2.191066
884.6400,3.292456
884.6600,3.497442
884.6800,3.514904
884.7000,3.264104
884.7200,3.595187
884.7400,3.393959
884.7600,2.941376
884.7800,3.057778
884.8000,2.921512
884.8200,2.765279
884.8400,2.514563
884.8600,3.062515
884.8800,2.372771
884.9000,1.529507
884.9200,0.863312
884.9400,0.673187
884.9600,0.484446
884.9800,0.332568
885.0000,0.222967
885.0200,0.228176
885.0400,0.358341
885.0600,0.533377
885.0800,0.400512
885.1000,0.372522
885.1200,0.477325
885.1400,0.542543
885.1600,0.460760
885.1800,0.482089
885.2000,0.796740
885.2200,0.642188
885.2400,0.400735
885.2600,0.723954
885.2800,0.671029
885.3000,0.394291
885.3200,0.683861
885.3400,1.346894
885.3600,2.085053
885.3800,2.350247
885.4000,2.523412
885.4200,2.810927
885.4400,2.262504
885.4600,1.656922
885.4800,1.472086
885.5000,1.352179
885.5200,0.877279
885.5400,0.480680
885.5600,0.682687
885.5800,1.681766
885.6000,2.379117
885.6200,2.520260
885.6400,2.858097
885.6600,3.000195
885.6800,2.954119
885.7000,3.096611
885.7200,3.025504
885.7400,2.936986
885.7600,2.925308
885.7800,2.654810
885.8000,2.088798
885.8200,1.762413
885.8400,1.909663
885.8600,2.014667
885.8800,1.417647
885.9000,1.046856
885.9200,1.025293
885.9400,1.292750
885.9600,1.286262
885.9800,1.047692
886.0000,0.697270
886.0200,0.387596
886.0400,0.279425
886.0600,0.335695
886.0800,0.298354
886.1000,0.495488
886.1200,0.711790
886.1400,0.957734
886.1600,1.028994
886.1800,1.596360
886.2000,2.368952
886.2200,2.312142
886.2400,2.000229
886.2600,1.728543
886.2800,1.066507
886.3000,0.649029
886.3200,0.459775
886.3400,0.767570
886.3600,1.416393
886.3800,1.098368
886.4000,1.230023
886.4200,1.435158
886.4400,2.109605
886.4600,2.421217
886.4800,3.410137
886.5000,3.600000
886.5200,3.600000
886.5400,3.598953
886.5600,2.234262
886.5800,1.203224
886.6000,0.088598
886.6200,0.046931
886.6400,0.047923
886.6600,0.077018
886.6800,0.078456
886.7000,0.143872
886.7200,0.367393
886.7400,0.300904
886.7600,0.544943
886.7800,0.388733
886.8000,0.575613
886.8200,0.699884
886.8400,0.546571
886.8600,1.020237
886.8800,1.318842
886.9000,1.616131
886.9200,1.160570
886.9400,0.816836
886.9600,0.449236
886.9800,0.269069
887.0000,0.171826
887.0200,0.578503
887.0400,1.110621
887.0600,1.120787
887.0800,1.368685
887.1000,1.459271
887.1200,1.363337
887.1400,0.943269
887.1600,0.753861
887.1800,0.796205
887.2000,0.447805
887.2200,0.244657
887.2400,0.176151
887.2600,0.117079
887.2800,0.427210
887.3000,0.810935
887.3200,0.736552
887.3400,0.608769
887.3600,0.575696
887.3800,0.966135
887.4000,1.162489
887.4200,0.817688
887.4400,0.452630
887.4600,0.253113
887.4800,0.326912
887.5000,0.560543
887.5200,0.320488
887.5400,0.296219
887.5600,0.374942
887.5800,0.301112
887.6000,0.496391
887.6200,0.314655
887.6400,0.452483
887.6600,1.149589
887.6800,1.843528
887.7000,1.934235
887.7200,2.191066
887.7400,3.292456
887.7600,3.497442
887.7800,3.514904
887.8000,3.264104
887.8200,3.595187
887.8400,3.393959
887.8600,2.941376
887.8800,3.057778
887.9000,2.921512
887.9200,2.765279
887.9400,2.514563
887.9600,3.062515
887.9800,2.372771
888.0000,1.529507
888.0200,0.863312
888.0400,0.673187
888.0600,0.484446
888.0800,0.332568
888.1000,0.222967
888.1200,0.228176
888.1400,0.358341
888.1600,0.533377
888.1800,0.400512
888.2000,0.372522
888.2200,0.477325
888.2400,0.542543
888.2600,0.460760
888.2800,0.482089
888.3000,0.796740
888.3200,0.642188
888.3400,0.400735
888.3600,0.723954
888.3800,0.671029
888.4000,0.394291
888.4200,0.683861
888.4400,1.346894
888.4600,2.085053
888.4800,2.350247
888.5000,2.523412
888.5200,2.810927
888.5400,2.262504
888.5600,1.656922
888.5800,1.472086
888.6000,1.352179
888.6200,0.877279
888.6400,0.480680
888.6600,0.682687
888.6800,1.681766
888.7000,2.379117
888.7200,2.520260
888.7400,2.858097
888.7600,3.000195
888.7800,2.954119
888.8000,3.096611
888.8200,3.025504
888.8400,2.936986
888.8600,2.925308
888.8800,2.654810
888.9000,2.088798
888.9200,1.762413
888.9400,1.909663
888.9600,2.014667
888.9800,1.417647
889.0000,1.046856
889.0200,1.025293
889.0400,1.292750
889.0600,1.286262
889.0800,1.047692
889.1000,0.697270
889.1200,0.387596
889.1400,0.279425
889.1600,0.335695
889.1800,0.298354
889.2000,0.495488
889.2200,0.711790
889.2400,0.957734
889.2600,1.028994
889.2800,1.596360
889.3000,2.368952
889.3200,2.312142
889.3400,2.000229
889.3600,1.728543
889.3800,1.066507
889.4000,0.649029
889.4200,0.459775
889.4400,0.767570
889.4600,1.416393
889.4800,1.098368
889.5000,1.230023
889.5200,1.435158
889.5400,2.109605
889.5600,2.421217
889.5800,3.410137
889.6000,3.600000
889.6200,3.600000
889.6400,3.598953
889.6600,2.234262
889.6800,1.203224
889.7000,0.088598
889.7200,0.046931
889.7400,0.047923
889.7600,0.077018
889.7800,0.078456
889.8000,0.143872
889.8200,0.367393
889.8400,0.300904
889.8600,0.544943
889.8800,0.388733
889.9000,0.575613
889.9200,0.699884
889.9400,0.546571
889.9600,1.020237
889.9800,1.318842
890.0000,1.616131
890.0200,1.160570
890.0400,0.816836
890.0600,0.449236
890.0800,0.269069
890.1000,0.171826
890.1200,0.578503
890.1400,1.110621
890.1600,1.120787
890.1800,1.368685
890.2000,1.459271
890.2200,1.363337
890.2400,0.943269
890.2600,0.753861
890.2800,0.796205
890.3000,0.447805
890.3200,0.244657
890.3400,0.176151
890.3600,0.117079
890.3800,0.427210
890.4000,0.810935
890.4200,0.736552
890.4400,0.608769
890.4600,0.575696
890.4800,0.966135
890.5000,1.162489
890.5200,0.817688
890.5400,0.452630
890.5600,0.253113
890.5800,0.326912
890.6000,0.560543
890.6200,0.320488
890.6400,0.296219
890.6600,0.374942
890.6800,0.301112
890.7000,0.496391
890.7200,0.314655
890.7400,0.452483
890.7600,1.149589
890.7800,1.843528
890.8000,1.934235
890.8200,2.191066
890.8400,3.292456
890.8600,3.497442
890.8800,3.514904
890.9000,3.264104
890.9200,3.595187
890.9400,3.393959
890.9600,2.941376
890.9800,3.057778
891.0000,2.921512
891.0200,2.765279
891.0400,2.514563
891.0600,3.062515
891.0800,2.372771
891.1000,1.529507
891.1200,0.863312
891.1400,0.673187
891.1600,0.484446
891.1800,0.332568
891.2000,0.222967
891.2200,0.228176
891.2400,0.358341
891.2600,0.533377
891.2800,0.400512
891.3000,0.372522
891.3200,0.477325
891.3400,0.542543
891.3600,0.460760
891.3800,0.482089
891.4000,0.796740
891.4200,0.642188
891.4400,0.400735
891.4600,0.723954
891.4800,0.671029
891.5000,0.394291
891.5200,0.683861
891.5400,1.346894
891.5600,2.085053
891.5800,2.350247
891.6000,2.523412
891.6200,2.810927
891.6400,2.262504
891.6600,1.656922
891.6800,1.472086
891.7000,1.352179
891.7200,0.877279
891.7400,0.480680
891.7600,0.682687
891.7800,1.681766
891.8000,2.379117
891.8200,2.520260
891.8400,2.858097
891.8600,3.000195
891.8800,2.954119
891.9000,3.096611
891.9200,3.025504
891.9400,2.936986
891.9600,2.925308
891.9800,2.654810
892.0000,2.088798
892.0200,1.762413
892.0400,1.909663
892.0600,2.014667
892.0800,1.417647
892.1000,1.046856
892.1200,1.025293
892.1400,1.292750
892.1600,1.286262
892.1800,1.047692
892.2000,0.697270
892.2200,0.387596
892.2400,0.279425
892.2600,0.335695
892.2800,0.298354
892.3000,0.495488
892.3200,0.711790
892.3400,0.957734
892.3600,1.028994
892.3800,1.596360
892.4000,2.368952
892.4200,2.312142
892.4400,2.000229
892.4600,1.728543
892.4800,1.066507
892.5000,0.649029
892.5200,0.459775
892.5400,0.767570
892.5600,1.416393
892.5800,1.098368
892.6000,1.230023
892.6200,1.435158
892.6400,2.109605
892.6600,2.421217
892.6800,3.410137
892.7000,3.600000
892.7200,3.600000
892.7400,3.598953
892.7600,2.234262
892.7800,1.203224
892.8000,0.088598
892.8200,0.046931
892.8400,0.047923
892.8600,0.077018
892.8800,0.078456
892.9000,0.143872
892.9200,0.367393
892.9400,0.300904
892.9600,0.544943
892.9800,0.388733
893.0000,0.575613
893.0200,0.699884
893.0400,0.546571
893.0600,1.020237
893.0800,1.318842
893.1000,1.616131
893.1200,1.160570
893.1400,0.816836
893.1600,0.449236
893.1800,0.269069
893.2000,0.171826
893.2200,0.578503
893.2400,1.110621
893.2600,1.120787
893.2800,1.368685
893.3000,1.459271
893.3200,1.363337
893.3400,0.943269
893.3600,0.753861
893.3800,0.796205
893.4000,0.447805
893.4200,0.244657
893.4400,0.176151
893.4600,0.117079
893.4800,0.427210
893.5000,0.810935
893.5200,0.736552
893.5400,0.608769
893.5600,0.575696
893.5800,0.966135
893.6000,1.162489
893.6200,0.817688
893.6400,0.452630
893.6600,0.253113
893.6800,0.326912
893.7000,0.560543
893.7200,0.320488
893.7400,0.296219
893.7600,0.374942
893.7800,0.301112
893.8000,0.496391
893.8200,0.314655
893.8400,0.452483
893.8600,1.149589
893.8800,1.843528
893.9000,1.934235
893.9200,2.191066
893.9400,3.292456
893.9600,3.497442
893.9800,3.514904
894.0000,3.264104
894.0200,3.595187
894.0400,3.393959
894.0600,2.941376
894.0800,3.057778
894.1000,2.921512
894.1200,2.765279
894.1400,2.514563
894.1600,3.062515
894.1800,2.372771
894.2000,1.529507
894.2200,0.863312
894.2400,0.673187
894.2600,0.484446
894.2800,0.332568
894.3000,0.222967
894.3200,0.228176
894.3400,0.358341
894.3600,0.533377
894.3800,0.400512
894.4000,0.372522
894.4200,0.477325
894.4400,0.542543
894.4600,0.460760
894.4800,0.482089
894.5000,0.796740
894.5200,0.642188
894.5400,0.400735
894.5600,0.723954
894.5800,0.671029
894.6000,0.394291
894.6200,0.683861
894.6400,1.346894
894.6600,2.085053
894.6800,2.350247
894.7000,2.523412
894.7200,2.810927
894.7400,2.262504
894.7600,1.656922
894.7800,1.472086
894.8000,1.352179
894.8200,0.877279
894.8400,0.480680
894.8600,0.682687
894.8800,1.681766
894.9000,2.379117
894.9200,2.520260
894.9400,2.858097
894.9600,3.000195
894.9800,2.954119
895.0000,3.096611
895.0200,3.025504
895.0400,2.936986
895.0600,2.925308
895.0800,2.654810
895.1000,2.088798
895.1200,1.762413
895.1400,1.909663
895.1600,2.014667
895.1800,1.417647
895.2000,1.046856
895.2200,1.025293
895.2400,1.292750
895.2600,1.286262
895.2800,1.047692
895.3000,0.697270
895.3200,0.387596
895.3400,0.279425
895.3600,0.335695
895.3800,0.298354
895.4000,0.495488
895.4200,0.711790
895.4400,0.957734
895.4600,1.028994
895.4800,1.596360
895.5000,2.368952
895.5200,2.312142
895.5400,2.000229
895.5600,1.728543
895.5800,1.066507
895.6000,0.649029
895.6200,0.459775
895.6400,0.767570
895.6600,1.416393
895.6800,1.098368
895.7000,1.230023
895.7200,1.435158
895.7400,2.109605
895.7600,2.421217
895.7800,3.410137
895.8000,3.600000
895.8200,3.600000
895.8400,3.598953
895.8600,2.234262
895.8800,1.203224
895.9000,0.088598
895.9200,0.046931
895.9400,0.047923
895.9600,0.077018
895.9800,0.078456
896.0000,0.143872
896.0200,0.367393
896.0400,0.300904
896.0600,0.544943
896.0800,0.388733
896.1000,0.575613
896.1200,0.699884
896.1400,0.546571
896.1600,1.020237
896.1800,1.318842
896.2000,1.616131
896.2200,1.160570
896.2400,0.816836
896.2600,0.449236
896.2800,0.269069
896.3000,0.171826
896.3200,0.578503
896.3400,1.110621
896.3600,1.120787
896.3800,1.368685
896.4000,1.459271
896.4200,1.363337
896.4400,0.943269
896.4600,0.753861
896.4800,0.796205
896.5000,0.447805
896.5200,0.244657
896.5400,0.176151
896.5600,0.117079
896.5800,0.427210
896.6000,0.810935
896.6200,0.736552
896.6400,0.608769
896.6600,0.575696
896.6800,0.966135
896.7000,1.162489
896.7200,0.817688
896.7400,0.452630
896.7600,0.253113
896.7800,0.326912
896.8000,0.560543
896.8200,0.320488
896.8400,0.296219
896.8600,0.374942
896.8800,0.301112
896.9000,0.496391
896.9200,0.314655
896.9400,0.452483
896.9600,1.149589
896.9800,1.843528
897.0000,1.934235
897.0200,2.191066
897.0400,3.292456
897.0600,3.497442
897.0800,3.514904
897.1000,3.264104
897.1200,3.595187
897.1400,3.393959
897.1600,2.941376
897.1800,3.057778
897.2000,2.921512
897.2200,2.765279
897.2400,2.514563
897.2600,3.062515
897.2800,2.372771
897.3000,1.529507
897.3200,0.863312
897.3400,0.673187
897.3600,0.484446
897.3800,0.332568
897.4000,0.222967
897.4200,0.228176
897.4400,0.358341
897.4600,0.533377
897.4800,0.400512
897.5000,0.372522
897.5200,0.477325
897.5400,0.542543
897.5600,0.460760
897.5800,0.482089
897.6000,0.796740
897.6200,0.642188
897.6400,0.400735
897.6600,0.723954
897.6800,0.671029
897.7000,0.394291
897.7200,0.683861
897.7400,1.346894
897.7600,2.085053
897.7800,2.350247
897.8000,2.523412
897.8200,2.810927
897.8400,2.262504
897.8600,1.656922
897.8800,1.472086
897.9000,1.352179
897.9200,0.877279
897.9400,0.480680
897.9600,0.682687
897.9800,1.681766
898.0000,2.379117
898.0200,2.520260
898.0400,2.858097
898.0600,3.000195
898.0800,2.954119
898.1000,3.096611
898.1200,3.025504
898.1400,2.936986
898.1600,2.925308
898.1800,2.654810
898.2000,2.088798
898.2200,1.762413
898.2400,1.909663
898.2600,2.014667
898.2800,1.417647
898.3000,1.046856
898.3200,1.025293
898.3400,1.292750
898.3600,1.286262
898.3800,1.047692
898.4000,0.697270
898.4200,0.387596
898.4400,0.279425
898.4600,0.335695
898.4800,0.298354
898.5000,0.495488
898.5200,0.711790
898.5400,0.957734
898.5600,1.028994
898.5800,1.596360
898.6000,2.368952
898.6200,2.312142
898.6400,2.000229
898.6600,1.728543
898.6800,1.066507
898.7000,0.649029
898.7200,0.459775
898.7400,0.767570
898.7600,1.416393
898.7800,1.098368
898.8000,1.230023
898.8200,1.435158
898.8400,2.109605
898.8600,2.421217
898.8800,3.410137
898.9000,3.600000
898.9200,3.600000
898.9400,3.598953
898.9600,2.234262
898.9800,1.203224
899.0000,0.088598
899.0200,0.046931
899.0400,0.047923
899.0600,0.077018
899.0800,0.078456
899.1000,0.143872
899.1200,0.367393
899.1400,0.300904
899.1600,0.544943
899.1800,0.388733
899.2000,0.575613
899.2200,0.699884
899.2400,0.546571
899.2600,1.020237
899.2800,1.318842
899.3000,1.616131
899.3200,1.160570
899.3400,0.816836
899.3600,0.449236
899.3800,0.269069
899.4000,0.171826
899.4200,0.578503
899.4400,1.110621
899.4600,1.120787
899.4800,1.368685
899.5000,1.459271
899.5200,1.363337
899.5400,0.943269
899.5600,0.753861
899.5800,0.796205
899.6000,0.447805
899.6200,0.244657
899.6400,0.176151
899.6600,0.117079
899.6800,0.427210
899.7000,0.810935
899.7200,0.736552
899.7400,0.608769
899.7600,0.575696
899.7800,0.966135
899.8000,1.162489
899.8200,0.817688
899.8400,0.452630
899.8600,0.253113
899.8800,0.326912
899.9000,0.560543
899.9200,0.320488
899.9400,0.296219
899.9600,0.374942
899.9800,0.301112
900.0000,0.496391
900.0200,0.314655
900.0400,0.452483
900.0600,1.149589
900.0800,1.843528
900.1000,1.934235
900.1200,2.191066
900.1400,3.292456
900.1600,3.497442
900.1800,3.514904
900.2000,3.264104
900.2200,3.595187
900.2400,3.393959
900.2600,2.941376
900.2800,3.057778
900.3000,2.921512
900.3200,2.765279
900.3400,2.514563
900.3600,3.062515
900.3800,2.372771
900.4000,1.529507
900.4200,0.863312
900.4400,0.673187
900.4600,0.484446
900.4800,0.332568
900.5000,0.222967
900.5200,0.228176
900.5400,0.358341
900.5600,0.533377
900.5800,0.400512
900.6000,0.372522
900.6200,0.477325
900.6400,0.542543
900.6600,0.460760
900.6800,0.482089
900.7000,0.796740
900.7200,0.642188
900.7400,0.400735
900.7600,0.723954
900.7800,0.671029
900.8000,0.394291
900.8200,0.683861
900.8400,1.346894
900.8600,2.085053
900.8800,2.350247
900.9000,2.523412
900.9200,2.810927
900.9400,2.262504
900.9600,1.656922
900.9800,1.472086
901.0000,1.352179
901.0200,0.877279
901.0400,0.480680
901.0600,0.682687
901.0800,1.681766
901.1000,2.379117
901.1200,2.520260
901.1400,2.858097
901.1600,3.000195
901.1800,2.954119
901.2000,3.096611
901.2200,3.025504
901.2400,2.936986
901.2600,2.925308
901.2800,2.654810
901.3000,2.088798
901.3200,1.762413
901.3400,1.909663
901.3600,2.014667
901.3800,1.417647
901.4000,1.046856
901.4200,1.025293
901.4400,1.292750
901.4600,1.286262
901.4800,1.047692
901.5000,0.697270
901.5200,0.387596
901.5400,0.279425
901.5600,0.335695
901.5800,0.298354
901.6000,0.495488
901.6200,0.711790
901.6400,0.957734
901.6600,1.028994
901.6800,1.596360
901.7000,2.368952
901.7200,2.312142
901.7400,2.000229
901.7600,1.728543
901.7800,1.066507
901.8000,0.649029
901.8200,0.459775
901.8400,0.767570
901.8600,1.416393
901.8800,1.098368
901.9000,1.230023
901.9200,1.435158
901.9400,2.109605
901.9600,2.421217
901.9800,3.410137
902.0000,3.600000
902.0200,3.600000
902.0400,3.598953
902.0600,2.234262
902.0800,1.203224
902.1000,0.088598
902.1200,0.046931
902.1400,0.047923
902.1600,0.077018
902.1800,0.078456
902.2000,0.143872
902.2200,0.367393
902.2400,0.300904
902.2600,0.544943
902.2800,0.388733
902.3000,0.575613
902.3200,0.699884
902.3400,0.546571
902.3600,1.020237
902.3800,1.318842
902.4000,1.616131
902.4200,1.160570
902.4400,0.816836
902.4600,0.449236
902.4800,0.269069
902.5000,0.171826
902.5200,0.578503
902.5400,1.110621
902.5600,1.120787
902.5800,1.368685
902.6000,1.459271
902.6200,1.363337
902.6400,0.943269
902.6600,0.753861
902.6800,0.796205
902.7000,0.447805
902.7200,0.244657
902.7400,0.176151
902.7600,0.117079
902.7800,0.427210
902.8000,0.810935
902.8200,0.736552
902.8400,0.608769
902.8600,0.575696
902.8800,0.966135
902.9000,1.162489
902.9200,0.817688
902.9400,0.452630
902.9600,0.253113
902.9800,0.326912
903.0000,0.560543
903.0200,0.320488
903.0400,0.296219
903.0600,0.374942
903.0800,0.301112
903.1000,0.496391
903.1200,0.314655
903.1400,0.452483
903.1600,1.149589
903.1800,1.843528
903.2000,1.934235
903.2200,2.191066
903.2400,3.292456
903.2600,3.497442
903.2800,3.514904
903.3000,3.264104
903.3200,3.595187
903.3400,3.393959
903.3600,2.941376
903.3800,3.057778
903.4000,2.921512
903.4200,2.765279
903.4400,2.514563
903.4600,3.062515
903.4800,2.372771
903.5000,1.529507
903.5200,0.863312
903.5400,0.673187
903.5600,0.484446
903.5800,0.332568
903.6000,0.222967
903.6200,0.228176
903.6400,0.358341
903.6600,0.533377
903.6800,0.400512
903.7000,0.372522
903.7200,0.477325
903.7400,0.542543
903.7600,0.460760
903.7800,0.482089
903.8000,0.796740
903.8200,0.642188
903.8400,0.400735
903.8600,0.723954
903.8800,0.671029
903.9000,0.394291
903.9200,0.683861
903.9400,1.346894
903.9600,2.085053
903.9800,2.350247
904.0000,2.523412
904.0200,2.810927
904.0400,2.262504
904.0600,1.656922
904.0800,1.472086
904.1000,1.352179
904.1200,0.877279
904.1400,0.480680
904.1600,0.682687
904.1800,1.681766
904.2000,2.379117
904.2200,2.520260
904.2400,2.858097
904.2600,3.000195
904.2800,2.954119
904.3000,3.096611
904.3200,3.025504
904.3400,2.936986
904.3600,2.925308
904.3800,2.654810
904.4000,2.088798
904.4200,1.762413
904.4400,1.909663
904.4600,2.014667
904.4800,1.417647
904.5000,1.046856
904.5200,1.025293
904.5400,1.292750
904.5600,1.286262
904.5800,1.047692
904.6000,0.697270
904.6200,0.387596
904.6400,0.279425
904.6600,0.335695
904.6800,0.298354
904.7000,0.495488
904.7200,0.711790
904.7400,0.957734
904.7600,1.028994
904.7800,1.596360
904.8000,2.368952
904.8200,2.312142
904.8400,2.000229
904.8600,1.728543
904.8800,1.066507
904.9000,0.649029
904.9200,0.459775
904.9400,0.767570
904.9600,1.416393
904.9800,1.098368
905.0000,1.230023
905.0200,1.435158
905.0400,2.109605
905.0600,2.421217
905.0800,3.410137
905.1000,3.600000
905.1200,3.600000
905.1400,3.598953
905.1600,2.234262
905.1800,1.203224
905.2000,0.088598
905.2200,0.046931
905.2400,0.047923
905.2600,0.077018
905.2800,0.078456
905.3000,0.143872
905.3200,0.367393
905.3400,0.300904
905.3600,0.544943
905.3800,0.388733
905.4000,0.575613
905.4200,0.699884
905.4400,0.546571
905.4600,1.020237
905.4800,1.318842
905.5000,1.616131
905.5200,1.160570
905.5400,0.816836
905.5600,0.449236
905.5800,0.269069
905.6000,0.171826
905.6200,0.578503
905.6400,1.110621
905.6600,1.120787
905.6800,1.368685
905.7000,1.459271
905.7200,1.363337
905.7400,0.943269
905.7600,0.753861
905.7800,0.796205
905.8000,0.447805
905.8200,0.244657
905.8400,0.176151
905.8600,0.117079
905.8800,0.427210
905.9000,0.810935
905.9200,0.736552
905.9400,0.608769
905.9600,0.575696
905.9800,0.966135
906.0000,1.162489
906.0200,0.817688
906.0400,0.452630
906.0600,0.253113
906.0800,0.326912
906.1000,0.560543
906.1200,0.320488
906.1400,0.296219
906.1600,0.374942
906.1800,0.301112
906.2000,0.496391
906.2200,0.314655
906.2400,0.452483
906.2600,1.149589
906.2800,1.843528
906.3000,1.934235
906.3200,2.191066
906.3400,3.292456
906.3600,3.497442
906.3800,3.514904
906.4000,3.264104
906.4200,3.595187
906.4400,3.393959
906.4600,2.941376
906.4800,3.057778
906.5000,2.921512
906.5200,2.765279
906.5400,2.514563
906.5600,3.062515
906.5800,2.372771
906.6000,1.529507
906.6200,0.863312
906.6400,0.673187
906.6600,0.484446
906.6800,0.332568
906.7000,0.222967
906.7200,0.228176
906.7400,0.358341
906.7600,0.533377
906.7800,0.400512
906.8000,0.372522
906.8200,0.477325
906.8400,0.542543
906.8600,0.460760
906.8800,0.482089
906.9000,0.796740
906.9200,0.642188
906.9400,0.400735
906.9600,0.723954
906.9800,0.671029
907.0000,0.394291
907.0200,0.683861
907.0400,1.346894
907.0600,2.085053
907.0800,2.350247
907.1000,2.523412
907.1200,2.810927
907.1400,2.262504
907.1600,1.656922
907.1800,1.472086
907.2000,1.352179
907.2200,0.877279
907.2400,0.480680
907.2600,0.682687
907.2800,1.681766
907.3000,2.379117
907.3200,2.520260
907.3400,2.858097
907.3600,3.000195
907.3800,2.954119
907.4000,3.096611
907.4200,3.025504
907.4400,2.936986
907.4600,2.925308
907.4800,2.654810
907.5000,2.088798
907.5200,1.762413
907.5400,1.909663
907.5600,2.014667
907.5800,1.417647
907.6000,1.046856
907.6200,1.025293
907.6400,1.292750
907.6600,1.286262
907.6800,1.047692
907.7000,0.697270
907.7200,0.387596
907.7400,0.279425
907.7600,0.335695
907.7800,0.298354
907.8000,0.495488
907.8200,0.711790
907.8400,0.957734
907.8600,1.028994
907.8800,1.596360
907.9000,2.368952
907.9200,2.312142
907.9400,2.000229
907.9600,1.728543
907.9800,1.066507
908.0000,0.649029
908.0200,0.459775
908.0400,0.767570
908.0600,1.416393
908.0800,1.098368
908.1000,1.230023
908.1200,1.435158
908.1400,2.109605
908.1600,2.421217
908.1800,3.410137
908.2000,3.600000
908.2200,3.600000
908.2400,3.598953
908.2600,2.234262
908.2800,1.203224
908.3000,0.088598
908.3200,0.046931
908.3400,0.047923
908.3600,0.077018
908.3800,0.078456
908.4000,0.143872
908.4200,0.367393
908.4400,0.300904
908.4600,0.544943
908.4800,0.388733
908.5000,0.575613
908.5200,0.699884
908.5400,0.546571
908.5600,1.020237
908.5800,1.318842
908.6000,1.616131
908.6200,1.160570
908.6400,0.816836
908.6600,0.449236
908.6800,0.269069
908.7000,0.171826
908.7200,0.578503
908.7400,1.110621
908.7600,1.120787
908.7800,1.368685
908.8000,1.459271
908.8200,1.363337
908.8400,0.943269
908.8600,0.753861
908.8800,0.796205
908.9000,0.447805
908.9200,0.244657
908.9400,0.176151
908.9600,0.117079
908.9800,0.427210
909.0000,0.810935
909.0200,0.736552
909.0400,0.608769
909.0600,0.575696
909.0800,0.966135
909.1000,1.162489
909.1200,0.817688
909.1400,0.452630
909.1600,0.253113
909.1800,0.326912
909.2000,0.560543
909.2200,0.320488
909.2400,0.296219
909.2600,0.374942
909.2800,0.301112
909.3000,0.496391
909.3200,0.314655
909.3400,0.452483
909.3600,1.149589
909.3800,1.843528
909.4000,1.934235
909.4200,2.191066
909.4400,3.292456
909.4600,3.497442
909.4800,3.514904
909.5000,3.264104
909.5200,3.595187
909.5400,3.393959
909.5600,2.941376
909.5800,3.057778
909.6000,2.921512
909.6200,2.765279
909.6400,2.514563
909.6600,3.062515
909.6800,2.372771
909.7000,1.529507
909.7200,0.863312
909.7400,0.673187
909.7600,0.484446
909.7800,0.332568
909.8000,0.222967
909.8200,0.228176
909.8400,0.358341
909.8600,0.533377
909.8800,0.400512
909.9000,0.372522
909.9200,0.477325
909.9400,0.542543
909.9600,0.460760
909.9800,0.482089
910.0000,0.796740
910.0200,0.642188
910.0400,0.400735
910.0600,0.723954
910.0800,0.671029
910.1000,0.394291
910.1200,0.683861
910.1400,1.346894
910.1600,2.085053
910.1800,2.350247
910.2000,2.523412
910.2200,2.810927
910.2400,2.262504
910.2600,1.656922
910.2800,1.472086
910.3000,1.352179
910.3200,0.877279
910.3400,0.480680
910.3600,0.682687
910.3800,1.681766
910.4000,2.379117
910.4200,2.520260
910.4400,2.858097
910.4600,3.000195
910.4800,2.954119
910.5000,3.096611
910.5200,3.025504
910.5400,2.936986
910.5600,2.925308
910.5800,2.654810
910.6000,2.088798
910.6200,1.762413
910.6400,1.909663
910.6600,2.014667
910.6800,1.417647
910.7000,1.046856
910.7200,1.025293
910.7400,1.292750
910.7600,1.286262
910.7800,1.047692
910.8000,0.697270
910.8200,0.387596
910.8400,0.279425
910.8600,0.335695
910.8800,0.298354
910.9000,0.495488
910.9200,0.711790
910.9400,0.957734
910.9600,1.028994
910.9800,1.596360
911.0000,2.368952
911.0200,2.312142
911.0400,2.000229
911.0600,1.728543
911.0800,1.066507
911.1000,0.649029
911.1200,0.459775
911.1400,0.767570
911.1600,1.416393
911.1800,1.098368
911.2000,1.230023
911.2200,1.435158
911.2400,2.109605
911.2600,2.421217
911.2800,3.410137
911.3000,3.600000
911.3200,3.600000
911.3400,3.598953
911.3600,2.234262
911.3800,1.203224
911.4000,0.088598
911.4200,0.046931
911.4400,0.047923
911.4600,0.077018
911.4800,0.078456
911.5000,0.143872
911.5200,0.367393
911.5400,0.300904
911.5600,0.544943
911.5800,0.388733
911.6000,0.575613
911.6200,0.699884
911.6400,0.546571
911.6600,1.020237
911.6800,1.318842
911.7000,1.616131
911.7200,1.160570
911.7400,0.816836
911.7600,0.449236
911.7800,0.269069
911.8000,0.171826
911.8200,0.578503
911.8400,1.110621
911.8600,1.120787
911.8800,1.368685
911.9000,1.459271
911.9200,1.363337
911.9400,0.943269
911.9600,0.753861
911.9800,0.796205
912.0000,0.447805
912.0200,0.244657
912.0400,0.176151
912.0600,0.117079
912.0800,0.427210
912.1000,0.810935
912.1200,0.736552
912.1400,0.608769
912.1600,0.575696
912.1800,0.966135
912.2000,1.162489
912.2200,0.817688
912.2400,0.452630
912.2600,0.253113
912.2800,0.326912
912.3000,0.560543
912.3200,0.320488
912.3400,0.296219
912.3600,0.374942
912.3800,0.301112
912.4000,0.496391
912.4200,0.314655
912.4400,0.452483
912.4600,1.149589
912.4800,1.843528
912.5000,1.934235
912.5200,2.191066
912.5400,3.292456
912.5600,3.497442
912.5800,3.514904
912.6000,3.264104
912.6200,3.595187
912.6400,3.393959
912.6600,2.941376
912.6800,3.057778
912.7000,2.921512
912.7200,2.765279
912.7400,2.514563
912.7600,3.062515
912.7800,2.372771
912.8000,1.529507
912.8200,0.863312
912.8400,0.673187
912.8600,0.484446
912.8800,0.332568
912.9000,0.222967
912.9200,0.228176
912.9400,0.358341
912.9600,0.533377
912.9800,0.400512
913.0000,0.372522
913.0200,0.477325
913.0400,0.542543
913.0600,0.460760
913.0800,0.482089
913.1000,0.796740
913.1200,0.642188
913.1400,0.400735
913.1600,0.723954
913.1800,0.671029
913.2000,0.394291
913.2200,0.683861
913.2400,1.346894
913.2600,2.085053
913.2800,2.350247
913.3000,2.523412
913.3200,2.810927
913.3400,2.262504
913.3600,1.656922
913.3800,1.472086
913.4000,1.352179
913.4200,0.877279
913.4400,0.480680
913.4600,0.682687
913.4800,1.681766
913.5000,2.379117
913.5200,2.520260
913.5400,2.858097
913.5600,3.000195
913.5800,2.954119
913.6000,3.096611
913.6200,3.025504
913.6400,2.936986
913.6600,2.925308
913.6800,2.654810
913.7000,2.088798
913.7200,1.762413
913.7400,1.909663
913.7600,2.014667
913.7800,1.417647
913.8000,1.046856
913.8200,1.025293
913.8400,1.292750
913.8600,1.286262
913.8800,1.047692
913.9000,0.697270
913.9200,0.387596
913.9400,0.279425
913.9600,0.335695
913.9800,0.298354
914.0000,0.495488
914.0200,0.711790
914.0400,0.957734
914.0600,1.028994
914.0800,1.596360
914.1000,2.368952
914.1200,2.312142
914.1400,2.000229
914.1600,1.728543
914.1800,1.066507
914.2000,0.649029
914.2200,0.459775
914.2400,0.767570
914.2600,1.416393
914.2800,1.098368
914.3000,1.230023
914.3200,1.435158
914.3400,2.109605
914.3600,2.421217
914.3800,3.410137
914.4000,3.600000
914.4200,3.600000
914.4400,3.598953
914.4600,2.234262
914.4800,1.203224
914.5000,0.088598
914.5200,0.046931
914.5400,0.047923
914.5600,0.077018
914.5800,0.078456
914.6000,0.143872
914.6200,0.367393
914.6400,0.300904
914.6600,0.544943
914.6800,0.388733
914.7000,0.575613
914.7200,0.699884
914.7400,0.546571
914.7600,1.020237
914.7800,1.318842
914.8000,1.616131
914.8200,1.160570
914.8400,0.816836
914.8600,0.449236
914.8800,0.269069
914.9000,0.171826
914.9200,0.578503
914.9400,1.110621
914.9600,1.120787
914.9800,1.368685
915.0000,1.459271
915.0200,1.363337
915.0400,0.943269
915.0600,0.753861
915.0800,0.796205
915.1000,0.447805
915.1200,0.244657
915.1400,0.176151
915.1600,0.117079
915.1800,0.427210
915.2000,0.810935
915.2200,0.736552
915.2400,0.608769
915.2600,0.575696
915.2800,0.966135
915.3000,1.162489
915.3200,0.817688
915.3400,0.452630
915.3600,0.253113
915.3800,0.326912
915.4000,0.560543
915.4200,0.320488
915.4400,0.296219
915.4600,0.374942
915.4800,0.301112
915.5000,0.496391
915.5200,0.314655
915.5400,0.452483
915.5600,1.149589
915.5800,1.843528
915.6000,1.934235
915.6200,2.191066
915.6400,3.292456
915.6600,3.497442
915.6800,3.514904
915.7000,3.264104
915.7200,3.595187
915.7400,3.393959
915.7600,2.941376
915.7800,3.057778
915.8000,2.921512
915.8200,2.765279
915.8400,2.514563
915.8600,3.062515
915.8800,2.372771
915.9000,1.529507
915.9200,0.863312
915.9400,0.673187
915.9600,0.484446
915.9800,0.332568
916.0000,0.222967
916.0200,0.228176
916.0400,0.358341
916.0600,0.533377
916.0800,0.400512
916.1000,0.372522
916.1200,0.477325
916.1400,0.542543
916.1600,0.460760
916.1800,0.482089
916.2000,0.796740
916.2200,0.642188
916.2400,0.400735
916.2600,0.723954
916.2800,0.671029
916.3000,0.394291
916.3200,0.683861
916.3400,1.346894
916.3600,2.085053
916.3800,2.350247
916.4000,2.523412
916.4200,2.810927
916.4400,2.262504
916.4600,1.656922
916.4800,1.472086
916.5000,1.352179
916.5200,0.877279
916.5400,0.480680
916.5600,0.682687
916.5800,1.681766
916.6000,2.379117
916.6200,2.520260
916.6400,2.858097
916.6600,3.000195
916.6800,2.954119
916.7000,3.096611
916.7200,3.025504
916.7400,2.936986
916.7600,2.925308
916.7800,2.654810
916.8000,2.088798
916.8200,1.762413
916.8400,1.909663
916.8600,2.014667
916.8800,1.417647
916.9000,1.046856
916.9200,1.025293
916.9400,1.292750
916.9600,1.286262
916.9800,1.047692
917.0000,0.697270
917.0200,0.387596
917.0400,0.279425
917.0600,0.335695
917.0800,0.298354
917.1000,0.495488
917.1200,0.711790
917.1400,0.957734
917.1600,1.028994
917.1800,1.596360
917.2000,2.368952
917.2200,2.312142
917.2400,2.000229
917.2600,1.728543
917.2800,1.066507
917.3000,0.649029
917.3200,0.459775
917.3400,0.767570
917.3600,1.416393
917.3800,1.098368
917.4000,1.230023
917.4200,1.435158
917.4400,2.109605
917.4600,2.421217
917.4800,3.410137
917.5000,3.600000
917.5200,3.600000
917.5400,3.598953
917.5600,2.234262
917.5800,1.203224
917.6000,0.088598
917.6200,0.046931
917.6400,0.047923
917.6600,0.077018
917.6800,0.078456
917.7000,0.143872
917.7200,0.367393
917.7400,0.300904
917.7600,0.544943
917.7800,0.388733
917.8000,0.575613
917.8200,0.699884
917.8400,0.546571
917.8600,1.020237
917.8800,1.318842
917.9000,1.616131
917.9200,1.160570
917.9400,0.816836
917.9600,0.449236
917.9800,0.269069
918.0000,0.171826
918.0200,0.578503
918.0400,1.110621
918.0600,1.120787
918.0800,1.368685
918.1000,1.459271
918.1200,1.363337
918.1400,0.943269
918.1600,0.753861
918.1800,0.796205
918.2000,0.447805
918.2200,0.244657
918.2400,0.176151
918.2600,0.117079
918.2800,0.427210
918.3000,0.810935
918.3200,0.736552
918.3400,0.608769
918.3600,0.575696
918.3800,0.966135
918.4000,1.162489
918.4200,0.817688
918.4400,0.452630
918.4600,0.253113
918.4800,0.326912
918.5000,0.560543
918.5200,0.320488
918.5400,0.296219
918.5600,0.374942
918.5800,0.301112
918.6000,0.496391
918.6200,0.314655
918.6400,0.452483
918.6600,1.149589
918.6800,1.843528
918.7000,1.934235
918.7200,2.191066
918.7400,3.292456
918.7600,3.497442
918.7800,3.514904
918.8000,3.264104
918.8200,3.595187
918.8400,3.393959
918.8600,2.941376
918.8800,3.057778
918.9000,2.921512
918.9200,2.765279
918.9400,2.514563
918.9600,3.062515
918.9800,2.372771
919.0000,1.529507
919.0200,0.863312
919.0400,0.673187
919.0600,0.484446
919.0800,0.332568
919.1000,0.222967
919.1200,0.228176
919.1400,0.358341
919.1600,0.533377
919.1800,0.400512
919.2000,0.372522
919.2200,0.477325
919.2400,0.542543
919.2600,0.460760
919.2800,0.482089
919.3000,0.796740
919.3200,0.642188
919.3400,0.400735
919.3600,0.723954
919.3800,0.671029
919.4000,0.394291
919.4200,0.683861
919.4400,1.346894
919.4600,2.085053
919.4800,2.350247
919.5000,2.523412
919.5200,2.810927
919.5400,2.262504
919.5600,1.656922
919.5800,1.472086
919.6000,1.352179
919.6200,0.877279
919.6400,0.480680
919.6600,0.682687
919.6800,1.681766
919.7000,2.379117
919.7200,2.520260
919.7400,2.858097
919.7600,3.000195
919.7800,2.954119
919.8000,3.096611
919.8200,3.025504
919.8400,2.936986
919.8600,2.925308
919.8800,2.654810
919.9000,2.088798
919.9200,1.762413
919.9400,1.909663
919.9600,2.014667
919.9800,1.417647
920.0000,1.046856
920.0200,1.025293
920.0400,1.292750
920.0600,1.286262
920.0800,1.047692
920.1000,0.697270
920.1200,0.387596
920.1400,0.279425
920.1600,0.335695
920.1800,0.298354
920.2000,0.495488
920.2200,0.711790
920.2400,0.957734
920.2600,1.028994
920.2800,1.596360
920.3000,2.368952
920.3200,2.312142
920.3400,2.000229
920.3600,1.728543
920.3800,1.066507
920.4000,0.649029
920.4200,0.459775
920.4400,0.767570
920.4600,1.416393
920.4800,1.098368
920.5000,1.230023
920.5200,1.435158
920.5400,2.109605
920.5600,2.421217
920.5800,3.410137
920.6000,3.600000
920.6200,3.600000
920.6400,3.598953
920.6600,2.234262
920.6800,1.203224
920.7000,0.088598
920.7200,0.046931
920.7400,0.047923
920.7600,0.077018
920.7800,0.078456
920.8000,0.143872
920.8200,0.367393
920.8400,0.300904
920.8600,0.544943
920.8800,0.388733
920.9000,0.575613
920.9200,0.699884
920.9400,0.546571
920.9600,1.020237
920.9800,1.318842
921.0000,1.616131
921.0200,1.160570
921.0400,0.816836
921.0600,0.449236
921.0800,0.269069
921.1000,0.171826
921.1200,0.578503
921.1400,1.110621
921.1600,1.120787
921.1800,1.368685
921.2000,1.459271
921.2200,1.363337
921.2400,0.943269
921.2600,0.753861
921.2800,0.796205
921.3000,0.447805
921.3200,0.244657
921.3400,0.176151
921.3600,0.117079
921.3800,0.427210
921.4000,0.810935
921.4200,0.736552
921.4400,0.608769
921.4600,0.575696
921.4800,0.966135
921.5000,1.162489
921.5200,0.817688
921.5400,0.452630
921.5600,0.253113
921.5800,0.326912
921.6000,0.560543
921.6200,0.320488
921.6400,0.296219
921.6600,0.374942
921.6800,0.301112
921.7000,0.496391
921.7200,0.314655
921.7400,0.452483
921.7600,1.149589
921.7800,1.843528
921.8000,1.934235
921.8200,2.191066
921.8400,3.292456
921.8600,3.497442
921.8800,3.514904
921.9000,3.264104
921.9200,3.595187
921.9400,3.393959
921.9600,2.941376
921.9800,3.057778
922.0000,2.921512
922.0200,2.765279
922.0400,2.514563
922.0600,3.062515
922.0800,2.372771
922.1000,1.529507
922.1200,0.863312
922.1400,0.673187
922.1600,0.484446
922.1800,0.332568
922.2000,0.222967
922.2200,0.228176
922.2400,0.358341
922.2600,0.533377
922.2800,0.400512
922.3000,0.372522
922.3200,0.477325
922.3400,0.542543
922.3600,0.460760
922.3800,0.482089
922.4000,0.796740
922.4200,0.642188
922.4400,0.400735
922.4600,0.723954
922.4800,0.671029
922.5000,0.394291
922.5200,0.683861
922.5400,1.346894
922.5600,2.085053
922.5800,2.350247
922.6000,2.523412
922.6200,2.810927
922.6400,2.262504
922.6600,1.656922
922.6800,1.472086
922.7000,1.352179
922.7200,0.877279
922.7400,0.480680
922.7600,0.682687
922.7800,1.681766
922.8000,2.379117
922.8200,2.520260
922.8400,2.858097
922.8600,3.000195
922.8800,2.954119
922.9000,3.096611
922.9200,3.025504
922.9400,2.936986
922.9600,2.925308
922.9800,2.654810
923.0000,2.088798
923.0200,1.762413
923.0400,1.909663
923.0600,2.014667
923.0800,1.417647
923.1000,1.046856
923.1200,1.025293
923.1400,1.292750
923.1600,1.286262
923.1800,1.047692
923.2000,0.697270
923.2200,0.387596
923.2400,0.279425
923.2600,0.335695
923.2800,0.298354
923.3000,0.495488
923.3200,0.711790
923.3400,0.957734
923.3600,1.028994
923.3800,1.596360
923.4000,2.368952
923.4200,2.312142
923.4400,2.000229
923.4600,1.728543
923.4800,1.066507
923.5000,0.649029
923.5200,0.459775
923.5400,0.767570
923.5600,1.416393
923.5800,1.098368
923.6000,1.230023
923.6200,1.435158
923.6400,2.109605
923.6600,2.421217
923.6800,3.410137
923.7000,3.600000
923.7200,3.600000
923.7400,3.598953
923.7600,2.234262
923.7800,1.203224
923.8000,0.088598
923.8200,0.046931
923.8400,0.047923
923.8600,0.077018
923.8800,0.078456
923.9000,0.143872
923.9200,0.367393
923.9400,0.300904
923.9600,0.544943
923.9800,0.388733
924.0000,0.575613
924.0200,0.699884
924.0400,0.546571
924.0600,1.020237
924.0800,1.318842
924.1000,1.616131
924.1200,1.160570
924.1400,0.816836
924.1600,0.449236
924.1800,0.269069
924.2000,0.171826
924.2200,0.578503
924.2400,1.110621
924.2600,1.120787
924.2800,1.368685
924.3000,1.459271
924.3200,1.363337
924.3400,0.943269
924.3600,0.753861
924.3800,0.796205
924.4000,0.447805
924.4200,0.244657
924.4400,0.176151
924.4600,0.117079
924.4800,0.427210
924.5000,0.810935
924.5200,0.736552
924.5400,0.608769
924.5600,0.575696
924.5800,0.966135
924.6000,1.162489
924.6200,0.817688
924.6400,0.452630
924.6600,0.253113
924.6800,0.326912
924.7000,0.560543
924.7200,0.320488
924.7400,0.296219
924.7600,0.374942
924.7800,0.301112
924.8000,0.496391
924.8200,0.314655
924.8400,0.452483
924.8600,1.149589
924.8800,1.843528
924.9000,1.934235
924.9200,2.191066
924.9400,3.292456
924.9600,3.497442
924.9800,3.514904
925.0000,3.264104
925.0200,3.595187
925.0400,3.393959
925.0600,2.941376
925.0800,3.057778
925.1000,2.921512
925.1200,2.765279
925.1400,2.514563
925.1600,3.062515
925.1800,2.372771
925.2000,1.529507
925.2200,0.863312
925.2400,0.673187
925.2600,0.484446
925.2800,0.332568
925.3000,0.222967
925.3200,0.228176
925.3400,0.358341
925.3600,0.533377
925.3800,0.400512
925.4000,0.372522
925.4200,0.477325
925.4400,0.542543
925.4600,0.460760
925.4800,0.482089
925.5000,0.796740
925.5200,0.642188
925.5400,0.400735
925.5600,0.723954
925.5800,0.671029
925.6000,0.394291
925.6200,0.683861
925.6400,1.346894
925.6600,2.085053
925.6800,2.350247
925.7000,2.523412
925.7200,2.810927
925.7400,2.262504
925.7600,1.656922
925.7800,1.472086
925.8000,1.352179
925.8200,0.877279
925.8400,0.480680
925.8600,0.682687
925.8800,1.681766
925.9000,2.379117
925.9200,2.520260
925.9400,2.858097
925.9600,3.000195
925.9800,2.954119
926.0000,3.096611
926.0200,3.025504
926.0400,2.936986
926.0600,2.925308
926.0800,2.654810
926.1000,2.088798
926.1200,1.762413
926.1400,1.909663
926.1600,2.014667
926.1800,1.417647
926.2000,1.046856
926.2200,1.025293
926.2400,1.292750
926.2600,1.286262
926.2800,1.047692
926.3000,0.697270
926.3200,0.387596
926.3400,0.279425
926.3600,0.335695
926.3800,0.298354
926.4000,0.495488
926.4200,0.711790
926.4400,0.957734
926.4600,1.028994
926.4800,1.596360
926.5000,2.368952
926.5200,2.312142
926.5400,2.000229
926.5600,1.728543
926.5800,1.066507
926.6000,0.649029
926.6200,0.459775
926.6400,0.767570
926.6600,1.416393
926.6800,1.098368
926.7000,1.230023
926.7200,1.435158
926.7400,2.109605
926.7600,2.421217
926.7800,3.410137
926.8000,3.600000
926.8200,3.600000
926.8400,3.598953
926.8600,2.234262
926.8800,1.203224
926.9000,0.088598
926.9200,0.046931
926.9400,0.047923
926.9600,0.077018
926.9800,0.078456
927.0000,0.143872
927.0200,0.367393
927.0400,0.300904
927.0600,0.544943
927.0800,0.388733
927.1000,0.575613
927.1200,0.699884
927.1400,0.546571
927.1600,1.020237
927.1800,1.318842
927.2000,1.616131
927.2200,1.160570
927.2400,0.816836
927.2600,0.449236
927.2800,0.269069
927.3000,0.171826
927.3200,0.578503
927.3400,1.110621
927.3600,1.120787
927.3800,1.368685
927.4000,1.459271
927.4200,1.363337
927.4400,0.943269
927.4600,0.753861
927.4800,0.796205
927.5000,0.447805
927.5200,0.244657
927.5400,0.176151
927.5600,0.117079
927.5800,0.427210
927.6000,0.810935
927.6200,0.736552
927.6400,0.608769
927.6600,0.575696
927.6800,0.966135
927.7000,1.162489
927.7200,0.817688
927.7400,0.452630
927.7600,0.253113
927.7800,0.326912
927.8000,0.560543
927.8200,0.320488
927.8400,0.296219
927.8600,0.374942
927.8800,0.301112
927.9000,0.496391
927.9200,0.314655
927.9400,0.452483
927.9600,1.149589
927.9800,1.843528
928.0000,1.934235
928.0200,2.191066
928.0400,3.292456
928.0600,3.497442
928.0800,3.514904
928.1000,3.264104
928.1200,3.595187
928.1400,3.393959
928.1600,2.941376
928.1800,3.057778
928.2000,2.921512
928.2200,2.765279
928.2400,2.514563
928.2600,3.062515
928.2800,2.372771
928.3000,1.529507
928.3200,0.863312
928.3400,0.673187
928.3600,0.484446
928.3800,0.332568
928.4000,0.222967
928.4200,0.228176
928.4400,0.358341
928.4600,0.533377
928.4800,0.400512
928.5000,0.372522
928.5200,0.477325
928.5400,0.542543
928.5600,0.460760
928.5800,0.482089
928.6000,0.796740
928.6200,0.642188
928.6400,0.400735
928.6600,0.723954
928.6800,0.671029
928.7000,0.394291
928.7200,0.683861
928.7400,1.346894
928.7600,2.085053
928.7800,2.350247
928.8000,2.523412
928.8200,2.810927
928.8400,2.262504
928.8600,1.656922
928.8800,1.472086
928.9000,1.352179
928.9200,0.877279
928.9400,0.480680
928.9600,0.682687
928.9800,1.681766
929.0000,2.379117
929.0200,2.520260
929.0400,2.858097
929.0600,3.000195
929.0800,2.954119
929.1000,3.096611
929.1200,3.025504
929.1400,2.936986
929.1600,2.925308
929.1800,2.654810
929.2000,2.088798
929.2200,1.762413
929.2400,1.909663
929.2600,2.014667
929.2800,1.417647
929.3000,1.046856
929.3200,1.025293
929.3400,1.292750
929.3600,1.286262
929.3800,1.047692
929.4000,0.697270
929.4200,0.387596
929.4400,0.279425
929.4600,0.335695
929.4800,0.298354
929.5000,0.495488
929.5200,0.711790
929.5400,0.957734
929.5600,1.028994
929.5800,1.596360
929.6000,2.368952
929.6200,2.312142
929.6400,2.000229
929.6600,1.728543
929.6800,1.066507
929.7000,0.649029
929.7200,0.459775
929.7400,0.767570
929.7600,1.416393
929.7800,1.098368
929.8000,1.230023
929.8200,1.435158
929.8400,2.109605
929.8600,2.421217
929.8800,3.410137
929.9000,3.600000
929.9200,3.600000
929.9400,3.598953
929.9600,2.234262
929.9800,1.203224
930.0000,0.088598
930.0200,0.046931
930.0400,0.047923
930.0600,0.077018
930.0800,0.078456
930.1000,0.143872
930.1200,0.367393
930.1400,0.300904
930.1600,0.544943
930.1800,0.388733
930.2000,0.575613
930.2200,0.699884
930.2400,0.546571
930.2600,1.020237
930.2800,1.318842
930.3000,1.616131
930.3200,1.160570
930.3400,0.816836
930.3600,0.449236
930.3800,0.269069
930.4000,0.171826
930.4200,0.578503
930.4400,1.110621
930.4600,1.120787
930.4800,1.368685
930.5000,1.459271
930.5200,1.363337
930.5400,0.943269
930.5600,0.753861
930.5800,0.796205
930.6000,0.447805
930.6200,0.244657
930.6400,0.176151
930.6600,0.117079
930.6800,0.427210
930.7000,0.810935
930.7200,0.736552
930.7400,0.608769
930.7600,0.575696
930.7800,0.966135
930.8000,1.162489
930.8200,0.817688
930.8400,0.452630
930.8600,0.253113
930.8800,0.326912
930.9000,0.560543
930.9200,0.320488
930.9400,0.296219
930.9600,0.374942
930.9800,0.301112
931.0000,0.496391
931.0200,0.314655
931.0400,0.452483
931.0600,1.149589
931.0800,1.843528
931.1000,1.934235
931.1200,2.191066
931.1400,3.292456
931.1600,3.497442
931.1800,3.514904
931.2000,3.264104
931.2200,3.595187
931.2400,3.393959
931.2600,2.941376
931.2800,3.057778
931.3000,2.921512
931.3200,2.765279
931.3400,2.514563
931.3600,3.062515
931.3800,2.372771
931.4000,1.529507
931.4200,0.863312
931.4400,0.673187
931.4600,0.484446
931.4800,0.332568
931.5000,0.222967
931.5200,0.228176
931.5400,0.358341
931.5600,0.533377
931.5800,0.400512
931.6000,0.372522
931.6200,0.477325
931.6400,0.542543
931.6600,0.460760
931.6800,0.482089
931.7000,0.796740
931.7200,0.642188
931.7400,0.400735
931.7600,0.723954
931.7800,0.671029
931.8000,0.394291
931.8200,0.683861
931.8400,1.346894
931.8600,2.085053
931.8800,2.350247
931.9000,2.523412
931.9200,2.810927
931.9400,2.262504
931.9600,1.656922
931.9800,1.472086
932.0000,1.352179
932.0200,0.877279
932.0400,0.480680
932.0600,0.682687
932.0800,1.681766
932.1000,2.379117
932.1200,2.520260
932.1400,2.858097
932.1600,3.000195
932.1800,2.954119
932.2000,3.096611
932.2200,3.025504
932.2400,2.936986
932.2600,2.925308
932.2800,2.654810
932.3000,2.088798
932.3200,1.762413
932.3400,1.909663
932.3600,2.014667
932.3800,1.417647
932.4000,1.046856
932.4200,1.025293
932.4400,1.292750
932.4600,1.286262
932.4800,1.047692
932.5000,0.697270
932.5200,0.387596
932.5400,0.279425
932.5600,0.335695
932.5800,0.298354
932.6000,0.495488
932.6200,0.711790
932.6400,0.957734
932.6600,1.028994
932.6800,1.596360
932.7000,2.368952
932.7200,2.312142
932.7400,2.000229
932.7600,1.728543
932.7800,1.066507
932.8000,0.649029
932.8200,0.459775
932.8400,0.767570
932.8600,1.416393
932.8800,1.098368
932.9000,1.230023
932.9200,1.435158
932.9400,2.109605
932.9600,2.421217
932.9800,3.410137
933.0000,3.600000
933.0200,3.600000
933.0400,3.598953
933.0600,2.234262
933.0800,1.203224
933.1000,0.088598
933.1200,0.046931
933.1400,0.047923
933.1600,0.077018
933.1800,0.078456
933.2000,0.143872
933.2200,0.367393
933.2400,0.300904
933.2600,0.544943
933.2800,0.388733
933.3000,0.575613
933.3200,0.699884
933.3400,0.546571
933.3600,1.020237
933.3800,1.318842
933.4000,1.616131
933.4200,1.160570
933.4400,0.816836
933.4600,0.449236
933.4800,0.269069
933.5000,0.171826
933.5200,0.578503
933.5400,1.110621
933.5600,1.120787
933.5800,1.368685
933.6000,1.459271
933.6200,1.363337
933.6400,0.943269
933.6600,0.753861
933.6800,0.796205
933.7000,0.447805
933.7200,0.244657
933.7400,0.176151
933.7600,0.117079
933.7800,0.427210
933.8000,0.810935
933.8200,0.736552
933.8400,0.608769
933.8600,0.575696
933.8800,0.966135
933.9000,1.162489
933.9200,0.817688
933.9400,0.452630
933.9600,0.253113
933.9800,0.326912
934.0000,0.560543
934.0200,0.320488
934.0400,0.296219
934.0600,0.374942
934.0800,0.301112
934.1000,0.496391
934.1200,0.314655
934.1400,0.452483
934.1600,1.149589
934.1800,1.843528
934.2000,1.934235
934.2200,2.191066
934.2400,3.292456
934.2600,3.497442
934.2800,3.514904
934.3000,3.264104
934.3200,3.595187
934.3400,3.393959
934.3600,2.941376
934.3800,3.057778
934.4000,2.921512
934.4200,2.765279
934.4400,2.514563
934.4600,3.062515
934.4800,2.372771
934.5000,1.529507
934.5200,0.863312
934.5400,0.673187
934.5600,0.484446
934.5800,0.332568
934.6000,0.222967
934.6200,0.228176
934.6400,0.358341
934.6600,0.533377
934.6800,0.400512
934.7000,0.372522
934.7200,0.477325
934.7400,0.542543
934.7600,0.460760
934.7800,0.482089
934.8000,0.796740
934.8200,0.642188
934.8400,0.400735
934.8600,0.723954
934.8800,0.671029
934.9000,0.394291
934.9200,0.683861
934.9400,1.346894
934.9600,2.085053
934.9800,2.350247
935.0000,2.523412
935.0200,2.810927
935.0400,2.262504
935.0600,1.656922
935.0800,1.472086
935.1000,1.352179
935.1200,0.877279
935.1400,0.480680
935.1600,0.682687
935.1800,1.681766
935.2000,2.379117
935.2200,2.520260
935.2400,2.858097
935.2600,3.000195
935.2800,2.954119
935.3000,3.096611
935.3200,3.025504
935.3400,2.936986
935.3600,2.925308
935.3800,2.654810
935.4000,2.088798
935.4200,1.762413
935.4400,1.909663
935.4600,2.014667
935.4800,1.417647
935.5000,1.046856
935.5200,1.025293
935.5400,1.292750
935.5600,1.286262
935.5800,1.047692
935.6000,0.697270
935.6200,0.387596
935.6400,0.279425
935.6600,0.335695
935.6800,0.298354
935.7000,0.495488
935.7200,0.711790
935.7400,0.957734
935.7600,1.028994
935.7800,1.596360
935.8000,2.368952
935.8200,2.312142
935.8400,2.000229
935.8600,1.728543
935.8800,1.066507
935.9000,0.649029
935.9200,0.459775
935.9400,0.767570
935.9600,1.416393
935.9800,1.098368
936.0000,1.230023
936.0200,1.435158
936.0400,2.109605
936.0600,2.421217
936.0800,3.410137
936.1000,3.600000
936.1200,3.600000
936.1400,3.598953
936.1600,2.234262
936.1800,1.203224
936.2000,0.088598
936.2200,0.046931
936.2400,0.047923
936.2600,0.077018
936.2800,0.078456
936.3000,0.143872
936.3200,0.367393
936.3400,0.300904
936.3600,0.544943
936.3800,0.388733
936.4000,0.575613
936.4200,0.699884
936.4400,0.546571
936.4600,1.020237
936.4800,1.318842
936.5000,1.616131
936.5200,1.160570
936.5400,0.816836
936.5600,0.449236
936.5800,0.269069
936.6000,0.171826
936.6200,0.578503
936.6400,1.110621
936.6600,1.120787
936.6800,1.368685
936.7000,1.459271
936.7200,1.363337
936.7400,0.943269
936.7600,0.753861
936.7800,0.796205
936.8000,0.447805
936.8200,0.244657
936.8400,0.176151
936.8600,0.117079
936.8800,0.427210
936.9000,0.810935
936.9200,0.736552
936.9400,0.608769
936.9600,0.575696
936.9800,0.966135
937.0000,1.162489
937.0200,0.817688
937.0400,0.452630
937.0600,0.253113
937.0800,0.326912
937.1000,0.560543
937.1200,0.320488
937.1400,0.296219
937.1600,0.374942
937.1800,0.301112
937.2000,0.496391
937.2200,0.314655
937.2400,0.452483
937.2600,1.149589
937.2800,1.843528
937.3000,1.934235
937.3200,2.191066
937.3400,3.292456
937.3600,3.497442
937.3800,3.514904
937.4000,3.264104
937.4200,3.595187
937.4400,3.393959
937.4600,2.941376
937.4800,3.057778
937.5000,2.921512
937.5200,2.765279
937.5400,2.514563
937.5600,3.062515
937.5800,2.372771
937.6000,1.529507
937.6200,0.863312
937.6400,0.673187
937.6600,0.484446
937.6800,0.332568
937.7000,0.222967
937.7200,0.228176
937.7400,0.358341
937.7600,0.533377
937.7800,0.400512
937.8000,0.372522
937.8200,0.477325
937.8400,0.542543
937.8600,0.460760
937.8800,0.482089
937.9000,0.796740
937.9200,0.642188
937.9400,0.400735
937.9600,0.723954
937.9800,0.671029
938.0000,0.394291
938.0200,0.683861
938.0400,1.346894
938.0600,2.085053
938.0800,2.350247
938.1000,2.523412
938.1200,2.810927
938.1400,2.262504
938.1600,1.656922
938.1800,1.472086
938.2000,1.352179
938.2200,0.877279
938.2400,0.480680
938.2600,0.682687
938.2800,1.681766
938.3000,2.379117
938.3200,2.520260
938.3400,2.858097
938.3600,3.000195
938.3800,2.954119
938.4000,3.096611
938.4200,3.025504
938.4400,2.936986
938.4600,2.925308
938.4800,2.654810
938.5000,2.088798
938.5200,1.762413
938.5400,1.909663
938.5600,2.014667
938.5800,1.417647
938.6000,1.046856
938.6200,1.025293
938.6400,1.292750
938.6600,1.286262
938.6800,1.047692
938.7000,0.697270
938.7200,0.387596
938.7400,0.279425
938.7600,0.335695
938.7800,0.298354
938.8000,0.495488
938.8200,0.711790
938.8400,0.957734
938.8600,1.028994
938.8800,1.596360
938.9000,2.368952
938.9200,2.312142
938.9400,2.000229
938.9600,1.728543
938.9800,1.066507
939.0000,0.649029
939.0200,0.459775
939.0400,0.767570
939.0600,1.416393
939.0800,1.098368
939.1000,1.230023
939.1200,1.435158
939.1400,2.109605
939.1600,2.421217
939.1800,3.410137
939.2000,3.600000
939.2200,3.600000
939.2400,3.598953
939.2600,2.234262
939.2800,1.203224
939.3000,0.088598
939.3200,0.046931
939.3400,0.047923
939.3600,0.077018
939.3800,0.078456
939.4000,0.143872
939.4200,0.367393
939.4400,0.300904
939.4600,0.544943
939.4800,0.388733
939.5000,0.575613
939.5200,0.699884
939.5400,0.546571
939.5600,1.020237
939.5800,1.318842
939.6000,1.616131
939.6200,1.160570
939.6400,0.816836
939.6600,0.449236
939.6800,0.269069
939.7000,0.171826
939.7200,0.578503
939.7400,1.110621
939.7600,1.120787
939.7800,1.368685
939.8000,1.459271
939.8200,1.363337
939.8400,0.943269
939.8600,0.753861
939.8800,0.796205
939.9000,0.447805
939.9200,0.244657
939.9400,0.176151
939.9600,0.117079
939.9800,0.427210
940.0000,0.810935
940.0200,0.736552
940.0400,0.608769
940.0600,0.575696
940.0800,0.966135
940.1000,1.162489
940.1200,0.817688
940.1400,0.452630
940.1600,0.253113
940.1800,0.326912
940.2000,0.560543
940.2200,0.320488
940.2400,0.296219
940.2600,0.374942
940.2800,0.301112
940.3000,0.496391
940.3200,0.314655
940.3400,0.452483
940.3600,1.149589
940.3800,1.843528
940.4000,1.934235
940.4200,2.191066
940.4400,3.292456
940.4600,3.497442
940.4800,3.514904
940.5000,3.264104
940.5200,3.595187
940.5400,3.393959
940.5600,2.941376
940.5800,3.057778
940.6000,2.921512
940.6200,2.765279
940.6400,2.514563
940.6600,3.062515
940.6800,2.372771
940.7000,1.529507
940.7200,0.863312
940.7400,0.673187
940.7600,0.484446
940.7800,0.332568
940.8000,0.222967
940.8200,0.228176
940.8400,0.358341
940.8600,0.533377
940.8800,0.400512
940.9000,0.372522
940.9200,0.477325
940.9400,0.542543
940.9600,0.460760
940.9800,0.482089
941.0000,0.796740
941.0200,0.642188
941.0400,0.400735
941.0600,0.723954
941.0800,0.671029
941.1000,0.394291
941.1200,0.683861
941.1400,1.346894
941.1600,2.085053
941.1800,2.350247
941.2000,2.523412
941.2200,2.810927
941.2400,2.262504
941.2600,1.656922
941.2800,1.472086
941.3000,1.352179
941.3200,0.877279
941.3400,0.480680
941.3600,0.682687
941.3800,1.681766
941.4000,2.379117
941.4200,2.520260
941.4400,2.858097
941.4600,3.000195
941.4800,2.954119
941.5000,3.096611
941.5200,3.025504
941.5400,2.936986
941.5600,2.925308
941.5800,2.654810
941.6000,2.088798
941.6200,1.762413
941.6400,1.909663
941.6600,2.014667
941.6800,1.417647
941.7000,1.046856
941.7200,1.025293
941.7400,1.292750
941.7600,1.286262
941.7800,1.047692
941.8000,0.697270
941.8200,0.387596
941.8400,0.279425
941.8600,0.335695
941.8800,0.298354
941.9000,0.495488
941.9200,0.711790
941.9400,0.957734
941.9600,1.028994
941.9800,1.596360
942.0000,2.368952
942.0200,2.312142
942.0400,2.000229
942.0600,1.728543
942.0800,1.066507
942.1000,0.649029
942.1200,0.459775
942.1400,0.767570
942.1600,1.416393
942.1800,1.098368
942.2000,1.230023
942.2200,1.435158
942.2400,2.109605
942.2600,2.421217
942.2800,3.410137
942.3000,3.600000
942.3200,3.600000
942.3400,3.598953
942.3600,2.234262
942.3800,1.203224
942.4000,0.088598
942.4200,0.046931
942.4400,0.047923
942.4600,0.077018
942.4800,0.078456
942.5000,0.143872
942.5200,0.367393
942.5400,0.300904
942.5600,0.544943
942.5800,0.388733
942.6000,0.575613
942.6200,0.699884
942.6400,0.546571
942.6600,1.020237
942.6800,1.318842
942.7000,1.616131
942.7200,1.160570
942.7400,0.816836
942.7600,0.449236
942.7800,0.269069
942.8000,0.171826
942.8200,0.578503
942.8400,1.110621
942.8600,1.120787
942.8800,1.368685
942.9000,1.459271
942.9200,1.363337
942.9400,0.943269
942.9600,0.753861
942.9800,0.796205
943.0000,0.447805
943.0200,0.244657
943.0400,0.176151
943.0600,0.117079
943.0800,0.427210
943.1000,0.810935
943.1200,0.736552
943.1400,0.608769
943.1600,0.575696
943.1800,0.966135
943.2000,1.162489
943.2200,0.817688
943.2400,0.452630
943.2600,0.253113
943.2800,0.326912
943.3000,0.560543
943.3200,0.320488
943.3400,0.296219
943.3600,0.374942
943.3800,0.301112
943.4000,0.496391
943.4200,0.314655
943.4400,0.452483
943.4600,1.149589
943.4800,1.843528
943.5000,1.934235
943.5200,2.191066
943.5400,3.292456
943.5600,3.497442
943.5800,3.514904
943.6000,3.264104
943.6200,3.595187
943.6400,3.393959
943.6600,2.941376
943.6800,3.057778
943.7000,2.921512
943.7200,2.765279
943.7400,2.514563
943.7600,3.062515
943.7800,2.372771
943.8000,1.529507
943.8200,0.863312
943.8400,0.673187
943.8600,0.484446
943.8800,0.332568
943.9000,0.222967
943.9200,0.228176
943.9400,0.358341
943.9600,0.533377
943.9800,0.400512
944.0000,0.372522
944.0200,0.477325
944.0400,0.542543
944.0600,0.460760
944.0800,0.482089
944.1000,0.796740
944.1200,0.642188
944.1400,0.400735
944.1600,0.723954
944.1800,0.671029
944.2000,0.394291
944.2200,0.683861
944.2400,1.346894
944.2600,2.085053
944.2800,2.350247
944.3000,2.523412
944.3200,2.810927
944.3400,2.262504
944.3600,1.656922
944.3800,1.472086
944.4000,1.352179
944.4200,0.877279
944.4400,0.480680
944.4600,0.682687
944.4800,1.681766
944.5000,2.379117
944.5200,2.520260
944.5400,2.858097
944.5600,3.000195
944.5800,2.954119
944.6000,3.096611
944.6200,3.025504
944.6400,2.936986
944.6600,2.925308
944.6800,2.654810
944.7000,2.088798
944.7200,1.762413
944.7400,1.909663
944.7600,2.014667
944.7800,1.417647
944.8000,1.046856
944.8200,1.025293
944.8400,1.292750
944.8600,1.286262
944.8800,1.047692
944.9000,0.697270
944.9200,0.387596
944.9400,0.279425
944.9600,0.335695
944.9800,0.298354
945.0000,0.495488
945.0200,0.711790
945.0400,0.957734
945.0600,1.028994
945.0800,1.596360
945.1000,2.368952
945.1200,2.312142
945.1400,2.000229
945.1600,1.728543
945.1800,1.066507
945.2000,0.649029
945.2200,0.459775
945.2400,0.767570
945.2600,1.416393
945.2800,1.098368
945.3000,1.230023
945.3200,1.435158
945.3400,2.109605
945.3600,2.421217
945.3800,3.410137
945.4000,3.600000
945.4200,3.600000
945.4400,3.598953
945.4600,2.234262
945.4800,1.203224
945.5000,0.088598
945.5200,0.046931
945.5400,0.047923
945.5600,0.077018
945.5800,0.078456
945.6000,0.143872
945.6200,0.367393
945.6400,0.300904
945.6600,0.544943
945.6800,0.388733
945.7000,0.575613
945.7200,0.699884
945.7400,0.546571
945.7600,1.020237
945.7800,1.318842
945.8000,1.616131
945.8200,1.160570
945.8400,0.816836
945.8600,0.449236
945.8800,0.269069
945.9000,0.171826
945.9200,0.578503
945.9400,1.110621
945.9600,1.120787
945.9800,1.368685
946.0000,1.459271
946.0200,1.363337
946.0400,0.943269
946.0600,0.753861
946.0800,0.796205
946.1000,0.447805
946.1200,0.244657
946.1400,0.176151
946.1600,0.117079
946.1800,0.427210
946.2000,0.810935
946.2200,0.736552
946.2400,0.608769
946.2600,0.575696
946.2800,0.966135
946.3000,1.162489
946.3200,0.817688
946.3400,0.452630
946.3600,0.253113
946.3800,0.326912
946.4000,0.560543
946.4200,0.320488
946.4400,0.296219
946.4600,0.374942
946.4800,0.301112
946.5000,0.496391
946.5200,0.314655
946.5400,0.452483
946.5600,1.149589
946.5800,1.843528
946.6000,1.934235
946.6200,2.191066
946.6400,3.292456
946.6600,3.497442
946.6800,3.514904
946.7000,3.264104
946.7200,3.595187
946.7400,3.393959
946.7600,2.941376
946.7800,3.057778
946.8000,2.921512
946.8200,2.765279
946.8400,2.514563
946.8600,3.062515
946.8800,2.372771
946.9000,1.529507
946.9200,0.863312
946.9400,0.673187
946.9600,0.484446
946.9800,0.332568
947.0000,0.222967
947.0200,0.228176
947.0400,0.358341
947.0600,0.533377
947.0800,0.400512
947.1000,0.372522
947.1200,0.477325
947.1400,0.542543
947.1600,0.460760
947.1800,0.482089
947.2000,0.796740
947.2200,0.642188
947.2400,0.400735
947.2600,0.723954
947.2800,0.671029
947.3000,0.394291
947.3200,0.683861
947.3400,1.346894
947.3600,2.085053
947.3800,2.350247
947.4000,2.523412
947.4200,2.810927
947.4400,2.262504
947.4600,1.656922
947.4800,1.472086
947.5000,1.352179
947.5200,0.877279
947.5400,0.480680
947.5600,0.682687
947.5800,1.681766
947.6000,2.379117
947.6200,2.520260
947.6400,2.858097
947.6600,3.000195
947.6800,2.954119
947.7000,3.096611
947.7200,3.025504
947.7400,2.936986
947.7600,2.925308
947.7800,2.654810
947.8000,2.088798
947.8200,1.762413
947.8400,1.909663
947.8600,2.014667
947.8800,1.417647
947.9000,1.046856
947.9200,1.025293
947.9400,1.292750
947.9600,1.286262
947.9800,1.047692
948.0000,0.697270
948.0200,0.387596
948.0400,0.279425
948.0600,0.335695
948.0800,0.298354
948.1000,0.495488
948.1200,0.711790
948.1400,0.957734
948.1600,1.028994
948.1800,1.596360
948.2000,2.368952
948.2200,2.312142
948.2400,2.000229
948.2600,1.728543
948.2800,1.066507
948.3000,0.649029
948.3200,0.459775
948.3400,0.767570
948.3600,1.416393
948.3800,1.098368
948.4000,1.230023
948.4200,1.435158
948.4400,2.109605
948.4600,2.421217
948.4800,3.410137
948.5000,3.600000
948.5200,3.600000
948.5400,3.598953
948.5600,2.234262
948.5800,1.203224
948.6000,0.088598
948.6200,0.046931
948.6400,0.047923
948.6600,0.077018
948.6800,0.078456
948.7000,0.143872
948.7200,0.367393
948.7400,0.300904
948.7600,0.544943
948.7800,0.388733
948.8000,0.575613
948.8200,0.699884
948.8400,0.546571
948.8600,1.020237
948.8800,1.318842
948.9000,1.616131
948.9200,1.160570
948.9400,0.816836
948.9600,0.449236
948.9800,0.269069
949.0000,0.171826
949.0200,0.578503
949.0400,1.110621
949.0600,1.120787
949.0800,1.368685
949.1000,1.459271
949.1200,1.363337
949.1400,0.943269
949.1600,0.753861
949.1800,0.796205
949.2000,0.447805
949.2200,0.244657
949.2400,0.176151
949.2600,0.117079
949.2800,0.427210
949.3000,0.810935
949.3200,0.736552
949.3400,0.608769
949.3600,0.575696
949.3800,0.966135
949.4000,1.162489
949.4200,0.817688
949.4400,0.452630
949.4600,0.253113
949.4800,0.326912
949.5000,0.560543
949.5200,0.320488
949.5400,0.296219
949.5600,0.374942
949.5800,0.301112
949.6000,0.496391
949.6200,0.314655
949.6400,0.452483
949.6600,1.149589
949.6800,1.843528
949.7000,1.934235
949.7200,2.191066
949.7400,3.292456
949.7600,3.497442
949.7800,3.514904
949.8000,3.264104
949.8200,3.595187
949.8400,3.393959
949.8600,2.941376
949.8800,3.057778
949.9000,2.921512
949.9200,2.765279
949.9400,2.514563
949.9600,3.062515
949.9800,2.372771
950.0000,1.529507
950.0200,0.863312
950.0400,0.673187
950.0600,0.484446
950.0800,0.332568
950.1000,0.222967
950.1200,0.228176
950.1400,0.358341
950.1600,0.533377
950.1800,0.400512
950.2000,0.372522
950.2200,0.477325
950.2400,0.542543
950.2600,0.460760
950.2800,0.482089
950.3000,0.796740
950.3200,0.642188
950.3400,0.400735
950.3600,0.723954
950.3800,0.671029
950.4000,0.394291
950.4200,0.683861
950.4400,1.346894
950.4600,2.085053
950.4800,2.350247
950.5000,2.523412
950.5200,2.810927
950.5400,2.262504
950.5600,1.656922
950.5800,1.472086
950.6000,1.352179
950.6200,0.877279
950.6400,0.480680
950.6600,0.682687
950.6800,1.681766
950.7000,2.379117
950.7200,2.520260
950.7400,2.858097
950.7600,3.000195
950.7800,2.954119
950.8000,3.096611
950.8200,3.025504
950.8400,2.936986
950.8600,2.925308
950.8800,2.654810
950.9000,2.088798
950.9200,1.762413
950.9400,1.909663
950.9600,2.014667
950.9800,1.417647
951.0000,1.046856
951.0200,1.025293
951.0400,1.292750
951.0600,1.286262
951.0800,1.047692
951.1000,0.697270
951.1200,0.387596
951.1400,0.279425
951.1600,0.335695
951.1800,0.298354
951.2000,0.495488
951.2200,0.711790
951.2400,0.957734
951.2600,1.028994
951.2800,1.596360
951.3000,2.368952
951.3200,2.312142
951.3400,2.000229
951.3600,1.728543
951.3800,1.066507
951.4000,0.649029
951.4200,0.459775
951.4400,0.767570
951.4600,1.416393
951.4800,1.098368
951.5000,1.230023
951.5200,1.435158
951.5400,2.109605
951.5600,2.421217
951.5800,3.410137
951.6000,3.600000
951.6200,3.600000
951.6400,3.598953
951.6600,2.234262
951.6800,1.203224
951.7000,0.088598
951.7200,0.046931
951.7400,0.047923
951.7600,0.077018
951.7800,0.078456
951.8000,0.143872
951.8200,0.367393
951.8400,0.300904
951.8600,0.544943
951.8800,0.388733
951.9000,0.575613
951.9200,0.699884
951.9400,0.546571
951.9600,1.020237
951.9800,1.318842
952.0000,1.616131
952.0200,1.160570
952.0400,0.816836
952.0600,0.449236
952.0800,0.269069
952.1000,0.171826
952.1200,0.578503
952.1400,1.110621
952.1600,1.120787
952.1800,1.368685
952.2000,1.459271
952.2200,1.363337
952.2400,0.943269
952.2600,0.753861
952.2800,0.796205
952.3000,0.447805
952.3200,0.244657
952.3400,0.176151
952.3600,0.117079
952.3800,0.427210
952.4000,0.810935
952.4200,0.736552
952.4400,0.608769
952.4600,0.575696
952.4800,0.966135
952.5000,1.162489
952.5200,0.817688
952.5400,0.452630
952.5600,0.253113
952.5800,0.326912
952.6000,0.560543
952.6200,0.320488
952.6400,0.296219
952.6600,0.374942
952.6800,0.301112
952.7000,0.496391
952.7200,0.314655
952.7400,0.452483
952.7600,1.149589
952.7800,1.843528
952.8000,1.934235
952.8200,2.191066
952.8400,3.292456
952.8600,3.497442
952.8800,3.514904
952.9000,3.264104
952.9200,3.595187
952.9400,3.393959
952.9600,2.941376
952.9800,3.057778
953.0000,2.921512
953.0200,2.765279
953.0400,2.514563
953.0600,3.062515
953.0800,2.372771
953.1000,1.529507
953.1200,0.863312
953.1400,0.673187
953.1600,0.484446
953.1800,0.332568
953.2000,0.222967
953.2200,0.228176
953.2400,0.358341
953.2600,0.533377
953.2800,0.400512
953.3000,0.372522
953.3200,0.477325
953.3400,0.542543
953.3600,0.460760
953.3800,0.482089
953.4000,0.796740
953.4200,0.642188
953.4400,0.400735
953.4600,0.723954
953.4800,0.671029
953.5000,0.394291
953.5200,0.683861
953.5400,1.346894
953.5600,2.085053
953.5800,2.350247
953.6000,2.523412
953.6200,2.810927
953.6400,2.262504
953.6600,1.656922
953.6800,1.472086
953.7000,1.352179
953.7200,0.877279
953.7400,0.480680
953.7600,0.682687
953.7800,1.681766
953.8000,2.379117
953.8200,2.520260
953.8400,2.858097
953.8600,3.000195
953.8800,2.954119
953.9000,3.096611
953.9200,3.025504
953.9400,2.936986
953.9600,2.925308
953.9800,2.654810
954.0000,2.088798
954.0200,1.762413
954.0400,1.909663
954.0600,2.014667
954.0800,1.417647
954.1000,1.046856
954.1200,1.025293
954.1400,1.292750
954.1600,1.286262
954.1800,1.047692
954.2000,0.697270
954.2200,0.387596
954.2400,0.279425
954.2600,0.335695
954.2800,0.298354
954.3000,0.495488
954.3200,0.711790
954.3400,0.957734
954.3600,1.028994
954.3800,1.596360
954.4000,2.368952
954.4200,2.312142
954.4400,2.000229
954.4600,1.728543
954.4800,1.066507
954.5000,0.649029
954.5200,0.459775
954.5400,0.767570
954.5600,1.416393
954.5800,1.098368
954.6000,1.230023
954.6200,1.435158
954.6400,2.109605
954.6600,2.421217
954.6800,3.410137
954.7000,3.600000
954.7200,3.600000
954.7400,3.598953
954.7600,2.234262
954.7800,1.203224
954.8000,0.088598
954.8200,0.046931
954.8400,0.047923
954.8600,0.077018
954.8800,0.078456
954.9000,0.143872
954.9200,0.367393
954.9400,0.300904
954.9600,0.544943
954.9800,0.388733
955.0000,0.575613
955.0200,0.699884
955.0400,0.546571
955.0600,1.020237
955.0800,1.318842
955.1000,1.616131
955.1200,1.160570
955.1400,0.816836
955.1600,0.449236
955.1800,0.269069
955.2000,0.171826
955.2200,0.578503
955.2400,1.110621
955.2600,1.120787
955.2800,1.368685
955.3000,1.459271
955.3200,1.363337
955.3400,0.943269
955.3600,0.753861
955.3800,0.796205
955.4000,0.447805
955.4200,0.244657
955.4400,0.176151
955.4600,0.117079
955.4800,0.427210
955.5000,0.810935
955.5200,0.736552
955.5400,0.608769
955.5600,0.575696
955.5800,0.966135
955.6000,1.162489
955.6200,0.817688
955.6400,0.452630
955.6600,0.253113
955.6800,0.326912
955.7000,0.560543
955.7200,0.320488
955.7400,0.296219
955.7600,0.374942
955.7800,0.301112
955.8000,0.496391
955.8200,0.314655
955.8400,0.452483
955.8600,1.149589
955.8800,1.843528
955.9000,1.934235
955.9200,2.191066
955.9400,3.292456
955.9600,3.497442
955.9800,3.514904
956.0000,3.264104
956.0200,3.595187
956.0400,3.393959
956.0600,2.941376
956.0800,3.057778
956.1000,2.921512
956.1200,2.765279
956.1400,2.514563
956.1600,3.062515
956.1800,2.372771
956.2000,1.529507
956.2200,0.863312
956.2400,0.673187
956.2600,0.484446
956.2800,0.332568
956.3000,0.222967
956.3200,0.228176
956.3400,0.358341
956.3600,0.533377
956.3800,0.400512
956.4000,0.372522
956.4200,0.477325
956.4400,0.542543
956.4600,0.460760
956.4800,0.482089
956.5000,0.796740
956.5200,0.642188
956.5400,0.400735
956.5600,0.723954
956.5800,0.671029
956.6000,0.394291
956.6200,0.683861
956.6400,1.346894
956.6600,2.085053
956.6800,2.350247
956.7000,2.523412
956.7200,2.810927
956.7400,2.262504
956.7600,1.656922
956.7800,1.472086
956.8000,1.352179
956.8200,0.877279
956.8400,0.480680
956.8600,0.682687
956.8800,1.681766
956.9000,2.379117
956.9200,2.520260
956.9400,2.858097
956.9600,3.000195
956.9800,2.954119
957.0000,3.096611
957.0200,3.025504
957.0400,2.936986
957.0600,2.925308
957.0800,2.654810
957.1000,2.088798
957.1200,1.762413
957.1400,1.909663
957.1600,2.014667
957.1800,1.417647
957.2000,1.046856
957.2200,1.025293
957.2400,1.292750
957.2600,1.286262
957.2800,1.047692
957.3000,0.697270
957.3200,0.387596
957.3400,0.279425
957.3600,0.335695
957.3800,0.298354
957.4000,0.495488
957.4200,0.711790
957.4400,0.957734
957.4600,1.028994
957.4800,1.596360
957.5000,2.368952
957.5200,2.312142
957.5400,2.000229
957.5600,1.728543
957.5800,1.066507
957.6000,0.649029
957.6200,0.459775
957.6400,0.767570
957.6600,1.416393
957.6800,1.098368
957.7000,1.230023
957.7200,1.435158
957.7400,2.109605
957.7600,2.421217
957.7800,3.410137
957.8000,3.600000
957.8200,3.600000
957.8400,3.598953
957.8600,2.234262
957.8800,1.203224
957.9000,0.088598
957.9200,0.046931
957.9400,0.047923
957.9600,0.077018
957.9800,0.078456
958.0000,0.143872
958.0200,0.367393
958.0400,0.300904
958.0600,0.544943
958.0800,0.388733
958.1000,0.575613
958.1200,0.699884
958.1400,0.546571
958.1600,1.020237
958.1800,1.318842
958.2000,1.616131
958.2200,1.160570
958.2400,0.816836
958.2600,0.449236
958.2800,0.269069
958.3000,0.171826
958.3200,0.578503
958.3400,1.110621
958.3600,1.120787
958.3800,1.368685
958.4000,1.459271
958.4200,1.363337
958.4400,0.943269
958.4600,0.753861
958.4800,0.796205
958.5000,0.447805
958.5200,0.244657
958.5400,0.176151
958.5600,0.117079
958.5800,0.427210
958.6000,0.810935
958.6200,0.736552
958.6400,0.608769
958.6600,0.575696
958.6800,0.966135
958.7000,1.162489
958.7200,0.817688
958.7400,0.452630
958.7600,0.253113
958.7800,0.326912
958.8000,0.560543
958.8200,0.320488
958.8400,0.296219
958.8600,0.374942
958.8800,0.301112
958.9000,0.496391
958.9200,0.314655
958.9400,0.452483
958.9600,1.149589
958.9800,1.843528
959.0000,1.934235
959.0200,2.191066
959.0400,3.292456
959.0600,3.497442
959.0800,3.514904
959.1000,3.264104
959.1200,3.595187
959.1400,3.393959
959.1600,2.941376
959.1800,3.057778
959.2000,2.921512
959.2200,2.765279
959.2400,2.514563
959.2600,3.062515
959.2800,2.372771
959.3000,1.529507
959.3200,0.863312
959.3400,0.673187
959.3600,0.484446
959.3800,0.332568
959.4000,0.222967
959.4200,0.228176
959.4400,0.358341
959.4600,0.533377
959.4800,0.400512
959.5000,0.372522
959.5200,0.477325
959.5400,0.542543
959.5600,0.460760
959.5800,0.482089
959.6000,0.796740
959.6200,0.642188
959.6400,0.400735
959.6600,0.723954
959.6800,0.671029
959.7000,0.394291
959.7200,0.683861
959.7400,1.346894
959.7600,2.085053
959.7800,2.350247
959.8000,2.523412
959.8200,2.810927
959.8400,2.262504
959.8600,1.656922
959.8800,1.472086
959.9000,1.352179
959.9200,0.877279
959.9400,0.480680
959.9600,0.682687
959.9800,1.681766
960.0000,2.379117
960.0200,2.520260
960.0400,2.858097
960.0600,3.000195
960.0800,2.954119
960.1000,3.096611
960.1200,3.025504
960.1400,2.936986
960.1600,2.925308
960.1800,2.654810
960.2000,2.088798
960.2200,1.762413
960.2400,1.909663
960.2600,2.014667
960.2800,1.417647
960.3000,1.046856
960.3200,1.025293
960.3400,1.292750
960.3600,1.286262
960.3800,1.047692
960.4000,0.697270
960.4200,0.387596
960.4400,0.279425
960.4600,0.335695
960.4800,0.298354
960.5000,0.495488
960.5200,0.711790
960.5400,0.957734
960.5600,1.028994
960.5800,1.596360
960.6000,2.368952
960.6200,2.312142
960.6400,2.000229
960.6600,1.728543
960.6800,1.066507
960.7000,0.649029
960.7200,0.459775
960.7400,0.767570
960.7600,1.416393
960.7800,1.098368
960.8000,1.230023
960.8200,1.435158
960.8400,2.109605
960.8600,2.421217
960.8800,3.410137
960.9000,3.600000
960.9200,3.600000
960.9400,3.598953
960.9600,2.234262
960.9800,1.203224
961.0000,0.088598
961.0200,0.046931
961.0400,0.047923
961.0600,0.077018
961.0800,0.078456
961.1000,0.143872
961.1200,0.367393
961.1400,0.300904
961.1600,0.544943
961.1800,0.388733
961.2000,0.575613
961.2200,0.699884
961.2400,0.546571
961.2600,1.020237
961.2800,1.318842
961.3000,1.616131
961.3200,1.160570
961.3400,0.816836
961.3600,0.449236
961.3800,0.269069
961.4000,0.171826
961.4200,0.578503
961.4400,1.110621
961.4600,1.120787
961.4800,1.368685
961.5000,1.459271
961.5200,1.363337
961.5400,0.943269
961.5600,0.753861
961.5800,0.796205
961.6000,0.447805
961.6200,0.244657
961.6400,0.176151
961.6600,0.117079
961.6800,0.427210
961.7000,0.810935
961.7200,0.736552
961.7400,0.608769
961.7600,0.575696
961.7800,0.966135
961.8000,1.162489
961.8200,0.817688
961.8400,0.452630
961.8600,0.253113
961.8800,0.326912
961.9000,0.560543
961.9200,0.320488
961.9400,0.296219
961.9600,0.374942
961.9800,0.301112
962.0000,0.496391
962.0200,0.314655
962.0400,0.452483
962.0600,1.149589
962.0800,1.843528
962.1000,1.934235
962.1200,2.191066
962.1400,3.292456
962.1600,3.497442
962.1800,3.514904
962.2000,3.264104
962.2200,3.595187
962.2400,3.393959
962.2600,2.941376
962.2800,3.057778
962.3000,2.921512
962.3200,2.765279
962.3400,2.514563
962.3600,3.062515
962.3800,2.372771
962.4000,1.529507
962.4200,0.863312
962.4400,0.673187
962.4600,0.484446
962.4800,0.332568
962.5000,0.222967
962.5200,0.228176
962.5400,0.358341
962.5600,0.533377
962.5800,0.400512
962.6000,0.372522
962.6200,0.477325
962.6400,0.542543
962.6600,0.460760
962.6800,0.482089
962.7000,0.796740
962.7200,0.642188
962.7400,0.400735
962.7600,0.723954
962.7800,0.671029
962.8000,0.394291
962.8200,0.683861
962.8400,1.346894
962.8600,2.085053
962.8800,2.350247
962.9000,2.523412
962.9200,2.810927
962.9400,2.262504
962.9600,1.656922
962.9800,1.472086
963.0000,1.352179
963.0200,0.877279
963.0400,0.480680
963.0600,0.682687
963.0800,1.681766
963.1000,2.379117
963.1200,2.520260
963.1400,2.858097
963.1600,3.000195
963.1800,2.954119
963.2000,3.096611
963.2200,3.025504
963.2400,2.936986
963.2600,2.925308
963.2800,2.654810
963.3000,2.088798
963.3200,1.762413
963.3400,1.909663
963.3600,2.014667
963.3800,1.417647
963.4000,1.046856
963.4200,1.025293
963.4400,1.292750
963.4600,1.286262
963.4800,1.047692
963.5000,0.697270
963.5200,0.387596
963.5400,0.279425
963.5600,0.335695
963.5800,0.298354
963.6000,0.495488
963.6200,0.711790
963.6400,0.957734
963.6600,1.028994
963.6800,1.596360
963.7000,2.368952
963.7200,2.312142
963.7400,2.000229
963.7600,1.728543
963.7800,1.066507
963.8000,0.649029
963.8200,0.459775
963.8400,0.767570
963.8600,1.416393
963.8800,1.098368
963.9000,1.230023
963.9200,1.435158
963.9400,2.109605
963.9600,2.421217
963.9800,3.410137
964.0000,3.600000
964.0200,3.600000
964.0400,3.598953
964.0600,2.234262
964.0800,1.203224
964.1000,0.088598
964.1200,0.046931
964.1400,0.047923
964.1600,0.077018
964.1800,0.078456
964.2000,0.143872
964.2200,0.367393
964.2400,0.300904
964.2600,0.544943
964.2800,0.388733
964.3000,0.575613
964.3200,0.699884
964.3400,0.546571
964.3600,1.020237
964.3800,1.318842
964.4000,1.616131
964.4200,1.160570
964.4400,0.816836
964.4600,0.449236
964.4800,0.269069
964.5000,0.171826
964.5200,0.578503
964.5400,1.110621
964.5600,1.120787
964.5800,1.368685
964.6000,1.459271
964.6200,1.363337
964.6400,0.943269
964.6600,0.753861
964.6800,0.796205
964.7000,0.447805
964.7200,0.244657
964.7400,0.176151
964.7600,0.117079
964.7800,0.427210
964.8000,0.810935
964.8200,0.736552
964.8400,0.608769
964.8600,0.575696
964.8800,0.966135
964.9000,1.162489
964.9200,0.817688
964.9400,0.452630
964.9600,0.253113
964.9800,0.326912
965.0000,0.560543
965.0200,0.320488
965.0400,0.296219
965.0600,0.374942
965.0800,0.301112
965.1000,0.496391
965.1200,0.314655
965.1400,0.452483
965.1600,1.149589
965.1800,1.843528
965.2000,1.934235
965.2200,2.191066
965.2400,3.292456
965.2600,3.497442
965.2800,3.514904
965.3000,3.264104
965.3200,3.595187
965.3400,3.393959
965.3600,2.941376
965.3800,3.057778
965.4000,2.921512
965.4200,2.765279
965.4400,2.514563
965.4600,3.062515
965.4800,2.372771
965.5000,1.529507
965.5200,0.863312
965.5400,0.673187
965.5600,0.484446
965.5800,0.332568
965.6000,0.222967
965.6200,0.228176
965.6400,0.358341
965.6600,0.533377
965.6800,0.400512
965.7000,0.372522
965.7200,0.477325
965.7400,0.542543
965.7600,0.460760
965.7800,0.482089
965.8000,0.796740
965.8200,0.642188
965.8400,0.400735
965.8600,0.723954
965.8800,0.671029
965.9000,0.394291
965.9200,0.683861
965.9400,1.346894
965.9600,2.085053
965.9800,2.350247
966.0000,2.523412
966.0200,2.810927
966.0400,2.262504
966.0600,1.656922
966.0800,1.472086
966.1000,1.352179
966.1200,0.877279
966.1400,0.480680
966.1600,0.682687
966.1800,1.681766
966.2000,2.379117
966.2200,2.520260
966.2400,2.858097
966.2600,3.000195
966.2800,2.954119
966.3000,3.096611
966.3200,3.025504
966.3400,2.936986
966.3600,2.925308
966.3800,2.654810
966.4000,2.088798
966.4200,1.762413
966.4400,1.909663
966.4600,2.014667
966.4800,1.417647
966.5000,1.046856
966.5200,1.025293
966.5400,1.292750
966.5600,1.286262
966.5800,1.047692
966.6000,0.697270
966.6200,0.387596
966.6400,0.279425
966.6600,0.335695
966.6800,0.298354
966.7000,0.495488
966.7200,0.711790
966.7400,0.957734
966.7600,1.028994
966.7800,1.596360
966.8000,2.368952
966.8200,2.312142
966.8400,2.000229
966.8600,1.728543
966.8800,1.066507
966.9000,0.649029
966.9200,0.459775
966.9400,0.767570
966.9600,1.416393
966.9800,1.098368
967.0000,1.230023
967.0200,1.435158
967.0400,2.109605
967.0600,2.421217
967.0800,3.410137
967.1000,3.600000
967.1200,3.600000
967.1400,3.598953
967.1600,2.234262
967.1800,1.203224
967.2000,0.088598
967.2200,0.046931
967.2400,0.047923
967.2600,0.077018
967.2800,0.078456
967.3000,0.143872
967.3200,0.367393
967.3400,0.300904
967.3600,0.544943
967.3800,0.388733
967.4000,0.575613
967.4200,0.699884
967.4400,0.546571
967.4600,1.020237
967.4800,1.318842
967.5000,1.616131
967.5200,1.160570
967.5400,0.816836
967.5600,0.449236
967.5800,0.269069
967.6000,0.171826
967.6200,0.578503
967.6400,1.110621
967.6600,1.120787
967.6800,1.368685
967.7000,1.459271
967.7200,1.363337
967.7400,0.943269
967.7600,0.753861
967.7800,0.796205
967.8000,0.447805
967.8200,0.244657
967.8400,0.176151
967.8600,0.117079
967.8800,0.427210
967.9000,0.810935
967.9200,0.736552
967.9400,0.608769
967.9600,0.575696
967.9800,0.966135
968.0000,1.162489
968.0200,0.817688
968.0400,0.452630
968.0600,0.253113
968.0800,0.326912
968.1000,0.560543
968.1200,0.320488
968.1400,0.296219
968.1600,0.374942
968.1800,0.301112
968.2000,0.496391
968.2200,0.314655
968.2400,0.452483
968.2600,1.149589
968.2800,1.843528
968.3000,1.934235
968.3200,2.191066
968.3400,3.292456
968.3600,3.497442
968.3800,3.514904
968.4000,3.264104
968.4200,3.595187
968.4400,3.393959
968.4600,2.941376
968.4800,3.057778
968.5000,2.921512
968.5200,2.765279
968.5400,2.514563
968.5600,3.062515
968.5800,2.372771
968.6000,1.529507
968.6200,0.863312
968.6400,0.673187
968.6600,0.484446
968.6800,0.332568
968.7000,0.222967
968.7200,0.228176
968.7400,0.358341
968.7600,0.533377
968.7800,0.400512
968.8000,0.372522
968.8200,0.477325
968.8400,0.542543
968.8600,0.460760
968.8800,0.482089
968.9000,0.796740
968.9200,0.642188
968.9400,0.400735
968.9600,0.723954
968.9800,0.671029
969.0000,0.394291
969.0200,0.683861
969.0400,1.346894
969.0600,2.085053
969.0800,2.350247
969.1000,2.523412
969.1200,2.810927
969.1400,2.262504
969.1600,1.656922
969.1800,1.472086
969.2000,1.352179
969.2200,0.877279
969.2400,0.480680
969.2600,0.682687
969.2800,1.681766
969.3000,2.379117
969.3200,2.520260
969.3400,2.858097
969.3600,3.000195
969.3800,2.954119
969.4000,3.096611
969.4200,3.025504
969.4400,2.936986
969.4600,2.925308
969.4800,2.654810
969.5000,2.088798
969.5200,1.762413
969.5400,1.909663
969.5600,2.014667
969.5800,1.417647
969.6000,1.046856
969.6200,1.025293
969.6400,1.292750
969.6600,1.286262
969.6800,1.047692
969.7000,0.697270
969.7200,0.387596
969.7400,0.279425
969.7600,0.335695
969.7800,0.298354
969.8000,0.495488
969.8200,0.711790
969.8400,0.957734
969.8600,1.028994
969.8800,1.596360
969.9000,2.368952
969.9200,2.312142
969.9400,2.000229
969.9600,1.728543
969.9800,1.066507
970.0000,0.649029
970.0200,0.459775
970.0400,0.767570
970.0600,1.416393
970.0800,1.098368
970.1000,1.230023
970.1200,1.435158
970.1400,2.109605
970.1600,2.421217
970.1800,3.410137
970.2000,3.600000
970.2200,3.600000
970.2400,3.598953
970.2600,2.234262
970.2800,1.203224
970.3000,0.088598
970.3200,0.046931
970.3400,0.047923
970.3600,0.077018
970.3800,0.078456
970.4000,0.143872
970.4200,0.367393
970.4400,0.300904
970.4600,0.544943
970.4800,0.388733
970.5000,0.575613
970.5200,0.699884
970.5400,0.546571
970.5600,1.020237
970.5800,1.318842
970.6000,1.616131
970.6200,1.160570
970.6400,0.816836
970.6600,0.449236
970.6800,0.269069
970.7000,0.171826
970.7200,0.578503
970.7400,1.110621
970.7600,1.120787
970.7800,1.368685
970.8000,1.459271
970.8200,1.363337
970.8400,0.943269
970.8600,0.753861
970.8800,0.796205
970.9000,0.447805
970.9200,0.244657
970.9400,0.176151
970.9600,0.117079
970.9800,0.427210
971.0000,0.810935
971.0200,0.736552
971.0400,0.608769
971.0600,0.575696
971.0800,0.966135
971.1000,1.162489
971.1200,0.817688
971.1400,0.452630
971.1600,0.253113
971.1800,0.326912
971.2000,0.560543
971.2200,0.320488
971.2400,0.296219
971.2600,0.374942
971.2800,0.301112
971.3000,0.496391
971.3200,0.314655
971.3400,0.452483
971.3600,1.149589
971.3800,1.843528
971.4000,1.934235
971.4200,2.191066
971.4400,3.292456
971.4600,3.497442
971.4800,3.514904
971.5000,3.264104
971.5200,3.595187
971.5400,3.393959
971.5600,2.941376
971.5800,3.057778
971.6000,2.921512
971.6200,2.765279
971.6400,2.514563
971.6600,3.062515
971.6800,2.372771
971.7000,1.529507
971.7200,0.863312
971.7400,0.673187
971.7600,0.484446
971.7800,0.332568
971.8000,0.222967
971.8200,0.228176
971.8400,0.358341
971.8600,0.533377
971.8800,0.400512
971.9000,0.372522
971.9200,0.477325
971.9400,0.542543
971.9600,0.460760
971.9800,0.482089
972.0000,0.796740
972.0200,0.642188
972.0400,0.400735
972.0600,0.723954
972.0800,0.671029
972.1000,0.394291
972.1200,0.683861
972.1400,1.346894
972.1600,2.085053
972.1800,2.350247
972.2000,2.523412
972.2200,2.810927
972.2400,2.262504
972.2600,1.656922
972.2800,1.472086
972.3000,1.352179
972.3200,0.877279
972.3400,0.480680
972.3600,0.682687
972.3800,1.681766
972.4000,2.379117
972.4200,2.520260
972.4400,2.858097
972.4600,3.000195
972.4800,2.954119
972.5000,3.096611
972.5200,3.025504
972.5400,2.936986
972.5600,2.925308
972.5800,2.654810
972.6000,2.088798
972.6200,1.762413
972.6400,1.909663
972.6600,2.014667
972.6800,1.417647
972.7000,1.046856
972.7200,1.025293
972.7400,1.292750
972.7600,1.286262
972.7800,1.047692
972.8000,0.697270
972.8200,0.387596
972.8400,0.279425
972.8600,0.335695
972.8800,0.298354
972.9000,0.495488
972.9200,0.711790
972.9400,0.957734
972.9600,1.028994
972.9800,1.596360
973.0000,2.368952
973.0200,2.312142
973.0400,2.000229
973.0600,1.728543
973.0800,1.066507
973.1000,0.649029
973.1200,0.459775
973.1400,0.767570
973.1600,1.416393
973.1800,1.098368
973.2000,1.230023
973.2200,1.435158
973.2400,2.109605
973.2600,2.421217
973.2800,3.410137
973.3000,3.600000
973.3200,3.600000
973.3400,3.598953
973.3600,2.234262
973.3800,1.203224
973.4000,0.088598
973.4200,0.046931
973.4400,0.047923
973.4600,0.077018
973.4800,0.078456
973.5000,0.143872
973.5200,0.367393
973.5400,0.300904
973.5600,0.544943
973.5800,0.388733
973.6000,0.575613
973.6200,0.699884
973.6400,0.546571
973.6600,1.020237
973.6800,1.318842
973.7000,1.616131
973.7200,1.160570
973.7400,0.816836
973.7600,0.449236
973.7800,0.269069
973.8000,0.171826
973.8200,0.578503
973.8400,1.110621
973.8600,1.120787
973.8800,1.368685
973.9000,1.459271
973.9200,1.363337
973.9400,0.943269
973.9600,0.753861
973.9800,0.796205
974.0000,0.447805
974.0200,0.244657
974.0400,0.176151
974.0600,0.117079
974.0800,0.427210
974.1000,0.810935
974.1200,0.736552
974.1400,0.608769
974.1600,0.575696
974.1800,0.966135
974.2000,1.162489
974.2200,0.817688
974.2400,0.452630
974.2600,0.253113
974.2800,0.326912
974.3000,0.560543
974.3200,0.320488
974.3400,0.296219
974.3600,0.374942
974.3800,0.301112
974.4000,0.496391
974.4200,0.314655
974.4400,0.452483
974.4600,1.149589
974.4800,1.843528
974.5000,1.934235
974.5200,2.191066
974.5400,3.292456
974.5600,3.497442
974.5800,3.514904
974.6000,3.264104
974.6200,3.595187
974.6400,3.393959
974.6600,2.941376
974.6800,3.057778
974.7000,2.921512
974.7200,2.765279
974.7400,2.514563
974.7600,3.062515
974.7800,2.372771
974.8000,1.529507
974.8200,0.863312
974.8400,0.673187
974.8600,0.484446
974.8800,0.332568
974.9000,0.222967
974.9200,0.228176
974.9400,0.358341
974.9600,0.533377
974.9800,0.400512
975.0000,0.372522
975.0200,0.477325
975.0400,0.542543
975.0600,0.460760
975.0800,0.482089
975.1000,0.796740
975.1200,0.642188
975.1400,0.400735
975.1600,0.723954
975.1800,0.671029
975.2000,0.394291
975.2200,0.683861
975.2400,1.346894
975.2600,2.085053
975.2800,2.350247
975.3000,2.523412
975.3200,2.810927
975.3400,2.262504
975.3600,1.656922
975.3800,1.472086
975.4000,1.352179
975.4200,0.877279
975.4400,0.480680
975.4600,0.682687
975.4800,1.681766
975.5000,2.379117
975.5200,2.520260
975.5400,2.858097
975.5600,3.000195
975.5800,2.954119
975.6000,3.096611
975.6200,3.025504
975.6400,2.936986
975.6600,2.925308
975.6800,2.654810
975.7000,2.088798
975.7200,1.762413
975.7400,1.909663
975.7600,2.014667
975.7800,1.417647
975.8000,1.046856
975.8200,1.025293
975.8400,1.292750
975.8600,1.286262
975.8800,1.047692
975.9000,0.697270
975.9200,0.387596
975.9400,0.279425
975.9600,0.335695
975.9800,0.298354
976.0000,0.495488
976.0200,0.711790
976.0400,0.957734
976.0600,1.028994
976.0800,1.596360
976.1000,2.368952
976.1200,2.312142
976.1400,2.000229
976.1600,1.728543
976.1800,1.066507
976.2000,0.649029
976.2200,0.459775
976.2400,0.767570
976.2600,1.416393
976.2800,1.098368
976.3000,1.230023
976.3200,1.435158
976.3400,2.109605
976.3600,2.421217
976.3800,3.410137
976.4000,3.600000
976.4200,3.600000
976.4400,3.598953
976.4600,2.234262
976.4800,1.203224
976.5000,0.088598
976.5200,0.046931
976.5400,0.047923
976.5600,0.077018
976.5800,0.078456
976.6000,0.143872
976.6200,0.367393
976.6400,0.300904
976.6600,0.544943
976.6800,0.388733
976.7000,0.575613
976.7200,0.699884
976.7400,0.546571
976.7600,1.020237
976.7800,1.318842
976.8000,1.616131
976.8200,1.160570
976.8400,0.816836
976.8600,0.449236
976.8800,0.269069
976.9000,0.171826
976.9200,0.578503
976.9400,1.110621
976.9600,1.120787
976.9800,1.368685
977.0000,1.459271
977.0200,1.363337
977.0400,0.943269
977.0600,0.753861
977.0800,0.796205
977.1000,0.447805
977.1200,0.244657
977.1400,0.176151
977.1600,0.117079
977.1800,0.427210
977.2000,0.810935
977.2200,0.736552
977.2400,0.608769
977.2600,0.575696
977.2800,0.966135
977.3000,1.162489
977.3200,0.817688
977.3400,0.452630
977.3600,0.253113
977.3800,0.326912
977.4000,0.560543
977.4200,0.320488
977.4400,0.296219
977.4600,0.374942
977.4800,0.301112
977.5000,0.496391
977.5200,0.314655
977.5400,0.452483
977.5600,1.149589
977.5800,1.843528
977.6000,1.934235
977.6200,2.191066
977.6400,3.292456
977.6600,3.497442
977.6800,3.514904
977.7000,3.264104
977.7200,3.595187
977.7400,3.393959
977.7600,2.941376
977.7800,3.057778
977.8000,2.921512
977.8200,2.765279
977.8400,2.514563
977.8600,3.062515
977.8800,2.372771
977.9000,1.529507
977.9200,0.863312
977.9400,0.673187
977.9600,0.484446
977.9800,0.332568
978.0000,0.222967
978.0200,0.228176
978.0400,0.358341
978.0600,0.533377
978.0800,0.400512
978.1000,0.372522
978.1200,0.477325
978.1400,0.542543
978.1600,0.460760
978.1800,0.482089
978.2000,0.796740
978.2200,0.642188
978.2400,0.400735
978.2600,0.723954
978.2800,0.671029
978.3000,0.394291
978.3200,0.683861
978.3400,1.346894
978.3600,2.085053
978.3800,2.350247
978.4000,2.523412
978.4200,2.810927
978.4400,2.262504
978.4600,1.656922
978.4800,1.472086
978.5000,1.352179
978.5200,0.877279
978.5400,0.480680
978.5600,0.682687
978.5800,1.681766
978.6000,2.379117
978.6200,2.520260
978.6400,2.858097
978.6600,3.000195
978.6800,2.954119
978.7000,3.096611
978.7200,3.025504
978.7400,2.936986
978.7600,2.925308
978.7800,2.654810
978.8000,2.088798
978.8200,1.762413
978.8400,1.909663
978.8600,2.014667
978.8800,1.417647
978.9000,1.046856
978.9200,1.025293
978.9400,1.292750
978.9600,1.286262
978.9800,1.047692
979.0000,0.697270
979.0200,0.387596
979.0400,0.279425
979.0600,0.335695
979.0800,0.298354
979.1000,0.495488
979.1200,0.711790
979.1400,0.957734
979.1600,1.028994
979.1800,1.596360
979.2000,2.368952
979.2200,2.312142
979.2400,2.000229
979.2600,1.728543
979.2800,1.066507
979.3000,0.649029
979.3200,0.459775
979.3400,0.767570
979.3600,1.416393
979.3800,1.098368
979.4000,1.230023
979.4200,1.435158
979.4400,2.109605
979.4600,2.421217
979.4800,3.410137
979.5000,3.600000
979.5200,3.600000
979.5400,3.598953
979.5600,2.234262
979.5800,1.203224
979.6000,0.088598
979.6200,0.046931
979.6400,0.047923
979.6600,0.077018
979.6800,0.078456
979.7000,0.143872
979.7200,0.367393
979.7400,0.300904
979.7600,0.544943
979.7800,0.388733
979.8000,0.575613
979.8200,0.699884
979.8400,0.546571
979.8600,1.020237
979.8800,1.318842
979.9000,1.616131
979.9200,1.160570
979.9400,0.816836
979.9600,0.449236
979.9800,0.269069
980.0000,0.171826
980.0200,0.578503
980.0400,1.110621
980.0600,1.120787
980.0800,1.368685
980.1000,1.459271
980.1200,1.363337
980.1400,0.943269
980.1600,0.753861
980.1800,0.796205
980.2000,0.447805
980.2200,0.244657
980.2400,0.176151
980.2600,0.117079
980.2800,0.427210
980.3000,0.810935
980.3200,0.736552
980.3400,0.608769
980.3600,0.575696
980.3800,0.966135
980.4000,1.162489
980.4200,0.817688
980.4400,0.452630
980.4600,0.253113
980.4800,0.326912
980.5000,0.560543
980.5200,0.320488
980.5400,0.296219
980.5600,0.374942
980.5800,0.301112
980.6000,0.496391
980.6200,0.314655
980.6400,0.452483
980.6600,1.149589
980.6800,1.843528
980.7000,1.934235
980.7200,2.191066
980.7400,3.292456
980.7600,3.497442
980.7800,3.514904
980.8000,3.264104
980.8200,3.595187
980.8400,3.393959
980.8600,2.941376
980.8800,3.057778
980.9000,2.921512
980.9200,2.765279
980.9400,2.514563
980.9600,3.062515
980.9800,2.372771
981.0000,1.529507
981.0200,0.863312
981.0400,0.673187
981.0600,0.484446
981.0800,0.332568
981.1000,0.222967
981.1200,0.228176
981.1400,0.358341
981.1600,0.533377
981.1800,0.400512
981.2000,0.372522
981.2200,0.477325
981.2400,0.542543
981.2600,0.460760
981.2800,0.482089
981.3000,0.796740
981.3200,0.642188
981.3400,0.400735
981.3600,0.723954
981.3800,0.671029
981.4000,0.394291
981.4200,0.683861
981.4400,1.346894
981.4600,2.085053
981.4800,2.350247
981.5000,2.523412
981.5200,2.810927
981.5400,2.262504
981.5600,1.656922
981.5800,1.472086
981.6000,1.352179
981.6200,0.877279
981.6400,0.480680
981.6600,0.682687
981.6800,1.681766
981.7000,2.379117
981.7200,2.520260
981.7400,2.858097
981.7600,3.000195
981.7800,2.954119
981.8000,3.096611
981.8200,3.025504
981.8400,2.936986
981.8600,2.925308
981.8800,2.654810
981.9000,2.088798
981.9200,1.762413
981.9400,1.909663
981.9600,2.014667
981.9800,1.417647
982.0000,1.046856
982.0200,1.025293
982.0400,1.292750
982.0600,1.286262
982.0800,1.047692
982.1000,0.697270
982.1200,0.387596
982.1400,0.279425
982.1600,0.335695
982.1800,0.298354
982.2000,0.495488
982.2200,0.711790
982.2400,0.957734
982.2600,1.028994
982.2800,1.596360
982.3000,2.368952
982.3200,2.312142
982.3400,2.000229
982.3600,1.728543
982.3800,1.066507
982.4000,0.649029
982.4200,0.459775
982.4400,0.767570
982.4600,1.416393
982.4800,1.098368
982.5000,1.230023
982.5200,1.435158
982.5400,2.109605
982.5600,2.421217
982.5800,3.410137
982.6000,3.600000
982.6200,3.600000
982.6400,3.598953
982.6600,2.234262
982.6800,1.203224
982.7000,0.088598
982.7200,0.046931
982.7400,0.047923
982.7600,0.077018
982.7800,0.078456
982.8000,0.143872
982.8200,0.367393
982.8400,0.300904
982.8600,0.544943
982.8800,0.388733
982.9000,0.575613
982.9200,0.699884
982.9400,0.546571
982.9600,1.020237
982.9800,1.318842
983.0000,1.616131
983.0200,1.160570
983.0400,0.816836
983.0600,0.449236
983.0800,0.269069
983.1000,0.171826
983.1200,0.578503
983.1400,1.110621
983.1600,1.120787
983.1800,1.368685
983.2000,1.459271
983.2200,1.363337
983.2400,0.943269
983.2600,0.753861
983.2800,0.796205
983.3000,0.447805
983.3200,0.244657
983.3400,0.176151
983.3600,0.117079
983.3800,0.427210
983.4000,0.810935
983.4200,0.736552
983.4400,0.608769
983.4600,0.575696
983.4800,0.966135
983.5000,1.162489
983.5200,0.817688
983.5400,0.452630
983.5600,0.253113
983.5800,0.326912
983.6000,0.560543
983.6200,0.320488
983.6400,0.296219
983.6600,0.374942
983.6800,0.301112
983.7000,0.496391
983.7200,0.314655
983.7400,0.452483
983.7600,1.149589
983.7800,1.843528
983.8000,1.934235
983.8200,2.191066
983.8400,3.292456
983.8600,3.497442
983.8800,3.514904
983.9000,3.264104
983.9200,3.595187
983.9400,3.393959
983.9600,2.941376
983.9800,3.057778
984.0000,2.921512
984.0200,2.765279
984.0400,2.514563
984.0600,3.062515
984.0800,2.372771
984.1000,1.529507
984.1200,0.863312
984.1400,0.673187
984.1600,0.484446
984.1800,0.332568
984.2000,0.222967
984.2200,0.228176
984.2400,0.358341
984.2600,0.533377
984.2800,0.400512
984.3000,0.372522
984.3200,0.477325
984.3400,0.542543
984.3600,0.460760
984.3800,0.482089
984.4000,0.796740
984.4200,0.642188
984.4400,0.400735
984.4600,0.723954
984.4800,0.671029
984.5000,0.394291
984.5200,0.683861
984.5400,1.346894
984.5600,2.085053
984.5800,2.350247
984.6000,2.523412
984.6200,2.810927
984.6400,2.262504
984.6600,1.656922
984.6800,1.472086
984.7000,1.352179
984.7200,0.877279
984.7400,0.480680
984.7600,0.682687
984.7800,1.681766
984.8000,2.379117
984.8200,2.520260
984.8400,2.858097
984.8600,3.000195
984.8800,2.954119
984.9000,3.096611
984.9200,3.025504
984.9400,2.936986
984.9600,2.925308
984.9800,2.654810
985.0000,2.088798
985.0200,1.762413
985.0400,1.909663
985.0600,2.014667
985.0800,1.417647
985.1000,1.046856
985.1200,1.025293
985.1400,1.292750
985.1600,1.286262
985.1800,1.047692
985.2000,0.697270
985.2200,0.387596
985.2400,0.279425
985.2600,0.335695
985.2800,0.298354
985.3000,0.495488
985.3200,0.711790
985.3400,0.957734
985.3600,1.028994
985.3800,1.596360
985.4000,2.368952
985.4200,2.312142
985.4400,2.000229
985.4600,1.728543
985.4800,1.066507
985.5000,0.649029
985.5200,0.459775
985.5400,0.767570
985.5600,1.416393
985.5800,1.098368
985.6000,1.230023
985.6200,1.435158
985.6400,2.109605
985.6600,2.421217
985.6800,3.410137
985.7000,3.600000
985.7200,3.600000
985.7400,3.598953
985.7600,2.234262
985.7800,1.203224
985.8000,0.088598
985.8200,0.046931
985.8400,0.047923
985.8600,0.077018
985.8800,0.078456
985.9000,0.143872
985.9200,0.367393
985.9400,0.300904
985.9600,0.544943
985.9800,0.388733
986.0000,0.575613
986.0200,0.699884
986.0400,0.546571
986.0600,1.020237
986.0800,1.318842
986.1000,1.616131
986.1200,1.160570
986.1400,0.816836
986.1600,0.449236
986.1800,0.269069
986.2000,0.171826
986.2200,0.578503
986.2400,1.110621
986.2600,1.120787
986.2800,1.368685
986.3000,1.459271
986.3200,1.363337
986.3400,0.943269
986.3600,0.753861
986.3800,0.796205
986.4000,0.447805
986.4200,0.244657
986.4400,0.176151
986.4600,0.117079
986.4800,0.427210
986.5000,0.810935
986.5200,0.736552
986.5400,0.608769
986.5600,0.575696
986.5800,0.966135
986.6000,1.162489
986.6200,0.817688
986.6400,0.452630
986.6600,0.253113
986.6800,0.326912
986.7000,0.560543
986.7200,0.320488
986.7400,0.296219
986.7600,0.374942
986.7800,0.301112
986.8000,0.496391
986.8200,0.314655
986.8400,0.452483
986.8600,1.149589
986.8800,1.843528
986.9000,1.934235
986.9200,2.191066
986.9400,3.292456
986.9600,3.497442
986.9800,3.514904
987.0000,3.264104
987.0200,3.595187
987.0400,3.393959
987.0600,2.941376
987.0800,3.057778
987.1000,2.921512
987.1200,2.765279
987.1400,2.514563
987.1600,3.062515
987.1800,2.372771
987.2000,1.529507
987.2200,0.863312
987.2400,0.673187
987.2600,0.484446
987.2800,0.332568
987.3000,0.222967
987.3200,0.228176
987.3400,0.358341
987.3600,0.533377
987.3800,0.400512
987.4000,0.372522
987.4200,0.477325
987.4400,0.542543
987.4600,0.460760
987.4800,0.482089
987.5000,0.796740
987.5200,0.642188
987.5400,0.400735
987.5600,0.723954
987.5800,0.671029
987.6000,0.394291
987.6200,0.683861
987.6400,1.346894
987.6600,2.085053
987.6800,2.350247
987.7000,2.523412
987.7200,2.810927
987.7400,2.262504
987.7600,1.656922
987.7800,1.472086
987.8000,1.352179
987.8200,0.877279
987.8400,0.480680
987.8600,0.682687
987.8800,1.681766
987.9000,2.379117
987.9200,2.520260
987.9400,2.858097
987.9600,3.000195
987.9800,2.954119
988.0000,3.096611
988.0200,3.025504
988.0400,2.936986
988.0600,2.925308
988.0800,2.654810
988.1000,2.088798
988.1200,1.762413
988.1400,1.909663
988.1600,2.014667
988.1800,1.417647
988.2000,1.046856
988.2200,1.025293
988.2400,1.292750
988.2600,1.286262
988.2800,1.047692
988.3000,0.697270
988.3200,0.387596
988.3400,0.279425
988.3600,0.335695
988.3800,0.298354
988.4000,0.495488
988.4200,0.711790
988.4400,0.957734
988.4600,1.028994
988.4800,1.596360
988.5000,2.368952
988.5200,2.312142
988.5400,2.000229
988.5600,1.728543
988.5800,1.066507
988.6000,0.649029
988.6200,0.459775
988.6400,0.767570
988.6600,1.416393
988.6800,1.098368
988.7000,1.230023
988.7200,1.435158
988.7400,2.109605
988.7600,2.421217
988.7800,3.410137
988.8000,3.600000
988.8200,3.600000
988.8400,3.598953
988.8600,2.234262
988.8800,1.203224
988.9000,0.088598
988.9200,0.046931
988.9400,0.047923
988.9600,0.077018
988.9800,0.078456
989.0000,0.143872
989.0200,0.367393
989.0400,0.300904
989.0600,0.544943
989.0800,0.388733
989.1000,0.575613
989.1200,0.699884
989.1400,0.546571
989.1600,1.020237
989.1800,1.318842
989.2000,1.616131
989.2200,1.160570
989.2400,0.816836
989.2600,0.449236
989.2800,0.269069
989.3000,0.171826
989.3200,0.578503
989.3400,1.110621
989.3600,1.120787
989.3800,1.368685
989.4000,1.459271
989.4200,1.363337
989.4400,0.943269
989.4600,0.753861
989.4800,0.796205
989.5000,0.447805
989.5200,0.244657
989.5400,0.176151
989.5600,0.117079
989.5800,0.427210
989.6000,0.810935
989.6200,0.736552
989.6400,0.608769
989.6600,0.575696
989.6800,0.966135
989.7000,1.162489
989.7200,0.817688
989.7400,0.452630
989.7600,0.253113
989.7800,0.326912
989.8000,0.560543
989.8200,0.320488
989.8400,0.296219
989.8600,0.374942
989.8800,0.301112
989.9000,0.496391
989.9200,0.314655
989.9400,0.452483
989.9600,1.149589
989.9800,1.843528
990.0000,1.934235
990.0200,2.191066
990.0400,3.292456
990.0600,3.497442
990.0800,3.514904
990.1000,3.264104
990.1200,3.595187
990.1400,3.393959
990.1600,2.941376
990.1800,3.057778
990.2000,2.921512
990.2200,2.765279
990.2400,2.514563
990.2600,3.062515
990.2800,2.372771
990.3000,1.529507
990.3200,0.863312
990.3400,0.673187
990.3600,0.484446
990.3800,0.332568
990.4000,0.222967
990.4200,0.228176
990.4400,0.358341
990.4600,0.533377
990.4800,0.400512
990.5000,0.372522
990.5200,0.477325
990.5400,0.542543
990.5600,0.460760
990.5800,0.482089
990.6000,0.796740
990.6200,0.642188
990.6400,0.400735
990.6600,0.723954
990.6800,0.671029
990.7000,0.394291
990.7200,0.683861
990.7400,1.346894
990.7600,2.085053
990.7800,2.350247
990.8000,2.523412
990.8200,2.810927
990.8400,2.262504
990.8600,1.656922
990.8800,1.472086
990.9000,1.352179
990.9200,0.877279
990.9400,0.480680
990.9600,0.682687
990.9800,1.681766
991.0000,2.379117
991.0200,2.520260
991.0400,2.858097
991.0600,3.000195
991.0800,2.954119
991.1000,3.096611
991.1200,3.025504
991.1400,2.936986
991.1600,2.925308
991.1800,2.654810
991.2000,2.088798
991.2200,1.762413
991.2400,1.909663
991.2600,2.014667
991.2800,1.417647
991.3000,1.046856
991.3200,1.025293
991.3400,1.292750
991.3600,1.286262
991.3800,1.047692
991.4000,0.697270
991.4200,0.387596
991.4400,0.279425
991.4600,0.335695
991.4800,0.298354
991.5000,0.495488
991.5200,0.711790
991.5400,0.957734
991.5600,1.028994
991.5800,1.596360
991.6000,2.368952
991.6200,2.312142
991.6400,2.000229
991.6600,1.728543
991.6800,1.066507
991.7000,0.649029
991.7200,0.459775
991.7400,0.767570
991.7600,1.416393
991.7800,1.098368
991.8000,1.230023
991.8200,1.435158
991.8400,2.109605
991.8600,2.421217
991.8800,3.410137
991.9000,3.600000
991.9200,3.600000
991.9400,3.598953
991.9600,2.234262
991.9800,1.203224
