time_s,voltage_v
0.0000,0.121502
0.0200,0.207967
0.0400,0.287668
0.0600,0.322659
0.0800,0.434376
0.1000,0.322451
0.1200,0.191508
0.1400,0.370103
0.1600,0.491034
0.1800,0.286772
0.2000,0.156573
0.2200,0.129424
0.2400,0.602763
0.2600,0.665840
0.2800,0.458597
0.3000,0.313532
0.3200,0.189317
0.3400,0.417018
0.3600,0.979519
0.3800,2.187798
0.4000,2.621586
0.4200,3.029943
0.4400,3.392261
0.4600,3.434751
0.4800,3.412903
0.5000,3.131374
0.5200,2.725091
0.5400,2.417244
0.5600,2.089633
0.5800,1.934690
0.6000,1.514930
0.6200,1.493985
0.6400,1.387633
0.6600,1.252771
0.6800,1.023469
0.7000,0.929224
0.7200,1.011710
0.7400,0.808233
0.7600,0.893923
0.7800,1.225567
0.8000,1.162167
0.8200,0.637875
0.8400,0.427369
0.8600,0.688903
0.8800,1.000468
0.9000,1.005873
0.9200,1.182448
0.9400,1.142690
0.9600,0.721011
0.9800,0.626393
1.0000,1.368550
1.0200,1.745875
1.0400,1.857605
1.0600,2.546552
1.0800,3.493201
1.1000,3.600000
1.1200,3.509731
1.1400,3.598702
1.1600,3.078545
1.1800,2.066068
1.2000,1.440673
1.2200,1.112798
1.2400,1.347827
1.2600,1.980052
1.2800,1.969178
1.3000,2.711256
1.3200,3.224543
1.3400,2.608364
1.3600,2.386734
1.3800,2.864350
1.4000,3.121063
1.4200,2.119251
1.4400,2.022284
1.4600,2.945892
1.4800,3.534094
1.5000,3.600000
1.5200,3.600000
1.5400,3.600000
1.5600,3.600000
1.5800,3.600000
1.6000,3.600000
1.6200,3.600000
1.6400,3.600000
1.6600,3.600000
1.6800,3.549155
1.7000,2.878616
1.7200,2.450191
1.7400,1.564347
1.7600,1.132579
1.7800,0.725033
1.8000,0.443269
1.8200,0.561446
1.8400,0.712798
1.8600,1.293111
1.8800,2.751703
1.9000,3.600000
1.9200,3.474404
1.9400,3.074753
1.9600,3.079158
1.9800,2.607218
2.0000,2.495430
2.0200,3.181033
2.0400,3.600000
2.0600,3.600000
2.0800,3.600000
2.1000,3.600000
2.1200,3.600000
2.1400,3.204240
2.1600,2.145089
2.1800,1.163612
2.2000,0.776168
2.2200,0.488752
2.2400,0.327828
2.2600,0.200291
2.2800,0.173001
2.3000,0.353342
2.3200,0.676204
2.3400,1.392305
2.3600,1.071634
2.3800,1.017533
2.4000,0.704329
2.4200,0.421370
2.4400,0.405862
2.4600,0.369460
2.4800,0.306050
2.5000,0.315260
2.5200,0.518761
2.5400,0.677954
2.5600,1.639264
2.5800,1.817334
2.6000,1.290437
2.6200,0.717751
2.6400,0.389290
2.6600,0.258469
2.6800,0.302215
2.7000,0.374392
2.7200,0.397398
2.7400,0.545228
2.7600,0.562308
2.7800,0.496683
2.8000,0.338395
2.8200,0.641016
2.8400,1.818942
2.8600,2.174377
2.8800,1.936499
2.9000,1.144641
2.9200,0.625626
2.9400,0.745775
2.9600,0.551844
2.9800,0.321845
3.0000,0.317166
3.0200,0.252346
3.0400,0.146633
3.0600,0.334678
3.0800,0.643048
3.1000,1.752854
3.1200,2.620077
3.1400,1.701145
3.1600,0.957972
3.1800,0.546973
3.2000,0.491906
3.2200,0.402403
3.2400,0.424057
3.2600,0.667154
3.2800,0.573687
3.3000,0.430683
3.3200,0.426275
3.3400,0.268584
3.3600,0.789901
3.3800,2.419788
3.4000,3.091454
3.4200,2.569593
3.4400,1.438137
3.4600,0.901691
3.4800,0.681869
3.5000,0.476778
3.5200,0.396461
3.5400,0.280141
3.5600,0.289328
3.5800,0.388449
3.6000,0.666121
3.6200,0.916994
3.6400,1.716512
3.6600,2.779550
3.6800,2.734317
3.7000,1.421239
3.7200,0.801003
3.7400,0.678590
3.7600,0.825696
3.7800,0.730316
3.8000,0.644776
3.8200,0.460494
3.8400,0.262396
3.8600,0.190033
3.8800,0.320227
3.9000,0.352132
3.9200,0.981968
3.9400,2.633772
3.9600,3.600000
3.9800,2.967051
4.0000,2.049585
4.0200,1.712438
4.0400,0.968682
4.0600,0.556540
4.0800,0.458364
4.1000,0.309928
4.1200,0.316658
4.1400,0.665356
4.1600,1.641036
4.1800,2.848052
4.2000,3.600000
4.2200,3.600000
4.2400,2.653195
4.2600,1.641993
4.2800,1.004387
4.3000,0.602682
4.3200,0.350363
4.3400,0.315537
4.3600,0.388214
4.3800,0.263658
4.4000,0.169826
4.4200,0.287814
4.4400,0.292937
4.4600,0.295962
4.4800,0.287506
4.5000,0.266193
4.5200,0.242106
4.5400,0.648338
4.5600,1.317494
4.5800,2.500491
4.6000,3.219481
4.6200,2.668131
4.6400,1.702363
4.6600,1.127250
4.6800,0.795075
4.7000,0.496498
4.7200,0.502454
4.7400,0.479415
4.7600,0.330887
4.7800,0.255952
4.8000,0.261721
4.8200,0.320526
4.8400,0.752598
4.8600,1.658727
4.8800,2.754356
4.9000,2.360157
4.9200,2.358256
4.9400,3.012547
4.9600,2.027933
4.9800,1.320856
5.0000,1.413415
5.0200,1.930761
5.0400,3.016011
5.0600,3.600000
5.0800,2.580269
5.1000,3.053979
5.1200,3.600000
5.1400,3.554217
5.1600,0.121502
5.1800,0.207967
5.2000,0.287668
5.2200,0.322659
5.2400,0.434376
5.2600,0.322451
5.2800,0.191508
5.3000,0.370103
5.3200,0.491034
5.3400,0.286772
5.3600,0.156573
5.3800,0.129424
5.4000,0.602763
5.4200,0.665840
5.4400,0.458597
5.4600,0.313532
5.4800,0.189317
5.5000,0.417018
5.5200,0.979519
5.5400,2.187798
5.5600,2.621586
5.5800,3.029943
5.6000,3.392261
5.6200,3.434751
5.6400,3.412903
5.6600,3.131374
5.6800,2.725091
5.7000,2.417244
5.7200,2.089633
5.7400,1.934690
5.7600,1.514930
5.7800,1.493985
5.8000,1.387633
5.8200,1.252771
5.8400,1.023469
5.8600,0.929224
5.8800,1.011710
5.9000,0.808233
5.9200,0.893923
5.9400,1.225567
5.9600,1.162167
5.9800,0.637875
6.0000,0.427369
6.0200,0.688903
6.0400,1.000468
6.0600,1.005873
6.0800,1.182448
6.1000,1.142690
6.1200,0.721011
6.1400,0.626393
6.1600,1.368550
6.1800,1.745875
6.2000,1.857605
6.2200,2.546552
6.2400,3.493201
6.2600,3.600000
6.2800,3.509731
6.3000,3.598702
6.3200,3.078545
6.3400,2.066068
6.3600,1.440673
6.3800,1.112798
6.4000,1.347827
6.4200,1.980052
6.4400,1.969178
6.4600,2.711256
6.4800,3.224543
6.5000,2.608364
6.5200,2.386734
6.5400,2.864350
6.5600,3.121063
6.5800,2.119251
6.6000,2.022284
6.6200,2.945892
6.6400,3.534094
6.6600,3.600000
6.6800,3.600000
6.7000,3.600000
6.7200,3.600000
6.7400,3.600000
6.7600,3.600000
6.7800,3.600000
6.8000,3.600000
6.8200,3.600000
6.8400,3.549155
6.8600,2.878616
6.8800,2.450191
6.9000,1.564347
6.9200,1.132579
6.9400,0.725033
6.9600,0.443269
6.9800,0.561446
7.0000,0.712798
7.0200,1.293111
7.0400,2.751703
7.0600,3.600000
7.0800,3.474404
7.1000,3.074753
7.1200,3.079158
7.1400,2.607218
7.1600,2.495430
7.1800,3.181033
7.2000,3.600000
7.2200,3.600000
7.2400,3.600000
7.2600,3.600000
7.2800,3.600000
7.3000,3.204240
7.3200,2.145089
7.3400,1.163612
7.3600,0.776168
7.3800,0.488752
7.4000,0.327828
7.4200,0.200291
7.4400,0.173001
7.4600,0.353342
7.4800,0.676204
7.5000,1.392305
7.5200,1.071634
7.5400,1.017533
7.5600,0.704329
7.5800,0.421370
7.6000,0.405862
7.6200,0.369460
7.6400,0.306050
7.6600,0.315260
7.6800,0.518761
7.7000,0.677954
7.7200,1.639264
7.7400,1.817334
7.7600,1.290437
7.7800,0.717751
7.8000,0.389290
7.8200,0.258469
7.8400,0.302215
7.8600,0.374392
7.8800,0.397398
7.9000,0.545228
7.9200,0.562308
7.9400,0.496683
7.9600,0.338395
7.9800,0.641016
8.0000,1.818942
8.0200,2.174377
8.0400,1.936499
8.0600,1.144641
8.0800,0.625626
8.1000,0.745775
8.1200,0.551844
8.1400,0.321845
8.1600,0.317166
8.1800,0.252346
8.2000,0.146633
8.2200,0.334678
8.2400,0.643048
8.2600,1.752854
8.2800,2.620077
8.3000,1.701145
8.3200,0.957972
8.3400,0.546973
8.3600,0.491906
8.3800,0.402403
8.4000,0.424057
8.4200,0.667154
8.4400,0.573687
8.4600,0.430683
8.4800,0.426275
8.5000,0.268584
8.5200,0.789901
8.5400,2.419788
8.5600,3.091454
8.5800,2.569593
8.6000,1.438137
8.6200,0.901691
8.6400,0.681869
8.6600,0.476778
8.6800,0.396461
8.7000,0.280141
8.7200,0.289328
8.7400,0.388449
8.7600,0.666121
8.7800,0.916994
8.8000,1.716512
8.8200,2.779550
8.8400,2.734317
8.8600,1.421239
8.8800,0.801003
8.9000,0.678590
8.9200,0.825696
8.9400,0.730316
8.9600,0.644776
8.9800,0.460494
9.0000,0.262396
9.0200,0.190033
9.0400,0.320227
9.0600,0.352132
9.0800,0.981968
9.1000,2.633772
9.1200,3.600000
9.1400,2.967051
9.1600,2.049585
9.1800,1.712438
9.2000,0.968682
9.2200,0.556540
9.2400,0.458364
9.2600,0.309928
9.2800,0.316658
9.3000,0.665356
9.3200,1.641036
9.3400,2.848052
9.3600,3.600000
9.3800,3.600000
9.4000,2.653195
9.4200,1.641993
9.4400,1.004387
9.4600,0.602682
9.4800,0.350363
9.5000,0.315537
9.5200,0.388214
9.5400,0.263658
9.5600,0.169826
9.5800,0.287814
9.6000,0.292937
9.6200,0.295962
9.6400,0.287506
9.6600,0.266193
9.6800,0.242106
9.7000,0.648338
9.7200,1.317494
9.7400,2.500491
9.7600,3.219481
9.7800,2.668131
9.8000,1.702363
9.8200,1.127250
9.8400,0.795075
9.8600,0.496498
9.8800,0.502454
9.9000,0.479415
9.9200,0.330887
9.9400,0.255952
9.9600,0.261721
9.9800,0.320526
10.0000,0.752598
10.0200,1.658727
10.0400,2.754356
10.0600,2.360157
10.0800,2.358256
10.1000,3.012547
10.1200,2.027933
10.1400,1.320856
10.1600,1.413415
10.1800,1.930761
10.2000,3.016011
10.2200,3.600000
10.2400,2.580269
10.2600,3.053979
10.2800,3.600000
10.3000,3.554217
10.3200,0.121502
10.3400,0.207967
10.3600,0.287668
10.3800,0.322659
10.4000,0.434376
10.4200,0.322451
10.4400,0.191508
10.4600,0.370103
10.4800,0.491034
10.5000,0.286772
10.5200,0.156573
10.5400,0.129424
10.5600,0.602763
10.5800,0.665840
10.6000,0.458597
10.6200,0.313532
10.6400,0.189317
10.6600,0.417018
10.6800,0.979519
10.7000,2.187798
10.7200,2.621586
10.7400,3.029943
10.7600,3.392261
10.7800,3.434751
10.8000,3.412903
10.8200,3.131374
10.8400,2.725091
10.8600,2.417244
10.8800,2.089633
10.9000,1.934690
10.9200,1.514930
10.9400,1.493985
10.9600,1.387633
10.9800,1.252771
11.0000,1.023469
11.0200,0.929224
11.0400,1.011710
11.0600,0.808233
11.0800,0.893923
11.1000,1.225567
11.1200,1.162167
11.1400,0.637875
11.1600,0.427369
11.1800,0.688903
11.2000,1.000468
11.2200,1.005873
11.2400,1.182448
11.2600,1.142690
11.2800,0.721011
11.3000,0.626393
11.3200,1.368550
11.3400,1.745875
11.3600,1.857605
11.3800,2.546552
11.4000,3.493201
11.4200,3.600000
11.4400,3.509731
11.4600,3.598702
11.4800,3.078545
11.5000,2.066068
11.5200,1.440673
11.5400,1.112798
11.5600,1.347827
11.5800,1.980052
11.6000,1.969178
11.6200,2.711256
11.6400,3.224543
11.6600,2.608364
11.6800,2.386734
11.7000,2.864350
11.7200,3.121063
11.7400,2.119251
11.7600,2.022284
11.7800,2.945892
11.8000,3.534094
11.8200,3.600000
11.8400,3.600000
11.8600,3.600000
11.8800,3.600000
11.9000,3.600000
11.9200,3.600000
11.9400,3.600000
11.9600,3.600000
11.9800,3.600000
12.0000,3.549155
12.0200,2.878616
12.0400,2.450191
12.0600,1.564347
12.0800,1.132579
12.1000,0.725033
12.1200,0.443269
12.1400,0.561446
12.1600,0.712798
12.1800,1.293111
12.2000,2.751703
12.2200,3.600000
12.2400,3.474404
12.2600,3.074753
12.2800,3.079158
12.3000,2.607218
12.3200,2.495430
12.3400,3.181033
12.3600,3.600000
12.3800,3.600000
12.4000,3.600000
12.4200,3.600000
12.4400,3.600000
12.4600,3.204240
12.4800,2.145089
12.5000,1.163612
12.5200,0.776168
12.5400,0.488752
12.5600,0.327828
12.5800,0.200291
12.6000,0.173001
12.6200,0.353342
12.6400,0.676204
12.6600,1.392305
12.6800,1.071634
12.7000,1.017533
12.7200,0.704329
12.7400,0.421370
12.7600,0.405862
12.7800,0.369460
12.8000,0.306050
12.8200,0.315260
12.8400,0.518761
12.8600,0.677954
12.8800,1.639264
12.9000,1.817334
12.9200,1.290437
12.9400,0.717751
12.9600,0.389290
12.9800,0.258469
13.0000,0.302215
13.0200,0.374392
13.0400,0.397398
13.0600,0.545228
13.0800,0.562308
13.1000,0.496683
13.1200,0.338395
13.1400,0.641016
13.1600,1.818942
13.1800,2.174377
13.2000,1.936499
13.2200,1.144641
13.2400,0.625626
13.2600,0.745775
13.2800,0.551844
13.3000,0.321845
13.3200,0.317166
13.3400,0.252346
13.3600,0.146633
13.3800,0.334678
13.4000,0.643048
13.4200,1.752854
13.4400,2.620077
13.4600,1.701145
13.4800,0.957972
13.5000,0.546973
13.5200,0.491906
13.5400,0.402403
13.5600,0.424057
13.5800,0.667154
13.6000,0.573687
13.6200,0.430683
13.6400,0.426275
13.6600,0.268584
13.6800,0.789901
13.7000,2.419788
13.7200,3.091454
13.7400,2.569593
13.7600,1.438137
13.7800,0.901691
13.8000,0.681869
13.8200,0.476778
13.8400,0.396461
13.8600,0.280141
13.8800,0.289328
13.9000,0.388449
13.9200,0.666121
13.9400,0.916994
13.9600,1.716512
13.9800,2.779550
14.0000,2.734317
14.0200,1.421239
14.0400,0.801003
14.0600,0.678590
14.0800,0.825696
14.1000,0.730316
14.1200,0.644776
14.1400,0.460494
14.1600,0.262396
14.1800,0.190033
14.2000,0.320227
14.2200,0.352132
14.2400,0.981968
14.2600,2.633772
14.2800,3.600000
14.3000,2.967051
14.3200,2.049585
14.3400,1.712438
14.3600,0.968682
14.3800,0.556540
14.4000,0.458364
14.4200,0.309928
14.4400,0.316658
14.4600,0.665356
14.4800,1.641036
14.5000,2.848052
14.5200,3.600000
14.5400,3.600000
14.5600,2.653195
14.5800,1.641993
14.6000,1.004387
14.6200,0.602682
14.6400,0.350363
14.6600,0.315537
14.6800,0.388214
14.7000,0.263658
14.7200,0.169826
14.7400,0.287814
14.7600,0.292937
14.7800,0.295962
14.8000,0.287506
14.8200,0.266193
14.8400,0.242106
14.8600,0.648338
14.8800,1.317494
14.9000,2.500491
14.9200,3.219481
14.9400,2.668131
14.9600,1.702363
14.9800,1.127250
15.0000,0.795075
15.0200,0.496498
15.0400,0.502454
15.0600,0.479415
15.0800,0.330887
15.1000,0.255952
15.1200,0.261721
15.1400,0.320526
15.1600,0.752598
15.1800,1.658727
15.2000,2.754356
15.2200,2.360157
15.2400,2.358256
15.2600,3.012547
15.2800,2.027933
15.3000,1.320856
15.3200,1.413415
15.3400,1.930761
15.3600,3.016011
15.3800,3.600000
15.4000,2.580269
15.4200,3.053979
15.4400,3.600000
15.4600,3.554217
15.4800,0.121502
15.5000,0.207967
15.5200,0.287668
15.5400,0.322659
15.5600,0.434376
15.5800,0.322451
15.6000,0.191508
15.6200,0.370103
15.6400,0.491034
15.6600,0.286772
15.6800,0.156573
15.7000,0.129424
15.7200,0.602763
15.7400,0.665840
15.7600,0.458597
15.7800,0.313532
15.8000,0.189317
15.8200,0.417018
15.8400,0.979519
15.8600,2.187798
15.8800,2.621586
15.9000,3.029943
15.9200,3.392261
15.9400,3.434751
15.9600,3.412903
15.9800,3.131374
16.0000,2.725091
16.0200,2.417244
16.0400,2.089633
16.0600,1.934690
16.0800,1.514930
16.1000,1.493985
16.1200,1.387633
16.1400,1.252771
16.1600,1.023469
16.1800,0.929224
16.2000,1.011710
16.2200,0.808233
16.2400,0.893923
16.2600,1.225567
16.2800,1.162167
16.3000,0.637875
16.3200,0.427369
16.3400,0.688903
16.3600,1.000468
16.3800,1.005873
16.4000,1.182448
16.4200,1.142690
16.4400,0.721011
16.4600,0.626393
16.4800,1.368550
16.5000,1.745875
16.5200,1.857605
16.5400,2.546552
16.5600,3.493201
16.5800,3.600000
16.6000,3.509731
16.6200,3.598702
16.6400,3.078545
16.6600,2.066068
16.6800,1.440673
16.7000,1.112798
16.7200,1.347827
16.7400,1.980052
16.7600,1.969178
16.7800,2.711256
16.8000,3.224543
16.8200,2.608364
16.8400,2.386734
16.8600,2.864350
16.8800,3.121063
16.9000,2.119251
16.9200,2.022284
16.9400,2.945892
16.9600,3.534094
16.9800,3.600000
17.0000,3.600000
17.0200,3.600000
17.0400,3.600000
17.0600,3.600000
17.0800,3.600000
17.1000,3.600000
17.1200,3.600000
17.1400,3.600000
17.1600,3.549155
17.1800,2.878616
17.2000,2.450191
17.2200,1.564347
17.2400,1.132579
17.2600,0.725033
17.2800,0.443269
17.3000,0.561446
17.3200,0.712798
17.3400,1.293111
17.3600,2.751703
17.3800,3.600000
17.4000,3.474404
17.4200,3.074753
17.4400,3.079158
17.4600,2.607218
17.4800,2.495430
17.5000,3.181033
17.5200,3.600000
17.5400,3.600000
17.5600,3.600000
17.5800,3.600000
17.6000,3.600000
17.6200,3.204240
17.6400,2.145089
17.6600,1.163612
17.6800,0.776168
17.7000,0.488752
17.7200,0.327828
17.7400,0.200291
17.7600,0.173001
17.7800,0.353342
17.8000,0.676204
17.8200,1.392305
17.8400,1.071634
17.8600,1.017533
17.8800,0.704329
17.9000,0.421370
17.9200,0.405862
17.9400,0.369460
17.9600,0.306050
17.9800,0.315260
18.0000,0.518761
18.0200,0.677954
18.0400,1.639264
18.0600,1.817334
18.0800,1.290437
18.1000,0.717751
18.1200,0.389290
18.1400,0.258469
18.1600,0.302215
18.1800,0.374392
18.2000,0.397398
18.2200,0.545228
18.2400,0.562308
18.2600,0.496683
18.2800,0.338395
18.3000,0.641016
18.3200,1.818942
18.3400,2.174377
18.3600,1.936499
18.3800,1.144641
18.4000,0.625626
18.4200,0.745775
18.4400,0.551844
18.4600,0.321845
18.4800,0.317166
18.5000,0.252346
18.5200,0.146633
18.5400,0.334678
18.5600,0.643048
18.5800,1.752854
18.6000,2.620077
18.6200,1.701145
18.6400,0.957972
18.6600,0.546973
18.6800,0.491906
18.7000,0.402403
18.7200,0.424057
18.7400,0.667154
18.7600,0.573687
18.7800,0.430683
18.8000,0.426275
18.8200,0.268584
18.8400,0.789901
18.8600,2.419788
18.8800,3.091454
18.9000,2.569593
18.9200,1.438137
18.9400,0.901691
18.9600,0.681869
18.9800,0.476778
19.0000,0.396461
19.0200,0.280141
19.0400,0.289328
19.0600,0.388449
19.0800,0.666121
19.1000,0.916994
19.1200,1.716512
19.1400,2.779550
19.1600,2.734317
19.1800,1.421239
19.2000,0.801003
19.2200,0.678590
19.2400,0.825696
19.2600,0.730316
19.2800,0.644776
19.3000,0.460494
19.3200,0.262396
19.3400,0.190033
19.3600,0.320227
19.3800,0.352132
19.4000,0.981968
19.4200,2.633772
19.4400,3.600000
19.4600,2.967051
19.4800,2.049585
19.5000,1.712438
19.5200,0.968682
19.5400,0.556540
19.5600,0.458364
19.5800,0.309928
19.6000,0.316658
19.6200,0.665356
19.6400,1.641036
19.6600,2.848052
19.6800,3.600000
19.7000,3.600000
19.7200,2.653195
19.7400,1.641993
19.7600,1.004387
19.7800,0.602682
19.8000,0.350363
19.8200,0.315537
19.8400,0.388214
19.8600,0.263658
19.8800,0.169826
19.9000,0.287814
19.9200,0.292937
19.9400,0.295962
19.9600,0.287506
19.9800,0.266193
20.0000,0.242106
20.0200,0.648338
20.0400,1.317494
20.0600,2.500491
20.0800,3.219481
20.1000,2.668131
20.1200,1.702363
20.1400,1.127250
20.1600,0.795075
20.1800,0.496498
20.2000,0.502454
20.2200,0.479415
20.2400,0.330887
20.2600,0.255952
20.2800,0.261721
20.3000,0.320526
20.3200,0.752598
20.3400,1.658727
20.3600,2.754356
20.3800,2.360157
20.4000,2.358256
20.4200,3.012547
20.4400,2.027933
20.4600,1.320856
20.4800,1.413415
20.5000,1.930761
20.5200,3.016011
20.5400,3.600000
20.5600,2.580269
20.5800,3.053979
20.6000,3.600000
20.6200,3.554217
20.6400,0.121502
20.6600,0.207967
20.6800,0.287668
20.7000,0.322659
20.7200,0.434376
20.7400,0.322451
20.7600,0.191508
20.7800,0.370103
20.8000,0.491034
20.8200,0.286772
20.8400,0.156573
20.8600,0.129424
20.8800,0.602763
20.9000,0.665840
20.9200,0.458597
20.9400,0.313532
20.9600,0.189317
20.9800,0.417018
21.0000,0.979519
21.0200,2.187798
21.0400,2.621586
21.0600,3.029943
21.0800,3.392261
21.1000,3.434751
21.1200,3.412903
21.1400,3.131374
21.1600,2.725091
21.1800,2.417244
21.2000,2.089633
21.2200,1.934690
21.2400,1.514930
21.2600,1.493985
21.2800,1.387633
21.3000,1.252771
21.3200,1.023469
21.3400,0.929224
21.3600,1.011710
21.3800,0.808233
21.4000,0.893923
21.4200,1.225567
21.4400,1.162167
21.4600,0.637875
21.4800,0.427369
21.5000,0.688903
21.5200,1.000468
21.5400,1.005873
21.5600,1.182448
21.5800,1.142690
21.6000,0.721011
21.6200,0.626393
21.6400,1.368550
21.6600,1.745875
21.6800,1.857605
21.7000,2.546552
21.7200,3.493201
21.7400,3.600000
21.7600,3.509731
21.7800,3.598702
21.8000,3.078545
21.8200,2.066068
21.8400,1.440673
21.8600,1.112798
21.8800,1.347827
21.9000,1.980052
21.9200,1.969178
21.9400,2.711256
21.9600,3.224543
21.9800,2.608364
22.0000,2.386734
22.0200,2.864350
22.0400,3.121063
22.0600,2.119251
22.0800,2.022284
22.1000,2.945892
22.1200,3.534094
22.1400,3.600000
22.1600,3.600000
22.1800,3.600000
22.2000,3.600000
22.2200,3.600000
22.2400,3.600000
22.2600,3.600000
22.2800,3.600000
22.3000,3.600000
22.3200,3.549155
22.3400,2.878616
22.3600,2.450191
22.3800,1.564347
22.4000,1.132579
22.4200,0.725033
22.4400,0.443269
22.4600,0.561446
22.4800,0.712798
22.5000,1.293111
22.5200,2.751703
22.5400,3.600000
22.5600,3.474404
22.5800,3.074753
22.6000,3.079158
22.6200,2.607218
22.6400,2.495430
22.6600,3.181033
22.6800,3.600000
22.7000,3.600000
22.7200,3.600000
22.7400,3.600000
22.7600,3.600000
22.7800,3.204240
22.8000,2.145089
22.8200,1.163612
22.8400,0.776168
22.8600,0.488752
22.8800,0.327828
22.9000,0.200291
22.9200,0.173001
22.9400,0.353342
22.9600,0.676204
22.9800,1.392305
23.0000,1.071634
23.0200,1.017533
23.0400,0.704329
23.0600,0.421370
23.0800,0.405862
23.1000,0.369460
23.1200,0.306050
23.1400,0.315260
23.1600,0.518761
23.1800,0.677954
23.2000,1.639264
23.2200,1.817334
23.2400,1.290437
23.2600,0.717751
23.2800,0.389290
23.3000,0.258469
23.3200,0.302215
23.3400,0.374392
23.3600,0.397398
23.3800,0.545228
23.4000,0.562308
23.4200,0.496683
23.4400,0.338395
23.4600,0.641016
23.4800,1.818942
23.5000,2.174377
23.5200,1.936499
23.5400,1.144641
23.5600,0.625626
23.5800,0.745775
23.6000,0.551844
23.6200,0.321845
23.6400,0.317166
23.6600,0.252346
23.6800,0.146633
23.7000,0.334678
23.7200,0.643048
23.7400,1.752854
23.7600,2.620077
23.7800,1.701145
23.8000,0.957972
23.8200,0.546973
23.8400,0.491906
23.8600,0.402403
23.8800,0.424057
23.9000,0.667154
23.9200,0.573687
23.9400,0.430683
23.9600,0.426275
23.9800,0.268584
24.0000,0.789901
24.0200,2.419788
24.0400,3.091454
24.0600,2.569593
24.0800,1.438137
24.1000,0.901691
24.1200,0.681869
24.1400,0.476778
24.1600,0.396461
24.1800,0.280141
24.2000,0.289328
24.2200,0.388449
24.2400,0.666121
24.2600,0.916994
24.2800,1.716512
24.3000,2.779550
24.3200,2.734317
24.3400,1.421239
24.3600,0.801003
24.3800,0.678590
24.4000,0.825696
24.4200,0.730316
24.4400,0.644776
24.4600,0.460494
24.4800,0.262396
24.5000,0.190033
24.5200,0.320227
24.5400,0.352132
24.5600,0.981968
24.5800,2.633772
24.6000,3.600000
24.6200,2.967051
24.6400,2.049585
24.6600,1.712438
24.6800,0.968682
24.7000,0.556540
24.7200,0.458364
24.7400,0.309928
24.7600,0.316658
24.7800,0.665356
24.8000,1.641036
24.8200,2.848052
24.8400,3.600000
24.8600,3.600000
24.8800,2.653195
24.9000,1.641993
24.9200,1.004387
24.9400,0.602682
24.9600,0.350363
24.9800,0.315537
25.0000,0.388214
25.0200,0.263658
25.0400,0.169826
25.0600,0.287814
25.0800,0.292937
25.1000,0.295962
25.1200,0.287506
25.1400,0.266193
25.1600,0.242106
25.1800,0.648338
25.2000,1.317494
25.2200,2.500491
25.2400,3.219481
25.2600,2.668131
25.2800,1.702363
25.3000,1.127250
25.3200,0.795075
25.3400,0.496498
25.3600,0.502454
25.3800,0.479415
25.4000,0.330887
25.4200,0.255952
25.4400,0.261721
25.4600,0.320526
25.4800,0.752598
25.5000,1.658727
25.5200,2.754356
25.5400,2.360157
25.5600,2.358256
25.5800,3.012547
25.6000,2.027933
25.6200,1.320856
25.6400,1.413415
25.6600,1.930761
25.6800,3.016011
25.7000,3.600000
25.7200,2.580269
25.7400,3.053979
25.7600,3.600000
25.7800,3.554217
25.8000,0.121502
25.8200,0.207967
25.8400,0.287668
25.8600,0.322659
25.8800,0.434376
25.9000,0.322451
25.9200,0.191508
25.9400,0.370103
25.9600,0.491034
25.9800,0.286772
26.0000,0.156573
26.0200,0.129424
26.0400,0.602763
26.0600,0.665840
26.0800,0.458597
26.1000,0.313532
26.1200,0.189317
26.1400,0.417018
26.1600,0.979519
26.1800,2.187798
26.2000,2.621586
26.2200,3.029943
26.2400,3.392261
26.2600,3.434751
26.2800,3.412903
26.3000,3.131374
26.3200,2.725091
26.3400,2.417244
26.3600,2.089633
26.3800,1.934690
26.4000,1.514930
26.4200,1.493985
26.4400,1.387633
26.4600,1.252771
26.4800,1.023469
26.5000,0.929224
26.5200,1.011710
26.5400,0.808233
26.5600,0.893923
26.5800,1.225567
26.6000,1.162167
26.6200,0.637875
26.6400,0.427369
26.6600,0.688903
26.6800,1.000468
26.7000,1.005873
26.7200,1.182448
26.7400,1.142690
26.7600,0.721011
26.7800,0.626393
26.8000,1.368550
26.8200,1.745875
26.8400,1.857605
26.8600,2.546552
26.8800,3.493201
26.9000,3.600000
26.9200,3.509731
26.9400,3.598702
26.9600,3.078545
26.9800,2.066068
27.0000,1.440673
27.0200,1.112798
27.0400,1.347827
27.0600,1.980052
27.0800,1.969178
27.1000,2.711256
27.1200,3.224543
27.1400,2.608364
27.1600,2.386734
27.1800,2.864350
27.2000,3.121063
27.2200,2.119251
27.2400,2.022284
27.2600,2.945892
27.2800,3.534094
27.3000,3.600000
27.3200,3.600000
27.3400,3.600000
27.3600,3.600000
27.3800,3.600000
27.4000,3.600000
27.4200,3.600000
27.4400,3.600000
27.4600,3.600000
27.4800,3.549155
27.5000,2.878616
27.5200,2.450191
27.5400,1.564347
27.5600,1.132579
27.5800,0.725033
27.6000,0.443269
27.6200,0.561446
27.6400,0.712798
27.6600,1.293111
27.6800,2.751703
27.7000,3.600000
27.7200,3.474404
27.7400,3.074753
27.7600,3.079158
27.7800,2.607218
27.8000,2.495430
27.8200,3.181033
27.8400,3.600000
27.8600,3.600000
27.8800,3.600000
27.9000,3.600000
27.9200,3.600000
27.9400,3.204240
27.9600,2.145089
27.9800,1.163612
28.0000,0.776168
28.0200,0.488752
28.0400,0.327828
28.0600,0.200291
28.0800,0.173001
28.1000,0.353342
28.1200,0.676204
28.1400,1.392305
28.1600,1.071634
28.1800,1.017533
28.2000,0.704329
28.2200,0.421370
28.2400,0.405862
28.2600,0.369460
28.2800,0.306050
28.3000,0.315260
28.3200,0.518761
28.3400,0.677954
28.3600,1.639264
28.3800,1.817334
28.4000,1.290437
28.4200,0.717751
28.4400,0.389290
28.4600,0.258469
28.4800,0.302215
28.5000,0.374392
28.5200,0.397398
28.5400,0.545228
28.5600,0.562308
28.5800,0.496683
28.6000,0.338395
28.6200,0.641016
28.6400,1.818942
28.6600,2.174377
28.6800,1.936499
28.7000,1.144641
28.7200,0.625626
28.7400,0.745775
28.7600,0.551844
28.7800,0.321845
28.8000,0.317166
28.8200,0.252346
28.8400,0.146633
28.8600,0.334678
28.8800,0.643048
28.9000,1.752854
28.9200,2.620077
28.9400,1.701145
28.9600,0.957972
28.9800,0.546973
29.0000,0.491906
29.0200,0.402403
29.0400,0.424057
29.0600,0.667154
29.0800,0.573687
29.1000,0.430683
29.1200,0.426275
29.1400,0.268584
29.1600,0.789901
29.1800,2.419788
29.2000,3.091454
29.2200,2.569593
29.2400,1.438137
29.2600,0.901691
29.2800,0.681869
29.3000,0.476778
29.3200,0.396461
29.3400,0.280141
29.3600,0.289328
29.3800,0.388449
29.4000,0.666121
29.4200,0.916994
29.4400,1.716512
29.4600,2.779550
29.4800,2.734317
29.5000,1.421239
29.5200,0.801003
29.5400,0.678590
29.5600,0.825696
29.5800,0.730316
29.6000,0.644776
29.6200,0.460494
29.6400,0.262396
29.6600,0.190033
29.6800,0.320227
29.7000,0.352132
29.7200,0.981968
29.7400,2.633772
29.7600,3.600000
29.7800,2.967051
29.8000,2.049585
29.8200,1.712438
29.8400,0.968682
29.8600,0.556540
29.8800,0.458364
29.9000,0.309928
29.9200,0.316658
29.9400,0.665356
29.9600,1.641036
29.9800,2.848052
30.0000,3.600000
30.0200,3.600000
30.0400,2.653195
30.0600,1.641993
30.0800,1.004387
30.1000,0.602682
30.1200,0.350363
30.1400,0.315537
30.1600,0.388214
30.1800,0.263658
30.2000,0.169826
30.2200,0.287814
30.2400,0.292937
30.2600,0.295962
30.2800,0.287506
30.3000,0.266193
30.3200,0.242106
30.3400,0.648338
30.3600,1.317494
30.3800,2.500491
30.4000,3.219481
30.4200,2.668131
30.4400,1.702363
30.4600,1.127250
30.4800,0.795075
30.5000,0.496498
30.5200,0.502454
30.5400,0.479415
30.5600,0.330887
30.5800,0.255952
30.6000,0.261721
30.6200,0.320526
30.6400,0.752598
30.6600,1.658727
30.6800,2.754356
30.7000,2.360157
30.7200,2.358256
30.7400,3.012547
30.7600,2.027933
30.7800,1.320856
30.8000,1.413415
30.8200,1.930761
30.8400,3.016011
30.8600,3.600000
30.8800,2.580269
30.9000,3.053979
30.9200,3.600000
30.9400,3.554217
30.9600,0.121502
30.9800,0.207967
31.0000,0.287668
31.0200,0.322659
31.0400,0.434376
31.0600,0.322451
31.0800,0.191508
31.1000,0.370103
31.1200,0.491034
31.1400,0.286772
31.1600,0.156573
31.1800,0.129424
31.2000,0.602763
31.2200,0.665840
31.2400,0.458597
31.2600,0.313532
31.2800,0.189317
31.3000,0.417018
31.3200,0.979519
31.3400,2.187798
31.3600,2.621586
31.3800,3.029943
31.4000,3.392261
31.4200,3.434751
31.4400,3.412903
31.4600,3.131374
31.4800,2.725091
31.5000,2.417244
31.5200,2.089633
31.5400,1.934690
31.5600,1.514930
31.5800,1.493985
31.6000,1.387633
31.6200,1.252771
31.6400,1.023469
31.6600,0.929224
31.6800,1.011710
31.7000,0.808233
31.7200,0.893923
31.7400,1.225567
31.7600,1.162167
31.7800,0.637875
31.8000,0.427369
31.8200,0.688903
31.8400,1.000468
31.8600,1.005873
31.8800,1.182448
31.9000,1.142690
31.9200,0.721011
31.9400,0.626393
31.9600,1.368550
31.9800,1.745875
32.0000,1.857605
32.0200,2.546552
32.0400,3.493201
32.0600,3.600000
32.0800,3.509731
32.1000,3.598702
32.1200,3.078545
32.1400,2.066068
32.1600,1.440673
32.1800,1.112798
32.2000,1.347827
32.2200,1.980052
32.2400,1.969178
32.2600,2.711256
32.2800,3.224543
32.3000,2.608364
32.3200,2.386734
32.3400,2.864350
32.3600,3.121063
32.3800,2.119251
32.4000,2.022284
32.4200,2.945892
32.4400,3.534094
32.4600,3.600000
32.4800,3.600000
32.5000,3.600000
32.5200,3.600000
32.5400,3.600000
32.5600,3.600000
32.5800,3.600000
32.6000,3.600000
32.6200,3.600000
32.6400,3.549155
32.6600,2.878616
32.6800,2.450191
32.7000,1.564347
32.7200,1.132579
32.7400,0.725033
32.7600,0.443269
32.7800,0.561446
32.8000,0.712798
32.8200,1.293111
32.8400,2.751703
32.8600,3.600000
32.8800,3.474404
32.9000,3.074753
32.9200,3.079158
32.9400,2.607218
32.9600,2.495430
32.9800,3.181033
33.0000,3.600000
33.0200,3.600000
33.0400,3.600000
33.0600,3.600000
33.0800,3.600000
33.1000,3.204240
33.1200,2.145089
33.1400,1.163612
33.1600,0.776168
33.1800,0.488752
33.2000,0.327828
33.2200,0.200291
33.2400,0.173001
33.2600,0.353342
33.2800,0.676204
33.3000,1.392305
33.3200,1.071634
33.3400,1.017533
33.3600,0.704329
33.3800,0.421370
33.4000,0.405862
33.4200,0.369460
33.4400,0.306050
33.4600,0.315260
33.4800,0.518761
33.5000,0.677954
33.5200,1.639264
33.5400,1.817334
33.5600,1.290437
33.5800,0.717751
33.6000,0.389290
33.6200,0.258469
33.6400,0.302215
33.6600,0.374392
33.6800,0.397398
33.7000,0.545228
33.7200,0.562308
33.7400,0.496683
33.7600,0.338395
33.7800,0.641016
33.8000,1.818942
33.8200,2.174377
33.8400,1.936499
33.8600,1.144641
33.8800,0.625626
33.9000,0.745775
33.9200,0.551844
33.9400,0.321845
33.9600,0.317166
33.9800,0.252346
34.0000,0.146633
34.0200,0.334678
34.0400,0.643048
34.0600,1.752854
34.0800,2.620077
34.1000,1.701145
34.1200,0.957972
34.1400,0.546973
34.1600,0.491906
34.1800,0.402403
34.2000,0.424057
34.2200,0.667154
34.2400,0.573687
34.2600,0.430683
34.2800,0.426275
34.3000,0.268584
34.3200,0.789901
34.3400,2.419788
34.3600,3.091454
34.3800,2.569593
34.4000,1.438137
34.4200,0.901691
34.4400,0.681869
34.4600,0.476778
34.4800,0.396461
34.5000,0.280141
34.5200,0.289328
34.5400,0.388449
34.5600,0.666121
34.5800,0.916994
34.6000,1.716512
34.6200,2.779550
34.6400,2.734317
34.6600,1.421239
34.6800,0.801003
34.7000,0.678590
34.7200,0.825696
34.7400,0.730316
34.7600,0.644776
34.7800,0.460494
34.8000,0.262396
34.8200,0.190033
34.8400,0.320227
34.8600,0.352132
34.8800,0.981968
34.9000,2.633772
34.9200,3.600000
34.9400,2.967051
34.9600,2.049585
34.9800,1.712438
35.0000,0.968682
35.0200,0.556540
35.0400,0.458364
35.0600,0.309928
35.0800,0.316658
35.1000,0.665356
35.1200,1.641036
35.1400,2.848052
35.1600,3.600000
35.1800,3.600000
35.2000,2.653195
35.2200,1.641993
35.2400,1.004387
35.2600,0.602682
35.2800,0.350363
35.3000,0.315537
35.3200,0.388214
35.3400,0.263658
35.3600,0.169826
35.3800,0.287814
35.4000,0.292937
35.4200,0.295962
35.4400,0.287506
35.4600,0.266193
35.4800,0.242106
35.5000,0.648338
35.5200,1.317494
35.5400,2.500491
35.5600,3.219481
35.5800,2.668131
35.6000,1.702363
35.6200,1.127250
35.6400,0.795075
35.6600,0.496498
35.6800,0.502454
35.7000,0.479415
35.7200,0.330887
35.7400,0.255952
35.7600,0.261721
35.7800,0.320526
35.8000,0.752598
35.8200,1.658727
35.8400,2.754356
35.8600,2.360157
35.8800,2.358256
35.9000,3.012547
35.9200,2.027933
35.9400,1.320856
35.9600,1.413415
35.9800,1.930761
36.0000,3.016011
36.0200,3.600000
36.0400,2.580269
36.0600,3.053979
36.0800,3.600000
36.1000,3.554217
36.1200,0.121502
36.1400,0.207967
36.1600,0.287668
36.1800,0.322659
36.2000,0.434376
36.2200,0.322451
36.2400,0.191508
36.2600,0.370103
36.2800,0.491034
36.3000,0.286772
36.3200,0.156573
36.3400,0.129424
36.3600,0.602763
36.3800,0.665840
36.4000,0.458597
36.4200,0.313532
36.4400,0.189317
36.4600,0.417018
36.4800,0.979519
36.5000,2.187798
36.5200,2.621586
36.5400,3.029943
36.5600,3.392261
36.5800,3.434751
36.6000,3.412903
36.6200,3.131374
36.6400,2.725091
36.6600,2.417244
36.6800,2.089633
36.7000,1.934690
36.7200,1.514930
36.7400,1.493985
36.7600,1.387633
36.7800,1.252771
36.8000,1.023469
36.8200,0.929224
36.8400,1.011710
36.8600,0.808233
36.8800,0.893923
36.9000,1.225567
36.9200,1.162167
36.9400,0.637875
36.9600,0.427369
36.9800,0.688903
37.0000,1.000468
37.0200,1.005873
37.0400,1.182448
37.0600,1.142690
37.0800,0.721011
37.1000,0.626393
37.1200,1.368550
37.1400,1.745875
37.1600,1.857605
37.1800,2.546552
37.2000,3.493201
37.2200,3.600000
37.2400,3.509731
37.2600,3.598702
37.2800,3.078545
37.3000,2.066068
37.3200,1.440673
37.3400,1.112798
37.3600,1.347827
37.3800,1.980052
37.4000,1.969178
37.4200,2.711256
37.4400,3.224543
37.4600,2.608364
37.4800,2.386734
37.5000,2.864350
37.5200,3.121063
37.5400,2.119251
37.5600,2.022284
37.5800,2.945892
37.6000,3.534094
37.6200,3.600000
37.6400,3.600000
37.6600,3.600000
37.6800,3.600000
37.7000,3.600000
37.7200,3.600000
37.7400,3.600000
37.7600,3.600000
37.7800,3.600000
37.8000,3.549155
37.8200,2.878616
37.8400,2.450191
37.8600,1.564347
37.8800,1.132579
37.9000,0.725033
37.9200,0.443269
37.9400,0.561446
37.9600,0.712798
37.9800,1.293111
38.0000,2.751703
38.0200,3.600000
38.0400,3.474404
38.0600,3.074753
38.0800,3.079158
38.1000,2.607218
38.1200,2.495430
38.1400,3.181033
38.1600,3.600000
38.1800,3.600000
38.2000,3.600000
38.2200,3.600000
38.2400,3.600000
38.2600,3.204240
38.2800,2.145089
38.3000,1.163612
38.3200,0.776168
38.3400,0.488752
38.3600,0.327828
38.3800,0.200291
38.4000,0.173001
38.4200,0.353342
38.4400,0.676204
38.4600,1.392305
38.4800,1.071634
38.5000,1.017533
38.5200,0.704329
38.5400,0.421370
38.5600,0.405862
38.5800,0.369460
38.6000,0.306050
38.6200,0.315260
38.6400,0.518761
38.6600,0.677954
38.6800,1.639264
38.7000,1.817334
38.7200,1.290437
38.7400,0.717751
38.7600,0.389290
38.7800,0.258469
38.8000,0.302215
38.8200,0.374392
38.8400,0.397398
38.8600,0.545228
38.8800,0.562308
38.9000,0.496683
38.9200,0.338395
38.9400,0.641016
38.9600,1.818942
38.9800,2.174377
39.0000,1.936499
39.0200,1.144641
39.0400,0.625626
39.0600,0.745775
39.0800,0.551844
39.1000,0.321845
39.1200,0.317166
39.1400,0.252346
39.1600,0.146633
39.1800,0.334678
39.2000,0.643048
39.2200,1.752854
39.2400,2.620077
39.2600,1.701145
39.2800,0.957972
39.3000,0.546973
39.3200,0.491906
39.3400,0.402403
39.3600,0.424057
39.3800,0.667154
39.4000,0.573687
39.4200,0.430683
39.4400,0.426275
39.4600,0.268584
39.4800,0.789901
39.5000,2.419788
39.5200,3.091454
39.5400,2.569593
39.5600,1.438137
39.5800,0.901691
39.6000,0.681869
39.6200,0.476778
39.6400,0.396461
39.6600,0.280141
39.6800,0.289328
39.7000,0.388449
39.7200,0.666121
39.7400,0.916994
39.7600,1.716512
39.7800,2.779550
39.8000,2.734317
39.8200,1.421239
39.8400,0.801003
39.8600,0.678590
39.8800,0.825696
39.9000,0.730316
39.9200,0.644776
39.9400,0.460494
39.9600,0.262396
39.9800,0.190033
40.0000,0.320227
40.0200,0.352132
40.0400,0.981968
40.0600,2.633772
40.0800,3.600000
40.1000,2.967051
40.1200,2.049585
40.1400,1.712438
40.1600,0.968682
40.1800,0.556540
40.2000,0.458364
40.2200,0.309928
40.2400,0.316658
40.2600,0.665356
40.2800,1.641036
40.3000,2.848052
40.3200,3.600000
40.3400,3.600000
40.3600,2.653195
40.3800,1.641993
40.4000,1.004387
40.4200,0.602682
40.4400,0.350363
40.4600,0.315537
40.4800,0.388214
40.5000,0.263658
40.5200,0.169826
40.5400,0.287814
40.5600,0.292937
40.5800,0.295962
40.6000,0.287506
40.6200,0.266193
40.6400,0.242106
40.6600,0.648338
40.6800,1.317494
40.7000,2.500491
40.7200,3.219481
40.7400,2.668131
40.7600,1.702363
40.7800,1.127250
40.8000,0.795075
40.8200,0.496498
40.8400,0.502454
40.8600,0.479415
40.8800,0.330887
40.9000,0.255952
40.9200,0.261721
40.9400,0.320526
40.9600,0.752598
40.9800,1.658727
41.0000,2.754356
41.0200,2.360157
41.0400,2.358256
41.0600,3.012547
41.0800,2.027933
41.1000,1.320856
41.1200,1.413415
41.1400,1.930761
41.1600,3.016011
41.1800,3.600000
41.2000,2.580269
41.2200,3.053979
41.2400,3.600000
41.2600,3.554217
41.2800,0.121502
41.3000,0.207967
41.3200,0.287668
41.3400,0.322659
41.3600,0.434376
41.3800,0.322451
41.4000,0.191508
41.4200,0.370103
41.4400,0.491034
41.4600,0.286772
41.4800,0.156573
41.5000,0.129424
41.5200,0.602763
41.5400,0.665840
41.5600,0.458597
41.5800,0.313532
41.6000,0.189317
41.6200,0.417018
41.6400,0.979519
41.6600,2.187798
41.6800,2.621586
41.7000,3.029943
41.7200,3.392261
41.7400,3.434751
41.7600,3.412903
41.7800,3.131374
41.8000,2.725091
41.8200,2.417244
41.8400,2.089633
41.8600,1.934690
41.8800,1.514930
41.9000,1.493985
41.9200,1.387633
41.9400,1.252771
41.9600,1.023469
41.9800,0.929224
42.0000,1.011710
42.0200,0.808233
42.0400,0.893923
42.0600,1.225567
42.0800,1.162167
42.1000,0.637875
42.1200,0.427369
42.1400,0.688903
42.1600,1.000468
42.1800,1.005873
42.2000,1.182448
42.2200,1.142690
42.2400,0.721011
42.2600,0.626393
42.2800,1.368550
42.3000,1.745875
42.3200,1.857605
42.3400,2.546552
42.3600,3.493201
42.3800,3.600000
42.4000,3.509731
42.4200,3.598702
42.4400,3.078545
42.4600,2.066068
42.4800,1.440673
42.5000,1.112798
42.5200,1.347827
42.5400,1.980052
42.5600,1.969178
42.5800,2.711256
42.6000,3.224543
42.6200,2.608364
42.6400,2.386734
42.6600,2.864350
42.6800,3.121063
42.7000,2.119251
42.7200,2.022284
42.7400,2.945892
42.7600,3.534094
42.7800,3.600000
42.8000,3.600000
42.8200,3.600000
42.8400,3.600000
42.8600,3.600000
42.8800,3.600000
42.9000,3.600000
42.9200,3.600000
42.9400,3.600000
42.9600,3.549155
42.9800,2.878616
43.0000,2.450191
43.0200,1.564347
43.0400,1.132579
43.0600,0.725033
43.0800,0.443269
43.1000,0.561446
43.1200,0.712798
43.1400,1.293111
43.1600,2.751703
43.1800,3.600000
43.2000,3.474404
43.2200,3.074753
43.2400,3.079158
43.2600,2.607218
43.2800,2.495430
43.3000,3.181033
43.3200,3.600000
43.3400,3.600000
43.3600,3.600000
43.3800,3.600000
43.4000,3.600000
43.4200,3.204240
43.4400,2.145089
43.4600,1.163612
43.4800,0.776168
43.5000,0.488752
43.5200,0.327828
43.5400,0.200291
43.5600,0.173001
43.5800,0.353342
43.6000,0.676204
43.6200,1.392305
43.6400,1.071634
43.6600,1.017533
43.6800,0.704329
43.7000,0.421370
43.7200,0.405862
43.7400,0.369460
43.7600,0.306050
43.7800,0.315260
43.8000,0.518761
43.8200,0.677954
43.8400,1.639264
43.8600,1.817334
43.8800,1.290437
43.9000,0.717751
43.9200,0.389290
43.9400,0.258469
43.9600,0.302215
43.9800,0.374392
44.0000,0.397398
44.0200,0.545228
44.0400,0.562308
44.0600,0.496683
44.0800,0.338395
44.1000,0.641016
44.1200,1.818942
44.1400,2.174377
44.1600,1.936499
44.1800,1.144641
44.2000,0.625626
44.2200,0.745775
44.2400,0.551844
44.2600,0.321845
44.2800,0.317166
44.3000,0.252346
44.3200,0.146633
44.3400,0.334678
44.3600,0.643048
44.3800,1.752854
44.4000,2.620077
44.4200,1.701145
44.4400,0.957972
44.4600,0.546973
44.4800,0.491906
44.5000,0.402403
44.5200,0.424057
44.5400,0.667154
44.5600,0.573687
44.5800,0.430683
44.6000,0.426275
44.6200,0.268584
44.6400,0.789901
44.6600,2.419788
44.6800,3.091454
44.7000,2.569593
44.7200,1.438137
44.7400,0.901691
44.7600,0.681869
44.7800,0.476778
44.8000,0.396461
44.8200,0.280141
44.8400,0.289328
44.8600,0.388449
44.8800,0.666121
44.9000,0.916994
44.9200,1.716512
44.9400,2.779550
44.9600,2.734317
44.9800,1.421239
45.0000,0.801003
45.0200,0.678590
45.0400,0.825696
45.0600,0.730316
45.0800,0.644776
45.1000,0.460494
45.1200,0.262396
45.1400,0.190033
45.1600,0.320227
45.1800,0.352132
45.2000,0.981968
45.2200,2.633772
45.2400,3.600000
45.2600,2.967051
45.2800,2.049585
45.3000,1.712438
45.3200,0.968682
45.3400,0.556540
45.3600,0.458364
45.3800,0.309928
45.4000,0.316658
45.4200,0.665356
45.4400,1.641036
45.4600,2.848052
45.4800,3.600000
45.5000,3.600000
45.5200,2.653195
45.5400,1.641993
45.5600,1.004387
45.5800,0.602682
45.6000,0.350363
45.6200,0.315537
45.6400,0.388214
45.6600,0.263658
45.6800,0.169826
45.7000,0.287814
45.7200,0.292937
45.7400,0.295962
45.7600,0.287506
45.7800,0.266193
45.8000,0.242106
45.8200,0.648338
45.8400,1.317494
45.8600,2.500491
45.8800,3.219481
45.9000,2.668131
45.9200,1.702363
45.9400,1.127250
45.9600,0.795075
45.9800,0.496498
46.0000,0.502454
46.0200,0.479415
46.0400,0.330887
46.0600,0.255952
46.0800,0.261721
46.1000,0.320526
46.1200,0.752598
46.1400,1.658727
46.1600,2.754356
46.1800,2.360157
46.2000,2.358256
46.2200,3.012547
46.2400,2.027933
46.2600,1.320856
46.2800,1.413415
46.3000,1.930761
46.3200,3.016011
46.3400,3.600000
46.3600,2.580269
46.3800,3.053979
46.4000,3.600000
46.4200,3.554217
46.4400,0.121502
46.4600,0.207967
46.4800,0.287668
46.5000,0.322659
46.5200,0.434376
46.5400,0.322451
46.5600,0.191508
46.5800,0.370103
46.6000,0.491034
46.6200,0.286772
46.6400,0.156573
46.6600,0.129424
46.6800,0.602763
46.7000,0.665840
46.7200,0.458597
46.7400,0.313532
46.7600,0.189317
46.7800,0.417018
46.8000,0.979519
46.8200,2.187798
46.8400,2.621586
46.8600,3.029943
46.8800,3.392261
46.9000,3.434751
46.9200,3.412903
46.9400,3.131374
46.9600,2.725091
46.9800,2.417244
47.0000,2.089633
47.0200,1.934690
47.0400,1.514930
47.0600,1.493985
47.0800,1.387633
47.1000,1.252771
47.1200,1.023469
47.1400,0.929224
47.1600,1.011710
47.1800,0.808233
47.2000,0.893923
47.2200,1.225567
47.2400,1.162167
47.2600,0.637875
47.2800,0.427369
47.3000,0.688903
47.3200,1.000468
47.3400,1.005873
47.3600,1.182448
47.3800,1.142690
47.4000,0.721011
47.4200,0.626393
47.4400,1.368550
47.4600,1.745875
47.4800,1.857605
47.5000,2.546552
47.5200,3.493201
47.5400,3.600000
47.5600,3.509731
47.5800,3.598702
47.6000,3.078545
47.6200,2.066068
47.6400,1.440673
47.6600,1.112798
47.6800,1.347827
47.7000,1.980052
47.7200,1.969178
47.7400,2.711256
47.7600,3.224543
47.7800,2.608364
47.8000,2.386734
47.8200,2.864350
47.8400,3.121063
47.8600,2.119251
47.8800,2.022284
47.9000,2.945892
47.9200,3.534094
47.9400,3.600000
47.9600,3.600000
47.9800,3.600000
48.0000,3.600000
48.0200,3.600000
48.0400,3.600000
48.0600,3.600000
48.0800,3.600000
48.1000,3.600000
48.1200,3.549155
48.1400,2.878616
48.1600,2.450191
48.1800,1.564347
48.2000,1.132579
48.2200,0.725033
48.2400,0.443269
48.2600,0.561446
48.2800,0.712798
48.3000,1.293111
48.3200,2.751703
48.3400,3.600000
48.3600,3.474404
48.3800,3.074753
48.4000,3.079158
48.4200,2.607218
48.4400,2.495430
48.4600,3.181033
48.4800,3.600000
48.5000,3.600000
48.5200,3.600000
48.5400,3.600000
48.5600,3.600000
48.5800,3.204240
48.6000,2.145089
48.6200,1.163612
48.6400,0.776168
48.6600,0.488752
48.6800,0.327828
48.7000,0.200291
48.7200,0.173001
48.7400,0.353342
48.7600,0.676204
48.7800,1.392305
48.8000,1.071634
48.8200,1.017533
48.8400,0.704329
48.8600,0.421370
48.8800,0.405862
48.9000,0.369460
48.9200,0.306050
48.9400,0.315260
48.9600,0.518761
48.9800,0.677954
49.0000,1.639264
49.0200,1.817334
49.0400,1.290437
49.0600,0.717751
49.0800,0.389290
49.1000,0.258469
49.1200,0.302215
49.1400,0.374392
49.1600,0.397398
49.1800,0.545228
49.2000,0.562308
49.2200,0.496683
49.2400,0.338395
49.2600,0.641016
49.2800,1.818942
49.3000,2.174377
49.3200,1.936499
49.3400,1.144641
49.3600,0.625626
49.3800,0.745775
49.4000,0.551844
49.4200,0.321845
49.4400,0.317166
49.4600,0.252346
49.4800,0.146633
49.5000,0.334678
49.5200,0.643048
49.5400,1.752854
49.5600,2.620077
49.5800,1.701145
49.6000,0.957972
49.6200,0.546973
49.6400,0.491906
49.6600,0.402403
49.6800,0.424057
49.7000,0.667154
49.7200,0.573687
49.7400,0.430683
49.7600,0.426275
49.7800,0.268584
49.8000,0.789901
49.8200,2.419788
49.8400,3.091454
49.8600,2.569593
49.8800,1.438137
49.9000,0.901691
49.9200,0.681869
49.9400,0.476778
49.9600,0.396461
49.9800,0.280141
50.0000,0.289328
50.0200,0.388449
50.0400,0.666121
50.0600,0.916994
50.0800,1.716512
50.1000,2.779550
50.1200,2.734317
50.1400,1.421239
50.1600,0.801003
50.1800,0.678590
50.2000,0.825696
50.2200,0.730316
50.2400,0.644776
50.2600,0.460494
50.2800,0.262396
50.3000,0.190033
50.3200,0.320227
50.3400,0.352132
50.3600,0.981968
50.3800,2.633772
50.4000,3.600000
50.4200,2.967051
50.4400,2.049585
50.4600,1.712438
50.4800,0.968682
50.5000,0.556540
50.5200,0.458364
50.5400,0.309928
50.5600,0.316658
50.5800,0.665356
50.6000,1.641036
50.6200,2.848052
50.6400,3.600000
50.6600,3.600000
50.6800,2.653195
50.7000,1.641993
50.7200,1.004387
50.7400,0.602682
50.7600,0.350363
50.7800,0.315537
50.8000,0.388214
50.8200,0.263658
50.8400,0.169826
50.8600,0.287814
50.8800,0.292937
50.9000,0.295962
50.9200,0.287506
50.9400,0.266193
50.9600,0.242106
50.9800,0.648338
51.0000,1.317494
51.0200,2.500491
51.0400,3.219481
51.0600,2.668131
51.0800,1.702363
51.1000,1.127250
51.1200,0.795075
51.1400,0.496498
51.1600,0.502454
51.1800,0.479415
51.2000,0.330887
51.2200,0.255952
51.2400,0.261721
51.2600,0.320526
51.2800,0.752598
51.3000,1.658727
51.3200,2.754356
51.3400,2.360157
51.3600,2.358256
51.3800,3.012547
51.4000,2.027933
51.4200,1.320856
51.4400,1.413415
51.4600,1.930761
51.4800,3.016011
51.5000,3.600000
51.5200,2.580269
51.5400,3.053979
51.5600,3.600000
51.5800,3.554217
51.6000,0.121502
51.6200,0.207967
51.6400,0.287668
51.6600,0.322659
51.6800,0.434376
51.7000,0.322451
51.7200,0.191508
51.7400,0.370103
51.7600,0.491034
51.7800,0.286772
51.8000,0.156573
51.8200,0.129424
51.8400,0.602763
51.8600,0.665840
51.8800,0.458597
51.9000,0.313532
51.9200,0.189317
51.9400,0.417018
51.9600,0.979519
51.9800,2.187798
52.0000,2.621586
52.0200,3.029943
52.0400,3.392261
52.0600,3.434751
52.0800,3.412903
52.1000,3.131374
52.1200,2.725091
52.1400,2.417244
52.1600,2.089633
52.1800,1.934690
52.2000,1.514930
52.2200,1.493985
52.2400,1.387633
52.2600,1.252771
52.2800,1.023469
52.3000,0.929224
52.3200,1.011710
52.3400,0.808233
52.3600,0.893923
52.3800,1.225567
52.4000,1.162167
52.4200,0.637875
52.4400,0.427369
52.4600,0.688903
52.4800,1.000468
52.5000,1.005873
52.5200,1.182448
52.5400,1.142690
52.5600,0.721011
52.5800,0.626393
52.6000,1.368550
52.6200,1.745875
52.6400,1.857605
52.6600,2.546552
52.6800,3.493201
52.7000,3.600000
52.7200,3.509731
52.7400,3.598702
52.7600,3.078545
52.7800,2.066068
52.8000,1.440673
52.8200,1.112798
52.8400,1.347827
52.8600,1.980052
52.8800,1.969178
52.9000,2.711256
52.9200,3.224543
52.9400,2.608364
52.9600,2.386734
52.9800,2.864350
53.0000,3.121063
53.0200,2.119251
53.0400,2.022284
53.0600,2.945892
53.0800,3.534094
53.1000,3.600000
53.1200,3.600000
53.1400,3.600000
53.1600,3.600000
53.1800,3.600000
53.2000,3.600000
53.2200,3.600000
53.2400,3.600000
53.2600,3.600000
53.2800,3.549155
53.3000,2.878616
53.3200,2.450191
53.3400,1.564347
53.3600,1.132579
53.3800,0.725033
53.4000,0.443269
53.4200,0.561446
53.4400,0.712798
53.4600,1.293111
53.4800,2.751703
53.5000,3.600000
53.5200,3.474404
53.5400,3.074753
53.5600,3.079158
53.5800,2.607218
53.6000,2.495430
53.6200,3.181033
53.6400,3.600000
53.6600,3.600000
53.6800,3.600000
53.7000,3.600000
53.7200,3.600000
53.7400,3.204240
53.7600,2.145089
53.7800,1.163612
53.8000,0.776168
53.8200,0.488752
53.8400,0.327828
53.8600,0.200291
53.8800,0.173001
53.9000,0.353342
53.9200,0.676204
53.9400,1.392305
53.9600,1.071634
53.9800,1.017533
54.0000,0.704329
54.0200,0.421370
54.0400,0.405862
54.0600,0.369460
54.0800,0.306050
54.1000,0.315260
54.1200,0.518761
54.1400,0.677954
54.1600,1.639264
54.1800,1.817334
54.2000,1.290437
54.2200,0.717751
54.2400,0.389290
54.2600,0.258469
54.2800,0.302215
54.3000,0.374392
54.3200,0.397398
54.3400,0.545228
54.3600,0.562308
54.3800,0.496683
54.4000,0.338395
54.4200,0.641016
54.4400,1.818942
54.4600,2.174377
54.4800,1.936499
54.5000,1.144641
54.5200,0.625626
54.5400,0.745775
54.5600,0.551844
54.5800,0.321845
54.6000,0.317166
54.6200,0.252346
54.6400,0.146633
54.6600,0.334678
54.6800,0.643048
54.7000,1.752854
54.7200,2.620077
54.7400,1.701145
54.7600,0.957972
54.7800,0.546973
54.8000,0.491906
54.8200,0.402403
54.8400,0.424057
54.8600,0.667154
54.8800,0.573687
54.9000,0.430683
54.9200,0.426275
54.9400,0.268584
54.9600,0.789901
54.9800,2.419788
55.0000,3.091454
55.0200,2.569593
55.0400,1.438137
55.0600,0.901691
55.0800,0.681869
55.1000,0.476778
55.1200,0.396461
55.1400,0.280141
55.1600,0.289328
55.1800,0.388449
55.2000,0.666121
55.2200,0.916994
55.2400,1.716512
55.2600,2.779550
55.2800,2.734317
55.3000,1.421239
55.3200,0.801003
55.3400,0.678590
55.3600,0.825696
55.3800,0.730316
55.4000,0.644776
55.4200,0.460494
55.4400,0.262396
55.4600,0.190033
55.4800,0.320227
55.5000,0.352132
55.5200,0.981968
55.5400,2.633772
55.5600,3.600000
55.5800,2.967051
55.6000,2.049585
55.6200,1.712438
55.6400,0.968682
55.6600,0.556540
55.6800,0.458364
55.7000,0.309928
55.7200,0.316658
55.7400,0.665356
55.7600,1.641036
55.7800,2.848052
55.8000,3.600000
55.8200,3.600000
55.8400,2.653195
55.8600,1.641993
55.8800,1.004387
55.9000,0.602682
55.9200,0.350363
55.9400,0.315537
55.9600,0.388214
55.9800,0.263658
56.0000,0.169826
56.0200,0.287814
56.0400,0.292937
56.0600,0.295962
56.0800,0.287506
56.1000,0.266193
56.1200,0.242106
56.1400,0.648338
56.1600,1.317494
56.1800,2.500491
56.2000,3.219481
56.2200,2.668131
56.2400,1.702363
56.2600,1.127250
56.2800,0.795075
56.3000,0.496498
56.3200,0.502454
56.3400,0.479415
56.3600,0.330887
56.3800,0.255952
56.4000,0.261721
56.4200,0.320526
56.4400,0.752598
56.4600,1.658727
56.4800,2.754356
56.5000,2.360157
56.5200,2.358256
56.5400,3.012547
56.5600,2.027933
56.5800,1.320856
56.6000,1.413415
56.6200,1.930761
56.6400,3.016011
56.6600,3.600000
56.6800,2.580269
56.7000,3.053979
56.7200,3.600000
56.7400,3.554217
56.7600,0.121502
56.7800,0.207967
56.8000,0.287668
56.8200,0.322659
56.8400,0.434376
56.8600,0.322451
56.8800,0.191508
56.9000,0.370103
56.9200,0.491034
56.9400,0.286772
56.9600,0.156573
56.9800,0.129424
57.0000,0.602763
57.0200,0.665840
57.0400,0.458597
57.0600,0.313532
57.0800,0.189317
57.1000,0.417018
57.1200,0.979519
57.1400,2.187798
57.1600,2.621586
57.1800,3.029943
57.2000,3.392261
57.2200,3.434751
57.2400,3.412903
57.2600,3.131374
57.2800,2.725091
57.3000,2.417244
57.3200,2.089633
57.3400,1.934690
57.3600,1.514930
57.3800,1.493985
57.4000,1.387633
57.4200,1.252771
57.4400,1.023469
57.4600,0.929224
57.4800,1.011710
57.5000,0.808233
57.5200,0.893923
57.5400,1.225567
57.5600,1.162167
57.5800,0.637875
57.6000,0.427369
57.6200,0.688903
57.6400,1.000468
57.6600,1.005873
57.6800,1.182448
57.7000,1.142690
57.7200,0.721011
57.7400,0.626393
57.7600,1.368550
57.7800,1.745875
57.8000,1.857605
57.8200,2.546552
57.8400,3.493201
57.8600,3.600000
57.8800,3.509731
57.9000,3.598702
57.9200,3.078545
57.9400,2.066068
57.9600,1.440673
57.9800,1.112798
58.0000,1.347827
58.0200,1.980052
58.0400,1.969178
58.0600,2.711256
58.0800,3.224543
58.1000,2.608364
58.1200,2.386734
58.1400,2.864350
58.1600,3.121063
58.1800,2.119251
58.2000,2.022284
58.2200,2.945892
58.2400,3.534094
58.2600,3.600000
58.2800,3.600000
58.3000,3.600000
58.3200,3.600000
58.3400,3.600000
58.3600,3.600000
58.3800,3.600000
58.4000,3.600000
58.4200,3.600000
58.4400,3.549155
58.4600,2.878616
58.4800,2.450191
58.5000,1.564347
58.5200,1.132579
58.5400,0.725033
58.5600,0.443269
58.5800,0.561446
58.6000,0.712798
58.6200,1.293111
58.6400,2.751703
58.6600,3.600000
58.6800,3.474404
58.7000,3.074753
58.7200,3.079158
58.7400,2.607218
58.7600,2.495430
58.7800,3.181033
58.8000,3.600000
58.8200,3.600000
58.8400,3.600000
58.8600,3.600000
58.8800,3.600000
58.9000,3.204240
58.9200,2.145089
58.9400,1.163612
58.9600,0.776168
58.9800,0.488752
59.0000,0.327828
59.0200,0.200291
59.0400,0.173001
59.0600,0.353342
59.0800,0.676204
59.1000,1.392305
59.1200,1.071634
59.1400,1.017533
59.1600,0.704329
59.1800,0.421370
59.2000,0.405862
59.2200,0.369460
59.2400,0.306050
59.2600,0.315260
59.2800,0.518761
59.3000,0.677954
59.3200,1.639264
59.3400,1.817334
59.3600,1.290437
59.3800,0.717751
59.4000,0.389290
59.4200,0.258469
59.4400,0.302215
59.4600,0.374392
59.4800,0.397398
59.5000,0.545228
59.5200,0.562308
59.5400,0.496683
59.5600,0.338395
59.5800,0.641016
59.6000,1.818942
59.6200,2.174377
59.6400,1.936499
59.6600,1.144641
59.6800,0.625626
59.7000,0.745775
59.7200,0.551844
59.7400,0.321845
59.7600,0.317166
59.7800,0.252346
59.8000,0.146633
59.8200,0.334678
59.8400,0.643048
59.8600,1.752854
59.8800,2.620077
59.9000,1.701145
59.9200,0.957972
59.9400,0.546973
59.9600,0.491906
59.9800,0.402403
60.0000,0.424057
60.0200,0.667154
60.0400,0.573687
60.0600,0.430683
60.0800,0.426275
60.1000,0.268584
60.1200,0.789901
60.1400,2.419788
60.1600,3.091454
60.1800,2.569593
60.2000,1.438137
60.2200,0.901691
60.2400,0.681869
60.2600,0.476778
60.2800,0.396461
60.3000,0.280141
60.3200,0.289328
60.3400,0.388449
60.3600,0.666121
60.3800,0.916994
60.4000,1.716512
60.4200,2.779550
60.4400,2.734317
60.4600,1.421239
60.4800,0.801003
60.5000,0.678590
60.5200,0.825696
60.5400,0.730316
60.5600,0.644776
60.5800,0.460494
60.6000,0.262396
60.6200,0.190033
60.6400,0.320227
60.6600,0.352132
60.6800,0.981968
60.7000,2.633772
60.7200,3.600000
60.7400,2.967051
60.7600,2.049585
60.7800,1.712438
60.8000,0.968682
60.8200,0.556540
60.8400,0.458364
60.8600,0.309928
60.8800,0.316658
60.9000,0.665356
60.9200,1.641036
60.9400,2.848052
60.9600,3.600000
60.9800,3.600000
61.0000,2.653195
61.0200,1.641993
61.0400,1.004387
61.0600,0.602682
61.0800,0.350363
61.1000,0.315537
61.1200,0.388214
61.1400,0.263658
61.1600,0.169826
61.1800,0.287814
61.2000,0.292937
61.2200,0.295962
61.2400,0.287506
61.2600,0.266193
61.2800,0.242106
61.3000,0.648338
61.3200,1.317494
61.3400,2.500491
61.3600,3.219481
61.3800,2.668131
61.4000,1.702363
61.4200,1.127250
61.4400,0.795075
61.4600,0.496498
61.4800,0.502454
61.5000,0.479415
61.5200,0.330887
61.5400,0.255952
61.5600,0.261721
61.5800,0.320526
61.6000,0.752598
61.6200,1.658727
61.6400,2.754356
61.6600,2.360157
61.6800,2.358256
61.7000,3.012547
61.7200,2.027933
61.7400,1.320856
61.7600,1.413415
61.7800,1.930761
61.8000,3.016011
61.8200,3.600000
61.8400,2.580269
61.8600,3.053979
61.8800,3.600000
61.9000,3.554217
61.9200,0.121502
61.9400,0.207967
61.9600,0.287668
61.9800,0.322659
62.0000,0.434376
62.0200,0.322451
62.0400,0.191508
62.0600,0.370103
62.0800,0.491034
62.1000,0.286772
62.1200,0.156573
62.1400,0.129424
62.1600,0.602763
62.1800,0.665840
62.2000,0.458597
62.2200,0.313532
62.2400,0.189317
62.2600,0.417018
62.2800,0.979519
62.3000,2.187798
62.3200,2.621586
62.3400,3.029943
62.3600,3.392261
62.3800,3.434751
62.4000,3.412903
62.4200,3.131374
62.4400,2.725091
62.4600,2.417244
62.4800,2.089633
62.5000,1.934690
62.5200,1.514930
62.5400,1.493985
62.5600,1.387633
62.5800,1.252771
62.6000,1.023469
62.6200,0.929224
62.6400,1.011710
62.6600,0.808233
62.6800,0.893923
62.7000,1.225567
62.7200,1.162167
62.7400,0.637875
62.7600,0.427369
62.7800,0.688903
62.8000,1.000468
62.8200,1.005873
62.8400,1.182448
62.8600,1.142690
62.8800,0.721011
62.9000,0.626393
62.9200,1.368550
62.9400,1.745875
62.9600,1.857605
62.9800,2.546552
63.0000,3.493201
63.0200,3.600000
63.0400,3.509731
63.0600,3.598702
63.0800,3.078545
63.1000,2.066068
63.1200,1.440673
63.1400,1.112798
63.1600,1.347827
63.1800,1.980052
63.2000,1.969178
63.2200,2.711256
63.2400,3.224543
63.2600,2.608364
63.2800,2.386734
63.3000,2.864350
63.3200,3.121063
63.3400,2.119251
63.3600,2.022284
63.3800,2.945892
63.4000,3.534094
63.4200,3.600000
63.4400,3.600000
63.4600,3.600000
63.4800,3.600000
63.5000,3.600000
63.5200,3.600000
63.5400,3.600000
63.5600,3.600000
63.5800,3.600000
63.6000,3.549155
63.6200,2.878616
63.6400,2.450191
63.6600,1.564347
63.6800,1.132579
63.7000,0.725033
63.7200,0.443269
63.7400,0.561446
63.7600,0.712798
63.7800,1.293111
63.8000,2.751703
63.8200,3.600000
63.8400,3.474404
63.8600,3.074753
63.8800,3.079158
63.9000,2.607218
63.9200,2.495430
63.9400,3.181033
63.9600,3.600000
63.9800,3.600000
64.0000,3.600000
64.0200,3.600000
64.0400,3.600000
64.0600,3.204240
64.0800,2.145089
64.1000,1.163612
64.1200,0.776168
64.1400,0.488752
64.1600,0.327828
64.1800,0.200291
64.2000,0.173001
64.2200,0.353342
64.2400,0.676204
64.2600,1.392305
64.2800,1.071634
64.3000,1.017533
64.3200,0.704329
64.3400,0.421370
64.3600,0.405862
64.3800,0.369460
64.4000,0.306050
64.4200,0.315260
64.4400,0.518761
64.4600,0.677954
64.4800,1.639264
64.5000,1.817334
64.5200,1.290437
64.5400,0.717751
64.5600,0.389290
64.5800,0.258469
64.6000,0.302215
64.6200,0.374392
64.6400,0.397398
64.6600,0.545228
64.6800,0.562308
64.7000,0.496683
64.7200,0.338395
64.7400,0.641016
64.7600,1.818942
64.7800,2.174377
64.8000,1.936499
64.8200,1.144641
64.8400,0.625626
64.8600,0.745775
64.8800,0.551844
64.9000,0.321845
64.9200,0.317166
64.9400,0.252346
64.9600,0.146633
64.9800,0.334678
65.0000,0.643048
65.0200,1.752854
65.0400,2.620077
65.0600,1.701145
65.0800,0.957972
65.1000,0.546973
65.1200,0.491906
65.1400,0.402403
65.1600,0.424057
65.1800,0.667154
65.2000,0.573687
65.2200,0.430683
65.2400,0.426275
65.2600,0.268584
65.2800,0.789901
65.3000,2.419788
65.3200,3.091454
65.3400,2.569593
65.3600,1.438137
65.3800,0.901691
65.4000,0.681869
65.4200,0.476778
65.4400,0.396461
65.4600,0.280141
65.4800,0.289328
65.5000,0.388449
65.5200,0.666121
65.5400,0.916994
65.5600,1.716512
65.5800,2.779550
65.6000,2.734317
65.6200,1.421239
65.6400,0.801003
65.6600,0.678590
65.6800,0.825696
65.7000,0.730316
65.7200,0.644776
65.7400,0.460494
65.7600,0.262396
65.7800,0.190033
65.8000,0.320227
65.8200,0.352132
65.8400,0.981968
65.8600,2.633772
65.8800,3.600000
65.9000,2.967051
65.9200,2.049585
65.9400,1.712438
65.9600,0.968682
65.9800,0.556540
66.0000,0.458364
66.0200,0.309928
66.0400,0.316658
66.0600,0.665356
66.0800,1.641036
66.1000,2.848052
66.1200,3.600000
66.1400,3.600000
66.1600,2.653195
66.1800,1.641993
66.2000,1.004387
66.2200,0.602682
66.2400,0.350363
66.2600,0.315537
66.2800,0.388214
66.3000,0.263658
66.3200,0.169826
66.3400,0.287814
66.3600,0.292937
66.3800,0.295962
66.4000,0.287506
66.4200,0.266193
66.4400,0.242106
66.4600,0.648338
66.4800,1.317494
66.5000,2.500491
66.5200,3.219481
66.5400,2.668131
66.5600,1.702363
66.5800,1.127250
66.6000,0.795075
66.6200,0.496498
66.6400,0.502454
66.6600,0.479415
66.6800,0.330887
66.7000,0.255952
66.7200,0.261721
66.7400,0.320526
66.7600,0.752598
66.7800,1.658727
66.8000,2.754356
66.8200,2.360157
66.8400,2.358256
66.8600,3.012547
66.8800,2.027933
66.9000,1.320856
66.9200,1.413415
66.9400,1.930761
66.9600,3.016011
66.9800,3.600000
67.0000,2.580269
67.0200,3.053979
67.0400,3.600000
67.0600,3.554217
67.0800,0.121502
67.1000,0.207967
67.1200,0.287668
67.1400,0.322659
67.1600,0.434376
67.1800,0.322451
67.2000,0.191508
67.2200,0.370103
67.2400,0.491034
67.2600,0.286772
67.2800,0.156573
67.3000,0.129424
67.3200,0.602763
67.3400,0.665840
67.3600,0.458597
67.3800,0.313532
67.4000,0.189317
67.4200,0.417018
67.4400,0.979519
67.4600,2.187798
67.4800,2.621586
67.5000,3.029943
67.5200,3.392261
67.5400,3.434751
67.5600,3.412903
67.5800,3.131374
67.6000,2.725091
67.6200,2.417244
67.6400,2.089633
67.6600,1.934690
67.6800,1.514930
67.7000,1.493985
67.7200,1.387633
67.7400,1.252771
67.7600,1.023469
67.7800,0.929224
67.8000,1.011710
67.8200,0.808233
67.8400,0.893923
67.8600,1.225567
67.8800,1.162167
67.9000,0.637875
67.9200,0.427369
67.9400,0.688903
67.9600,1.000468
67.9800,1.005873
68.0000,1.182448
68.0200,1.142690
68.0400,0.721011
68.0600,0.626393
68.0800,1.368550
68.1000,1.745875
68.1200,1.857605
68.1400,2.546552
68.1600,3.493201
68.1800,3.600000
68.2000,3.509731
68.2200,3.598702
68.2400,3.078545
68.2600,2.066068
68.2800,1.440673
68.3000,1.112798
68.3200,1.347827
68.3400,1.980052
68.3600,1.969178
68.3800,2.711256
68.4000,3.224543
68.4200,2.608364
68.4400,2.386734
68.4600,2.864350
68.4800,3.121063
68.5000,2.119251
68.5200,2.022284
68.5400,2.945892
68.5600,3.534094
68.5800,3.600000
68.6000,3.600000
68.6200,3.600000
68.6400,3.600000
68.6600,3.600000
68.6800,3.600000
68.7000,3.600000
68.7200,3.600000
68.7400,3.600000
68.7600,3.549155
68.7800,2.878616
68.8000,2.450191
68.8200,1.564347
68.8400,1.132579
68.8600,0.725033
68.8800,0.443269
68.9000,0.561446
68.9200,0.712798
68.9400,1.293111
68.9600,2.751703
68.9800,3.600000
69.0000,3.474404
69.0200,3.074753
69.0400,3.079158
69.0600,2.607218
69.0800,2.495430
69.1000,3.181033
69.1200,3.600000
69.1400,3.600000
69.1600,3.600000
69.1800,3.600000
69.2000,3.600000
69.2200,3.204240
69.2400,2.145089
69.2600,1.163612
69.2800,0.776168
69.3000,0.488752
69.3200,0.327828
69.3400,0.200291
69.3600,0.173001
69.3800,0.353342
69.4000,0.676204
69.4200,1.392305
69.4400,1.071634
69.4600,1.017533
69.4800,0.704329
69.5000,0.421370
69.5200,0.405862
69.5400,0.369460
69.5600,0.306050
69.5800,0.315260
69.6000,0.518761
69.6200,0.677954
69.6400,1.639264
69.6600,1.817334
69.6800,1.290437
69.7000,0.717751
69.7200,0.389290
69.7400,0.258469
69.7600,0.302215
69.7800,0.374392
69.8000,0.397398
69.8200,0.545228
69.8400,0.562308
69.8600,0.496683
69.8800,0.338395
69.9000,0.641016
69.9200,1.818942
69.9400,2.174377
69.9600,1.936499
69.9800,1.144641
70.0000,0.625626
70.0200,0.745775
70.0400,0.551844
70.0600,0.321845
70.0800,0.317166
70.1000,0.252346
70.1200,0.146633
70.1400,0.334678
70.1600,0.643048
70.1800,1.752854
70.2000,2.620077
70.2200,1.701145
70.2400,0.957972
70.2600,0.546973
70.2800,0.491906
70.3000,0.402403
70.3200,0.424057
70.3400,0.667154
70.3600,0.573687
70.3800,0.430683
70.4000,0.426275
70.4200,0.268584
70.4400,0.789901
70.4600,2.419788
70.4800,3.091454
70.5000,2.569593
70.5200,1.438137
70.5400,0.901691
70.5600,0.681869
70.5800,0.476778
70.6000,0.396461
70.6200,0.280141
70.6400,0.289328
70.6600,0.388449
70.6800,0.666121
70.7000,0.916994
70.7200,1.716512
70.7400,2.779550
70.7600,2.734317
70.7800,1.421239
70.8000,0.801003
70.8200,0.678590
70.8400,0.825696
70.8600,0.730316
70.8800,0.644776
70.9000,0.460494
70.9200,0.262396
70.9400,0.190033
70.9600,0.320227
70.9800,0.352132
71.0000,0.981968
71.0200,2.633772
71.0400,3.600000
71.0600,2.967051
71.0800,2.049585
71.1000,1.712438
71.1200,0.968682
71.1400,0.556540
71.1600,0.458364
71.1800,0.309928
71.2000,0.316658
71.2200,0.665356
71.2400,1.641036
71.2600,2.848052
71.2800,3.600000
71.3000,3.600000
71.3200,2.653195
71.3400,1.641993
71.3600,1.004387
71.3800,0.602682
71.4000,0.350363
71.4200,0.315537
71.4400,0.388214
71.4600,0.263658
71.4800,0.169826
71.5000,0.287814
71.5200,0.292937
71.5400,0.295962
71.5600,0.287506
71.5800,0.266193
71.6000,0.242106
71.6200,0.648338
71.6400,1.317494
71.6600,2.500491
71.6800,3.219481
71.7000,2.668131
71.7200,1.702363
71.7400,1.127250
71.7600,0.795075
71.7800,0.496498
71.8000,0.502454
71.8200,0.479415
71.8400,0.330887
71.8600,0.255952
71.8800,0.261721
71.9000,0.320526
71.9200,0.752598
71.9400,1.658727
71.9600,2.754356
71.9800,2.360157
72.0000,2.358256
72.0200,3.012547
72.0400,2.027933
72.0600,1.320856
72.0800,1.413415
72.1000,1.930761
72.1200,3.016011
72.1400,3.600000
72.1600,2.580269
72.1800,3.053979
72.2000,3.600000
72.2200,3.554217
72.2400,0.121502
72.2600,0.207967
72.2800,0.287668
72.3000,0.322659
72.3200,0.434376
72.3400,0.322451
72.3600,0.191508
72.3800,0.370103
72.4000,0.491034
72.4200,0.286772
72.4400,0.156573
72.4600,0.129424
72.4800,0.602763
72.5000,0.665840
72.5200,0.458597
72.5400,0.313532
72.5600,0.189317
72.5800,0.417018
72.6000,0.979519
72.6200,2.187798
72.6400,2.621586
72.6600,3.029943
72.6800,3.392261
72.7000,3.434751
72.7200,3.412903
72.7400,3.131374
72.7600,2.725091
72.7800,2.417244
72.8000,2.089633
72.8200,1.934690
72.8400,1.514930
72.8600,1.493985
72.8800,1.387633
72.9000,1.252771
72.9200,1.023469
72.9400,0.929224
72.9600,1.011710
72.9800,0.808233
73.0000,0.893923
73.0200,1.225567
73.0400,1.162167
73.0600,0.637875
73.0800,0.427369
73.1000,0.688903
73.1200,1.000468
73.1400,1.005873
73.1600,1.182448
73.1800,1.142690
73.2000,0.721011
73.2200,0.626393
73.2400,1.368550
73.2600,1.745875
73.2800,1.857605
73.3000,2.546552
73.3200,3.493201
73.3400,3.600000
73.3600,3.509731
73.3800,3.598702
73.4000,3.078545
73.4200,2.066068
73.4400,1.440673
73.4600,1.112798
73.4800,1.347827
73.5000,1.980052
73.5200,1.969178
73.5400,2.711256
73.5600,3.224543
73.5800,2.608364
73.6000,2.386734
73.6200,2.864350
73.6400,3.121063
73.6600,2.119251
73.6800,2.022284
73.7000,2.945892
73.7200,3.534094
73.7400,3.600000
73.7600,3.600000
73.7800,3.600000
73.8000,3.600000
73.8200,3.600000
73.8400,3.600000
73.8600,3.600000
73.8800,3.600000
73.9000,3.600000
73.9200,3.549155
73.9400,2.878616
73.9600,2.450191
73.9800,1.564347
74.0000,1.132579
74.0200,0.725033
74.0400,0.443269
74.0600,0.561446
74.0800,0.712798
74.1000,1.293111
74.1200,2.751703
74.1400,3.600000
74.1600,3.474404
74.1800,3.074753
74.2000,3.079158
74.2200,2.607218
74.2400,2.495430
74.2600,3.181033
74.2800,3.600000
74.3000,3.600000
74.3200,3.600000
74.3400,3.600000
74.3600,3.600000
74.3800,3.204240
74.4000,2.145089
74.4200,1.163612
74.4400,0.776168
74.4600,0.488752
74.4800,0.327828
74.5000,0.200291
74.5200,0.173001
74.5400,0.353342
74.5600,0.676204
74.5800,1.392305
74.6000,1.071634
74.6200,1.017533
74.6400,0.704329
74.6600,0.421370
74.6800,0.405862
74.7000,0.369460
74.7200,0.306050
74.7400,0.315260
74.7600,0.518761
74.7800,0.677954
74.8000,1.639264
74.8200,1.817334
74.8400,1.290437
74.8600,0.717751
74.8800,0.389290
74.9000,0.258469
74.9200,0.302215
74.9400,0.374392
74.9600,0.397398
74.9800,0.545228
75.0000,0.562308
75.0200,0.496683
75.0400,0.338395
75.0600,0.641016
75.0800,1.818942
75.1000,2.174377
75.1200,1.936499
75.1400,1.144641
75.1600,0.625626
75.1800,0.745775
75.2000,0.551844
75.2200,0.321845
75.2400,0.317166
75.2600,0.252346
75.2800,0.146633
75.3000,0.334678
75.3200,0.643048
75.3400,1.752854
75.3600,2.620077
75.3800,1.701145
75.4000,0.957972
75.4200,0.546973
75.4400,0.491906
75.4600,0.402403
75.4800,0.424057
75.5000,0.667154
75.5200,0.573687
75.5400,0.430683
75.5600,0.426275
75.5800,0.268584
75.6000,0.789901
75.6200,2.419788
75.6400,3.091454
75.6600,2.569593
75.6800,1.438137
75.7000,0.901691
75.7200,0.681869
75.7400,0.476778
75.7600,0.396461
75.7800,0.280141
75.8000,0.289328
75.8200,0.388449
75.8400,0.666121
75.8600,0.916994
75.8800,1.716512
75.9000,2.779550
75.9200,2.734317
75.9400,1.421239
75.9600,0.801003
75.9800,0.678590
76.0000,0.825696
76.0200,0.730316
76.0400,0.644776
76.0600,0.460494
76.0800,0.262396
76.1000,0.190033
76.1200,0.320227
76.1400,0.352132
76.1600,0.981968
76.1800,2.633772
76.2000,3.600000
76.2200,2.967051
76.2400,2.049585
76.2600,1.712438
76.2800,0.968682
76.3000,0.556540
76.3200,0.458364
76.3400,0.309928
76.3600,0.316658
76.3800,0.665356
76.4000,1.641036
76.4200,2.848052
76.4400,3.600000
76.4600,3.600000
76.4800,2.653195
76.5000,1.641993
76.5200,1.004387
76.5400,0.602682
76.5600,0.350363
76.5800,0.315537
76.6000,0.388214
76.6200,0.263658
76.6400,0.169826
76.6600,0.287814
76.6800,0.292937
76.7000,0.295962
76.7200,0.287506
76.7400,0.266193
76.7600,0.242106
76.7800,0.648338
76.8000,1.317494
76.8200,2.500491
76.8400,3.219481
76.8600,2.668131
76.8800,1.702363
76.9000,1.127250
76.9200,0.795075
76.9400,0.496498
76.9600,0.502454
76.9800,0.479415
77.0000,0.330887
77.0200,0.255952
77.0400,0.261721
77.0600,0.320526
77.0800,0.752598
77.1000,1.658727
77.1200,2.754356
77.1400,2.360157
77.1600,2.358256
77.1800,3.012547
77.2000,2.027933
77.2200,1.320856
77.2400,1.413415
77.2600,1.930761
77.2800,3.016011
77.3000,3.600000
77.3200,2.580269
77.3400,3.053979
77.3600,3.600000
77.3800,3.554217
77.4000,0.121502
77.4200,0.207967
77.4400,0.287668
77.4600,0.322659
77.4800,0.434376
77.5000,0.322451
77.5200,0.191508
77.5400,0.370103
77.5600,0.491034
77.5800,0.286772
77.6000,0.156573
77.6200,0.129424
77.6400,0.602763
77.6600,0.665840
77.6800,0.458597
77.7000,0.313532
77.7200,0.189317
77.7400,0.417018
77.7600,0.979519
77.7800,2.187798
77.8000,2.621586
77.8200,3.029943
77.8400,3.392261
77.8600,3.434751
77.8800,3.412903
77.9000,3.131374
77.9200,2.725091
77.9400,2.417244
77.9600,2.089633
77.9800,1.934690
78.0000,1.514930
78.0200,1.493985
78.0400,1.387633
78.0600,1.252771
78.0800,1.023469
78.1000,0.929224
78.1200,1.011710
78.1400,0.808233
78.1600,0.893923
78.1800,1.225567
78.2000,1.162167
78.2200,0.637875
78.2400,0.427369
78.2600,0.688903
78.2800,1.000468
78.3000,1.005873
78.3200,1.182448
78.3400,1.142690
78.3600,0.721011
78.3800,0.626393
78.4000,1.368550
78.4200,1.745875
78.4400,1.857605
78.4600,2.546552
78.4800,3.493201
78.5000,3.600000
78.5200,3.509731
78.5400,3.598702
78.5600,3.078545
78.5800,2.066068
78.6000,1.440673
78.6200,1.112798
78.6400,1.347827
78.6600,1.980052
78.6800,1.969178
78.7000,2.711256
78.7200,3.224543
78.7400,2.608364
78.7600,2.386734
78.7800,2.864350
78.8000,3.121063
78.8200,2.119251
78.8400,2.022284
78.8600,2.945892
78.8800,3.534094
78.9000,3.600000
78.9200,3.600000
78.9400,3.600000
78.9600,3.600000
78.9800,3.600000
79.0000,3.600000
79.0200,3.600000
79.0400,3.600000
79.0600,3.600000
79.0800,3.549155
79.1000,2.878616
79.1200,2.450191
79.1400,1.564347
79.1600,1.132579
79.1800,0.725033
79.2000,0.443269
79.2200,0.561446
79.2400,0.712798
79.2600,1.293111
79.2800,2.751703
79.3000,3.600000
79.3200,3.474404
79.3400,3.074753
79.3600,3.079158
79.3800,2.607218
79.4000,2.495430
79.4200,3.181033
79.4400,3.600000
79.4600,3.600000
79.4800,3.600000
79.5000,3.600000
79.5200,3.600000
79.5400,3.204240
79.5600,2.145089
79.5800,1.163612
79.6000,0.776168
79.6200,0.488752
79.6400,0.327828
79.6600,0.200291
79.6800,0.173001
79.7000,0.353342
79.7200,0.676204
79.7400,1.392305
79.7600,1.071634
79.7800,1.017533
79.8000,0.704329
79.8200,0.421370
79.8400,0.405862
79.8600,0.369460
79.8800,0.306050
79.9000,0.315260
79.9200,0.518761
79.9400,0.677954
79.9600,1.639264
79.9800,1.817334
80.0000,1.290437
80.0200,0.717751
80.0400,0.389290
80.0600,0.258469
80.0800,0.302215
80.1000,0.374392
80.1200,0.397398
80.1400,0.545228
80.1600,0.562308
80.1800,0.496683
80.2000,0.338395
80.2200,0.641016
80.2400,1.818942
80.2600,2.174377
80.2800,1.936499
80.3000,1.144641
80.3200,0.625626
80.3400,0.745775
80.3600,0.551844
80.3800,0.321845
80.4000,0.317166
80.4200,0.252346
80.4400,0.146633
80.4600,0.334678
80.4800,0.643048
80.5000,1.752854
80.5200,2.620077
80.5400,1.701145
80.5600,0.957972
80.5800,0.546973
80.6000,0.491906
80.6200,0.402403
80.6400,0.424057
80.6600,0.667154
80.6800,0.573687
80.7000,0.430683
80.7200,0.426275
80.7400,0.268584
80.7600,0.789901
80.7800,2.419788
80.8000,3.091454
80.8200,2.569593
80.8400,1.438137
80.8600,0.901691
80.8800,0.681869
80.9000,0.476778
80.9200,0.396461
80.9400,0.280141
80.9600,0.289328
80.9800,0.388449
81.0000,0.666121
81.0200,0.916994
81.0400,1.716512
81.0600,2.779550
81.0800,2.734317
81.1000,1.421239
81.1200,0.801003
81.1400,0.678590
81.1600,0.825696
81.1800,0.730316
81.2000,0.644776
81.2200,0.460494
81.2400,0.262396
81.2600,0.190033
81.2800,0.320227
81.3000,0.352132
81.3200,0.981968
81.3400,2.633772
81.3600,3.600000
81.3800,2.967051
81.4000,2.049585
81.4200,1.712438
81.4400,0.968682
81.4600,0.556540
81.4800,0.458364
81.5000,0.309928
81.5200,0.316658
81.5400,0.665356
81.5600,1.641036
81.5800,2.848052
81.6000,3.600000
81.6200,3.600000
81.6400,2.653195
81.6600,1.641993
81.6800,1.004387
81.7000,0.602682
81.7200,0.350363
81.7400,0.315537
81.7600,0.388214
81.7800,0.263658
81.8000,0.169826
81.8200,0.287814
81.8400,0.292937
81.8600,0.295962
81.8800,0.287506
81.9000,0.266193
81.9200,0.242106
81.9400,0.648338
81.9600,1.317494
81.9800,2.500491
82.0000,3.219481
82.0200,2.668131
82.0400,1.702363
82.0600,1.127250
82.0800,0.795075
82.1000,0.496498
82.1200,0.502454
82.1400,0.479415
82.1600,0.330887
82.1800,0.255952
82.2000,0.261721
82.2200,0.320526
82.2400,0.752598
82.2600,1.658727
82.2800,2.754356
82.3000,2.360157
82.3200,2.358256
82.3400,3.012547
82.3600,2.027933
82.3800,1.320856
82.4000,1.413415
82.4200,1.930761
82.4400,3.016011
82.4600,3.600000
82.4800,2.580269
82.5000,3.053979
82.5200,3.600000
82.5400,3.554217
82.5600,0.121502
82.5800,0.207967
82.6000,0.287668
82.6200,0.322659
82.6400,0.434376
82.6600,0.322451
82.6800,0.191508
82.7000,0.370103
82.7200,0.491034
82.7400,0.286772
82.7600,0.156573
82.7800,0.129424
82.8000,0.602763
82.8200,0.665840
82.8400,0.458597
82.8600,0.313532
82.8800,0.189317
82.9000,0.417018
82.9200,0.979519
82.9400,2.187798
82.9600,2.621586
82.9800,3.029943
83.0000,3.392261
83.0200,3.434751
83.0400,3.412903
83.0600,3.131374
83.0800,2.725091
83.1000,2.417244
83.1200,2.089633
83.1400,1.934690
83.1600,1.514930
83.1800,1.493985
83.2000,1.387633
83.2200,1.252771
83.2400,1.023469
83.2600,0.929224
83.2800,1.011710
83.3000,0.808233
83.3200,0.893923
83.3400,1.225567
83.3600,1.162167
83.3800,0.637875
83.4000,0.427369
83.4200,0.688903
83.4400,1.000468
83.4600,1.005873
83.4800,1.182448
83.5000,1.142690
83.5200,0.721011
83.5400,0.626393
83.5600,1.368550
83.5800,1.745875
83.6000,1.857605
83.6200,2.546552
83.6400,3.493201
83.6600,3.600000
83.6800,3.509731
83.7000,3.598702
83.7200,3.078545
83.7400,2.066068
83.7600,1.440673
83.7800,1.112798
83.8000,1.347827
83.8200,1.980052
83.8400,1.969178
83.8600,2.711256
83.8800,3.224543
83.9000,2.608364
83.9200,2.386734
83.9400,2.864350
83.9600,3.121063
83.9800,2.119251
84.0000,2.022284
84.0200,2.945892
84.0400,3.534094
84.0600,3.600000
84.0800,3.600000
84.1000,3.600000
84.1200,3.600000
84.1400,3.600000
84.1600,3.600000
84.1800,3.600000
84.2000,3.600000
84.2200,3.600000
84.2400,3.549155
84.2600,2.878616
84.2800,2.450191
84.3000,1.564347
84.3200,1.132579
84.3400,0.725033
84.3600,0.443269
84.3800,0.561446
84.4000,0.712798
84.4200,1.293111
84.4400,2.751703
84.4600,3.600000
84.4800,3.474404
84.5000,3.074753
84.5200,3.079158
84.5400,2.607218
84.5600,2.495430
84.5800,3.181033
84.6000,3.600000
84.6200,3.600000
84.6400,3.600000
84.6600,3.600000
84.6800,3.600000
84.7000,3.204240
84.7200,2.145089
84.7400,1.163612
84.7600,0.776168
84.7800,0.488752
84.8000,0.327828
84.8200,0.200291
84.8400,0.173001
84.8600,0.353342
84.8800,0.676204
84.9000,1.392305
84.9200,1.071634
84.9400,1.017533
84.9600,0.704329
84.9800,0.421370
85.0000,0.405862
85.0200,0.369460
85.0400,0.306050
85.0600,0.315260
85.0800,0.518761
85.1000,0.677954
85.1200,1.639264
85.1400,1.817334
85.1600,1.290437
85.1800,0.717751
85.2000,0.389290
85.2200,0.258469
85.2400,0.302215
85.2600,0.374392
85.2800,0.397398
85.3000,0.545228
85.3200,0.562308
85.3400,0.496683
85.3600,0.338395
85.3800,0.641016
85.4000,1.818942
85.4200,2.174377
85.4400,1.936499
85.4600,1.144641
85.4800,0.625626
85.5000,0.745775
85.5200,0.551844
85.5400,0.321845
85.5600,0.317166
85.5800,0.252346
85.6000,0.146633
85.6200,0.334678
85.6400,0.643048
85.6600,1.752854
85.6800,2.620077
85.7000,1.701145
85.7200,0.957972
85.7400,0.546973
85.7600,0.491906
85.7800,0.402403
85.8000,0.424057
85.8200,0.667154
85.8400,0.573687
85.8600,0.430683
85.8800,0.426275
85.9000,0.268584
85.9200,0.789901
85.9400,2.419788
85.9600,3.091454
85.9800,2.569593
86.0000,1.438137
86.0200,0.901691
86.0400,0.681869
86.0600,0.476778
86.0800,0.396461
86.1000,0.280141
86.1200,0.289328
86.1400,0.388449
86.1600,0.666121
86.1800,0.916994
86.2000,1.716512
86.2200,2.779550
86.2400,2.734317
86.2600,1.421239
86.2800,0.801003
86.3000,0.678590
86.3200,0.825696
86.3400,0.730316
86.3600,0.644776
86.3800,0.460494
86.4000,0.262396
86.4200,0.190033
86.4400,0.320227
86.4600,0.352132
86.4800,0.981968
86.5000,2.633772
86.5200,3.600000
86.5400,2.967051
86.5600,2.049585
86.5800,1.712438
86.6000,0.968682
86.6200,0.556540
86.6400,0.458364
86.6600,0.309928
86.6800,0.316658
86.7000,0.665356
86.7200,1.641036
86.7400,2.848052
86.7600,3.600000
86.7800,3.600000
86.8000,2.653195
86.8200,1.641993
86.8400,1.004387
86.8600,0.602682
86.8800,0.350363
86.9000,0.315537
86.9200,0.388214
86.9400,0.263658
86.9600,0.169826
86.9800,0.287814
87.0000,0.292937
87.0200,0.295962
87.0400,0.287506
87.0600,0.266193
87.0800,0.242106
87.1000,0.648338
87.1200,1.317494
87.1400,2.500491
87.1600,3.219481
87.1800,2.668131
87.2000,1.702363
87.2200,1.127250
87.2400,0.795075
87.2600,0.496498
87.2800,0.502454
87.3000,0.479415
87.3200,0.330887
87.3400,0.255952
87.3600,0.261721
87.3800,0.320526
87.4000,0.752598
87.4200,1.658727
87.4400,2.754356
87.4600,2.360157
87.4800,2.358256
87.5000,3.012547
87.5200,2.027933
87.5400,1.320856
87.5600,1.413415
87.5800,1.930761
87.6000,3.016011
87.6200,3.600000
87.6400,2.580269
87.6600,3.053979
87.6800,3.600000
87.7000,3.554217
87.7200,0.121502
87.7400,0.207967
87.7600,0.287668
87.7800,0.322659
87.8000,0.434376
87.8200,0.322451
87.8400,0.191508
87.8600,0.370103
87.8800,0.491034
87.9000,0.286772
87.9200,0.156573
87.9400,0.129424
87.9600,0.602763
87.9800,0.665840
88.0000,0.458597
88.0200,0.313532
88.0400,0.189317
88.0600,0.417018
88.0800,0.979519
88.1000,2.187798
88.1200,2.621586
88.1400,3.029943
88.1600,3.392261
88.1800,3.434751
88.2000,3.412903
88.2200,3.131374
88.2400,2.725091
88.2600,2.417244
88.2800,2.089633
88.3000,1.934690
88.3200,1.514930
88.3400,1.493985
88.3600,1.387633
88.3800,1.252771
88.4000,1.023469
88.4200,0.929224
88.4400,1.011710
88.4600,0.808233
88.4800,0.893923
88.5000,1.225567
88.5200,1.162167
88.5400,0.637875
88.5600,0.427369
88.5800,0.688903
88.6000,1.000468
88.6200,1.005873
88.6400,1.182448
88.6600,1.142690
88.6800,0.721011
88.7000,0.626393
88.7200,1.368550
88.7400,1.745875
88.7600,1.857605
88.7800,2.546552
88.8000,3.493201
88.8200,3.600000
88.8400,3.509731
88.8600,3.598702
88.8800,3.078545
88.9000,2.066068
88.9200,1.440673
88.9400,1.112798
88.9600,1.347827
88.9800,1.980052
89.0000,1.969178
89.0200,2.711256
89.0400,3.224543
89.0600,2.608364
89.0800,2.386734
89.1000,2.864350
89.1200,3.121063
89.1400,2.119251
89.1600,2.022284
89.1800,2.945892
89.2000,3.534094
89.2200,3.600000
89.2400,3.600000
89.2600,3.600000
89.2800,3.600000
89.3000,3.600000
89.3200,3.600000
89.3400,3.600000
89.3600,3.600000
89.3800,3.600000
89.4000,3.549155
89.4200,2.878616
89.4400,2.450191
89.4600,1.564347
89.4800,1.132579
89.5000,0.725033
89.5200,0.443269
89.5400,0.561446
89.5600,0.712798
89.5800,1.293111
89.6000,2.751703
89.6200,3.600000
89.6400,3.474404
89.6600,3.074753
89.6800,3.079158
89.7000,2.607218
89.7200,2.495430
89.7400,3.181033
89.7600,3.600000
89.7800,3.600000
89.8000,3.600000
89.8200,3.600000
89.8400,3.600000
89.8600,3.204240
89.8800,2.145089
89.9000,1.163612
89.9200,0.776168
89.9400,0.488752
89.9600,0.327828
89.9800,0.200291
90.0000,0.173001
90.0200,0.353342
90.0400,0.676204
90.0600,1.392305
90.0800,1.071634
90.1000,1.017533
90.1200,0.704329
90.1400,0.421370
90.1600,0.405862
90.1800,0.369460
90.2000,0.306050
90.2200,0.315260
90.2400,0.518761
90.2600,0.677954
90.2800,1.639264
90.3000,1.817334
90.3200,1.290437
90.3400,0.717751
90.3600,0.389290
90.3800,0.258469
90.4000,0.302215
90.4200,0.374392
90.4400,0.397398
90.4600,0.545228
90.4800,0.562308
90.5000,0.496683
90.5200,0.338395
90.5400,0.641016
90.5600,1.818942
90.5800,2.174377
90.6000,1.936499
90.6200,1.144641
90.6400,0.625626
90.6600,0.745775
90.6800,0.551844
90.7000,0.321845
90.7200,0.317166
90.7400,0.252346
90.7600,0.146633
90.7800,0.334678
90.8000,0.643048
90.8200,1.752854
90.8400,2.620077
90.8600,1.701145
90.8800,0.957972
90.9000,0.546973
90.9200,0.491906
90.9400,0.402403
90.9600,0.424057
90.9800,0.667154
91.0000,0.573687
91.0200,0.430683
91.0400,0.426275
91.0600,0.268584
91.0800,0.789901
91.1000,2.419788
91.1200,3.091454
91.1400,2.569593
91.1600,1.438137
91.1800,0.901691
91.2000,0.681869
91.2200,0.476778
91.2400,0.396461
91.2600,0.280141
91.2800,0.289328
91.3000,0.388449
91.3200,0.666121
91.3400,0.916994
91.3600,1.716512
91.3800,2.779550
91.4000,2.734317
91.4200,1.421239
91.4400,0.801003
91.4600,0.678590
91.4800,0.825696
91.5000,0.730316
91.5200,0.644776
91.5400,0.460494
91.5600,0.262396
91.5800,0.190033
91.6000,0.320227
91.6200,0.352132
91.6400,0.981968
91.6600,2.633772
91.6800,3.600000
91.7000,2.967051
91.7200,2.049585
91.7400,1.712438
91.7600,0.968682
91.7800,0.556540
91.8000,0.458364
91.8200,0.309928
91.8400,0.316658
91.8600,0.665356
91.8800,1.641036
91.9000,2.848052
91.9200,3.600000
91.9400,3.600000
91.9600,2.653195
91.9800,1.641993
92.0000,1.004387
92.0200,0.602682
92.0400,0.350363
92.0600,0.315537
92.0800,0.388214
92.1000,0.263658
92.1200,0.169826
92.1400,0.287814
92.1600,0.292937
92.1800,0.295962
92.2000,0.287506
92.2200,0.266193
92.2400,0.242106
92.2600,0.648338
92.2800,1.317494
92.3000,2.500491
92.3200,3.219481
92.3400,2.668131
92.3600,1.702363
92.3800,1.127250
92.4000,0.795075
92.4200,0.496498
92.4400,0.502454
92.4600,0.479415
92.4800,0.330887
92.5000,0.255952
92.5200,0.261721
92.5400,0.320526
92.5600,0.752598
92.5800,1.658727
92.6000,2.754356
92.6200,2.360157
92.6400,2.358256
92.6600,3.012547
92.6800,2.027933
92.7000,1.320856
92.7200,1.413415
92.7400,1.930761
92.7600,3.016011
92.7800,3.600000
92.8000,2.580269
92.8200,3.053979
92.8400,3.600000
92.8600,3.554217
92.8800,0.121502
92.9000,0.207967
92.9200,0.287668
92.9400,0.322659
92.9600,0.434376
92.9800,0.322451
93.0000,0.191508
93.0200,0.370103
93.0400,0.491034
93.0600,0.286772
93.0800,0.156573
93.1000,0.129424
93.1200,0.602763
93.1400,0.665840
93.1600,0.458597
93.1800,0.313532
93.2000,0.189317
93.2200,0.417018
93.2400,0.979519
93.2600,2.187798
93.2800,2.621586
93.3000,3.029943
93.3200,3.392261
93.3400,3.434751
93.3600,3.412903
93.3800,3.131374
93.4000,2.725091
93.4200,2.417244
93.4400,2.089633
93.4600,1.934690
93.4800,1.514930
93.5000,1.493985
93.5200,1.387633
93.5400,1.252771
93.5600,1.023469
93.5800,0.929224
93.6000,1.011710
93.6200,0.808233
93.6400,0.893923
93.6600,1.225567
93.6800,1.162167
93.7000,0.637875
93.7200,0.427369
93.7400,0.688903
93.7600,1.000468
93.7800,1.005873
93.8000,1.182448
93.8200,1.142690
93.8400,0.721011
93.8600,0.626393
93.8800,1.368550
93.9000,1.745875
93.9200,1.857605
93.9400,2.546552
93.9600,3.493201
93.9800,3.600000
94.0000,3.509731
94.0200,3.598702
94.0400,3.078545
94.0600,2.066068
94.0800,1.440673
94.1000,1.112798
94.1200,1.347827
94.1400,1.980052
94.1600,1.969178
94.1800,2.711256
94.2000,3.224543
94.2200,2.608364
94.2400,2.386734
94.2600,2.864350
94.2800,3.121063
94.3000,2.119251
94.3200,2.022284
94.3400,2.945892
94.3600,3.534094
94.3800,3.600000
94.4000,3.600000
94.4200,3.600000
94.4400,3.600000
94.4600,3.600000
94.4800,3.600000
94.5000,3.600000
94.5200,3.600000
94.5400,3.600000
94.5600,3.549155
94.5800,2.878616
94.6000,2.450191
94.6200,1.564347
94.6400,1.132579
94.6600,0.725033
94.6800,0.443269
94.7000,0.561446
94.7200,0.712798
94.7400,1.293111
94.7600,2.751703
94.7800,3.600000
94.8000,3.474404
94.8200,3.074753
94.8400,3.079158
94.8600,2.607218
94.8800,2.495430
94.9000,3.181033
94.9200,3.600000
94.9400,3.600000
94.9600,3.600000
94.9800,3.600000
95.0000,3.600000
95.0200,3.204240
95.0400,2.145089
95.0600,1.163612
95.0800,0.776168
95.1000,0.488752
95.1200,0.327828
95.1400,0.200291
95.1600,0.173001
95.1800,0.353342
95.2000,0.676204
95.2200,1.392305
95.2400,1.071634
95.2600,1.017533
95.2800,0.704329
95.3000,0.421370
95.3200,0.405862
95.3400,0.369460
95.3600,0.306050
95.3800,0.315260
95.4000,0.518761
95.4200,0.677954
95.4400,1.639264
95.4600,1.817334
95.4800,1.290437
95.5000,0.717751
95.5200,0.389290
95.5400,0.258469
95.5600,0.302215
95.5800,0.374392
95.6000,0.397398
95.6200,0.545228
95.6400,0.562308
95.6600,0.496683
95.6800,0.338395
95.7000,0.641016
95.7200,1.818942
95.7400,2.174377
95.7600,1.936499
95.7800,1.144641
95.8000,0.625626
95.8200,0.745775
95.8400,0.551844
95.8600,0.321845
95.8800,0.317166
95.9000,0.252346
95.9200,0.146633
95.9400,0.334678
95.9600,0.643048
95.9800,1.752854
96.0000,2.620077
96.0200,1.701145
96.0400,0.957972
96.0600,0.546973
96.0800,0.491906
96.1000,0.402403
96.1200,0.424057
96.1400,0.667154
96.1600,0.573687
96.1800,0.430683
96.2000,0.426275
96.2200,0.268584
96.2400,0.789901
96.2600,2.419788
96.2800,3.091454
96.3000,2.569593
96.3200,1.438137
96.3400,0.901691
96.3600,0.681869
96.3800,0.476778
96.4000,0.396461
96.4200,0.280141
96.4400,0.289328
96.4600,0.388449
96.4800,0.666121
96.5000,0.916994
96.5200,1.716512
96.5400,2.779550
96.5600,2.734317
96.5800,1.421239
96.6000,0.801003
96.6200,0.678590
96.6400,0.825696
96.6600,0.730316
96.6800,0.644776
96.7000,0.460494
96.7200,0.262396
96.7400,0.190033
96.7600,0.320227
96.7800,0.352132
96.8000,0.981968
96.8200,2.633772
96.8400,3.600000
96.8600,2.967051
96.8800,2.049585
96.9000,1.712438
96.9200,0.968682
96.9400,0.556540
96.9600,0.458364
96.9800,0.309928
97.0000,0.316658
97.0200,0.665356
97.0400,1.641036
97.0600,2.848052
97.0800,3.600000
97.1000,3.600000
97.1200,2.653195
97.1400,1.641993
97.1600,1.004387
97.1800,0.602682
97.2000,0.350363
97.2200,0.315537
97.2400,0.388214
97.2600,0.263658
97.2800,0.169826
97.3000,0.287814
97.3200,0.292937
97.3400,0.295962
97.3600,0.287506
97.3800,0.266193
97.4000,0.242106
97.4200,0.648338
97.4400,1.317494
97.4600,2.500491
97.4800,3.219481
97.5000,2.668131
97.5200,1.702363
97.5400,1.127250
97.5600,0.795075
97.5800,0.496498
97.6000,0.502454
97.6200,0.479415
97.6400,0.330887
97.6600,0.255952
97.6800,0.261721
97.7000,0.320526
97.7200,0.752598
97.7400,1.658727
97.7600,2.754356
97.7800,2.360157
97.8000,2.358256
97.8200,3.012547
97.8400,2.027933
97.8600,1.320856
97.8800,1.413415
97.9000,1.930761
97.9200,3.016011
97.9400,3.600000
97.9600,2.580269
97.9800,3.053979
98.0000,3.600000
98.0200,3.554217
98.0400,0.121502
98.0600,0.207967
98.0800,0.287668
98.1000,0.322659
98.1200,0.434376
98.1400,0.322451
98.1600,0.191508
98.1800,0.370103
98.2000,0.491034
98.2200,0.286772
98.2400,0.156573
98.2600,0.129424
98.2800,0.602763
98.3000,0.665840
98.3200,0.458597
98.3400,0.313532
98.3600,0.189317
98.3800,0.417018
98.4000,0.979519
98.4200,2.187798
98.4400,2.621586
98.4600,3.029943
98.4800,3.392261
98.5000,3.434751
98.5200,3.412903
98.5400,3.131374
98.5600,2.725091
98.5800,2.417244
98.6000,2.089633
98.6200,1.934690
98.6400,1.514930
98.6600,1.493985
98.6800,1.387633
98.7000,1.252771
98.7200,1.023469
98.7400,0.929224
98.7600,1.011710
98.7800,0.808233
98.8000,0.893923
98.8200,1.225567
98.8400,1.162167
98.8600,0.637875
98.8800,0.427369
98.9000,0.688903
98.9200,1.000468
98.9400,1.005873
98.9600,1.182448
98.9800,1.142690
99.0000,0.721011
99.0200,0.626393
99.0400,1.368550
99.0600,1.745875
99.0800,1.857605
99.1000,2.546552
99.1200,3.493201
99.1400,3.600000
99.1600,3.509731
99.1800,3.598702
99.2000,3.078545
99.2200,2.066068
99.2400,1.440673
99.2600,1.112798
99.2800,1.347827
99.3000,1.980052
99.3200,1.969178
99.3400,2.711256
99.3600,3.224543
99.3800,2.608364
99.4000,2.386734
99.4200,2.864350
99.4400,3.121063
99.4600,2.119251
99.4800,2.022284
99.5000,2.945892
99.5200,3.534094
99.5400,3.600000
99.5600,3.600000
99.5800,3.600000
99.6000,3.600000
99.6200,3.600000
99.6400,3.600000
99.6600,3.600000
99.6800,3.600000
99.7000,3.600000
99.7200,3.549155
99.7400,2.878616
99.7600,2.450191
99.7800,1.564347
99.8000,1.132579
99.8200,0.725033
99.8400,0.443269
99.8600,0.561446
99.8800,0.712798
99.9000,1.293111
99.9200,2.751703
99.9400,3.600000
99.9600,3.474404
99.9800,3.074753
100.0000,3.079158
100.0200,2.607218
100.0400,2.495430
100.0600,3.181033
100.0800,3.600000
100.1000,3.600000
100.1200,3.600000
100.1400,3.600000
100.1600,3.600000
100.1800,3.204240
100.2000,2.145089
100.2200,1.163612
100.2400,0.776168
100.2600,0.488752
100.2800,0.327828
100.3000,0.200291
100.3200,0.173001
100.3400,0.353342
100.3600,0.676204
100.3800,1.392305
100.4000,1.071634
100.4200,1.017533
100.4400,0.704329
100.4600,0.421370
100.4800,0.405862
100.5000,0.369460
100.5200,0.306050
100.5400,0.315260
100.5600,0.518761
100.5800,0.677954
100.6000,1.639264
100.6200,1.817334
100.6400,1.290437
100.6600,0.717751
100.6800,0.389290
100.7000,0.258469
100.7200,0.302215
100.7400,0.374392
100.7600,0.397398
100.7800,0.545228
100.8000,0.562308
100.8200,0.496683
100.8400,0.338395
100.8600,0.641016
100.8800,1.818942
100.9000,2.174377
100.9200,1.936499
100.9400,1.144641
100.9600,0.625626
100.9800,0.745775
101.0000,0.551844
101.0200,0.321845
101.0400,0.317166
101.0600,0.252346
101.0800,0.146633
101.1000,0.334678
101.1200,0.643048
101.1400,1.752854
101.1600,2.620077
101.1800,1.701145
101.2000,0.957972
101.2200,0.546973
101.2400,0.491906
101.2600,0.402403
101.2800,0.424057
101.3000,0.667154
101.3200,0.573687
101.3400,0.430683
101.3600,0.426275
101.3800,0.268584
101.4000,0.789901
101.4200,2.419788
101.4400,3.091454
101.4600,2.569593
101.4800,1.438137
101.5000,0.901691
101.5200,0.681869
101.5400,0.476778
101.5600,0.396461
101.5800,0.280141
101.6000,0.289328
101.6200,0.388449
101.6400,0.666121
101.6600,0.916994
101.6800,1.716512
101.7000,2.779550
101.7200,2.734317
101.7400,1.421239
101.7600,0.801003
101.7800,0.678590
101.8000,0.825696
101.8200,0.730316
101.8400,0.644776
101.8600,0.460494
101.8800,0.262396
101.9000,0.190033
101.9200,0.320227
101.9400,0.352132
101.9600,0.981968
101.9800,2.633772
102.0000,3.600000
102.0200,2.967051
102.0400,2.049585
102.0600,1.712438
102.0800,0.968682
102.1000,0.556540
102.1200,0.458364
102.1400,0.309928
102.1600,0.316658
102.1800,0.665356
102.2000,1.641036
102.2200,2.848052
102.2400,3.600000
102.2600,3.600000
102.2800,2.653195
102.3000,1.641993
102.3200,1.004387
102.3400,0.602682
102.3600,0.350363
102.3800,0.315537
102.4000,0.388214
102.4200,0.263658
102.4400,0.169826
102.4600,0.287814
102.4800,0.292937
102.5000,0.295962
102.5200,0.287506
102.5400,0.266193
102.5600,0.242106
102.5800,0.648338
102.6000,1.317494
102.6200,2.500491
102.6400,3.219481
102.6600,2.668131
102.6800,1.702363
102.7000,1.127250
102.7200,0.795075
102.7400,0.496498
102.7600,0.502454
102.7800,0.479415
102.8000,0.330887
102.8200,0.255952
102.8400,0.261721
102.8600,0.320526
102.8800,0.752598
102.9000,1.658727
102.9200,2.754356
102.9400,2.360157
102.9600,2.358256
102.9800,3.012547
103.0000,2.027933
103.0200,1.320856
103.0400,1.413415
103.0600,1.930761
103.0800,3.016011
103.1000,3.600000
103.1200,2.580269
103.1400,3.053979
103.1600,3.600000
103.1800,3.554217
103.2000,0.121502
103.2200,0.207967
103.2400,0.287668
103.2600,0.322659
103.2800,0.434376
103.3000,0.322451
103.3200,0.191508
103.3400,0.370103
103.3600,0.491034
103.3800,0.286772
103.4000,0.156573
103.4200,0.129424
103.4400,0.602763
103.4600,0.665840
103.4800,0.458597
103.5000,0.313532
103.5200,0.189317
103.5400,0.417018
103.5600,0.979519
103.5800,2.187798
103.6000,2.621586
103.6200,3.029943
103.6400,3.392261
103.6600,3.434751
103.6800,3.412903
103.7000,3.131374
103.7200,2.725091
103.7400,2.417244
103.7600,2.089633
103.7800,1.934690
103.8000,1.514930
103.8200,1.493985
103.8400,1.387633
103.8600,1.252771
103.8800,1.023469
103.9000,0.929224
103.9200,1.011710
103.9400,0.808233
103.9600,0.893923
103.9800,1.225567
104.0000,1.162167
104.0200,0.637875
104.0400,0.427369
104.0600,0.688903
104.0800,1.000468
104.1000,1.005873
104.1200,1.182448
104.1400,1.142690
104.1600,0.721011
104.1800,0.626393
104.2000,1.368550
104.2200,1.745875
104.2400,1.857605
104.2600,2.546552
104.2800,3.493201
104.3000,3.600000
104.3200,3.509731
104.3400,3.598702
104.3600,3.078545
104.3800,2.066068
104.4000,1.440673
104.4200,1.112798
104.4400,1.347827
104.4600,1.980052
104.4800,1.969178
104.5000,2.711256
104.5200,3.224543
104.5400,2.608364
104.5600,2.386734
104.5800,2.864350
104.6000,3.121063
104.6200,2.119251
104.6400,2.022284
104.6600,2.945892
104.6800,3.534094
104.7000,3.600000
104.7200,3.600000
104.7400,3.600000
104.7600,3.600000
104.7800,3.600000
104.8000,3.600000
104.8200,3.600000
104.8400,3.600000
104.8600,3.600000
104.8800,3.549155
104.9000,2.878616
104.9200,2.450191
104.9400,1.564347
104.9600,1.132579
104.9800,0.725033
105.0000,0.443269
105.0200,0.561446
105.0400,0.712798
105.0600,1.293111
105.0800,2.751703
105.1000,3.600000
105.1200,3.474404
105.1400,3.074753
105.1600,3.079158
105.1800,2.607218
105.2000,2.495430
105.2200,3.181033
105.2400,3.600000
105.2600,3.600000
105.2800,3.600000
105.3000,3.600000
105.3200,3.600000
105.3400,3.204240
105.3600,2.145089
105.3800,1.163612
105.4000,0.776168
105.4200,0.488752
105.4400,0.327828
105.4600,0.200291
105.4800,0.173001
105.5000,0.353342
105.5200,0.676204
105.5400,1.392305
105.5600,1.071634
105.5800,1.017533
105.6000,0.704329
105.6200,0.421370
105.6400,0.405862
105.6600,0.369460
105.6800,0.306050
105.7000,0.315260
105.7200,0.518761
105.7400,0.677954
105.7600,1.639264
105.7800,1.817334
105.8000,1.290437
105.8200,0.717751
105.8400,0.389290
105.8600,0.258469
105.8800,0.302215
105.9000,0.374392
105.9200,0.397398
105.9400,0.545228
105.9600,0.562308
105.9800,0.496683
106.0000,0.338395
106.0200,0.641016
106.0400,1.818942
106.0600,2.174377
106.0800,1.936499
106.1000,1.144641
106.1200,0.625626
106.1400,0.745775
106.1600,0.551844
106.1800,0.321845
106.2000,0.317166
106.2200,0.252346
106.2400,0.146633
106.2600,0.334678
106.2800,0.643048
106.3000,1.752854
106.3200,2.620077
106.3400,1.701145
106.3600,0.957972
106.3800,0.546973
106.4000,0.491906
106.4200,0.402403
106.4400,0.424057
106.4600,0.667154
106.4800,0.573687
106.5000,0.430683
106.5200,0.426275
106.5400,0.268584
106.5600,0.789901
106.5800,2.419788
106.6000,3.091454
106.6200,2.569593
106.6400,1.438137
106.6600,0.901691
106.6800,0.681869
106.7000,0.476778
106.7200,0.396461
106.7400,0.280141
106.7600,0.289328
106.7800,0.388449
106.8000,0.666121
106.8200,0.916994
106.8400,1.716512
106.8600,2.779550
106.8800,2.734317
106.9000,1.421239
106.9200,0.801003
106.9400,0.678590
106.9600,0.825696
106.9800,0.730316
107.0000,0.644776
107.0200,0.460494
107.0400,0.262396
107.0600,0.190033
107.0800,0.320227
107.1000,0.352132
107.1200,0.981968
107.1400,2.633772
107.1600,3.600000
107.1800,2.967051
107.2000,2.049585
107.2200,1.712438
107.2400,0.968682
107.2600,0.556540
107.2800,0.458364
107.3000,0.309928
107.3200,0.316658
107.3400,0.665356
107.3600,1.641036
107.3800,2.848052
107.4000,3.600000
107.4200,3.600000
107.4400,2.653195
107.4600,1.641993
107.4800,1.004387
107.5000,0.602682
107.5200,0.350363
107.5400,0.315537
107.5600,0.388214
107.5800,0.263658
107.6000,0.169826
107.6200,0.287814
107.6400,0.292937
107.6600,0.295962
107.6800,0.287506
107.7000,0.266193
107.7200,0.242106
107.7400,0.648338
107.7600,1.317494
107.7800,2.500491
107.8000,3.219481
107.8200,2.668131
107.8400,1.702363
107.8600,1.127250
107.8800,0.795075
107.9000,0.496498
107.9200,0.502454
107.9400,0.479415
107.9600,0.330887
107.9800,0.255952
108.0000,0.261721
108.0200,0.320526
108.0400,0.752598
108.0600,1.658727
108.0800,2.754356
108.1000,2.360157
108.1200,2.358256
108.1400,3.012547
108.1600,2.027933
108.1800,1.320856
108.2000,1.413415
108.2200,1.930761
108.2400,3.016011
108.2600,3.600000
108.2800,2.580269
108.3000,3.053979
108.3200,3.600000
108.3400,3.554217
108.3600,0.121502
108.3800,0.207967
108.4000,0.287668
108.4200,0.322659
108.4400,0.434376
108.4600,0.322451
108.4800,0.191508
108.5000,0.370103
108.5200,0.491034
108.5400,0.286772
108.5600,0.156573
108.5800,0.129424
108.6000,0.602763
108.6200,0.665840
108.6400,0.458597
108.6600,0.313532
108.6800,0.189317
108.7000,0.417018
108.7200,0.979519
108.7400,2.187798
108.7600,2.621586
108.7800,3.029943
108.8000,3.392261
108.8200,3.434751
108.8400,3.412903
108.8600,3.131374
108.8800,2.725091
108.9000,2.417244
108.9200,2.089633
108.9400,1.934690
108.9600,1.514930
108.9800,1.493985
109.0000,1.387633
109.0200,1.252771
109.0400,1.023469
109.0600,0.929224
109.0800,1.011710
109.1000,0.808233
109.1200,0.893923
109.1400,1.225567
109.1600,1.162167
109.1800,0.637875
109.2000,0.427369
109.2200,0.688903
109.2400,1.000468
109.2600,1.005873
109.2800,1.182448
109.3000,1.142690
109.3200,0.721011
109.3400,0.626393
109.3600,1.368550
109.3800,1.745875
109.4000,1.857605
109.4200,2.546552
109.4400,3.493201
109.4600,3.600000
109.4800,3.509731
109.5000,3.598702
109.5200,3.078545
109.5400,2.066068
109.5600,1.440673
109.5800,1.112798
109.6000,1.347827
109.6200,1.980052
109.6400,1.969178
109.6600,2.711256
109.6800,3.224543
109.7000,2.608364
109.7200,2.386734
109.7400,2.864350
109.7600,3.121063
109.7800,2.119251
109.8000,2.022284
109.8200,2.945892
109.8400,3.534094
109.8600,3.600000
109.8800,3.600000
109.9000,3.600000
109.9200,3.600000
109.9400,3.600000
109.9600,3.600000
109.9800,3.600000
110.0000,3.600000
110.0200,3.600000
110.0400,3.549155
110.0600,2.878616
110.0800,2.450191
110.1000,1.564347
110.1200,1.132579
110.1400,0.725033
110.1600,0.443269
110.1800,0.561446
110.2000,0.712798
110.2200,1.293111
110.2400,2.751703
110.2600,3.600000
110.2800,3.474404
110.3000,3.074753
110.3200,3.079158
110.3400,2.607218
110.3600,2.495430
110.3800,3.181033
110.4000,3.600000
110.4200,3.600000
110.4400,3.600000
110.4600,3.600000
110.4800,3.600000
110.5000,3.204240
110.5200,2.145089
110.5400,1.163612
110.5600,0.776168
110.5800,0.488752
110.6000,0.327828
110.6200,0.200291
110.6400,0.173001
110.6600,0.353342
110.6800,0.676204
110.7000,1.392305
110.7200,1.071634
110.7400,1.017533
110.7600,0.704329
110.7800,0.421370
110.8000,0.405862
110.8200,0.369460
110.8400,0.306050
110.8600,0.315260
110.8800,0.518761
110.9000,0.677954
110.9200,1.639264
110.9400,1.817334
110.9600,1.290437
110.9800,0.717751
111.0000,0.389290
111.0200,0.258469
111.0400,0.302215
111.0600,0.374392
111.0800,0.397398
111.1000,0.545228
111.1200,0.562308
111.1400,0.496683
111.1600,0.338395
111.1800,0.641016
111.2000,1.818942
111.2200,2.174377
111.2400,1.936499
111.2600,1.144641
111.2800,0.625626
111.3000,0.745775
111.3200,0.551844
111.3400,0.321845
111.3600,0.317166
111.3800,0.252346
111.4000,0.146633
111.4200,0.334678
111.4400,0.643048
111.4600,1.752854
111.4800,2.620077
111.5000,1.701145
111.5200,0.957972
111.5400,0.546973
111.5600,0.491906
111.5800,0.402403
111.6000,0.424057
111.6200,0.667154
111.6400,0.573687
111.6600,0.430683
111.6800,0.426275
111.7000,0.268584
111.7200,0.789901
111.7400,2.419788
111.7600,3.091454
111.7800,2.569593
111.8000,1.438137
111.8200,0.901691
111.8400,0.681869
111.8600,0.476778
111.8800,0.396461
111.9000,0.280141
111.9200,0.289328
111.9400,0.388449
111.9600,0.666121
111.9800,0.916994
112.0000,1.716512
112.0200,2.779550
112.0400,2.734317
112.0600,1.421239
112.0800,0.801003
112.1000,0.678590
112.1200,0.825696
112.1400,0.730316
112.1600,0.644776
112.1800,0.460494
112.2000,0.262396
112.2200,0.190033
112.2400,0.320227
112.2600,0.352132
112.2800,0.981968
112.3000,2.633772
112.3200,3.600000
112.3400,2.967051
112.3600,2.049585
112.3800,1.712438
112.4000,0.968682
112.4200,0.556540
112.4400,0.458364
112.4600,0.309928
112.4800,0.316658
112.5000,0.665356
112.5200,1.641036
112.5400,2.848052
112.5600,3.600000
112.5800,3.600000
112.6000,2.653195
112.6200,1.641993
112.6400,1.004387
112.6600,0.602682
112.6800,0.350363
112.7000,0.315537
112.7200,0.388214
112.7400,0.263658
112.7600,0.169826
112.7800,0.287814
112.8000,0.292937
112.8200,0.295962
112.8400,0.287506
112.8600,0.266193
112.8800,0.242106
112.9000,0.648338
112.9200,1.317494
112.9400,2.500491
112.9600,3.219481
112.9800,2.668131
113.0000,1.702363
113.0200,1.127250
113.0400,0.795075
113.0600,0.496498
113.0800,0.502454
113.1000,0.479415
113.1200,0.330887
113.1400,0.255952
113.1600,0.261721
113.1800,0.320526
113.2000,0.752598
113.2200,1.658727
113.2400,2.754356
113.2600,2.360157
113.2800,2.358256
113.3000,3.012547
113.3200,2.027933
113.3400,1.320856
113.3600,1.413415
113.3800,1.930761
113.4000,3.016011
113.4200,3.600000
113.4400,2.580269
113.4600,3.053979
113.4800,3.600000
113.5000,3.554217
113.5200,0.121502
113.5400,0.207967
113.5600,0.287668
113.5800,0.322659
113.6000,0.434376
113.6200,0.322451
113.6400,0.191508
113.6600,0.370103
113.6800,0.491034
113.7000,0.286772
113.7200,0.156573
113.7400,0.129424
113.7600,0.602763
113.7800,0.665840
113.8000,0.458597
113.8200,0.313532
113.8400,0.189317
113.8600,0.417018
113.8800,0.979519
113.9000,2.187798
113.9200,2.621586
113.9400,3.029943
113.9600,3.392261
113.9800,3.434751
114.0000,3.412903
114.0200,3.131374
114.0400,2.725091
114.0600,2.417244
114.0800,2.089633
114.1000,1.934690
114.1200,1.514930
114.1400,1.493985
114.1600,1.387633
114.1800,1.252771
114.2000,1.023469
114.2200,0.929224
114.2400,1.011710
114.2600,0.808233
114.2800,0.893923
114.3000,1.225567
114.3200,1.162167
114.3400,0.637875
114.3600,0.427369
114.3800,0.688903
114.4000,1.000468
114.4200,1.005873
114.4400,1.182448
114.4600,1.142690
114.4800,0.721011
114.5000,0.626393
114.5200,1.368550
114.5400,1.745875
114.5600,1.857605
114.5800,2.546552
114.6000,3.493201
114.6200,3.600000
114.6400,3.509731
114.6600,3.598702
114.6800,3.078545
114.7000,2.066068
114.7200,1.440673
114.7400,1.112798
114.7600,1.347827
114.7800,1.980052
114.8000,1.969178
114.8200,2.711256
114.8400,3.224543
114.8600,2.608364
114.8800,2.386734
114.9000,2.864350
114.9200,3.121063
114.9400,2.119251
114.9600,2.022284
114.9800,2.945892
115.0000,3.534094
115.0200,3.600000
115.0400,3.600000
115.0600,3.600000
115.0800,3.600000
115.1000,3.600000
115.1200,3.600000
115.1400,3.600000
115.1600,3.600000
115.1800,3.600000
115.2000,3.549155
115.2200,2.878616
115.2400,2.450191
115.2600,1.564347
115.2800,1.132579
115.3000,0.725033
115.3200,0.443269
115.3400,0.561446
115.3600,0.712798
115.3800,1.293111
115.4000,2.751703
115.4200,3.600000
115.4400,3.474404
115.4600,3.074753
115.4800,3.079158
115.5000,2.607218
115.5200,2.495430
115.5400,3.181033
115.5600,3.600000
115.5800,3.600000
115.6000,3.600000
115.6200,3.600000
115.6400,3.600000
115.6600,3.204240
115.6800,2.145089
115.7000,1.163612
115.7200,0.776168
115.7400,0.488752
115.7600,0.327828
115.7800,0.200291
115.8000,0.173001
115.8200,0.353342
115.8400,0.676204
115.8600,1.392305
115.8800,1.071634
115.9000,1.017533
115.9200,0.704329
115.9400,0.421370
115.9600,0.405862
115.9800,0.369460
116.0000,0.306050
116.0200,0.315260
116.0400,0.518761
116.0600,0.677954
116.0800,1.639264
116.1000,1.817334
116.1200,1.290437
116.1400,0.717751
116.1600,0.389290
116.1800,0.258469
116.2000,0.302215
116.2200,0.374392
116.2400,0.397398
116.2600,0.545228
116.2800,0.562308
116.3000,0.496683
116.3200,0.338395
116.3400,0.641016
116.3600,1.818942
116.3800,2.174377
116.4000,1.936499
116.4200,1.144641
116.4400,0.625626
116.4600,0.745775
116.4800,0.551844
116.5000,0.321845
116.5200,0.317166
116.5400,0.252346
116.5600,0.146633
116.5800,0.334678
116.6000,0.643048
116.6200,1.752854
116.6400,2.620077
116.6600,1.701145
116.6800,0.957972
116.7000,0.546973
116.7200,0.491906
116.7400,0.402403
116.7600,0.424057
116.7800,0.667154
116.8000,0.573687
116.8200,0.430683
116.8400,0.426275
116.8600,0.268584
116.8800,0.789901
116.9000,2.419788
116.9200,3.091454
116.9400,2.569593
116.9600,1.438137
116.9800,0.901691
117.0000,0.681869
117.0200,0.476778
117.0400,0.396461
117.0600,0.280141
117.0800,0.289328
117.1000,0.388449
117.1200,0.666121
117.1400,0.916994
117.1600,1.716512
117.1800,2.779550
117.2000,2.734317
117.2200,1.421239
117.2400,0.801003
117.2600,0.678590
117.2800,0.825696
117.3000,0.730316
117.3200,0.644776
117.3400,0.460494
117.3600,0.262396
117.3800,0.190033
117.4000,0.320227
117.4200,0.352132
117.4400,0.981968
117.4600,2.633772
117.4800,3.600000
117.5000,2.967051
117.5200,2.049585
117.5400,1.712438
117.5600,0.968682
117.5800,0.556540
117.6000,0.458364
117.6200,0.309928
117.6400,0.316658
117.6600,0.665356
117.6800,1.641036
117.7000,2.848052
117.7200,3.600000
117.7400,3.600000
117.7600,2.653195
117.7800,1.641993
117.8000,1.004387
117.8200,0.602682
117.8400,0.350363
117.8600,0.315537
117.8800,0.388214
117.9000,0.263658
117.9200,0.169826
117.9400,0.287814
117.9600,0.292937
117.9800,0.295962
118.0000,0.287506
118.0200,0.266193
118.0400,0.242106
118.0600,0.648338
118.0800,1.317494
118.1000,2.500491
118.1200,3.219481
118.1400,2.668131
118.1600,1.702363
118.1800,1.127250
118.2000,0.795075
118.2200,0.496498
118.2400,0.502454
118.2600,0.479415
118.2800,0.330887
118.3000,0.255952
118.3200,0.261721
118.3400,0.320526
118.3600,0.752598
118.3800,1.658727
118.4000,2.754356
118.4200,2.360157
118.4400,2.358256
118.4600,3.012547
118.4800,2.027933
118.5000,1.320856
118.5200,1.413415
118.5400,1.930761
118.5600,3.016011
118.5800,3.600000
118.6000,2.580269
118.6200,3.053979
118.6400,3.600000
118.6600,3.554217
118.6800,0.121502
118.7000,0.207967
118.7200,0.287668
118.7400,0.322659
118.7600,0.434376
118.7800,0.322451
118.8000,0.191508
118.8200,0.370103
118.8400,0.491034
118.8600,0.286772
118.8800,0.156573
118.9000,0.129424
118.9200,0.602763
118.9400,0.665840
118.9600,0.458597
118.9800,0.313532
119.0000,0.189317
119.0200,0.417018
119.0400,0.979519
119.0600,2.187798
119.0800,2.621586
119.1000,3.029943
119.1200,3.392261
119.1400,3.434751
119.1600,3.412903
119.1800,3.131374
119.2000,2.725091
119.2200,2.417244
119.2400,2.089633
119.2600,1.934690
119.2800,1.514930
119.3000,1.493985
119.3200,1.387633
119.3400,1.252771
119.3600,1.023469
119.3800,0.929224
119.4000,1.011710
119.4200,0.808233
119.4400,0.893923
119.4600,1.225567
119.4800,1.162167
119.5000,0.637875
119.5200,0.427369
119.5400,0.688903
119.5600,1.000468
119.5800,1.005873
119.6000,1.182448
119.6200,1.142690
119.6400,0.721011
119.6600,0.626393
119.6800,1.368550
119.7000,1.745875
119.7200,1.857605
119.7400,2.546552
119.7600,3.493201
119.7800,3.600000
119.8000,3.509731
119.8200,3.598702
119.8400,3.078545
119.8600,2.066068
119.8800,1.440673
119.9000,1.112798
119.9200,1.347827
119.9400,1.980052
119.9600,1.969178
119.9800,2.711256
120.0000,3.224543
120.0200,2.608364
120.0400,2.386734
120.0600,2.864350
120.0800,3.121063
120.1000,2.119251
120.1200,2.022284
120.1400,2.945892
120.1600,3.534094
120.1800,3.600000
120.2000,3.600000
120.2200,3.600000
120.2400,3.600000
120.2600,3.600000
120.2800,3.600000
120.3000,3.600000
120.3200,3.600000
120.3400,3.600000
120.3600,3.549155
120.3800,2.878616
120.4000,2.450191
120.4200,1.564347
120.4400,1.132579
120.4600,0.725033
120.4800,0.443269
120.5000,0.561446
120.5200,0.712798
120.5400,1.293111
120.5600,2.751703
120.5800,3.600000
120.6000,3.474404
120.6200,3.074753
120.6400,3.079158
120.6600,2.607218
120.6800,2.495430
120.7000,3.181033
120.7200,3.600000
120.7400,3.600000
120.7600,3.600000
120.7800,3.600000
120.8000,3.600000
120.8200,3.204240
120.8400,2.145089
120.8600,1.163612
120.8800,0.776168
120.9000,0.488752
120.9200,0.327828
120.9400,0.200291
120.9600,0.173001
120.9800,0.353342
121.0000,0.676204
121.0200,1.392305
121.0400,1.071634
121.0600,1.017533
121.0800,0.704329
121.1000,0.421370
121.1200,0.405862
121.1400,0.369460
121.1600,0.306050
121.1800,0.315260
121.2000,0.518761
121.2200,0.677954
121.2400,1.639264
121.2600,1.817334
121.2800,1.290437
121.3000,0.717751
121.3200,0.389290
121.3400,0.258469
121.3600,0.302215
121.3800,0.374392
121.4000,0.397398
121.4200,0.545228
121.4400,0.562308
121.4600,0.496683
121.4800,0.338395
121.5000,0.641016
121.5200,1.818942
121.5400,2.174377
121.5600,1.936499
121.5800,1.144641
121.6000,0.625626
121.6200,0.745775
121.6400,0.551844
121.6600,0.321845
121.6800,0.317166
121.7000,0.252346
121.7200,0.146633
121.7400,0.334678
121.7600,0.643048
121.7800,1.752854
121.8000,2.620077
121.8200,1.701145
121.8400,0.957972
121.8600,0.546973
121.8800,0.491906
121.9000,0.402403
121.9200,0.424057
121.9400,0.667154
121.9600,0.573687
121.9800,0.430683
122.0000,0.426275
122.0200,0.268584
122.0400,0.789901
122.0600,2.419788
122.0800,3.091454
122.1000,2.569593
122.1200,1.438137
122.1400,0.901691
122.1600,0.681869
122.1800,0.476778
122.2000,0.396461
122.2200,0.280141
122.2400,0.289328
122.2600,0.388449
122.2800,0.666121
122.3000,0.916994
122.3200,1.716512
122.3400,2.779550
122.3600,2.734317
122.3800,1.421239
122.4000,0.801003
122.4200,0.678590
122.4400,0.825696
122.4600,0.730316
122.4800,0.644776
122.5000,0.460494
122.5200,0.262396
122.5400,0.190033
122.5600,0.320227
122.5800,0.352132
122.6000,0.981968
122.6200,2.633772
122.6400,3.600000
122.6600,2.967051
122.6800,2.049585
122.7000,1.712438
122.7200,0.968682
122.7400,0.556540
122.7600,0.458364
122.7800,0.309928
122.8000,0.316658
122.8200,0.665356
122.8400,1.641036
122.8600,2.848052
122.8800,3.600000
122.9000,3.600000
122.9200,2.653195
122.9400,1.641993
122.9600,1.004387
122.9800,0.602682
123.0000,0.350363
123.0200,0.315537
123.0400,0.388214
123.0600,0.263658
123.0800,0.169826
123.1000,0.287814
123.1200,0.292937
123.1400,0.295962
123.1600,0.287506
123.1800,0.266193
123.2000,0.242106
123.2200,0.648338
123.2400,1.317494
123.2600,2.500491
123.2800,3.219481
123.3000,2.668131
123.3200,1.702363
123.3400,1.127250
123.3600,0.795075
123.3800,0.496498
123.4000,0.502454
123.4200,0.479415
123.4400,0.330887
123.4600,0.255952
123.4800,0.261721
123.5000,0.320526
123.5200,0.752598
123.5400,1.658727
123.5600,2.754356
123.5800,2.360157
123.6000,2.358256
123.6200,3.012547
123.6400,2.027933
123.6600,1.320856
123.6800,1.413415
123.7000,1.930761
123.7200,3.016011
123.7400,3.600000
123.7600,2.580269
123.7800,3.053979
123.8000,3.600000
123.8200,3.554217
123.8400,0.121502
123.8600,0.207967
123.8800,0.287668
123.9000,0.322659
123.9200,0.434376
123.9400,0.322451
123.9600,0.191508
123.9800,0.370103
124.0000,0.491034
124.0200,0.286772
124.0400,0.156573
124.0600,0.129424
124.0800,0.602763
124.1000,0.665840
124.1200,0.458597
124.1400,0.313532
124.1600,0.189317
124.1800,0.417018
124.2000,0.979519
124.2200,2.187798
124.2400,2.621586
124.2600,3.029943
124.2800,3.392261
124.3000,3.434751
124.3200,3.412903
124.3400,3.131374
124.3600,2.725091
124.3800,2.417244
124.4000,2.089633
124.4200,1.934690
124.4400,1.514930
124.4600,1.493985
124.4800,1.387633
124.5000,1.252771
124.5200,1.023469
124.5400,0.929224
124.5600,1.011710
124.5800,0.808233
124.6000,0.893923
124.6200,1.225567
124.6400,1.162167
124.6600,0.637875
124.6800,0.427369
124.7000,0.688903
124.7200,1.000468
124.7400,1.005873
124.7600,1.182448
124.7800,1.142690
124.8000,0.721011
124.8200,0.626393
124.8400,1.368550
124.8600,1.745875
124.8800,1.857605
124.9000,2.546552
124.9200,3.493201
124.9400,3.600000
124.9600,3.509731
124.9800,3.598702
125.0000,3.078545
125.0200,2.066068
125.0400,1.440673
125.0600,1.112798
125.0800,1.347827
125.1000,1.980052
125.1200,1.969178
125.1400,2.711256
125.1600,3.224543
125.1800,2.608364
125.2000,2.386734
125.2200,2.864350
125.2400,3.121063
125.2600,2.119251
125.2800,2.022284
125.3000,2.945892
125.3200,3.534094
125.3400,3.600000
125.3600,3.600000
125.3800,3.600000
125.4000,3.600000
125.4200,3.600000
125.4400,3.600000
125.4600,3.600000
125.4800,3.600000
125.5000,3.600000
125.5200,3.549155
125.5400,2.878616
125.5600,2.450191
125.5800,1.564347
125.6000,1.132579
125.6200,0.725033
125.6400,0.443269
125.6600,0.561446
125.6800,0.712798
125.7000,1.293111
125.7200,2.751703
125.7400,3.600000
125.7600,3.474404
125.7800,3.074753
125.8000,3.079158
125.8200,2.607218
125.8400,2.495430
125.8600,3.181033
125.8800,3.600000
125.9000,3.600000
125.9200,3.600000
125.9400,3.600000
125.9600,3.600000
125.9800,3.204240
126.0000,2.145089
126.0200,1.163612
126.0400,0.776168
126.0600,0.488752
126.0800,0.327828
126.1000,0.200291
126.1200,0.173001
126.1400,0.353342
126.1600,0.676204
126.1800,1.392305
126.2000,1.071634
126.2200,1.017533
126.2400,0.704329
126.2600,0.421370
126.2800,0.405862
126.3000,0.369460
126.3200,0.306050
126.3400,0.315260
126.3600,0.518761
126.3800,0.677954
126.4000,1.639264
126.4200,1.817334
126.4400,1.290437
126.4600,0.717751
126.4800,0.389290
126.5000,0.258469
126.5200,0.302215
126.5400,0.374392
126.5600,0.397398
126.5800,0.545228
126.6000,0.562308
126.6200,0.496683
126.6400,0.338395
126.6600,0.641016
126.6800,1.818942
126.7000,2.174377
126.7200,1.936499
126.7400,1.144641
126.7600,0.625626
126.7800,0.745775
126.8000,0.551844
126.8200,0.321845
126.8400,0.317166
126.8600,0.252346
126.8800,0.146633
126.9000,0.334678
126.9200,0.643048
126.9400,1.752854
126.9600,2.620077
126.9800,1.701145
127.0000,0.957972
127.0200,0.546973
127.0400,0.491906
127.0600,0.402403
127.0800,0.424057
127.1000,0.667154
127.1200,0.573687
127.1400,0.430683
127.1600,0.426275
127.1800,0.268584
127.2000,0.789901
127.2200,2.419788
127.2400,3.091454
127.2600,2.569593
127.2800,1.438137
127.3000,0.901691
127.3200,0.681869
127.3400,0.476778
127.3600,0.396461
127.3800,0.280141
127.4000,0.289328
127.4200,0.388449
127.4400,0.666121
127.4600,0.916994
127.4800,1.716512
127.5000,2.779550
127.5200,2.734317
127.5400,1.421239
127.5600,0.801003
127.5800,0.678590
127.6000,0.825696
127.6200,0.730316
127.6400,0.644776
127.6600,0.460494
127.6800,0.262396
127.7000,0.190033
127.7200,0.320227
127.7400,0.352132
127.7600,0.981968
127.7800,2.633772
127.8000,3.600000
127.8200,2.967051
127.8400,2.049585
127.8600,1.712438
127.8800,0.968682
127.9000,0.556540
127.9200,0.458364
127.9400,0.309928
127.9600,0.316658
127.9800,0.665356
128.0000,1.641036
128.0200,2.848052
128.0400,3.600000
128.0600,3.600000
128.0800,2.653195
128.1000,1.641993
128.1200,1.004387
128.1400,0.602682
128.1600,0.350363
128.1800,0.315537
128.2000,0.388214
128.2200,0.263658
128.2400,0.169826
128.2600,0.287814
128.2800,0.292937
128.3000,0.295962
128.3200,0.287506
128.3400,0.266193
128.3600,0.242106
128.3800,0.648338
128.4000,1.317494
128.4200,2.500491
128.4400,3.219481
128.4600,2.668131
128.4800,1.702363
128.5000,1.127250
128.5200,0.795075
128.5400,0.496498
128.5600,0.502454
128.5800,0.479415
128.6000,0.330887
128.6200,0.255952
128.6400,0.261721
128.6600,0.320526
128.6800,0.752598
128.7000,1.658727
128.7200,2.754356
128.7400,2.360157
128.7600,2.358256
128.7800,3.012547
128.8000,2.027933
128.8200,1.320856
128.8400,1.413415
128.8600,1.930761
128.8800,3.016011
128.9000,3.600000
128.9200,2.580269
128.9400,3.053979
128.9600,3.600000
128.9800,3.554217
129.0000,0.121502
129.0200,0.207967
129.0400,0.287668
129.0600,0.322659
129.0800,0.434376
129.1000,0.322451
129.1200,0.191508
129.1400,0.370103
129.1600,0.491034
129.1800,0.286772
129.2000,0.156573
129.2200,0.129424
129.2400,0.602763
129.2600,0.665840
129.2800,0.458597
129.3000,0.313532
129.3200,0.189317
129.3400,0.417018
129.3600,0.979519
129.3800,2.187798
129.4000,2.621586
129.4200,3.029943
129.4400,3.392261
129.4600,3.434751
129.4800,3.412903
129.5000,3.131374
129.5200,2.725091
129.5400,2.417244
129.5600,2.089633
129.5800,1.934690
129.6000,1.514930
129.6200,1.493985
129.6400,1.387633
129.6600,1.252771
129.6800,1.023469
129.7000,0.929224
129.7200,1.011710
129.7400,0.808233
129.7600,0.893923
129.7800,1.225567
129.8000,1.162167
129.8200,0.637875
129.8400,0.427369
129.8600,0.688903
129.8800,1.000468
129.9000,1.005873
129.9200,1.182448
129.9400,1.142690
129.9600,0.721011
129.9800,0.626393
130.0000,1.368550
130.0200,1.745875
130.0400,1.857605
130.0600,2.546552
130.0800,3.493201
130.1000,3.600000
130.1200,3.509731
130.1400,3.598702
130.1600,3.078545
130.1800,2.066068
130.2000,1.440673
130.2200,1.112798
130.2400,1.347827
130.2600,1.980052
130.2800,1.969178
130.3000,2.711256
130.3200,3.224543
130.3400,2.608364
130.3600,2.386734
130.3800,2.864350
130.4000,3.121063
130.4200,2.119251
130.4400,2.022284
130.4600,2.945892
130.4800,3.534094
130.5000,3.600000
130.5200,3.600000
130.5400,3.600000
130.5600,3.600000
130.5800,3.600000
130.6000,3.600000
130.6200,3.600000
130.6400,3.600000
130.6600,3.600000
130.6800,3.549155
130.7000,2.878616
130.7200,2.450191
130.7400,1.564347
130.7600,1.132579
130.7800,0.725033
130.8000,0.443269
130.8200,0.561446
130.8400,0.712798
130.8600,1.293111
130.8800,2.751703
130.9000,3.600000
130.9200,3.474404
130.9400,3.074753
130.9600,3.079158
130.9800,2.607218
131.0000,2.495430
131.0200,3.181033
131.0400,3.600000
131.0600,3.600000
131.0800,3.600000
131.1000,3.600000
131.1200,3.600000
131.1400,3.204240
131.1600,2.145089
131.1800,1.163612
131.2000,0.776168
131.2200,0.488752
131.2400,0.327828
131.2600,0.200291
131.2800,0.173001
131.3000,0.353342
131.3200,0.676204
131.3400,1.392305
131.3600,1.071634
131.3800,1.017533
131.4000,0.704329
131.4200,0.421370
131.4400,0.405862
131.4600,0.369460
131.4800,0.306050
131.5000,0.315260
131.5200,0.518761
131.5400,0.677954
131.5600,1.639264
131.5800,1.817334
131.6000,1.290437
131.6200,0.717751
131.6400,0.389290
131.6600,0.258469
131.6800,0.302215
131.7000,0.374392
131.7200,0.397398
131.7400,0.545228
131.7600,0.562308
131.7800,0.496683
131.8000,0.338395
131.8200,0.641016
131.8400,1.818942
131.8600,2.174377
131.8800,1.936499
131.9000,1.144641
131.9200,0.625626
131.9400,0.745775
131.9600,0.551844
131.9800,0.321845
132.0000,0.317166
132.0200,0.252346
132.0400,0.146633
132.0600,0.334678
132.0800,0.643048
132.1000,1.752854
132.1200,2.620077
132.1400,1.701145
132.1600,0.957972
132.1800,0.546973
132.2000,0.491906
132.2200,0.402403
132.2400,0.424057
132.2600,0.667154
132.2800,0.573687
132.3000,0.430683
132.3200,0.426275
132.3400,0.268584
132.3600,0.789901
132.3800,2.419788
132.4000,3.091454
132.4200,2.569593
132.4400,1.438137
132.4600,0.901691
132.4800,0.681869
132.5000,0.476778
132.5200,0.396461
132.5400,0.280141
132.5600,0.289328
132.5800,0.388449
132.6000,0.666121
132.6200,0.916994
132.6400,1.716512
132.6600,2.779550
132.6800,2.734317
132.7000,1.421239
132.7200,0.801003
132.7400,0.678590
132.7600,0.825696
132.7800,0.730316
132.8000,0.644776
132.8200,0.460494
132.8400,0.262396
132.8600,0.190033
132.8800,0.320227
132.9000,0.352132
132.9200,0.981968
132.9400,2.633772
132.9600,3.600000
132.9800,2.967051
133.0000,2.049585
133.0200,1.712438
133.0400,0.968682
133.0600,0.556540
133.0800,0.458364
133.1000,0.309928
133.1200,0.316658
133.1400,0.665356
133.1600,1.641036
133.1800,2.848052
133.2000,3.600000
133.2200,3.600000
133.2400,2.653195
133.2600,1.641993
133.2800,1.004387
133.3000,0.602682
133.3200,0.350363
133.3400,0.315537
133.3600,0.388214
133.3800,0.263658
133.4000,0.169826
133.4200,0.287814
133.4400,0.292937
133.4600,0.295962
133.4800,0.287506
133.5000,0.266193
133.5200,0.242106
133.5400,0.648338
133.5600,1.317494
133.5800,2.500491
133.6000,3.219481
133.6200,2.668131
133.6400,1.702363
133.6600,1.127250
133.6800,0.795075
133.7000,0.496498
133.7200,0.502454
133.7400,0.479415
133.7600,0.330887
133.7800,0.255952
133.8000,0.261721
133.8200,0.320526
133.8400,0.752598
133.8600,1.658727
133.8800,2.754356
133.9000,2.360157
133.9200,2.358256
133.9400,3.012547
133.9600,2.027933
133.9800,1.320856
134.0000,1.413415
134.0200,1.930761
134.0400,3.016011
134.0600,3.600000
134.0800,2.580269
134.1000,3.053979
134.1200,3.600000
134.1400,3.554217
134.1600,0.121502
134.1800,0.207967
134.2000,0.287668
134.2200,0.322659
134.2400,0.434376
134.2600,0.322451
134.2800,0.191508
134.3000,0.370103
134.3200,0.491034
134.3400,0.286772
134.3600,0.156573
134.3800,0.129424
134.4000,0.602763
134.4200,0.665840
134.4400,0.458597
134.4600,0.313532
134.4800,0.189317
134.5000,0.417018
134.5200,0.979519
134.5400,2.187798
134.5600,2.621586
134.5800,3.029943
134.6000,3.392261
134.6200,3.434751
134.6400,3.412903
134.6600,3.131374
134.6800,2.725091
134.7000,2.417244
134.7200,2.089633
134.7400,1.934690
134.7600,1.514930
134.7800,1.493985
134.8000,1.387633
134.8200,1.252771
134.8400,1.023469
134.8600,0.929224
134.8800,1.011710
134.9000,0.808233
134.9200,0.893923
134.9400,1.225567
134.9600,1.162167
134.9800,0.637875
135.0000,0.427369
135.0200,0.688903
135.0400,1.000468
135.0600,1.005873
135.0800,1.182448
135.1000,1.142690
135.1200,0.721011
135.1400,0.626393
135.1600,1.368550
135.1800,1.745875
135.2000,1.857605
135.2200,2.546552
135.2400,3.493201
135.2600,3.600000
135.2800,3.509731
135.3000,3.598702
135.3200,3.078545
135.3400,2.066068
135.3600,1.440673
135.3800,1.112798
135.4000,1.347827
135.4200,1.980052
135.4400,1.969178
135.4600,2.711256
135.4800,3.224543
135.5000,2.608364
135.5200,2.386734
135.5400,2.864350
135.5600,3.121063
135.5800,2.119251
135.6000,2.022284
135.6200,2.945892
135.6400,3.534094
135.6600,3.600000
135.6800,3.600000
135.7000,3.600000
135.7200,3.600000
135.7400,3.600000
135.7600,3.600000
135.7800,3.600000
135.8000,3.600000
135.8200,3.600000
135.8400,3.549155
135.8600,2.878616
135.8800,2.450191
135.9000,1.564347
135.9200,1.132579
135.9400,0.725033
135.9600,0.443269
135.9800,0.561446
136.0000,0.712798
136.0200,1.293111
136.0400,2.751703
136.0600,3.600000
136.0800,3.474404
136.1000,3.074753
136.1200,3.079158
136.1400,2.607218
136.1600,2.495430
136.1800,3.181033
136.2000,3.600000
136.2200,3.600000
136.2400,3.600000
136.2600,3.600000
136.2800,3.600000
136.3000,3.204240
136.3200,2.145089
136.3400,1.163612
136.3600,0.776168
136.3800,0.488752
136.4000,0.327828
136.4200,0.200291
136.4400,0.173001
136.4600,0.353342
136.4800,0.676204
136.5000,1.392305
136.5200,1.071634
136.5400,1.017533
136.5600,0.704329
136.5800,0.421370
136.6000,0.405862
136.6200,0.369460
136.6400,0.306050
136.6600,0.315260
136.6800,0.518761
136.7000,0.677954
136.7200,1.639264
136.7400,1.817334
136.7600,1.290437
136.7800,0.717751
136.8000,0.389290
136.8200,0.258469
136.8400,0.302215
136.8600,0.374392
136.8800,0.397398
136.9000,0.545228
136.9200,0.562308
136.9400,0.496683
136.9600,0.338395
136.9800,0.641016
137.0000,1.818942
137.0200,2.174377
137.0400,1.936499
137.0600,1.144641
137.0800,0.625626
137.1000,0.745775
137.1200,0.551844
137.1400,0.321845
137.1600,0.317166
137.1800,0.252346
137.2000,0.146633
137.2200,0.334678
137.2400,0.643048
137.2600,1.752854
137.2800,2.620077
137.3000,1.701145
137.3200,0.957972
137.3400,0.546973
137.3600,0.491906
137.3800,0.402403
137.4000,0.424057
137.4200,0.667154
137.4400,0.573687
137.4600,0.430683
137.4800,0.426275
137.5000,0.268584
137.5200,0.789901
137.5400,2.419788
137.5600,3.091454
137.5800,2.569593
137.6000,1.438137
137.6200,0.901691
137.6400,0.681869
137.6600,0.476778
137.6800,0.396461
137.7000,0.280141
137.7200,0.289328
137.7400,0.388449
137.7600,0.666121
137.7800,0.916994
137.8000,1.716512
137.8200,2.779550
137.8400,2.734317
137.8600,1.421239
137.8800,0.801003
137.9000,0.678590
137.9200,0.825696
137.9400,0.730316
137.9600,0.644776
137.9800,0.460494
138.0000,0.262396
138.0200,0.190033
138.0400,0.320227
138.0600,0.352132
138.0800,0.981968
138.1000,2.633772
138.1200,3.600000
138.1400,2.967051
138.1600,2.049585
138.1800,1.712438
138.2000,0.968682
138.2200,0.556540
138.2400,0.458364
138.2600,0.309928
138.2800,0.316658
138.3000,0.665356
138.3200,1.641036
138.3400,2.848052
138.3600,3.600000
138.3800,3.600000
138.4000,2.653195
138.4200,1.641993
138.4400,1.004387
138.4600,0.602682
138.4800,0.350363
138.5000,0.315537
138.5200,0.388214
138.5400,0.263658
138.5600,0.169826
138.5800,0.287814
138.6000,0.292937
138.6200,0.295962
138.6400,0.287506
138.6600,0.266193
138.6800,0.242106
138.7000,0.648338
138.7200,1.317494
138.7400,2.500491
138.7600,3.219481
138.7800,2.668131
138.8000,1.702363
138.8200,1.127250
138.8400,0.795075
138.8600,0.496498
138.8800,0.502454
138.9000,0.479415
138.9200,0.330887
138.9400,0.255952
138.9600,0.261721
138.9800,0.320526
139.0000,0.752598
139.0200,1.658727
139.0400,2.754356
139.0600,2.360157
139.0800,2.358256
139.1000,3.012547
139.1200,2.027933
139.1400,1.320856
139.1600,1.413415
139.1800,1.930761
139.2000,3.016011
139.2200,3.600000
139.2400,2.580269
139.2600,3.053979
139.2800,3.600000
139.3000,3.554217
139.3200,0.121502
139.3400,0.207967
139.3600,0.287668
139.3800,0.322659
139.4000,0.434376
139.4200,0.322451
139.4400,0.191508
139.4600,0.370103
139.4800,0.491034
139.5000,0.286772
139.5200,0.156573
139.5400,0.129424
139.5600,0.602763
139.5800,0.665840
139.6000,0.458597
139.6200,0.313532
139.6400,0.189317
139.6600,0.417018
139.6800,0.979519
139.7000,2.187798
139.7200,2.621586
139.7400,3.029943
139.7600,3.392261
139.7800,3.434751
139.8000,3.412903
139.8200,3.131374
139.8400,2.725091
139.8600,2.417244
139.8800,2.089633
139.9000,1.934690
139.9200,1.514930
139.9400,1.493985
139.9600,1.387633
139.9800,1.252771
140.0000,1.023469
140.0200,0.929224
140.0400,1.011710
140.0600,0.808233
140.0800,0.893923
140.1000,1.225567
140.1200,1.162167
140.1400,0.637875
140.1600,0.427369
140.1800,0.688903
140.2000,1.000468
140.2200,1.005873
140.2400,1.182448
140.2600,1.142690
140.2800,0.721011
140.3000,0.626393
140.3200,1.368550
140.3400,1.745875
140.3600,1.857605
140.3800,2.546552
140.4000,3.493201
140.4200,3.600000
140.4400,3.509731
140.4600,3.598702
140.4800,3.078545
140.5000,2.066068
140.5200,1.440673
140.5400,1.112798
140.5600,1.347827
140.5800,1.980052
140.6000,1.969178
140.6200,2.711256
140.6400,3.224543
140.6600,2.608364
140.6800,2.386734
140.7000,2.864350
140.7200,3.121063
140.7400,2.119251
140.7600,2.022284
140.7800,2.945892
140.8000,3.534094
140.8200,3.600000
140.8400,3.600000
140.8600,3.600000
140.8800,3.600000
140.9000,3.600000
140.9200,3.600000
140.9400,3.600000
140.9600,3.600000
140.9800,3.600000
141.0000,3.549155
141.0200,2.878616
141.0400,2.450191
141.0600,1.564347
141.0800,1.132579
141.1000,0.725033
141.1200,0.443269
141.1400,0.561446
141.1600,0.712798
141.1800,1.293111
141.2000,2.751703
141.2200,3.600000
141.2400,3.474404
141.2600,3.074753
141.2800,3.079158
141.3000,2.607218
141.3200,2.495430
141.3400,3.181033
141.3600,3.600000
141.3800,3.600000
141.4000,3.600000
141.4200,3.600000
141.4400,3.600000
141.4600,3.204240
141.4800,2.145089
141.5000,1.163612
141.5200,0.776168
141.5400,0.488752
141.5600,0.327828
141.5800,0.200291
141.6000,0.173001
141.6200,0.353342
141.6400,0.676204
141.6600,1.392305
141.6800,1.071634
141.7000,1.017533
141.7200,0.704329
141.7400,0.421370
141.7600,0.405862
141.7800,0.369460
141.8000,0.306050
141.8200,0.315260
141.8400,0.518761
141.8600,0.677954
141.8800,1.639264
141.9000,1.817334
141.9200,1.290437
141.9400,0.717751
141.9600,0.389290
141.9800,0.258469
142.0000,0.302215
142.0200,0.374392
142.0400,0.397398
142.0600,0.545228
142.0800,0.562308
142.1000,0.496683
142.1200,0.338395
142.1400,0.641016
142.1600,1.818942
142.1800,2.174377
142.2000,1.936499
142.2200,1.144641
142.2400,0.625626
142.2600,0.745775
142.2800,0.551844
142.3000,0.321845
142.3200,0.317166
142.3400,0.252346
142.3600,0.146633
142.3800,0.334678
142.4000,0.643048
142.4200,1.752854
142.4400,2.620077
142.4600,1.701145
142.4800,0.957972
142.5000,0.546973
142.5200,0.491906
142.5400,0.402403
142.5600,0.424057
142.5800,0.667154
142.6000,0.573687
142.6200,0.430683
142.6400,0.426275
142.6600,0.268584
142.6800,0.789901
142.7000,2.419788
142.7200,3.091454
142.7400,2.569593
142.7600,1.438137
142.7800,0.901691
142.8000,0.681869
142.8200,0.476778
142.8400,0.396461
142.8600,0.280141
142.8800,0.289328
142.9000,0.388449
142.9200,0.666121
142.9400,0.916994
142.9600,1.716512
142.9800,2.779550
143.0000,2.734317
143.0200,1.421239
143.0400,0.801003
143.0600,0.678590
143.0800,0.825696
143.1000,0.730316
143.1200,0.644776
143.1400,0.460494
143.1600,0.262396
143.1800,0.190033
143.2000,0.320227
143.2200,0.352132
143.2400,0.981968
143.2600,2.633772
143.2800,3.600000
143.3000,2.967051
143.3200,2.049585
143.3400,1.712438
143.3600,0.968682
143.3800,0.556540
143.4000,0.458364
143.4200,0.309928
143.4400,0.316658
143.4600,0.665356
143.4800,1.641036
143.5000,2.848052
143.5200,3.600000
143.5400,3.600000
143.5600,2.653195
143.5800,1.641993
143.6000,1.004387
143.6200,0.602682
143.6400,0.350363
143.6600,0.315537
143.6800,0.388214
143.7000,0.263658
143.7200,0.169826
143.7400,0.287814
143.7600,0.292937
143.7800,0.295962
143.8000,0.287506
143.8200,0.266193
143.8400,0.242106
143.8600,0.648338
143.8800,1.317494
143.9000,2.500491
143.9200,3.219481
143.9400,2.668131
143.9600,1.702363
143.9800,1.127250
144.0000,0.795075
144.0200,0.496498
144.0400,0.502454
144.0600,0.479415
144.0800,0.330887
144.1000,0.255952
144.1200,0.261721
144.1400,0.320526
144.1600,0.752598
144.1800,1.658727
144.2000,2.754356
144.2200,2.360157
144.2400,2.358256
144.2600,3.012547
144.2800,2.027933
144.3000,1.320856
144.3200,1.413415
144.3400,1.930761
144.3600,3.016011
144.3800,3.600000
144.4000,2.580269
144.4200,3.053979
144.4400,3.600000
144.4600,3.554217
144.4800,0.121502
144.5000,0.207967
144.5200,0.287668
144.5400,0.322659
144.5600,0.434376
144.5800,0.322451
144.6000,0.191508
144.6200,0.370103
144.6400,0.491034
144.6600,0.286772
144.6800,0.156573
144.7000,0.129424
144.7200,0.602763
144.7400,0.665840
144.7600,0.458597
144.7800,0.313532
144.8000,0.189317
144.8200,0.417018
144.8400,0.979519
144.8600,2.187798
144.8800,2.621586
144.9000,3.029943
144.9200,3.392261
144.9400,3.434751
144.9600,3.412903
144.9800,3.131374
145.0000,2.725091
145.0200,2.417244
145.0400,2.089633
145.0600,1.934690
145.0800,1.514930
145.1000,1.493985
145.1200,1.387633
145.1400,1.252771
145.1600,1.023469
145.1800,0.929224
145.2000,1.011710
145.2200,0.808233
145.2400,0.893923
145.2600,1.225567
145.2800,1.162167
145.3000,0.637875
145.3200,0.427369
145.3400,0.688903
145.3600,1.000468
145.3800,1.005873
145.4000,1.182448
145.4200,1.142690
145.4400,0.721011
145.4600,0.626393
145.4800,1.368550
145.5000,1.745875
145.5200,1.857605
145.5400,2.546552
145.5600,3.493201
145.5800,3.600000
145.6000,3.509731
145.6200,3.598702
145.6400,3.078545
145.6600,2.066068
145.6800,1.440673
145.7000,1.112798
145.7200,1.347827
145.7400,1.980052
145.7600,1.969178
145.7800,2.711256
145.8000,3.224543
145.8200,2.608364
145.8400,2.386734
145.8600,2.864350
145.8800,3.121063
145.9000,2.119251
145.9200,2.022284
145.9400,2.945892
145.9600,3.534094
145.9800,3.600000
146.0000,3.600000
146.0200,3.600000
146.0400,3.600000
146.0600,3.600000
146.0800,3.600000
146.1000,3.600000
146.1200,3.600000
146.1400,3.600000
146.1600,3.549155
146.1800,2.878616
146.2000,2.450191
146.2200,1.564347
146.2400,1.132579
146.2600,0.725033
146.2800,0.443269
146.3000,0.561446
146.3200,0.712798
146.3400,1.293111
146.3600,2.751703
146.3800,3.600000
146.4000,3.474404
146.4200,3.074753
146.4400,3.079158
146.4600,2.607218
146.4800,2.495430
146.5000,3.181033
146.5200,3.600000
146.5400,3.600000
146.5600,3.600000
146.5800,3.600000
146.6000,3.600000
146.6200,3.204240
146.6400,2.145089
146.6600,1.163612
146.6800,0.776168
146.7000,0.488752
146.7200,0.327828
146.7400,0.200291
146.7600,0.173001
146.7800,0.353342
146.8000,0.676204
146.8200,1.392305
146.8400,1.071634
146.8600,1.017533
146.8800,0.704329
146.9000,0.421370
146.9200,0.405862
146.9400,0.369460
146.9600,0.306050
146.9800,0.315260
147.0000,0.518761
147.0200,0.677954
147.0400,1.639264
147.0600,1.817334
147.0800,1.290437
147.1000,0.717751
147.1200,0.389290
147.1400,0.258469
147.1600,0.302215
147.1800,0.374392
147.2000,0.397398
147.2200,0.545228
147.2400,0.562308
147.2600,0.496683
147.2800,0.338395
147.3000,0.641016
147.3200,1.818942
147.3400,2.174377
147.3600,1.936499
147.3800,1.144641
147.4000,0.625626
147.4200,0.745775
147.4400,0.551844
147.4600,0.321845
147.4800,0.317166
147.5000,0.252346
147.5200,0.146633
147.5400,0.334678
147.5600,0.643048
147.5800,1.752854
147.6000,2.620077
147.6200,1.701145
147.6400,0.957972
147.6600,0.546973
147.6800,0.491906
147.7000,0.402403
147.7200,0.424057
147.7400,0.667154
147.7600,0.573687
147.7800,0.430683
147.8000,0.426275
147.8200,0.268584
147.8400,0.789901
147.8600,2.419788
147.8800,3.091454
147.9000,2.569593
147.9200,1.438137
147.9400,0.901691
147.9600,0.681869
147.9800,0.476778
148.0000,0.396461
148.0200,0.280141
148.0400,0.289328
148.0600,0.388449
148.0800,0.666121
148.1000,0.916994
148.1200,1.716512
148.1400,2.779550
148.1600,2.734317
148.1800,1.421239
148.2000,0.801003
148.2200,0.678590
148.2400,0.825696
148.2600,0.730316
148.2800,0.644776
148.3000,0.460494
148.3200,0.262396
148.3400,0.190033
148.3600,0.320227
148.3800,0.352132
148.4000,0.981968
148.4200,2.633772
148.4400,3.600000
148.4600,2.967051
148.4800,2.049585
148.5000,1.712438
148.5200,0.968682
148.5400,0.556540
148.5600,0.458364
148.5800,0.309928
148.6000,0.316658
148.6200,0.665356
148.6400,1.641036
148.6600,2.848052
148.6800,3.600000
148.7000,3.600000
148.7200,2.653195
148.7400,1.641993
148.7600,1.004387
148.7800,0.602682
148.8000,0.350363
148.8200,0.315537
148.8400,0.388214
148.8600,0.263658
148.8800,0.169826
148.9000,0.287814
148.9200,0.292937
148.9400,0.295962
148.9600,0.287506
148.9800,0.266193
149.0000,0.242106
149.0200,0.648338
149.0400,1.317494
149.0600,2.500491
149.0800,3.219481
149.1000,2.668131
149.1200,1.702363
149.1400,1.127250
149.1600,0.795075
149.1800,0.496498
149.2000,0.502454
149.2200,0.479415
149.2400,0.330887
149.2600,0.255952
149.2800,0.261721
149.3000,0.320526
149.3200,0.752598
149.3400,1.658727
149.3600,2.754356
149.3800,2.360157
149.4000,2.358256
149.4200,3.012547
149.4400,2.027933
149.4600,1.320856
149.4800,1.413415
149.5000,1.930761
149.5200,3.016011
149.5400,3.600000
149.5600,2.580269
149.5800,3.053979
149.6000,3.600000
149.6200,3.554217
149.6400,0.121502
149.6600,0.207967
149.6800,0.287668
149.7000,0.322659
149.7200,0.434376
149.7400,0.322451
149.7600,0.191508
149.7800,0.370103
149.8000,0.491034
149.8200,0.286772
149.8400,0.156573
149.8600,0.129424
149.8800,0.602763
149.9000,0.665840
149.9200,0.458597
149.9400,0.313532
149.9600,0.189317
149.9800,0.417018
150.0000,0.979519
150.0200,2.187798
150.0400,2.621586
150.0600,3.029943
150.0800,3.392261
150.1000,3.434751
150.1200,3.412903
150.1400,3.131374
150.1600,2.725091
150.1800,2.417244
150.2000,2.089633
150.2200,1.934690
150.2400,1.514930
150.2600,1.493985
150.2800,1.387633
150.3000,1.252771
150.3200,1.023469
150.3400,0.929224
150.3600,1.011710
150.3800,0.808233
150.4000,0.893923
150.4200,1.225567
150.4400,1.162167
150.4600,0.637875
150.4800,0.427369
150.5000,0.688903
150.5200,1.000468
150.5400,1.005873
150.5600,1.182448
150.5800,1.142690
150.6000,0.721011
150.6200,0.626393
150.6400,1.368550
150.6600,1.745875
150.6800,1.857605
150.7000,2.546552
150.7200,3.493201
150.7400,3.600000
150.7600,3.509731
150.7800,3.598702
150.8000,3.078545
150.8200,2.066068
150.8400,1.440673
150.8600,1.112798
150.8800,1.347827
150.9000,1.980052
150.9200,1.969178
150.9400,2.711256
150.9600,3.224543
150.9800,2.608364
151.0000,2.386734
151.0200,2.864350
151.0400,3.121063
151.0600,2.119251
151.0800,2.022284
151.1000,2.945892
151.1200,3.534094
151.1400,3.600000
151.1600,3.600000
151.1800,3.600000
151.2000,3.600000
151.2200,3.600000
151.2400,3.600000
151.2600,3.600000
151.2800,3.600000
151.3000,3.600000
151.3200,3.549155
151.3400,2.878616
151.3600,2.450191
151.3800,1.564347
151.4000,1.132579
151.4200,0.725033
151.4400,0.443269
151.4600,0.561446
151.4800,0.712798
151.5000,1.293111
151.5200,2.751703
151.5400,3.600000
151.5600,3.474404
151.5800,3.074753
151.6000,3.079158
151.6200,2.607218
151.6400,2.495430
151.6600,3.181033
151.6800,3.600000
151.7000,3.600000
151.7200,3.600000
151.7400,3.600000
151.7600,3.600000
151.7800,3.204240
151.8000,2.145089
151.8200,1.163612
151.8400,0.776168
151.8600,0.488752
151.8800,0.327828
151.9000,0.200291
151.9200,0.173001
151.9400,0.353342
151.9600,0.676204
151.9800,1.392305
152.0000,1.071634
152.0200,1.017533
152.0400,0.704329
152.0600,0.421370
152.0800,0.405862
152.1000,0.369460
152.1200,0.306050
152.1400,0.315260
152.1600,0.518761
152.1800,0.677954
152.2000,1.639264
152.2200,1.817334
152.2400,1.290437
152.2600,0.717751
152.2800,0.389290
152.3000,0.258469
152.3200,0.302215
152.3400,0.374392
152.3600,0.397398
152.3800,0.545228
152.4000,0.562308
152.4200,0.496683
152.4400,0.338395
152.4600,0.641016
152.4800,1.818942
152.5000,2.174377
152.5200,1.936499
152.5400,1.144641
152.5600,0.625626
152.5800,0.745775
152.6000,0.551844
152.6200,0.321845
152.6400,0.317166
152.6600,0.252346
152.6800,0.146633
152.7000,0.334678
152.7200,0.643048
152.7400,1.752854
152.7600,2.620077
152.7800,1.701145
152.8000,0.957972
152.8200,0.546973
152.8400,0.491906
152.8600,0.402403
152.8800,0.424057
152.9000,0.667154
152.9200,0.573687
152.9400,0.430683
152.9600,0.426275
152.9800,0.268584
153.0000,0.789901
153.0200,2.419788
153.0400,3.091454
153.0600,2.569593
153.0800,1.438137
153.1000,0.901691
153.1200,0.681869
153.1400,0.476778
153.1600,0.396461
153.1800,0.280141
153.2000,0.289328
153.2200,0.388449
153.2400,0.666121
153.2600,0.916994
153.2800,1.716512
153.3000,2.779550
153.3200,2.734317
153.3400,1.421239
153.3600,0.801003
153.3800,0.678590
153.4000,0.825696
153.4200,0.730316
153.4400,0.644776
153.4600,0.460494
153.4800,0.262396
153.5000,0.190033
153.5200,0.320227
153.5400,0.352132
153.5600,0.981968
153.5800,2.633772
153.6000,3.600000
153.6200,2.967051
153.6400,2.049585
153.6600,1.712438
153.6800,0.968682
153.7000,0.556540
153.7200,0.458364
153.7400,0.309928
153.7600,0.316658
153.7800,0.665356
153.8000,1.641036
153.8200,2.848052
153.8400,3.600000
153.8600,3.600000
153.8800,2.653195
153.9000,1.641993
153.9200,1.004387
153.9400,0.602682
153.9600,0.350363
153.9800,0.315537
154.0000,0.388214
154.0200,0.263658
154.0400,0.169826
154.0600,0.287814
154.0800,0.292937
154.1000,0.295962
154.1200,0.287506
154.1400,0.266193
154.1600,0.242106
154.1800,0.648338
154.2000,1.317494
154.2200,2.500491
154.2400,3.219481
154.2600,2.668131
154.2800,1.702363
154.3000,1.127250
154.3200,0.795075
154.3400,0.496498
154.3600,0.502454
154.3800,0.479415
154.4000,0.330887
154.4200,0.255952
154.4400,0.261721
154.4600,0.320526
154.4800,0.752598
154.5000,1.658727
154.5200,2.754356
154.5400,2.360157
154.5600,2.358256
154.5800,3.012547
154.6000,2.027933
154.6200,1.320856
154.6400,1.413415
154.6600,1.930761
154.6800,3.016011
154.7000,3.600000
154.7200,2.580269
154.7400,3.053979
154.7600,3.600000
154.7800,3.554217
154.8000,0.121502
154.8200,0.207967
154.8400,0.287668
154.8600,0.322659
154.8800,0.434376
154.9000,0.322451
154.9200,0.191508
154.9400,0.370103
154.9600,0.491034
154.9800,0.286772
155.0000,0.156573
155.0200,0.129424
155.0400,0.602763
155.0600,0.665840
155.0800,0.458597
155.1000,0.313532
155.1200,0.189317
155.1400,0.417018
155.1600,0.979519
155.1800,2.187798
155.2000,2.621586
155.2200,3.029943
155.2400,3.392261
155.2600,3.434751
155.2800,3.412903
155.3000,3.131374
155.3200,2.725091
155.3400,2.417244
155.3600,2.089633
155.3800,1.934690
155.4000,1.514930
155.4200,1.493985
155.4400,1.387633
155.4600,1.252771
155.4800,1.023469
155.5000,0.929224
155.5200,1.011710
155.5400,0.808233
155.5600,0.893923
155.5800,1.225567
155.6000,1.162167
155.6200,0.637875
155.6400,0.427369
155.6600,0.688903
155.6800,1.000468
155.7000,1.005873
155.7200,1.182448
155.7400,1.142690
155.7600,0.721011
155.7800,0.626393
155.8000,1.368550
155.8200,1.745875
155.8400,1.857605
155.8600,2.546552
155.8800,3.493201
155.9000,3.600000
155.9200,3.509731
155.9400,3.598702
155.9600,3.078545
155.9800,2.066068
156.0000,1.440673
156.0200,1.112798
156.0400,1.347827
156.0600,1.980052
156.0800,1.969178
156.1000,2.711256
156.1200,3.224543
156.1400,2.608364
156.1600,2.386734
156.1800,2.864350
156.2000,3.121063
156.2200,2.119251
156.2400,2.022284
156.2600,2.945892
156.2800,3.534094
156.3000,3.600000
156.3200,3.600000
156.3400,3.600000
156.3600,3.600000
156.3800,3.600000
156.4000,3.600000
156.4200,3.600000
156.4400,3.600000
156.4600,3.600000
156.4800,3.549155
156.5000,2.878616
156.5200,2.450191
156.5400,1.564347
156.5600,1.132579
156.5800,0.725033
156.6000,0.443269
156.6200,0.561446
156.6400,0.712798
156.6600,1.293111
156.6800,2.751703
156.7000,3.600000
156.7200,3.474404
156.7400,3.074753
156.7600,3.079158
156.7800,2.607218
156.8000,2.495430
156.8200,3.181033
156.8400,3.600000
156.8600,3.600000
156.8800,3.600000
156.9000,3.600000
156.9200,3.600000
156.9400,3.204240
156.9600,2.145089
156.9800,1.163612
157.0000,0.776168
157.0200,0.488752
157.0400,0.327828
157.0600,0.200291
157.0800,0.173001
157.1000,0.353342
157.1200,0.676204
157.1400,1.392305
157.1600,1.071634
157.1800,1.017533
157.2000,0.704329
157.2200,0.421370
157.2400,0.405862
157.2600,0.369460
157.2800,0.306050
157.3000,0.315260
157.3200,0.518761
157.3400,0.677954
157.3600,1.639264
157.3800,1.817334
157.4000,1.290437
157.4200,0.717751
157.4400,0.389290
157.4600,0.258469
157.4800,0.302215
157.5000,0.374392
157.5200,0.397398
157.5400,0.545228
157.5600,0.562308
157.5800,0.496683
157.6000,0.338395
157.6200,0.641016
157.6400,1.818942
157.6600,2.174377
157.6800,1.936499
157.7000,1.144641
157.7200,0.625626
157.7400,0.745775
157.7600,0.551844
157.7800,0.321845
157.8000,0.317166
157.8200,0.252346
157.8400,0.146633
157.8600,0.334678
157.8800,0.643048
157.9000,1.752854
157.9200,2.620077
157.9400,1.701145
157.9600,0.957972
157.9800,0.546973
158.0000,0.491906
158.0200,0.402403
158.0400,0.424057
158.0600,0.667154
158.0800,0.573687
158.1000,0.430683
158.1200,0.426275
158.1400,0.268584
158.1600,0.789901
158.1800,2.419788
158.2000,3.091454
158.2200,2.569593
158.2400,1.438137
158.2600,0.901691
158.2800,0.681869
158.3000,0.476778
158.3200,0.396461
158.3400,0.280141
158.3600,0.289328
158.3800,0.388449
158.4000,0.666121
158.4200,0.916994
158.4400,1.716512
158.4600,2.779550
158.4800,2.734317
158.5000,1.421239
158.5200,0.801003
158.5400,0.678590
158.5600,0.825696
158.5800,0.730316
158.6000,0.644776
158.6200,0.460494
158.6400,0.262396
158.6600,0.190033
158.6800,0.320227
158.7000,0.352132
158.7200,0.981968
158.7400,2.633772
158.7600,3.600000
158.7800,2.967051
158.8000,2.049585
158.8200,1.712438
158.8400,0.968682
158.8600,0.556540
158.8800,0.458364
158.9000,0.309928
158.9200,0.316658
158.9400,0.665356
158.9600,1.641036
158.9800,2.848052
159.0000,3.600000
159.0200,3.600000
159.0400,2.653195
159.0600,1.641993
159.0800,1.004387
159.1000,0.602682
159.1200,0.350363
159.1400,0.315537
159.1600,0.388214
159.1800,0.263658
159.2000,0.169826
159.2200,0.287814
159.2400,0.292937
159.2600,0.295962
159.2800,0.287506
159.3000,0.266193
159.3200,0.242106
159.3400,0.648338
159.3600,1.317494
159.3800,2.500491
159.4000,3.219481
159.4200,2.668131
159.4400,1.702363
159.4600,1.127250
159.4800,0.795075
159.5000,0.496498
159.5200,0.502454
159.5400,0.479415
159.5600,0.330887
159.5800,0.255952
159.6000,0.261721
159.6200,0.320526
159.6400,0.752598
159.6600,1.658727
159.6800,2.754356
159.7000,2.360157
159.7200,2.358256
159.7400,3.012547
159.7600,2.027933
159.7800,1.320856
159.8000,1.413415
159.8200,1.930761
159.8400,3.016011
159.8600,3.600000
159.8800,2.580269
159.9000,3.053979
159.9200,3.600000
159.9400,3.554217
159.9600,0.121502
159.9800,0.207967
160.0000,0.287668
160.0200,0.322659
160.0400,0.434376
160.0600,0.322451
160.0800,0.191508
160.1000,0.370103
160.1200,0.491034
160.1400,0.286772
160.1600,0.156573
160.1800,0.129424
160.2000,0.602763
160.2200,0.665840
160.2400,0.458597
160.2600,0.313532
160.2800,0.189317
160.3000,0.417018
160.3200,0.979519
160.3400,2.187798
160.3600,2.621586
160.3800,3.029943
160.4000,3.392261
160.4200,3.434751
160.4400,3.412903
160.4600,3.131374
160.4800,2.725091
160.5000,2.417244
160.5200,2.089633
160.5400,1.934690
160.5600,1.514930
160.5800,1.493985
160.6000,1.387633
160.6200,1.252771
160.6400,1.023469
160.6600,0.929224
160.6800,1.011710
160.7000,0.808233
160.7200,0.893923
160.7400,1.225567
160.7600,1.162167
160.7800,0.637875
160.8000,0.427369
160.8200,0.688903
160.8400,1.000468
160.8600,1.005873
160.8800,1.182448
160.9000,1.142690
160.9200,0.721011
160.9400,0.626393
160.9600,1.368550
160.9800,1.745875
161.0000,1.857605
161.0200,2.546552
161.0400,3.493201
161.0600,3.600000
161.0800,3.509731
161.1000,3.598702
161.1200,3.078545
161.1400,2.066068
161.1600,1.440673
161.1800,1.112798
161.2000,1.347827
161.2200,1.980052
161.2400,1.969178
161.2600,2.711256
161.2800,3.224543
161.3000,2.608364
161.3200,2.386734
161.3400,2.864350
161.3600,3.121063
161.3800,2.119251
161.4000,2.022284
161.4200,2.945892
161.4400,3.534094
161.4600,3.600000
161.4800,3.600000
161.5000,3.600000
161.5200,3.600000
161.5400,3.600000
161.5600,3.600000
161.5800,3.600000
161.6000,3.600000
161.6200,3.600000
161.6400,3.549155
161.6600,2.878616
161.6800,2.450191
161.7000,1.564347
161.7200,1.132579
161.7400,0.725033
161.7600,0.443269
161.7800,0.561446
161.8000,0.712798
161.8200,1.293111
161.8400,2.751703
161.8600,3.600000
161.8800,3.474404
161.9000,3.074753
161.9200,3.079158
161.9400,2.607218
161.9600,2.495430
161.9800,3.181033
162.0000,3.600000
162.0200,3.600000
162.0400,3.600000
162.0600,3.600000
162.0800,3.600000
162.1000,3.204240
162.1200,2.145089
162.1400,1.163612
162.1600,0.776168
162.1800,0.488752
162.2000,0.327828
162.2200,0.200291
162.2400,0.173001
162.2600,0.353342
162.2800,0.676204
162.3000,1.392305
162.3200,1.071634
162.3400,1.017533
162.3600,0.704329
162.3800,0.421370
162.4000,0.405862
162.4200,0.369460
162.4400,0.306050
162.4600,0.315260
162.4800,0.518761
162.5000,0.677954
162.5200,1.639264
162.5400,1.817334
162.5600,1.290437
162.5800,0.717751
162.6000,0.389290
162.6200,0.258469
162.6400,0.302215
162.6600,0.374392
162.6800,0.397398
162.7000,0.545228
162.7200,0.562308
162.7400,0.496683
162.7600,0.338395
162.7800,0.641016
162.8000,1.818942
162.8200,2.174377
162.8400,1.936499
162.8600,1.144641
162.8800,0.625626
162.9000,0.745775
162.9200,0.551844
162.9400,0.321845
162.9600,0.317166
162.9800,0.252346
163.0000,0.146633
163.0200,0.334678
163.0400,0.643048
163.0600,1.752854
163.0800,2.620077
163.1000,1.701145
163.1200,0.957972
163.1400,0.546973
163.1600,0.491906
163.1800,0.402403
163.2000,0.424057
163.2200,0.667154
163.2400,0.573687
163.2600,0.430683
163.2800,0.426275
163.3000,0.268584
163.3200,0.789901
163.3400,2.419788
163.3600,3.091454
163.3800,2.569593
163.4000,1.438137
163.4200,0.901691
163.4400,0.681869
163.4600,0.476778
163.4800,0.396461
163.5000,0.280141
163.5200,0.289328
163.5400,0.388449
163.5600,0.666121
163.5800,0.916994
163.6000,1.716512
163.6200,2.779550
163.6400,2.734317
163.6600,1.421239
163.6800,0.801003
163.7000,0.678590
163.7200,0.825696
163.7400,0.730316
163.7600,0.644776
163.7800,0.460494
163.8000,0.262396
163.8200,0.190033
163.8400,0.320227
163.8600,0.352132
163.8800,0.981968
163.9000,2.633772
163.9200,3.600000
163.9400,2.967051
163.9600,2.049585
163.9800,1.712438
164.0000,0.968682
164.0200,0.556540
164.0400,0.458364
164.0600,0.309928
164.0800,0.316658
164.1000,0.665356
164.1200,1.641036
164.1400,2.848052
164.1600,3.600000
164.1800,3.600000
164.2000,2.653195
164.2200,1.641993
164.2400,1.004387
164.2600,0.602682
164.2800,0.350363
164.3000,0.315537
164.3200,0.388214
164.3400,0.263658
164.3600,0.169826
164.3800,0.287814
164.4000,0.292937
164.4200,0.295962
164.4400,0.287506
164.4600,0.266193
164.4800,0.242106
164.5000,0.648338
164.5200,1.317494
164.5400,2.500491
164.5600,3.219481
164.5800,2.668131
164.6000,1.702363
164.6200,1.127250
164.6400,0.795075
164.6600,0.496498
164.6800,0.502454
164.7000,0.479415
164.7200,0.330887
164.7400,0.255952
164.7600,0.261721
164.7800,0.320526
164.8000,0.752598
164.8200,1.658727
164.8400,2.754356
164.8600,2.360157
164.8800,2.358256
164.9000,3.012547
164.9200,2.027933
164.9400,1.320856
164.9600,1.413415
164.9800,1.930761
165.0000,3.016011
165.0200,3.600000
165.0400,2.580269
165.0600,3.053979
165.0800,3.600000
165.1000,3.554217
165.1200,0.121502
165.1400,0.207967
165.1600,0.287668
165.1800,0.322659
165.2000,0.434376
165.2200,0.322451
165.2400,0.191508
165.2600,0.370103
165.2800,0.491034
165.3000,0.286772
165.3200,0.156573
165.3400,0.129424
165.3600,0.602763
165.3800,0.665840
165.4000,0.458597
165.4200,0.313532
165.4400,0.189317
165.4600,0.417018
165.4800,0.979519
165.5000,2.187798
165.5200,2.621586
165.5400,3.029943
165.5600,3.392261
165.5800,3.434751
165.6000,3.412903
165.6200,3.131374
165.6400,2.725091
165.6600,2.417244
165.6800,2.089633
165.7000,1.934690
165.7200,1.514930
165.7400,1.493985
165.7600,1.387633
165.7800,1.252771
165.8000,1.023469
165.8200,0.929224
165.8400,1.011710
165.8600,0.808233
165.8800,0.893923
165.9000,1.225567
165.9200,1.162167
165.9400,0.637875
165.9600,0.427369
165.9800,0.688903
166.0000,1.000468
166.0200,1.005873
166.0400,1.182448
166.0600,1.142690
166.0800,0.721011
166.1000,0.626393
166.1200,1.368550
166.1400,1.745875
166.1600,1.857605
166.1800,2.546552
166.2000,3.493201
166.2200,3.600000
166.2400,3.509731
166.2600,3.598702
166.2800,3.078545
166.3000,2.066068
166.3200,1.440673
166.3400,1.112798
166.3600,1.347827
166.3800,1.980052
166.4000,1.969178
166.4200,2.711256
166.4400,3.224543
166.4600,2.608364
166.4800,2.386734
166.5000,2.864350
166.5200,3.121063
166.5400,2.119251
166.5600,2.022284
166.5800,2.945892
166.6000,3.534094
166.6200,3.600000
166.6400,3.600000
166.6600,3.600000
166.6800,3.600000
166.7000,3.600000
166.7200,3.600000
166.7400,3.600000
166.7600,3.600000
166.7800,3.600000
166.8000,3.549155
166.8200,2.878616
166.8400,2.450191
166.8600,1.564347
166.8800,1.132579
166.9000,0.725033
166.9200,0.443269
166.9400,0.561446
166.9600,0.712798
166.9800,1.293111
167.0000,2.751703
167.0200,3.600000
167.0400,3.474404
167.0600,3.074753
167.0800,3.079158
167.1000,2.607218
167.1200,2.495430
167.1400,3.181033
167.1600,3.600000
167.1800,3.600000
167.2000,3.600000
167.2200,3.600000
167.2400,3.600000
167.2600,3.204240
167.2800,2.145089
167.3000,1.163612
167.3200,0.776168
167.3400,0.488752
167.3600,0.327828
167.3800,0.200291
167.4000,0.173001
167.4200,0.353342
167.4400,0.676204
167.4600,1.392305
167.4800,1.071634
167.5000,1.017533
167.5200,0.704329
167.5400,0.421370
167.5600,0.405862
167.5800,0.369460
167.6000,0.306050
167.6200,0.315260
167.6400,0.518761
167.6600,0.677954
167.6800,1.639264
167.7000,1.817334
167.7200,1.290437
167.7400,0.717751
167.7600,0.389290
167.7800,0.258469
167.8000,0.302215
167.8200,0.374392
167.8400,0.397398
167.8600,0.545228
167.8800,0.562308
167.9000,0.496683
167.9200,0.338395
167.9400,0.641016
167.9600,1.818942
167.9800,2.174377
168.0000,1.936499
168.0200,1.144641
168.0400,0.625626
168.0600,0.745775
168.0800,0.551844
168.1000,0.321845
168.1200,0.317166
168.1400,0.252346
168.1600,0.146633
168.1800,0.334678
168.2000,0.643048
168.2200,1.752854
168.2400,2.620077
168.2600,1.701145
168.2800,0.957972
168.3000,0.546973
168.3200,0.491906
168.3400,0.402403
168.3600,0.424057
168.3800,0.667154
168.4000,0.573687
168.4200,0.430683
168.4400,0.426275
168.4600,0.268584
168.4800,0.789901
168.5000,2.419788
168.5200,3.091454
168.5400,2.569593
168.5600,1.438137
168.5800,0.901691
168.6000,0.681869
168.6200,0.476778
168.6400,0.396461
168.6600,0.280141
168.6800,0.289328
168.7000,0.388449
168.7200,0.666121
168.7400,0.916994
168.7600,1.716512
168.7800,2.779550
168.8000,2.734317
168.8200,1.421239
168.8400,0.801003
168.8600,0.678590
168.8800,0.825696
168.9000,0.730316
168.9200,0.644776
168.9400,0.460494
168.9600,0.262396
168.9800,0.190033
169.0000,0.320227
169.0200,0.352132
169.0400,0.981968
169.0600,2.633772
169.0800,3.600000
169.1000,2.967051
169.1200,2.049585
169.1400,1.712438
169.1600,0.968682
169.1800,0.556540
169.2000,0.458364
169.2200,0.309928
169.2400,0.316658
169.2600,0.665356
169.2800,1.641036
169.3000,2.848052
169.3200,3.600000
169.3400,3.600000
169.3600,2.653195
169.3800,1.641993
169.4000,1.004387
169.4200,0.602682
169.4400,0.350363
169.4600,0.315537
169.4800,0.388214
169.5000,0.263658
169.5200,0.169826
169.5400,0.287814
169.5600,0.292937
169.5800,0.295962
169.6000,0.287506
169.6200,0.266193
169.6400,0.242106
169.6600,0.648338
169.6800,1.317494
169.7000,2.500491
169.7200,3.219481
169.7400,2.668131
169.7600,1.702363
169.7800,1.127250
169.8000,0.795075
169.8200,0.496498
169.8400,0.502454
169.8600,0.479415
169.8800,0.330887
169.9000,0.255952
169.9200,0.261721
169.9400,0.320526
169.9600,0.752598
169.9800,1.658727
170.0000,2.754356
170.0200,2.360157
170.0400,2.358256
170.0600,3.012547
170.0800,2.027933
170.1000,1.320856
170.1200,1.413415
170.1400,1.930761
170.1600,3.016011
170.1800,3.600000
170.2000,2.580269
170.2200,3.053979
170.2400,3.600000
170.2600,3.554217
170.2800,0.121502
170.3000,0.207967
170.3200,0.287668
170.3400,0.322659
170.3600,0.434376
170.3800,0.322451
170.4000,0.191508
170.4200,0.370103
170.4400,0.491034
170.4600,0.286772
170.4800,0.156573
170.5000,0.129424
170.5200,0.602763
170.5400,0.665840
170.5600,0.458597
170.5800,0.313532
170.6000,0.189317
170.6200,0.417018
170.6400,0.979519
170.6600,2.187798
170.6800,2.621586
170.7000,3.029943
170.7200,3.392261
170.7400,3.434751
170.7600,3.412903
170.7800,3.131374
170.8000,2.725091
170.8200,2.417244
170.8400,2.089633
170.8600,1.934690
170.8800,1.514930
170.9000,1.493985
170.9200,1.387633
170.9400,1.252771
170.9600,1.023469
170.9800,0.929224
171.0000,1.011710
171.0200,0.808233
171.0400,0.893923
171.0600,1.225567
171.0800,1.162167
171.1000,0.637875
171.1200,0.427369
171.1400,0.688903
171.1600,1.000468
171.1800,1.005873
171.2000,1.182448
171.2200,1.142690
171.2400,0.721011
171.2600,0.626393
171.2800,1.368550
171.3000,1.745875
171.3200,1.857605
171.3400,2.546552
171.3600,3.493201
171.3800,3.600000
171.4000,3.509731
171.4200,3.598702
171.4400,3.078545
171.4600,2.066068
171.4800,1.440673
171.5000,1.112798
171.5200,1.347827
171.5400,1.980052
171.5600,1.969178
171.5800,2.711256
171.6000,3.224543
171.6200,2.608364
171.6400,2.386734
171.6600,2.864350
171.6800,3.121063
171.7000,2.119251
171.7200,2.022284
171.7400,2.945892
171.7600,3.534094
171.7800,3.600000
171.8000,3.600000
171.8200,3.600000
171.8400,3.600000
171.8600,3.600000
171.8800,3.600000
171.9000,3.600000
171.9200,3.600000
171.9400,3.600000
171.9600,3.549155
171.9800,2.878616
172.0000,2.450191
172.0200,1.564347
172.0400,1.132579
172.0600,0.725033
172.0800,0.443269
172.1000,0.561446
172.1200,0.712798
172.1400,1.293111
172.1600,2.751703
172.1800,3.600000
172.2000,3.474404
172.2200,3.074753
172.2400,3.079158
172.2600,2.607218
172.2800,2.495430
172.3000,3.181033
172.3200,3.600000
172.3400,3.600000
172.3600,3.600000
172.3800,3.600000
172.4000,3.600000
172.4200,3.204240
172.4400,2.145089
172.4600,1.163612
172.4800,0.776168
172.5000,0.488752
172.5200,0.327828
172.5400,0.200291
172.5600,0.173001
172.5800,0.353342
172.6000,0.676204
172.6200,1.392305
172.6400,1.071634
172.6600,1.017533
172.6800,0.704329
172.7000,0.421370
172.7200,0.405862
172.7400,0.369460
172.7600,0.306050
172.7800,0.315260
172.8000,0.518761
172.8200,0.677954
172.8400,1.639264
172.8600,1.817334
172.8800,1.290437
172.9000,0.717751
172.9200,0.389290
172.9400,0.258469
172.9600,0.302215
172.9800,0.374392
173.0000,0.397398
173.0200,0.545228
173.0400,0.562308
173.0600,0.496683
173.0800,0.338395
173.1000,0.641016
173.1200,1.818942
173.1400,2.174377
173.1600,1.936499
173.1800,1.144641
173.2000,0.625626
173.2200,0.745775
173.2400,0.551844
173.2600,0.321845
173.2800,0.317166
173.3000,0.252346
173.3200,0.146633
173.3400,0.334678
173.3600,0.643048
173.3800,1.752854
173.4000,2.620077
173.4200,1.701145
173.4400,0.957972
173.4600,0.546973
173.4800,0.491906
173.5000,0.402403
173.5200,0.424057
173.5400,0.667154
173.5600,0.573687
173.5800,0.430683
173.6000,0.426275
173.6200,0.268584
173.6400,0.789901
173.6600,2.419788
173.6800,3.091454
173.7000,2.569593
173.7200,1.438137
173.7400,0.901691
173.7600,0.681869
173.7800,0.476778
173.8000,0.396461
173.8200,0.280141
173.8400,0.289328
173.8600,0.388449
173.8800,0.666121
173.9000,0.916994
173.9200,1.716512
173.9400,2.779550
173.9600,2.734317
173.9800,1.421239
174.0000,0.801003
174.0200,0.678590
174.0400,0.825696
174.0600,0.730316
174.0800,0.644776
174.1000,0.460494
174.1200,0.262396
174.1400,0.190033
174.1600,0.320227
174.1800,0.352132
174.2000,0.981968
174.2200,2.633772
174.2400,3.600000
174.2600,2.967051
174.2800,2.049585
174.3000,1.712438
174.3200,0.968682
174.3400,0.556540
174.3600,0.458364
174.3800,0.309928
174.4000,0.316658
174.4200,0.665356
174.4400,1.641036
174.4600,2.848052
174.4800,3.600000
174.5000,3.600000
174.5200,2.653195
174.5400,1.641993
174.5600,1.004387
174.5800,0.602682
174.6000,0.350363
174.6200,0.315537
174.6400,0.388214
174.6600,0.263658
174.6800,0.169826
174.7000,0.287814
174.7200,0.292937
174.7400,0.295962
174.7600,0.287506
174.7800,0.266193
174.8000,0.242106
174.8200,0.648338
174.8400,1.317494
174.8600,2.500491
174.8800,3.219481
174.9000,2.668131
174.9200,1.702363
174.9400,1.127250
174.9600,0.795075
174.9800,0.496498
175.0000,0.502454
175.0200,0.479415
175.0400,0.330887
175.0600,0.255952
175.0800,0.261721
175.1000,0.320526
175.1200,0.752598
175.1400,1.658727
175.1600,2.754356
175.1800,2.360157
175.2000,2.358256
175.2200,3.012547
175.2400,2.027933
175.2600,1.320856
175.2800,1.413415
175.3000,1.930761
175.3200,3.016011
175.3400,3.600000
175.3600,2.580269
175.3800,3.053979
175.4000,3.600000
175.4200,3.554217
175.4400,0.121502
175.4600,0.207967
175.4800,0.287668
175.5000,0.322659
175.5200,0.434376
175.5400,0.322451
175.5600,0.191508
175.5800,0.370103
175.6000,0.491034
175.6200,0.286772
175.6400,0.156573
175.6600,0.129424
175.6800,0.602763
175.7000,0.665840
175.7200,0.458597
175.7400,0.313532
175.7600,0.189317
175.7800,0.417018
175.8000,0.979519
175.8200,2.187798
175.8400,2.621586
175.8600,3.029943
175.8800,3.392261
175.9000,3.434751
175.9200,3.412903
175.9400,3.131374
175.9600,2.725091
175.9800,2.417244
176.0000,2.089633
176.0200,1.934690
176.0400,1.514930
176.0600,1.493985
176.0800,1.387633
176.1000,1.252771
176.1200,1.023469
176.1400,0.929224
176.1600,1.011710
176.1800,0.808233
176.2000,0.893923
176.2200,1.225567
176.2400,1.162167
176.2600,0.637875
176.2800,0.427369
176.3000,0.688903
176.3200,1.000468
176.3400,1.005873
176.3600,1.182448
176.3800,1.142690
176.4000,0.721011
176.4200,0.626393
176.4400,1.368550
176.4600,1.745875
176.4800,1.857605
176.5000,2.546552
176.5200,3.493201
176.5400,3.600000
176.5600,3.509731
176.5800,3.598702
176.6000,3.078545
176.6200,2.066068
176.6400,1.440673
176.6600,1.112798
176.6800,1.347827
176.7000,1.980052
176.7200,1.969178
176.7400,2.711256
176.7600,3.224543
176.7800,2.608364
176.8000,2.386734
176.8200,2.864350
176.8400,3.121063
176.8600,2.119251
176.8800,2.022284
176.9000,2.945892
176.9200,3.534094
176.9400,3.600000
176.9600,3.600000
176.9800,3.600000
177.0000,3.600000
177.0200,3.600000
177.0400,3.600000
177.0600,3.600000
177.0800,3.600000
177.1000,3.600000
177.1200,3.549155
177.1400,2.878616
177.1600,2.450191
177.1800,1.564347
177.2000,1.132579
177.2200,0.725033
177.2400,0.443269
177.2600,0.561446
177.2800,0.712798
177.3000,1.293111
177.3200,2.751703
177.3400,3.600000
177.3600,3.474404
177.3800,3.074753
177.4000,3.079158
177.4200,2.607218
177.4400,2.495430
177.4600,3.181033
177.4800,3.600000
177.5000,3.600000
177.5200,3.600000
177.5400,3.600000
177.5600,3.600000
177.5800,3.204240
177.6000,2.145089
177.6200,1.163612
177.6400,0.776168
177.6600,0.488752
177.6800,0.327828
177.7000,0.200291
177.7200,0.173001
177.7400,0.353342
177.7600,0.676204
177.7800,1.392305
177.8000,1.071634
177.8200,1.017533
177.8400,0.704329
177.8600,0.421370
177.8800,0.405862
177.9000,0.369460
177.9200,0.306050
177.9400,0.315260
177.9600,0.518761
177.9800,0.677954
178.0000,1.639264
178.0200,1.817334
178.0400,1.290437
178.0600,0.717751
178.0800,0.389290
178.1000,0.258469
178.1200,0.302215
178.1400,0.374392
178.1600,0.397398
178.1800,0.545228
178.2000,0.562308
178.2200,0.496683
178.2400,0.338395
178.2600,0.641016
178.2800,1.818942
178.3000,2.174377
178.3200,1.936499
178.3400,1.144641
178.3600,0.625626
178.3800,0.745775
178.4000,0.551844
178.4200,0.321845
178.4400,0.317166
178.4600,0.252346
178.4800,0.146633
178.5000,0.334678
178.5200,0.643048
178.5400,1.752854
178.5600,2.620077
178.5800,1.701145
178.6000,0.957972
178.6200,0.546973
178.6400,0.491906
178.6600,0.402403
178.6800,0.424057
178.7000,0.667154
178.7200,0.573687
178.7400,0.430683
178.7600,0.426275
178.7800,0.268584
178.8000,0.789901
178.8200,2.419788
178.8400,3.091454
178.8600,2.569593
178.8800,1.438137
178.9000,0.901691
178.9200,0.681869
178.9400,0.476778
178.9600,0.396461
178.9800,0.280141
179.0000,0.289328
179.0200,0.388449
179.0400,0.666121
179.0600,0.916994
179.0800,1.716512
179.1000,2.779550
179.1200,2.734317
179.1400,1.421239
179.1600,0.801003
179.1800,0.678590
179.2000,0.825696
179.2200,0.730316
179.2400,0.644776
179.2600,0.460494
179.2800,0.262396
179.3000,0.190033
179.3200,0.320227
179.3400,0.352132
179.3600,0.981968
179.3800,2.633772
179.4000,3.600000
179.4200,2.967051
179.4400,2.049585
179.4600,1.712438
179.4800,0.968682
179.5000,0.556540
179.5200,0.458364
179.5400,0.309928
179.5600,0.316658
179.5800,0.665356
179.6000,1.641036
179.6200,2.848052
179.6400,3.600000
179.6600,3.600000
179.6800,2.653195
179.7000,1.641993
179.7200,1.004387
179.7400,0.602682
179.7600,0.350363
179.7800,0.315537
179.8000,0.388214
179.8200,0.263658
179.8400,0.169826
179.8600,0.287814
179.8800,0.292937
179.9000,0.295962
179.9200,0.287506
179.9400,0.266193
179.9600,0.242106
179.9800,0.648338
180.0000,1.317494
180.0200,2.500491
180.0400,3.219481
180.0600,2.668131
180.0800,1.702363
180.1000,1.127250
180.1200,0.795075
180.1400,0.496498
180.1600,0.502454
180.1800,0.479415
180.2000,0.330887
180.2200,0.255952
180.2400,0.261721
180.2600,0.320526
180.2800,0.752598
180.3000,1.658727
180.3200,2.754356
180.3400,2.360157
180.3600,2.358256
180.3800,3.012547
180.4000,2.027933
180.4200,1.320856
180.4400,1.413415
180.4600,1.930761
180.4800,3.016011
180.5000,3.600000
180.5200,2.580269
180.5400,3.053979
180.5600,3.600000
180.5800,3.554217
180.6000,0.121502
180.6200,0.207967
180.6400,0.287668
180.6600,0.322659
180.6800,0.434376
180.7000,0.322451
180.7200,0.191508
180.7400,0.370103
180.7600,0.491034
180.7800,0.286772
180.8000,0.156573
180.8200,0.129424
180.8400,0.602763
180.8600,0.665840
180.8800,0.458597
180.9000,0.313532
180.9200,0.189317
180.9400,0.417018
180.9600,0.979519
180.9800,2.187798
181.0000,2.621586
181.0200,3.029943
181.0400,3.392261
181.0600,3.434751
181.0800,3.412903
181.1000,3.131374
181.1200,2.725091
181.1400,2.417244
181.1600,2.089633
181.1800,1.934690
181.2000,1.514930
181.2200,1.493985
181.2400,1.387633
181.2600,1.252771
181.2800,1.023469
181.3000,0.929224
181.3200,1.011710
181.3400,0.808233
181.3600,0.893923
181.3800,1.225567
181.4000,1.162167
181.4200,0.637875
181.4400,0.427369
181.4600,0.688903
181.4800,1.000468
181.5000,1.005873
181.5200,1.182448
181.5400,1.142690
181.5600,0.721011
181.5800,0.626393
181.6000,1.368550
181.6200,1.745875
181.6400,1.857605
181.6600,2.546552
181.6800,3.493201
181.7000,3.600000
181.7200,3.509731
181.7400,3.598702
181.7600,3.078545
181.7800,2.066068
181.8000,1.440673
181.8200,1.112798
181.8400,1.347827
181.8600,1.980052
181.8800,1.969178
181.9000,2.711256
181.9200,3.224543
181.9400,2.608364
181.9600,2.386734
181.9800,2.864350
182.0000,3.121063
182.0200,2.119251
182.0400,2.022284
182.0600,2.945892
182.0800,3.534094
182.1000,3.600000
182.1200,3.600000
182.1400,3.600000
182.1600,3.600000
182.1800,3.600000
182.2000,3.600000
182.2200,3.600000
182.2400,3.600000
182.2600,3.600000
182.2800,3.549155
182.3000,2.878616
182.3200,2.450191
182.3400,1.564347
182.3600,1.132579
182.3800,0.725033
182.4000,0.443269
182.4200,0.561446
182.4400,0.712798
182.4600,1.293111
182.4800,2.751703
182.5000,3.600000
182.5200,3.474404
182.5400,3.074753
182.5600,3.079158
182.5800,2.607218
182.6000,2.495430
182.6200,3.181033
182.6400,3.600000
182.6600,3.600000
182.6800,3.600000
182.7000,3.600000
182.7200,3.600000
182.7400,3.204240
182.7600,2.145089
182.7800,1.163612
182.8000,0.776168
182.8200,0.488752
182.8400,0.327828
182.8600,0.200291
182.8800,0.173001
182.9000,0.353342
182.9200,0.676204
182.9400,1.392305
182.9600,1.071634
182.9800,1.017533
183.0000,0.704329
183.0200,0.421370
183.0400,0.405862
183.0600,0.369460
183.0800,0.306050
183.1000,0.315260
183.1200,0.518761
183.1400,0.677954
183.1600,1.639264
183.1800,1.817334
183.2000,1.290437
183.2200,0.717751
183.2400,0.389290
183.2600,0.258469
183.2800,0.302215
183.3000,0.374392
183.3200,0.397398
183.3400,0.545228
183.3600,0.562308
183.3800,0.496683
183.4000,0.338395
183.4200,0.641016
183.4400,1.818942
183.4600,2.174377
183.4800,1.936499
183.5000,1.144641
183.5200,0.625626
183.5400,0.745775
183.5600,0.551844
183.5800,0.321845
183.6000,0.317166
183.6200,0.252346
183.6400,0.146633
183.6600,0.334678
183.6800,0.643048
183.7000,1.752854
183.7200,2.620077
183.7400,1.701145
183.7600,0.957972
183.7800,0.546973
183.8000,0.491906
183.8200,0.402403
183.8400,0.424057
183.8600,0.667154
183.8800,0.573687
183.9000,0.430683
183.9200,0.426275
183.9400,0.268584
183.9600,0.789901
183.9800,2.419788
184.0000,3.091454
184.0200,2.569593
184.0400,1.438137
184.0600,0.901691
184.0800,0.681869
184.1000,0.476778
184.1200,0.396461
184.1400,0.280141
184.1600,0.289328
184.1800,0.388449
184.2000,0.666121
184.2200,0.916994
184.2400,1.716512
184.2600,2.779550
184.2800,2.734317
184.3000,1.421239
184.3200,0.801003
184.3400,0.678590
184.3600,0.825696
184.3800,0.730316
184.4000,0.644776
184.4200,0.460494
184.4400,0.262396
184.4600,0.190033
184.4800,0.320227
184.5000,0.352132
184.5200,0.981968
184.5400,2.633772
184.5600,3.600000
184.5800,2.967051
184.6000,2.049585
184.6200,1.712438
184.6400,0.968682
184.6600,0.556540
184.6800,0.458364
184.7000,0.309928
184.7200,0.316658
184.7400,0.665356
184.7600,1.641036
184.7800,2.848052
184.8000,3.600000
184.8200,3.600000
184.8400,2.653195
184.8600,1.641993
184.8800,1.004387
184.9000,0.602682
184.9200,0.350363
184.9400,0.315537
184.9600,0.388214
184.9800,0.263658
185.0000,0.169826
185.0200,0.287814
185.0400,0.292937
185.0600,0.295962
185.0800,0.287506
185.1000,0.266193
185.1200,0.242106
185.1400,0.648338
185.1600,1.317494
185.1800,2.500491
185.2000,3.219481
185.2200,2.668131
185.2400,1.702363
185.2600,1.127250
185.2800,0.795075
185.3000,0.496498
185.3200,0.502454
185.3400,0.479415
185.3600,0.330887
185.3800,0.255952
185.4000,0.261721
185.4200,0.320526
185.4400,0.752598
185.4600,1.658727
185.4800,2.754356
185.5000,2.360157
185.5200,2.358256
185.5400,3.012547
185.5600,2.027933
185.5800,1.320856
185.6000,1.413415
185.6200,1.930761
185.6400,3.016011
185.6600,3.600000
185.6800,2.580269
185.7000,3.053979
185.7200,3.600000
185.7400,3.554217
185.7600,0.121502
185.7800,0.207967
185.8000,0.287668
185.8200,0.322659
185.8400,0.434376
185.8600,0.322451
185.8800,0.191508
185.9000,0.370103
185.9200,0.491034
185.9400,0.286772
185.9600,0.156573
185.9800,0.129424
186.0000,0.602763
186.0200,0.665840
186.0400,0.458597
186.0600,0.313532
186.0800,0.189317
186.1000,0.417018
186.1200,0.979519
186.1400,2.187798
186.1600,2.621586
186.1800,3.029943
186.2000,3.392261
186.2200,3.434751
186.2400,3.412903
186.2600,3.131374
186.2800,2.725091
186.3000,2.417244
186.3200,2.089633
186.3400,1.934690
186.3600,1.514930
186.3800,1.493985
186.4000,1.387633
186.4200,1.252771
186.4400,1.023469
186.4600,0.929224
186.4800,1.011710
186.5000,0.808233
186.5200,0.893923
186.5400,1.225567
186.5600,1.162167
186.5800,0.637875
186.6000,0.427369
186.6200,0.688903
186.6400,1.000468
186.6600,1.005873
186.6800,1.182448
186.7000,1.142690
186.7200,0.721011
186.7400,0.626393
186.7600,1.368550
186.7800,1.745875
186.8000,1.857605
186.8200,2.546552
186.8400,3.493201
186.8600,3.600000
186.8800,3.509731
186.9000,3.598702
186.9200,3.078545
186.9400,2.066068
186.9600,1.440673
186.9800,1.112798
187.0000,1.347827
187.0200,1.980052
187.0400,1.969178
187.0600,2.711256
187.0800,3.224543
187.1000,2.608364
187.1200,2.386734
187.1400,2.864350
187.1600,3.121063
187.1800,2.119251
187.2000,2.022284
187.2200,2.945892
187.2400,3.534094
187.2600,3.600000
187.2800,3.600000
187.3000,3.600000
187.3200,3.600000
187.3400,3.600000
187.3600,3.600000
187.3800,3.600000
187.4000,3.600000
187.4200,3.600000
187.4400,3.549155
187.4600,2.878616
187.4800,2.450191
187.5000,1.564347
187.5200,1.132579
187.5400,0.725033
187.5600,0.443269
187.5800,0.561446
187.6000,0.712798
187.6200,1.293111
187.6400,2.751703
187.6600,3.600000
187.6800,3.474404
187.7000,3.074753
187.7200,3.079158
187.7400,2.607218
187.7600,2.495430
187.7800,3.181033
187.8000,3.600000
187.8200,3.600000
187.8400,3.600000
187.8600,3.600000
187.8800,3.600000
187.9000,3.204240
187.9200,2.145089
187.9400,1.163612
187.9600,0.776168
187.9800,0.488752
188.0000,0.327828
188.0200,0.200291
188.0400,0.173001
188.0600,0.353342
188.0800,0.676204
188.1000,1.392305
188.1200,1.071634
188.1400,1.017533
188.1600,0.704329
188.1800,0.421370
188.2000,0.405862
188.2200,0.369460
188.2400,0.306050
188.2600,0.315260
188.2800,0.518761
188.3000,0.677954
188.3200,1.639264
188.3400,1.817334
188.3600,1.290437
188.3800,0.717751
188.4000,0.389290
188.4200,0.258469
188.4400,0.302215
188.4600,0.374392
188.4800,0.397398
188.5000,0.545228
188.5200,0.562308
188.5400,0.496683
188.5600,0.338395
188.5800,0.641016
188.6000,1.818942
188.6200,2.174377
188.6400,1.936499
188.6600,1.144641
188.6800,0.625626
188.7000,0.745775
188.7200,0.551844
188.7400,0.321845
188.7600,0.317166
188.7800,0.252346
188.8000,0.146633
188.8200,0.334678
188.8400,0.643048
188.8600,1.752854
188.8800,2.620077
188.9000,1.701145
188.9200,0.957972
188.9400,0.546973
188.9600,0.491906
188.9800,0.402403
189.0000,0.424057
189.0200,0.667154
189.0400,0.573687
189.0600,0.430683
189.0800,0.426275
189.1000,0.268584
189.1200,0.789901
189.1400,2.419788
189.1600,3.091454
189.1800,2.569593
189.2000,1.438137
189.2200,0.901691
189.2400,0.681869
189.2600,0.476778
189.2800,0.396461
189.3000,0.280141
189.3200,0.289328
189.3400,0.388449
189.3600,0.666121
189.3800,0.916994
189.4000,1.716512
189.4200,2.779550
189.4400,2.734317
189.4600,1.421239
189.4800,0.801003
189.5000,0.678590
189.5200,0.825696
189.5400,0.730316
189.5600,0.644776
189.5800,0.460494
189.6000,0.262396
189.6200,0.190033
189.6400,0.320227
189.6600,0.352132
189.6800,0.981968
189.7000,2.633772
189.7200,3.600000
189.7400,2.967051
189.7600,2.049585
189.7800,1.712438
189.8000,0.968682
189.8200,0.556540
189.8400,0.458364
189.8600,0.309928
189.8800,0.316658
189.9000,0.665356
189.9200,1.641036
189.9400,2.848052
189.9600,3.600000
189.9800,3.600000
190.0000,2.653195
190.0200,1.641993
190.0400,1.004387
190.0600,0.602682
190.0800,0.350363
190.1000,0.315537
190.1200,0.388214
190.1400,0.263658
190.1600,0.169826
190.1800,0.287814
190.2000,0.292937
190.2200,0.295962
190.2400,0.287506
190.2600,0.266193
190.2800,0.242106
190.3000,0.648338
190.3200,1.317494
190.3400,2.500491
190.3600,3.219481
190.3800,2.668131
190.4000,1.702363
190.4200,1.127250
190.4400,0.795075
190.4600,0.496498
190.4800,0.502454
190.5000,0.479415
190.5200,0.330887
190.5400,0.255952
190.5600,0.261721
190.5800,0.320526
190.6000,0.752598
190.6200,1.658727
190.6400,2.754356
190.6600,2.360157
190.6800,2.358256
190.7000,3.012547
190.7200,2.027933
190.7400,1.320856
190.7600,1.413415
190.7800,1.930761
190.8000,3.016011
190.8200,3.600000
190.8400,2.580269
190.8600,3.053979
190.8800,3.600000
190.9000,3.554217
190.9200,0.121502
190.9400,0.207967
190.9600,0.287668
190.9800,0.322659
191.0000,0.434376
191.0200,0.322451
191.0400,0.191508
191.0600,0.370103
191.0800,0.491034
191.1000,0.286772
191.1200,0.156573
191.1400,0.129424
191.1600,0.602763
191.1800,0.665840
191.2000,0.458597
191.2200,0.313532
191.2400,0.189317
191.2600,0.417018
191.2800,0.979519
191.3000,2.187798
191.3200,2.621586
191.3400,3.029943
191.3600,3.392261
191.3800,3.434751
191.4000,3.412903
191.4200,3.131374
191.4400,2.725091
191.4600,2.417244
191.4800,2.089633
191.5000,1.934690
191.5200,1.514930
191.5400,1.493985
191.5600,1.387633
191.5800,1.252771
191.6000,1.023469
191.6200,0.929224
191.6400,1.011710
191.6600,0.808233
191.6800,0.893923
191.7000,1.225567
191.7200,1.162167
191.7400,0.637875
191.7600,0.427369
191.7800,0.688903
191.8000,1.000468
191.8200,1.005873
191.8400,1.182448
191.8600,1.142690
191.8800,0.721011
191.9000,0.626393
191.9200,1.368550
191.9400,1.745875
191.9600,1.857605
191.9800,2.546552
192.0000,3.493201
192.0200,3.600000
192.0400,3.509731
192.0600,3.598702
192.0800,3.078545
192.1000,2.066068
192.1200,1.440673
192.1400,1.112798
192.1600,1.347827
192.1800,1.980052
192.2000,1.969178
192.2200,2.711256
192.2400,3.224543
192.2600,2.608364
192.2800,2.386734
192.3000,2.864350
192.3200,3.121063
192.3400,2.119251
192.3600,2.022284
192.3800,2.945892
192.4000,3.534094
192.4200,3.600000
192.4400,3.600000
192.4600,3.600000
192.4800,3.600000
192.5000,3.600000
192.5200,3.600000
192.5400,3.600000
192.5600,3.600000
192.5800,3.600000
192.6000,3.549155
192.6200,2.878616
192.6400,2.450191
192.6600,1.564347
192.6800,1.132579
192.7000,0.725033
192.7200,0.443269
192.7400,0.561446
192.7600,0.712798
192.7800,1.293111
192.8000,2.751703
192.8200,3.600000
192.8400,3.474404
192.8600,3.074753
192.8800,3.079158
192.9000,2.607218
192.9200,2.495430
192.9400,3.181033
192.9600,3.600000
192.9800,3.600000
193.0000,3.600000
193.0200,3.600000
193.0400,3.600000
193.0600,3.204240
193.0800,2.145089
193.1000,1.163612
193.1200,0.776168
193.1400,0.488752
193.1600,0.327828
193.1800,0.200291
193.2000,0.173001
193.2200,0.353342
193.2400,0.676204
193.2600,1.392305
193.2800,1.071634
193.3000,1.017533
193.3200,0.704329
193.3400,0.421370
193.3600,0.405862
193.3800,0.369460
193.4000,0.306050
193.4200,0.315260
193.4400,0.518761
193.4600,0.677954
193.4800,1.639264
193.5000,1.817334
193.5200,1.290437
193.5400,0.717751
193.5600,0.389290
193.5800,0.258469
193.6000,0.302215
193.6200,0.374392
193.6400,0.397398
193.6600,0.545228
193.6800,0.562308
193.7000,0.496683
193.7200,0.338395
193.7400,0.641016
193.7600,1.818942
193.7800,2.174377
193.8000,1.936499
193.8200,1.144641
193.8400,0.625626
193.8600,0.745775
193.8800,0.551844
193.9000,0.321845
193.9200,0.317166
193.9400,0.252346
193.9600,0.146633
193.9800,0.334678
194.0000,0.643048
194.0200,1.752854
194.0400,2.620077
194.0600,1.701145
194.0800,0.957972
194.1000,0.546973
194.1200,0.491906
194.1400,0.402403
194.1600,0.424057
194.1800,0.667154
194.2000,0.573687
194.2200,0.430683
194.2400,0.426275
194.2600,0.268584
194.2800,0.789901
194.3000,2.419788
194.3200,3.091454
194.3400,2.569593
194.3600,1.438137
194.3800,0.901691
194.4000,0.681869
194.4200,0.476778
194.4400,0.396461
194.4600,0.280141
194.4800,0.289328
194.5000,0.388449
194.5200,0.666121
194.5400,0.916994
194.5600,1.716512
194.5800,2.779550
194.6000,2.734317
194.6200,1.421239
194.6400,0.801003
194.6600,0.678590
194.6800,0.825696
194.7000,0.730316
194.7200,0.644776
194.7400,0.460494
194.7600,0.262396
194.7800,0.190033
194.8000,0.320227
194.8200,0.352132
194.8400,0.981968
194.8600,2.633772
194.8800,3.600000
194.9000,2.967051
194.9200,2.049585
194.9400,1.712438
194.9600,0.968682
194.9800,0.556540
195.0000,0.458364
195.0200,0.309928
195.0400,0.316658
195.0600,0.665356
195.0800,1.641036
195.1000,2.848052
195.1200,3.600000
195.1400,3.600000
195.1600,2.653195
195.1800,1.641993
195.2000,1.004387
195.2200,0.602682
195.2400,0.350363
195.2600,0.315537
195.2800,0.388214
195.3000,0.263658
195.3200,0.169826
195.3400,0.287814
195.3600,0.292937
195.3800,0.295962
195.4000,0.287506
195.4200,0.266193
195.4400,0.242106
195.4600,0.648338
195.4800,1.317494
195.5000,2.500491
195.5200,3.219481
195.5400,2.668131
195.5600,1.702363
195.5800,1.127250
195.6000,0.795075
195.6200,0.496498
195.6400,0.502454
195.6600,0.479415
195.6800,0.330887
195.7000,0.255952
195.7200,0.261721
195.7400,0.320526
195.7600,0.752598
195.7800,1.658727
195.8000,2.754356
195.8200,2.360157
195.8400,2.358256
195.8600,3.012547
195.8800,2.027933
195.9000,1.320856
195.9200,1.413415
195.9400,1.930761
195.9600,3.016011
195.9800,3.600000
196.0000,2.580269
196.0200,3.053979
196.0400,3.600000
196.0600,3.554217
196.0800,0.121502
196.1000,0.207967
196.1200,0.287668
196.1400,0.322659
196.1600,0.434376
196.1800,0.322451
196.2000,0.191508
196.2200,0.370103
196.2400,0.491034
196.2600,0.286772
196.2800,0.156573
196.3000,0.129424
196.3200,0.602763
196.3400,0.665840
196.3600,0.458597
196.3800,0.313532
196.4000,0.189317
196.4200,0.417018
196.4400,0.979519
196.4600,2.187798
196.4800,2.621586
196.5000,3.029943
196.5200,3.392261
196.5400,3.434751
196.5600,3.412903
196.5800,3.131374
196.6000,2.725091
196.6200,2.417244
196.6400,2.089633
196.6600,1.934690
196.6800,1.514930
196.7000,1.493985
196.7200,1.387633
196.7400,1.252771
196.7600,1.023469
196.7800,0.929224
196.8000,1.011710
196.8200,0.808233
196.8400,0.893923
196.8600,1.225567
196.8800,1.162167
196.9000,0.637875
196.9200,0.427369
196.9400,0.688903
196.9600,1.000468
196.9800,1.005873
197.0000,1.182448
197.0200,1.142690
197.0400,0.721011
197.0600,0.626393
197.0800,1.368550
197.1000,1.745875
197.1200,1.857605
197.1400,2.546552
197.1600,3.493201
197.1800,3.600000
197.2000,3.509731
197.2200,3.598702
197.2400,3.078545
197.2600,2.066068
197.2800,1.440673
197.3000,1.112798
197.3200,1.347827
197.3400,1.980052
197.3600,1.969178
197.3800,2.711256
197.4000,3.224543
197.4200,2.608364
197.4400,2.386734
197.4600,2.864350
197.4800,3.121063
197.5000,2.119251
197.5200,2.022284
197.5400,2.945892
197.5600,3.534094
197.5800,3.600000
197.6000,3.600000
197.6200,3.600000
197.6400,3.600000
197.6600,3.600000
197.6800,3.600000
197.7000,3.600000
197.7200,3.600000
197.7400,3.600000
197.7600,3.549155
197.7800,2.878616
197.8000,2.450191
197.8200,1.564347
197.8400,1.132579
197.8600,0.725033
197.8800,0.443269
197.9000,0.561446
197.9200,0.712798
197.9400,1.293111
197.9600,2.751703
197.9800,3.600000
198.0000,3.474404
198.0200,3.074753
198.0400,3.079158
198.0600,2.607218
198.0800,2.495430
198.1000,3.181033
198.1200,3.600000
198.1400,3.600000
198.1600,3.600000
198.1800,3.600000
198.2000,3.600000
198.2200,3.204240
198.2400,2.145089
198.2600,1.163612
198.2800,0.776168
198.3000,0.488752
198.3200,0.327828
198.3400,0.200291
198.3600,0.173001
198.3800,0.353342
198.4000,0.676204
198.4200,1.392305
198.4400,1.071634
198.4600,1.017533
198.4800,0.704329
198.5000,0.421370
198.5200,0.405862
198.5400,0.369460
198.5600,0.306050
198.5800,0.315260
198.6000,0.518761
198.6200,0.677954
198.6400,1.639264
198.6600,1.817334
198.6800,1.290437
198.7000,0.717751
198.7200,0.389290
198.7400,0.258469
198.7600,0.302215
198.7800,0.374392
198.8000,0.397398
198.8200,0.545228
198.8400,0.562308
198.8600,0.496683
198.8800,0.338395
198.9000,0.641016
198.9200,1.818942
198.9400,2.174377
198.9600,1.936499
198.9800,1.144641
199.0000,0.625626
199.0200,0.745775
199.0400,0.551844
199.0600,0.321845
199.0800,0.317166
199.1000,0.252346
199.1200,0.146633
199.1400,0.334678
199.1600,0.643048
199.1800,1.752854
199.2000,2.620077
199.2200,1.701145
199.2400,0.957972
199.2600,0.546973
199.2800,0.491906
199.3000,0.402403
199.3200,0.424057
199.3400,0.667154
199.3600,0.573687
199.3800,0.430683
199.4000,0.426275
199.4200,0.268584
199.4400,0.789901
199.4600,2.419788
199.4800,3.091454
199.5000,2.569593
199.5200,1.438137
199.5400,0.901691
199.5600,0.681869
199.5800,0.476778
199.6000,0.396461
199.6200,0.280141
199.6400,0.289328
199.6600,0.388449
199.6800,0.666121
199.7000,0.916994
199.7200,1.716512
199.7400,2.779550
199.7600,2.734317
199.7800,1.421239
199.8000,0.801003
199.8200,0.678590
199.8400,0.825696
199.8600,0.730316
199.8800,0.644776
199.9000,0.460494
199.9200,0.262396
199.9400,0.190033
199.9600,0.320227
199.9800,0.352132
200.0000,0.981968
200.0200,2.633772
200.0400,3.600000
200.0600,2.967051
200.0800,2.049585
200.1000,1.712438
200.1200,0.968682
200.1400,0.556540
200.1600,0.458364
200.1800,0.309928
200.2000,0.316658
200.2200,0.665356
200.2400,1.641036
200.2600,2.848052
200.2800,3.600000
200.3000,3.600000
200.3200,2.653195
200.3400,1.641993
200.3600,1.004387
200.3800,0.602682
200.4000,0.350363
200.4200,0.315537
200.4400,0.388214
200.4600,0.263658
200.4800,0.169826
200.5000,0.287814
200.5200,0.292937
200.5400,0.295962
200.5600,0.287506
200.5800,0.266193
200.6000,0.242106
200.6200,0.648338
200.6400,1.317494
200.6600,2.500491
200.6800,3.219481
200.7000,2.668131
200.7200,1.702363
200.7400,1.127250
200.7600,0.795075
200.7800,0.496498
200.8000,0.502454
200.8200,0.479415
200.8400,0.330887
200.8600,0.255952
200.8800,0.261721
200.9000,0.320526
200.9200,0.752598
200.9400,1.658727
200.9600,2.754356
200.9800,2.360157
201.0000,2.358256
201.0200,3.012547
201.0400,2.027933
201.0600,1.320856
201.0800,1.413415
201.1000,1.930761
201.1200,3.016011
201.1400,3.600000
201.1600,2.580269
201.1800,3.053979
201.2000,3.600000
201.2200,3.554217
201.2400,0.121502
201.2600,0.207967
201.2800,0.287668
201.3000,0.322659
201.3200,0.434376
201.3400,0.322451
201.3600,0.191508
201.3800,0.370103
201.4000,0.491034
201.4200,0.286772
201.4400,0.156573
201.4600,0.129424
201.4800,0.602763
201.5000,0.665840
201.5200,0.458597
201.5400,0.313532
201.5600,0.189317
201.5800,0.417018
201.6000,0.979519
201.6200,2.187798
201.6400,2.621586
201.6600,3.029943
201.6800,3.392261
201.7000,3.434751
201.7200,3.412903
201.7400,3.131374
201.7600,2.725091
201.7800,2.417244
201.8000,2.089633
201.8200,1.934690
201.8400,1.514930
201.8600,1.493985
201.8800,1.387633
201.9000,1.252771
201.9200,1.023469
201.9400,0.929224
201.9600,1.011710
201.9800,0.808233
202.0000,0.893923
202.0200,1.225567
202.0400,1.162167
202.0600,0.637875
202.0800,0.427369
202.1000,0.688903
202.1200,1.000468
202.1400,1.005873
202.1600,1.182448
202.1800,1.142690
202.2000,0.721011
202.2200,0.626393
202.2400,1.368550
202.2600,1.745875
202.2800,1.857605
202.3000,2.546552
202.3200,3.493201
202.3400,3.600000
202.3600,3.509731
202.3800,3.598702
202.4000,3.078545
202.4200,2.066068
202.4400,1.440673
202.4600,1.112798
202.4800,1.347827
202.5000,1.980052
202.5200,1.969178
202.5400,2.711256
202.5600,3.224543
202.5800,2.608364
202.6000,2.386734
202.6200,2.864350
202.6400,3.121063
202.6600,2.119251
202.6800,2.022284
202.7000,2.945892
202.7200,3.534094
202.7400,3.600000
202.7600,3.600000
202.7800,3.600000
202.8000,3.600000
202.8200,3.600000
202.8400,3.600000
202.8600,3.600000
202.8800,3.600000
202.9000,3.600000
202.9200,3.549155
202.9400,2.878616
202.9600,2.450191
202.9800,1.564347
203.0000,1.132579
203.0200,0.725033
203.0400,0.443269
203.0600,0.561446
203.0800,0.712798
203.1000,1.293111
203.1200,2.751703
203.1400,3.600000
203.1600,3.474404
203.1800,3.074753
203.2000,3.079158
203.2200,2.607218
203.2400,2.495430
203.2600,3.181033
203.2800,3.600000
203.3000,3.600000
203.3200,3.600000
203.3400,3.600000
203.3600,3.600000
203.3800,3.204240
203.4000,2.145089
203.4200,1.163612
203.4400,0.776168
203.4600,0.488752
203.4800,0.327828
203.5000,0.200291
203.5200,0.173001
203.5400,0.353342
203.5600,0.676204
203.5800,1.392305
203.6000,1.071634
203.6200,1.017533
203.6400,0.704329
203.6600,0.421370
203.6800,0.405862
203.7000,0.369460
203.7200,0.306050
203.7400,0.315260
203.7600,0.518761
203.7800,0.677954
203.8000,1.639264
203.8200,1.817334
203.8400,1.290437
203.8600,0.717751
203.8800,0.389290
203.9000,0.258469
203.9200,0.302215
203.9400,0.374392
203.9600,0.397398
203.9800,0.545228
204.0000,0.562308
204.0200,0.496683
204.0400,0.338395
204.0600,0.641016
204.0800,1.818942
204.1000,2.174377
204.1200,1.936499
204.1400,1.144641
204.1600,0.625626
204.1800,0.745775
204.2000,0.551844
204.2200,0.321845
204.2400,0.317166
204.2600,0.252346
204.2800,0.146633
204.3000,0.334678
204.3200,0.643048
204.3400,1.752854
204.3600,2.620077
204.3800,1.701145
204.4000,0.957972
204.4200,0.546973
204.4400,0.491906
204.4600,0.402403
204.4800,0.424057
204.5000,0.667154
204.5200,0.573687
204.5400,0.430683
204.5600,0.426275
204.5800,0.268584
204.6000,0.789901
204.6200,2.419788
204.6400,3.091454
204.6600,2.569593
204.6800,1.438137
204.7000,0.901691
204.7200,0.681869
204.7400,0.476778
204.7600,0.396461
204.7800,0.280141
204.8000,0.289328
204.8200,0.388449
204.8400,0.666121
204.8600,0.916994
204.8800,1.716512
204.9000,2.779550
204.9200,2.734317
204.9400,1.421239
204.9600,0.801003
204.9800,0.678590
205.0000,0.825696
205.0200,0.730316
205.0400,0.644776
205.0600,0.460494
205.0800,0.262396
205.1000,0.190033
205.1200,0.320227
205.1400,0.352132
205.1600,0.981968
205.1800,2.633772
205.2000,3.600000
205.2200,2.967051
205.2400,2.049585
205.2600,1.712438
205.2800,0.968682
205.3000,0.556540
205.3200,0.458364
205.3400,0.309928
205.3600,0.316658
205.3800,0.665356
205.4000,1.641036
205.4200,2.848052
205.4400,3.600000
205.4600,3.600000
205.4800,2.653195
205.5000,1.641993
205.5200,1.004387
205.5400,0.602682
205.5600,0.350363
205.5800,0.315537
205.6000,0.388214
205.6200,0.263658
205.6400,0.169826
205.6600,0.287814
205.6800,0.292937
205.7000,0.295962
205.7200,0.287506
205.7400,0.266193
205.7600,0.242106
205.7800,0.648338
205.8000,1.317494
205.8200,2.500491
205.8400,3.219481
205.8600,2.668131
205.8800,1.702363
205.9000,1.127250
205.9200,0.795075
205.9400,0.496498
205.9600,0.502454
205.9800,0.479415
206.0000,0.330887
206.0200,0.255952
206.0400,0.261721
206.0600,0.320526
206.0800,0.752598
206.1000,1.658727
206.1200,2.754356
206.1400,2.360157
206.1600,2.358256
206.1800,3.012547
206.2000,2.027933
206.2200,1.320856
206.2400,1.413415
206.2600,1.930761
206.2800,3.016011
206.3000,3.600000
206.3200,2.580269
206.3400,3.053979
206.3600,3.600000
206.3800,3.554217
206.4000,0.121502
206.4200,0.207967
206.4400,0.287668
206.4600,0.322659
206.4800,0.434376
206.5000,0.322451
206.5200,0.191508
206.5400,0.370103
206.5600,0.491034
206.5800,0.286772
206.6000,0.156573
206.6200,0.129424
206.6400,0.602763
206.6600,0.665840
206.6800,0.458597
206.7000,0.313532
206.7200,0.189317
206.7400,0.417018
206.7600,0.979519
206.7800,2.187798
206.8000,2.621586
206.8200,3.029943
206.8400,3.392261
206.8600,3.434751
206.8800,3.412903
206.9000,3.131374
206.9200,2.725091
206.9400,2.417244
206.9600,2.089633
206.9800,1.934690
207.0000,1.514930
207.0200,1.493985
207.0400,1.387633
207.0600,1.252771
207.0800,1.023469
207.1000,0.929224
207.1200,1.011710
207.1400,0.808233
207.1600,0.893923
207.1800,1.225567
207.2000,1.162167
207.2200,0.637875
207.2400,0.427369
207.2600,0.688903
207.2800,1.000468
207.3000,1.005873
207.3200,1.182448
207.3400,1.142690
207.3600,0.721011
207.3800,0.626393
207.4000,1.368550
207.4200,1.745875
207.4400,1.857605
207.4600,2.546552
207.4800,3.493201
207.5000,3.600000
207.5200,3.509731
207.5400,3.598702
207.5600,3.078545
207.5800,2.066068
207.6000,1.440673
207.6200,1.112798
207.6400,1.347827
207.6600,1.980052
207.6800,1.969178
207.7000,2.711256
207.7200,3.224543
207.7400,2.608364
207.7600,2.386734
207.7800,2.864350
207.8000,3.121063
207.8200,2.119251
207.8400,2.022284
207.8600,2.945892
207.8800,3.534094
207.9000,3.600000
207.9200,3.600000
207.9400,3.600000
207.9600,3.600000
207.9800,3.600000
208.0000,3.600000
208.0200,3.600000
208.0400,3.600000
208.0600,3.600000
208.0800,3.549155
208.1000,2.878616
208.1200,2.450191
208.1400,1.564347
208.1600,1.132579
208.1800,0.725033
208.2000,0.443269
208.2200,0.561446
208.2400,0.712798
208.2600,1.293111
208.2800,2.751703
208.3000,3.600000
208.3200,3.474404
208.3400,3.074753
208.3600,3.079158
208.3800,2.607218
208.4000,2.495430
208.4200,3.181033
208.4400,3.600000
208.4600,3.600000
208.4800,3.600000
208.5000,3.600000
208.5200,3.600000
208.5400,3.204240
208.5600,2.145089
208.5800,1.163612
208.6000,0.776168
208.6200,0.488752
208.6400,0.327828
208.6600,0.200291
208.6800,0.173001
208.7000,0.353342
208.7200,0.676204
208.7400,1.392305
208.7600,1.071634
208.7800,1.017533
208.8000,0.704329
208.8200,0.421370
208.8400,0.405862
208.8600,0.369460
208.8800,0.306050
208.9000,0.315260
208.9200,0.518761
208.9400,0.677954
208.9600,1.639264
208.9800,1.817334
209.0000,1.290437
209.0200,0.717751
209.0400,0.389290
209.0600,0.258469
209.0800,0.302215
209.1000,0.374392
209.1200,0.397398
209.1400,0.545228
209.1600,0.562308
209.1800,0.496683
209.2000,0.338395
209.2200,0.641016
209.2400,1.818942
209.2600,2.174377
209.2800,1.936499
209.3000,1.144641
209.3200,0.625626
209.3400,0.745775
209.3600,0.551844
209.3800,0.321845
209.4000,0.317166
209.4200,0.252346
209.4400,0.146633
209.4600,0.334678
209.4800,0.643048
209.5000,1.752854
209.5200,2.620077
209.5400,1.701145
209.5600,0.957972
209.5800,0.546973
209.6000,0.491906
209.6200,0.402403
209.6400,0.424057
209.6600,0.667154
209.6800,0.573687
209.7000,0.430683
209.7200,0.426275
209.7400,0.268584
209.7600,0.789901
209.7800,2.419788
209.8000,3.091454
209.8200,2.569593
209.8400,1.438137
209.8600,0.901691
209.8800,0.681869
209.9000,0.476778
209.9200,0.396461
209.9400,0.280141
209.9600,0.289328
209.9800,0.388449
210.0000,0.666121
210.0200,0.916994
210.0400,1.716512
210.0600,2.779550
210.0800,2.734317
210.1000,1.421239
210.1200,0.801003
210.1400,0.678590
210.1600,0.825696
210.1800,0.730316
210.2000,0.644776
210.2200,0.460494
210.2400,0.262396
210.2600,0.190033
210.2800,0.320227
210.3000,0.352132
210.3200,0.981968
210.3400,2.633772
210.3600,3.600000
210.3800,2.967051
210.4000,2.049585
210.4200,1.712438
210.4400,0.968682
210.4600,0.556540
210.4800,0.458364
210.5000,0.309928
210.5200,0.316658
210.5400,0.665356
210.5600,1.641036
210.5800,2.848052
210.6000,3.600000
210.6200,3.600000
210.6400,2.653195
210.6600,1.641993
210.6800,1.004387
210.7000,0.602682
210.7200,0.350363
210.7400,0.315537
210.7600,0.388214
210.7800,0.263658
210.8000,0.169826
210.8200,0.287814
210.8400,0.292937
210.8600,0.295962
210.8800,0.287506
210.9000,0.266193
210.9200,0.242106
210.9400,0.648338
210.9600,1.317494
210.9800,2.500491
211.0000,3.219481
211.0200,2.668131
211.0400,1.702363
211.0600,1.127250
211.0800,0.795075
211.1000,0.496498
211.1200,0.502454
211.1400,0.479415
211.1600,0.330887
211.1800,0.255952
211.2000,0.261721
211.2200,0.320526
211.2400,0.752598
211.2600,1.658727
211.2800,2.754356
211.3000,2.360157
211.3200,2.358256
211.3400,3.012547
211.3600,2.027933
211.3800,1.320856
211.4000,1.413415
211.4200,1.930761
211.4400,3.016011
211.4600,3.600000
211.4800,2.580269
211.5000,3.053979
211.5200,3.600000
211.5400,3.554217
211.5600,0.121502
211.5800,0.207967
211.6000,0.287668
211.6200,0.322659
211.6400,0.434376
211.6600,0.322451
211.6800,0.191508
211.7000,0.370103
211.7200,0.491034
211.7400,0.286772
211.7600,0.156573
211.7800,0.129424
211.8000,0.602763
211.8200,0.665840
211.8400,0.458597
211.8600,0.313532
211.8800,0.189317
211.9000,0.417018
211.9200,0.979519
211.9400,2.187798
211.9600,2.621586
211.9800,3.029943
212.0000,3.392261
212.0200,3.434751
212.0400,3.412903
212.0600,3.131374
212.0800,2.725091
212.1000,2.417244
212.1200,2.089633
212.1400,1.934690
212.1600,1.514930
212.1800,1.493985
212.2000,1.387633
212.2200,1.252771
212.2400,1.023469
212.2600,0.929224
212.2800,1.011710
212.3000,0.808233
212.3200,0.893923
212.3400,1.225567
212.3600,1.162167
212.3800,0.637875
212.4000,0.427369
212.4200,0.688903
212.4400,1.000468
212.4600,1.005873
212.4800,1.182448
212.5000,1.142690
212.5200,0.721011
212.5400,0.626393
212.5600,1.368550
212.5800,1.745875
212.6000,1.857605
212.6200,2.546552
212.6400,3.493201
212.6600,3.600000
212.6800,3.509731
212.7000,3.598702
212.7200,3.078545
212.7400,2.066068
212.7600,1.440673
212.7800,1.112798
212.8000,1.347827
212.8200,1.980052
212.8400,1.969178
212.8600,2.711256
212.8800,3.224543
212.9000,2.608364
212.9200,2.386734
212.9400,2.864350
212.9600,3.121063
212.9800,2.119251
213.0000,2.022284
213.0200,2.945892
213.0400,3.534094
213.0600,3.600000
213.0800,3.600000
213.1000,3.600000
213.1200,3.600000
213.1400,3.600000
213.1600,3.600000
213.1800,3.600000
213.2000,3.600000
213.2200,3.600000
213.2400,3.549155
213.2600,2.878616
213.2800,2.450191
213.3000,1.564347
213.3200,1.132579
213.3400,0.725033
213.3600,0.443269
213.3800,0.561446
213.4000,0.712798
213.4200,1.293111
213.4400,2.751703
213.4600,3.600000
213.4800,3.474404
213.5000,3.074753
213.5200,3.079158
213.5400,2.607218
213.5600,2.495430
213.5800,3.181033
213.6000,3.600000
213.6200,3.600000
213.6400,3.600000
213.6600,3.600000
213.6800,3.600000
213.7000,3.204240
213.7200,2.145089
213.7400,1.163612
213.7600,0.776168
213.7800,0.488752
213.8000,0.327828
213.8200,0.200291
213.8400,0.173001
213.8600,0.353342
213.8800,0.676204
213.9000,1.392305
213.9200,1.071634
213.9400,1.017533
213.9600,0.704329
213.9800,0.421370
214.0000,0.405862
214.0200,0.369460
214.0400,0.306050
214.0600,0.315260
214.0800,0.518761
214.1000,0.677954
214.1200,1.639264
214.1400,1.817334
214.1600,1.290437
214.1800,0.717751
214.2000,0.389290
214.2200,0.258469
214.2400,0.302215
214.2600,0.374392
214.2800,0.397398
214.3000,0.545228
214.3200,0.562308
214.3400,0.496683
214.3600,0.338395
214.3800,0.641016
214.4000,1.818942
214.4200,2.174377
214.4400,1.936499
214.4600,1.144641
214.4800,0.625626
214.5000,0.745775
214.5200,0.551844
214.5400,0.321845
214.5600,0.317166
214.5800,0.252346
214.6000,0.146633
214.6200,0.334678
214.6400,0.643048
214.6600,1.752854
214.6800,2.620077
214.7000,1.701145
214.7200,0.957972
214.7400,0.546973
214.7600,0.491906
214.7800,0.402403
214.8000,0.424057
214.8200,0.667154
214.8400,0.573687
214.8600,0.430683
214.8800,0.426275
214.9000,0.268584
214.9200,0.789901
214.9400,2.419788
214.9600,3.091454
214.9800,2.569593
215.0000,1.438137
215.0200,0.901691
215.0400,0.681869
215.0600,0.476778
215.0800,0.396461
215.1000,0.280141
215.1200,0.289328
215.1400,0.388449
215.1600,0.666121
215.1800,0.916994
215.2000,1.716512
215.2200,2.779550
215.2400,2.734317
215.2600,1.421239
215.2800,0.801003
215.3000,0.678590
215.3200,0.825696
215.3400,0.730316
215.3600,0.644776
215.3800,0.460494
215.4000,0.262396
215.4200,0.190033
215.4400,0.320227
215.4600,0.352132
215.4800,0.981968
215.5000,2.633772
215.5200,3.600000
215.5400,2.967051
215.5600,2.049585
215.5800,1.712438
215.6000,0.968682
215.6200,0.556540
215.6400,0.458364
215.6600,0.309928
215.6800,0.316658
215.7000,0.665356
215.7200,1.641036
215.7400,2.848052
215.7600,3.600000
215.7800,3.600000
215.8000,2.653195
215.8200,1.641993
215.8400,1.004387
215.8600,0.602682
215.8800,0.350363
215.9000,0.315537
215.9200,0.388214
215.9400,0.263658
215.9600,0.169826
215.9800,0.287814
216.0000,0.292937
216.0200,0.295962
216.0400,0.287506
216.0600,0.266193
216.0800,0.242106
216.1000,0.648338
216.1200,1.317494
216.1400,2.500491
216.1600,3.219481
216.1800,2.668131
216.2000,1.702363
216.2200,1.127250
216.2400,0.795075
216.2600,0.496498
216.2800,0.502454
216.3000,0.479415
216.3200,0.330887
216.3400,0.255952
216.3600,0.261721
216.3800,0.320526
216.4000,0.752598
216.4200,1.658727
216.4400,2.754356
216.4600,2.360157
216.4800,2.358256
216.5000,3.012547
216.5200,2.027933
216.5400,1.320856
216.5600,1.413415
216.5800,1.930761
216.6000,3.016011
216.6200,3.600000
216.6400,2.580269
216.6600,3.053979
216.6800,3.600000
216.7000,3.554217
216.7200,0.121502
216.7400,0.207967
216.7600,0.287668
216.7800,0.322659
216.8000,0.434376
216.8200,0.322451
216.8400,0.191508
216.8600,0.370103
216.8800,0.491034
216.9000,0.286772
216.9200,0.156573
216.9400,0.129424
216.9600,0.602763
216.9800,0.665840
217.0000,0.458597
217.0200,0.313532
217.0400,0.189317
217.0600,0.417018
217.0800,0.979519
217.1000,2.187798
217.1200,2.621586
217.1400,3.029943
217.1600,3.392261
217.1800,3.434751
217.2000,3.412903
217.2200,3.131374
217.2400,2.725091
217.2600,2.417244
217.2800,2.089633
217.3000,1.934690
217.3200,1.514930
217.3400,1.493985
217.3600,1.387633
217.3800,1.252771
217.4000,1.023469
217.4200,0.929224
217.4400,1.011710
217.4600,0.808233
217.4800,0.893923
217.5000,1.225567
217.5200,1.162167
217.5400,0.637875
217.5600,0.427369
217.5800,0.688903
217.6000,1.000468
217.6200,1.005873
217.6400,1.182448
217.6600,1.142690
217.6800,0.721011
217.7000,0.626393
217.7200,1.368550
217.7400,1.745875
217.7600,1.857605
217.7800,2.546552
217.8000,3.493201
217.8200,3.600000
217.8400,3.509731
217.8600,3.598702
217.8800,3.078545
217.9000,2.066068
217.9200,1.440673
217.9400,1.112798
217.9600,1.347827
217.9800,1.980052
218.0000,1.969178
218.0200,2.711256
218.0400,3.224543
218.0600,2.608364
218.0800,2.386734
218.1000,2.864350
218.1200,3.121063
218.1400,2.119251
218.1600,2.022284
218.1800,2.945892
218.2000,3.534094
218.2200,3.600000
218.2400,3.600000
218.2600,3.600000
218.2800,3.600000
218.3000,3.600000
218.3200,3.600000
218.3400,3.600000
218.3600,3.600000
218.3800,3.600000
218.4000,3.549155
218.4200,2.878616
218.4400,2.450191
218.4600,1.564347
218.4800,1.132579
218.5000,0.725033
218.5200,0.443269
218.5400,0.561446
218.5600,0.712798
218.5800,1.293111
218.6000,2.751703
218.6200,3.600000
218.6400,3.474404
218.6600,3.074753
218.6800,3.079158
218.7000,2.607218
218.7200,2.495430
218.7400,3.181033
218.7600,3.600000
218.7800,3.600000
218.8000,3.600000
218.8200,3.600000
218.8400,3.600000
218.8600,3.204240
218.8800,2.145089
218.9000,1.163612
218.9200,0.776168
218.9400,0.488752
218.9600,0.327828
218.9800,0.200291
219.0000,0.173001
219.0200,0.353342
219.0400,0.676204
219.0600,1.392305
219.0800,1.071634
219.1000,1.017533
219.1200,0.704329
219.1400,0.421370
219.1600,0.405862
219.1800,0.369460
219.2000,0.306050
219.2200,0.315260
219.2400,0.518761
219.2600,0.677954
219.2800,1.639264
219.3000,1.817334
219.3200,1.290437
219.3400,0.717751
219.3600,0.389290
219.3800,0.258469
219.4000,0.302215
219.4200,0.374392
219.4400,0.397398
219.4600,0.545228
219.4800,0.562308
219.5000,0.496683
219.5200,0.338395
219.5400,0.641016
219.5600,1.818942
219.5800,2.174377
219.6000,1.936499
219.6200,1.144641
219.6400,0.625626
219.6600,0.745775
219.6800,0.551844
219.7000,0.321845
219.7200,0.317166
219.7400,0.252346
219.7600,0.146633
219.7800,0.334678
219.8000,0.643048
219.8200,1.752854
219.8400,2.620077
219.8600,1.701145
219.8800,0.957972
219.9000,0.546973
219.9200,0.491906
219.9400,0.402403
219.9600,0.424057
219.9800,0.667154
220.0000,0.573687
220.0200,0.430683
220.0400,0.426275
220.0600,0.268584
220.0800,0.789901
220.1000,2.419788
220.1200,3.091454
220.1400,2.569593
220.1600,1.438137
220.1800,0.901691
220.2000,0.681869
220.2200,0.476778
220.2400,0.396461
220.2600,0.280141
220.2800,0.289328
220.3000,0.388449
220.3200,0.666121
220.3400,0.916994
220.3600,1.716512
220.3800,2.779550
220.4000,2.734317
220.4200,1.421239
220.4400,0.801003
220.4600,0.678590
220.4800,0.825696
220.5000,0.730316
220.5200,0.644776
220.5400,0.460494
220.5600,0.262396
220.5800,0.190033
220.6000,0.320227
220.6200,0.352132
220.6400,0.981968
220.6600,2.633772
220.6800,3.600000
220.7000,2.967051
220.7200,2.049585
220.7400,1.712438
220.7600,0.968682
220.7800,0.556540
220.8000,0.458364
220.8200,0.309928
220.8400,0.316658
220.8600,0.665356
220.8800,1.641036
220.9000,2.848052
220.9200,3.600000
220.9400,3.600000
220.9600,2.653195
220.9800,1.641993
221.0000,1.004387
221.0200,0.602682
221.0400,0.350363
221.0600,0.315537
221.0800,0.388214
221.1000,0.263658
221.1200,0.169826
221.1400,0.287814
221.1600,0.292937
221.1800,0.295962
221.2000,0.287506
221.2200,0.266193
221.2400,0.242106
221.2600,0.648338
221.2800,1.317494
221.3000,2.500491
221.3200,3.219481
221.3400,2.668131
221.3600,1.702363
221.3800,1.127250
221.4000,0.795075
221.4200,0.496498
221.4400,0.502454
221.4600,0.479415
221.4800,0.330887
221.5000,0.255952
221.5200,0.261721
221.5400,0.320526
221.5600,0.752598
221.5800,1.658727
221.6000,2.754356
221.6200,2.360157
221.6400,2.358256
221.6600,3.012547
221.6800,2.027933
221.7000,1.320856
221.7200,1.413415
221.7400,1.930761
221.7600,3.016011
221.7800,3.600000
221.8000,2.580269
221.8200,3.053979
221.8400,3.600000
221.8600,3.554217
221.8800,0.121502
221.9000,0.207967
221.9200,0.287668
221.9400,0.322659
221.9600,0.434376
221.9800,0.322451
222.0000,0.191508
222.0200,0.370103
222.0400,0.491034
222.0600,0.286772
222.0800,0.156573
222.1000,0.129424
222.1200,0.602763
222.1400,0.665840
222.1600,0.458597
222.1800,0.313532
222.2000,0.189317
222.2200,0.417018
222.2400,0.979519
222.2600,2.187798
222.2800,2.621586
222.3000,3.029943
222.3200,3.392261
222.3400,3.434751
222.3600,3.412903
222.3800,3.131374
222.4000,2.725091
222.4200,2.417244
222.4400,2.089633
222.4600,1.934690
222.4800,1.514930
222.5000,1.493985
222.5200,1.387633
222.5400,1.252771
222.5600,1.023469
222.5800,0.929224
222.6000,1.011710
222.6200,0.808233
222.6400,0.893923
222.6600,1.225567
222.6800,1.162167
222.7000,0.637875
222.7200,0.427369
222.7400,0.688903
222.7600,1.000468
222.7800,1.005873
222.8000,1.182448
222.8200,1.142690
222.8400,0.721011
222.8600,0.626393
222.8800,1.368550
222.9000,1.745875
222.9200,1.857605
222.9400,2.546552
222.9600,3.493201
222.9800,3.600000
223.0000,3.509731
223.0200,3.598702
223.0400,3.078545
223.0600,2.066068
223.0800,1.440673
223.1000,1.112798
223.1200,1.347827
223.1400,1.980052
223.1600,1.969178
223.1800,2.711256
223.2000,3.224543
223.2200,2.608364
223.2400,2.386734
223.2600,2.864350
223.2800,3.121063
223.3000,2.119251
223.3200,2.022284
223.3400,2.945892
223.3600,3.534094
223.3800,3.600000
223.4000,3.600000
223.4200,3.600000
223.4400,3.600000
223.4600,3.600000
223.4800,3.600000
223.5000,3.600000
223.5200,3.600000
223.5400,3.600000
223.5600,3.549155
223.5800,2.878616
223.6000,2.450191
223.6200,1.564347
223.6400,1.132579
223.6600,0.725033
223.6800,0.443269
223.7000,0.561446
223.7200,0.712798
223.7400,1.293111
223.7600,2.751703
223.7800,3.600000
223.8000,3.474404
223.8200,3.074753
223.8400,3.079158
223.8600,2.607218
223.8800,2.495430
223.9000,3.181033
223.9200,3.600000
223.9400,3.600000
223.9600,3.600000
223.9800,3.600000
224.0000,3.600000
224.0200,3.204240
224.0400,2.145089
224.0600,1.163612
224.0800,0.776168
224.1000,0.488752
224.1200,0.327828
224.1400,0.200291
224.1600,0.173001
224.1800,0.353342
224.2000,0.676204
224.2200,1.392305
224.2400,1.071634
224.2600,1.017533
224.2800,0.704329
224.3000,0.421370
224.3200,0.405862
224.3400,0.369460
224.3600,0.306050
224.3800,0.315260
224.4000,0.518761
224.4200,0.677954
224.4400,1.639264
224.4600,1.817334
224.4800,1.290437
224.5000,0.717751
224.5200,0.389290
224.5400,0.258469
224.5600,0.302215
224.5800,0.374392
224.6000,0.397398
224.6200,0.545228
224.6400,0.562308
224.6600,0.496683
224.6800,0.338395
224.7000,0.641016
224.7200,1.818942
224.7400,2.174377
224.7600,1.936499
224.7800,1.144641
224.8000,0.625626
224.8200,0.745775
224.8400,0.551844
224.8600,0.321845
224.8800,0.317166
224.9000,0.252346
224.9200,0.146633
224.9400,0.334678
224.9600,0.643048
224.9800,1.752854
225.0000,2.620077
225.0200,1.701145
225.0400,0.957972
225.0600,0.546973
225.0800,0.491906
225.1000,0.402403
225.1200,0.424057
225.1400,0.667154
225.1600,0.573687
225.1800,0.430683
225.2000,0.426275
225.2200,0.268584
225.2400,0.789901
225.2600,2.419788
225.2800,3.091454
225.3000,2.569593
225.3200,1.438137
225.3400,0.901691
225.3600,0.681869
225.3800,0.476778
225.4000,0.396461
225.4200,0.280141
225.4400,0.289328
225.4600,0.388449
225.4800,0.666121
225.5000,0.916994
225.5200,1.716512
225.5400,2.779550
225.5600,2.734317
225.5800,1.421239
225.6000,0.801003
225.6200,0.678590
225.6400,0.825696
225.6600,0.730316
225.6800,0.644776
225.7000,0.460494
225.7200,0.262396
225.7400,0.190033
225.7600,0.320227
225.7800,0.352132
225.8000,0.981968
225.8200,2.633772
225.8400,3.600000
225.8600,2.967051
225.8800,2.049585
225.9000,1.712438
225.9200,0.968682
225.9400,0.556540
225.9600,0.458364
225.9800,0.309928
226.0000,0.316658
226.0200,0.665356
226.0400,1.641036
226.0600,2.848052
226.0800,3.600000
226.1000,3.600000
226.1200,2.653195
226.1400,1.641993
226.1600,1.004387
226.1800,0.602682
226.2000,0.350363
226.2200,0.315537
226.2400,0.388214
226.2600,0.263658
226.2800,0.169826
226.3000,0.287814
226.3200,0.292937
226.3400,0.295962
226.3600,0.287506
226.3800,0.266193
226.4000,0.242106
226.4200,0.648338
226.4400,1.317494
226.4600,2.500491
226.4800,3.219481
226.5000,2.668131
226.5200,1.702363
226.5400,1.127250
226.5600,0.795075
226.5800,0.496498
226.6000,0.502454
226.6200,0.479415
226.6400,0.330887
226.6600,0.255952
226.6800,0.261721
226.7000,0.320526
226.7200,0.752598
226.7400,1.658727
226.7600,2.754356
226.7800,2.360157
226.8000,2.358256
226.8200,3.012547
226.8400,2.027933
226.8600,1.320856
226.8800,1.413415
226.9000,1.930761
226.9200,3.016011
226.9400,3.600000
226.9600,2.580269
226.9800,3.053979
227.0000,3.600000
227.0200,3.554217
227.0400,0.121502
227.0600,0.207967
227.0800,0.287668
227.1000,0.322659
227.1200,0.434376
227.1400,0.322451
227.1600,0.191508
227.1800,0.370103
227.2000,0.491034
227.2200,0.286772
227.2400,0.156573
227.2600,0.129424
227.2800,0.602763
227.3000,0.665840
227.3200,0.458597
227.3400,0.313532
227.3600,0.189317
227.3800,0.417018
227.4000,0.979519
227.4200,2.187798
227.4400,2.621586
227.4600,3.029943
227.4800,3.392261
227.5000,3.434751
227.5200,3.412903
227.5400,3.131374
227.5600,2.725091
227.5800,2.417244
227.6000,2.089633
227.6200,1.934690
227.6400,1.514930
227.6600,1.493985
227.6800,1.387633
227.7000,1.252771
227.7200,1.023469
227.7400,0.929224
227.7600,1.011710
227.7800,0.808233
227.8000,0.893923
227.8200,1.225567
227.8400,1.162167
227.8600,0.637875
227.8800,0.427369
227.9000,0.688903
227.9200,1.000468
227.9400,1.005873
227.9600,1.182448
227.9800,1.142690
228.0000,0.721011
228.0200,0.626393
228.0400,1.368550
228.0600,1.745875
228.0800,1.857605
228.1000,2.546552
228.1200,3.493201
228.1400,3.600000
228.1600,3.509731
228.1800,3.598702
228.2000,3.078545
228.2200,2.066068
228.2400,1.440673
228.2600,1.112798
228.2800,1.347827
228.3000,1.980052
228.3200,1.969178
228.3400,2.711256
228.3600,3.224543
228.3800,2.608364
228.4000,2.386734
228.4200,2.864350
228.4400,3.121063
228.4600,2.119251
228.4800,2.022284
228.5000,2.945892
228.5200,3.534094
228.5400,3.600000
228.5600,3.600000
228.5800,3.600000
228.6000,3.600000
228.6200,3.600000
228.6400,3.600000
228.6600,3.600000
228.6800,3.600000
228.7000,3.600000
228.7200,3.549155
228.7400,2.878616
228.7600,2.450191
228.7800,1.564347
228.8000,1.132579
228.8200,0.725033
228.8400,0.443269
228.8600,0.561446
228.8800,0.712798
228.9000,1.293111
228.9200,2.751703
228.9400,3.600000
228.9600,3.474404
228.9800,3.074753
229.0000,3.079158
229.0200,2.607218
229.0400,2.495430
229.0600,3.181033
229.0800,3.600000
229.1000,3.600000
229.1200,3.600000
229.1400,3.600000
229.1600,3.600000
229.1800,3.204240
229.2000,2.145089
229.2200,1.163612
229.2400,0.776168
229.2600,0.488752
229.2800,0.327828
229.3000,0.200291
229.3200,0.173001
229.3400,0.353342
229.3600,0.676204
229.3800,1.392305
229.4000,1.071634
229.4200,1.017533
229.4400,0.704329
229.4600,0.421370
229.4800,0.405862
229.5000,0.369460
229.5200,0.306050
229.5400,0.315260
229.5600,0.518761
229.5800,0.677954
229.6000,1.639264
229.6200,1.817334
229.6400,1.290437
229.6600,0.717751
229.6800,0.389290
229.7000,0.258469
229.7200,0.302215
229.7400,0.374392
229.7600,0.397398
229.7800,0.545228
229.8000,0.562308
229.8200,0.496683
229.8400,0.338395
229.8600,0.641016
229.8800,1.818942
229.9000,2.174377
229.9200,1.936499
229.9400,1.144641
229.9600,0.625626
229.9800,0.745775
230.0000,0.551844
230.0200,0.321845
230.0400,0.317166
230.0600,0.252346
230.0800,0.146633
230.1000,0.334678
230.1200,0.643048
230.1400,1.752854
230.1600,2.620077
230.1800,1.701145
230.2000,0.957972
230.2200,0.546973
230.2400,0.491906
230.2600,0.402403
230.2800,0.424057
230.3000,0.667154
230.3200,0.573687
230.3400,0.430683
230.3600,0.426275
230.3800,0.268584
230.4000,0.789901
230.4200,2.419788
230.4400,3.091454
230.4600,2.569593
230.4800,1.438137
230.5000,0.901691
230.5200,0.681869
230.5400,0.476778
230.5600,0.396461
230.5800,0.280141
230.6000,0.289328
230.6200,0.388449
230.6400,0.666121
230.6600,0.916994
230.6800,1.716512
230.7000,2.779550
230.7200,2.734317
230.7400,1.421239
230.7600,0.801003
230.7800,0.678590
230.8000,0.825696
230.8200,0.730316
230.8400,0.644776
230.8600,0.460494
230.8800,0.262396
230.9000,0.190033
230.9200,0.320227
230.9400,0.352132
230.9600,0.981968
230.9800,2.633772
231.0000,3.600000
231.0200,2.967051
231.0400,2.049585
231.0600,1.712438
231.0800,0.968682
231.1000,0.556540
231.1200,0.458364
231.1400,0.309928
231.1600,0.316658
231.1800,0.665356
231.2000,1.641036
231.2200,2.848052
231.2400,3.600000
231.2600,3.600000
231.2800,2.653195
231.3000,1.641993
231.3200,1.004387
231.3400,0.602682
231.3600,0.350363
231.3800,0.315537
231.4000,0.388214
231.4200,0.263658
231.4400,0.169826
231.4600,0.287814
231.4800,0.292937
231.5000,0.295962
231.5200,0.287506
231.5400,0.266193
231.5600,0.242106
231.5800,0.648338
231.6000,1.317494
231.6200,2.500491
231.6400,3.219481
231.6600,2.668131
231.6800,1.702363
231.7000,1.127250
231.7200,0.795075
231.7400,0.496498
231.7600,0.502454
231.7800,0.479415
231.8000,0.330887
231.8200,0.255952
231.8400,0.261721
231.8600,0.320526
231.8800,0.752598
231.9000,1.658727
231.9200,2.754356
231.9400,2.360157
231.9600,2.358256
231.9800,3.012547
232.0000,2.027933
232.0200,1.320856
232.0400,1.413415
232.0600,1.930761
232.0800,3.016011
232.1000,3.600000
232.1200,2.580269
232.1400,3.053979
232.1600,3.600000
232.1800,3.554217
232.2000,0.121502
232.2200,0.207967
232.2400,0.287668
232.2600,0.322659
232.2800,0.434376
232.3000,0.322451
232.3200,0.191508
232.3400,0.370103
232.3600,0.491034
232.3800,0.286772
232.4000,0.156573
232.4200,0.129424
232.4400,0.602763
232.4600,0.665840
232.4800,0.458597
232.5000,0.313532
232.5200,0.189317
232.5400,0.417018
232.5600,0.979519
232.5800,2.187798
232.6000,2.621586
232.6200,3.029943
232.6400,3.392261
232.6600,3.434751
232.6800,3.412903
232.7000,3.131374
232.7200,2.725091
232.7400,2.417244
232.7600,2.089633
232.7800,1.934690
232.8000,1.514930
232.8200,1.493985
232.8400,1.387633
232.8600,1.252771
232.8800,1.023469
232.9000,0.929224
232.9200,1.011710
232.9400,0.808233
232.9600,0.893923
232.9800,1.225567
233.0000,1.162167
233.0200,0.637875
233.0400,0.427369
233.0600,0.688903
233.0800,1.000468
233.1000,1.005873
233.1200,1.182448
233.1400,1.142690
233.1600,0.721011
233.1800,0.626393
233.2000,1.368550
233.2200,1.745875
233.2400,1.857605
233.2600,2.546552
233.2800,3.493201
233.3000,3.600000
233.3200,3.509731
233.3400,3.598702
233.3600,3.078545
233.3800,2.066068
233.4000,1.440673
233.4200,1.112798
233.4400,1.347827
233.4600,1.980052
233.4800,1.969178
233.5000,2.711256
233.5200,3.224543
233.5400,2.608364
233.5600,2.386734
233.5800,2.864350
233.6000,3.121063
233.6200,2.119251
233.6400,2.022284
233.6600,2.945892
233.6800,3.534094
233.7000,3.600000
233.7200,3.600000
233.7400,3.600000
233.7600,3.600000
233.7800,3.600000
233.8000,3.600000
233.8200,3.600000
233.8400,3.600000
233.8600,3.600000
233.8800,3.549155
233.9000,2.878616
233.9200,2.450191
233.9400,1.564347
233.9600,1.132579
233.9800,0.725033
234.0000,0.443269
234.0200,0.561446
234.0400,0.712798
234.0600,1.293111
234.0800,2.751703
234.1000,3.600000
234.1200,3.474404
234.1400,3.074753
234.1600,3.079158
234.1800,2.607218
234.2000,2.495430
234.2200,3.181033
234.2400,3.600000
234.2600,3.600000
234.2800,3.600000
234.3000,3.600000
234.3200,3.600000
234.3400,3.204240
234.3600,2.145089
234.3800,1.163612
234.4000,0.776168
234.4200,0.488752
234.4400,0.327828
234.4600,0.200291
234.4800,0.173001
234.5000,0.353342
234.5200,0.676204
234.5400,1.392305
234.5600,1.071634
234.5800,1.017533
234.6000,0.704329
234.6200,0.421370
234.6400,0.405862
234.6600,0.369460
234.6800,0.306050
234.7000,0.315260
234.7200,0.518761
234.7400,0.677954
234.7600,1.639264
234.7800,1.817334
234.8000,1.290437
234.8200,0.717751
234.8400,0.389290
234.8600,0.258469
234.8800,0.302215
234.9000,0.374392
234.9200,0.397398
234.9400,0.545228
234.9600,0.562308
234.9800,0.496683
235.0000,0.338395
235.0200,0.641016
235.0400,1.818942
235.0600,2.174377
235.0800,1.936499
235.1000,1.144641
235.1200,0.625626
235.1400,0.745775
235.1600,0.551844
235.1800,0.321845
235.2000,0.317166
235.2200,0.252346
235.2400,0.146633
235.2600,0.334678
235.2800,0.643048
235.3000,1.752854
235.3200,2.620077
235.3400,1.701145
235.3600,0.957972
235.3800,0.546973
235.4000,0.491906
235.4200,0.402403
235.4400,0.424057
235.4600,0.667154
235.4800,0.573687
235.5000,0.430683
235.5200,0.426275
235.5400,0.268584
235.5600,0.789901
235.5800,2.419788
235.6000,3.091454
235.6200,2.569593
235.6400,1.438137
235.6600,0.901691
235.6800,0.681869
235.7000,0.476778
235.7200,0.396461
235.7400,0.280141
235.7600,0.289328
235.7800,0.388449
235.8000,0.666121
235.8200,0.916994
235.8400,1.716512
235.8600,2.779550
235.8800,2.734317
235.9000,1.421239
235.9200,0.801003
235.9400,0.678590
235.9600,0.825696
235.9800,0.730316
236.0000,0.644776
236.0200,0.460494
236.0400,0.262396
236.0600,0.190033
236.0800,0.320227
236.1000,0.352132
236.1200,0.981968
236.1400,2.633772
236.1600,3.600000
236.1800,2.967051
236.2000,2.049585
236.2200,1.712438
236.2400,0.968682
236.2600,0.556540
236.2800,0.458364
236.3000,0.309928
236.3200,0.316658
236.3400,0.665356
236.3600,1.641036
236.3800,2.848052
236.4000,3.600000
236.4200,3.600000
236.4400,2.653195
236.4600,1.641993
236.4800,1.004387
236.5000,0.602682
236.5200,0.350363
236.5400,0.315537
236.5600,0.388214
236.5800,0.263658
236.6000,0.169826
236.6200,0.287814
236.6400,0.292937
236.6600,0.295962
236.6800,0.287506
236.7000,0.266193
236.7200,0.242106
236.7400,0.648338
236.7600,1.317494
236.7800,2.500491
236.8000,3.219481
236.8200,2.668131
236.8400,1.702363
236.8600,1.127250
236.8800,0.795075
236.9000,0.496498
236.9200,0.502454
236.9400,0.479415
236.9600,0.330887
236.9800,0.255952
237.0000,0.261721
237.0200,0.320526
237.0400,0.752598
237.0600,1.658727
237.0800,2.754356
237.1000,2.360157
237.1200,2.358256
237.1400,3.012547
237.1600,2.027933
237.1800,1.320856
237.2000,1.413415
237.2200,1.930761
237.2400,3.016011
237.2600,3.600000
237.2800,2.580269
237.3000,3.053979
237.3200,3.600000
237.3400,3.554217
237.3600,0.121502
237.3800,0.207967
237.4000,0.287668
237.4200,0.322659
237.4400,0.434376
237.4600,0.322451
237.4800,0.191508
237.5000,0.370103
237.5200,0.491034
237.5400,0.286772
237.5600,0.156573
237.5800,0.129424
237.6000,0.602763
237.6200,0.665840
237.6400,0.458597
237.6600,0.313532
237.6800,0.189317
237.7000,0.417018
237.7200,0.979519
237.7400,2.187798
237.7600,2.621586
237.7800,3.029943
237.8000,3.392261
237.8200,3.434751
237.8400,3.412903
237.8600,3.131374
237.8800,2.725091
237.9000,2.417244
237.9200,2.089633
237.9400,1.934690
237.9600,1.514930
237.9800,1.493985
238.0000,1.387633
238.0200,1.252771
238.0400,1.023469
238.0600,0.929224
238.0800,1.011710
238.1000,0.808233
238.1200,0.893923
238.1400,1.225567
238.1600,1.162167
238.1800,0.637875
238.2000,0.427369
238.2200,0.688903
238.2400,1.000468
238.2600,1.005873
238.2800,1.182448
238.3000,1.142690
238.3200,0.721011
238.3400,0.626393
238.3600,1.368550
238.3800,1.745875
238.4000,1.857605
238.4200,2.546552
238.4400,3.493201
238.4600,3.600000
238.4800,3.509731
238.5000,3.598702
238.5200,3.078545
238.5400,2.066068
238.5600,1.440673
238.5800,1.112798
238.6000,1.347827
238.6200,1.980052
238.6400,1.969178
238.6600,2.711256
238.6800,3.224543
238.7000,2.608364
238.7200,2.386734
238.7400,2.864350
238.7600,3.121063
238.7800,2.119251
238.8000,2.022284
238.8200,2.945892
238.8400,3.534094
238.8600,3.600000
238.8800,3.600000
238.9000,3.600000
238.9200,3.600000
238.9400,3.600000
238.9600,3.600000
238.9800,3.600000
239.0000,3.600000
239.0200,3.600000
239.0400,3.549155
239.0600,2.878616
239.0800,2.450191
239.1000,1.564347
239.1200,1.132579
239.1400,0.725033
239.1600,0.443269
239.1800,0.561446
239.2000,0.712798
239.2200,1.293111
239.2400,2.751703
239.2600,3.600000
239.2800,3.474404
239.3000,3.074753
239.3200,3.079158
239.3400,2.607218
239.3600,2.495430
239.3800,3.181033
239.4000,3.600000
239.4200,3.600000
239.4400,3.600000
239.4600,3.600000
239.4800,3.600000
239.5000,3.204240
239.5200,2.145089
239.5400,1.163612
239.5600,0.776168
239.5800,0.488752
239.6000,0.327828
239.6200,0.200291
239.6400,0.173001
239.6600,0.353342
239.6800,0.676204
239.7000,1.392305
239.7200,1.071634
239.7400,1.017533
239.7600,0.704329
239.7800,0.421370
239.8000,0.405862
239.8200,0.369460
239.8400,0.306050
239.8600,0.315260
239.8800,0.518761
239.9000,0.677954
239.9200,1.639264
239.9400,1.817334
239.9600,1.290437
239.9800,0.717751
240.0000,0.389290
240.0200,0.258469
240.0400,0.302215
240.0600,0.374392
240.0800,0.397398
240.1000,0.545228
240.1200,0.562308
240.1400,0.496683
240.1600,0.338395
240.1800,0.641016
240.2000,1.818942
240.2200,2.174377
240.2400,1.936499
240.2600,1.144641
240.2800,0.625626
240.3000,0.745775
240.3200,0.551844
240.3400,0.321845
240.3600,0.317166
240.3800,0.252346
240.4000,0.146633
240.4200,0.334678
240.4400,0.643048
240.4600,1.752854
240.4800,2.620077
240.5000,1.701145
240.5200,0.957972
240.5400,0.546973
240.5600,0.491906
240.5800,0.402403
240.6000,0.424057
240.6200,0.667154
240.6400,0.573687
240.6600,0.430683
240.6800,0.426275
240.7000,0.268584
240.7200,0.789901
240.7400,2.419788
240.7600,3.091454
240.7800,2.569593
240.8000,1.438137
240.8200,0.901691
240.8400,0.681869
240.8600,0.476778
240.8800,0.396461
240.9000,0.280141
240.9200,0.289328
240.9400,0.388449
240.9600,0.666121
240.9800,0.916994
241.0000,1.716512
241.0200,2.779550
241.0400,2.734317
241.0600,1.421239
241.0800,0.801003
241.1000,0.678590
241.1200,0.825696
241.1400,0.730316
241.1600,0.644776
241.1800,0.460494
241.2000,0.262396
241.2200,0.190033
241.2400,0.320227
241.2600,0.352132
241.2800,0.981968
241.3000,2.633772
241.3200,3.600000
241.3400,2.967051
241.3600,2.049585
241.3800,1.712438
241.4000,0.968682
241.4200,0.556540
241.4400,0.458364
241.4600,0.309928
241.4800,0.316658
241.5000,0.665356
241.5200,1.641036
241.5400,2.848052
241.5600,3.600000
241.5800,3.600000
241.6000,2.653195
241.6200,1.641993
241.6400,1.004387
241.6600,0.602682
241.6800,0.350363
241.7000,0.315537
241.7200,0.388214
241.7400,0.263658
241.7600,0.169826
241.7800,0.287814
241.8000,0.292937
241.8200,0.295962
241.8400,0.287506
241.8600,0.266193
241.8800,0.242106
241.9000,0.648338
241.9200,1.317494
241.9400,2.500491
241.9600,3.219481
241.9800,2.668131
242.0000,1.702363
242.0200,1.127250
242.0400,0.795075
242.0600,0.496498
242.0800,0.502454
242.1000,0.479415
242.1200,0.330887
242.1400,0.255952
242.1600,0.261721
242.1800,0.320526
242.2000,0.752598
242.2200,1.658727
242.2400,2.754356
242.2600,2.360157
242.2800,2.358256
242.3000,3.012547
242.3200,2.027933
242.3400,1.320856
242.3600,1.413415
242.3800,1.930761
242.4000,3.016011
242.4200,3.600000
242.4400,2.580269
242.4600,3.053979
242.4800,3.600000
242.5000,3.554217
242.5200,0.121502
242.5400,0.207967
242.5600,0.287668
242.5800,0.322659
242.6000,0.434376
242.6200,0.322451
242.6400,0.191508
242.6600,0.370103
242.6800,0.491034
242.7000,0.286772
242.7200,0.156573
242.7400,0.129424
242.7600,0.602763
242.7800,0.665840
242.8000,0.458597
242.8200,0.313532
242.8400,0.189317
242.8600,0.417018
242.8800,0.979519
242.9000,2.187798
242.9200,2.621586
242.9400,3.029943
242.9600,3.392261
242.9800,3.434751
243.0000,3.412903
243.0200,3.131374
243.0400,2.725091
243.0600,2.417244
243.0800,2.089633
243.1000,1.934690
243.1200,1.514930
243.1400,1.493985
243.1600,1.387633
243.1800,1.252771
243.2000,1.023469
243.2200,0.929224
243.2400,1.011710
243.2600,0.808233
243.2800,0.893923
243.3000,1.225567
243.3200,1.162167
243.3400,0.637875
243.3600,0.427369
243.3800,0.688903
243.4000,1.000468
243.4200,1.005873
243.4400,1.182448
243.4600,1.142690
243.4800,0.721011
243.5000,0.626393
243.5200,1.368550
243.5400,1.745875
243.5600,1.857605
243.5800,2.546552
243.6000,3.493201
243.6200,3.600000
243.6400,3.509731
243.6600,3.598702
243.6800,3.078545
243.7000,2.066068
243.7200,1.440673
243.7400,1.112798
243.7600,1.347827
243.7800,1.980052
243.8000,1.969178
243.8200,2.711256
243.8400,3.224543
243.8600,2.608364
243.8800,2.386734
243.9000,2.864350
243.9200,3.121063
243.9400,2.119251
243.9600,2.022284
243.9800,2.945892
244.0000,3.534094
244.0200,3.600000
244.0400,3.600000
244.0600,3.600000
244.0800,3.600000
244.1000,3.600000
244.1200,3.600000
244.1400,3.600000
244.1600,3.600000
244.1800,3.600000
244.2000,3.549155
244.2200,2.878616
244.2400,2.450191
244.2600,1.564347
244.2800,1.132579
244.3000,0.725033
244.3200,0.443269
244.3400,0.561446
244.3600,0.712798
244.3800,1.293111
244.4000,2.751703
244.4200,3.600000
244.4400,3.474404
244.4600,3.074753
244.4800,3.079158
244.5000,2.607218
244.5200,2.495430
244.5400,3.181033
244.5600,3.600000
244.5800,3.600000
244.6000,3.600000
244.6200,3.600000
244.6400,3.600000
244.6600,3.204240
244.6800,2.145089
244.7000,1.163612
244.7200,0.776168
244.7400,0.488752
244.7600,0.327828
244.7800,0.200291
244.8000,0.173001
244.8200,0.353342
244.8400,0.676204
244.8600,1.392305
244.8800,1.071634
244.9000,1.017533
244.9200,0.704329
244.9400,0.421370
244.9600,0.405862
244.9800,0.369460
245.0000,0.306050
245.0200,0.315260
245.0400,0.518761
245.0600,0.677954
245.0800,1.639264
245.1000,1.817334
245.1200,1.290437
245.1400,0.717751
245.1600,0.389290
245.1800,0.258469
245.2000,0.302215
245.2200,0.374392
245.2400,0.397398
245.2600,0.545228
245.2800,0.562308
245.3000,0.496683
245.3200,0.338395
245.3400,0.641016
245.3600,1.818942
245.3800,2.174377
245.4000,1.936499
245.4200,1.144641
245.4400,0.625626
245.4600,0.745775
245.4800,0.551844
245.5000,0.321845
245.5200,0.317166
245.5400,0.252346
245.5600,0.146633
245.5800,0.334678
245.6000,0.643048
245.6200,1.752854
245.6400,2.620077
245.6600,1.701145
245.6800,0.957972
245.7000,0.546973
245.7200,0.491906
245.7400,0.402403
245.7600,0.424057
245.7800,0.667154
245.8000,0.573687
245.8200,0.430683
245.8400,0.426275
245.8600,0.268584
245.8800,0.789901
245.9000,2.419788
245.9200,3.091454
245.9400,2.569593
245.9600,1.438137
245.9800,0.901691
246.0000,0.681869
246.0200,0.476778
246.0400,0.396461
246.0600,0.280141
246.0800,0.289328
246.1000,0.388449
246.1200,0.666121
246.1400,0.916994
246.1600,1.716512
246.1800,2.779550
246.2000,2.734317
246.2200,1.421239
246.2400,0.801003
246.2600,0.678590
246.2800,0.825696
246.3000,0.730316
246.3200,0.644776
246.3400,0.460494
246.3600,0.262396
246.3800,0.190033
246.4000,0.320227
246.4200,0.352132
246.4400,0.981968
246.4600,2.633772
246.4800,3.600000
246.5000,2.967051
246.5200,2.049585
246.5400,1.712438
246.5600,0.968682
246.5800,0.556540
246.6000,0.458364
246.6200,0.309928
246.6400,0.316658
246.6600,0.665356
246.6800,1.641036
246.7000,2.848052
246.7200,3.600000
246.7400,3.600000
246.7600,2.653195
246.7800,1.641993
246.8000,1.004387
246.8200,0.602682
246.8400,0.350363
246.8600,0.315537
246.8800,0.388214
246.9000,0.263658
246.9200,0.169826
246.9400,0.287814
246.9600,0.292937
246.9800,0.295962
247.0000,0.287506
247.0200,0.266193
247.0400,0.242106
247.0600,0.648338
247.0800,1.317494
247.1000,2.500491
247.1200,3.219481
247.1400,2.668131
247.1600,1.702363
247.1800,1.127250
247.2000,0.795075
247.2200,0.496498
247.2400,0.502454
247.2600,0.479415
247.2800,0.330887
247.3000,0.255952
247.3200,0.261721
247.3400,0.320526
247.3600,0.752598
247.3800,1.658727
247.4000,2.754356
247.4200,2.360157
247.4400,2.358256
247.4600,3.012547
247.4800,2.027933
247.5000,1.320856
247.5200,1.413415
247.5400,1.930761
247.5600,3.016011
247.5800,3.600000
247.6000,2.580269
247.6200,3.053979
247.6400,3.600000
247.6600,3.554217
247.6800,0.121502
247.7000,0.207967
247.7200,0.287668
247.7400,0.322659
247.7600,0.434376
247.7800,0.322451
247.8000,0.191508
247.8200,0.370103
247.8400,0.491034
247.8600,0.286772
247.8800,0.156573
247.9000,0.129424
247.9200,0.602763
247.9400,0.665840
247.9600,0.458597
247.9800,0.313532
248.0000,0.189317
248.0200,0.417018
248.0400,0.979519
248.0600,2.187798
248.0800,2.621586
248.1000,3.029943
248.1200,3.392261
248.1400,3.434751
248.1600,3.412903
248.1800,3.131374
248.2000,2.725091
248.2200,2.417244
248.2400,2.089633
248.2600,1.934690
248.2800,1.514930
248.3000,1.493985
248.3200,1.387633
248.3400,1.252771
248.3600,1.023469
248.3800,0.929224
248.4000,1.011710
248.4200,0.808233
248.4400,0.893923
248.4600,1.225567
248.4800,1.162167
248.5000,0.637875
248.5200,0.427369
248.5400,0.688903
248.5600,1.000468
248.5800,1.005873
248.6000,1.182448
248.6200,1.142690
248.6400,0.721011
248.6600,0.626393
248.6800,1.368550
248.7000,1.745875
248.7200,1.857605
248.7400,2.546552
248.7600,3.493201
248.7800,3.600000
248.8000,3.509731
248.8200,3.598702
248.8400,3.078545
248.8600,2.066068
248.8800,1.440673
248.9000,1.112798
248.9200,1.347827
248.9400,1.980052
248.9600,1.969178
248.9800,2.711256
249.0000,3.224543
249.0200,2.608364
249.0400,2.386734
249.0600,2.864350
249.0800,3.121063
249.1000,2.119251
249.1200,2.022284
249.1400,2.945892
249.1600,3.534094
249.1800,3.600000
249.2000,3.600000
249.2200,3.600000
249.2400,3.600000
249.2600,3.600000
249.2800,3.600000
249.3000,3.600000
249.3200,3.600000
249.3400,3.600000
249.3600,3.549155
249.3800,2.878616
249.4000,2.450191
249.4200,1.564347
249.4400,1.132579
249.4600,0.725033
249.4800,0.443269
249.5000,0.561446
249.5200,0.712798
249.5400,1.293111
249.5600,2.751703
249.5800,3.600000
249.6000,3.474404
249.6200,3.074753
249.6400,3.079158
249.6600,2.607218
249.6800,2.495430
249.7000,3.181033
249.7200,3.600000
249.7400,3.600000
249.7600,3.600000
249.7800,3.600000
249.8000,3.600000
249.8200,3.204240
249.8400,2.145089
249.8600,1.163612
249.8800,0.776168
249.9000,0.488752
249.9200,0.327828
249.9400,0.200291
249.9600,0.173001
249.9800,0.353342
250.0000,0.676204
250.0200,1.392305
250.0400,1.071634
250.0600,1.017533
250.0800,0.704329
250.1000,0.421370
250.1200,0.405862
250.1400,0.369460
250.1600,0.306050
250.1800,0.315260
250.2000,0.518761
250.2200,0.677954
250.2400,1.639264
250.2600,1.817334
250.2800,1.290437
250.3000,0.717751
250.3200,0.389290
250.3400,0.258469
250.3600,0.302215
250.3800,0.374392
250.4000,0.397398
250.4200,0.545228
250.4400,0.562308
250.4600,0.496683
250.4800,0.338395
250.5000,0.641016
250.5200,1.818942
250.5400,2.174377
250.5600,1.936499
250.5800,1.144641
250.6000,0.625626
250.6200,0.745775
250.6400,0.551844
250.6600,0.321845
250.6800,0.317166
250.7000,0.252346
250.7200,0.146633
250.7400,0.334678
250.7600,0.643048
250.7800,1.752854
250.8000,2.620077
250.8200,1.701145
250.8400,0.957972
250.8600,0.546973
250.8800,0.491906
250.9000,0.402403
250.9200,0.424057
250.9400,0.667154
250.9600,0.573687
250.9800,0.430683
251.0000,0.426275
251.0200,0.268584
251.0400,0.789901
251.0600,2.419788
251.0800,3.091454
251.1000,2.569593
251.1200,1.438137
251.1400,0.901691
251.1600,0.681869
251.1800,0.476778
251.2000,0.396461
251.2200,0.280141
251.2400,0.289328
251.2600,0.388449
251.2800,0.666121
251.3000,0.916994
251.3200,1.716512
251.3400,2.779550
251.3600,2.734317
251.3800,1.421239
251.4000,0.801003
251.4200,0.678590
251.4400,0.825696
251.4600,0.730316
251.4800,0.644776
251.5000,0.460494
251.5200,0.262396
251.5400,0.190033
251.5600,0.320227
251.5800,0.352132
251.6000,0.981968
251.6200,2.633772
251.6400,3.600000
251.6600,2.967051
251.6800,2.049585
251.7000,1.712438
251.7200,0.968682
251.7400,0.556540
251.7600,0.458364
251.7800,0.309928
251.8000,0.316658
251.8200,0.665356
251.8400,1.641036
251.8600,2.848052
251.8800,3.600000
251.9000,3.600000
251.9200,2.653195
251.9400,1.641993
251.9600,1.004387
251.9800,0.602682
252.0000,0.350363
252.0200,0.315537
252.0400,0.388214
252.0600,0.263658
252.0800,0.169826
252.1000,0.287814
252.1200,0.292937
252.1400,0.295962
252.1600,0.287506
252.1800,0.266193
252.2000,0.242106
252.2200,0.648338
252.2400,1.317494
252.2600,2.500491
252.2800,3.219481
252.3000,2.668131
252.3200,1.702363
252.3400,1.127250
252.3600,0.795075
252.3800,0.496498
252.4000,0.502454
252.4200,0.479415
252.4400,0.330887
252.4600,0.255952
252.4800,0.261721
252.5000,0.320526
252.5200,0.752598
252.5400,1.658727
252.5600,2.754356
252.5800,2.360157
252.6000,2.358256
252.6200,3.012547
252.6400,2.027933
252.6600,1.320856
252.6800,1.413415
252.7000,1.930761
252.7200,3.016011
252.7400,3.600000
252.7600,2.580269
252.7800,3.053979
252.8000,3.600000
252.8200,3.554217
252.8400,0.121502
252.8600,0.207967
252.8800,0.287668
252.9000,0.322659
252.9200,0.434376
252.9400,0.322451
252.9600,0.191508
252.9800,0.370103
253.0000,0.491034
253.0200,0.286772
253.0400,0.156573
253.0600,0.129424
253.0800,0.602763
253.1000,0.665840
253.1200,0.458597
253.1400,0.313532
253.1600,0.189317
253.1800,0.417018
253.2000,0.979519
253.2200,2.187798
253.2400,2.621586
253.2600,3.029943
253.2800,3.392261
253.3000,3.434751
253.3200,3.412903
253.3400,3.131374
253.3600,2.725091
253.3800,2.417244
253.4000,2.089633
253.4200,1.934690
253.4400,1.514930
253.4600,1.493985
253.4800,1.387633
253.5000,1.252771
253.5200,1.023469
253.5400,0.929224
253.5600,1.011710
253.5800,0.808233
253.6000,0.893923
253.6200,1.225567
253.6400,1.162167
253.6600,0.637875
253.6800,0.427369
253.7000,0.688903
253.7200,1.000468
253.7400,1.005873
253.7600,1.182448
253.7800,1.142690
253.8000,0.721011
253.8200,0.626393
253.8400,1.368550
253.8600,1.745875
253.8800,1.857605
253.9000,2.546552
253.9200,3.493201
253.9400,3.600000
253.9600,3.509731
253.9800,3.598702
254.0000,3.078545
254.0200,2.066068
254.0400,1.440673
254.0600,1.112798
254.0800,1.347827
254.1000,1.980052
254.1200,1.969178
254.1400,2.711256
254.1600,3.224543
254.1800,2.608364
254.2000,2.386734
254.2200,2.864350
254.2400,3.121063
254.2600,2.119251
254.2800,2.022284
254.3000,2.945892
254.3200,3.534094
254.3400,3.600000
254.3600,3.600000
254.3800,3.600000
254.4000,3.600000
254.4200,3.600000
254.4400,3.600000
254.4600,3.600000
254.4800,3.600000
254.5000,3.600000
254.5200,3.549155
254.5400,2.878616
254.5600,2.450191
254.5800,1.564347
254.6000,1.132579
254.6200,0.725033
254.6400,0.443269
254.6600,0.561446
254.6800,0.712798
254.7000,1.293111
254.7200,2.751703
254.7400,3.600000
254.7600,3.474404
254.7800,3.074753
254.8000,3.079158
254.8200,2.607218
254.8400,2.495430
254.8600,3.181033
254.8800,3.600000
254.9000,3.600000
254.9200,3.600000
254.9400,3.600000
254.9600,3.600000
254.9800,3.204240
255.0000,2.145089
255.0200,1.163612
255.0400,0.776168
255.0600,0.488752
255.0800,0.327828
255.1000,0.200291
255.1200,0.173001
255.1400,0.353342
255.1600,0.676204
255.1800,1.392305
255.2000,1.071634
255.2200,1.017533
255.2400,0.704329
255.2600,0.421370
255.2800,0.405862
255.3000,0.369460
255.3200,0.306050
255.3400,0.315260
255.3600,0.518761
255.3800,0.677954
255.4000,1.639264
255.4200,1.817334
255.4400,1.290437
255.4600,0.717751
255.4800,0.389290
255.5000,0.258469
255.5200,0.302215
255.5400,0.374392
255.5600,0.397398
255.5800,0.545228
255.6000,0.562308
255.6200,0.496683
255.6400,0.338395
255.6600,0.641016
255.6800,1.818942
255.7000,2.174377
255.7200,1.936499
255.7400,1.144641
255.7600,0.625626
255.7800,0.745775
255.8000,0.551844
255.8200,0.321845
255.8400,0.317166
255.8600,0.252346
255.8800,0.146633
255.9000,0.334678
255.9200,0.643048
255.9400,1.752854
255.9600,2.620077
255.9800,1.701145
256.0000,0.957972
256.0200,0.546973
256.0400,0.491906
256.0600,0.402403
256.0800,0.424057
256.1000,0.667154
256.1200,0.573687
256.1400,0.430683
256.1600,0.426275
256.1800,0.268584
256.2000,0.789901
256.2200,2.419788
256.2400,3.091454
256.2600,2.569593
256.2800,1.438137
256.3000,0.901691
256.3200,0.681869
256.3400,0.476778
256.3600,0.396461
256.3800,0.280141
256.4000,0.289328
256.4200,0.388449
256.4400,0.666121
256.4600,0.916994
256.4800,1.716512
256.5000,2.779550
256.5200,2.734317
256.5400,1.421239
256.5600,0.801003
256.5800,0.678590
256.6000,0.825696
256.6200,0.730316
256.6400,0.644776
256.6600,0.460494
256.6800,0.262396
256.7000,0.190033
256.7200,0.320227
256.7400,0.352132
256.7600,0.981968
256.7800,2.633772
256.8000,3.600000
256.8200,2.967051
256.8400,2.049585
256.8600,1.712438
256.8800,0.968682
256.9000,0.556540
256.9200,0.458364
256.9400,0.309928
256.9600,0.316658
256.9800,0.665356
257.0000,1.641036
257.0200,2.848052
257.0400,3.600000
257.0600,3.600000
257.0800,2.653195
257.1000,1.641993
257.1200,1.004387
257.1400,0.602682
257.1600,0.350363
257.1800,0.315537
257.2000,0.388214
257.2200,0.263658
257.2400,0.169826
257.2600,0.287814
257.2800,0.292937
257.3000,0.295962
257.3200,0.287506
257.3400,0.266193
257.3600,0.242106
257.3800,0.648338
257.4000,1.317494
257.4200,2.500491
257.4400,3.219481
257.4600,2.668131
257.4800,1.702363
257.5000,1.127250
257.5200,0.795075
257.5400,0.496498
257.5600,0.502454
257.5800,0.479415
257.6000,0.330887
257.6200,0.255952
257.6400,0.261721
257.6600,0.320526
257.6800,0.752598
257.7000,1.658727
257.7200,2.754356
257.7400,2.360157
257.7600,2.358256
257.7800,3.012547
257.8000,2.027933
257.8200,1.320856
257.8400,1.413415
257.8600,1.930761
257.8800,3.016011
257.9000,3.600000
257.9200,2.580269
257.9400,3.053979
257.9600,3.600000
257.9800,3.554217
258.0000,0.121502
258.0200,0.207967
258.0400,0.287668
258.0600,0.322659
258.0800,0.434376
258.1000,0.322451
258.1200,0.191508
258.1400,0.370103
258.1600,0.491034
258.1800,0.286772
258.2000,0.156573
258.2200,0.129424
258.2400,0.602763
258.2600,0.665840
258.2800,0.458597
258.3000,0.313532
258.3200,0.189317
258.3400,0.417018
258.3600,0.979519
258.3800,2.187798
258.4000,2.621586
258.4200,3.029943
258.4400,3.392261
258.4600,3.434751
258.4800,3.412903
258.5000,3.131374
258.5200,2.725091
258.5400,2.417244
258.5600,2.089633
258.5800,1.934690
258.6000,1.514930
258.6200,1.493985
258.6400,1.387633
258.6600,1.252771
258.6800,1.023469
258.7000,0.929224
258.7200,1.011710
258.7400,0.808233
258.7600,0.893923
258.7800,1.225567
258.8000,1.162167
258.8200,0.637875
258.8400,0.427369
258.8600,0.688903
258.8800,1.000468
258.9000,1.005873
258.9200,1.182448
258.9400,1.142690
258.9600,0.721011
258.9800,0.626393
259.0000,1.368550
259.0200,1.745875
259.0400,1.857605
259.0600,2.546552
259.0800,3.493201
259.1000,3.600000
259.1200,3.509731
259.1400,3.598702
259.1600,3.078545
259.1800,2.066068
259.2000,1.440673
259.2200,1.112798
259.2400,1.347827
259.2600,1.980052
259.2800,1.969178
259.3000,2.711256
259.3200,3.224543
259.3400,2.608364
259.3600,2.386734
259.3800,2.864350
259.4000,3.121063
259.4200,2.119251
259.4400,2.022284
259.4600,2.945892
259.4800,3.534094
259.5000,3.600000
259.5200,3.600000
259.5400,3.600000
259.5600,3.600000
259.5800,3.600000
259.6000,3.600000
259.6200,3.600000
259.6400,3.600000
259.6600,3.600000
259.6800,3.549155
259.7000,2.878616
259.7200,2.450191
259.7400,1.564347
259.7600,1.132579
259.7800,0.725033
259.8000,0.443269
259.8200,0.561446
259.8400,0.712798
259.8600,1.293111
259.8800,2.751703
259.9000,3.600000
259.9200,3.474404
259.9400,3.074753
259.9600,3.079158
259.9800,2.607218
260.0000,2.495430
260.0200,3.181033
260.0400,3.600000
260.0600,3.600000
260.0800,3.600000
260.1000,3.600000
260.1200,3.600000
260.1400,3.204240
260.1600,2.145089
260.1800,1.163612
260.2000,0.776168
260.2200,0.488752
260.2400,0.327828
260.2600,0.200291
260.2800,0.173001
260.3000,0.353342
260.3200,0.676204
260.3400,1.392305
260.3600,1.071634
260.3800,1.017533
260.4000,0.704329
260.4200,0.421370
260.4400,0.405862
260.4600,0.369460
260.4800,0.306050
260.5000,0.315260
260.5200,0.518761
260.5400,0.677954
260.5600,1.639264
260.5800,1.817334
260.6000,1.290437
260.6200,0.717751
260.6400,0.389290
260.6600,0.258469
260.6800,0.302215
260.7000,0.374392
260.7200,0.397398
260.7400,0.545228
260.7600,0.562308
260.7800,0.496683
260.8000,0.338395
260.8200,0.641016
260.8400,1.818942
260.8600,2.174377
260.8800,1.936499
260.9000,1.144641
260.9200,0.625626
260.9400,0.745775
260.9600,0.551844
260.9800,0.321845
261.0000,0.317166
261.0200,0.252346
261.0400,0.146633
261.0600,0.334678
261.0800,0.643048
261.1000,1.752854
261.1200,2.620077
261.1400,1.701145
261.1600,0.957972
261.1800,0.546973
261.2000,0.491906
261.2200,0.402403
261.2400,0.424057
261.2600,0.667154
261.2800,0.573687
261.3000,0.430683
261.3200,0.426275
261.3400,0.268584
261.3600,0.789901
261.3800,2.419788
261.4000,3.091454
261.4200,2.569593
261.4400,1.438137
261.4600,0.901691
261.4800,0.681869
261.5000,0.476778
261.5200,0.396461
261.5400,0.280141
261.5600,0.289328
261.5800,0.388449
261.6000,0.666121
261.6200,0.916994
261.6400,1.716512
261.6600,2.779550
261.6800,2.734317
261.7000,1.421239
261.7200,0.801003
261.7400,0.678590
261.7600,0.825696
261.7800,0.730316
261.8000,0.644776
261.8200,0.460494
261.8400,0.262396
261.8600,0.190033
261.8800,0.320227
261.9000,0.352132
261.9200,0.981968
261.9400,2.633772
261.9600,3.600000
261.9800,2.967051
262.0000,2.049585
262.0200,1.712438
262.0400,0.968682
262.0600,0.556540
262.0800,0.458364
262.1000,0.309928
262.1200,0.316658
262.1400,0.665356
262.1600,1.641036
262.1800,2.848052
262.2000,3.600000
262.2200,3.600000
262.2400,2.653195
262.2600,1.641993
262.2800,1.004387
262.3000,0.602682
262.3200,0.350363
262.3400,0.315537
262.3600,0.388214
262.3800,0.263658
262.4000,0.169826
262.4200,0.287814
262.4400,0.292937
262.4600,0.295962
262.4800,0.287506
262.5000,0.266193
262.5200,0.242106
262.5400,0.648338
262.5600,1.317494
262.5800,2.500491
262.6000,3.219481
262.6200,2.668131
262.6400,1.702363
262.6600,1.127250
262.6800,0.795075
262.7000,0.496498
262.7200,0.502454
262.7400,0.479415
262.7600,0.330887
262.7800,0.255952
262.8000,0.261721
262.8200,0.320526
262.8400,0.752598
262.8600,1.658727
262.8800,2.754356
262.9000,2.360157
262.9200,2.358256
262.9400,3.012547
262.9600,2.027933
262.9800,1.320856
263.0000,1.413415
263.0200,1.930761
263.0400,3.016011
263.0600,3.600000
263.0800,2.580269
263.1000,3.053979
263.1200,3.600000
263.1400,3.554217
263.1600,0.121502
263.1800,0.207967
263.2000,0.287668
263.2200,0.322659
263.2400,0.434376
263.2600,0.322451
263.2800,0.191508
263.3000,0.370103
263.3200,0.491034
263.3400,0.286772
263.3600,0.156573
263.3800,0.129424
263.4000,0.602763
263.4200,0.665840
263.4400,0.458597
263.4600,0.313532
263.4800,0.189317
263.5000,0.417018
263.5200,0.979519
263.5400,2.187798
263.5600,2.621586
263.5800,3.029943
263.6000,3.392261
263.6200,3.434751
263.6400,3.412903
263.6600,3.131374
263.6800,2.725091
263.7000,2.417244
263.7200,2.089633
263.7400,1.934690
263.7600,1.514930
263.7800,1.493985
263.8000,1.387633
263.8200,1.252771
263.8400,1.023469
263.8600,0.929224
263.8800,1.011710
263.9000,0.808233
263.9200,0.893923
263.9400,1.225567
263.9600,1.162167
263.9800,0.637875
264.0000,0.427369
264.0200,0.688903
264.0400,1.000468
264.0600,1.005873
264.0800,1.182448
264.1000,1.142690
264.1200,0.721011
264.1400,0.626393
264.1600,1.368550
264.1800,1.745875
264.2000,1.857605
264.2200,2.546552
264.2400,3.493201
264.2600,3.600000
264.2800,3.509731
264.3000,3.598702
264.3200,3.078545
264.3400,2.066068
264.3600,1.440673
264.3800,1.112798
264.4000,1.347827
264.4200,1.980052
264.4400,1.969178
264.4600,2.711256
264.4800,3.224543
264.5000,2.608364
264.5200,2.386734
264.5400,2.864350
264.5600,3.121063
264.5800,2.119251
264.6000,2.022284
264.6200,2.945892
264.6400,3.534094
264.6600,3.600000
264.6800,3.600000
264.7000,3.600000
264.7200,3.600000
264.7400,3.600000
264.7600,3.600000
264.7800,3.600000
264.8000,3.600000
264.8200,3.600000
264.8400,3.549155
264.8600,2.878616
264.8800,2.450191
264.9000,1.564347
264.9200,1.132579
264.9400,0.725033
264.9600,0.443269
264.9800,0.561446
265.0000,0.712798
265.0200,1.293111
265.0400,2.751703
265.0600,3.600000
265.0800,3.474404
265.1000,3.074753
265.1200,3.079158
265.1400,2.607218
265.1600,2.495430
265.1800,3.181033
265.2000,3.600000
265.2200,3.600000
265.2400,3.600000
265.2600,3.600000
265.2800,3.600000
265.3000,3.204240
265.3200,2.145089
265.3400,1.163612
265.3600,0.776168
265.3800,0.488752
265.4000,0.327828
265.4200,0.200291
265.4400,0.173001
265.4600,0.353342
265.4800,0.676204
265.5000,1.392305
265.5200,1.071634
265.5400,1.017533
265.5600,0.704329
265.5800,0.421370
265.6000,0.405862
265.6200,0.369460
265.6400,0.306050
265.6600,0.315260
265.6800,0.518761
265.7000,0.677954
265.7200,1.639264
265.7400,1.817334
265.7600,1.290437
265.7800,0.717751
265.8000,0.389290
265.8200,0.258469
265.8400,0.302215
265.8600,0.374392
265.8800,0.397398
265.9000,0.545228
265.9200,0.562308
265.9400,0.496683
265.9600,0.338395
265.9800,0.641016
266.0000,1.818942
266.0200,2.174377
266.0400,1.936499
266.0600,1.144641
266.0800,0.625626
266.1000,0.745775
266.1200,0.551844
266.1400,0.321845
266.1600,0.317166
266.1800,0.252346
266.2000,0.146633
266.2200,0.334678
266.2400,0.643048
266.2600,1.752854
266.2800,2.620077
266.3000,1.701145
266.3200,0.957972
266.3400,0.546973
266.3600,0.491906
266.3800,0.402403
266.4000,0.424057
266.4200,0.667154
266.4400,0.573687
266.4600,0.430683
266.4800,0.426275
266.5000,0.268584
266.5200,0.789901
266.5400,2.419788
266.5600,3.091454
266.5800,2.569593
266.6000,1.438137
266.6200,0.901691
266.6400,0.681869
266.6600,0.476778
266.6800,0.396461
266.7000,0.280141
266.7200,0.289328
266.7400,0.388449
266.7600,0.666121
266.7800,0.916994
266.8000,1.716512
266.8200,2.779550
266.8400,2.734317
266.8600,1.421239
266.8800,0.801003
266.9000,0.678590
266.9200,0.825696
266.9400,0.730316
266.9600,0.644776
266.9800,0.460494
267.0000,0.262396
267.0200,0.190033
267.0400,0.320227
267.0600,0.352132
267.0800,0.981968
267.1000,2.633772
267.1200,3.600000
267.1400,2.967051
267.1600,2.049585
267.1800,1.712438
267.2000,0.968682
267.2200,0.556540
267.2400,0.458364
267.2600,0.309928
267.2800,0.316658
267.3000,0.665356
267.3200,1.641036
267.3400,2.848052
267.3600,3.600000
267.3800,3.600000
267.4000,2.653195
267.4200,1.641993
267.4400,1.004387
267.4600,0.602682
267.4800,0.350363
267.5000,0.315537
267.5200,0.388214
267.5400,0.263658
267.5600,0.169826
267.5800,0.287814
267.6000,0.292937
267.6200,0.295962
267.6400,0.287506
267.6600,0.266193
267.6800,0.242106
267.7000,0.648338
267.7200,1.317494
267.7400,2.500491
267.7600,3.219481
267.7800,2.668131
267.8000,1.702363
267.8200,1.127250
267.8400,0.795075
267.8600,0.496498
267.8800,0.502454
267.9000,0.479415
267.9200,0.330887
267.9400,0.255952
267.9600,0.261721
267.9800,0.320526
268.0000,0.752598
268.0200,1.658727
268.0400,2.754356
268.0600,2.360157
268.0800,2.358256
268.1000,3.012547
268.1200,2.027933
268.1400,1.320856
268.1600,1.413415
268.1800,1.930761
268.2000,3.016011
268.2200,3.600000
268.2400,2.580269
268.2600,3.053979
268.2800,3.600000
268.3000,3.554217
268.3200,0.121502
268.3400,0.207967
268.3600,0.287668
268.3800,0.322659
268.4000,0.434376
268.4200,0.322451
268.4400,0.191508
268.4600,0.370103
268.4800,0.491034
268.5000,0.286772
268.5200,0.156573
268.5400,0.129424
268.5600,0.602763
268.5800,0.665840
268.6000,0.458597
268.6200,0.313532
268.6400,0.189317
268.6600,0.417018
268.6800,0.979519
268.7000,2.187798
268.7200,2.621586
268.7400,3.029943
268.7600,3.392261
268.7800,3.434751
268.8000,3.412903
268.8200,3.131374
268.8400,2.725091
268.8600,2.417244
268.8800,2.089633
268.9000,1.934690
268.9200,1.514930
268.9400,1.493985
268.9600,1.387633
268.9800,1.252771
269.0000,1.023469
269.0200,0.929224
269.0400,1.011710
269.0600,0.808233
269.0800,0.893923
269.1000,1.225567
269.1200,1.162167
269.1400,0.637875
269.1600,0.427369
269.1800,0.688903
269.2000,1.000468
269.2200,1.005873
269.2400,1.182448
269.2600,1.142690
269.2800,0.721011
269.3000,0.626393
269.3200,1.368550
269.3400,1.745875
269.3600,1.857605
269.3800,2.546552
269.4000,3.493201
269.4200,3.600000
269.4400,3.509731
269.4600,3.598702
269.4800,3.078545
269.5000,2.066068
269.5200,1.440673
269.5400,1.112798
269.5600,1.347827
269.5800,1.980052
269.6000,1.969178
269.6200,2.711256
269.6400,3.224543
269.6600,2.608364
269.6800,2.386734
269.7000,2.864350
269.7200,3.121063
269.7400,2.119251
269.7600,2.022284
269.7800,2.945892
269.8000,3.534094
269.8200,3.600000
269.8400,3.600000
269.8600,3.600000
269.8800,3.600000
269.9000,3.600000
269.9200,3.600000
269.9400,3.600000
269.9600,3.600000
269.9800,3.600000
270.0000,3.549155
270.0200,2.878616
270.0400,2.450191
270.0600,1.564347
270.0800,1.132579
270.1000,0.725033
270.1200,0.443269
270.1400,0.561446
270.1600,0.712798
270.1800,1.293111
270.2000,2.751703
270.2200,3.600000
270.2400,3.474404
270.2600,3.074753
270.2800,3.079158
270.3000,2.607218
270.3200,2.495430
270.3400,3.181033
270.3600,3.600000
270.3800,3.600000
270.4000,3.600000
270.4200,3.600000
270.4400,3.600000
270.4600,3.204240
270.4800,2.145089
270.5000,1.163612
270.5200,0.776168
270.5400,0.488752
270.5600,0.327828
270.5800,0.200291
270.6000,0.173001
270.6200,0.353342
270.6400,0.676204
270.6600,1.392305
270.6800,1.071634
270.7000,1.017533
270.7200,0.704329
270.7400,0.421370
270.7600,0.405862
270.7800,0.369460
270.8000,0.306050
270.8200,0.315260
270.8400,0.518761
270.8600,0.677954
270.8800,1.639264
270.9000,1.817334
270.9200,1.290437
270.9400,0.717751
270.9600,0.389290
270.9800,0.258469
271.0000,0.302215
271.0200,0.374392
271.0400,0.397398
271.0600,0.545228
271.0800,0.562308
271.1000,0.496683
271.1200,0.338395
271.1400,0.641016
271.1600,1.818942
271.1800,2.174377
271.2000,1.936499
271.2200,1.144641
271.2400,0.625626
271.2600,0.745775
271.2800,0.551844
271.3000,0.321845
271.3200,0.317166
271.3400,0.252346
271.3600,0.146633
271.3800,0.334678
271.4000,0.643048
271.4200,1.752854
271.4400,2.620077
271.4600,1.701145
271.4800,0.957972
271.5000,0.546973
271.5200,0.491906
271.5400,0.402403
271.5600,0.424057
271.5800,0.667154
271.6000,0.573687
271.6200,0.430683
271.6400,0.426275
271.6600,0.268584
271.6800,0.789901
271.7000,2.419788
271.7200,3.091454
271.7400,2.569593
271.7600,1.438137
271.7800,0.901691
271.8000,0.681869
271.8200,0.476778
271.8400,0.396461
271.8600,0.280141
271.8800,0.289328
271.9000,0.388449
271.9200,0.666121
271.9400,0.916994
271.9600,1.716512
271.9800,2.779550
272.0000,2.734317
272.0200,1.421239
272.0400,0.801003
272.0600,0.678590
272.0800,0.825696
272.1000,0.730316
272.1200,0.644776
272.1400,0.460494
272.1600,0.262396
272.1800,0.190033
272.2000,0.320227
272.2200,0.352132
272.2400,0.981968
272.2600,2.633772
272.2800,3.600000
272.3000,2.967051
272.3200,2.049585
272.3400,1.712438
272.3600,0.968682
272.3800,0.556540
272.4000,0.458364
272.4200,0.309928
272.4400,0.316658
272.4600,0.665356
272.4800,1.641036
272.5000,2.848052
272.5200,3.600000
272.5400,3.600000
272.5600,2.653195
272.5800,1.641993
272.6000,1.004387
272.6200,0.602682
272.6400,0.350363
272.6600,0.315537
272.6800,0.388214
272.7000,0.263658
272.7200,0.169826
272.7400,0.287814
272.7600,0.292937
272.7800,0.295962
272.8000,0.287506
272.8200,0.266193
272.8400,0.242106
272.8600,0.648338
272.8800,1.317494
272.9000,2.500491
272.9200,3.219481
272.9400,2.668131
272.9600,1.702363
272.9800,1.127250
273.0000,0.795075
273.0200,0.496498
273.0400,0.502454
273.0600,0.479415
273.0800,0.330887
273.1000,0.255952
273.1200,0.261721
273.1400,0.320526
273.1600,0.752598
273.1800,1.658727
273.2000,2.754356
273.2200,2.360157
273.2400,2.358256
273.2600,3.012547
273.2800,2.027933
273.3000,1.320856
273.3200,1.413415
273.3400,1.930761
273.3600,3.016011
273.3800,3.600000
273.4000,2.580269
273.4200,3.053979
273.4400,3.600000
273.4600,3.554217
273.4800,0.121502
273.5000,0.207967
273.5200,0.287668
273.5400,0.322659
273.5600,0.434376
273.5800,0.322451
273.6000,0.191508
273.6200,0.370103
273.6400,0.491034
273.6600,0.286772
273.6800,0.156573
273.7000,0.129424
273.7200,0.602763
273.7400,0.665840
273.7600,0.458597
273.7800,0.313532
273.8000,0.189317
273.8200,0.417018
273.8400,0.979519
273.8600,2.187798
273.8800,2.621586
273.9000,3.029943
273.9200,3.392261
273.9400,3.434751
273.9600,3.412903
273.9800,3.131374
274.0000,2.725091
274.0200,2.417244
274.0400,2.089633
274.0600,1.934690
274.0800,1.514930
274.1000,1.493985
274.1200,1.387633
274.1400,1.252771
274.1600,1.023469
274.1800,0.929224
274.2000,1.011710
274.2200,0.808233
274.2400,0.893923
274.2600,1.225567
274.2800,1.162167
274.3000,0.637875
274.3200,0.427369
274.3400,0.688903
274.3600,1.000468
274.3800,1.005873
274.4000,1.182448
274.4200,1.142690
274.4400,0.721011
274.4600,0.626393
274.4800,1.368550
274.5000,1.745875
274.5200,1.857605
274.5400,2.546552
274.5600,3.493201
274.5800,3.600000
274.6000,3.509731
274.6200,3.598702
274.6400,3.078545
274.6600,2.066068
274.6800,1.440673
274.7000,1.112798
274.7200,1.347827
274.7400,1.980052
274.7600,1.969178
274.7800,2.711256
274.8000,3.224543
274.8200,2.608364
274.8400,2.386734
274.8600,2.864350
274.8800,3.121063
274.9000,2.119251
274.9200,2.022284
274.9400,2.945892
274.9600,3.534094
274.9800,3.600000
275.0000,3.600000
275.0200,3.600000
275.0400,3.600000
275.0600,3.600000
275.0800,3.600000
275.1000,3.600000
275.1200,3.600000
275.1400,3.600000
275.1600,3.549155
275.1800,2.878616
275.2000,2.450191
275.2200,1.564347
275.2400,1.132579
275.2600,0.725033
275.2800,0.443269
275.3000,0.561446
275.3200,0.712798
275.3400,1.293111
275.3600,2.751703
275.3800,3.600000
275.4000,3.474404
275.4200,3.074753
275.4400,3.079158
275.4600,2.607218
275.4800,2.495430
275.5000,3.181033
275.5200,3.600000
275.5400,3.600000
275.5600,3.600000
275.5800,3.600000
275.6000,3.600000
275.6200,3.204240
275.6400,2.145089
275.6600,1.163612
275.6800,0.776168
275.7000,0.488752
275.7200,0.327828
275.7400,0.200291
275.7600,0.173001
275.7800,0.353342
275.8000,0.676204
275.8200,1.392305
275.8400,1.071634
275.8600,1.017533
275.8800,0.704329
275.9000,0.421370
275.9200,0.405862
275.9400,0.369460
275.9600,0.306050
275.9800,0.315260
276.0000,0.518761
276.0200,0.677954
276.0400,1.639264
276.0600,1.817334
276.0800,1.290437
276.1000,0.717751
276.1200,0.389290
276.1400,0.258469
276.1600,0.302215
276.1800,0.374392
276.2000,0.397398
276.2200,0.545228
276.2400,0.562308
276.2600,0.496683
276.2800,0.338395
276.3000,0.641016
276.3200,1.818942
276.3400,2.174377
276.3600,1.936499
276.3800,1.144641
276.4000,0.625626
276.4200,0.745775
276.4400,0.551844
276.4600,0.321845
276.4800,0.317166
276.5000,0.252346
276.5200,0.146633
276.5400,0.334678
276.5600,0.643048
276.5800,1.752854
276.6000,2.620077
276.6200,1.701145
276.6400,0.957972
276.6600,0.546973
276.6800,0.491906
276.7000,0.402403
276.7200,0.424057
276.7400,0.667154
276.7600,0.573687
276.7800,0.430683
276.8000,0.426275
276.8200,0.268584
276.8400,0.789901
276.8600,2.419788
276.8800,3.091454
276.9000,2.569593
276.9200,1.438137
276.9400,0.901691
276.9600,0.681869
276.9800,0.476778
277.0000,0.396461
277.0200,0.280141
277.0400,0.289328
277.0600,0.388449
277.0800,0.666121
277.1000,0.916994
277.1200,1.716512
277.1400,2.779550
277.1600,2.734317
277.1800,1.421239
277.2000,0.801003
277.2200,0.678590
277.2400,0.825696
277.2600,0.730316
277.2800,0.644776
277.3000,0.460494
277.3200,0.262396
277.3400,0.190033
277.3600,0.320227
277.3800,0.352132
277.4000,0.981968
277.4200,2.633772
277.4400,3.600000
277.4600,2.967051
277.4800,2.049585
277.5000,1.712438
277.5200,0.968682
277.5400,0.556540
277.5600,0.458364
277.5800,0.309928
277.6000,0.316658
277.6200,0.665356
277.6400,1.641036
277.6600,2.848052
277.6800,3.600000
277.7000,3.600000
277.7200,2.653195
277.7400,1.641993
277.7600,1.004387
277.7800,0.602682
277.8000,0.350363
277.8200,0.315537
277.8400,0.388214
277.8600,0.263658
277.8800,0.169826
277.9000,0.287814
277.9200,0.292937
277.9400,0.295962
277.9600,0.287506
277.9800,0.266193
278.0000,0.242106
278.0200,0.648338
278.0400,1.317494
278.0600,2.500491
278.0800,3.219481
278.1000,2.668131
278.1200,1.702363
278.1400,1.127250
278.1600,0.795075
278.1800,0.496498
278.2000,0.502454
278.2200,0.479415
278.2400,0.330887
278.2600,0.255952
278.2800,0.261721
278.3000,0.320526
278.3200,0.752598
278.3400,1.658727
278.3600,2.754356
278.3800,2.360157
278.4000,2.358256
278.4200,3.012547
278.4400,2.027933
278.4600,1.320856
278.4800,1.413415
278.5000,1.930761
278.5200,3.016011
278.5400,3.600000
278.5600,2.580269
278.5800,3.053979
278.6000,3.600000
278.6200,3.554217
278.6400,0.121502
278.6600,0.207967
278.6800,0.287668
278.7000,0.322659
278.7200,0.434376
278.7400,0.322451
278.7600,0.191508
278.7800,0.370103
278.8000,0.491034
278.8200,0.286772
278.8400,0.156573
278.8600,0.129424
278.8800,0.602763
278.9000,0.665840
278.9200,0.458597
278.9400,0.313532
278.9600,0.189317
278.9800,0.417018
279.0000,0.979519
279.0200,2.187798
279.0400,2.621586
279.0600,3.029943
279.0800,3.392261
279.1000,3.434751
279.1200,3.412903
279.1400,3.131374
279.1600,2.725091
279.1800,2.417244
279.2000,2.089633
279.2200,1.934690
279.2400,1.514930
279.2600,1.493985
279.2800,1.387633
279.3000,1.252771
279.3200,1.023469
279.3400,0.929224
279.3600,1.011710
279.3800,0.808233
279.4000,0.893923
279.4200,1.225567
279.4400,1.162167
279.4600,0.637875
279.4800,0.427369
279.5000,0.688903
279.5200,1.000468
279.5400,1.005873
279.5600,1.182448
279.5800,1.142690
279.6000,0.721011
279.6200,0.626393
279.6400,1.368550
279.6600,1.745875
279.6800,1.857605
279.7000,2.546552
279.7200,3.493201
279.7400,3.600000
279.7600,3.509731
279.7800,3.598702
279.8000,3.078545
279.8200,2.066068
279.8400,1.440673
279.8600,1.112798
279.8800,1.347827
279.9000,1.980052
279.9200,1.969178
279.9400,2.711256
279.9600,3.224543
279.9800,2.608364
280.0000,2.386734
280.0200,2.864350
280.0400,3.121063
280.0600,2.119251
280.0800,2.022284
280.1000,2.945892
280.1200,3.534094
280.1400,3.600000
280.1600,3.600000
280.1800,3.600000
280.2000,3.600000
280.2200,3.600000
280.2400,3.600000
280.2600,3.600000
280.2800,3.600000
280.3000,3.600000
280.3200,3.549155
280.3400,2.878616
280.3600,2.450191
280.3800,1.564347
280.4000,1.132579
280.4200,0.725033
280.4400,0.443269
280.4600,0.561446
280.4800,0.712798
280.5000,1.293111
280.5200,2.751703
280.5400,3.600000
280.5600,3.474404
280.5800,3.074753
280.6000,3.079158
280.6200,2.607218
280.6400,2.495430
280.6600,3.181033
280.6800,3.600000
280.7000,3.600000
280.7200,3.600000
280.7400,3.600000
280.7600,3.600000
280.7800,3.204240
280.8000,2.145089
280.8200,1.163612
280.8400,0.776168
280.8600,0.488752
280.8800,0.327828
280.9000,0.200291
280.9200,0.173001
280.9400,0.353342
280.9600,0.676204
280.9800,1.392305
281.0000,1.071634
281.0200,1.017533
281.0400,0.704329
281.0600,0.421370
281.0800,0.405862
281.1000,0.369460
281.1200,0.306050
281.1400,0.315260
281.1600,0.518761
281.1800,0.677954
281.2000,1.639264
281.2200,1.817334
281.2400,1.290437
281.2600,0.717751
281.2800,0.389290
281.3000,0.258469
281.3200,0.302215
281.3400,0.374392
281.3600,0.397398
281.3800,0.545228
281.4000,0.562308
281.4200,0.496683
281.4400,0.338395
281.4600,0.641016
281.4800,1.818942
281.5000,2.174377
281.5200,1.936499
281.5400,1.144641
281.5600,0.625626
281.5800,0.745775
281.6000,0.551844
281.6200,0.321845
281.6400,0.317166
281.6600,0.252346
281.6800,0.146633
281.7000,0.334678
281.7200,0.643048
281.7400,1.752854
281.7600,2.620077
281.7800,1.701145
281.8000,0.957972
281.8200,0.546973
281.8400,0.491906
281.8600,0.402403
281.8800,0.424057
281.9000,0.667154
281.9200,0.573687
281.9400,0.430683
281.9600,0.426275
281.9800,0.268584
282.0000,0.789901
282.0200,2.419788
282.0400,3.091454
282.0600,2.569593
282.0800,1.438137
282.1000,0.901691
282.1200,0.681869
282.1400,0.476778
282.1600,0.396461
282.1800,0.280141
282.2000,0.289328
282.2200,0.388449
282.2400,0.666121
282.2600,0.916994
282.2800,1.716512
282.3000,2.779550
282.3200,2.734317
282.3400,1.421239
282.3600,0.801003
282.3800,0.678590
282.4000,0.825696
282.4200,0.730316
282.4400,0.644776
282.4600,0.460494
282.4800,0.262396
282.5000,0.190033
282.5200,0.320227
282.5400,0.352132
282.5600,0.981968
282.5800,2.633772
282.6000,3.600000
282.6200,2.967051
282.6400,2.049585
282.6600,1.712438
282.6800,0.968682
282.7000,0.556540
282.7200,0.458364
282.7400,0.309928
282.7600,0.316658
282.7800,0.665356
282.8000,1.641036
282.8200,2.848052
282.8400,3.600000
282.8600,3.600000
282.8800,2.653195
282.9000,1.641993
282.9200,1.004387
282.9400,0.602682
282.9600,0.350363
282.9800,0.315537
283.0000,0.388214
283.0200,0.263658
283.0400,0.169826
283.0600,0.287814
283.0800,0.292937
283.1000,0.295962
283.1200,0.287506
283.1400,0.266193
283.1600,0.242106
283.1800,0.648338
283.2000,1.317494
283.2200,2.500491
283.2400,3.219481
283.2600,2.668131
283.2800,1.702363
283.3000,1.127250
283.3200,0.795075
283.3400,0.496498
283.3600,0.502454
283.3800,0.479415
283.4000,0.330887
283.4200,0.255952
283.4400,0.261721
283.4600,0.320526
283.4800,0.752598
283.5000,1.658727
283.5200,2.754356
283.5400,2.360157
283.5600,2.358256
283.5800,3.012547
283.6000,2.027933
283.6200,1.320856
283.6400,1.413415
283.6600,1.930761
283.6800,3.016011
283.7000,3.600000
283.7200,2.580269
283.7400,3.053979
283.7600,3.600000
283.7800,3.554217
283.8000,0.121502
283.8200,0.207967
283.8400,0.287668
283.8600,0.322659
283.8800,0.434376
283.9000,0.322451
283.9200,0.191508
283.9400,0.370103
283.9600,0.491034
283.9800,0.286772
284.0000,0.156573
284.0200,0.129424
284.0400,0.602763
284.0600,0.665840
284.0800,0.458597
284.1000,0.313532
284.1200,0.189317
284.1400,0.417018
284.1600,0.979519
284.1800,2.187798
284.2000,2.621586
284.2200,3.029943
284.2400,3.392261
284.2600,3.434751
284.2800,3.412903
284.3000,3.131374
284.3200,2.725091
284.3400,2.417244
284.3600,2.089633
284.3800,1.934690
284.4000,1.514930
284.4200,1.493985
284.4400,1.387633
284.4600,1.252771
284.4800,1.023469
284.5000,0.929224
284.5200,1.011710
284.5400,0.808233
284.5600,0.893923
284.5800,1.225567
284.6000,1.162167
284.6200,0.637875
284.6400,0.427369
284.6600,0.688903
284.6800,1.000468
284.7000,1.005873
284.7200,1.182448
284.7400,1.142690
284.7600,0.721011
284.7800,0.626393
284.8000,1.368550
284.8200,1.745875
284.8400,1.857605
284.8600,2.546552
284.8800,3.493201
284.9000,3.600000
284.9200,3.509731
284.9400,3.598702
284.9600,3.078545
284.9800,2.066068
285.0000,1.440673
285.0200,1.112798
285.0400,1.347827
285.0600,1.980052
285.0800,1.969178
285.1000,2.711256
285.1200,3.224543
285.1400,2.608364
285.1600,2.386734
285.1800,2.864350
285.2000,3.121063
285.2200,2.119251
285.2400,2.022284
285.2600,2.945892
285.2800,3.534094
285.3000,3.600000
285.3200,3.600000
285.3400,3.600000
285.3600,3.600000
285.3800,3.600000
285.4000,3.600000
285.4200,3.600000
285.4400,3.600000
285.4600,3.600000
285.4800,3.549155
285.5000,2.878616
285.5200,2.450191
285.5400,1.564347
285.5600,1.132579
285.5800,0.725033
285.6000,0.443269
285.6200,0.561446
285.6400,0.712798
285.6600,1.293111
285.6800,2.751703
285.7000,3.600000
285.7200,3.474404
285.7400,3.074753
285.7600,3.079158
285.7800,2.607218
285.8000,2.495430
285.8200,3.181033
285.8400,3.600000
285.8600,3.600000
285.8800,3.600000
285.9000,3.600000
285.9200,3.600000
285.9400,3.204240
285.9600,2.145089
285.9800,1.163612
286.0000,0.776168
286.0200,0.488752
286.0400,0.327828
286.0600,0.200291
286.0800,0.173001
286.1000,0.353342
286.1200,0.676204
286.1400,1.392305
286.1600,1.071634
286.1800,1.017533
286.2000,0.704329
286.2200,0.421370
286.2400,0.405862
286.2600,0.369460
286.2800,0.306050
286.3000,0.315260
286.3200,0.518761
286.3400,0.677954
286.3600,1.639264
286.3800,1.817334
286.4000,1.290437
286.4200,0.717751
286.4400,0.389290
286.4600,0.258469
286.4800,0.302215
286.5000,0.374392
286.5200,0.397398
286.5400,0.545228
286.5600,0.562308
286.5800,0.496683
286.6000,0.338395
286.6200,0.641016
286.6400,1.818942
286.6600,2.174377
286.6800,1.936499
286.7000,1.144641
286.7200,0.625626
286.7400,0.745775
286.7600,0.551844
286.7800,0.321845
286.8000,0.317166
286.8200,0.252346
286.8400,0.146633
286.8600,0.334678
286.8800,0.643048
286.9000,1.752854
286.9200,2.620077
286.9400,1.701145
286.9600,0.957972
286.9800,0.546973
287.0000,0.491906
287.0200,0.402403
287.0400,0.424057
287.0600,0.667154
287.0800,0.573687
287.1000,0.430683
287.1200,0.426275
287.1400,0.268584
287.1600,0.789901
287.1800,2.419788
287.2000,3.091454
287.2200,2.569593
287.2400,1.438137
287.2600,0.901691
287.2800,0.681869
287.3000,0.476778
287.3200,0.396461
287.3400,0.280141
287.3600,0.289328
287.3800,0.388449
287.4000,0.666121
287.4200,0.916994
287.4400,1.716512
287.4600,2.779550
287.4800,2.734317
287.5000,1.421239
287.5200,0.801003
287.5400,0.678590
287.5600,0.825696
287.5800,0.730316
287.6000,0.644776
287.6200,0.460494
287.6400,0.262396
287.6600,0.190033
287.6800,0.320227
287.7000,0.352132
287.7200,0.981968
287.7400,2.633772
287.7600,3.600000
287.7800,2.967051
287.8000,2.049585
287.8200,1.712438
287.8400,0.968682
287.8600,0.556540
287.8800,0.458364
287.9000,0.309928
287.9200,0.316658
287.9400,0.665356
287.9600,1.641036
287.9800,2.848052
288.0000,3.600000
288.0200,3.600000
288.0400,2.653195
288.0600,1.641993
288.0800,1.004387
288.1000,0.602682
288.1200,0.350363
288.1400,0.315537
288.1600,0.388214
288.1800,0.263658
288.2000,0.169826
288.2200,0.287814
288.2400,0.292937
288.2600,0.295962
288.2800,0.287506
288.3000,0.266193
288.3200,0.242106
288.3400,0.648338
288.3600,1.317494
288.3800,2.500491
288.4000,3.219481
288.4200,2.668131
288.4400,1.702363
288.4600,1.127250
288.4800,0.795075
288.5000,0.496498
288.5200,0.502454
288.5400,0.479415
288.5600,0.330887
288.5800,0.255952
288.6000,0.261721
288.6200,0.320526
288.6400,0.752598
288.6600,1.658727
288.6800,2.754356
288.7000,2.360157
288.7200,2.358256
288.7400,3.012547
288.7600,2.027933
288.7800,1.320856
288.8000,1.413415
288.8200,1.930761
288.8400,3.016011
288.8600,3.600000
288.8800,2.580269
288.9000,3.053979
288.9200,3.600000
288.9400,3.554217
288.9600,0.121502
288.9800,0.207967
289.0000,0.287668
289.0200,0.322659
289.0400,0.434376
289.0600,0.322451
289.0800,0.191508
289.1000,0.370103
289.1200,0.491034
289.1400,0.286772
289.1600,0.156573
289.1800,0.129424
289.2000,0.602763
289.2200,0.665840
289.2400,0.458597
289.2600,0.313532
289.2800,0.189317
289.3000,0.417018
289.3200,0.979519
289.3400,2.187798
289.3600,2.621586
289.3800,3.029943
289.4000,3.392261
289.4200,3.434751
289.4400,3.412903
289.4600,3.131374
289.4800,2.725091
289.5000,2.417244
289.5200,2.089633
289.5400,1.934690
289.5600,1.514930
289.5800,1.493985
289.6000,1.387633
289.6200,1.252771
289.6400,1.023469
289.6600,0.929224
289.6800,1.011710
289.7000,0.808233
289.7200,0.893923
289.7400,1.225567
289.7600,1.162167
289.7800,0.637875
289.8000,0.427369
289.8200,0.688903
289.8400,1.000468
289.8600,1.005873
289.8800,1.182448
289.9000,1.142690
289.9200,0.721011
289.9400,0.626393
289.9600,1.368550
289.9800,1.745875
290.0000,1.857605
290.0200,2.546552
290.0400,3.493201
290.0600,3.600000
290.0800,3.509731
290.1000,3.598702
290.1200,3.078545
290.1400,2.066068
290.1600,1.440673
290.1800,1.112798
290.2000,1.347827
290.2200,1.980052
290.2400,1.969178
290.2600,2.711256
290.2800,3.224543
290.3000,2.608364
290.3200,2.386734
290.3400,2.864350
290.3600,3.121063
290.3800,2.119251
290.4000,2.022284
290.4200,2.945892
290.4400,3.534094
290.4600,3.600000
290.4800,3.600000
290.5000,3.600000
290.5200,3.600000
290.5400,3.600000
290.5600,3.600000
290.5800,3.600000
290.6000,3.600000
290.6200,3.600000
290.6400,3.549155
290.6600,2.878616
290.6800,2.450191
290.7000,1.564347
290.7200,1.132579
290.7400,0.725033
290.7600,0.443269
290.7800,0.561446
290.8000,0.712798
290.8200,1.293111
290.8400,2.751703
290.8600,3.600000
290.8800,3.474404
290.9000,3.074753
290.9200,3.079158
290.9400,2.607218
290.9600,2.495430
290.9800,3.181033
291.0000,3.600000
291.0200,3.600000
291.0400,3.600000
291.0600,3.600000
291.0800,3.600000
291.1000,3.204240
291.1200,2.145089
291.1400,1.163612
291.1600,0.776168
291.1800,0.488752
291.2000,0.327828
291.2200,0.200291
291.2400,0.173001
291.2600,0.353342
291.2800,0.676204
291.3000,1.392305
291.3200,1.071634
291.3400,1.017533
291.3600,0.704329
291.3800,0.421370
291.4000,0.405862
291.4200,0.369460
291.4400,0.306050
291.4600,0.315260
291.4800,0.518761
291.5000,0.677954
291.5200,1.639264
291.5400,1.817334
291.5600,1.290437
291.5800,0.717751
291.6000,0.389290
291.6200,0.258469
291.6400,0.302215
291.6600,0.374392
291.6800,0.397398
291.7000,0.545228
291.7200,0.562308
291.7400,0.496683
291.7600,0.338395
291.7800,0.641016
291.8000,1.818942
291.8200,2.174377
291.8400,1.936499
291.8600,1.144641
291.8800,0.625626
291.9000,0.745775
291.9200,0.551844
291.9400,0.321845
291.9600,0.317166
291.9800,0.252346
292.0000,0.146633
292.0200,0.334678
292.0400,0.643048
292.0600,1.752854
292.0800,2.620077
292.1000,1.701145
292.1200,0.957972
292.1400,0.546973
292.1600,0.491906
292.1800,0.402403
292.2000,0.424057
292.2200,0.667154
292.2400,0.573687
292.2600,0.430683
292.2800,0.426275
292.3000,0.268584
292.3200,0.789901
292.3400,2.419788
292.3600,3.091454
292.3800,2.569593
292.4000,1.438137
292.4200,0.901691
292.4400,0.681869
292.4600,0.476778
292.4800,0.396461
292.5000,0.280141
292.5200,0.289328
292.5400,0.388449
292.5600,0.666121
292.5800,0.916994
292.6000,1.716512
292.6200,2.779550
292.6400,2.734317
292.6600,1.421239
292.6800,0.801003
292.7000,0.678590
292.7200,0.825696
292.7400,0.730316
292.7600,0.644776
292.7800,0.460494
292.8000,0.262396
292.8200,0.190033
292.8400,0.320227
292.8600,0.352132
292.8800,0.981968
292.9000,2.633772
292.9200,3.600000
292.9400,2.967051
292.9600,2.049585
292.9800,1.712438
293.0000,0.968682
293.0200,0.556540
293.0400,0.458364
293.0600,0.309928
293.0800,0.316658
293.1000,0.665356
293.1200,1.641036
293.1400,2.848052
293.1600,3.600000
293.1800,3.600000
293.2000,2.653195
293.2200,1.641993
293.2400,1.004387
293.2600,0.602682
293.2800,0.350363
293.3000,0.315537
293.3200,0.388214
293.3400,0.263658
293.3600,0.169826
293.3800,0.287814
293.4000,0.292937
293.4200,0.295962
293.4400,0.287506
293.4600,0.266193
293.4800,0.242106
293.5000,0.648338
293.5200,1.317494
293.5400,2.500491
293.5600,3.219481
293.5800,2.668131
293.6000,1.702363
293.6200,1.127250
293.6400,0.795075
293.6600,0.496498
293.6800,0.502454
293.7000,0.479415
293.7200,0.330887
293.7400,0.255952
293.7600,0.261721
293.7800,0.320526
293.8000,0.752598
293.8200,1.658727
293.8400,2.754356
293.8600,2.360157
293.8800,2.358256
293.9000,3.012547
293.9200,2.027933
293.9400,1.320856
293.9600,1.413415
293.9800,1.930761
294.0000,3.016011
294.0200,3.600000
294.0400,2.580269
294.0600,3.053979
294.0800,3.600000
294.1000,3.554217
294.1200,0.121502
294.1400,0.207967
294.1600,0.287668
294.1800,0.322659
294.2000,0.434376
294.2200,0.322451
294.2400,0.191508
294.2600,0.370103
294.2800,0.491034
294.3000,0.286772
294.3200,0.156573
294.3400,0.129424
294.3600,0.602763
294.3800,0.665840
294.4000,0.458597
294.4200,0.313532
294.4400,0.189317
294.4600,0.417018
294.4800,0.979519
294.5000,2.187798
294.5200,2.621586
294.5400,3.029943
294.5600,3.392261
294.5800,3.434751
294.6000,3.412903
294.6200,3.131374
294.6400,2.725091
294.6600,2.417244
294.6800,2.089633
294.7000,1.934690
294.7200,1.514930
294.7400,1.493985
294.7600,1.387633
294.7800,1.252771
294.8000,1.023469
294.8200,0.929224
294.8400,1.011710
294.8600,0.808233
294.8800,0.893923
294.9000,1.225567
294.9200,1.162167
294.9400,0.637875
294.9600,0.427369
294.9800,0.688903
295.0000,1.000468
295.0200,1.005873
295.0400,1.182448
295.0600,1.142690
295.0800,0.721011
295.1000,0.626393
295.1200,1.368550
295.1400,1.745875
295.1600,1.857605
295.1800,2.546552
295.2000,3.493201
295.2200,3.600000
295.2400,3.509731
295.2600,3.598702
295.2800,3.078545
295.3000,2.066068
295.3200,1.440673
295.3400,1.112798
295.3600,1.347827
295.3800,1.980052
295.4000,1.969178
295.4200,2.711256
295.4400,3.224543
295.4600,2.608364
295.4800,2.386734
295.5000,2.864350
295.5200,3.121063
295.5400,2.119251
295.5600,2.022284
295.5800,2.945892
295.6000,3.534094
295.6200,3.600000
295.6400,3.600000
295.6600,3.600000
295.6800,3.600000
295.7000,3.600000
295.7200,3.600000
295.7400,3.600000
295.7600,3.600000
295.7800,3.600000
295.8000,3.549155
295.8200,2.878616
295.8400,2.450191
295.8600,1.564347
295.8800,1.132579
295.9000,0.725033
295.9200,0.443269
295.9400,0.561446
295.9600,0.712798
295.9800,1.293111
296.0000,2.751703
296.0200,3.600000
296.0400,3.474404
296.0600,3.074753
296.0800,3.079158
296.1000,2.607218
296.1200,2.495430
296.1400,3.181033
296.1600,3.600000
296.1800,3.600000
296.2000,3.600000
296.2200,3.600000
296.2400,3.600000
296.2600,3.204240
296.2800,2.145089
296.3000,1.163612
296.3200,0.776168
296.3400,0.488752
296.3600,0.327828
296.3800,0.200291
296.4000,0.173001
296.4200,0.353342
296.4400,0.676204
296.4600,1.392305
296.4800,1.071634
296.5000,1.017533
296.5200,0.704329
296.5400,0.421370
296.5600,0.405862
296.5800,0.369460
296.6000,0.306050
296.6200,0.315260
296.6400,0.518761
296.6600,0.677954
296.6800,1.639264
296.7000,1.817334
296.7200,1.290437
296.7400,0.717751
296.7600,0.389290
296.7800,0.258469
296.8000,0.302215
296.8200,0.374392
296.8400,0.397398
296.8600,0.545228
296.8800,0.562308
296.9000,0.496683
296.9200,0.338395
296.9400,0.641016
296.9600,1.818942
296.9800,2.174377
297.0000,1.936499
297.0200,1.144641
297.0400,0.625626
297.0600,0.745775
297.0800,0.551844
297.1000,0.321845
297.1200,0.317166
297.1400,0.252346
297.1600,0.146633
297.1800,0.334678
297.2000,0.643048
297.2200,1.752854
297.2400,2.620077
297.2600,1.701145
297.2800,0.957972
297.3000,0.546973
297.3200,0.491906
297.3400,0.402403
297.3600,0.424057
297.3800,0.667154
297.4000,0.573687
297.4200,0.430683
297.4400,0.426275
297.4600,0.268584
297.4800,0.789901
297.5000,2.419788
297.5200,3.091454
297.5400,2.569593
297.5600,1.438137
297.5800,0.901691
297.6000,0.681869
297.6200,0.476778
297.6400,0.396461
297.6600,0.280141
297.6800,0.289328
297.7000,0.388449
297.7200,0.666121
297.7400,0.916994
297.7600,1.716512
297.7800,2.779550
297.8000,2.734317
297.8200,1.421239
297.8400,0.801003
297.8600,0.678590
297.8800,0.825696
297.9000,0.730316
297.9200,0.644776
297.9400,0.460494
297.9600,0.262396
297.9800,0.190033
298.0000,0.320227
298.0200,0.352132
298.0400,0.981968
298.0600,2.633772
298.0800,3.600000
298.1000,2.967051
298.1200,2.049585
298.1400,1.712438
298.1600,0.968682
298.1800,0.556540
298.2000,0.458364
298.2200,0.309928
298.2400,0.316658
298.2600,0.665356
298.2800,1.641036
298.3000,2.848052
298.3200,3.600000
298.3400,3.600000
298.3600,2.653195
298.3800,1.641993
298.4000,1.004387
298.4200,0.602682
298.4400,0.350363
298.4600,0.315537
298.4800,0.388214
298.5000,0.263658
298.5200,0.169826
298.5400,0.287814
298.5600,0.292937
298.5800,0.295962
298.6000,0.287506
298.6200,0.266193
298.6400,0.242106
298.6600,0.648338
298.6800,1.317494
298.7000,2.500491
298.7200,3.219481
298.7400,2.668131
298.7600,1.702363
298.7800,1.127250
298.8000,0.795075
298.8200,0.496498
298.8400,0.502454
298.8600,0.479415
298.8800,0.330887
298.9000,0.255952
298.9200,0.261721
298.9400,0.320526
298.9600,0.752598
298.9800,1.658727
299.0000,2.754356
299.0200,2.360157
299.0400,2.358256
299.0600,3.012547
299.0800,2.027933
299.1000,1.320856
299.1200,1.413415
299.1400,1.930761
299.1600,3.016011
299.1800,3.600000
299.2000,2.580269
299.2200,3.053979
299.2400,3.600000
299.2600,3.554217
299.2800,0.121502
299.3000,0.207967
299.3200,0.287668
299.3400,0.322659
299.3600,0.434376
299.3800,0.322451
299.4000,0.191508
299.4200,0.370103
299.4400,0.491034
299.4600,0.286772
299.4800,0.156573
299.5000,0.129424
299.5200,0.602763
299.5400,0.665840
299.5600,0.458597
299.5800,0.313532
299.6000,0.189317
299.6200,0.417018
299.6400,0.979519
299.6600,2.187798
299.6800,2.621586
299.7000,3.029943
299.7200,3.392261
299.7400,3.434751
299.7600,3.412903
299.7800,3.131374
299.8000,2.725091
299.8200,2.417244
299.8400,2.089633
299.8600,1.934690
299.8800,1.514930
299.9000,1.493985
299.9200,1.387633
299.9400,1.252771
299.9600,1.023469
299.9800,0.929224
300.0000,1.011710
300.0200,0.808233
300.0400,0.893923
300.0600,1.225567
300.0800,1.162167
300.1000,0.637875
300.1200,0.427369
300.1400,0.688903
300.1600,1.000468
300.1800,1.005873
300.2000,1.182448
300.2200,1.142690
300.2400,0.721011
300.2600,0.626393
300.2800,1.368550
300.3000,1.745875
300.3200,1.857605
300.3400,2.546552
300.3600,3.493201
300.3800,3.600000
300.4000,3.509731
300.4200,3.598702
300.4400,3.078545
300.4600,2.066068
300.4800,1.440673
300.5000,1.112798
300.5200,1.347827
300.5400,1.980052
300.5600,1.969178
300.5800,2.711256
300.6000,3.224543
300.6200,2.608364
300.6400,2.386734
300.6600,2.864350
300.6800,3.121063
300.7000,2.119251
300.7200,2.022284
300.7400,2.945892
300.7600,3.534094
300.7800,3.600000
300.8000,3.600000
300.8200,3.600000
300.8400,3.600000
300.8600,3.600000
300.8800,3.600000
300.9000,3.600000
300.9200,3.600000
300.9400,3.600000
300.9600,3.549155
300.9800,2.878616
301.0000,2.450191
301.0200,1.564347
301.0400,1.132579
301.0600,0.725033
301.0800,0.443269
301.1000,0.561446
301.1200,0.712798
301.1400,1.293111
301.1600,2.751703
301.1800,3.600000
301.2000,3.474404
301.2200,3.074753
301.2400,3.079158
301.2600,2.607218
301.2800,2.495430
301.3000,3.181033
301.3200,3.600000
301.3400,3.600000
301.3600,3.600000
301.3800,3.600000
301.4000,3.600000
301.4200,3.204240
301.4400,2.145089
301.4600,1.163612
301.4800,0.776168
301.5000,0.488752
301.5200,0.327828
301.5400,0.200291
301.5600,0.173001
301.5800,0.353342
301.6000,0.676204
301.6200,1.392305
301.6400,1.071634
301.6600,1.017533
301.6800,0.704329
301.7000,0.421370
301.7200,0.405862
301.7400,0.369460
301.7600,0.306050
301.7800,0.315260
301.8000,0.518761
301.8200,0.677954
301.8400,1.639264
301.8600,1.817334
301.8800,1.290437
301.9000,0.717751
301.9200,0.389290
301.9400,0.258469
301.9600,0.302215
301.9800,0.374392
302.0000,0.397398
302.0200,0.545228
302.0400,0.562308
302.0600,0.496683
302.0800,0.338395
302.1000,0.641016
302.1200,1.818942
302.1400,2.174377
302.1600,1.936499
302.1800,1.144641
302.2000,0.625626
302.2200,0.745775
302.2400,0.551844
302.2600,0.321845
302.2800,0.317166
302.3000,0.252346
302.3200,0.146633
302.3400,0.334678
302.3600,0.643048
302.3800,1.752854
302.4000,2.620077
302.4200,1.701145
302.4400,0.957972
302.4600,0.546973
302.4800,0.491906
302.5000,0.402403
302.5200,0.424057
302.5400,0.667154
302.5600,0.573687
302.5800,0.430683
302.6000,0.426275
302.6200,0.268584
302.6400,0.789901
302.6600,2.419788
302.6800,3.091454
302.7000,2.569593
302.7200,1.438137
302.7400,0.901691
302.7600,0.681869
302.7800,0.476778
302.8000,0.396461
302.8200,0.280141
302.8400,0.289328
302.8600,0.388449
302.8800,0.666121
302.9000,0.916994
302.9200,1.716512
302.9400,2.779550
302.9600,2.734317
302.9800,1.421239
303.0000,0.801003
303.0200,0.678590
303.0400,0.825696
303.0600,0.730316
303.0800,0.644776
303.1000,0.460494
303.1200,0.262396
303.1400,0.190033
303.1600,0.320227
303.1800,0.352132
303.2000,0.981968
303.2200,2.633772
303.2400,3.600000
303.2600,2.967051
303.2800,2.049585
303.3000,1.712438
303.3200,0.968682
303.3400,0.556540
303.3600,0.458364
303.3800,0.309928
303.4000,0.316658
303.4200,0.665356
303.4400,1.641036
303.4600,2.848052
303.4800,3.600000
303.5000,3.600000
303.5200,2.653195
303.5400,1.641993
303.5600,1.004387
303.5800,0.602682
303.6000,0.350363
303.6200,0.315537
303.6400,0.388214
303.6600,0.263658
303.6800,0.169826
303.7000,0.287814
303.7200,0.292937
303.7400,0.295962
303.7600,0.287506
303.7800,0.266193
303.8000,0.242106
303.8200,0.648338
303.8400,1.317494
303.8600,2.500491
303.8800,3.219481
303.9000,2.668131
303.9200,1.702363
303.9400,1.127250
303.9600,0.795075
303.9800,0.496498
304.0000,0.502454
304.0200,0.479415
304.0400,0.330887
304.0600,0.255952
304.0800,0.261721
304.1000,0.320526
304.1200,0.752598
304.1400,1.658727
304.1600,2.754356
304.1800,2.360157
304.2000,2.358256
304.2200,3.012547
304.2400,2.027933
304.2600,1.320856
304.2800,1.413415
304.3000,1.930761
304.3200,3.016011
304.3400,3.600000
304.3600,2.580269
304.3800,3.053979
304.4000,3.600000
304.4200,3.554217
304.4400,0.121502
304.4600,0.207967
304.4800,0.287668
304.5000,0.322659
304.5200,0.434376
304.5400,0.322451
304.5600,0.191508
304.5800,0.370103
304.6000,0.491034
304.6200,0.286772
304.6400,0.156573
304.6600,0.129424
304.6800,0.602763
304.7000,0.665840
304.7200,0.458597
304.7400,0.313532
304.7600,0.189317
304.7800,0.417018
304.8000,0.979519
304.8200,2.187798
304.8400,2.621586
304.8600,3.029943
304.8800,3.392261
304.9000,3.434751
304.9200,3.412903
304.9400,3.131374
304.9600,2.725091
304.9800,2.417244
305.0000,2.089633
305.0200,1.934690
305.0400,1.514930
305.0600,1.493985
305.0800,1.387633
305.1000,1.252771
305.1200,1.023469
305.1400,0.929224
305.1600,1.011710
305.1800,0.808233
305.2000,0.893923
305.2200,1.225567
305.2400,1.162167
305.2600,0.637875
305.2800,0.427369
305.3000,0.688903
305.3200,1.000468
305.3400,1.005873
305.3600,1.182448
305.3800,1.142690
305.4000,0.721011
305.4200,0.626393
305.4400,1.368550
305.4600,1.745875
305.4800,1.857605
305.5000,2.546552
305.5200,3.493201
305.5400,3.600000
305.5600,3.509731
305.5800,3.598702
305.6000,3.078545
305.6200,2.066068
305.6400,1.440673
305.6600,1.112798
305.6800,1.347827
305.7000,1.980052
305.7200,1.969178
305.7400,2.711256
305.7600,3.224543
305.7800,2.608364
305.8000,2.386734
305.8200,2.864350
305.8400,3.121063
305.8600,2.119251
305.8800,2.022284
305.9000,2.945892
305.9200,3.534094
305.9400,3.600000
305.9600,3.600000
305.9800,3.600000
306.0000,3.600000
306.0200,3.600000
306.0400,3.600000
306.0600,3.600000
306.0800,3.600000
306.1000,3.600000
306.1200,3.549155
306.1400,2.878616
306.1600,2.450191
306.1800,1.564347
306.2000,1.132579
306.2200,0.725033
306.2400,0.443269
306.2600,0.561446
306.2800,0.712798
306.3000,1.293111
306.3200,2.751703
306.3400,3.600000
306.3600,3.474404
306.3800,3.074753
306.4000,3.079158
306.4200,2.607218
306.4400,2.495430
306.4600,3.181033
306.4800,3.600000
306.5000,3.600000
306.5200,3.600000
306.5400,3.600000
306.5600,3.600000
306.5800,3.204240
306.6000,2.145089
306.6200,1.163612
306.6400,0.776168
306.6600,0.488752
306.6800,0.327828
306.7000,0.200291
306.7200,0.173001
306.7400,0.353342
306.7600,0.676204
306.7800,1.392305
306.8000,1.071634
306.8200,1.017533
306.8400,0.704329
306.8600,0.421370
306.8800,0.405862
306.9000,0.369460
306.9200,0.306050
306.9400,0.315260
306.9600,0.518761
306.9800,0.677954
307.0000,1.639264
307.0200,1.817334
307.0400,1.290437
307.0600,0.717751
307.0800,0.389290
307.1000,0.258469
307.1200,0.302215
307.1400,0.374392
307.1600,0.397398
307.1800,0.545228
307.2000,0.562308
307.2200,0.496683
307.2400,0.338395
307.2600,0.641016
307.2800,1.818942
307.3000,2.174377
307.3200,1.936499
307.3400,1.144641
307.3600,0.625626
307.3800,0.745775
307.4000,0.551844
307.4200,0.321845
307.4400,0.317166
307.4600,0.252346
307.4800,0.146633
307.5000,0.334678
307.5200,0.643048
307.5400,1.752854
307.5600,2.620077
307.5800,1.701145
307.6000,0.957972
307.6200,0.546973
307.6400,0.491906
307.6600,0.402403
307.6800,0.424057
307.7000,0.667154
307.7200,0.573687
307.7400,0.430683
307.7600,0.426275
307.7800,0.268584
307.8000,0.789901
307.8200,2.419788
307.8400,3.091454
307.8600,2.569593
307.8800,1.438137
307.9000,0.901691
307.9200,0.681869
307.9400,0.476778
307.9600,0.396461
307.9800,0.280141
308.0000,0.289328
308.0200,0.388449
308.0400,0.666121
308.0600,0.916994
308.0800,1.716512
308.1000,2.779550
308.1200,2.734317
308.1400,1.421239
308.1600,0.801003
308.1800,0.678590
308.2000,0.825696
308.2200,0.730316
308.2400,0.644776
308.2600,0.460494
308.2800,0.262396
308.3000,0.190033
308.3200,0.320227
308.3400,0.352132
308.3600,0.981968
308.3800,2.633772
308.4000,3.600000
308.4200,2.967051
308.4400,2.049585
308.4600,1.712438
308.4800,0.968682
308.5000,0.556540
308.5200,0.458364
308.5400,0.309928
308.5600,0.316658
308.5800,0.665356
308.6000,1.641036
308.6200,2.848052
308.6400,3.600000
308.6600,3.600000
308.6800,2.653195
308.7000,1.641993
308.7200,1.004387
308.7400,0.602682
308.7600,0.350363
308.7800,0.315537
308.8000,0.388214
308.8200,0.263658
308.8400,0.169826
308.8600,0.287814
308.8800,0.292937
308.9000,0.295962
308.9200,0.287506
308.9400,0.266193
308.9600,0.242106
308.9800,0.648338
309.0000,1.317494
309.0200,2.500491
309.0400,3.219481
309.0600,2.668131
309.0800,1.702363
309.1000,1.127250
309.1200,0.795075
309.1400,0.496498
309.1600,0.502454
309.1800,0.479415
309.2000,0.330887
309.2200,0.255952
309.2400,0.261721
309.2600,0.320526
309.2800,0.752598
309.3000,1.658727
309.3200,2.754356
309.3400,2.360157
309.3600,2.358256
309.3800,3.012547
309.4000,2.027933
309.4200,1.320856
309.4400,1.413415
309.4600,1.930761
309.4800,3.016011
309.5000,3.600000
309.5200,2.580269
309.5400,3.053979
309.5600,3.600000
309.5800,3.554217
309.6000,0.121502
309.6200,0.207967
309.6400,0.287668
309.6600,0.322659
309.6800,0.434376
309.7000,0.322451
309.7200,0.191508
309.7400,0.370103
309.7600,0.491034
309.7800,0.286772
309.8000,0.156573
309.8200,0.129424
309.8400,0.602763
309.8600,0.665840
309.8800,0.458597
309.9000,0.313532
309.9200,0.189317
309.9400,0.417018
309.9600,0.979519
309.9800,2.187798
310.0000,2.621586
310.0200,3.029943
310.0400,3.392261
310.0600,3.434751
310.0800,3.412903
310.1000,3.131374
310.1200,2.725091
310.1400,2.417244
310.1600,2.089633
310.1800,1.934690
310.2000,1.514930
310.2200,1.493985
310.2400,1.387633
310.2600,1.252771
310.2800,1.023469
310.3000,0.929224
310.3200,1.011710
310.3400,0.808233
310.3600,0.893923
310.3800,1.225567
310.4000,1.162167
310.4200,0.637875
310.4400,0.427369
310.4600,0.688903
310.4800,1.000468
310.5000,1.005873
310.5200,1.182448
310.5400,1.142690
310.5600,0.721011
310.5800,0.626393
310.6000,1.368550
310.6200,1.745875
310.6400,1.857605
310.6600,2.546552
310.6800,3.493201
310.7000,3.600000
310.7200,3.509731
310.7400,3.598702
310.7600,3.078545
310.7800,2.066068
310.8000,1.440673
310.8200,1.112798
310.8400,1.347827
310.8600,1.980052
310.8800,1.969178
310.9000,2.711256
310.9200,3.224543
310.9400,2.608364
310.9600,2.386734
310.9800,2.864350
311.0000,3.121063
311.0200,2.119251
311.0400,2.022284
311.0600,2.945892
311.0800,3.534094
311.1000,3.600000
311.1200,3.600000
311.1400,3.600000
311.1600,3.600000
311.1800,3.600000
311.2000,3.600000
311.2200,3.600000
311.2400,3.600000
311.2600,3.600000
311.2800,3.549155
311.3000,2.878616
311.3200,2.450191
311.3400,1.564347
311.3600,1.132579
311.3800,0.725033
311.4000,0.443269
311.4200,0.561446
311.4400,0.712798
311.4600,1.293111
311.4800,2.751703
311.5000,3.600000
311.5200,3.474404
311.5400,3.074753
311.5600,3.079158
311.5800,2.607218
311.6000,2.495430
311.6200,3.181033
311.6400,3.600000
311.6600,3.600000
311.6800,3.600000
311.7000,3.600000
311.7200,3.600000
311.7400,3.204240
311.7600,2.145089
311.7800,1.163612
311.8000,0.776168
311.8200,0.488752
311.8400,0.327828
311.8600,0.200291
311.8800,0.173001
311.9000,0.353342
311.9200,0.676204
311.9400,1.392305
311.9600,1.071634
311.9800,1.017533
312.0000,0.704329
312.0200,0.421370
312.0400,0.405862
312.0600,0.369460
312.0800,0.306050
312.1000,0.315260
312.1200,0.518761
312.1400,0.677954
312.1600,1.639264
312.1800,1.817334
312.2000,1.290437
312.2200,0.717751
312.2400,0.389290
312.2600,0.258469
312.2800,0.302215
312.3000,0.374392
312.3200,0.397398
312.3400,0.545228
312.3600,0.562308
312.3800,0.496683
312.4000,0.338395
312.4200,0.641016
312.4400,1.818942
312.4600,2.174377
312.4800,1.936499
312.5000,1.144641
312.5200,0.625626
312.5400,0.745775
312.5600,0.551844
312.5800,0.321845
312.6000,0.317166
312.6200,0.252346
312.6400,0.146633
312.6600,0.334678
312.6800,0.643048
312.7000,1.752854
312.7200,2.620077
312.7400,1.701145
312.7600,0.957972
312.7800,0.546973
312.8000,0.491906
312.8200,0.402403
312.8400,0.424057
312.8600,0.667154
312.8800,0.573687
312.9000,0.430683
312.9200,0.426275
312.9400,0.268584
312.9600,0.789901
312.9800,2.419788
313.0000,3.091454
313.0200,2.569593
313.0400,1.438137
313.0600,0.901691
313.0800,0.681869
313.1000,0.476778
313.1200,0.396461
313.1400,0.280141
313.1600,0.289328
313.1800,0.388449
313.2000,0.666121
313.2200,0.916994
313.2400,1.716512
313.2600,2.779550
313.2800,2.734317
313.3000,1.421239
313.3200,0.801003
313.3400,0.678590
313.3600,0.825696
313.3800,0.730316
313.4000,0.644776
313.4200,0.460494
313.4400,0.262396
313.4600,0.190033
313.4800,0.320227
313.5000,0.352132
313.5200,0.981968
313.5400,2.633772
313.5600,3.600000
313.5800,2.967051
313.6000,2.049585
313.6200,1.712438
313.6400,0.968682
313.6600,0.556540
313.6800,0.458364
313.7000,0.309928
313.7200,0.316658
313.7400,0.665356
313.7600,1.641036
313.7800,2.848052
313.8000,3.600000
313.8200,3.600000
313.8400,2.653195
313.8600,1.641993
313.8800,1.004387
313.9000,0.602682
313.9200,0.350363
313.9400,0.315537
313.9600,0.388214
313.9800,0.263658
314.0000,0.169826
314.0200,0.287814
314.0400,0.292937
314.0600,0.295962
314.0800,0.287506
314.1000,0.266193
314.1200,0.242106
314.1400,0.648338
314.1600,1.317494
314.1800,2.500491
314.2000,3.219481
314.2200,2.668131
314.2400,1.702363
314.2600,1.127250
314.2800,0.795075
314.3000,0.496498
314.3200,0.502454
314.3400,0.479415
314.3600,0.330887
314.3800,0.255952
314.4000,0.261721
314.4200,0.320526
314.4400,0.752598
314.4600,1.658727
314.4800,2.754356
314.5000,2.360157
314.5200,2.358256
314.5400,3.012547
314.5600,2.027933
314.5800,1.320856
314.6000,1.413415
314.6200,1.930761
314.6400,3.016011
314.6600,3.600000
314.6800,2.580269
314.7000,3.053979
314.7200,3.600000
314.7400,3.554217
314.7600,0.121502
314.7800,0.207967
314.8000,0.287668
314.8200,0.322659
314.8400,0.434376
314.8600,0.322451
314.8800,0.191508
314.9000,0.370103
314.9200,0.491034
314.9400,0.286772
314.9600,0.156573
314.9800,0.129424
315.0000,0.602763
315.0200,0.665840
315.0400,0.458597
315.0600,0.313532
315.0800,0.189317
315.1000,0.417018
315.1200,0.979519
315.1400,2.187798
315.1600,2.621586
315.1800,3.029943
315.2000,3.392261
315.2200,3.434751
315.2400,3.412903
315.2600,3.131374
315.2800,2.725091
315.3000,2.417244
315.3200,2.089633
315.3400,1.934690
315.3600,1.514930
315.3800,1.493985
315.4000,1.387633
315.4200,1.252771
315.4400,1.023469
315.4600,0.929224
315.4800,1.011710
315.5000,0.808233
315.5200,0.893923
315.5400,1.225567
315.5600,1.162167
315.5800,0.637875
315.6000,0.427369
315.6200,0.688903
315.6400,1.000468
315.6600,1.005873
315.6800,1.182448
315.7000,1.142690
315.7200,0.721011
315.7400,0.626393
315.7600,1.368550
315.7800,1.745875
315.8000,1.857605
315.8200,2.546552
315.8400,3.493201
315.8600,3.600000
315.8800,3.509731
315.9000,3.598702
315.9200,3.078545
315.9400,2.066068
315.9600,1.440673
315.9800,1.112798
316.0000,1.347827
316.0200,1.980052
316.0400,1.969178
316.0600,2.711256
316.0800,3.224543
316.1000,2.608364
316.1200,2.386734
316.1400,2.864350
316.1600,3.121063
316.1800,2.119251
316.2000,2.022284
316.2200,2.945892
316.2400,3.534094
316.2600,3.600000
316.2800,3.600000
316.3000,3.600000
316.3200,3.600000
316.3400,3.600000
316.3600,3.600000
316.3800,3.600000
316.4000,3.600000
316.4200,3.600000
316.4400,3.549155
316.4600,2.878616
316.4800,2.450191
316.5000,1.564347
316.5200,1.132579
316.5400,0.725033
316.5600,0.443269
316.5800,0.561446
316.6000,0.712798
316.6200,1.293111
316.6400,2.751703
316.6600,3.600000
316.6800,3.474404
316.7000,3.074753
316.7200,3.079158
316.7400,2.607218
316.7600,2.495430
316.7800,3.181033
316.8000,3.600000
316.8200,3.600000
316.8400,3.600000
316.8600,3.600000
316.8800,3.600000
316.9000,3.204240
316.9200,2.145089
316.9400,1.163612
316.9600,0.776168
316.9800,0.488752
317.0000,0.327828
317.0200,0.200291
317.0400,0.173001
317.0600,0.353342
317.0800,0.676204
317.1000,1.392305
317.1200,1.071634
317.1400,1.017533
317.1600,0.704329
317.1800,0.421370
317.2000,0.405862
317.2200,0.369460
317.2400,0.306050
317.2600,0.315260
317.2800,0.518761
317.3000,0.677954
317.3200,1.639264
317.3400,1.817334
317.3600,1.290437
317.3800,0.717751
317.4000,0.389290
317.4200,0.258469
317.4400,0.302215
317.4600,0.374392
317.4800,0.397398
317.5000,0.545228
317.5200,0.562308
317.5400,0.496683
317.5600,0.338395
317.5800,0.641016
317.6000,1.818942
317.6200,2.174377
317.6400,1.936499
317.6600,1.144641
317.6800,0.625626
317.7000,0.745775
317.7200,0.551844
317.7400,0.321845
317.7600,0.317166
317.7800,0.252346
317.8000,0.146633
317.8200,0.334678
317.8400,0.643048
317.8600,1.752854
317.8800,2.620077
317.9000,1.701145
317.9200,0.957972
317.9400,0.546973
317.9600,0.491906
317.9800,0.402403
318.0000,0.424057
318.0200,0.667154
318.0400,0.573687
318.0600,0.430683
318.0800,0.426275
318.1000,0.268584
318.1200,0.789901
318.1400,2.419788
318.1600,3.091454
318.1800,2.569593
318.2000,1.438137
318.2200,0.901691
318.2400,0.681869
318.2600,0.476778
318.2800,0.396461
318.3000,0.280141
318.3200,0.289328
318.3400,0.388449
318.3600,0.666121
318.3800,0.916994
318.4000,1.716512
318.4200,2.779550
318.4400,2.734317
318.4600,1.421239
318.4800,0.801003
318.5000,0.678590
318.5200,0.825696
318.5400,0.730316
318.5600,0.644776
318.5800,0.460494
318.6000,0.262396
318.6200,0.190033
318.6400,0.320227
318.6600,0.352132
318.6800,0.981968
318.7000,2.633772
318.7200,3.600000
318.7400,2.967051
318.7600,2.049585
318.7800,1.712438
318.8000,0.968682
318.8200,0.556540
318.8400,0.458364
318.8600,0.309928
318.8800,0.316658
318.9000,0.665356
318.9200,1.641036
318.9400,2.848052
318.9600,3.600000
318.9800,3.600000
319.0000,2.653195
319.0200,1.641993
319.0400,1.004387
319.0600,0.602682
319.0800,0.350363
319.1000,0.315537
319.1200,0.388214
319.1400,0.263658
319.1600,0.169826
319.1800,0.287814
319.2000,0.292937
319.2200,0.295962
319.2400,0.287506
319.2600,0.266193
319.2800,0.242106
319.3000,0.648338
319.3200,1.317494
319.3400,2.500491
319.3600,3.219481
319.3800,2.668131
319.4000,1.702363
319.4200,1.127250
319.4400,0.795075
319.4600,0.496498
319.4800,0.502454
319.5000,0.479415
319.5200,0.330887
319.5400,0.255952
319.5600,0.261721
319.5800,0.320526
319.6000,0.752598
319.6200,1.658727
319.6400,2.754356
319.6600,2.360157
319.6800,2.358256
319.7000,3.012547
319.7200,2.027933
319.7400,1.320856
319.7600,1.413415
319.7800,1.930761
319.8000,3.016011
319.8200,3.600000
319.8400,2.580269
319.8600,3.053979
319.8800,3.600000
319.9000,3.554217
319.9200,0.121502
319.9400,0.207967
319.9600,0.287668
319.9800,0.322659
320.0000,0.434376
320.0200,0.322451
320.0400,0.191508
320.0600,0.370103
320.0800,0.491034
320.1000,0.286772
320.1200,0.156573
320.1400,0.129424
320.1600,0.602763
320.1800,0.665840
320.2000,0.458597
320.2200,0.313532
320.2400,0.189317
320.2600,0.417018
320.2800,0.979519
320.3000,2.187798
320.3200,2.621586
320.3400,3.029943
320.3600,3.392261
320.3800,3.434751
320.4000,3.412903
320.4200,3.131374
320.4400,2.725091
320.4600,2.417244
320.4800,2.089633
320.5000,1.934690
320.5200,1.514930
320.5400,1.493985
320.5600,1.387633
320.5800,1.252771
320.6000,1.023469
320.6200,0.929224
320.6400,1.011710
320.6600,0.808233
320.6800,0.893923
320.7000,1.225567
320.7200,1.162167
320.7400,0.637875
320.7600,0.427369
320.7800,0.688903
320.8000,1.000468
320.8200,1.005873
320.8400,1.182448
320.8600,1.142690
320.8800,0.721011
320.9000,0.626393
320.9200,1.368550
320.9400,1.745875
320.9600,1.857605
320.9800,2.546552
321.0000,3.493201
321.0200,3.600000
321.0400,3.509731
321.0600,3.598702
321.0800,3.078545
321.1000,2.066068
321.1200,1.440673
321.1400,1.112798
321.1600,1.347827
321.1800,1.980052
321.2000,1.969178
321.2200,2.711256
321.2400,3.224543
321.2600,2.608364
321.2800,2.386734
321.3000,2.864350
321.3200,3.121063
321.3400,2.119251
321.3600,2.022284
321.3800,2.945892
321.4000,3.534094
321.4200,3.600000
321.4400,3.600000
321.4600,3.600000
321.4800,3.600000
321.5000,3.600000
321.5200,3.600000
321.5400,3.600000
321.5600,3.600000
321.5800,3.600000
321.6000,3.549155
321.6200,2.878616
321.6400,2.450191
321.6600,1.564347
321.6800,1.132579
321.7000,0.725033
321.7200,0.443269
321.7400,0.561446
321.7600,0.712798
321.7800,1.293111
321.8000,2.751703
321.8200,3.600000
321.8400,3.474404
321.8600,3.074753
321.8800,3.079158
321.9000,2.607218
321.9200,2.495430
321.9400,3.181033
321.9600,3.600000
321.9800,3.600000
322.0000,3.600000
322.0200,3.600000
322.0400,3.600000
322.0600,3.204240
322.0800,2.145089
322.1000,1.163612
322.1200,0.776168
322.1400,0.488752
322.1600,0.327828
322.1800,0.200291
322.2000,0.173001
322.2200,0.353342
322.2400,0.676204
322.2600,1.392305
322.2800,1.071634
322.3000,1.017533
322.3200,0.704329
322.3400,0.421370
322.3600,0.405862
322.3800,0.369460
322.4000,0.306050
322.4200,0.315260
322.4400,0.518761
322.4600,0.677954
322.4800,1.639264
322.5000,1.817334
322.5200,1.290437
322.5400,0.717751
322.5600,0.389290
322.5800,0.258469
322.6000,0.302215
322.6200,0.374392
322.6400,0.397398
322.6600,0.545228
322.6800,0.562308
322.7000,0.496683
322.7200,0.338395
322.7400,0.641016
322.7600,1.818942
322.7800,2.174377
322.8000,1.936499
322.8200,1.144641
322.8400,0.625626
322.8600,0.745775
322.8800,0.551844
322.9000,0.321845
322.9200,0.317166
322.9400,0.252346
322.9600,0.146633
322.9800,0.334678
323.0000,0.643048
323.0200,1.752854
323.0400,2.620077
323.0600,1.701145
323.0800,0.957972
323.1000,0.546973
323.1200,0.491906
323.1400,0.402403
323.1600,0.424057
323.1800,0.667154
323.2000,0.573687
323.2200,0.430683
323.2400,0.426275
323.2600,0.268584
323.2800,0.789901
323.3000,2.419788
323.3200,3.091454
323.3400,2.569593
323.3600,1.438137
323.3800,0.901691
323.4000,0.681869
323.4200,0.476778
323.4400,0.396461
323.4600,0.280141
323.4800,0.289328
323.5000,0.388449
323.5200,0.666121
323.5400,0.916994
323.5600,1.716512
323.5800,2.779550
323.6000,2.734317
323.6200,1.421239
323.6400,0.801003
323.6600,0.678590
323.6800,0.825696
323.7000,0.730316
323.7200,0.644776
323.7400,0.460494
323.7600,0.262396
323.7800,0.190033
323.8000,0.320227
323.8200,0.352132
323.8400,0.981968
323.8600,2.633772
323.8800,3.600000
323.9000,2.967051
323.9200,2.049585
323.9400,1.712438
323.9600,0.968682
323.9800,0.556540
324.0000,0.458364
324.0200,0.309928
324.0400,0.316658
324.0600,0.665356
324.0800,1.641036
324.1000,2.848052
324.1200,3.600000
324.1400,3.600000
324.1600,2.653195
324.1800,1.641993
324.2000,1.004387
324.2200,0.602682
324.2400,0.350363
324.2600,0.315537
324.2800,0.388214
324.3000,0.263658
324.3200,0.169826
324.3400,0.287814
324.3600,0.292937
324.3800,0.295962
324.4000,0.287506
324.4200,0.266193
324.4400,0.242106
324.4600,0.648338
324.4800,1.317494
324.5000,2.500491
324.5200,3.219481
324.5400,2.668131
324.5600,1.702363
324.5800,1.127250
324.6000,0.795075
324.6200,0.496498
324.6400,0.502454
324.6600,0.479415
324.6800,0.330887
324.7000,0.255952
324.7200,0.261721
324.7400,0.320526
324.7600,0.752598
324.7800,1.658727
324.8000,2.754356
324.8200,2.360157
324.8400,2.358256
324.8600,3.012547
324.8800,2.027933
324.9000,1.320856
324.9200,1.413415
324.9400,1.930761
324.9600,3.016011
324.9800,3.600000
325.0000,2.580269
325.0200,3.053979
325.0400,3.600000
325.0600,3.554217
325.0800,0.121502
325.1000,0.207967
325.1200,0.287668
325.1400,0.322659
325.1600,0.434376
325.1800,0.322451
325.2000,0.191508
325.2200,0.370103
325.2400,0.491034
325.2600,0.286772
325.2800,0.156573
325.3000,0.129424
325.3200,0.602763
325.3400,0.665840
325.3600,0.458597
325.3800,0.313532
325.4000,0.189317
325.4200,0.417018
325.4400,0.979519
325.4600,2.187798
325.4800,2.621586
325.5000,3.029943
325.5200,3.392261
325.5400,3.434751
325.5600,3.412903
325.5800,3.131374
325.6000,2.725091
325.6200,2.417244
325.6400,2.089633
325.6600,1.934690
325.6800,1.514930
325.7000,1.493985
325.7200,1.387633
325.7400,1.252771
325.7600,1.023469
325.7800,0.929224
325.8000,1.011710
325.8200,0.808233
325.8400,0.893923
325.8600,1.225567
325.8800,1.162167
325.9000,0.637875
325.9200,0.427369
325.9400,0.688903
325.9600,1.000468
325.9800,1.005873
326.0000,1.182448
326.0200,1.142690
326.0400,0.721011
326.0600,0.626393
326.0800,1.368550
326.1000,1.745875
326.1200,1.857605
326.1400,2.546552
326.1600,3.493201
326.1800,3.600000
326.2000,3.509731
326.2200,3.598702
326.2400,3.078545
326.2600,2.066068
326.2800,1.440673
326.3000,1.112798
326.3200,1.347827
326.3400,1.980052
326.3600,1.969178
326.3800,2.711256
326.4000,3.224543
326.4200,2.608364
326.4400,2.386734
326.4600,2.864350
326.4800,3.121063
326.5000,2.119251
326.5200,2.022284
326.5400,2.945892
326.5600,3.534094
326.5800,3.600000
326.6000,3.600000
326.6200,3.600000
326.6400,3.600000
326.6600,3.600000
326.6800,3.600000
326.7000,3.600000
326.7200,3.600000
326.7400,3.600000
326.7600,3.549155
326.7800,2.878616
326.8000,2.450191
326.8200,1.564347
326.8400,1.132579
326.8600,0.725033
326.8800,0.443269
326.9000,0.561446
326.9200,0.712798
326.9400,1.293111
326.9600,2.751703
326.9800,3.600000
327.0000,3.474404
327.0200,3.074753
327.0400,3.079158
327.0600,2.607218
327.0800,2.495430
327.1000,3.181033
327.1200,3.600000
327.1400,3.600000
327.1600,3.600000
327.1800,3.600000
327.2000,3.600000
327.2200,3.204240
327.2400,2.145089
327.2600,1.163612
327.2800,0.776168
327.3000,0.488752
327.3200,0.327828
327.3400,0.200291
327.3600,0.173001
327.3800,0.353342
327.4000,0.676204
327.4200,1.392305
327.4400,1.071634
327.4600,1.017533
327.4800,0.704329
327.5000,0.421370
327.5200,0.405862
327.5400,0.369460
327.5600,0.306050
327.5800,0.315260
327.6000,0.518761
327.6200,0.677954
327.6400,1.639264
327.6600,1.817334
327.6800,1.290437
327.7000,0.717751
327.7200,0.389290
327.7400,0.258469
327.7600,0.302215
327.7800,0.374392
327.8000,0.397398
327.8200,0.545228
327.8400,0.562308
327.8600,0.496683
327.8800,0.338395
327.9000,0.641016
327.9200,1.818942
327.9400,2.174377
327.9600,1.936499
327.9800,1.144641
328.0000,0.625626
328.0200,0.745775
328.0400,0.551844
328.0600,0.321845
328.0800,0.317166
328.1000,0.252346
328.1200,0.146633
328.1400,0.334678
328.1600,0.643048
328.1800,1.752854
328.2000,2.620077
328.2200,1.701145
328.2400,0.957972
328.2600,0.546973
328.2800,0.491906
328.3000,0.402403
328.3200,0.424057
328.3400,0.667154
328.3600,0.573687
328.3800,0.430683
328.4000,0.426275
328.4200,0.268584
328.4400,0.789901
328.4600,2.419788
328.4800,3.091454
328.5000,2.569593
328.5200,1.438137
328.5400,0.901691
328.5600,0.681869
328.5800,0.476778
328.6000,0.396461
328.6200,0.280141
328.6400,0.289328
328.6600,0.388449
328.6800,0.666121
328.7000,0.916994
328.7200,1.716512
328.7400,2.779550
328.7600,2.734317
328.7800,1.421239
328.8000,0.801003
328.8200,0.678590
328.8400,0.825696
328.8600,0.730316
328.8800,0.644776
328.9000,0.460494
328.9200,0.262396
328.9400,0.190033
328.9600,0.320227
328.9800,0.352132
329.0000,0.981968
329.0200,2.633772
329.0400,3.600000
329.0600,2.967051
329.0800,2.049585
329.1000,1.712438
329.1200,0.968682
329.1400,0.556540
329.1600,0.458364
329.1800,0.309928
329.2000,0.316658
329.2200,0.665356
329.2400,1.641036
329.2600,2.848052
329.2800,3.600000
329.3000,3.600000
329.3200,2.653195
329.3400,1.641993
329.3600,1.004387
329.3800,0.602682
329.4000,0.350363
329.4200,0.315537
329.4400,0.388214
329.4600,0.263658
329.4800,0.169826
329.5000,0.287814
329.5200,0.292937
329.5400,0.295962
329.5600,0.287506
329.5800,0.266193
329.6000,0.242106
329.6200,0.648338
329.6400,1.317494
329.6600,2.500491
329.6800,3.219481
329.7000,2.668131
329.7200,1.702363
329.7400,1.127250
329.7600,0.795075
329.7800,0.496498
329.8000,0.502454
329.8200,0.479415
329.8400,0.330887
329.8600,0.255952
329.8800,0.261721
329.9000,0.320526
329.9200,0.752598
329.9400,1.658727
329.9600,2.754356
329.9800,2.360157
330.0000,2.358256
330.0200,3.012547
330.0400,2.027933
330.0600,1.320856
330.0800,1.413415
330.1000,1.930761
330.1200,3.016011
330.1400,3.600000
330.1600,2.580269
330.1800,3.053979
330.2000,3.600000
330.2200,3.554217
330.2400,0.121502
330.2600,0.207967
330.2800,0.287668
330.3000,0.322659
330.3200,0.434376
330.3400,0.322451
330.3600,0.191508
330.3800,0.370103
330.4000,0.491034
330.4200,0.286772
330.4400,0.156573
330.4600,0.129424
330.4800,0.602763
330.5000,0.665840
330.5200,0.458597
330.5400,0.313532
330.5600,0.189317
330.5800,0.417018
330.6000,0.979519
330.6200,2.187798
330.6400,2.621586
330.6600,3.029943
330.6800,3.392261
330.7000,3.434751
330.7200,3.412903
330.7400,3.131374
330.7600,2.725091
330.7800,2.417244
330.8000,2.089633
330.8200,1.934690
330.8400,1.514930
330.8600,1.493985
330.8800,1.387633
330.9000,1.252771
330.9200,1.023469
330.9400,0.929224
330.9600,1.011710
330.9800,0.808233
331.0000,0.893923
331.0200,1.225567
331.0400,1.162167
331.0600,0.637875
331.0800,0.427369
331.1000,0.688903
331.1200,1.000468
331.1400,1.005873
331.1600,1.182448
331.1800,1.142690
331.2000,0.721011
331.2200,0.626393
331.2400,1.368550
331.2600,1.745875
331.2800,1.857605
331.3000,2.546552
331.3200,3.493201
331.3400,3.600000
331.3600,3.509731
331.3800,3.598702
331.4000,3.078545
331.4200,2.066068
331.4400,1.440673
331.4600,1.112798
331.4800,1.347827
331.5000,1.980052
331.5200,1.969178
331.5400,2.711256
331.5600,3.224543
331.5800,2.608364
331.6000,2.386734
331.6200,2.864350
331.6400,3.121063
331.6600,2.119251
331.6800,2.022284
331.7000,2.945892
331.7200,3.534094
331.7400,3.600000
331.7600,3.600000
331.7800,3.600000
331.8000,3.600000
331.8200,3.600000
331.8400,3.600000
331.8600,3.600000
331.8800,3.600000
331.9000,3.600000
331.9200,3.549155
331.9400,2.878616
331.9600,2.450191
331.9800,1.564347
332.0000,1.132579
332.0200,0.725033
332.0400,0.443269
332.0600,0.561446
332.0800,0.712798
332.1000,1.293111
332.1200,2.751703
332.1400,3.600000
332.1600,3.474404
332.1800,3.074753
332.2000,3.079158
332.2200,2.607218
332.2400,2.495430
332.2600,3.181033
332.2800,3.600000
332.3000,3.600000
332.3200,3.600000
332.3400,3.600000
332.3600,3.600000
332.3800,3.204240
332.4000,2.145089
332.4200,1.163612
332.4400,0.776168
332.4600,0.488752
332.4800,0.327828
332.5000,0.200291
332.5200,0.173001
332.5400,0.353342
332.5600,0.676204
332.5800,1.392305
332.6000,1.071634
332.6200,1.017533
332.6400,0.704329
332.6600,0.421370
332.6800,0.405862
332.7000,0.369460
332.7200,0.306050
332.7400,0.315260
332.7600,0.518761
332.7800,0.677954
332.8000,1.639264
332.8200,1.817334
332.8400,1.290437
332.8600,0.717751
332.8800,0.389290
332.9000,0.258469
332.9200,0.302215
332.9400,0.374392
332.9600,0.397398
332.9800,0.545228
333.0000,0.562308
333.0200,0.496683
333.0400,0.338395
333.0600,0.641016
333.0800,1.818942
333.1000,2.174377
333.1200,1.936499
333.1400,1.144641
333.1600,0.625626
333.1800,0.745775
333.2000,0.551844
333.2200,0.321845
333.2400,0.317166
333.2600,0.252346
333.2800,0.146633
333.3000,0.334678
333.3200,0.643048
333.3400,1.752854
333.3600,2.620077
333.3800,1.701145
333.4000,0.957972
333.4200,0.546973
333.4400,0.491906
333.4600,0.402403
333.4800,0.424057
333.5000,0.667154
333.5200,0.573687
333.5400,0.430683
333.5600,0.426275
333.5800,0.268584
333.6000,0.789901
333.6200,2.419788
333.6400,3.091454
333.6600,2.569593
333.6800,1.438137
333.7000,0.901691
333.7200,0.681869
333.7400,0.476778
333.7600,0.396461
333.7800,0.280141
333.8000,0.289328
333.8200,0.388449
333.8400,0.666121
333.8600,0.916994
333.8800,1.716512
333.9000,2.779550
333.9200,2.734317
333.9400,1.421239
333.9600,0.801003
333.9800,0.678590
334.0000,0.825696
334.0200,0.730316
334.0400,0.644776
334.0600,0.460494
334.0800,0.262396
334.1000,0.190033
334.1200,0.320227
334.1400,0.352132
334.1600,0.981968
334.1800,2.633772
334.2000,3.600000
334.2200,2.967051
334.2400,2.049585
334.2600,1.712438
334.2800,0.968682
334.3000,0.556540
334.3200,0.458364
334.3400,0.309928
334.3600,0.316658
334.3800,0.665356
334.4000,1.641036
334.4200,2.848052
334.4400,3.600000
334.4600,3.600000
334.4800,2.653195
334.5000,1.641993
334.5200,1.004387
334.5400,0.602682
334.5600,0.350363
334.5800,0.315537
334.6000,0.388214
334.6200,0.263658
334.6400,0.169826
334.6600,0.287814
334.6800,0.292937
334.7000,0.295962
334.7200,0.287506
334.7400,0.266193
334.7600,0.242106
334.7800,0.648338
334.8000,1.317494
334.8200,2.500491
334.8400,3.219481
334.8600,2.668131
334.8800,1.702363
334.9000,1.127250
334.9200,0.795075
334.9400,0.496498
334.9600,0.502454
334.9800,0.479415
335.0000,0.330887
335.0200,0.255952
335.0400,0.261721
335.0600,0.320526
335.0800,0.752598
335.1000,1.658727
335.1200,2.754356
335.1400,2.360157
335.1600,2.358256
335.1800,3.012547
335.2000,2.027933
335.2200,1.320856
335.2400,1.413415
335.2600,1.930761
335.2800,3.016011
335.3000,3.600000
335.3200,2.580269
335.3400,3.053979
335.3600,3.600000
335.3800,3.554217
335.4000,0.121502
335.4200,0.207967
335.4400,0.287668
335.4600,0.322659
335.4800,0.434376
335.5000,0.322451
335.5200,0.191508
335.5400,0.370103
335.5600,0.491034
335.5800,0.286772
335.6000,0.156573
335.6200,0.129424
335.6400,0.602763
335.6600,0.665840
335.6800,0.458597
335.7000,0.313532
335.7200,0.189317
335.7400,0.417018
335.7600,0.979519
335.7800,2.187798
335.8000,2.621586
335.8200,3.029943
335.8400,3.392261
335.8600,3.434751
335.8800,3.412903
335.9000,3.131374
335.9200,2.725091
335.9400,2.417244
335.9600,2.089633
335.9800,1.934690
336.0000,1.514930
336.0200,1.493985
336.0400,1.387633
336.0600,1.252771
336.0800,1.023469
336.1000,0.929224
336.1200,1.011710
336.1400,0.808233
336.1600,0.893923
336.1800,1.225567
336.2000,1.162167
336.2200,0.637875
336.2400,0.427369
336.2600,0.688903
336.2800,1.000468
336.3000,1.005873
336.3200,1.182448
336.3400,1.142690
336.3600,0.721011
336.3800,0.626393
336.4000,1.368550
336.4200,1.745875
336.4400,1.857605
336.4600,2.546552
336.4800,3.493201
336.5000,3.600000
336.5200,3.509731
336.5400,3.598702
336.5600,3.078545
336.5800,2.066068
336.6000,1.440673
336.6200,1.112798
336.6400,1.347827
336.6600,1.980052
336.6800,1.969178
336.7000,2.711256
336.7200,3.224543
336.7400,2.608364
336.7600,2.386734
336.7800,2.864350
336.8000,3.121063
336.8200,2.119251
336.8400,2.022284
336.8600,2.945892
336.8800,3.534094
336.9000,3.600000
336.9200,3.600000
336.9400,3.600000
336.9600,3.600000
336.9800,3.600000
337.0000,3.600000
337.0200,3.600000
337.0400,3.600000
337.0600,3.600000
337.0800,3.549155
337.1000,2.878616
337.1200,2.450191
337.1400,1.564347
337.1600,1.132579
337.1800,0.725033
337.2000,0.443269
337.2200,0.561446
337.2400,0.712798
337.2600,1.293111
337.2800,2.751703
337.3000,3.600000
337.3200,3.474404
337.3400,3.074753
337.3600,3.079158
337.3800,2.607218
337.4000,2.495430
337.4200,3.181033
337.4400,3.600000
337.4600,3.600000
337.4800,3.600000
337.5000,3.600000
337.5200,3.600000
337.5400,3.204240
337.5600,2.145089
337.5800,1.163612
337.6000,0.776168
337.6200,0.488752
337.6400,0.327828
337.6600,0.200291
337.6800,0.173001
337.7000,0.353342
337.7200,0.676204
337.7400,1.392305
337.7600,1.071634
337.7800,1.017533
337.8000,0.704329
337.8200,0.421370
337.8400,0.405862
337.8600,0.369460
337.8800,0.306050
337.9000,0.315260
337.9200,0.518761
337.9400,0.677954
337.9600,1.639264
337.9800,1.817334
338.0000,1.290437
338.0200,0.717751
338.0400,0.389290
338.0600,0.258469
338.0800,0.302215
338.1000,0.374392
338.1200,0.397398
338.1400,0.545228
338.1600,0.562308
338.1800,0.496683
338.2000,0.338395
338.2200,0.641016
338.2400,1.818942
338.2600,2.174377
338.2800,1.936499
338.3000,1.144641
338.3200,0.625626
338.3400,0.745775
338.3600,0.551844
338.3800,0.321845
338.4000,0.317166
338.4200,0.252346
338.4400,0.146633
338.4600,0.334678
338.4800,0.643048
338.5000,1.752854
338.5200,2.620077
338.5400,1.701145
338.5600,0.957972
338.5800,0.546973
338.6000,0.491906
338.6200,0.402403
338.6400,0.424057
338.6600,0.667154
338.6800,0.573687
338.7000,0.430683
338.7200,0.426275
338.7400,0.268584
338.7600,0.789901
338.7800,2.419788
338.8000,3.091454
338.8200,2.569593
338.8400,1.438137
338.8600,0.901691
338.8800,0.681869
338.9000,0.476778
338.9200,0.396461
338.9400,0.280141
338.9600,0.289328
338.9800,0.388449
339.0000,0.666121
339.0200,0.916994
339.0400,1.716512
339.0600,2.779550
339.0800,2.734317
339.1000,1.421239
339.1200,0.801003
339.1400,0.678590
339.1600,0.825696
339.1800,0.730316
339.2000,0.644776
339.2200,0.460494
339.2400,0.262396
339.2600,0.190033
339.2800,0.320227
339.3000,0.352132
339.3200,0.981968
339.3400,2.633772
339.3600,3.600000
339.3800,2.967051
339.4000,2.049585
339.4200,1.712438
339.4400,0.968682
339.4600,0.556540
339.4800,0.458364
339.5000,0.309928
339.5200,0.316658
339.5400,0.665356
339.5600,1.641036
339.5800,2.848052
339.6000,3.600000
339.6200,3.600000
339.6400,2.653195
339.6600,1.641993
339.6800,1.004387
339.7000,0.602682
339.7200,0.350363
339.7400,0.315537
339.7600,0.388214
339.7800,0.263658
339.8000,0.169826
339.8200,0.287814
339.8400,0.292937
339.8600,0.295962
339.8800,0.287506
339.9000,0.266193
339.9200,0.242106
339.9400,0.648338
339.9600,1.317494
339.9800,2.500491
340.0000,3.219481
340.0200,2.668131
340.0400,1.702363
340.0600,1.127250
340.0800,0.795075
340.1000,0.496498
340.1200,0.502454
340.1400,0.479415
340.1600,0.330887
340.1800,0.255952
340.2000,0.261721
340.2200,0.320526
340.2400,0.752598
340.2600,1.658727
340.2800,2.754356
340.3000,2.360157
340.3200,2.358256
340.3400,3.012547
340.3600,2.027933
340.3800,1.320856
340.4000,1.413415
340.4200,1.930761
340.4400,3.016011
340.4600,3.600000
340.4800,2.580269
340.5000,3.053979
340.5200,3.600000
340.5400,3.554217
340.5600,0.121502
340.5800,0.207967
340.6000,0.287668
340.6200,0.322659
340.6400,0.434376
340.6600,0.322451
340.6800,0.191508
340.7000,0.370103
340.7200,0.491034
340.7400,0.286772
340.7600,0.156573
340.7800,0.129424
340.8000,0.602763
340.8200,0.665840
340.8400,0.458597
340.8600,0.313532
340.8800,0.189317
340.9000,0.417018
340.9200,0.979519
340.9400,2.187798
340.9600,2.621586
340.9800,3.029943
341.0000,3.392261
341.0200,3.434751
341.0400,3.412903
341.0600,3.131374
341.0800,2.725091
341.1000,2.417244
341.1200,2.089633
341.1400,1.934690
341.1600,1.514930
341.1800,1.493985
341.2000,1.387633
341.2200,1.252771
341.2400,1.023469
341.2600,0.929224
341.2800,1.011710
341.3000,0.808233
341.3200,0.893923
341.3400,1.225567
341.3600,1.162167
341.3800,0.637875
341.4000,0.427369
341.4200,0.688903
341.4400,1.000468
341.4600,1.005873
341.4800,1.182448
341.5000,1.142690
341.5200,0.721011
341.5400,0.626393
341.5600,1.368550
341.5800,1.745875
341.6000,1.857605
341.6200,2.546552
341.6400,3.493201
341.6600,3.600000
341.6800,3.509731
341.7000,3.598702
341.7200,3.078545
341.7400,2.066068
341.7600,1.440673
341.7800,1.112798
341.8000,1.347827
341.8200,1.980052
341.8400,1.969178
341.8600,2.711256
341.8800,3.224543
341.9000,2.608364
341.9200,2.386734
341.9400,2.864350
341.9600,3.121063
341.9800,2.119251
342.0000,2.022284
342.0200,2.945892
342.0400,3.534094
342.0600,3.600000
342.0800,3.600000
342.1000,3.600000
342.1200,3.600000
342.1400,3.600000
342.1600,3.600000
342.1800,3.600000
342.2000,3.600000
342.2200,3.600000
342.2400,3.549155
342.2600,2.878616
342.2800,2.450191
342.3000,1.564347
342.3200,1.132579
342.3400,0.725033
342.3600,0.443269
342.3800,0.561446
342.4000,0.712798
342.4200,1.293111
342.4400,2.751703
342.4600,3.600000
342.4800,3.474404
342.5000,3.074753
342.5200,3.079158
342.5400,2.607218
342.5600,2.495430
342.5800,3.181033
342.6000,3.600000
342.6200,3.600000
342.6400,3.600000
342.6600,3.600000
342.6800,3.600000
342.7000,3.204240
342.7200,2.145089
342.7400,1.163612
342.7600,0.776168
342.7800,0.488752
342.8000,0.327828
342.8200,0.200291
342.8400,0.173001
342.8600,0.353342
342.8800,0.676204
342.9000,1.392305
342.9200,1.071634
342.9400,1.017533
342.9600,0.704329
342.9800,0.421370
343.0000,0.405862
343.0200,0.369460
343.0400,0.306050
343.0600,0.315260
343.0800,0.518761
343.1000,0.677954
343.1200,1.639264
343.1400,1.817334
343.1600,1.290437
343.1800,0.717751
343.2000,0.389290
343.2200,0.258469
343.2400,0.302215
343.2600,0.374392
343.2800,0.397398
343.3000,0.545228
343.3200,0.562308
343.3400,0.496683
343.3600,0.338395
343.3800,0.641016
343.4000,1.818942
343.4200,2.174377
343.4400,1.936499
343.4600,1.144641
343.4800,0.625626
343.5000,0.745775
343.5200,0.551844
343.5400,0.321845
343.5600,0.317166
343.5800,0.252346
343.6000,0.146633
343.6200,0.334678
343.6400,0.643048
343.6600,1.752854
343.6800,2.620077
343.7000,1.701145
343.7200,0.957972
343.7400,0.546973
343.7600,0.491906
343.7800,0.402403
343.8000,0.424057
343.8200,0.667154
343.8400,0.573687
343.8600,0.430683
343.8800,0.426275
343.9000,0.268584
343.9200,0.789901
343.9400,2.419788
343.9600,3.091454
343.9800,2.569593
344.0000,1.438137
344.0200,0.901691
344.0400,0.681869
344.0600,0.476778
344.0800,0.396461
344.1000,0.280141
344.1200,0.289328
344.1400,0.388449
344.1600,0.666121
344.1800,0.916994
344.2000,1.716512
344.2200,2.779550
344.2400,2.734317
344.2600,1.421239
344.2800,0.801003
344.3000,0.678590
344.3200,0.825696
344.3400,0.730316
344.3600,0.644776
344.3800,0.460494
344.4000,0.262396
344.4200,0.190033
344.4400,0.320227
344.4600,0.352132
344.4800,0.981968
344.5000,2.633772
344.5200,3.600000
344.5400,2.967051
344.5600,2.049585
344.5800,1.712438
344.6000,0.968682
344.6200,0.556540
344.6400,0.458364
344.6600,0.309928
344.6800,0.316658
344.7000,0.665356
344.7200,1.641036
344.7400,2.848052
344.7600,3.600000
344.7800,3.600000
344.8000,2.653195
344.8200,1.641993
344.8400,1.004387
344.8600,0.602682
344.8800,0.350363
344.9000,0.315537
344.9200,0.388214
344.9400,0.263658
344.9600,0.169826
344.9800,0.287814
345.0000,0.292937
345.0200,0.295962
345.0400,0.287506
345.0600,0.266193
345.0800,0.242106
345.1000,0.648338
345.1200,1.317494
345.1400,2.500491
345.1600,3.219481
345.1800,2.668131
345.2000,1.702363
345.2200,1.127250
345.2400,0.795075
345.2600,0.496498
345.2800,0.502454
345.3000,0.479415
345.3200,0.330887
345.3400,0.255952
345.3600,0.261721
345.3800,0.320526
345.4000,0.752598
345.4200,1.658727
345.4400,2.754356
345.4600,2.360157
345.4800,2.358256
345.5000,3.012547
345.5200,2.027933
345.5400,1.320856
345.5600,1.413415
345.5800,1.930761
345.6000,3.016011
345.6200,3.600000
345.6400,2.580269
345.6600,3.053979
345.6800,3.600000
345.7000,3.554217
345.7200,0.121502
345.7400,0.207967
345.7600,0.287668
345.7800,0.322659
345.8000,0.434376
345.8200,0.322451
345.8400,0.191508
345.8600,0.370103
345.8800,0.491034
345.9000,0.286772
345.9200,0.156573
345.9400,0.129424
345.9600,0.602763
345.9800,0.665840
346.0000,0.458597
346.0200,0.313532
346.0400,0.189317
346.0600,0.417018
346.0800,0.979519
346.1000,2.187798
346.1200,2.621586
346.1400,3.029943
346.1600,3.392261
346.1800,3.434751
346.2000,3.412903
346.2200,3.131374
346.2400,2.725091
346.2600,2.417244
346.2800,2.089633
346.3000,1.934690
346.3200,1.514930
346.3400,1.493985
346.3600,1.387633
346.3800,1.252771
346.4000,1.023469
346.4200,0.929224
346.4400,1.011710
346.4600,0.808233
346.4800,0.893923
346.5000,1.225567
346.5200,1.162167
346.5400,0.637875
346.5600,0.427369
346.5800,0.688903
346.6000,1.000468
346.6200,1.005873
346.6400,1.182448
346.6600,1.142690
346.6800,0.721011
346.7000,0.626393
346.7200,1.368550
346.7400,1.745875
346.7600,1.857605
346.7800,2.546552
346.8000,3.493201
346.8200,3.600000
346.8400,3.509731
346.8600,3.598702
346.8800,3.078545
346.9000,2.066068
346.9200,1.440673
346.9400,1.112798
346.9600,1.347827
346.9800,1.980052
347.0000,1.969178
347.0200,2.711256
347.0400,3.224543
347.0600,2.608364
347.0800,2.386734
347.1000,2.864350
347.1200,3.121063
347.1400,2.119251
347.1600,2.022284
347.1800,2.945892
347.2000,3.534094
347.2200,3.600000
347.2400,3.600000
347.2600,3.600000
347.2800,3.600000
347.3000,3.600000
347.3200,3.600000
347.3400,3.600000
347.3600,3.600000
347.3800,3.600000
347.4000,3.549155
347.4200,2.878616
347.4400,2.450191
347.4600,1.564347
347.4800,1.132579
347.5000,0.725033
347.5200,0.443269
347.5400,0.561446
347.5600,0.712798
347.5800,1.293111
347.6000,2.751703
347.6200,3.600000
347.6400,3.474404
347.6600,3.074753
347.6800,3.079158
347.7000,2.607218
347.7200,2.495430
347.7400,3.181033
347.7600,3.600000
347.7800,3.600000
347.8000,3.600000
347.8200,3.600000
347.8400,3.600000
347.8600,3.204240
347.8800,2.145089
347.9000,1.163612
347.9200,0.776168
347.9400,0.488752
347.9600,0.327828
347.9800,0.200291
348.0000,0.173001
348.0200,0.353342
348.0400,0.676204
348.0600,1.392305
348.0800,1.071634
348.1000,1.017533
348.1200,0.704329
348.1400,0.421370
348.1600,0.405862
348.1800,0.369460
348.2000,0.306050
348.2200,0.315260
348.2400,0.518761
348.2600,0.677954
348.2800,1.639264
348.3000,1.817334
348.3200,1.290437
348.3400,0.717751
348.3600,0.389290
348.3800,0.258469
348.4000,0.302215
348.4200,0.374392
348.4400,0.397398
348.4600,0.545228
348.4800,0.562308
348.5000,0.496683
348.5200,0.338395
348.5400,0.641016
348.5600,1.818942
348.5800,2.174377
348.6000,1.936499
348.6200,1.144641
348.6400,0.625626
348.6600,0.745775
348.6800,0.551844
348.7000,0.321845
348.7200,0.317166
348.7400,0.252346
348.7600,0.146633
348.7800,0.334678
348.8000,0.643048
348.8200,1.752854
348.8400,2.620077
348.8600,1.701145
348.8800,0.957972
348.9000,0.546973
348.9200,0.491906
348.9400,0.402403
348.9600,0.424057
348.9800,0.667154
349.0000,0.573687
349.0200,0.430683
349.0400,0.426275
349.0600,0.268584
349.0800,0.789901
349.1000,2.419788
349.1200,3.091454
349.1400,2.569593
349.1600,1.438137
349.1800,0.901691
349.2000,0.681869
349.2200,0.476778
349.2400,0.396461
349.2600,0.280141
349.2800,0.289328
349.3000,0.388449
349.3200,0.666121
349.3400,0.916994
349.3600,1.716512
349.3800,2.779550
349.4000,2.734317
349.4200,1.421239
349.4400,0.801003
349.4600,0.678590
349.4800,0.825696
349.5000,0.730316
349.5200,0.644776
349.5400,0.460494
349.5600,0.262396
349.5800,0.190033
349.6000,0.320227
349.6200,0.352132
349.6400,0.981968
349.6600,2.633772
349.6800,3.600000
349.7000,2.967051
349.7200,2.049585
349.7400,1.712438
349.7600,0.968682
349.7800,0.556540
349.8000,0.458364
349.8200,0.309928
349.8400,0.316658
349.8600,0.665356
349.8800,1.641036
349.9000,2.848052
349.9200,3.600000
349.9400,3.600000
349.9600,2.653195
349.9800,1.641993
350.0000,1.004387
350.0200,0.602682
350.0400,0.350363
350.0600,0.315537
350.0800,0.388214
350.1000,0.263658
350.1200,0.169826
350.1400,0.287814
350.1600,0.292937
350.1800,0.295962
350.2000,0.287506
350.2200,0.266193
350.2400,0.242106
350.2600,0.648338
350.2800,1.317494
350.3000,2.500491
350.3200,3.219481
350.3400,2.668131
350.3600,1.702363
350.3800,1.127250
350.4000,0.795075
350.4200,0.496498
350.4400,0.502454
350.4600,0.479415
350.4800,0.330887
350.5000,0.255952
350.5200,0.261721
350.5400,0.320526
350.5600,0.752598
350.5800,1.658727
350.6000,2.754356
350.6200,2.360157
350.6400,2.358256
350.6600,3.012547
350.6800,2.027933
350.7000,1.320856
350.7200,1.413415
350.7400,1.930761
350.7600,3.016011
350.7800,3.600000
350.8000,2.580269
350.8200,3.053979
350.8400,3.600000
350.8600,3.554217
350.8800,0.121502
350.9000,0.207967
350.9200,0.287668
350.9400,0.322659
350.9600,0.434376
350.9800,0.322451
351.0000,0.191508
351.0200,0.370103
351.0400,0.491034
351.0600,0.286772
351.0800,0.156573
351.1000,0.129424
351.1200,0.602763
351.1400,0.665840
351.1600,0.458597
351.1800,0.313532
351.2000,0.189317
351.2200,0.417018
351.2400,0.979519
351.2600,2.187798
351.2800,2.621586
351.3000,3.029943
351.3200,3.392261
351.3400,3.434751
351.3600,3.412903
351.3800,3.131374
351.4000,2.725091
351.4200,2.417244
351.4400,2.089633
351.4600,1.934690
351.4800,1.514930
351.5000,1.493985
351.5200,1.387633
351.5400,1.252771
351.5600,1.023469
351.5800,0.929224
351.6000,1.011710
351.6200,0.808233
351.6400,0.893923
351.6600,1.225567
351.6800,1.162167
351.7000,0.637875
351.7200,0.427369
351.7400,0.688903
351.7600,1.000468
351.7800,1.005873
351.8000,1.182448
351.8200,1.142690
351.8400,0.721011
351.8600,0.626393
351.8800,1.368550
351.9000,1.745875
351.9200,1.857605
351.9400,2.546552
351.9600,3.493201
351.9800,3.600000
352.0000,3.509731
352.0200,3.598702
352.0400,3.078545
352.0600,2.066068
352.0800,1.440673
352.1000,1.112798
352.1200,1.347827
352.1400,1.980052
352.1600,1.969178
352.1800,2.711256
352.2000,3.224543
352.2200,2.608364
352.2400,2.386734
352.2600,2.864350
352.2800,3.121063
352.3000,2.119251
352.3200,2.022284
352.3400,2.945892
352.3600,3.534094
352.3800,3.600000
352.4000,3.600000
352.4200,3.600000
352.4400,3.600000
352.4600,3.600000
352.4800,3.600000
352.5000,3.600000
352.5200,3.600000
352.5400,3.600000
352.5600,3.549155
352.5800,2.878616
352.6000,2.450191
352.6200,1.564347
352.6400,1.132579
352.6600,0.725033
352.6800,0.443269
352.7000,0.561446
352.7200,0.712798
352.7400,1.293111
352.7600,2.751703
352.7800,3.600000
352.8000,3.474404
352.8200,3.074753
352.8400,3.079158
352.8600,2.607218
352.8800,2.495430
352.9000,3.181033
352.9200,3.600000
352.9400,3.600000
352.9600,3.600000
352.9800,3.600000
353.0000,3.600000
353.0200,3.204240
353.0400,2.145089
353.0600,1.163612
353.0800,0.776168
353.1000,0.488752
353.1200,0.327828
353.1400,0.200291
353.1600,0.173001
353.1800,0.353342
353.2000,0.676204
353.2200,1.392305
353.2400,1.071634
353.2600,1.017533
353.2800,0.704329
353.3000,0.421370
353.3200,0.405862
353.3400,0.369460
353.3600,0.306050
353.3800,0.315260
353.4000,0.518761
353.4200,0.677954
353.4400,1.639264
353.4600,1.817334
353.4800,1.290437
353.5000,0.717751
353.5200,0.389290
353.5400,0.258469
353.5600,0.302215
353.5800,0.374392
353.6000,0.397398
353.6200,0.545228
353.6400,0.562308
353.6600,0.496683
353.6800,0.338395
353.7000,0.641016
353.7200,1.818942
353.7400,2.174377
353.7600,1.936499
353.7800,1.144641
353.8000,0.625626
353.8200,0.745775
353.8400,0.551844
353.8600,0.321845
353.8800,0.317166
353.9000,0.252346
353.9200,0.146633
353.9400,0.334678
353.9600,0.643048
353.9800,1.752854
354.0000,2.620077
354.0200,1.701145
354.0400,0.957972
354.0600,0.546973
354.0800,0.491906
354.1000,0.402403
354.1200,0.424057
354.1400,0.667154
354.1600,0.573687
354.1800,0.430683
354.2000,0.426275
354.2200,0.268584
354.2400,0.789901
354.2600,2.419788
354.2800,3.091454
354.3000,2.569593
354.3200,1.438137
354.3400,0.901691
354.3600,0.681869
354.3800,0.476778
354.4000,0.396461
354.4200,0.280141
354.4400,0.289328
354.4600,0.388449
354.4800,0.666121
354.5000,0.916994
354.5200,1.716512
354.5400,2.779550
354.5600,2.734317
354.5800,1.421239
354.6000,0.801003
354.6200,0.678590
354.6400,0.825696
354.6600,0.730316
354.6800,0.644776
354.7000,0.460494
354.7200,0.262396
354.7400,0.190033
354.7600,0.320227
354.7800,0.352132
354.8000,0.981968
354.8200,2.633772
354.8400,3.600000
354.8600,2.967051
354.8800,2.049585
354.9000,1.712438
354.9200,0.968682
354.9400,0.556540
354.9600,0.458364
354.9800,0.309928
355.0000,0.316658
355.0200,0.665356
355.0400,1.641036
355.0600,2.848052
355.0800,3.600000
355.1000,3.600000
355.1200,2.653195
355.1400,1.641993
355.1600,1.004387
355.1800,0.602682
355.2000,0.350363
355.2200,0.315537
355.2400,0.388214
355.2600,0.263658
355.2800,0.169826
355.3000,0.287814
355.3200,0.292937
355.3400,0.295962
355.3600,0.287506
355.3800,0.266193
355.4000,0.242106
355.4200,0.648338
355.4400,1.317494
355.4600,2.500491
355.4800,3.219481
355.5000,2.668131
355.5200,1.702363
355.5400,1.127250
355.5600,0.795075
355.5800,0.496498
355.6000,0.502454
355.6200,0.479415
355.6400,0.330887
355.6600,0.255952
355.6800,0.261721
355.7000,0.320526
355.7200,0.752598
355.7400,1.658727
355.7600,2.754356
355.7800,2.360157
355.8000,2.358256
355.8200,3.012547
355.8400,2.027933
355.8600,1.320856
355.8800,1.413415
355.9000,1.930761
355.9200,3.016011
355.9400,3.600000
355.9600,2.580269
355.9800,3.053979
356.0000,3.600000
356.0200,3.554217
356.0400,0.121502
356.0600,0.207967
356.0800,0.287668
356.1000,0.322659
356.1200,0.434376
356.1400,0.322451
356.1600,0.191508
356.1800,0.370103
356.2000,0.491034
356.2200,0.286772
356.2400,0.156573
356.2600,0.129424
356.2800,0.602763
356.3000,0.665840
356.3200,0.458597
356.3400,0.313532
356.3600,0.189317
356.3800,0.417018
356.4000,0.979519
356.4200,2.187798
356.4400,2.621586
356.4600,3.029943
356.4800,3.392261
356.5000,3.434751
356.5200,3.412903
356.5400,3.131374
356.5600,2.725091
356.5800,2.417244
356.6000,2.089633
356.6200,1.934690
356.6400,1.514930
356.6600,1.493985
356.6800,1.387633
356.7000,1.252771
356.7200,1.023469
356.7400,0.929224
356.7600,1.011710
356.7800,0.808233
356.8000,0.893923
356.8200,1.225567
356.8400,1.162167
356.8600,0.637875
356.8800,0.427369
356.9000,0.688903
356.9200,1.000468
356.9400,1.005873
356.9600,1.182448
356.9800,1.142690
357.0000,0.721011
357.0200,0.626393
357.0400,1.368550
357.0600,1.745875
357.0800,1.857605
357.1000,2.546552
357.1200,3.493201
357.1400,3.600000
357.1600,3.509731
357.1800,3.598702
357.2000,3.078545
357.2200,2.066068
357.2400,1.440673
357.2600,1.112798
357.2800,1.347827
357.3000,1.980052
357.3200,1.969178
357.3400,2.711256
357.3600,3.224543
357.3800,2.608364
357.4000,2.386734
357.4200,2.864350
357.4400,3.121063
357.4600,2.119251
357.4800,2.022284
357.5000,2.945892
357.5200,3.534094
357.5400,3.600000
357.5600,3.600000
357.5800,3.600000
357.6000,3.600000
357.6200,3.600000
357.6400,3.600000
357.6600,3.600000
357.6800,3.600000
357.7000,3.600000
357.7200,3.549155
357.7400,2.878616
357.7600,2.450191
357.7800,1.564347
357.8000,1.132579
357.8200,0.725033
357.8400,0.443269
357.8600,0.561446
357.8800,0.712798
357.9000,1.293111
357.9200,2.751703
357.9400,3.600000
357.9600,3.474404
357.9800,3.074753
358.0000,3.079158
358.0200,2.607218
358.0400,2.495430
358.0600,3.181033
358.0800,3.600000
358.1000,3.600000
358.1200,3.600000
358.1400,3.600000
358.1600,3.600000
358.1800,3.204240
358.2000,2.145089
358.2200,1.163612
358.2400,0.776168
358.2600,0.488752
358.2800,0.327828
358.3000,0.200291
358.3200,0.173001
358.3400,0.353342
358.3600,0.676204
358.3800,1.392305
358.4000,1.071634
358.4200,1.017533
358.4400,0.704329
358.4600,0.421370
358.4800,0.405862
358.5000,0.369460
358.5200,0.306050
358.5400,0.315260
358.5600,0.518761
358.5800,0.677954
358.6000,1.639264
358.6200,1.817334
358.6400,1.290437
358.6600,0.717751
358.6800,0.389290
358.7000,0.258469
358.7200,0.302215
358.7400,0.374392
358.7600,0.397398
358.7800,0.545228
358.8000,0.562308
358.8200,0.496683
358.8400,0.338395
358.8600,0.641016
358.8800,1.818942
358.9000,2.174377
358.9200,1.936499
358.9400,1.144641
358.9600,0.625626
358.9800,0.745775
359.0000,0.551844
359.0200,0.321845
359.0400,0.317166
359.0600,0.252346
359.0800,0.146633
359.1000,0.334678
359.1200,0.643048
359.1400,1.752854
359.1600,2.620077
359.1800,1.701145
359.2000,0.957972
359.2200,0.546973
359.2400,0.491906
359.2600,0.402403
359.2800,0.424057
359.3000,0.667154
359.3200,0.573687
359.3400,0.430683
359.3600,0.426275
359.3800,0.268584
359.4000,0.789901
359.4200,2.419788
359.4400,3.091454
359.4600,2.569593
359.4800,1.438137
359.5000,0.901691
359.5200,0.681869
359.5400,0.476778
359.5600,0.396461
359.5800,0.280141
359.6000,0.289328
359.6200,0.388449
359.6400,0.666121
359.6600,0.916994
359.6800,1.716512
359.7000,2.779550
359.7200,2.734317
359.7400,1.421239
359.7600,0.801003
359.7800,0.678590
359.8000,0.825696
359.8200,0.730316
359.8400,0.644776
359.8600,0.460494
359.8800,0.262396
359.9000,0.190033
359.9200,0.320227
359.9400,0.352132
359.9600,0.981968
359.9800,2.633772
360.0000,3.600000
360.0200,2.967051
360.0400,2.049585
360.0600,1.712438
360.0800,0.968682
360.1000,0.556540
360.1200,0.458364
360.1400,0.309928
360.1600,0.316658
360.1800,0.665356
360.2000,1.641036
360.2200,2.848052
360.2400,3.600000
360.2600,3.600000
360.2800,2.653195
360.3000,1.641993
360.3200,1.004387
360.3400,0.602682
360.3600,0.350363
360.3800,0.315537
360.4000,0.388214
360.4200,0.263658
360.4400,0.169826
360.4600,0.287814
360.4800,0.292937
360.5000,0.295962
360.5200,0.287506
360.5400,0.266193
360.5600,0.242106
360.5800,0.648338
360.6000,1.317494
360.6200,2.500491
360.6400,3.219481
360.6600,2.668131
360.6800,1.702363
360.7000,1.127250
360.7200,0.795075
360.7400,0.496498
360.7600,0.502454
360.7800,0.479415
360.8000,0.330887
360.8200,0.255952
360.8400,0.261721
360.8600,0.320526
360.8800,0.752598
360.9000,1.658727
360.9200,2.754356
360.9400,2.360157
360.9600,2.358256
360.9800,3.012547
361.0000,2.027933
361.0200,1.320856
361.0400,1.413415
361.0600,1.930761
361.0800,3.016011
361.1000,3.600000
361.1200,2.580269
361.1400,3.053979
361.1600,3.600000
361.1800,3.554217
361.2000,0.121502
361.2200,0.207967
361.2400,0.287668
361.2600,0.322659
361.2800,0.434376
361.3000,0.322451
361.3200,0.191508
361.3400,0.370103
361.3600,0.491034
361.3800,0.286772
361.4000,0.156573
361.4200,0.129424
361.4400,0.602763
361.4600,0.665840
361.4800,0.458597
361.5000,0.313532
361.5200,0.189317
361.5400,0.417018
361.5600,0.979519
361.5800,2.187798
361.6000,2.621586
361.6200,3.029943
361.6400,3.392261
361.6600,3.434751
361.6800,3.412903
361.7000,3.131374
361.7200,2.725091
361.7400,2.417244
361.7600,2.089633
361.7800,1.934690
361.8000,1.514930
361.8200,1.493985
361.8400,1.387633
361.8600,1.252771
361.8800,1.023469
361.9000,0.929224
361.9200,1.011710
361.9400,0.808233
361.9600,0.893923
361.9800,1.225567
362.0000,1.162167
362.0200,0.637875
362.0400,0.427369
362.0600,0.688903
362.0800,1.000468
362.1000,1.005873
362.1200,1.182448
362.1400,1.142690
362.1600,0.721011
362.1800,0.626393
362.2000,1.368550
362.2200,1.745875
362.2400,1.857605
362.2600,2.546552
362.2800,3.493201
362.3000,3.600000
362.3200,3.509731
362.3400,3.598702
362.3600,3.078545
362.3800,2.066068
362.4000,1.440673
362.4200,1.112798
362.4400,1.347827
362.4600,1.980052
362.4800,1.969178
362.5000,2.711256
362.5200,3.224543
362.5400,2.608364
362.5600,2.386734
362.5800,2.864350
362.6000,3.121063
362.6200,2.119251
362.6400,2.022284
362.6600,2.945892
362.6800,3.534094
362.7000,3.600000
362.7200,3.600000
362.7400,3.600000
362.7600,3.600000
362.7800,3.600000
362.8000,3.600000
362.8200,3.600000
362.8400,3.600000
362.8600,3.600000
362.8800,3.549155
362.9000,2.878616
362.9200,2.450191
362.9400,1.564347
362.9600,1.132579
362.9800,0.725033
363.0000,0.443269
363.0200,0.561446
363.0400,0.712798
363.0600,1.293111
363.0800,2.751703
363.1000,3.600000
363.1200,3.474404
363.1400,3.074753
363.1600,3.079158
363.1800,2.607218
363.2000,2.495430
363.2200,3.181033
363.2400,3.600000
363.2600,3.600000
363.2800,3.600000
363.3000,3.600000
363.3200,3.600000
363.3400,3.204240
363.3600,2.145089
363.3800,1.163612
363.4000,0.776168
363.4200,0.488752
363.4400,0.327828
363.4600,0.200291
363.4800,0.173001
363.5000,0.353342
363.5200,0.676204
363.5400,1.392305
363.5600,1.071634
363.5800,1.017533
363.6000,0.704329
363.6200,0.421370
363.6400,0.405862
363.6600,0.369460
363.6800,0.306050
363.7000,0.315260
363.7200,0.518761
363.7400,0.677954
363.7600,1.639264
363.7800,1.817334
363.8000,1.290437
363.8200,0.717751
363.8400,0.389290
363.8600,0.258469
363.8800,0.302215
363.9000,0.374392
363.9200,0.397398
363.9400,0.545228
363.9600,0.562308
363.9800,0.496683
364.0000,0.338395
364.0200,0.641016
364.0400,1.818942
364.0600,2.174377
364.0800,1.936499
364.1000,1.144641
364.1200,0.625626
364.1400,0.745775
364.1600,0.551844
364.1800,0.321845
364.2000,0.317166
364.2200,0.252346
364.2400,0.146633
364.2600,0.334678
364.2800,0.643048
364.3000,1.752854
364.3200,2.620077
364.3400,1.701145
364.3600,0.957972
364.3800,0.546973
364.4000,0.491906
364.4200,0.402403
364.4400,0.424057
364.4600,0.667154
364.4800,0.573687
364.5000,0.430683
364.5200,0.426275
364.5400,0.268584
364.5600,0.789901
364.5800,2.419788
364.6000,3.091454
364.6200,2.569593
364.6400,1.438137
364.6600,0.901691
364.6800,0.681869
364.7000,0.476778
364.7200,0.396461
364.7400,0.280141
364.7600,0.289328
364.7800,0.388449
364.8000,0.666121
364.8200,0.916994
364.8400,1.716512
364.8600,2.779550
364.8800,2.734317
364.9000,1.421239
364.9200,0.801003
364.9400,0.678590
364.9600,0.825696
364.9800,0.730316
365.0000,0.644776
365.0200,0.460494
365.0400,0.262396
365.0600,0.190033
365.0800,0.320227
365.1000,0.352132
365.1200,0.981968
365.1400,2.633772
365.1600,3.600000
365.1800,2.967051
365.2000,2.049585
365.2200,1.712438
365.2400,0.968682
365.2600,0.556540
365.2800,0.458364
365.3000,0.309928
365.3200,0.316658
365.3400,0.665356
365.3600,1.641036
365.3800,2.848052
365.4000,3.600000
365.4200,3.600000
365.4400,2.653195
365.4600,1.641993
365.4800,1.004387
365.5000,0.602682
365.5200,0.350363
365.5400,0.315537
365.5600,0.388214
365.5800,0.263658
365.6000,0.169826
365.6200,0.287814
365.6400,0.292937
365.6600,0.295962
365.6800,0.287506
365.7000,0.266193
365.7200,0.242106
365.7400,0.648338
365.7600,1.317494
365.7800,2.500491
365.8000,3.219481
365.8200,2.668131
365.8400,1.702363
365.8600,1.127250
365.8800,0.795075
365.9000,0.496498
365.9200,0.502454
365.9400,0.479415
365.9600,0.330887
365.9800,0.255952
366.0000,0.261721
366.0200,0.320526
366.0400,0.752598
366.0600,1.658727
366.0800,2.754356
366.1000,2.360157
366.1200,2.358256
366.1400,3.012547
366.1600,2.027933
366.1800,1.320856
366.2000,1.413415
366.2200,1.930761
366.2400,3.016011
366.2600,3.600000
366.2800,2.580269
366.3000,3.053979
366.3200,3.600000
366.3400,3.554217
366.3600,0.121502
366.3800,0.207967
366.4000,0.287668
366.4200,0.322659
366.4400,0.434376
366.4600,0.322451
366.4800,0.191508
366.5000,0.370103
366.5200,0.491034
366.5400,0.286772
366.5600,0.156573
366.5800,0.129424
366.6000,0.602763
366.6200,0.665840
366.6400,0.458597
366.6600,0.313532
366.6800,0.189317
366.7000,0.417018
366.7200,0.979519
366.7400,2.187798
366.7600,2.621586
366.7800,3.029943
366.8000,3.392261
366.8200,3.434751
366.8400,3.412903
366.8600,3.131374
366.8800,2.725091
366.9000,2.417244
366.9200,2.089633
366.9400,1.934690
366.9600,1.514930
366.9800,1.493985
367.0000,1.387633
367.0200,1.252771
367.0400,1.023469
367.0600,0.929224
367.0800,1.011710
367.1000,0.808233
367.1200,0.893923
367.1400,1.225567
367.1600,1.162167
367.1800,0.637875
367.2000,0.427369
367.2200,0.688903
367.2400,1.000468
367.2600,1.005873
367.2800,1.182448
367.3000,1.142690
367.3200,0.721011
367.3400,0.626393
367.3600,1.368550
367.3800,1.745875
367.4000,1.857605
367.4200,2.546552
367.4400,3.493201
367.4600,3.600000
367.4800,3.509731
367.5000,3.598702
367.5200,3.078545
367.5400,2.066068
367.5600,1.440673
367.5800,1.112798
367.6000,1.347827
367.6200,1.980052
367.6400,1.969178
367.6600,2.711256
367.6800,3.224543
367.7000,2.608364
367.7200,2.386734
367.7400,2.864350
367.7600,3.121063
367.7800,2.119251
367.8000,2.022284
367.8200,2.945892
367.8400,3.534094
367.8600,3.600000
367.8800,3.600000
367.9000,3.600000
367.9200,3.600000
367.9400,3.600000
367.9600,3.600000
367.9800,3.600000
368.0000,3.600000
368.0200,3.600000
368.0400,3.549155
368.0600,2.878616
368.0800,2.450191
368.1000,1.564347
368.1200,1.132579
368.1400,0.725033
368.1600,0.443269
368.1800,0.561446
368.2000,0.712798
368.2200,1.293111
368.2400,2.751703
368.2600,3.600000
368.2800,3.474404
368.3000,3.074753
368.3200,3.079158
368.3400,2.607218
368.3600,2.495430
368.3800,3.181033
368.4000,3.600000
368.4200,3.600000
368.4400,3.600000
368.4600,3.600000
368.4800,3.600000
368.5000,3.204240
368.5200,2.145089
368.5400,1.163612
368.5600,0.776168
368.5800,0.488752
368.6000,0.327828
368.6200,0.200291
368.6400,0.173001
368.6600,0.353342
368.6800,0.676204
368.7000,1.392305
368.7200,1.071634
368.7400,1.017533
368.7600,0.704329
368.7800,0.421370
368.8000,0.405862
368.8200,0.369460
368.8400,0.306050
368.8600,0.315260
368.8800,0.518761
368.9000,0.677954
368.9200,1.639264
368.9400,1.817334
368.9600,1.290437
368.9800,0.717751
369.0000,0.389290
369.0200,0.258469
369.0400,0.302215
369.0600,0.374392
369.0800,0.397398
369.1000,0.545228
369.1200,0.562308
369.1400,0.496683
369.1600,0.338395
369.1800,0.641016
369.2000,1.818942
369.2200,2.174377
369.2400,1.936499
369.2600,1.144641
369.2800,0.625626
369.3000,0.745775
369.3200,0.551844
369.3400,0.321845
369.3600,0.317166
369.3800,0.252346
369.4000,0.146633
369.4200,0.334678
369.4400,0.643048
369.4600,1.752854
369.4800,2.620077
369.5000,1.701145
369.5200,0.957972
369.5400,0.546973
369.5600,0.491906
369.5800,0.402403
369.6000,0.424057
369.6200,0.667154
369.6400,0.573687
369.6600,0.430683
369.6800,0.426275
369.7000,0.268584
369.7200,0.789901
369.7400,2.419788
369.7600,3.091454
369.7800,2.569593
369.8000,1.438137
369.8200,0.901691
369.8400,0.681869
369.8600,0.476778
369.8800,0.396461
369.9000,0.280141
369.9200,0.289328
369.9400,0.388449
369.9600,0.666121
369.9800,0.916994
370.0000,1.716512
370.0200,2.779550
370.0400,2.734317
370.0600,1.421239
370.0800,0.801003
370.1000,0.678590
370.1200,0.825696
370.1400,0.730316
370.1600,0.644776
370.1800,0.460494
370.2000,0.262396
370.2200,0.190033
370.2400,0.320227
370.2600,0.352132
370.2800,0.981968
370.3000,2.633772
370.3200,3.600000
370.3400,2.967051
370.3600,2.049585
370.3800,1.712438
370.4000,0.968682
370.4200,0.556540
370.4400,0.458364
370.4600,0.309928
370.4800,0.316658
370.5000,0.665356
370.5200,1.641036
370.5400,2.848052
370.5600,3.600000
370.5800,3.600000
370.6000,2.653195
370.6200,1.641993
370.6400,1.004387
370.6600,0.602682
370.6800,0.350363
370.7000,0.315537
370.7200,0.388214
370.7400,0.263658
370.7600,0.169826
370.7800,0.287814
370.8000,0.292937
370.8200,0.295962
370.8400,0.287506
370.8600,0.266193
370.8800,0.242106
370.9000,0.648338
370.9200,1.317494
370.9400,2.500491
370.9600,3.219481
370.9800,2.668131
371.0000,1.702363
371.0200,1.127250
371.0400,0.795075
371.0600,0.496498
371.0800,0.502454
371.1000,0.479415
371.1200,0.330887
371.1400,0.255952
371.1600,0.261721
371.1800,0.320526
371.2000,0.752598
371.2200,1.658727
371.2400,2.754356
371.2600,2.360157
371.2800,2.358256
371.3000,3.012547
371.3200,2.027933
371.3400,1.320856
371.3600,1.413415
371.3800,1.930761
371.4000,3.016011
371.4200,3.600000
371.4400,2.580269
371.4600,3.053979
371.4800,3.600000
371.5000,3.554217
371.5200,0.121502
371.5400,0.207967
371.5600,0.287668
371.5800,0.322659
371.6000,0.434376
371.6200,0.322451
371.6400,0.191508
371.6600,0.370103
371.6800,0.491034
371.7000,0.286772
371.7200,0.156573
371.7400,0.129424
371.7600,0.602763
371.7800,0.665840
371.8000,0.458597
371.8200,0.313532
371.8400,0.189317
371.8600,0.417018
371.8800,0.979519
371.9000,2.187798
371.9200,2.621586
371.9400,3.029943
371.9600,3.392261
371.9800,3.434751
372.0000,3.412903
372.0200,3.131374
372.0400,2.725091
372.0600,2.417244
372.0800,2.089633
372.1000,1.934690
372.1200,1.514930
372.1400,1.493985
372.1600,1.387633
372.1800,1.252771
372.2000,1.023469
372.2200,0.929224
372.2400,1.011710
372.2600,0.808233
372.2800,0.893923
372.3000,1.225567
372.3200,1.162167
372.3400,0.637875
372.3600,0.427369
372.3800,0.688903
372.4000,1.000468
372.4200,1.005873
372.4400,1.182448
372.4600,1.142690
372.4800,0.721011
372.5000,0.626393
372.5200,1.368550
372.5400,1.745875
372.5600,1.857605
372.5800,2.546552
372.6000,3.493201
372.6200,3.600000
372.6400,3.509731
372.6600,3.598702
372.6800,3.078545
372.7000,2.066068
372.7200,1.440673
372.7400,1.112798
372.7600,1.347827
372.7800,1.980052
372.8000,1.969178
372.8200,2.711256
372.8400,3.224543
372.8600,2.608364
372.8800,2.386734
372.9000,2.864350
372.9200,3.121063
372.9400,2.119251
372.9600,2.022284
372.9800,2.945892
373.0000,3.534094
373.0200,3.600000
373.0400,3.600000
373.0600,3.600000
373.0800,3.600000
373.1000,3.600000
373.1200,3.600000
373.1400,3.600000
373.1600,3.600000
373.1800,3.600000
373.2000,3.549155
373.2200,2.878616
373.2400,2.450191
373.2600,1.564347
373.2800,1.132579
373.3000,0.725033
373.3200,0.443269
373.3400,0.561446
373.3600,0.712798
373.3800,1.293111
373.4000,2.751703
373.4200,3.600000
373.4400,3.474404
373.4600,3.074753
373.4800,3.079158
373.5000,2.607218
373.5200,2.495430
373.5400,3.181033
373.5600,3.600000
373.5800,3.600000
373.6000,3.600000
373.6200,3.600000
373.6400,3.600000
373.6600,3.204240
373.6800,2.145089
373.7000,1.163612
373.7200,0.776168
373.7400,0.488752
373.7600,0.327828
373.7800,0.200291
373.8000,0.173001
373.8200,0.353342
373.8400,0.676204
373.8600,1.392305
373.8800,1.071634
373.9000,1.017533
373.9200,0.704329
373.9400,0.421370
373.9600,0.405862
373.9800,0.369460
374.0000,0.306050
374.0200,0.315260
374.0400,0.518761
374.0600,0.677954
374.0800,1.639264
374.1000,1.817334
374.1200,1.290437
374.1400,0.717751
374.1600,0.389290
374.1800,0.258469
374.2000,0.302215
374.2200,0.374392
374.2400,0.397398
374.2600,0.545228
374.2800,0.562308
374.3000,0.496683
374.3200,0.338395
374.3400,0.641016
374.3600,1.818942
374.3800,2.174377
374.4000,1.936499
374.4200,1.144641
374.4400,0.625626
374.4600,0.745775
374.4800,0.551844
374.5000,0.321845
374.5200,0.317166
374.5400,0.252346
374.5600,0.146633
374.5800,0.334678
374.6000,0.643048
374.6200,1.752854
374.6400,2.620077
374.6600,1.701145
374.6800,0.957972
374.7000,0.546973
374.7200,0.491906
374.7400,0.402403
374.7600,0.424057
374.7800,0.667154
374.8000,0.573687
374.8200,0.430683
374.8400,0.426275
374.8600,0.268584
374.8800,0.789901
374.9000,2.419788
374.9200,3.091454
374.9400,2.569593
374.9600,1.438137
374.9800,0.901691
375.0000,0.681869
375.0200,0.476778
375.0400,0.396461
375.0600,0.280141
375.0800,0.289328
375.1000,0.388449
375.1200,0.666121
375.1400,0.916994
375.1600,1.716512
375.1800,2.779550
375.2000,2.734317
375.2200,1.421239
375.2400,0.801003
375.2600,0.678590
375.2800,0.825696
375.3000,0.730316
375.3200,0.644776
375.3400,0.460494
375.3600,0.262396
375.3800,0.190033
375.4000,0.320227
375.4200,0.352132
375.4400,0.981968
375.4600,2.633772
375.4800,3.600000
375.5000,2.967051
375.5200,2.049585
375.5400,1.712438
375.5600,0.968682
375.5800,0.556540
375.6000,0.458364
375.6200,0.309928
375.6400,0.316658
375.6600,0.665356
375.6800,1.641036
375.7000,2.848052
375.7200,3.600000
375.7400,3.600000
375.7600,2.653195
375.7800,1.641993
375.8000,1.004387
375.8200,0.602682
375.8400,0.350363
375.8600,0.315537
375.8800,0.388214
375.9000,0.263658
375.9200,0.169826
375.9400,0.287814
375.9600,0.292937
375.9800,0.295962
376.0000,0.287506
376.0200,0.266193
376.0400,0.242106
376.0600,0.648338
376.0800,1.317494
376.1000,2.500491
376.1200,3.219481
376.1400,2.668131
376.1600,1.702363
376.1800,1.127250
376.2000,0.795075
376.2200,0.496498
376.2400,0.502454
376.2600,0.479415
376.2800,0.330887
376.3000,0.255952
376.3200,0.261721
376.3400,0.320526
376.3600,0.752598
376.3800,1.658727
376.4000,2.754356
376.4200,2.360157
376.4400,2.358256
376.4600,3.012547
376.4800,2.027933
376.5000,1.320856
376.5200,1.413415
376.5400,1.930761
376.5600,3.016011
376.5800,3.600000
376.6000,2.580269
376.6200,3.053979
376.6400,3.600000
376.6600,3.554217
376.6800,0.121502
376.7000,0.207967
376.7200,0.287668
376.7400,0.322659
376.7600,0.434376
376.7800,0.322451
376.8000,0.191508
376.8200,0.370103
376.8400,0.491034
376.8600,0.286772
376.8800,0.156573
376.9000,0.129424
376.9200,0.602763
376.9400,0.665840
376.9600,0.458597
376.9800,0.313532
377.0000,0.189317
377.0200,0.417018
377.0400,0.979519
377.0600,2.187798
377.0800,2.621586
377.1000,3.029943
377.1200,3.392261
377.1400,3.434751
377.1600,3.412903
377.1800,3.131374
377.2000,2.725091
377.2200,2.417244
377.2400,2.089633
377.2600,1.934690
377.2800,1.514930
377.3000,1.493985
377.3200,1.387633
377.3400,1.252771
377.3600,1.023469
377.3800,0.929224
377.4000,1.011710
377.4200,0.808233
377.4400,0.893923
377.4600,1.225567
377.4800,1.162167
377.5000,0.637875
377.5200,0.427369
377.5400,0.688903
377.5600,1.000468
377.5800,1.005873
377.6000,1.182448
377.6200,1.142690
377.6400,0.721011
377.6600,0.626393
377.6800,1.368550
377.7000,1.745875
377.7200,1.857605
377.7400,2.546552
377.7600,3.493201
377.7800,3.600000
377.8000,3.509731
377.8200,3.598702
377.8400,3.078545
377.8600,2.066068
377.8800,1.440673
377.9000,1.112798
377.9200,1.347827
377.9400,1.980052
377.9600,1.969178
377.9800,2.711256
378.0000,3.224543
378.0200,2.608364
378.0400,2.386734
378.0600,2.864350
378.0800,3.121063
378.1000,2.119251
378.1200,2.022284
378.1400,2.945892
378.1600,3.534094
378.1800,3.600000
378.2000,3.600000
378.2200,3.600000
378.2400,3.600000
378.2600,3.600000
378.2800,3.600000
378.3000,3.600000
378.3200,3.600000
378.3400,3.600000
378.3600,3.549155
378.3800,2.878616
378.4000,2.450191
378.4200,1.564347
378.4400,1.132579
378.4600,0.725033
378.4800,0.443269
378.5000,0.561446
378.5200,0.712798
378.5400,1.293111
378.5600,2.751703
378.5800,3.600000
378.6000,3.474404
378.6200,3.074753
378.6400,3.079158
378.6600,2.607218
378.6800,2.495430
378.7000,3.181033
378.7200,3.600000
378.7400,3.600000
378.7600,3.600000
378.7800,3.600000
378.8000,3.600000
378.8200,3.204240
378.8400,2.145089
378.8600,1.163612
378.8800,0.776168
378.9000,0.488752
378.9200,0.327828
378.9400,0.200291
378.9600,0.173001
378.9800,0.353342
379.0000,0.676204
379.0200,1.392305
379.0400,1.071634
379.0600,1.017533
379.0800,0.704329
379.1000,0.421370
379.1200,0.405862
379.1400,0.369460
379.1600,0.306050
379.1800,0.315260
379.2000,0.518761
379.2200,0.677954
379.2400,1.639264
379.2600,1.817334
379.2800,1.290437
379.3000,0.717751
379.3200,0.389290
379.3400,0.258469
379.3600,0.302215
379.3800,0.374392
379.4000,0.397398
379.4200,0.545228
379.4400,0.562308
379.4600,0.496683
379.4800,0.338395
379.5000,0.641016
379.5200,1.818942
379.5400,2.174377
379.5600,1.936499
379.5800,1.144641
379.6000,0.625626
379.6200,0.745775
379.6400,0.551844
379.6600,0.321845
379.6800,0.317166
379.7000,0.252346
379.7200,0.146633
379.7400,0.334678
379.7600,0.643048
379.7800,1.752854
379.8000,2.620077
379.8200,1.701145
379.8400,0.957972
379.8600,0.546973
379.8800,0.491906
379.9000,0.402403
379.9200,0.424057
379.9400,0.667154
379.9600,0.573687
379.9800,0.430683
380.0000,0.426275
380.0200,0.268584
380.0400,0.789901
380.0600,2.419788
380.0800,3.091454
380.1000,2.569593
380.1200,1.438137
380.1400,0.901691
380.1600,0.681869
380.1800,0.476778
380.2000,0.396461
380.2200,0.280141
380.2400,0.289328
380.2600,0.388449
380.2800,0.666121
380.3000,0.916994
380.3200,1.716512
380.3400,2.779550
380.3600,2.734317
380.3800,1.421239
380.4000,0.801003
380.4200,0.678590
380.4400,0.825696
380.4600,0.730316
380.4800,0.644776
380.5000,0.460494
380.5200,0.262396
380.5400,0.190033
380.5600,0.320227
380.5800,0.352132
380.6000,0.981968
380.6200,2.633772
380.6400,3.600000
380.6600,2.967051
380.6800,2.049585
380.7000,1.712438
380.7200,0.968682
380.7400,0.556540
380.7600,0.458364
380.7800,0.309928
380.8000,0.316658
380.8200,0.665356
380.8400,1.641036
380.8600,2.848052
380.8800,3.600000
380.9000,3.600000
380.9200,2.653195
380.9400,1.641993
380.9600,1.004387
380.9800,0.602682
381.0000,0.350363
381.0200,0.315537
381.0400,0.388214
381.0600,0.263658
381.0800,0.169826
381.1000,0.287814
381.1200,0.292937
381.1400,0.295962
381.1600,0.287506
381.1800,0.266193
381.2000,0.242106
381.2200,0.648338
381.2400,1.317494
381.2600,2.500491
381.2800,3.219481
381.3000,2.668131
381.3200,1.702363
381.3400,1.127250
381.3600,0.795075
381.3800,0.496498
381.4000,0.502454
381.4200,0.479415
381.4400,0.330887
381.4600,0.255952
381.4800,0.261721
381.5000,0.320526
381.5200,0.752598
381.5400,1.658727
381.5600,2.754356
381.5800,2.360157
381.6000,2.358256
381.6200,3.012547
381.6400,2.027933
381.6600,1.320856
381.6800,1.413415
381.7000,1.930761
381.7200,3.016011
381.7400,3.600000
381.7600,2.580269
381.7800,3.053979
381.8000,3.600000
381.8200,3.554217
381.8400,0.121502
381.8600,0.207967
381.8800,0.287668
381.9000,0.322659
381.9200,0.434376
381.9400,0.322451
381.9600,0.191508
381.9800,0.370103
382.0000,0.491034
382.0200,0.286772
382.0400,0.156573
382.0600,0.129424
382.0800,0.602763
382.1000,0.665840
382.1200,0.458597
382.1400,0.313532
382.1600,0.189317
382.1800,0.417018
382.2000,0.979519
382.2200,2.187798
382.2400,2.621586
382.2600,3.029943
382.2800,3.392261
382.3000,3.434751
382.3200,3.412903
382.3400,3.131374
382.3600,2.725091
382.3800,2.417244
382.4000,2.089633
382.4200,1.934690
382.4400,1.514930
382.4600,1.493985
382.4800,1.387633
382.5000,1.252771
382.5200,1.023469
382.5400,0.929224
382.5600,1.011710
382.5800,0.808233
382.6000,0.893923
382.6200,1.225567
382.6400,1.162167
382.6600,0.637875
382.6800,0.427369
382.7000,0.688903
382.7200,1.000468
382.7400,1.005873
382.7600,1.182448
382.7800,1.142690
382.8000,0.721011
382.8200,0.626393
382.8400,1.368550
382.8600,1.745875
382.8800,1.857605
382.9000,2.546552
382.9200,3.493201
382.9400,3.600000
382.9600,3.509731
382.9800,3.598702
383.0000,3.078545
383.0200,2.066068
383.0400,1.440673
383.0600,1.112798
383.0800,1.347827
383.1000,1.980052
383.1200,1.969178
383.1400,2.711256
383.1600,3.224543
383.1800,2.608364
383.2000,2.386734
383.2200,2.864350
383.2400,3.121063
383.2600,2.119251
383.2800,2.022284
383.3000,2.945892
383.3200,3.534094
383.3400,3.600000
383.3600,3.600000
383.3800,3.600000
383.4000,3.600000
383.4200,3.600000
383.4400,3.600000
383.4600,3.600000
383.4800,3.600000
383.5000,3.600000
383.5200,3.549155
383.5400,2.878616
383.5600,2.450191
383.5800,1.564347
383.6000,1.132579
383.6200,0.725033
383.6400,0.443269
383.6600,0.561446
383.6800,0.712798
383.7000,1.293111
383.7200,2.751703
383.7400,3.600000
383.7600,3.474404
383.7800,3.074753
383.8000,3.079158
383.8200,2.607218
383.8400,2.495430
383.8600,3.181033
383.8800,3.600000
383.9000,3.600000
383.9200,3.600000
383.9400,3.600000
383.9600,3.600000
383.9800,3.204240
384.0000,2.145089
384.0200,1.163612
384.0400,0.776168
384.0600,0.488752
384.0800,0.327828
384.1000,0.200291
384.1200,0.173001
384.1400,0.353342
384.1600,0.676204
384.1800,1.392305
384.2000,1.071634
384.2200,1.017533
384.2400,0.704329
384.2600,0.421370
384.2800,0.405862
384.3000,0.369460
384.3200,0.306050
384.3400,0.315260
384.3600,0.518761
384.3800,0.677954
384.4000,1.639264
384.4200,1.817334
384.4400,1.290437
384.4600,0.717751
384.4800,0.389290
384.5000,0.258469
384.5200,0.302215
384.5400,0.374392
384.5600,0.397398
384.5800,0.545228
384.6000,0.562308
384.6200,0.496683
384.6400,0.338395
384.6600,0.641016
384.6800,1.818942
384.7000,2.174377
384.7200,1.936499
384.7400,1.144641
384.7600,0.625626
384.7800,0.745775
384.8000,0.551844
384.8200,0.321845
384.8400,0.317166
384.8600,0.252346
384.8800,0.146633
384.9000,0.334678
384.9200,0.643048
384.9400,1.752854
384.9600,2.620077
384.9800,1.701145
385.0000,0.957972
385.0200,0.546973
385.0400,0.491906
385.0600,0.402403
385.0800,0.424057
385.1000,0.667154
385.1200,0.573687
385.1400,0.430683
385.1600,0.426275
385.1800,0.268584
385.2000,0.789901
385.2200,2.419788
385.2400,3.091454
385.2600,2.569593
385.2800,1.438137
385.3000,0.901691
385.3200,0.681869
385.3400,0.476778
385.3600,0.396461
385.3800,0.280141
385.4000,0.289328
385.4200,0.388449
385.4400,0.666121
385.4600,0.916994
385.4800,1.716512
385.5000,2.779550
385.5200,2.734317
385.5400,1.421239
385.5600,0.801003
385.5800,0.678590
385.6000,0.825696
385.6200,0.730316
385.6400,0.644776
385.6600,0.460494
385.6800,0.262396
385.7000,0.190033
385.7200,0.320227
385.7400,0.352132
385.7600,0.981968
385.7800,2.633772
385.8000,3.600000
385.8200,2.967051
385.8400,2.049585
385.8600,1.712438
385.8800,0.968682
385.9000,0.556540
385.9200,0.458364
385.9400,0.309928
385.9600,0.316658
385.9800,0.665356
386.0000,1.641036
386.0200,2.848052
386.0400,3.600000
386.0600,3.600000
386.0800,2.653195
386.1000,1.641993
386.1200,1.004387
386.1400,0.602682
386.1600,0.350363
386.1800,0.315537
386.2000,0.388214
386.2200,0.263658
386.2400,0.169826
386.2600,0.287814
386.2800,0.292937
386.3000,0.295962
386.3200,0.287506
386.3400,0.266193
386.3600,0.242106
386.3800,0.648338
386.4000,1.317494
386.4200,2.500491
386.4400,3.219481
386.4600,2.668131
386.4800,1.702363
386.5000,1.127250
386.5200,0.795075
386.5400,0.496498
386.5600,0.502454
386.5800,0.479415
386.6000,0.330887
386.6200,0.255952
386.6400,0.261721
386.6600,0.320526
386.6800,0.752598
386.7000,1.658727
386.7200,2.754356
386.7400,2.360157
386.7600,2.358256
386.7800,3.012547
386.8000,2.027933
386.8200,1.320856
386.8400,1.413415
386.8600,1.930761
386.8800,3.016011
386.9000,3.600000
386.9200,2.580269
386.9400,3.053979
386.9600,3.600000
386.9800,3.554217
387.0000,0.121502
387.0200,0.207967
387.0400,0.287668
387.0600,0.322659
387.0800,0.434376
387.1000,0.322451
387.1200,0.191508
387.1400,0.370103
387.1600,0.491034
387.1800,0.286772
387.2000,0.156573
387.2200,0.129424
387.2400,0.602763
387.2600,0.665840
387.2800,0.458597
387.3000,0.313532
387.3200,0.189317
387.3400,0.417018
387.3600,0.979519
387.3800,2.187798
387.4000,2.621586
387.4200,3.029943
387.4400,3.392261
387.4600,3.434751
387.4800,3.412903
387.5000,3.131374
387.5200,2.725091
387.5400,2.417244
387.5600,2.089633
387.5800,1.934690
387.6000,1.514930
387.6200,1.493985
387.6400,1.387633
387.6600,1.252771
387.6800,1.023469
387.7000,0.929224
387.7200,1.011710
387.7400,0.808233
387.7600,0.893923
387.7800,1.225567
387.8000,1.162167
387.8200,0.637875
387.8400,0.427369
387.8600,0.688903
387.8800,1.000468
387.9000,1.005873
387.9200,1.182448
387.9400,1.142690
387.9600,0.721011
387.9800,0.626393
388.0000,1.368550
388.0200,1.745875
388.0400,1.857605
388.0600,2.546552
388.0800,3.493201
388.1000,3.600000
388.1200,3.509731
388.1400,3.598702
388.1600,3.078545
388.1800,2.066068
388.2000,1.440673
388.2200,1.112798
388.2400,1.347827
388.2600,1.980052
388.2800,1.969178
388.3000,2.711256
388.3200,3.224543
388.3400,2.608364
388.3600,2.386734
388.3800,2.864350
388.4000,3.121063
388.4200,2.119251
388.4400,2.022284
388.4600,2.945892
388.4800,3.534094
388.5000,3.600000
388.5200,3.600000
388.5400,3.600000
388.5600,3.600000
388.5800,3.600000
388.6000,3.600000
388.6200,3.600000
388.6400,3.600000
388.6600,3.600000
388.6800,3.549155
388.7000,2.878616
388.7200,2.450191
388.7400,1.564347
388.7600,1.132579
388.7800,0.725033
388.8000,0.443269
388.8200,0.561446
388.8400,0.712798
388.8600,1.293111
388.8800,2.751703
388.9000,3.600000
388.9200,3.474404
388.9400,3.074753
388.9600,3.079158
388.9800,2.607218
389.0000,2.495430
389.0200,3.181033
389.0400,3.600000
389.0600,3.600000
389.0800,3.600000
389.1000,3.600000
389.1200,3.600000
389.1400,3.204240
389.1600,2.145089
389.1800,1.163612
389.2000,0.776168
389.2200,0.488752
389.2400,0.327828
389.2600,0.200291
389.2800,0.173001
389.3000,0.353342
389.3200,0.676204
389.3400,1.392305
389.3600,1.071634
389.3800,1.017533
389.4000,0.704329
389.4200,0.421370
389.4400,0.405862
389.4600,0.369460
389.4800,0.306050
389.5000,0.315260
389.5200,0.518761
389.5400,0.677954
389.5600,1.639264
389.5800,1.817334
389.6000,1.290437
389.6200,0.717751
389.6400,0.389290
389.6600,0.258469
389.6800,0.302215
389.7000,0.374392
389.7200,0.397398
389.7400,0.545228
389.7600,0.562308
389.7800,0.496683
389.8000,0.338395
389.8200,0.641016
389.8400,1.818942
389.8600,2.174377
389.8800,1.936499
389.9000,1.144641
389.9200,0.625626
389.9400,0.745775
389.9600,0.551844
389.9800,0.321845
390.0000,0.317166
390.0200,0.252346
390.0400,0.146633
390.0600,0.334678
390.0800,0.643048
390.1000,1.752854
390.1200,2.620077
390.1400,1.701145
390.1600,0.957972
390.1800,0.546973
390.2000,0.491906
390.2200,0.402403
390.2400,0.424057
390.2600,0.667154
390.2800,0.573687
390.3000,0.430683
390.3200,0.426275
390.3400,0.268584
390.3600,0.789901
390.3800,2.419788
390.4000,3.091454
390.4200,2.569593
390.4400,1.438137
390.4600,0.901691
390.4800,0.681869
390.5000,0.476778
390.5200,0.396461
390.5400,0.280141
390.5600,0.289328
390.5800,0.388449
390.6000,0.666121
390.6200,0.916994
390.6400,1.716512
390.6600,2.779550
390.6800,2.734317
390.7000,1.421239
390.7200,0.801003
390.7400,0.678590
390.7600,0.825696
390.7800,0.730316
390.8000,0.644776
390.8200,0.460494
390.8400,0.262396
390.8600,0.190033
390.8800,0.320227
390.9000,0.352132
390.9200,0.981968
390.9400,2.633772
390.9600,3.600000
390.9800,2.967051
391.0000,2.049585
391.0200,1.712438
391.0400,0.968682
391.0600,0.556540
391.0800,0.458364
391.1000,0.309928
391.1200,0.316658
391.1400,0.665356
391.1600,1.641036
391.1800,2.848052
391.2000,3.600000
391.2200,3.600000
391.2400,2.653195
391.2600,1.641993
391.2800,1.004387
391.3000,0.602682
391.3200,0.350363
391.3400,0.315537
391.3600,0.388214
391.3800,0.263658
391.4000,0.169826
391.4200,0.287814
391.4400,0.292937
391.4600,0.295962
391.4800,0.287506
391.5000,0.266193
391.5200,0.242106
391.5400,0.648338
391.5600,1.317494
391.5800,2.500491
391.6000,3.219481
391.6200,2.668131
391.6400,1.702363
391.6600,1.127250
391.6800,0.795075
391.7000,0.496498
391.7200,0.502454
391.7400,0.479415
391.7600,0.330887
391.7800,0.255952
391.8000,0.261721
391.8200,0.320526
391.8400,0.752598
391.8600,1.658727
391.8800,2.754356
391.9000,2.360157
391.9200,2.358256
391.9400,3.012547
391.9600,2.027933
391.9800,1.320856
392.0000,1.413415
392.0200,1.930761
392.0400,3.016011
392.0600,3.600000
392.0800,2.580269
392.1000,3.053979
392.1200,3.600000
392.1400,3.554217
392.1600,0.121502
392.1800,0.207967
392.2000,0.287668
392.2200,0.322659
392.2400,0.434376
392.2600,0.322451
392.2800,0.191508
392.3000,0.370103
392.3200,0.491034
392.3400,0.286772
392.3600,0.156573
392.3800,0.129424
392.4000,0.602763
392.4200,0.665840
392.4400,0.458597
392.4600,0.313532
392.4800,0.189317
392.5000,0.417018
392.5200,0.979519
392.5400,2.187798
392.5600,2.621586
392.5800,3.029943
392.6000,3.392261
392.6200,3.434751
392.6400,3.412903
392.6600,3.131374
392.6800,2.725091
392.7000,2.417244
392.7200,2.089633
392.7400,1.934690
392.7600,1.514930
392.7800,1.493985
392.8000,1.387633
392.8200,1.252771
392.8400,1.023469
392.8600,0.929224
392.8800,1.011710
392.9000,0.808233
392.9200,0.893923
392.9400,1.225567
392.9600,1.162167
392.9800,0.637875
393.0000,0.427369
393.0200,0.688903
393.0400,1.000468
393.0600,1.005873
393.0800,1.182448
393.1000,1.142690
393.1200,0.721011
393.1400,0.626393
393.1600,1.368550
393.1800,1.745875
393.2000,1.857605
393.2200,2.546552
393.2400,3.493201
393.2600,3.600000
393.2800,3.509731
393.3000,3.598702
393.3200,3.078545
393.3400,2.066068
393.3600,1.440673
393.3800,1.112798
393.4000,1.347827
393.4200,1.980052
393.4400,1.969178
393.4600,2.711256
393.4800,3.224543
393.5000,2.608364
393.5200,2.386734
393.5400,2.864350
393.5600,3.121063
393.5800,2.119251
393.6000,2.022284
393.6200,2.945892
393.6400,3.534094
393.6600,3.600000
393.6800,3.600000
393.7000,3.600000
393.7200,3.600000
393.7400,3.600000
393.7600,3.600000
393.7800,3.600000
393.8000,3.600000
393.8200,3.600000
393.8400,3.549155
393.8600,2.878616
393.8800,2.450191
393.9000,1.564347
393.9200,1.132579
393.9400,0.725033
393.9600,0.443269
393.9800,0.561446
394.0000,0.712798
394.0200,1.293111
394.0400,2.751703
394.0600,3.600000
394.0800,3.474404
394.1000,3.074753
394.1200,3.079158
394.1400,2.607218
394.1600,2.495430
394.1800,3.181033
394.2000,3.600000
394.2200,3.600000
394.2400,3.600000
394.2600,3.600000
394.2800,3.600000
394.3000,3.204240
394.3200,2.145089
394.3400,1.163612
394.3600,0.776168
394.3800,0.488752
394.4000,0.327828
394.4200,0.200291
394.4400,0.173001
394.4600,0.353342
394.4800,0.676204
394.5000,1.392305
394.5200,1.071634
394.5400,1.017533
394.5600,0.704329
394.5800,0.421370
394.6000,0.405862
394.6200,0.369460
394.6400,0.306050
394.6600,0.315260
394.6800,0.518761
394.7000,0.677954
394.7200,1.639264
394.7400,1.817334
394.7600,1.290437
394.7800,0.717751
394.8000,0.389290
394.8200,0.258469
394.8400,0.302215
394.8600,0.374392
394.8800,0.397398
394.9000,0.545228
394.9200,0.562308
394.9400,0.496683
394.9600,0.338395
394.9800,0.641016
395.0000,1.818942
395.0200,2.174377
395.0400,1.936499
395.0600,1.144641
395.0800,0.625626
395.1000,0.745775
395.1200,0.551844
395.1400,0.321845
395.1600,0.317166
395.1800,0.252346
395.2000,0.146633
395.2200,0.334678
395.2400,0.643048
395.2600,1.752854
395.2800,2.620077
395.3000,1.701145
395.3200,0.957972
395.3400,0.546973
395.3600,0.491906
395.3800,0.402403
395.4000,0.424057
395.4200,0.667154
395.4400,0.573687
395.4600,0.430683
395.4800,0.426275
395.5000,0.268584
395.5200,0.789901
395.5400,2.419788
395.5600,3.091454
395.5800,2.569593
395.6000,1.438137
395.6200,0.901691
395.6400,0.681869
395.6600,0.476778
395.6800,0.396461
395.7000,0.280141
395.7200,0.289328
395.7400,0.388449
395.7600,0.666121
395.7800,0.916994
395.8000,1.716512
395.8200,2.779550
395.8400,2.734317
395.8600,1.421239
395.8800,0.801003
395.9000,0.678590
395.9200,0.825696
395.9400,0.730316
395.9600,0.644776
395.9800,0.460494
396.0000,0.262396
396.0200,0.190033
396.0400,0.320227
396.0600,0.352132
396.0800,0.981968
396.1000,2.633772
396.1200,3.600000
396.1400,2.967051
396.1600,2.049585
396.1800,1.712438
396.2000,0.968682
396.2200,0.556540
396.2400,0.458364
396.2600,0.309928
396.2800,0.316658
396.3000,0.665356
396.3200,1.641036
396.3400,2.848052
396.3600,3.600000
396.3800,3.600000
396.4000,2.653195
396.4200,1.641993
396.4400,1.004387
396.4600,0.602682
396.4800,0.350363
396.5000,0.315537
396.5200,0.388214
396.5400,0.263658
396.5600,0.169826
396.5800,0.287814
396.6000,0.292937
396.6200,0.295962
396.6400,0.287506
396.6600,0.266193
396.6800,0.242106
396.7000,0.648338
396.7200,1.317494
396.7400,2.500491
396.7600,3.219481
396.7800,2.668131
396.8000,1.702363
396.8200,1.127250
396.8400,0.795075
396.8600,0.496498
396.8800,0.502454
396.9000,0.479415
396.9200,0.330887
396.9400,0.255952
396.9600,0.261721
396.9800,0.320526
397.0000,0.752598
397.0200,1.658727
397.0400,2.754356
397.0600,2.360157
397.0800,2.358256
397.1000,3.012547
397.1200,2.027933
397.1400,1.320856
397.1600,1.413415
397.1800,1.930761
397.2000,3.016011
397.2200,3.600000
397.2400,2.580269
397.2600,3.053979
397.2800,3.600000
397.3000,3.554217
397.3200,0.121502
397.3400,0.207967
397.3600,0.287668
397.3800,0.322659
397.4000,0.434376
397.4200,0.322451
397.4400,0.191508
397.4600,0.370103
397.4800,0.491034
397.5000,0.286772
397.5200,0.156573
397.5400,0.129424
397.5600,0.602763
397.5800,0.665840
397.6000,0.458597
397.6200,0.313532
397.6400,0.189317
397.6600,0.417018
397.6800,0.979519
397.7000,2.187798
397.7200,2.621586
397.7400,3.029943
397.7600,3.392261
397.7800,3.434751
397.8000,3.412903
397.8200,3.131374
397.8400,2.725091
397.8600,2.417244
397.8800,2.089633
397.9000,1.934690
397.9200,1.514930
397.9400,1.493985
397.9600,1.387633
397.9800,1.252771
398.0000,1.023469
398.0200,0.929224
398.0400,1.011710
398.0600,0.808233
398.0800,0.893923
398.1000,1.225567
398.1200,1.162167
398.1400,0.637875
398.1600,0.427369
398.1800,0.688903
398.2000,1.000468
398.2200,1.005873
398.2400,1.182448
398.2600,1.142690
398.2800,0.721011
398.3000,0.626393
398.3200,1.368550
398.3400,1.745875
398.3600,1.857605
398.3800,2.546552
398.4000,3.493201
398.4200,3.600000
398.4400,3.509731
398.4600,3.598702
398.4800,3.078545
398.5000,2.066068
398.5200,1.440673
398.5400,1.112798
398.5600,1.347827
398.5800,1.980052
398.6000,1.969178
398.6200,2.711256
398.6400,3.224543
398.6600,2.608364
398.6800,2.386734
398.7000,2.864350
398.7200,3.121063
398.7400,2.119251
398.7600,2.022284
398.7800,2.945892
398.8000,3.534094
398.8200,3.600000
398.8400,3.600000
398.8600,3.600000
398.8800,3.600000
398.9000,3.600000
398.9200,3.600000
398.9400,3.600000
398.9600,3.600000
398.9800,3.600000
399.0000,3.549155
399.0200,2.878616
399.0400,2.450191
399.0600,1.564347
399.0800,1.132579
399.1000,0.725033
399.1200,0.443269
399.1400,0.561446
399.1600,0.712798
399.1800,1.293111
399.2000,2.751703
399.2200,3.600000
399.2400,3.474404
399.2600,3.074753
399.2800,3.079158
399.3000,2.607218
399.3200,2.495430
399.3400,3.181033
399.3600,3.600000
399.3800,3.600000
399.4000,3.600000
399.4200,3.600000
399.4400,3.600000
399.4600,3.204240
399.4800,2.145089
399.5000,1.163612
399.5200,0.776168
399.5400,0.488752
399.5600,0.327828
399.5800,0.200291
399.6000,0.173001
399.6200,0.353342
399.6400,0.676204
399.6600,1.392305
399.6800,1.071634
399.7000,1.017533
399.7200,0.704329
399.7400,0.421370
399.7600,0.405862
399.7800,0.369460
399.8000,0.306050
399.8200,0.315260
399.8400,0.518761
399.8600,0.677954
399.8800,1.639264
399.9000,1.817334
399.9200,1.290437
399.9400,0.717751
399.9600,0.389290
399.9800,0.258469
400.0000,0.302215
400.0200,0.374392
400.0400,0.397398
400.0600,0.545228
400.0800,0.562308
400.1000,0.496683
400.1200,0.338395
400.1400,0.641016
400.1600,1.818942
400.1800,2.174377
400.2000,1.936499
400.2200,1.144641
400.2400,0.625626
400.2600,0.745775
400.2800,0.551844
400.3000,0.321845
400.3200,0.317166
400.3400,0.252346
400.3600,0.146633
400.3800,0.334678
400.4000,0.643048
400.4200,1.752854
400.4400,2.620077
400.4600,1.701145
400.4800,0.957972
400.5000,0.546973
400.5200,0.491906
400.5400,0.402403
400.5600,0.424057
400.5800,0.667154
400.6000,0.573687
400.6200,0.430683
400.6400,0.426275
400.6600,0.268584
400.6800,0.789901
400.7000,2.419788
400.7200,3.091454
400.7400,2.569593
400.7600,1.438137
400.7800,0.901691
400.8000,0.681869
400.8200,0.476778
400.8400,0.396461
400.8600,0.280141
400.8800,0.289328
400.9000,0.388449
400.9200,0.666121
400.9400,0.916994
400.9600,1.716512
400.9800,2.779550
401.0000,2.734317
401.0200,1.421239
401.0400,0.801003
401.0600,0.678590
401.0800,0.825696
401.1000,0.730316
401.1200,0.644776
401.1400,0.460494
401.1600,0.262396
401.1800,0.190033
401.2000,0.320227
401.2200,0.352132
401.2400,0.981968
401.2600,2.633772
401.2800,3.600000
401.3000,2.967051
401.3200,2.049585
401.3400,1.712438
401.3600,0.968682
401.3800,0.556540
401.4000,0.458364
401.4200,0.309928
401.4400,0.316658
401.4600,0.665356
401.4800,1.641036
401.5000,2.848052
401.5200,3.600000
401.5400,3.600000
401.5600,2.653195
401.5800,1.641993
401.6000,1.004387
401.6200,0.602682
401.6400,0.350363
401.6600,0.315537
401.6800,0.388214
401.7000,0.263658
401.7200,0.169826
401.7400,0.287814
401.7600,0.292937
401.7800,0.295962
401.8000,0.287506
401.8200,0.266193
401.8400,0.242106
401.8600,0.648338
401.8800,1.317494
401.9000,2.500491
401.9200,3.219481
401.9400,2.668131
401.9600,1.702363
401.9800,1.127250
402.0000,0.795075
402.0200,0.496498
402.0400,0.502454
402.0600,0.479415
402.0800,0.330887
402.1000,0.255952
402.1200,0.261721
402.1400,0.320526
402.1600,0.752598
402.1800,1.658727
402.2000,2.754356
402.2200,2.360157
402.2400,2.358256
402.2600,3.012547
402.2800,2.027933
402.3000,1.320856
402.3200,1.413415
402.3400,1.930761
402.3600,3.016011
402.3800,3.600000
402.4000,2.580269
402.4200,3.053979
402.4400,3.600000
402.4600,3.554217
402.4800,0.121502
402.5000,0.207967
402.5200,0.287668
402.5400,0.322659
402.5600,0.434376
402.5800,0.322451
402.6000,0.191508
402.6200,0.370103
402.6400,0.491034
402.6600,0.286772
402.6800,0.156573
402.7000,0.129424
402.7200,0.602763
402.7400,0.665840
402.7600,0.458597
402.7800,0.313532
402.8000,0.189317
402.8200,0.417018
402.8400,0.979519
402.8600,2.187798
402.8800,2.621586
402.9000,3.029943
402.9200,3.392261
402.9400,3.434751
402.9600,3.412903
402.9800,3.131374
403.0000,2.725091
403.0200,2.417244
403.0400,2.089633
403.0600,1.934690
403.0800,1.514930
403.1000,1.493985
403.1200,1.387633
403.1400,1.252771
403.1600,1.023469
403.1800,0.929224
403.2000,1.011710
403.2200,0.808233
403.2400,0.893923
403.2600,1.225567
403.2800,1.162167
403.3000,0.637875
403.3200,0.427369
403.3400,0.688903
403.3600,1.000468
403.3800,1.005873
403.4000,1.182448
403.4200,1.142690
403.4400,0.721011
403.4600,0.626393
403.4800,1.368550
403.5000,1.745875
403.5200,1.857605
403.5400,2.546552
403.5600,3.493201
403.5800,3.600000
403.6000,3.509731
403.6200,3.598702
403.6400,3.078545
403.6600,2.066068
403.6800,1.440673
403.7000,1.112798
403.7200,1.347827
403.7400,1.980052
403.7600,1.969178
403.7800,2.711256
403.8000,3.224543
403.8200,2.608364
403.8400,2.386734
403.8600,2.864350
403.8800,3.121063
403.9000,2.119251
403.9200,2.022284
403.9400,2.945892
403.9600,3.534094
403.9800,3.600000
404.0000,3.600000
404.0200,3.600000
404.0400,3.600000
404.0600,3.600000
404.0800,3.600000
404.1000,3.600000
404.1200,3.600000
404.1400,3.600000
404.1600,3.549155
404.1800,2.878616
404.2000,2.450191
404.2200,1.564347
404.2400,1.132579
404.2600,0.725033
404.2800,0.443269
404.3000,0.561446
404.3200,0.712798
404.3400,1.293111
404.3600,2.751703
404.3800,3.600000
404.4000,3.474404
404.4200,3.074753
404.4400,3.079158
404.4600,2.607218
404.4800,2.495430
404.5000,3.181033
404.5200,3.600000
404.5400,3.600000
404.5600,3.600000
404.5800,3.600000
404.6000,3.600000
404.6200,3.204240
404.6400,2.145089
404.6600,1.163612
404.6800,0.776168
404.7000,0.488752
404.7200,0.327828
404.7400,0.200291
404.7600,0.173001
404.7800,0.353342
404.8000,0.676204
404.8200,1.392305
404.8400,1.071634
404.8600,1.017533
404.8800,0.704329
404.9000,0.421370
404.9200,0.405862
404.9400,0.369460
404.9600,0.306050
404.9800,0.315260
405.0000,0.518761
405.0200,0.677954
405.0400,1.639264
405.0600,1.817334
405.0800,1.290437
405.1000,0.717751
405.1200,0.389290
405.1400,0.258469
405.1600,0.302215
405.1800,0.374392
405.2000,0.397398
405.2200,0.545228
405.2400,0.562308
405.2600,0.496683
405.2800,0.338395
405.3000,0.641016
405.3200,1.818942
405.3400,2.174377
405.3600,1.936499
405.3800,1.144641
405.4000,0.625626
405.4200,0.745775
405.4400,0.551844
405.4600,0.321845
405.4800,0.317166
405.5000,0.252346
405.5200,0.146633
405.5400,0.334678
405.5600,0.643048
405.5800,1.752854
405.6000,2.620077
405.6200,1.701145
405.6400,0.957972
405.6600,0.546973
405.6800,0.491906
405.7000,0.402403
405.7200,0.424057
405.7400,0.667154
405.7600,0.573687
405.7800,0.430683
405.8000,0.426275
405.8200,0.268584
405.8400,0.789901
405.8600,2.419788
405.8800,3.091454
405.9000,2.569593
405.9200,1.438137
405.9400,0.901691
405.9600,0.681869
405.9800,0.476778
406.0000,0.396461
406.0200,0.280141
406.0400,0.289328
406.0600,0.388449
406.0800,0.666121
406.1000,0.916994
406.1200,1.716512
406.1400,2.779550
406.1600,2.734317
406.1800,1.421239
406.2000,0.801003
406.2200,0.678590
406.2400,0.825696
406.2600,0.730316
406.2800,0.644776
406.3000,0.460494
406.3200,0.262396
406.3400,0.190033
406.3600,0.320227
406.3800,0.352132
406.4000,0.981968
406.4200,2.633772
406.4400,3.600000
406.4600,2.967051
406.4800,2.049585
406.5000,1.712438
406.5200,0.968682
406.5400,0.556540
406.5600,0.458364
406.5800,0.309928
406.6000,0.316658
406.6200,0.665356
406.6400,1.641036
406.6600,2.848052
406.6800,3.600000
406.7000,3.600000
406.7200,2.653195
406.7400,1.641993
406.7600,1.004387
406.7800,0.602682
406.8000,0.350363
406.8200,0.315537
406.8400,0.388214
406.8600,0.263658
406.8800,0.169826
406.9000,0.287814
406.9200,0.292937
406.9400,0.295962
406.9600,0.287506
406.9800,0.266193
407.0000,0.242106
407.0200,0.648338
407.0400,1.317494
407.0600,2.500491
407.0800,3.219481
407.1000,2.668131
407.1200,1.702363
407.1400,1.127250
407.1600,0.795075
407.1800,0.496498
407.2000,0.502454
407.2200,0.479415
407.2400,0.330887
407.2600,0.255952
407.2800,0.261721
407.3000,0.320526
407.3200,0.752598
407.3400,1.658727
407.3600,2.754356
407.3800,2.360157
407.4000,2.358256
407.4200,3.012547
407.4400,2.027933
407.4600,1.320856
407.4800,1.413415
407.5000,1.930761
407.5200,3.016011
407.5400,3.600000
407.5600,2.580269
407.5800,3.053979
407.6000,3.600000
407.6200,3.554217
407.6400,0.121502
407.6600,0.207967
407.6800,0.287668
407.7000,0.322659
407.7200,0.434376
407.7400,0.322451
407.7600,0.191508
407.7800,0.370103
407.8000,0.491034
407.8200,0.286772
407.8400,0.156573
407.8600,0.129424
407.8800,0.602763
407.9000,0.665840
407.9200,0.458597
407.9400,0.313532
407.9600,0.189317
407.9800,0.417018
408.0000,0.979519
408.0200,2.187798
408.0400,2.621586
408.0600,3.029943
408.0800,3.392261
408.1000,3.434751
408.1200,3.412903
408.1400,3.131374
408.1600,2.725091
408.1800,2.417244
408.2000,2.089633
408.2200,1.934690
408.2400,1.514930
408.2600,1.493985
408.2800,1.387633
408.3000,1.252771
408.3200,1.023469
408.3400,0.929224
408.3600,1.011710
408.3800,0.808233
408.4000,0.893923
408.4200,1.225567
408.4400,1.162167
408.4600,0.637875
408.4800,0.427369
408.5000,0.688903
408.5200,1.000468
408.5400,1.005873
408.5600,1.182448
408.5800,1.142690
408.6000,0.721011
408.6200,0.626393
408.6400,1.368550
408.6600,1.745875
408.6800,1.857605
408.7000,2.546552
408.7200,3.493201
408.7400,3.600000
408.7600,3.509731
408.7800,3.598702
408.8000,3.078545
408.8200,2.066068
408.8400,1.440673
408.8600,1.112798
408.8800,1.347827
408.9000,1.980052
408.9200,1.969178
408.9400,2.711256
408.9600,3.224543
408.9800,2.608364
409.0000,2.386734
409.0200,2.864350
409.0400,3.121063
409.0600,2.119251
409.0800,2.022284
409.1000,2.945892
409.1200,3.534094
409.1400,3.600000
409.1600,3.600000
409.1800,3.600000
409.2000,3.600000
409.2200,3.600000
409.2400,3.600000
409.2600,3.600000
409.2800,3.600000
409.3000,3.600000
409.3200,3.549155
409.3400,2.878616
409.3600,2.450191
409.3800,1.564347
409.4000,1.132579
409.4200,0.725033
409.4400,0.443269
409.4600,0.561446
409.4800,0.712798
409.5000,1.293111
409.5200,2.751703
409.5400,3.600000
409.5600,3.474404
409.5800,3.074753
409.6000,3.079158
409.6200,2.607218
409.6400,2.495430
409.6600,3.181033
409.6800,3.600000
409.7000,3.600000
409.7200,3.600000
409.7400,3.600000
409.7600,3.600000
409.7800,3.204240
409.8000,2.145089
409.8200,1.163612
409.8400,0.776168
409.8600,0.488752
409.8800,0.327828
409.9000,0.200291
409.9200,0.173001
409.9400,0.353342
409.9600,0.676204
409.9800,1.392305
410.0000,1.071634
410.0200,1.017533
410.0400,0.704329
410.0600,0.421370
410.0800,0.405862
410.1000,0.369460
410.1200,0.306050
410.1400,0.315260
410.1600,0.518761
410.1800,0.677954
410.2000,1.639264
410.2200,1.817334
410.2400,1.290437
410.2600,0.717751
410.2800,0.389290
410.3000,0.258469
410.3200,0.302215
410.3400,0.374392
410.3600,0.397398
410.3800,0.545228
410.4000,0.562308
410.4200,0.496683
410.4400,0.338395
410.4600,0.641016
410.4800,1.818942
410.5000,2.174377
410.5200,1.936499
410.5400,1.144641
410.5600,0.625626
410.5800,0.745775
410.6000,0.551844
410.6200,0.321845
410.6400,0.317166
410.6600,0.252346
410.6800,0.146633
410.7000,0.334678
410.7200,0.643048
410.7400,1.752854
410.7600,2.620077
410.7800,1.701145
410.8000,0.957972
410.8200,0.546973
410.8400,0.491906
410.8600,0.402403
410.8800,0.424057
410.9000,0.667154
410.9200,0.573687
410.9400,0.430683
410.9600,0.426275
410.9800,0.268584
411.0000,0.789901
411.0200,2.419788
411.0400,3.091454
411.0600,2.569593
411.0800,1.438137
411.1000,0.901691
411.1200,0.681869
411.1400,0.476778
411.1600,0.396461
411.1800,0.280141
411.2000,0.289328
411.2200,0.388449
411.2400,0.666121
411.2600,0.916994
411.2800,1.716512
411.3000,2.779550
411.3200,2.734317
411.3400,1.421239
411.3600,0.801003
411.3800,0.678590
411.4000,0.825696
411.4200,0.730316
411.4400,0.644776
411.4600,0.460494
411.4800,0.262396
411.5000,0.190033
411.5200,0.320227
411.5400,0.352132
411.5600,0.981968
411.5800,2.633772
411.6000,3.600000
411.6200,2.967051
411.6400,2.049585
411.6600,1.712438
411.6800,0.968682
411.7000,0.556540
411.7200,0.458364
411.7400,0.309928
411.7600,0.316658
411.7800,0.665356
411.8000,1.641036
411.8200,2.848052
411.8400,3.600000
411.8600,3.600000
411.8800,2.653195
411.9000,1.641993
411.9200,1.004387
411.9400,0.602682
411.9600,0.350363
411.9800,0.315537
412.0000,0.388214
412.0200,0.263658
412.0400,0.169826
412.0600,0.287814
412.0800,0.292937
412.1000,0.295962
412.1200,0.287506
412.1400,0.266193
412.1600,0.242106
412.1800,0.648338
412.2000,1.317494
412.2200,2.500491
412.2400,3.219481
412.2600,2.668131
412.2800,1.702363
412.3000,1.127250
412.3200,0.795075
412.3400,0.496498
412.3600,0.502454
412.3800,0.479415
412.4000,0.330887
412.4200,0.255952
412.4400,0.261721
412.4600,0.320526
412.4800,0.752598
412.5000,1.658727
412.5200,2.754356
412.5400,2.360157
412.5600,2.358256
412.5800,3.012547
412.6000,2.027933
412.6200,1.320856
412.6400,1.413415
412.6600,1.930761
412.6800,3.016011
412.7000,3.600000
412.7200,2.580269
412.7400,3.053979
412.7600,3.600000
412.7800,3.554217
