time_s,voltage_v
0.0000,0.062900
0.0200,0.029676
0.0400,0.022780
0.0600,0.046645
0.0800,0.087747
0.1000,0.153045
0.1200,0.157720
0.1400,0.163185
0.1600,0.270599
0.1800,0.240279
0.2000,0.114127
0.2200,0.122323
0.2400,0.190329
0.2600,0.159354
0.2800,1.027914
0.3000,2.601428
0.3200,3.600000
0.3400,2.818414
0.3600,2.135342
0.3800,1.721357
0.4000,1.455053
0.4200,1.184515
0.4400,1.299683
0.4600,1.213507
0.4800,1.424165
0.5000,1.969353
0.5200,2.142126
0.5400,1.496048
0.5600,1.032921
0.5800,0.871274
0.6000,0.500053
0.6200,0.392698
0.6400,0.270916
0.6600,0.192470
0.6800,0.280940
0.7000,0.229931
0.7200,0.366191
0.7400,0.258850
0.7600,0.722897
0.7800,1.911684
0.8000,1.926321
0.8200,2.432744
0.8400,2.925989
0.8600,1.891127
0.8800,1.326722
0.9000,1.385004
0.9200,1.467380
0.9400,0.902596
0.9600,0.787810
0.9800,0.590216
1.0000,0.595522
1.0200,0.527561
1.0400,0.599790
1.0600,0.688713
1.0800,1.004333
1.1000,0.873521
1.1200,0.864450
1.1400,0.928842
1.1600,0.693907
1.1800,0.858466
1.2000,0.842619
1.2200,0.693910
1.2400,2.054244
1.2600,3.435412
1.2800,2.735193
1.3000,2.108945
1.3200,2.135334
1.3400,2.256224
1.3600,2.553319
1.3800,2.860665
1.4000,3.017777
1.4200,2.434324
1.4400,1.751841
1.4600,1.385806
1.4800,1.201122
1.5000,0.954046
1.5200,0.745943
1.5400,0.524116
1.5600,0.470842
1.5800,0.463391
1.6000,0.336853
1.6200,0.364166
1.6400,0.403219
1.6600,0.208524
1.6800,0.156424
1.7000,0.211962
1.7200,0.424709
1.7400,0.534321
1.7600,0.581614
1.7800,0.853659
1.8000,1.419956
1.8200,1.924677
1.8400,2.522893
1.8600,2.840224
1.8800,2.768775
1.9000,2.737686
1.9200,3.437141
1.9400,3.540460
1.9600,1.828654
1.9800,1.162149
2.0000,1.291476
2.0200,1.255294
2.0400,1.509695
2.0600,2.002040
2.0800,2.967656
2.1000,2.663934
2.1200,2.195460
2.1400,2.381777
2.1600,3.289993
2.1800,3.600000
2.2000,2.447398
2.2200,1.244860
2.2400,0.689229
2.2600,0.447615
2.2800,0.658451
2.3000,1.387776
2.3200,2.784115
2.3400,3.600000
2.3600,3.600000
2.3800,3.600000
2.4000,2.589740
2.4200,2.147679
2.4400,2.021338
2.4600,2.695258
2.4800,2.846346
2.5000,2.941755
2.5200,3.238182
2.5400,3.027445
2.5600,2.928204
2.5800,1.904728
2.6000,1.262908
2.6200,0.857881
2.6400,0.534923
2.6600,0.809297
2.6800,0.656086
2.7000,0.397121
2.7200,0.364458
2.7400,0.446501
2.7600,0.366014
2.7800,0.198651
2.8000,0.126809
2.8200,0.437177
2.8400,0.487754
2.8600,0.291766
2.8800,0.425124
2.9000,0.613751
2.9200,0.522469
2.9400,0.469991
2.9600,0.647436
2.9800,0.673200
3.0000,0.741385
3.0200,1.033819
3.0400,1.667438
3.0600,1.691868
3.0800,2.027535
3.1000,2.751903
3.1200,2.396281
3.1400,1.950355
3.1600,1.980379
3.1800,1.772353
3.2000,1.145349
3.2200,0.659847
3.2400,0.589767
3.2600,0.558164
3.2800,1.112489
3.3000,1.679604
3.3200,2.437653
3.3400,3.600000
3.3600,3.600000
3.3800,3.600000
3.4000,3.557859
3.4200,1.826597
3.4400,1.134094
3.4600,0.963916
3.4800,0.062900
3.5000,0.029676
3.5200,0.022780
3.5400,0.046645
3.5600,0.087747
3.5800,0.153045
3.6000,0.157720
3.6200,0.163185
3.6400,0.270599
3.6600,0.240279
3.6800,0.114127
3.7000,0.122323
3.7200,0.190329
3.7400,0.159354
3.7600,1.027914
3.7800,2.601428
3.8000,3.600000
3.8200,2.818414
3.8400,2.135342
3.8600,1.721357
3.8800,1.455053
3.9000,1.184515
3.9200,1.299683
3.9400,1.213507
3.9600,1.424165
3.9800,1.969353
4.0000,2.142126
4.0200,1.496048
4.0400,1.032921
4.0600,0.871274
4.0800,0.500053
4.1000,0.392698
4.1200,0.270916
4.1400,0.192470
4.1600,0.280940
4.1800,0.229931
4.2000,0.366191
4.2200,0.258850
4.2400,0.722897
4.2600,1.911684
4.2800,1.926321
4.3000,2.432744
4.3200,2.925989
4.3400,1.891127
4.3600,1.326722
4.3800,1.385004
4.4000,1.467380
4.4200,0.902596
4.4400,0.787810
4.4600,0.590216
4.4800,0.595522
4.5000,0.527561
4.5200,0.599790
4.5400,0.688713
4.5600,1.004333
4.5800,0.873521
4.6000,0.864450
4.6200,0.928842
4.6400,0.693907
4.6600,0.858466
4.6800,0.842619
4.7000,0.693910
4.7200,2.054244
4.7400,3.435412
4.7600,2.735193
4.7800,2.108945
4.8000,2.135334
4.8200,2.256224
4.8400,2.553319
4.8600,2.860665
4.8800,3.017777
4.9000,2.434324
4.9200,1.751841
4.9400,1.385806
4.9600,1.201122
4.9800,0.954046
5.0000,0.745943
5.0200,0.524116
5.0400,0.470842
5.0600,0.463391
5.0800,0.336853
5.1000,0.364166
5.1200,0.403219
5.1400,0.208524
5.1600,0.156424
5.1800,0.211962
5.2000,0.424709
5.2200,0.534321
5.2400,0.581614
5.2600,0.853659
5.2800,1.419956
5.3000,1.924677
5.3200,2.522893
5.3400,2.840224
5.3600,2.768775
5.3800,2.737686
5.4000,3.437141
5.4200,3.540460
5.4400,1.828654
5.4600,1.162149
5.4800,1.291476
5.5000,1.255294
5.5200,1.509695
5.5400,2.002040
5.5600,2.967656
5.5800,2.663934
5.6000,2.195460
5.6200,2.381777
5.6400,3.289993
5.6600,3.600000
5.6800,2.447398
5.7000,1.244860
5.7200,0.689229
5.7400,0.447615
5.7600,0.658451
5.7800,1.387776
5.8000,2.784115
5.8200,3.600000
5.8400,3.600000
5.8600,3.600000
5.8800,2.589740
5.9000,2.147679
5.9200,2.021338
5.9400,2.695258
5.9600,2.846346
5.9800,2.941755
6.0000,3.238182
6.0200,3.027445
6.0400,2.928204
6.0600,1.904728
6.0800,1.262908
6.1000,0.857881
6.1200,0.534923
6.1400,0.809297
6.1600,0.656086
6.1800,0.397121
6.2000,0.364458
6.2200,0.446501
6.2400,0.366014
6.2600,0.198651
6.2800,0.126809
6.3000,0.437177
6.3200,0.487754
6.3400,0.291766
6.3600,0.425124
6.3800,0.613751
6.4000,0.522469
6.4200,0.469991
6.4400,0.647436
6.4600,0.673200
6.4800,0.741385
6.5000,1.033819
6.5200,1.667438
6.5400,1.691868
6.5600,2.027535
6.5800,2.751903
6.6000,2.396281
6.6200,1.950355
6.6400,1.980379
6.6600,1.772353
6.6800,1.145349
6.7000,0.659847
6.7200,0.589767
6.7400,0.558164
6.7600,1.112489
6.7800,1.679604
6.8000,2.437653
6.8200,3.600000
6.8400,3.600000
6.8600,3.600000
6.8800,3.557859
6.9000,1.826597
6.9200,1.134094
6.9400,0.963916
6.9600,0.062900
6.9800,0.029676
7.0000,0.022780
7.0200,0.046645
7.0400,0.087747
7.0600,0.153045
7.0800,0.157720
7.1000,0.163185
7.1200,0.270599
7.1400,0.240279
7.1600,0.114127
7.1800,0.122323
7.2000,0.190329
7.2200,0.159354
7.2400,1.027914
7.2600,2.601428
7.2800,3.600000
7.3000,2.818414
7.3200,2.135342
7.3400,1.721357
7.3600,1.455053
7.3800,1.184515
7.4000,1.299683
7.4200,1.213507
7.4400,1.424165
7.4600,1.969353
7.4800,2.142126
7.5000,1.496048
7.5200,1.032921
7.5400,0.871274
7.5600,0.500053
7.5800,0.392698
7.6000,0.270916
7.6200,0.192470
7.6400,0.280940
7.6600,0.229931
7.6800,0.366191
7.7000,0.258850
7.7200,0.722897
7.7400,1.911684
7.7600,1.926321
7.7800,2.432744
7.8000,2.925989
7.8200,1.891127
7.8400,1.326722
7.8600,1.385004
7.8800,1.467380
7.9000,0.902596
7.9200,0.787810
7.9400,0.590216
7.9600,0.595522
7.9800,0.527561
8.0000,0.599790
8.0200,0.688713
8.0400,1.004333
8.0600,0.873521
8.0800,0.864450
8.1000,0.928842
8.1200,0.693907
8.1400,0.858466
8.1600,0.842619
8.1800,0.693910
8.2000,2.054244
8.2200,3.435412
8.2400,2.735193
8.2600,2.108945
8.2800,2.135334
8.3000,2.256224
8.3200,2.553319
8.3400,2.860665
8.3600,3.017777
8.3800,2.434324
8.4000,1.751841
8.4200,1.385806
8.4400,1.201122
8.4600,0.954046
8.4800,0.745943
8.5000,0.524116
8.5200,0.470842
8.5400,0.463391
8.5600,0.336853
8.5800,0.364166
8.6000,0.403219
8.6200,0.208524
8.6400,0.156424
8.6600,0.211962
8.6800,0.424709
8.7000,0.534321
8.7200,0.581614
8.7400,0.853659
8.7600,1.419956
8.7800,1.924677
8.8000,2.522893
8.8200,2.840224
8.8400,2.768775
8.8600,2.737686
8.8800,3.437141
8.9000,3.540460
8.9200,1.828654
8.9400,1.162149
8.9600,1.291476
8.9800,1.255294
9.0000,1.509695
9.0200,2.002040
9.0400,2.967656
9.0600,2.663934
9.0800,2.195460
9.1000,2.381777
9.1200,3.289993
9.1400,3.600000
9.1600,2.447398
9.1800,1.244860
9.2000,0.689229
9.2200,0.447615
9.2400,0.658451
9.2600,1.387776
9.2800,2.784115
9.3000,3.600000
9.3200,3.600000
9.3400,3.600000
9.3600,2.589740
9.3800,2.147679
9.4000,2.021338
9.4200,2.695258
9.4400,2.846346
9.4600,2.941755
9.4800,3.238182
9.5000,3.027445
9.5200,2.928204
9.5400,1.904728
9.5600,1.262908
9.5800,0.857881
9.6000,0.534923
9.6200,0.809297
9.6400,0.656086
9.6600,0.397121
9.6800,0.364458
9.7000,0.446501
9.7200,0.366014
9.7400,0.198651
9.7600,0.126809
9.7800,0.437177
9.8000,0.487754
9.8200,0.291766
9.8400,0.425124
9.8600,0.613751
9.8800,0.522469
9.9000,0.469991
9.9200,0.647436
9.9400,0.673200
9.9600,0.741385
9.9800,1.033819
10.0000,1.667438
10.0200,1.691868
10.0400,2.027535
10.0600,2.751903
10.0800,2.396281
10.1000,1.950355
10.1200,1.980379
10.1400,1.772353
10.1600,1.145349
10.1800,0.659847
10.2000,0.589767
10.2200,0.558164
10.2400,1.112489
10.2600,1.679604
10.2800,2.437653
10.3000,3.600000
10.3200,3.600000
10.3400,3.600000
10.3600,3.557859
10.3800,1.826597
10.4000,1.134094
10.4200,0.963916
10.4400,0.062900
10.4600,0.029676
10.4800,0.022780
10.5000,0.046645
10.5200,0.087747
10.5400,0.153045
10.5600,0.157720
10.5800,0.163185
10.6000,0.270599
10.6200,0.240279
10.6400,0.114127
10.6600,0.122323
10.6800,0.190329
10.7000,0.159354
10.7200,1.027914
10.7400,2.601428
10.7600,3.600000
10.7800,2.818414
10.8000,2.135342
10.8200,1.721357
10.8400,1.455053
10.8600,1.184515
10.8800,1.299683
10.9000,1.213507
10.9200,1.424165
10.9400,1.969353
10.9600,2.142126
10.9800,1.496048
11.0000,1.032921
11.0200,0.871274
11.0400,0.500053
11.0600,0.392698
11.0800,0.270916
11.1000,0.192470
11.1200,0.280940
11.1400,0.229931
11.1600,0.366191
11.1800,0.258850
11.2000,0.722897
11.2200,1.911684
11.2400,1.926321
11.2600,2.432744
11.2800,2.925989
11.3000,1.891127
11.3200,1.326722
11.3400,1.385004
11.3600,1.467380
11.3800,0.902596
11.4000,0.787810
11.4200,0.590216
11.4400,0.595522
11.4600,0.527561
11.4800,0.599790
11.5000,0.688713
11.5200,1.004333
11.5400,0.873521
11.5600,0.864450
11.5800,0.928842
11.6000,0.693907
11.6200,0.858466
11.6400,0.842619
11.6600,0.693910
11.6800,2.054244
11.7000,3.435412
11.7200,2.735193
11.7400,2.108945
11.7600,2.135334
11.7800,2.256224
11.8000,2.553319
11.8200,2.860665
11.8400,3.017777
11.8600,2.434324
11.8800,1.751841
11.9000,1.385806
11.9200,1.201122
11.9400,0.954046
11.9600,0.745943
11.9800,0.524116
12.0000,0.470842
12.0200,0.463391
12.0400,0.336853
12.0600,0.364166
12.0800,0.403219
12.1000,0.208524
12.1200,0.156424
12.1400,0.211962
12.1600,0.424709
12.1800,0.534321
12.2000,0.581614
12.2200,0.853659
12.2400,1.419956
12.2600,1.924677
12.2800,2.522893
12.3000,2.840224
12.3200,2.768775
12.3400,2.737686
12.3600,3.437141
12.3800,3.540460
12.4000,1.828654
12.4200,1.162149
12.4400,1.291476
12.4600,1.255294
12.4800,1.509695
12.5000,2.002040
12.5200,2.967656
12.5400,2.663934
12.5600,2.195460
12.5800,2.381777
12.6000,3.289993
12.6200,3.600000
12.6400,2.447398
12.6600,1.244860
12.6800,0.689229
12.7000,0.447615
12.7200,0.658451
12.7400,1.387776
12.7600,2.784115
12.7800,3.600000
12.8000,3.600000
12.8200,3.600000
12.8400,2.589740
12.8600,2.147679
12.8800,2.021338
12.9000,2.695258
12.9200,2.846346
12.9400,2.941755
12.9600,3.238182
12.9800,3.027445
13.0000,2.928204
13.0200,1.904728
13.0400,1.262908
13.0600,0.857881
13.0800,0.534923
13.1000,0.809297
13.1200,0.656086
13.1400,0.397121
13.1600,0.364458
13.1800,0.446501
13.2000,0.366014
13.2200,0.198651
13.2400,0.126809
13.2600,0.437177
13.2800,0.487754
13.3000,0.291766
13.3200,0.425124
13.3400,0.613751
13.3600,0.522469
13.3800,0.469991
13.4000,0.647436
13.4200,0.673200
13.4400,0.741385
13.4600,1.033819
13.4800,1.667438
13.5000,1.691868
13.5200,2.027535
13.5400,2.751903
13.5600,2.396281
13.5800,1.950355
13.6000,1.980379
13.6200,1.772353
13.6400,1.145349
13.6600,0.659847
13.6800,0.589767
13.7000,0.558164
13.7200,1.112489
13.7400,1.679604
13.7600,2.437653
13.7800,3.600000
13.8000,3.600000
13.8200,3.600000
13.8400,3.557859
13.8600,1.826597
13.8800,1.134094
13.9000,0.963916
13.9200,0.062900
13.9400,0.029676
13.9600,0.022780
13.9800,0.046645
14.0000,0.087747
14.0200,0.153045
14.0400,0.157720
14.0600,0.163185
14.0800,0.270599
14.1000,0.240279
14.1200,0.114127
14.1400,0.122323
14.1600,0.190329
14.1800,0.159354
14.2000,1.027914
14.2200,2.601428
14.2400,3.600000
14.2600,2.818414
14.2800,2.135342
14.3000,1.721357
14.3200,1.455053
14.3400,1.184515
14.3600,1.299683
14.3800,1.213507
14.4000,1.424165
14.4200,1.969353
14.4400,2.142126
14.4600,1.496048
14.4800,1.032921
14.5000,0.871274
14.5200,0.500053
14.5400,0.392698
14.5600,0.270916
14.5800,0.192470
14.6000,0.280940
14.6200,0.229931
14.6400,0.366191
14.6600,0.258850
14.6800,0.722897
14.7000,1.911684
14.7200,1.926321
14.7400,2.432744
14.7600,2.925989
14.7800,1.891127
14.8000,1.326722
14.8200,1.385004
14.8400,1.467380
14.8600,0.902596
14.8800,0.787810
14.9000,0.590216
14.9200,0.595522
14.9400,0.527561
14.9600,0.599790
14.9800,0.688713
15.0000,1.004333
15.0200,0.873521
15.0400,0.864450
15.0600,0.928842
15.0800,0.693907
15.1000,0.858466
15.1200,0.842619
15.1400,0.693910
15.1600,2.054244
15.1800,3.435412
15.2000,2.735193
15.2200,2.108945
15.2400,2.135334
15.2600,2.256224
15.2800,2.553319
15.3000,2.860665
15.3200,3.017777
15.3400,2.434324
15.3600,1.751841
15.3800,1.385806
15.4000,1.201122
15.4200,0.954046
15.4400,0.745943
15.4600,0.524116
15.4800,0.470842
15.5000,0.463391
15.5200,0.336853
15.5400,0.364166
15.5600,0.403219
15.5800,0.208524
15.6000,0.156424
15.6200,0.211962
15.6400,0.424709
15.6600,0.534321
15.6800,0.581614
15.7000,0.853659
15.7200,1.419956
15.7400,1.924677
15.7600,2.522893
15.7800,2.840224
15.8000,2.768775
15.8200,2.737686
15.8400,3.437141
15.8600,3.540460
15.8800,1.828654
15.9000,1.162149
15.9200,1.291476
15.9400,1.255294
15.9600,1.509695
15.9800,2.002040
16.0000,2.967656
16.0200,2.663934
16.0400,2.195460
16.0600,2.381777
16.0800,3.289993
16.1000,3.600000
16.1200,2.447398
16.1400,1.244860
16.1600,0.689229
16.1800,0.447615
16.2000,0.658451
16.2200,1.387776
16.2400,2.784115
16.2600,3.600000
16.2800,3.600000
16.3000,3.600000
16.3200,2.589740
16.3400,2.147679
16.3600,2.021338
16.3800,2.695258
16.4000,2.846346
16.4200,2.941755
16.4400,3.238182
16.4600,3.027445
16.4800,2.928204
16.5000,1.904728
16.5200,1.262908
16.5400,0.857881
16.5600,0.534923
16.5800,0.809297
16.6000,0.656086
16.6200,0.397121
16.6400,0.364458
16.6600,0.446501
16.6800,0.366014
16.7000,0.198651
16.7200,0.126809
16.7400,0.437177
16.7600,0.487754
16.7800,0.291766
16.8000,0.425124
16.8200,0.613751
16.8400,0.522469
16.8600,0.469991
16.8800,0.647436
16.9000,0.673200
16.9200,0.741385
16.9400,1.033819
16.9600,1.667438
16.9800,1.691868
17.0000,2.027535
17.0200,2.751903
17.0400,2.396281
17.0600,1.950355
17.0800,1.980379
17.1000,1.772353
17.1200,1.145349
17.1400,0.659847
17.1600,0.589767
17.1800,0.558164
17.2000,1.112489
17.2200,1.679604
17.2400,2.437653
17.2600,3.600000
17.2800,3.600000
17.3000,3.600000
17.3200,3.557859
17.3400,1.826597
17.3600,1.134094
17.3800,0.963916
17.4000,0.062900
17.4200,0.029676
17.4400,0.022780
17.4600,0.046645
17.4800,0.087747
17.5000,0.153045
17.5200,0.157720
17.5400,0.163185
17.5600,0.270599
17.5800,0.240279
17.6000,0.114127
17.6200,0.122323
17.6400,0.190329
17.6600,0.159354
17.6800,1.027914
17.7000,2.601428
17.7200,3.600000
17.7400,2.818414
17.7600,2.135342
17.7800,1.721357
17.8000,1.455053
17.8200,1.184515
17.8400,1.299683
17.8600,1.213507
17.8800,1.424165
17.9000,1.969353
17.9200,2.142126
17.9400,1.496048
17.9600,1.032921
17.9800,0.871274
18.0000,0.500053
18.0200,0.392698
18.0400,0.270916
18.0600,0.192470
18.0800,0.280940
18.1000,0.229931
18.1200,0.366191
18.1400,0.258850
18.1600,0.722897
18.1800,1.911684
18.2000,1.926321
18.2200,2.432744
18.2400,2.925989
18.2600,1.891127
18.2800,1.326722
18.3000,1.385004
18.3200,1.467380
18.3400,0.902596
18.3600,0.787810
18.3800,0.590216
18.4000,0.595522
18.4200,0.527561
18.4400,0.599790
18.4600,0.688713
18.4800,1.004333
18.5000,0.873521
18.5200,0.864450
18.5400,0.928842
18.5600,0.693907
18.5800,0.858466
18.6000,0.842619
18.6200,0.693910
18.6400,2.054244
18.6600,3.435412
18.6800,2.735193
18.7000,2.108945
18.7200,2.135334
18.7400,2.256224
18.7600,2.553319
18.7800,2.860665
18.8000,3.017777
18.8200,2.434324
18.8400,1.751841
18.8600,1.385806
18.8800,1.201122
18.9000,0.954046
18.9200,0.745943
18.9400,0.524116
18.9600,0.470842
18.9800,0.463391
19.0000,0.336853
19.0200,0.364166
19.0400,0.403219
19.0600,0.208524
19.0800,0.156424
19.1000,0.211962
19.1200,0.424709
19.1400,0.534321
19.1600,0.581614
19.1800,0.853659
19.2000,1.419956
19.2200,1.924677
19.2400,2.522893
19.2600,2.840224
19.2800,2.768775
19.3000,2.737686
19.3200,3.437141
19.3400,3.540460
19.3600,1.828654
19.3800,1.162149
19.4000,1.291476
19.4200,1.255294
19.4400,1.509695
19.4600,2.002040
19.4800,2.967656
19.5000,2.663934
19.5200,2.195460
19.5400,2.381777
19.5600,3.289993
19.5800,3.600000
19.6000,2.447398
19.6200,1.244860
19.6400,0.689229
19.6600,0.447615
19.6800,0.658451
19.7000,1.387776
19.7200,2.784115
19.7400,3.600000
19.7600,3.600000
19.7800,3.600000
19.8000,2.589740
19.8200,2.147679
19.8400,2.021338
19.8600,2.695258
19.8800,2.846346
19.9000,2.941755
19.9200,3.238182
19.9400,3.027445
19.9600,2.928204
19.9800,1.904728
20.0000,1.262908
20.0200,0.857881
20.0400,0.534923
20.0600,0.809297
20.0800,0.656086
20.1000,0.397121
20.1200,0.364458
20.1400,0.446501
20.1600,0.366014
20.1800,0.198651
20.2000,0.126809
20.2200,0.437177
20.2400,0.487754
20.2600,0.291766
20.2800,0.425124
20.3000,0.613751
20.3200,0.522469
20.3400,0.469991
20.3600,0.647436
20.3800,0.673200
20.4000,0.741385
20.4200,1.033819
20.4400,1.667438
20.4600,1.691868
20.4800,2.027535
20.5000,2.751903
20.5200,2.396281
20.5400,1.950355
20.5600,1.980379
20.5800,1.772353
20.6000,1.145349
20.6200,0.659847
20.6400,0.589767
20.6600,0.558164
20.6800,1.112489
20.7000,1.679604
20.7200,2.437653
20.7400,3.600000
20.7600,3.600000
20.7800,3.600000
20.8000,3.557859
20.8200,1.826597
20.8400,1.134094
20.8600,0.963916
20.8800,0.062900
20.9000,0.029676
20.9200,0.022780
20.9400,0.046645
20.9600,0.087747
20.9800,0.153045
21.0000,0.157720
21.0200,0.163185
21.0400,0.270599
21.0600,0.240279
21.0800,0.114127
21.1000,0.122323
21.1200,0.190329
21.1400,0.159354
21.1600,1.027914
21.1800,2.601428
21.2000,3.600000
21.2200,2.818414
21.2400,2.135342
21.2600,1.721357
21.2800,1.455053
21.3000,1.184515
21.3200,1.299683
21.3400,1.213507
21.3600,1.424165
21.3800,1.969353
21.4000,2.142126
21.4200,1.496048
21.4400,1.032921
21.4600,0.871274
21.4800,0.500053
21.5000,0.392698
21.5200,0.270916
21.5400,0.192470
21.5600,0.280940
21.5800,0.229931
21.6000,0.366191
21.6200,0.258850
21.6400,0.722897
21.6600,1.911684
21.6800,1.926321
21.7000,2.432744
21.7200,2.925989
21.7400,1.891127
21.7600,1.326722
21.7800,1.385004
21.8000,1.467380
21.8200,0.902596
21.8400,0.787810
21.8600,0.590216
21.8800,0.595522
21.9000,0.527561
21.9200,0.599790
21.9400,0.688713
21.9600,1.004333
21.9800,0.873521
22.0000,0.864450
22.0200,0.928842
22.0400,0.693907
22.0600,0.858466
22.0800,0.842619
22.1000,0.693910
22.1200,2.054244
22.1400,3.435412
22.1600,2.735193
22.1800,2.108945
22.2000,2.135334
22.2200,2.256224
22.2400,2.553319
22.2600,2.860665
22.2800,3.017777
22.3000,2.434324
22.3200,1.751841
22.3400,1.385806
22.3600,1.201122
22.3800,0.954046
22.4000,0.745943
22.4200,0.524116
22.4400,0.470842
22.4600,0.463391
22.4800,0.336853
22.5000,0.364166
22.5200,0.403219
22.5400,0.208524
22.5600,0.156424
22.5800,0.211962
22.6000,0.424709
22.6200,0.534321
22.6400,0.581614
22.6600,0.853659
22.6800,1.419956
22.7000,1.924677
22.7200,2.522893
22.7400,2.840224
22.7600,2.768775
22.7800,2.737686
22.8000,3.437141
22.8200,3.540460
22.8400,1.828654
22.8600,1.162149
22.8800,1.291476
22.9000,1.255294
22.9200,1.509695
22.9400,2.002040
22.9600,2.967656
22.9800,2.663934
23.0000,2.195460
23.0200,2.381777
23.0400,3.289993
23.0600,3.600000
23.0800,2.447398
23.1000,1.244860
23.1200,0.689229
23.1400,0.447615
23.1600,0.658451
23.1800,1.387776
23.2000,2.784115
23.2200,3.600000
23.2400,3.600000
23.2600,3.600000
23.2800,2.589740
23.3000,2.147679
23.3200,2.021338
23.3400,2.695258
23.3600,2.846346
23.3800,2.941755
23.4000,3.238182
23.4200,3.027445
23.4400,2.928204
23.4600,1.904728
23.4800,1.262908
23.5000,0.857881
23.5200,0.534923
23.5400,0.809297
23.5600,0.656086
23.5800,0.397121
23.6000,0.364458
23.6200,0.446501
23.6400,0.366014
23.6600,0.198651
23.6800,0.126809
23.7000,0.437177
23.7200,0.487754
23.7400,0.291766
23.7600,0.425124
23.7800,0.613751
23.8000,0.522469
23.8200,0.469991
23.8400,0.647436
23.8600,0.673200
23.8800,0.741385
23.9000,1.033819
23.9200,1.667438
23.9400,1.691868
23.9600,2.027535
23.9800,2.751903
24.0000,2.396281
24.0200,1.950355
24.0400,1.980379
24.0600,1.772353
24.0800,1.145349
24.1000,0.659847
24.1200,0.589767
24.1400,0.558164
24.1600,1.112489
24.1800,1.679604
24.2000,2.437653
24.2200,3.600000
24.2400,3.600000
24.2600,3.600000
24.2800,3.557859
24.3000,1.826597
24.3200,1.134094
24.3400,0.963916
24.3600,0.062900
24.3800,0.029676
24.4000,0.022780
24.4200,0.046645
24.4400,0.087747
24.4600,0.153045
24.4800,0.157720
24.5000,0.163185
24.5200,0.270599
24.5400,0.240279
24.5600,0.114127
24.5800,0.122323
24.6000,0.190329
24.6200,0.159354
24.6400,1.027914
24.6600,2.601428
24.6800,3.600000
24.7000,2.818414
24.7200,2.135342
24.7400,1.721357
24.7600,1.455053
24.7800,1.184515
24.8000,1.299683
24.8200,1.213507
24.8400,1.424165
24.8600,1.969353
24.8800,2.142126
24.9000,1.496048
24.9200,1.032921
24.9400,0.871274
24.9600,0.500053
24.9800,0.392698
25.0000,0.270916
25.0200,0.192470
25.0400,0.280940
25.0600,0.229931
25.0800,0.366191
25.1000,0.258850
25.1200,0.722897
25.1400,1.911684
25.1600,1.926321
25.1800,2.432744
25.2000,2.925989
25.2200,1.891127
25.2400,1.326722
25.2600,1.385004
25.2800,1.467380
25.3000,0.902596
25.3200,0.787810
25.3400,0.590216
25.3600,0.595522
25.3800,0.527561
25.4000,0.599790
25.4200,0.688713
25.4400,1.004333
25.4600,0.873521
25.4800,0.864450
25.5000,0.928842
25.5200,0.693907
25.5400,0.858466
25.5600,0.842619
25.5800,0.693910
25.6000,2.054244
25.6200,3.435412
25.6400,2.735193
25.6600,2.108945
25.6800,2.135334
25.7000,2.256224
25.7200,2.553319
25.7400,2.860665
25.7600,3.017777
25.7800,2.434324
25.8000,1.751841
25.8200,1.385806
25.8400,1.201122
25.8600,0.954046
25.8800,0.745943
25.9000,0.524116
25.9200,0.470842
25.9400,0.463391
25.9600,0.336853
25.9800,0.364166
26.0000,0.403219
26.0200,0.208524
26.0400,0.156424
26.0600,0.211962
26.0800,0.424709
26.1000,0.534321
26.1200,0.581614
26.1400,0.853659
26.1600,1.419956
26.1800,1.924677
26.2000,2.522893
26.2200,2.840224
26.2400,2.768775
26.2600,2.737686
26.2800,3.437141
26.3000,3.540460
26.3200,1.828654
26.3400,1.162149
26.3600,1.291476
26.3800,1.255294
26.4000,1.509695
26.4200,2.002040
26.4400,2.967656
26.4600,2.663934
26.4800,2.195460
26.5000,2.381777
26.5200,3.289993
26.5400,3.600000
26.5600,2.447398
26.5800,1.244860
26.6000,0.689229
26.6200,0.447615
26.6400,0.658451
26.6600,1.387776
26.6800,2.784115
26.7000,3.600000
26.7200,3.600000
26.7400,3.600000
26.7600,2.589740
26.7800,2.147679
26.8000,2.021338
26.8200,2.695258
26.8400,2.846346
26.8600,2.941755
26.8800,3.238182
26.9000,3.027445
26.9200,2.928204
26.9400,1.904728
26.9600,1.262908
26.9800,0.857881
27.0000,0.534923
27.0200,0.809297
27.0400,0.656086
27.0600,0.397121
27.0800,0.364458
27.1000,0.446501
27.1200,0.366014
27.1400,0.198651
27.1600,0.126809
27.1800,0.437177
27.2000,0.487754
27.2200,0.291766
27.2400,0.425124
27.2600,0.613751
27.2800,0.522469
27.3000,0.469991
27.3200,0.647436
27.3400,0.673200
27.3600,0.741385
27.3800,1.033819
27.4000,1.667438
27.4200,1.691868
27.4400,2.027535
27.4600,2.751903
27.4800,2.396281
27.5000,1.950355
27.5200,1.980379
27.5400,1.772353
27.5600,1.145349
27.5800,0.659847
27.6000,0.589767
27.6200,0.558164
27.6400,1.112489
27.6600,1.679604
27.6800,2.437653
27.7000,3.600000
27.7200,3.600000
27.7400,3.600000
27.7600,3.557859
27.7800,1.826597
27.8000,1.134094
27.8200,0.963916
27.8400,0.062900
27.8600,0.029676
27.8800,0.022780
27.9000,0.046645
27.9200,0.087747
27.9400,0.153045
27.9600,0.157720
27.9800,0.163185
28.0000,0.270599
28.0200,0.240279
28.0400,0.114127
28.0600,0.122323
28.0800,0.190329
28.1000,0.159354
28.1200,1.027914
28.1400,2.601428
28.1600,3.600000
28.1800,2.818414
28.2000,2.135342
28.2200,1.721357
28.2400,1.455053
28.2600,1.184515
28.2800,1.299683
28.3000,1.213507
28.3200,1.424165
28.3400,1.969353
28.3600,2.142126
28.3800,1.496048
28.4000,1.032921
28.4200,0.871274
28.4400,0.500053
28.4600,0.392698
28.4800,0.270916
28.5000,0.192470
28.5200,0.280940
28.5400,0.229931
28.5600,0.366191
28.5800,0.258850
28.6000,0.722897
28.6200,1.911684
28.6400,1.926321
28.6600,2.432744
28.6800,2.925989
28.7000,1.891127
28.7200,1.326722
28.7400,1.385004
28.7600,1.467380
28.7800,0.902596
28.8000,0.787810
28.8200,0.590216
28.8400,0.595522
28.8600,0.527561
28.8800,0.599790
28.9000,0.688713
28.9200,1.004333
28.9400,0.873521
28.9600,0.864450
28.9800,0.928842
29.0000,0.693907
29.0200,0.858466
29.0400,0.842619
29.0600,0.693910
29.0800,2.054244
29.1000,3.435412
29.1200,2.735193
29.1400,2.108945
29.1600,2.135334
29.1800,2.256224
29.2000,2.553319
29.2200,2.860665
29.2400,3.017777
29.2600,2.434324
29.2800,1.751841
29.3000,1.385806
29.3200,1.201122
29.3400,0.954046
29.3600,0.745943
29.3800,0.524116
29.4000,0.470842
29.4200,0.463391
29.4400,0.336853
29.4600,0.364166
29.4800,0.403219
29.5000,0.208524
29.5200,0.156424
29.5400,0.211962
29.5600,0.424709
29.5800,0.534321
29.6000,0.581614
29.6200,0.853659
29.6400,1.419956
29.6600,1.924677
29.6800,2.522893
29.7000,2.840224
29.7200,2.768775
29.7400,2.737686
29.7600,3.437141
29.7800,3.540460
29.8000,1.828654
29.8200,1.162149
29.8400,1.291476
29.8600,1.255294
29.8800,1.509695
29.9000,2.002040
29.9200,2.967656
29.9400,2.663934
29.9600,2.195460
29.9800,2.381777
30.0000,3.289993
30.0200,3.600000
30.0400,2.447398
30.0600,1.244860
30.0800,0.689229
30.1000,0.447615
30.1200,0.658451
30.1400,1.387776
30.1600,2.784115
30.1800,3.600000
30.2000,3.600000
30.2200,3.600000
30.2400,2.589740
30.2600,2.147679
30.2800,2.021338
30.3000,2.695258
30.3200,2.846346
30.3400,2.941755
30.3600,3.238182
30.3800,3.027445
30.4000,2.928204
30.4200,1.904728
30.4400,1.262908
30.4600,0.857881
30.4800,0.534923
30.5000,0.809297
30.5200,0.656086
30.5400,0.397121
30.5600,0.364458
30.5800,0.446501
30.6000,0.366014
30.6200,0.198651
30.6400,0.126809
30.6600,0.437177
30.6800,0.487754
30.7000,0.291766
30.7200,0.425124
30.7400,0.613751
30.7600,0.522469
30.7800,0.469991
30.8000,0.647436
30.8200,0.673200
30.8400,0.741385
30.8600,1.033819
30.8800,1.667438
30.9000,1.691868
30.9200,2.027535
30.9400,2.751903
30.9600,2.396281
30.9800,1.950355
31.0000,1.980379
31.0200,1.772353
31.0400,1.145349
31.0600,0.659847
31.0800,0.589767
31.1000,0.558164
31.1200,1.112489
31.1400,1.679604
31.1600,2.437653
31.1800,3.600000
31.2000,3.600000
31.2200,3.600000
31.2400,3.557859
31.2600,1.826597
31.2800,1.134094
31.3000,0.963916
31.3200,0.062900
31.3400,0.029676
31.3600,0.022780
31.3800,0.046645
31.4000,0.087747
31.4200,0.153045
31.4400,0.157720
31.4600,0.163185
31.4800,0.270599
31.5000,0.240279
31.5200,0.114127
31.5400,0.122323
31.5600,0.190329
31.5800,0.159354
31.6000,1.027914
31.6200,2.601428
31.6400,3.600000
31.6600,2.818414
31.6800,2.135342
31.7000,1.721357
31.7200,1.455053
31.7400,1.184515
31.7600,1.299683
31.7800,1.213507
31.8000,1.424165
31.8200,1.969353
31.8400,2.142126
31.8600,1.496048
31.8800,1.032921
31.9000,0.871274
31.9200,0.500053
31.9400,0.392698
31.9600,0.270916
31.9800,0.192470
32.0000,0.280940
32.0200,0.229931
32.0400,0.366191
32.0600,0.258850
32.0800,0.722897
32.1000,1.911684
32.1200,1.926321
32.1400,2.432744
32.1600,2.925989
32.1800,1.891127
32.2000,1.326722
32.2200,1.385004
32.2400,1.467380
32.2600,0.902596
32.2800,0.787810
32.3000,0.590216
32.3200,0.595522
32.3400,0.527561
32.3600,0.599790
32.3800,0.688713
32.4000,1.004333
32.4200,0.873521
32.4400,0.864450
32.4600,0.928842
32.4800,0.693907
32.5000,0.858466
32.5200,0.842619
32.5400,0.693910
32.5600,2.054244
32.5800,3.435412
32.6000,2.735193
32.6200,2.108945
32.6400,2.135334
32.6600,2.256224
32.6800,2.553319
32.7000,2.860665
32.7200,3.017777
32.7400,2.434324
32.7600,1.751841
32.7800,1.385806
32.8000,1.201122
32.8200,0.954046
32.8400,0.745943
32.8600,0.524116
32.8800,0.470842
32.9000,0.463391
32.9200,0.336853
32.9400,0.364166
32.9600,0.403219
32.9800,0.208524
33.0000,0.156424
33.0200,0.211962
33.0400,0.424709
33.0600,0.534321
33.0800,0.581614
33.1000,0.853659
33.1200,1.419956
33.1400,1.924677
33.1600,2.522893
33.1800,2.840224
33.2000,2.768775
33.2200,2.737686
33.2400,3.437141
33.2600,3.540460
33.2800,1.828654
33.3000,1.162149
33.3200,1.291476
33.3400,1.255294
33.3600,1.509695
33.3800,2.002040
33.4000,2.967656
33.4200,2.663934
33.4400,2.195460
33.4600,2.381777
33.4800,3.289993
33.5000,3.600000
33.5200,2.447398
33.5400,1.244860
33.5600,0.689229
33.5800,0.447615
33.6000,0.658451
33.6200,1.387776
33.6400,2.784115
33.6600,3.600000
33.6800,3.600000
33.7000,3.600000
33.7200,2.589740
33.7400,2.147679
33.7600,2.021338
33.7800,2.695258
33.8000,2.846346
33.8200,2.941755
33.8400,3.238182
33.8600,3.027445
33.8800,2.928204
33.9000,1.904728
33.9200,1.262908
33.9400,0.857881
33.9600,0.534923
33.9800,0.809297
34.0000,0.656086
34.0200,0.397121
34.0400,0.364458
34.0600,0.446501
34.0800,0.366014
34.1000,0.198651
34.1200,0.126809
34.1400,0.437177
34.1600,0.487754
34.1800,0.291766
34.2000,0.425124
34.2200,0.613751
34.2400,0.522469
34.2600,0.469991
34.2800,0.647436
34.3000,0.673200
34.3200,0.741385
34.3400,1.033819
34.3600,1.667438
34.3800,1.691868
34.4000,2.027535
34.4200,2.751903
34.4400,2.396281
34.4600,1.950355
34.4800,1.980379
34.5000,1.772353
34.5200,1.145349
34.5400,0.659847
34.5600,0.589767
34.5800,0.558164
34.6000,1.112489
34.6200,1.679604
34.6400,2.437653
34.6600,3.600000
34.6800,3.600000
34.7000,3.600000
34.7200,3.557859
34.7400,1.826597
34.7600,1.134094
34.7800,0.963916
34.8000,0.062900
34.8200,0.029676
34.8400,0.022780
34.8600,0.046645
34.8800,0.087747
34.9000,0.153045
34.9200,0.157720
34.9400,0.163185
34.9600,0.270599
34.9800,0.240279
35.0000,0.114127
35.0200,0.122323
35.0400,0.190329
35.0600,0.159354
35.0800,1.027914
35.1000,2.601428
35.1200,3.600000
35.1400,2.818414
35.1600,2.135342
35.1800,1.721357
35.2000,1.455053
35.2200,1.184515
35.2400,1.299683
35.2600,1.213507
35.2800,1.424165
35.3000,1.969353
35.3200,2.142126
35.3400,1.496048
35.3600,1.032921
35.3800,0.871274
35.4000,0.500053
35.4200,0.392698
35.4400,0.270916
35.4600,0.192470
35.4800,0.280940
35.5000,0.229931
35.5200,0.366191
35.5400,0.258850
35.5600,0.722897
35.5800,1.911684
35.6000,1.926321
35.6200,2.432744
35.6400,2.925989
35.6600,1.891127
35.6800,1.326722
35.7000,1.385004
35.7200,1.467380
35.7400,0.902596
35.7600,0.787810
35.7800,0.590216
35.8000,0.595522
35.8200,0.527561
35.8400,0.599790
35.8600,0.688713
35.8800,1.004333
35.9000,0.873521
35.9200,0.864450
35.9400,0.928842
35.9600,0.693907
35.9800,0.858466
36.0000,0.842619
36.0200,0.693910
36.0400,2.054244
36.0600,3.435412
36.0800,2.735193
36.1000,2.108945
36.1200,2.135334
36.1400,2.256224
36.1600,2.553319
36.1800,2.860665
36.2000,3.017777
36.2200,2.434324
36.2400,1.751841
36.2600,1.385806
36.2800,1.201122
36.3000,0.954046
36.3200,0.745943
36.3400,0.524116
36.3600,0.470842
36.3800,0.463391
36.4000,0.336853
36.4200,0.364166
36.4400,0.403219
36.4600,0.208524
36.4800,0.156424
36.5000,0.211962
36.5200,0.424709
36.5400,0.534321
36.5600,0.581614
36.5800,0.853659
36.6000,1.419956
36.6200,1.924677
36.6400,2.522893
36.6600,2.840224
36.6800,2.768775
36.7000,2.737686
36.7200,3.437141
36.7400,3.540460
36.7600,1.828654
36.7800,1.162149
36.8000,1.291476
36.8200,1.255294
36.8400,1.509695
36.8600,2.002040
36.8800,2.967656
36.9000,2.663934
36.9200,2.195460
36.9400,2.381777
36.9600,3.289993
36.9800,3.600000
37.0000,2.447398
37.0200,1.244860
37.0400,0.689229
37.0600,0.447615
37.0800,0.658451
37.1000,1.387776
37.1200,2.784115
37.1400,3.600000
37.1600,3.600000
37.1800,3.600000
37.2000,2.589740
37.2200,2.147679
37.2400,2.021338
37.2600,2.695258
37.2800,2.846346
37.3000,2.941755
37.3200,3.238182
37.3400,3.027445
37.3600,2.928204
37.3800,1.904728
37.4000,1.262908
37.4200,0.857881
37.4400,0.534923
37.4600,0.809297
37.4800,0.656086
37.5000,0.397121
37.5200,0.364458
37.5400,0.446501
37.5600,0.366014
37.5800,0.198651
37.6000,0.126809
37.6200,0.437177
37.6400,0.487754
37.6600,0.291766
37.6800,0.425124
37.7000,0.613751
37.7200,0.522469
37.7400,0.469991
37.7600,0.647436
37.7800,0.673200
37.8000,0.741385
37.8200,1.033819
37.8400,1.667438
37.8600,1.691868
37.8800,2.027535
37.9000,2.751903
37.9200,2.396281
37.9400,1.950355
37.9600,1.980379
37.9800,1.772353
38.0000,1.145349
38.0200,0.659847
38.0400,0.589767
38.0600,0.558164
38.0800,1.112489
38.1000,1.679604
38.1200,2.437653
38.1400,3.600000
38.1600,3.600000
38.1800,3.600000
38.2000,3.557859
38.2200,1.826597
38.2400,1.134094
38.2600,0.963916
38.2800,0.062900
38.3000,0.029676
38.3200,0.022780
38.3400,0.046645
38.3600,0.087747
38.3800,0.153045
38.4000,0.157720
38.4200,0.163185
38.4400,0.270599
38.4600,0.240279
38.4800,0.114127
38.5000,0.122323
38.5200,0.190329
38.5400,0.159354
38.5600,1.027914
38.5800,2.601428
38.6000,3.600000
38.6200,2.818414
38.6400,2.135342
38.6600,1.721357
38.6800,1.455053
38.7000,1.184515
38.7200,1.299683
38.7400,1.213507
38.7600,1.424165
38.7800,1.969353
38.8000,2.142126
38.8200,1.496048
38.8400,1.032921
38.8600,0.871274
38.8800,0.500053
38.9000,0.392698
38.9200,0.270916
38.9400,0.192470
38.9600,0.280940
38.9800,0.229931
39.0000,0.366191
39.0200,0.258850
39.0400,0.722897
39.0600,1.911684
39.0800,1.926321
39.1000,2.432744
39.1200,2.925989
39.1400,1.891127
39.1600,1.326722
39.1800,1.385004
39.2000,1.467380
39.2200,0.902596
39.2400,0.787810
39.2600,0.590216
39.2800,0.595522
39.3000,0.527561
39.3200,0.599790
39.3400,0.688713
39.3600,1.004333
39.3800,0.873521
39.4000,0.864450
39.4200,0.928842
39.4400,0.693907
39.4600,0.858466
39.4800,0.842619
39.5000,0.693910
39.5200,2.054244
39.5400,3.435412
39.5600,2.735193
39.5800,2.108945
39.6000,2.135334
39.6200,2.256224
39.6400,2.553319
39.6600,2.860665
39.6800,3.017777
39.7000,2.434324
39.7200,1.751841
39.7400,1.385806
39.7600,1.201122
39.7800,0.954046
39.8000,0.745943
39.8200,0.524116
39.8400,0.470842
39.8600,0.463391
39.8800,0.336853
39.9000,0.364166
39.9200,0.403219
39.9400,0.208524
39.9600,0.156424
39.9800,0.211962
40.0000,0.424709
40.0200,0.534321
40.0400,0.581614
40.0600,0.853659
40.0800,1.419956
40.1000,1.924677
40.1200,2.522893
40.1400,2.840224
40.1600,2.768775
40.1800,2.737686
40.2000,3.437141
40.2200,3.540460
40.2400,1.828654
40.2600,1.162149
40.2800,1.291476
40.3000,1.255294
40.3200,1.509695
40.3400,2.002040
40.3600,2.967656
40.3800,2.663934
40.4000,2.195460
40.4200,2.381777
40.4400,3.289993
40.4600,3.600000
40.4800,2.447398
40.5000,1.244860
40.5200,0.689229
40.5400,0.447615
40.5600,0.658451
40.5800,1.387776
40.6000,2.784115
40.6200,3.600000
40.6400,3.600000
40.6600,3.600000
40.6800,2.589740
40.7000,2.147679
40.7200,2.021338
40.7400,2.695258
40.7600,2.846346
40.7800,2.941755
40.8000,3.238182
40.8200,3.027445
40.8400,2.928204
40.8600,1.904728
40.8800,1.262908
40.9000,0.857881
40.9200,0.534923
40.9400,0.809297
40.9600,0.656086
40.9800,0.397121
41.0000,0.364458
41.0200,0.446501
41.0400,0.366014
41.0600,0.198651
41.0800,0.126809
41.1000,0.437177
41.1200,0.487754
41.1400,0.291766
41.1600,0.425124
41.1800,0.613751
41.2000,0.522469
41.2200,0.469991
41.2400,0.647436
41.2600,0.673200
41.2800,0.741385
41.3000,1.033819
41.3200,1.667438
41.3400,1.691868
41.3600,2.027535
41.3800,2.751903
41.4000,2.396281
41.4200,1.950355
41.4400,1.980379
41.4600,1.772353
41.4800,1.145349
41.5000,0.659847
41.5200,0.589767
41.5400,0.558164
41.5600,1.112489
41.5800,1.679604
41.6000,2.437653
41.6200,3.600000
41.6400,3.600000
41.6600,3.600000
41.6800,3.557859
41.7000,1.826597
41.7200,1.134094
41.7400,0.963916
41.7600,0.062900
41.7800,0.029676
41.8000,0.022780
41.8200,0.046645
41.8400,0.087747
41.8600,0.153045
41.8800,0.157720
41.9000,0.163185
41.9200,0.270599
41.9400,0.240279
41.9600,0.114127
41.9800,0.122323
42.0000,0.190329
42.0200,0.159354
42.0400,1.027914
42.0600,2.601428
42.0800,3.600000
42.1000,2.818414
42.1200,2.135342
42.1400,1.721357
42.1600,1.455053
42.1800,1.184515
42.2000,1.299683
42.2200,1.213507
42.2400,1.424165
42.2600,1.969353
42.2800,2.142126
42.3000,1.496048
42.3200,1.032921
42.3400,0.871274
42.3600,0.500053
42.3800,0.392698
42.4000,0.270916
42.4200,0.192470
42.4400,0.280940
42.4600,0.229931
42.4800,0.366191
42.5000,0.258850
42.5200,0.722897
42.5400,1.911684
42.5600,1.926321
42.5800,2.432744
42.6000,2.925989
42.6200,1.891127
42.6400,1.326722
42.6600,1.385004
42.6800,1.467380
42.7000,0.902596
42.7200,0.787810
42.7400,0.590216
42.7600,0.595522
42.7800,0.527561
42.8000,0.599790
42.8200,0.688713
42.8400,1.004333
42.8600,0.873521
42.8800,0.864450
42.9000,0.928842
42.9200,0.693907
42.9400,0.858466
42.9600,0.842619
42.9800,0.693910
43.0000,2.054244
43.0200,3.435412
43.0400,2.735193
43.0600,2.108945
43.0800,2.135334
43.1000,2.256224
43.1200,2.553319
43.1400,2.860665
43.1600,3.017777
43.1800,2.434324
43.2000,1.751841
43.2200,1.385806
43.2400,1.201122
43.2600,0.954046
43.2800,0.745943
43.3000,0.524116
43.3200,0.470842
43.3400,0.463391
43.3600,0.336853
43.3800,0.364166
43.4000,0.403219
43.4200,0.208524
43.4400,0.156424
43.4600,0.211962
43.4800,0.424709
43.5000,0.534321
43.5200,0.581614
43.5400,0.853659
43.5600,1.419956
43.5800,1.924677
43.6000,2.522893
43.6200,2.840224
43.6400,2.768775
43.6600,2.737686
43.6800,3.437141
43.7000,3.540460
43.7200,1.828654
43.7400,1.162149
43.7600,1.291476
43.7800,1.255294
43.8000,1.509695
43.8200,2.002040
43.8400,2.967656
43.8600,2.663934
43.8800,2.195460
43.9000,2.381777
43.9200,3.289993
43.9400,3.600000
43.9600,2.447398
43.9800,1.244860
44.0000,0.689229
44.0200,0.447615
44.0400,0.658451
44.0600,1.387776
44.0800,2.784115
44.1000,3.600000
44.1200,3.600000
44.1400,3.600000
44.1600,2.589740
44.1800,2.147679
44.2000,2.021338
44.2200,2.695258
44.2400,2.846346
44.2600,2.941755
44.2800,3.238182
44.3000,3.027445
44.3200,2.928204
44.3400,1.904728
44.3600,1.262908
44.3800,0.857881
44.4000,0.534923
44.4200,0.809297
44.4400,0.656086
44.4600,0.397121
44.4800,0.364458
44.5000,0.446501
44.5200,0.366014
44.5400,0.198651
44.5600,0.126809
44.5800,0.437177
44.6000,0.487754
44.6200,0.291766
44.6400,0.425124
44.6600,0.613751
44.6800,0.522469
44.7000,0.469991
44.7200,0.647436
44.7400,0.673200
44.7600,0.741385
44.7800,1.033819
44.8000,1.667438
44.8200,1.691868
44.8400,2.027535
44.8600,2.751903
44.8800,2.396281
44.9000,1.950355
44.9200,1.980379
44.9400,1.772353
44.9600,1.145349
44.9800,0.659847
45.0000,0.589767
45.0200,0.558164
45.0400,1.112489
45.0600,1.679604
45.0800,2.437653
45.1000,3.600000
45.1200,3.600000
45.1400,3.600000
45.1600,3.557859
45.1800,1.826597
45.2000,1.134094
45.2200,0.963916
45.2400,0.062900
45.2600,0.029676
45.2800,0.022780
45.3000,0.046645
45.3200,0.087747
45.3400,0.153045
45.3600,0.157720
45.3800,0.163185
45.4000,0.270599
45.4200,0.240279
45.4400,0.114127
45.4600,0.122323
45.4800,0.190329
45.5000,0.159354
45.5200,1.027914
45.5400,2.601428
45.5600,3.600000
45.5800,2.818414
45.6000,2.135342
45.6200,1.721357
45.6400,1.455053
45.6600,1.184515
45.6800,1.299683
45.7000,1.213507
45.7200,1.424165
45.7400,1.969353
45.7600,2.142126
45.7800,1.496048
45.8000,1.032921
45.8200,0.871274
45.8400,0.500053
45.8600,0.392698
45.8800,0.270916
45.9000,0.192470
45.9200,0.280940
45.9400,0.229931
45.9600,0.366191
45.9800,0.258850
46.0000,0.722897
46.0200,1.911684
46.0400,1.926321
46.0600,2.432744
46.0800,2.925989
46.1000,1.891127
46.1200,1.326722
46.1400,1.385004
46.1600,1.467380
46.1800,0.902596
46.2000,0.787810
46.2200,0.590216
46.2400,0.595522
46.2600,0.527561
46.2800,0.599790
46.3000,0.688713
46.3200,1.004333
46.3400,0.873521
46.3600,0.864450
46.3800,0.928842
46.4000,0.693907
46.4200,0.858466
46.4400,0.842619
46.4600,0.693910
46.4800,2.054244
46.5000,3.435412
46.5200,2.735193
46.5400,2.108945
46.5600,2.135334
46.5800,2.256224
46.6000,2.553319
46.6200,2.860665
46.6400,3.017777
46.6600,2.434324
46.6800,1.751841
46.7000,1.385806
46.7200,1.201122
46.7400,0.954046
46.7600,0.745943
46.7800,0.524116
46.8000,0.470842
46.8200,0.463391
46.8400,0.336853
46.8600,0.364166
46.8800,0.403219
46.9000,0.208524
46.9200,0.156424
46.9400,0.211962
46.9600,0.424709
46.9800,0.534321
47.0000,0.581614
47.0200,0.853659
47.0400,1.419956
47.0600,1.924677
47.0800,2.522893
47.1000,2.840224
47.1200,2.768775
47.1400,2.737686
47.1600,3.437141
47.1800,3.540460
47.2000,1.828654
47.2200,1.162149
47.2400,1.291476
47.2600,1.255294
47.2800,1.509695
47.3000,2.002040
47.3200,2.967656
47.3400,2.663934
47.3600,2.195460
47.3800,2.381777
47.4000,3.289993
47.4200,3.600000
47.4400,2.447398
47.4600,1.244860
47.4800,0.689229
47.5000,0.447615
47.5200,0.658451
47.5400,1.387776
47.5600,2.784115
47.5800,3.600000
47.6000,3.600000
47.6200,3.600000
47.6400,2.589740
47.6600,2.147679
47.6800,2.021338
47.7000,2.695258
47.7200,2.846346
47.7400,2.941755
47.7600,3.238182
47.7800,3.027445
47.8000,2.928204
47.8200,1.904728
47.8400,1.262908
47.8600,0.857881
47.8800,0.534923
47.9000,0.809297
47.9200,0.656086
47.9400,0.397121
47.9600,0.364458
47.9800,0.446501
48.0000,0.366014
48.0200,0.198651
48.0400,0.126809
48.0600,0.437177
48.0800,0.487754
48.1000,0.291766
48.1200,0.425124
48.1400,0.613751
48.1600,0.522469
48.1800,0.469991
48.2000,0.647436
48.2200,0.673200
48.2400,0.741385
48.2600,1.033819
48.2800,1.667438
48.3000,1.691868
48.3200,2.027535
48.3400,2.751903
48.3600,2.396281
48.3800,1.950355
48.4000,1.980379
48.4200,1.772353
48.4400,1.145349
48.4600,0.659847
48.4800,0.589767
48.5000,0.558164
48.5200,1.112489
48.5400,1.679604
48.5600,2.437653
48.5800,3.600000
48.6000,3.600000
48.6200,3.600000
48.6400,3.557859
48.6600,1.826597
48.6800,1.134094
48.7000,0.963916
48.7200,0.062900
48.7400,0.029676
48.7600,0.022780
48.7800,0.046645
48.8000,0.087747
48.8200,0.153045
48.8400,0.157720
48.8600,0.163185
48.8800,0.270599
48.9000,0.240279
48.9200,0.114127
48.9400,0.122323
48.9600,0.190329
48.9800,0.159354
49.0000,1.027914
49.0200,2.601428
49.0400,3.600000
49.0600,2.818414
49.0800,2.135342
49.1000,1.721357
49.1200,1.455053
49.1400,1.184515
49.1600,1.299683
49.1800,1.213507
49.2000,1.424165
49.2200,1.969353
49.2400,2.142126
49.2600,1.496048
49.2800,1.032921
49.3000,0.871274
49.3200,0.500053
49.3400,0.392698
49.3600,0.270916
49.3800,0.192470
49.4000,0.280940
49.4200,0.229931
49.4400,0.366191
49.4600,0.258850
49.4800,0.722897
49.5000,1.911684
49.5200,1.926321
49.5400,2.432744
49.5600,2.925989
49.5800,1.891127
49.6000,1.326722
49.6200,1.385004
49.6400,1.467380
49.6600,0.902596
49.6800,0.787810
49.7000,0.590216
49.7200,0.595522
49.7400,0.527561
49.7600,0.599790
49.7800,0.688713
49.8000,1.004333
49.8200,0.873521
49.8400,0.864450
49.8600,0.928842
49.8800,0.693907
49.9000,0.858466
49.9200,0.842619
49.9400,0.693910
49.9600,2.054244
49.9800,3.435412
50.0000,2.735193
50.0200,2.108945
50.0400,2.135334
50.0600,2.256224
50.0800,2.553319
50.1000,2.860665
50.1200,3.017777
50.1400,2.434324
50.1600,1.751841
50.1800,1.385806
50.2000,1.201122
50.2200,0.954046
50.2400,0.745943
50.2600,0.524116
50.2800,0.470842
50.3000,0.463391
50.3200,0.336853
50.3400,0.364166
50.3600,0.403219
50.3800,0.208524
50.4000,0.156424
50.4200,0.211962
50.4400,0.424709
50.4600,0.534321
50.4800,0.581614
50.5000,0.853659
50.5200,1.419956
50.5400,1.924677
50.5600,2.522893
50.5800,2.840224
50.6000,2.768775
50.6200,2.737686
50.6400,3.437141
50.6600,3.540460
50.6800,1.828654
50.7000,1.162149
50.7200,1.291476
50.7400,1.255294
50.7600,1.509695
50.7800,2.002040
50.8000,2.967656
50.8200,2.663934
50.8400,2.195460
50.8600,2.381777
50.8800,3.289993
50.9000,3.600000
50.9200,2.447398
50.9400,1.244860
50.9600,0.689229
50.9800,0.447615
51.0000,0.658451
51.0200,1.387776
51.0400,2.784115
51.0600,3.600000
51.0800,3.600000
51.1000,3.600000
51.1200,2.589740
51.1400,2.147679
51.1600,2.021338
51.1800,2.695258
51.2000,2.846346
51.2200,2.941755
51.2400,3.238182
51.2600,3.027445
51.2800,2.928204
51.3000,1.904728
51.3200,1.262908
51.3400,0.857881
51.3600,0.534923
51.3800,0.809297
51.4000,0.656086
51.4200,0.397121
51.4400,0.364458
51.4600,0.446501
51.4800,0.366014
51.5000,0.198651
51.5200,0.126809
51.5400,0.437177
51.5600,0.487754
51.5800,0.291766
51.6000,0.425124
51.6200,0.613751
51.6400,0.522469
51.6600,0.469991
51.6800,0.647436
51.7000,0.673200
51.7200,0.741385
51.7400,1.033819
51.7600,1.667438
51.7800,1.691868
51.8000,2.027535
51.8200,2.751903
51.8400,2.396281
51.8600,1.950355
51.8800,1.980379
51.9000,1.772353
51.9200,1.145349
51.9400,0.659847
51.9600,0.589767
51.9800,0.558164
52.0000,1.112489
52.0200,1.679604
52.0400,2.437653
52.0600,3.600000
52.0800,3.600000
52.1000,3.600000
52.1200,3.557859
52.1400,1.826597
52.1600,1.134094
52.1800,0.963916
52.2000,0.062900
52.2200,0.029676
52.2400,0.022780
52.2600,0.046645
52.2800,0.087747
52.3000,0.153045
52.3200,0.157720
52.3400,0.163185
52.3600,0.270599
52.3800,0.240279
52.4000,0.114127
52.4200,0.122323
52.4400,0.190329
52.4600,0.159354
52.4800,1.027914
52.5000,2.601428
52.5200,3.600000
52.5400,2.818414
52.5600,2.135342
52.5800,1.721357
52.6000,1.455053
52.6200,1.184515
52.6400,1.299683
52.6600,1.213507
52.6800,1.424165
52.7000,1.969353
52.7200,2.142126
52.7400,1.496048
52.7600,1.032921
52.7800,0.871274
52.8000,0.500053
52.8200,0.392698
52.8400,0.270916
52.8600,0.192470
52.8800,0.280940
52.9000,0.229931
52.9200,0.366191
52.9400,0.258850
52.9600,0.722897
52.9800,1.911684
53.0000,1.926321
53.0200,2.432744
53.0400,2.925989
53.0600,1.891127
53.0800,1.326722
53.1000,1.385004
53.1200,1.467380
53.1400,0.902596
53.1600,0.787810
53.1800,0.590216
53.2000,0.595522
53.2200,0.527561
53.2400,0.599790
53.2600,0.688713
53.2800,1.004333
53.3000,0.873521
53.3200,0.864450
53.3400,0.928842
53.3600,0.693907
53.3800,0.858466
53.4000,0.842619
53.4200,0.693910
53.4400,2.054244
53.4600,3.435412
53.4800,2.735193
53.5000,2.108945
53.5200,2.135334
53.5400,2.256224
53.5600,2.553319
53.5800,2.860665
53.6000,3.017777
53.6200,2.434324
53.6400,1.751841
53.6600,1.385806
53.6800,1.201122
53.7000,0.954046
53.7200,0.745943
53.7400,0.524116
53.7600,0.470842
53.7800,0.463391
53.8000,0.336853
53.8200,0.364166
53.8400,0.403219
53.8600,0.208524
53.8800,0.156424
53.9000,0.211962
53.9200,0.424709
53.9400,0.534321
53.9600,0.581614
53.9800,0.853659
54.0000,1.419956
54.0200,1.924677
54.0400,2.522893
54.0600,2.840224
54.0800,2.768775
54.1000,2.737686
54.1200,3.437141
54.1400,3.540460
54.1600,1.828654
54.1800,1.162149
54.2000,1.291476
54.2200,1.255294
54.2400,1.509695
54.2600,2.002040
54.2800,2.967656
54.3000,2.663934
54.3200,2.195460
54.3400,2.381777
54.3600,3.289993
54.3800,3.600000
54.4000,2.447398
54.4200,1.244860
54.4400,0.689229
54.4600,0.447615
54.4800,0.658451
54.5000,1.387776
54.5200,2.784115
54.5400,3.600000
54.5600,3.600000
54.5800,3.600000
54.6000,2.589740
54.6200,2.147679
54.6400,2.021338
54.6600,2.695258
54.6800,2.846346
54.7000,2.941755
54.7200,3.238182
54.7400,3.027445
54.7600,2.928204
54.7800,1.904728
54.8000,1.262908
54.8200,0.857881
54.8400,0.534923
54.8600,0.809297
54.8800,0.656086
54.9000,0.397121
54.9200,0.364458
54.9400,0.446501
54.9600,0.366014
54.9800,0.198651
55.0000,0.126809
55.0200,0.437177
55.0400,0.487754
55.0600,0.291766
55.0800,0.425124
55.1000,0.613751
55.1200,0.522469
55.1400,0.469991
55.1600,0.647436
55.1800,0.673200
55.2000,0.741385
55.2200,1.033819
55.2400,1.667438
55.2600,1.691868
55.2800,2.027535
55.3000,2.751903
55.3200,2.396281
55.3400,1.950355
55.3600,1.980379
55.3800,1.772353
55.4000,1.145349
55.4200,0.659847
55.4400,0.589767
55.4600,0.558164
55.4800,1.112489
55.5000,1.679604
55.5200,2.437653
55.5400,3.600000
55.5600,3.600000
55.5800,3.600000
55.6000,3.557859
55.6200,1.826597
55.6400,1.134094
55.6600,0.963916
55.6800,0.062900
55.7000,0.029676
55.7200,0.022780
55.7400,0.046645
55.7600,0.087747
55.7800,0.153045
55.8000,0.157720
55.8200,0.163185
55.8400,0.270599
55.8600,0.240279
55.8800,0.114127
55.9000,0.122323
55.9200,0.190329
55.9400,0.159354
55.9600,1.027914
55.9800,2.601428
56.0000,3.600000
56.0200,2.818414
56.0400,2.135342
56.0600,1.721357
56.0800,1.455053
56.1000,1.184515
56.1200,1.299683
56.1400,1.213507
56.1600,1.424165
56.1800,1.969353
56.2000,2.142126
56.2200,1.496048
56.2400,1.032921
56.2600,0.871274
56.2800,0.500053
56.3000,0.392698
56.3200,0.270916
56.3400,0.192470
56.3600,0.280940
56.3800,0.229931
56.4000,0.366191
56.4200,0.258850
56.4400,0.722897
56.4600,1.911684
56.4800,1.926321
56.5000,2.432744
56.5200,2.925989
56.5400,1.891127
56.5600,1.326722
56.5800,1.385004
56.6000,1.467380
56.6200,0.902596
56.6400,0.787810
56.6600,0.590216
56.6800,0.595522
56.7000,0.527561
56.7200,0.599790
56.7400,0.688713
56.7600,1.004333
56.7800,0.873521
56.8000,0.864450
56.8200,0.928842
56.8400,0.693907
56.8600,0.858466
56.8800,0.842619
56.9000,0.693910
56.9200,2.054244
56.9400,3.435412
56.9600,2.735193
56.9800,2.108945
57.0000,2.135334
57.0200,2.256224
57.0400,2.553319
57.0600,2.860665
57.0800,3.017777
57.1000,2.434324
57.1200,1.751841
57.1400,1.385806
57.1600,1.201122
57.1800,0.954046
57.2000,0.745943
57.2200,0.524116
57.2400,0.470842
57.2600,0.463391
57.2800,0.336853
57.3000,0.364166
57.3200,0.403219
57.3400,0.208524
57.3600,0.156424
57.3800,0.211962
57.4000,0.424709
57.4200,0.534321
57.4400,0.581614
57.4600,0.853659
57.4800,1.419956
57.5000,1.924677
57.5200,2.522893
57.5400,2.840224
57.5600,2.768775
57.5800,2.737686
57.6000,3.437141
57.6200,3.540460
57.6400,1.828654
57.6600,1.162149
57.6800,1.291476
57.7000,1.255294
57.7200,1.509695
57.7400,2.002040
57.7600,2.967656
57.7800,2.663934
57.8000,2.195460
57.8200,2.381777
57.8400,3.289993
57.8600,3.600000
57.8800,2.447398
57.9000,1.244860
57.9200,0.689229
57.9400,0.447615
57.9600,0.658451
57.9800,1.387776
58.0000,2.784115
58.0200,3.600000
58.0400,3.600000
58.0600,3.600000
58.0800,2.589740
58.1000,2.147679
58.1200,2.021338
58.1400,2.695258
58.1600,2.846346
58.1800,2.941755
58.2000,3.238182
58.2200,3.027445
58.2400,2.928204
58.2600,1.904728
58.2800,1.262908
58.3000,0.857881
58.3200,0.534923
58.3400,0.809297
58.3600,0.656086
58.3800,0.397121
58.4000,0.364458
58.4200,0.446501
58.4400,0.366014
58.4600,0.198651
58.4800,0.126809
58.5000,0.437177
58.5200,0.487754
58.5400,0.291766
58.5600,0.425124
58.5800,0.613751
58.6000,0.522469
58.6200,0.469991
58.6400,0.647436
58.6600,0.673200
58.6800,0.741385
58.7000,1.033819
58.7200,1.667438
58.7400,1.691868
58.7600,2.027535
58.7800,2.751903
58.8000,2.396281
58.8200,1.950355
58.8400,1.980379
58.8600,1.772353
58.8800,1.145349
58.9000,0.659847
58.9200,0.589767
58.9400,0.558164
58.9600,1.112489
58.9800,1.679604
59.0000,2.437653
59.0200,3.600000
59.0400,3.600000
59.0600,3.600000
59.0800,3.557859
59.1000,1.826597
59.1200,1.134094
59.1400,0.963916
59.1600,0.062900
59.1800,0.029676
59.2000,0.022780
59.2200,0.046645
59.2400,0.087747
59.2600,0.153045
59.2800,0.157720
59.3000,0.163185
59.3200,0.270599
59.3400,0.240279
59.3600,0.114127
59.3800,0.122323
59.4000,0.190329
59.4200,0.159354
59.4400,1.027914
59.4600,2.601428
59.4800,3.600000
59.5000,2.818414
59.5200,2.135342
59.5400,1.721357
59.5600,1.455053
59.5800,1.184515
59.6000,1.299683
59.6200,1.213507
59.6400,1.424165
59.6600,1.969353
59.6800,2.142126
59.7000,1.496048
59.7200,1.032921
59.7400,0.871274
59.7600,0.500053
59.7800,0.392698
59.8000,0.270916
59.8200,0.192470
59.8400,0.280940
59.8600,0.229931
59.8800,0.366191
59.9000,0.258850
59.9200,0.722897
59.9400,1.911684
59.9600,1.926321
59.9800,2.432744
60.0000,2.925989
60.0200,1.891127
60.0400,1.326722
60.0600,1.385004
60.0800,1.467380
60.1000,0.902596
60.1200,0.787810
60.1400,0.590216
60.1600,0.595522
60.1800,0.527561
60.2000,0.599790
60.2200,0.688713
60.2400,1.004333
60.2600,0.873521
60.2800,0.864450
60.3000,0.928842
60.3200,0.693907
60.3400,0.858466
60.3600,0.842619
60.3800,0.693910
60.4000,2.054244
60.4200,3.435412
60.4400,2.735193
60.4600,2.108945
60.4800,2.135334
60.5000,2.256224
60.5200,2.553319
60.5400,2.860665
60.5600,3.017777
60.5800,2.434324
60.6000,1.751841
60.6200,1.385806
60.6400,1.201122
60.6600,0.954046
60.6800,0.745943
60.7000,0.524116
60.7200,0.470842
60.7400,0.463391
60.7600,0.336853
60.7800,0.364166
60.8000,0.403219
60.8200,0.208524
60.8400,0.156424
60.8600,0.211962
60.8800,0.424709
60.9000,0.534321
60.9200,0.581614
60.9400,0.853659
60.9600,1.419956
60.9800,1.924677
61.0000,2.522893
61.0200,2.840224
61.0400,2.768775
61.0600,2.737686
61.0800,3.437141
61.1000,3.540460
61.1200,1.828654
61.1400,1.162149
61.1600,1.291476
61.1800,1.255294
61.2000,1.509695
61.2200,2.002040
61.2400,2.967656
61.2600,2.663934
61.2800,2.195460
61.3000,2.381777
61.3200,3.289993
61.3400,3.600000
61.3600,2.447398
61.3800,1.244860
61.4000,0.689229
61.4200,0.447615
61.4400,0.658451
61.4600,1.387776
61.4800,2.784115
61.5000,3.600000
61.5200,3.600000
61.5400,3.600000
61.5600,2.589740
61.5800,2.147679
61.6000,2.021338
61.6200,2.695258
61.6400,2.846346
61.6600,2.941755
61.6800,3.238182
61.7000,3.027445
61.7200,2.928204
61.7400,1.904728
61.7600,1.262908
61.7800,0.857881
61.8000,0.534923
61.8200,0.809297
61.8400,0.656086
61.8600,0.397121
61.8800,0.364458
61.9000,0.446501
61.9200,0.366014
61.9400,0.198651
61.9600,0.126809
61.9800,0.437177
62.0000,0.487754
62.0200,0.291766
62.0400,0.425124
62.0600,0.613751
62.0800,0.522469
62.1000,0.469991
62.1200,0.647436
62.1400,0.673200
62.1600,0.741385
62.1800,1.033819
62.2000,1.667438
62.2200,1.691868
62.2400,2.027535
62.2600,2.751903
62.2800,2.396281
62.3000,1.950355
62.3200,1.980379
62.3400,1.772353
62.3600,1.145349
62.3800,0.659847
62.4000,0.589767
62.4200,0.558164
62.4400,1.112489
62.4600,1.679604
62.4800,2.437653
62.5000,3.600000
62.5200,3.600000
62.5400,3.600000
62.5600,3.557859
62.5800,1.826597
62.6000,1.134094
62.6200,0.963916
62.6400,0.062900
62.6600,0.029676
62.6800,0.022780
62.7000,0.046645
62.7200,0.087747
62.7400,0.153045
62.7600,0.157720
62.7800,0.163185
62.8000,0.270599
62.8200,0.240279
62.8400,0.114127
62.8600,0.122323
62.8800,0.190329
62.9000,0.159354
62.9200,1.027914
62.9400,2.601428
62.9600,3.600000
62.9800,2.818414
63.0000,2.135342
63.0200,1.721357
63.0400,1.455053
63.0600,1.184515
63.0800,1.299683
63.1000,1.213507
63.1200,1.424165
63.1400,1.969353
63.1600,2.142126
63.1800,1.496048
63.2000,1.032921
63.2200,0.871274
63.2400,0.500053
63.2600,0.392698
63.2800,0.270916
63.3000,0.192470
63.3200,0.280940
63.3400,0.229931
63.3600,0.366191
63.3800,0.258850
63.4000,0.722897
63.4200,1.911684
63.4400,1.926321
63.4600,2.432744
63.4800,2.925989
63.5000,1.891127
63.5200,1.326722
63.5400,1.385004
63.5600,1.467380
63.5800,0.902596
63.6000,0.787810
63.6200,0.590216
63.6400,0.595522
63.6600,0.527561
63.6800,0.599790
63.7000,0.688713
63.7200,1.004333
63.7400,0.873521
63.7600,0.864450
63.7800,0.928842
63.8000,0.693907
63.8200,0.858466
63.8400,0.842619
63.8600,0.693910
63.8800,2.054244
63.9000,3.435412
63.9200,2.735193
63.9400,2.108945
63.9600,2.135334
63.9800,2.256224
64.0000,2.553319
64.0200,2.860665
64.0400,3.017777
64.0600,2.434324
64.0800,1.751841
64.1000,1.385806
64.1200,1.201122
64.1400,0.954046
64.1600,0.745943
64.1800,0.524116
64.2000,0.470842
64.2200,0.463391
64.2400,0.336853
64.2600,0.364166
64.2800,0.403219
64.3000,0.208524
64.3200,0.156424
64.3400,0.211962
64.3600,0.424709
64.3800,0.534321
64.4000,0.581614
64.4200,0.853659
64.4400,1.419956
64.4600,1.924677
64.4800,2.522893
64.5000,2.840224
64.5200,2.768775
64.5400,2.737686
64.5600,3.437141
64.5800,3.540460
64.6000,1.828654
64.6200,1.162149
64.6400,1.291476
64.6600,1.255294
64.6800,1.509695
64.7000,2.002040
64.7200,2.967656
64.7400,2.663934
64.7600,2.195460
64.7800,2.381777
64.8000,3.289993
64.8200,3.600000
64.8400,2.447398
64.8600,1.244860
64.8800,0.689229
64.9000,0.447615
64.9200,0.658451
64.9400,1.387776
64.9600,2.784115
64.9800,3.600000
65.0000,3.600000
65.0200,3.600000
65.0400,2.589740
65.0600,2.147679
65.0800,2.021338
65.1000,2.695258
65.1200,2.846346
65.1400,2.941755
65.1600,3.238182
65.1800,3.027445
65.2000,2.928204
65.2200,1.904728
65.2400,1.262908
65.2600,0.857881
65.2800,0.534923
65.3000,0.809297
65.3200,0.656086
65.3400,0.397121
65.3600,0.364458
65.3800,0.446501
65.4000,0.366014
65.4200,0.198651
65.4400,0.126809
65.4600,0.437177
65.4800,0.487754
65.5000,0.291766
65.5200,0.425124
65.5400,0.613751
65.5600,0.522469
65.5800,0.469991
65.6000,0.647436
65.6200,0.673200
65.6400,0.741385
65.6600,1.033819
65.6800,1.667438
65.7000,1.691868
65.7200,2.027535
65.7400,2.751903
65.7600,2.396281
65.7800,1.950355
65.8000,1.980379
65.8200,1.772353
65.8400,1.145349
65.8600,0.659847
65.8800,0.589767
65.9000,0.558164
65.9200,1.112489
65.9400,1.679604
65.9600,2.437653
65.9800,3.600000
66.0000,3.600000
66.0200,3.600000
66.0400,3.557859
66.0600,1.826597
66.0800,1.134094
66.1000,0.963916
66.1200,0.062900
66.1400,0.029676
66.1600,0.022780
66.1800,0.046645
66.2000,0.087747
66.2200,0.153045
66.2400,0.157720
66.2600,0.163185
66.2800,0.270599
66.3000,0.240279
66.3200,0.114127
66.3400,0.122323
66.3600,0.190329
66.3800,0.159354
66.4000,1.027914
66.4200,2.601428
66.4400,3.600000
66.4600,2.818414
66.4800,2.135342
66.5000,1.721357
66.5200,1.455053
66.5400,1.184515
66.5600,1.299683
66.5800,1.213507
66.6000,1.424165
66.6200,1.969353
66.6400,2.142126
66.6600,1.496048
66.6800,1.032921
66.7000,0.871274
66.7200,0.500053
66.7400,0.392698
66.7600,0.270916
66.7800,0.192470
66.8000,0.280940
66.8200,0.229931
66.8400,0.366191
66.8600,0.258850
66.8800,0.722897
66.9000,1.911684
66.9200,1.926321
66.9400,2.432744
66.9600,2.925989
66.9800,1.891127
67.0000,1.326722
67.0200,1.385004
67.0400,1.467380
67.0600,0.902596
67.0800,0.787810
67.1000,0.590216
67.1200,0.595522
67.1400,0.527561
67.1600,0.599790
67.1800,0.688713
67.2000,1.004333
67.2200,0.873521
67.2400,0.864450
67.2600,0.928842
67.2800,0.693907
67.3000,0.858466
67.3200,0.842619
67.3400,0.693910
67.3600,2.054244
67.3800,3.435412
67.4000,2.735193
67.4200,2.108945
67.4400,2.135334
67.4600,2.256224
67.4800,2.553319
67.5000,2.860665
67.5200,3.017777
67.5400,2.434324
67.5600,1.751841
67.5800,1.385806
67.6000,1.201122
67.6200,0.954046
67.6400,0.745943
67.6600,0.524116
67.6800,0.470842
67.7000,0.463391
67.7200,0.336853
67.7400,0.364166
67.7600,0.403219
67.7800,0.208524
67.8000,0.156424
67.8200,0.211962
67.8400,0.424709
67.8600,0.534321
67.8800,0.581614
67.9000,0.853659
67.9200,1.419956
67.9400,1.924677
67.9600,2.522893
67.9800,2.840224
68.0000,2.768775
68.0200,2.737686
68.0400,3.437141
68.0600,3.540460
68.0800,1.828654
68.1000,1.162149
68.1200,1.291476
68.1400,1.255294
68.1600,1.509695
68.1800,2.002040
68.2000,2.967656
68.2200,2.663934
68.2400,2.195460
68.2600,2.381777
68.2800,3.289993
68.3000,3.600000
68.3200,2.447398
68.3400,1.244860
68.3600,0.689229
68.3800,0.447615
68.4000,0.658451
68.4200,1.387776
68.4400,2.784115
68.4600,3.600000
68.4800,3.600000
68.5000,3.600000
68.5200,2.589740
68.5400,2.147679
68.5600,2.021338
68.5800,2.695258
68.6000,2.846346
68.6200,2.941755
68.6400,3.238182
68.6600,3.027445
68.6800,2.928204
68.7000,1.904728
68.7200,1.262908
68.7400,0.857881
68.7600,0.534923
68.7800,0.809297
68.8000,0.656086
68.8200,0.397121
68.8400,0.364458
68.8600,0.446501
68.8800,0.366014
68.9000,0.198651
68.9200,0.126809
68.9400,0.437177
68.9600,0.487754
68.9800,0.291766
69.0000,0.425124
69.0200,0.613751
69.0400,0.522469
69.0600,0.469991
69.0800,0.647436
69.1000,0.673200
69.1200,0.741385
69.1400,1.033819
69.1600,1.667438
69.1800,1.691868
69.2000,2.027535
69.2200,2.751903
69.2400,2.396281
69.2600,1.950355
69.2800,1.980379
69.3000,1.772353
69.3200,1.145349
69.3400,0.659847
69.3600,0.589767
69.3800,0.558164
69.4000,1.112489
69.4200,1.679604
69.4400,2.437653
69.4600,3.600000
69.4800,3.600000
69.5000,3.600000
69.5200,3.557859
69.5400,1.826597
69.5600,1.134094
69.5800,0.963916
69.6000,0.062900
69.6200,0.029676
69.6400,0.022780
69.6600,0.046645
69.6800,0.087747
69.7000,0.153045
69.7200,0.157720
69.7400,0.163185
69.7600,0.270599
69.7800,0.240279
69.8000,0.114127
69.8200,0.122323
69.8400,0.190329
69.8600,0.159354
69.8800,1.027914
69.9000,2.601428
69.9200,3.600000
69.9400,2.818414
69.9600,2.135342
69.9800,1.721357
70.0000,1.455053
70.0200,1.184515
70.0400,1.299683
70.0600,1.213507
70.0800,1.424165
70.1000,1.969353
70.1200,2.142126
70.1400,1.496048
70.1600,1.032921
70.1800,0.871274
70.2000,0.500053
70.2200,0.392698
70.2400,0.270916
70.2600,0.192470
70.2800,0.280940
70.3000,0.229931
70.3200,0.366191
70.3400,0.258850
70.3600,0.722897
70.3800,1.911684
70.4000,1.926321
70.4200,2.432744
70.4400,2.925989
70.4600,1.891127
70.4800,1.326722
70.5000,1.385004
70.5200,1.467380
70.5400,0.902596
70.5600,0.787810
70.5800,0.590216
70.6000,0.595522
70.6200,0.527561
70.6400,0.599790
70.6600,0.688713
70.6800,1.004333
70.7000,0.873521
70.7200,0.864450
70.7400,0.928842
70.7600,0.693907
70.7800,0.858466
70.8000,0.842619
70.8200,0.693910
70.8400,2.054244
70.8600,3.435412
70.8800,2.735193
70.9000,2.108945
70.9200,2.135334
70.9400,2.256224
70.9600,2.553319
70.9800,2.860665
71.0000,3.017777
71.0200,2.434324
71.0400,1.751841
71.0600,1.385806
71.0800,1.201122
71.1000,0.954046
71.1200,0.745943
71.1400,0.524116
71.1600,0.470842
71.1800,0.463391
71.2000,0.336853
71.2200,0.364166
71.2400,0.403219
71.2600,0.208524
71.2800,0.156424
71.3000,0.211962
71.3200,0.424709
71.3400,0.534321
71.3600,0.581614
71.3800,0.853659
71.4000,1.419956
71.4200,1.924677
71.4400,2.522893
71.4600,2.840224
71.4800,2.768775
71.5000,2.737686
71.5200,3.437141
71.5400,3.540460
71.5600,1.828654
71.5800,1.162149
71.6000,1.291476
71.6200,1.255294
71.6400,1.509695
71.6600,2.002040
71.6800,2.967656
71.7000,2.663934
71.7200,2.195460
71.7400,2.381777
71.7600,3.289993
71.7800,3.600000
71.8000,2.447398
71.8200,1.244860
71.8400,0.689229
71.8600,0.447615
71.8800,0.658451
71.9000,1.387776
71.9200,2.784115
71.9400,3.600000
71.9600,3.600000
71.9800,3.600000
72.0000,2.589740
72.0200,2.147679
72.0400,2.021338
72.0600,2.695258
72.0800,2.846346
72.1000,2.941755
72.1200,3.238182
72.1400,3.027445
72.1600,2.928204
72.1800,1.904728
72.2000,1.262908
72.2200,0.857881
72.2400,0.534923
72.2600,0.809297
72.2800,0.656086
72.3000,0.397121
72.3200,0.364458
72.3400,0.446501
72.3600,0.366014
72.3800,0.198651
72.4000,0.126809
72.4200,0.437177
72.4400,0.487754
72.4600,0.291766
72.4800,0.425124
72.5000,0.613751
72.5200,0.522469
72.5400,0.469991
72.5600,0.647436
72.5800,0.673200
72.6000,0.741385
72.6200,1.033819
72.6400,1.667438
72.6600,1.691868
72.6800,2.027535
72.7000,2.751903
72.7200,2.396281
72.7400,1.950355
72.7600,1.980379
72.7800,1.772353
72.8000,1.145349
72.8200,0.659847
72.8400,0.589767
72.8600,0.558164
72.8800,1.112489
72.9000,1.679604
72.9200,2.437653
72.9400,3.600000
72.9600,3.600000
72.9800,3.600000
73.0000,3.557859
73.0200,1.826597
73.0400,1.134094
73.0600,0.963916
73.0800,0.062900
73.1000,0.029676
73.1200,0.022780
73.1400,0.046645
73.1600,0.087747
73.1800,0.153045
73.2000,0.157720
73.2200,0.163185
73.2400,0.270599
73.2600,0.240279
73.2800,0.114127
73.3000,0.122323
73.3200,0.190329
73.3400,0.159354
73.3600,1.027914
73.3800,2.601428
73.4000,3.600000
73.4200,2.818414
73.4400,2.135342
73.4600,1.721357
73.4800,1.455053
73.5000,1.184515
73.5200,1.299683
73.5400,1.213507
73.5600,1.424165
73.5800,1.969353
73.6000,2.142126
73.6200,1.496048
73.6400,1.032921
73.6600,0.871274
73.6800,0.500053
73.7000,0.392698
73.7200,0.270916
73.7400,0.192470
73.7600,0.280940
73.7800,0.229931
73.8000,0.366191
73.8200,0.258850
73.8400,0.722897
73.8600,1.911684
73.8800,1.926321
73.9000,2.432744
73.9200,2.925989
73.9400,1.891127
73.9600,1.326722
73.9800,1.385004
74.0000,1.467380
74.0200,0.902596
74.0400,0.787810
74.0600,0.590216
74.0800,0.595522
74.1000,0.527561
74.1200,0.599790
74.1400,0.688713
74.1600,1.004333
74.1800,0.873521
74.2000,0.864450
74.2200,0.928842
74.2400,0.693907
74.2600,0.858466
74.2800,0.842619
74.3000,0.693910
74.3200,2.054244
74.3400,3.435412
74.3600,2.735193
74.3800,2.108945
74.4000,2.135334
74.4200,2.256224
74.4400,2.553319
74.4600,2.860665
74.4800,3.017777
74.5000,2.434324
74.5200,1.751841
74.5400,1.385806
74.5600,1.201122
74.5800,0.954046
74.6000,0.745943
74.6200,0.524116
74.6400,0.470842
74.6600,0.463391
74.6800,0.336853
74.7000,0.364166
74.7200,0.403219
74.7400,0.208524
74.7600,0.156424
74.7800,0.211962
74.8000,0.424709
74.8200,0.534321
74.8400,0.581614
74.8600,0.853659
74.8800,1.419956
74.9000,1.924677
74.9200,2.522893
74.9400,2.840224
74.9600,2.768775
74.9800,2.737686
75.0000,3.437141
75.0200,3.540460
75.0400,1.828654
75.0600,1.162149
75.0800,1.291476
75.1000,1.255294
75.1200,1.509695
75.1400,2.002040
75.1600,2.967656
75.1800,2.663934
75.2000,2.195460
75.2200,2.381777
75.2400,3.289993
75.2600,3.600000
75.2800,2.447398
75.3000,1.244860
75.3200,0.689229
75.3400,0.447615
75.3600,0.658451
75.3800,1.387776
75.4000,2.784115
75.4200,3.600000
75.4400,3.600000
75.4600,3.600000
75.4800,2.589740
75.5000,2.147679
75.5200,2.021338
75.5400,2.695258
75.5600,2.846346
75.5800,2.941755
75.6000,3.238182
75.6200,3.027445
75.6400,2.928204
75.6600,1.904728
75.6800,1.262908
75.7000,0.857881
75.7200,0.534923
75.7400,0.809297
75.7600,0.656086
75.7800,0.397121
75.8000,0.364458
75.8200,0.446501
75.8400,0.366014
75.8600,0.198651
75.8800,0.126809
75.9000,0.437177
75.9200,0.487754
75.9400,0.291766
75.9600,0.425124
75.9800,0.613751
76.0000,0.522469
76.0200,0.469991
76.0400,0.647436
76.0600,0.673200
76.0800,0.741385
76.1000,1.033819
76.1200,1.667438
76.1400,1.691868
76.1600,2.027535
76.1800,2.751903
76.2000,2.396281
76.2200,1.950355
76.2400,1.980379
76.2600,1.772353
76.2800,1.145349
76.3000,0.659847
76.3200,0.589767
76.3400,0.558164
76.3600,1.112489
76.3800,1.679604
76.4000,2.437653
76.4200,3.600000
76.4400,3.600000
76.4600,3.600000
76.4800,3.557859
76.5000,1.826597
76.5200,1.134094
76.5400,0.963916
76.5600,0.062900
76.5800,0.029676
76.6000,0.022780
76.6200,0.046645
76.6400,0.087747
76.6600,0.153045
76.6800,0.157720
76.7000,0.163185
76.7200,0.270599
76.7400,0.240279
76.7600,0.114127
76.7800,0.122323
76.8000,0.190329
76.8200,0.159354
76.8400,1.027914
76.8600,2.601428
76.8800,3.600000
76.9000,2.818414
76.9200,2.135342
76.9400,1.721357
76.9600,1.455053
76.9800,1.184515
77.0000,1.299683
77.0200,1.213507
77.0400,1.424165
77.0600,1.969353
77.0800,2.142126
77.1000,1.496048
77.1200,1.032921
77.1400,0.871274
77.1600,0.500053
77.1800,0.392698
77.2000,0.270916
77.2200,0.192470
77.2400,0.280940
77.2600,0.229931
77.2800,0.366191
77.3000,0.258850
77.3200,0.722897
77.3400,1.911684
77.3600,1.926321
77.3800,2.432744
77.4000,2.925989
77.4200,1.891127
77.4400,1.326722
77.4600,1.385004
77.4800,1.467380
77.5000,0.902596
77.5200,0.787810
77.5400,0.590216
77.5600,0.595522
77.5800,0.527561
77.6000,0.599790
77.6200,0.688713
77.6400,1.004333
77.6600,0.873521
77.6800,0.864450
77.7000,0.928842
77.7200,0.693907
77.7400,0.858466
77.7600,0.842619
77.7800,0.693910
77.8000,2.054244
77.8200,3.435412
77.8400,2.735193
77.8600,2.108945
77.8800,2.135334
77.9000,2.256224
77.9200,2.553319
77.9400,2.860665
77.9600,3.017777
77.9800,2.434324
78.0000,1.751841
78.0200,1.385806
78.0400,1.201122
78.0600,0.954046
78.0800,0.745943
78.1000,0.524116
78.1200,0.470842
78.1400,0.463391
78.1600,0.336853
78.1800,0.364166
78.2000,0.403219
78.2200,0.208524
78.2400,0.156424
78.2600,0.211962
78.2800,0.424709
78.3000,0.534321
78.3200,0.581614
78.3400,0.853659
78.3600,1.419956
78.3800,1.924677
78.4000,2.522893
78.4200,2.840224
78.4400,2.768775
78.4600,2.737686
78.4800,3.437141
78.5000,3.540460
78.5200,1.828654
78.5400,1.162149
78.5600,1.291476
78.5800,1.255294
78.6000,1.509695
78.6200,2.002040
78.6400,2.967656
78.6600,2.663934
78.6800,2.195460
78.7000,2.381777
78.7200,3.289993
78.7400,3.600000
78.7600,2.447398
78.7800,1.244860
78.8000,0.689229
78.8200,0.447615
78.8400,0.658451
78.8600,1.387776
78.8800,2.784115
78.9000,3.600000
78.9200,3.600000
78.9400,3.600000
78.9600,2.589740
78.9800,2.147679
79.0000,2.021338
79.0200,2.695258
79.0400,2.846346
79.0600,2.941755
79.0800,3.238182
79.1000,3.027445
79.1200,2.928204
79.1400,1.904728
79.1600,1.262908
79.1800,0.857881
79.2000,0.534923
79.2200,0.809297
79.2400,0.656086
79.2600,0.397121
79.2800,0.364458
79.3000,0.446501
79.3200,0.366014
79.3400,0.198651
79.3600,0.126809
79.3800,0.437177
79.4000,0.487754
79.4200,0.291766
79.4400,0.425124
79.4600,0.613751
79.4800,0.522469
79.5000,0.469991
79.5200,0.647436
79.5400,0.673200
79.5600,0.741385
79.5800,1.033819
79.6000,1.667438
79.6200,1.691868
79.6400,2.027535
79.6600,2.751903
79.6800,2.396281
79.7000,1.950355
79.7200,1.980379
79.7400,1.772353
79.7600,1.145349
79.7800,0.659847
79.8000,0.589767
79.8200,0.558164
79.8400,1.112489
79.8600,1.679604
79.8800,2.437653
79.9000,3.600000
79.9200,3.600000
79.9400,3.600000
79.9600,3.557859
79.9800,1.826597
80.0000,1.134094
80.0200,0.963916
80.0400,0.062900
80.0600,0.029676
80.0800,0.022780
80.1000,0.046645
80.1200,0.087747
80.1400,0.153045
80.1600,0.157720
80.1800,0.163185
80.2000,0.270599
80.2200,0.240279
80.2400,0.114127
80.2600,0.122323
80.2800,0.190329
80.3000,0.159354
80.3200,1.027914
80.3400,2.601428
80.3600,3.600000
80.3800,2.818414
80.4000,2.135342
80.4200,1.721357
80.4400,1.455053
80.4600,1.184515
80.4800,1.299683
80.5000,1.213507
80.5200,1.424165
80.5400,1.969353
80.5600,2.142126
80.5800,1.496048
80.6000,1.032921
80.6200,0.871274
80.6400,0.500053
80.6600,0.392698
80.6800,0.270916
80.7000,0.192470
80.7200,0.280940
80.7400,0.229931
80.7600,0.366191
80.7800,0.258850
80.8000,0.722897
80.8200,1.911684
80.8400,1.926321
80.8600,2.432744
80.8800,2.925989
80.9000,1.891127
80.9200,1.326722
80.9400,1.385004
80.9600,1.467380
80.9800,0.902596
81.0000,0.787810
81.0200,0.590216
81.0400,0.595522
81.0600,0.527561
81.0800,0.599790
81.1000,0.688713
81.1200,1.004333
81.1400,0.873521
81.1600,0.864450
81.1800,0.928842
81.2000,0.693907
81.2200,0.858466
81.2400,0.842619
81.2600,0.693910
81.2800,2.054244
81.3000,3.435412
81.3200,2.735193
81.3400,2.108945
81.3600,2.135334
81.3800,2.256224
81.4000,2.553319
81.4200,2.860665
81.4400,3.017777
81.4600,2.434324
81.4800,1.751841
81.5000,1.385806
81.5200,1.201122
81.5400,0.954046
81.5600,0.745943
81.5800,0.524116
81.6000,0.470842
81.6200,0.463391
81.6400,0.336853
81.6600,0.364166
81.6800,0.403219
81.7000,0.208524
81.7200,0.156424
81.7400,0.211962
81.7600,0.424709
81.7800,0.534321
81.8000,0.581614
81.8200,0.853659
81.8400,1.419956
81.8600,1.924677
81.8800,2.522893
81.9000,2.840224
81.9200,2.768775
81.9400,2.737686
81.9600,3.437141
81.9800,3.540460
82.0000,1.828654
82.0200,1.162149
82.0400,1.291476
82.0600,1.255294
82.0800,1.509695
82.1000,2.002040
82.1200,2.967656
82.1400,2.663934
82.1600,2.195460
82.1800,2.381777
82.2000,3.289993
82.2200,3.600000
82.2400,2.447398
82.2600,1.244860
82.2800,0.689229
82.3000,0.447615
82.3200,0.658451
82.3400,1.387776
82.3600,2.784115
82.3800,3.600000
82.4000,3.600000
82.4200,3.600000
82.4400,2.589740
82.4600,2.147679
82.4800,2.021338
82.5000,2.695258
82.5200,2.846346
82.5400,2.941755
82.5600,3.238182
82.5800,3.027445
82.6000,2.928204
82.6200,1.904728
82.6400,1.262908
82.6600,0.857881
82.6800,0.534923
82.7000,0.809297
82.7200,0.656086
82.7400,0.397121
82.7600,0.364458
82.7800,0.446501
82.8000,0.366014
82.8200,0.198651
82.8400,0.126809
82.8600,0.437177
82.8800,0.487754
82.9000,0.291766
82.9200,0.425124
82.9400,0.613751
82.9600,0.522469
82.9800,0.469991
83.0000,0.647436
83.0200,0.673200
83.0400,0.741385
83.0600,1.033819
83.0800,1.667438
83.1000,1.691868
83.1200,2.027535
83.1400,2.751903
83.1600,2.396281
83.1800,1.950355
83.2000,1.980379
83.2200,1.772353
83.2400,1.145349
83.2600,0.659847
83.2800,0.589767
83.3000,0.558164
83.3200,1.112489
83.3400,1.679604
83.3600,2.437653
83.3800,3.600000
83.4000,3.600000
83.4200,3.600000
83.4400,3.557859
83.4600,1.826597
83.4800,1.134094
83.5000,0.963916
83.5200,0.062900
83.5400,0.029676
83.5600,0.022780
83.5800,0.046645
83.6000,0.087747
83.6200,0.153045
83.6400,0.157720
83.6600,0.163185
83.6800,0.270599
83.7000,0.240279
83.7200,0.114127
83.7400,0.122323
83.7600,0.190329
83.7800,0.159354
83.8000,1.027914
83.8200,2.601428
83.8400,3.600000
83.8600,2.818414
83.8800,2.135342
83.9000,1.721357
83.9200,1.455053
83.9400,1.184515
83.9600,1.299683
83.9800,1.213507
84.0000,1.424165
84.0200,1.969353
84.0400,2.142126
84.0600,1.496048
84.0800,1.032921
84.1000,0.871274
84.1200,0.500053
84.1400,0.392698
84.1600,0.270916
84.1800,0.192470
84.2000,0.280940
84.2200,0.229931
84.2400,0.366191
84.2600,0.258850
84.2800,0.722897
84.3000,1.911684
84.3200,1.926321
84.3400,2.432744
84.3600,2.925989
84.3800,1.891127
84.4000,1.326722
84.4200,1.385004
84.4400,1.467380
84.4600,0.902596
84.4800,0.787810
84.5000,0.590216
84.5200,0.595522
84.5400,0.527561
84.5600,0.599790
84.5800,0.688713
84.6000,1.004333
84.6200,0.873521
84.6400,0.864450
84.6600,0.928842
84.6800,0.693907
84.7000,0.858466
84.7200,0.842619
84.7400,0.693910
84.7600,2.054244
84.7800,3.435412
84.8000,2.735193
84.8200,2.108945
84.8400,2.135334
84.8600,2.256224
84.8800,2.553319
84.9000,2.860665
84.9200,3.017777
84.9400,2.434324
84.9600,1.751841
84.9800,1.385806
85.0000,1.201122
85.0200,0.954046
85.0400,0.745943
85.0600,0.524116
85.0800,0.470842
85.1000,0.463391
85.1200,0.336853
85.1400,0.364166
85.1600,0.403219
85.1800,0.208524
85.2000,0.156424
85.2200,0.211962
85.2400,0.424709
85.2600,0.534321
85.2800,0.581614
85.3000,0.853659
85.3200,1.419956
85.3400,1.924677
85.3600,2.522893
85.3800,2.840224
85.4000,2.768775
85.4200,2.737686
85.4400,3.437141
85.4600,3.540460
85.4800,1.828654
85.5000,1.162149
85.5200,1.291476
85.5400,1.255294
85.5600,1.509695
85.5800,2.002040
85.6000,2.967656
85.6200,2.663934
85.6400,2.195460
85.6600,2.381777
85.6800,3.289993
85.7000,3.600000
85.7200,2.447398
85.7400,1.244860
85.7600,0.689229
85.7800,0.447615
85.8000,0.658451
85.8200,1.387776
85.8400,2.784115
85.8600,3.600000
85.8800,3.600000
85.9000,3.600000
85.9200,2.589740
85.9400,2.147679
85.9600,2.021338
85.9800,2.695258
86.0000,2.846346
86.0200,2.941755
86.0400,3.238182
86.0600,3.027445
86.0800,2.928204
86.1000,1.904728
86.1200,1.262908
86.1400,0.857881
86.1600,0.534923
86.1800,0.809297
86.2000,0.656086
86.2200,0.397121
86.2400,0.364458
86.2600,0.446501
86.2800,0.366014
86.3000,0.198651
86.3200,0.126809
86.3400,0.437177
86.3600,0.487754
86.3800,0.291766
86.4000,0.425124
86.4200,0.613751
86.4400,0.522469
86.4600,0.469991
86.4800,0.647436
86.5000,0.673200
86.5200,0.741385
86.5400,1.033819
86.5600,1.667438
86.5800,1.691868
86.6000,2.027535
86.6200,2.751903
86.6400,2.396281
86.6600,1.950355
86.6800,1.980379
86.7000,1.772353
86.7200,1.145349
86.7400,0.659847
86.7600,0.589767
86.7800,0.558164
86.8000,1.112489
86.8200,1.679604
86.8400,2.437653
86.8600,3.600000
86.8800,3.600000
86.9000,3.600000
86.9200,3.557859
86.9400,1.826597
86.9600,1.134094
86.9800,0.963916
87.0000,0.062900
87.0200,0.029676
87.0400,0.022780
87.0600,0.046645
87.0800,0.087747
87.1000,0.153045
87.1200,0.157720
87.1400,0.163185
87.1600,0.270599
87.1800,0.240279
87.2000,0.114127
87.2200,0.122323
87.2400,0.190329
87.2600,0.159354
87.2800,1.027914
87.3000,2.601428
87.3200,3.600000
87.3400,2.818414
87.3600,2.135342
87.3800,1.721357
87.4000,1.455053
87.4200,1.184515
87.4400,1.299683
87.4600,1.213507
87.4800,1.424165
87.5000,1.969353
87.5200,2.142126
87.5400,1.496048
87.5600,1.032921
87.5800,0.871274
87.6000,0.500053
87.6200,0.392698
87.6400,0.270916
87.6600,0.192470
87.6800,0.280940
87.7000,0.229931
87.7200,0.366191
87.7400,0.258850
87.7600,0.722897
87.7800,1.911684
87.8000,1.926321
87.8200,2.432744
87.8400,2.925989
87.8600,1.891127
87.8800,1.326722
87.9000,1.385004
87.9200,1.467380
87.9400,0.902596
87.9600,0.787810
87.9800,0.590216
88.0000,0.595522
88.0200,0.527561
88.0400,0.599790
88.0600,0.688713
88.0800,1.004333
88.1000,0.873521
88.1200,0.864450
88.1400,0.928842
88.1600,0.693907
88.1800,0.858466
88.2000,0.842619
88.2200,0.693910
88.2400,2.054244
88.2600,3.435412
88.2800,2.735193
88.3000,2.108945
88.3200,2.135334
88.3400,2.256224
88.3600,2.553319
88.3800,2.860665
88.4000,3.017777
88.4200,2.434324
88.4400,1.751841
88.4600,1.385806
88.4800,1.201122
88.5000,0.954046
88.5200,0.745943
88.5400,0.524116
88.5600,0.470842
88.5800,0.463391
88.6000,0.336853
88.6200,0.364166
88.6400,0.403219
88.6600,0.208524
88.6800,0.156424
88.7000,0.211962
88.7200,0.424709
88.7400,0.534321
88.7600,0.581614
88.7800,0.853659
88.8000,1.419956
88.8200,1.924677
88.8400,2.522893
88.8600,2.840224
88.8800,2.768775
88.9000,2.737686
88.9200,3.437141
88.9400,3.540460
88.9600,1.828654
88.9800,1.162149
89.0000,1.291476
89.0200,1.255294
89.0400,1.509695
89.0600,2.002040
89.0800,2.967656
89.1000,2.663934
89.1200,2.195460
89.1400,2.381777
89.1600,3.289993
89.1800,3.600000
89.2000,2.447398
89.2200,1.244860
89.2400,0.689229
89.2600,0.447615
89.2800,0.658451
89.3000,1.387776
89.3200,2.784115
89.3400,3.600000
89.3600,3.600000
89.3800,3.600000
89.4000,2.589740
89.4200,2.147679
89.4400,2.021338
89.4600,2.695258
89.4800,2.846346
89.5000,2.941755
89.5200,3.238182
89.5400,3.027445
89.5600,2.928204
89.5800,1.904728
89.6000,1.262908
89.6200,0.857881
89.6400,0.534923
89.6600,0.809297
89.6800,0.656086
89.7000,0.397121
89.7200,0.364458
89.7400,0.446501
89.7600,0.366014
89.7800,0.198651
89.8000,0.126809
89.8200,0.437177
89.8400,0.487754
89.8600,0.291766
89.8800,0.425124
89.9000,0.613751
89.9200,0.522469
89.9400,0.469991
89.9600,0.647436
89.9800,0.673200
90.0000,0.741385
90.0200,1.033819
90.0400,1.667438
90.0600,1.691868
90.0800,2.027535
90.1000,2.751903
90.1200,2.396281
90.1400,1.950355
90.1600,1.980379
90.1800,1.772353
90.2000,1.145349
90.2200,0.659847
90.2400,0.589767
90.2600,0.558164
90.2800,1.112489
90.3000,1.679604
90.3200,2.437653
90.3400,3.600000
90.3600,3.600000
90.3800,3.600000
90.4000,3.557859
90.4200,1.826597
90.4400,1.134094
90.4600,0.963916
90.4800,0.062900
90.5000,0.029676
90.5200,0.022780
90.5400,0.046645
90.5600,0.087747
90.5800,0.153045
90.6000,0.157720
90.6200,0.163185
90.6400,0.270599
90.6600,0.240279
90.6800,0.114127
90.7000,0.122323
90.7200,0.190329
90.7400,0.159354
90.7600,1.027914
90.7800,2.601428
90.8000,3.600000
90.8200,2.818414
90.8400,2.135342
90.8600,1.721357
90.8800,1.455053
90.9000,1.184515
90.9200,1.299683
90.9400,1.213507
90.9600,1.424165
90.9800,1.969353
91.0000,2.142126
91.0200,1.496048
91.0400,1.032921
91.0600,0.871274
91.0800,0.500053
91.1000,0.392698
91.1200,0.270916
91.1400,0.192470
91.1600,0.280940
91.1800,0.229931
91.2000,0.366191
91.2200,0.258850
91.2400,0.722897
91.2600,1.911684
91.2800,1.926321
91.3000,2.432744
91.3200,2.925989
91.3400,1.891127
91.3600,1.326722
91.3800,1.385004
91.4000,1.467380
91.4200,0.902596
91.4400,0.787810
91.4600,0.590216
91.4800,0.595522
91.5000,0.527561
91.5200,0.599790
91.5400,0.688713
91.5600,1.004333
91.5800,0.873521
91.6000,0.864450
91.6200,0.928842
91.6400,0.693907
91.6600,0.858466
91.6800,0.842619
91.7000,0.693910
91.7200,2.054244
91.7400,3.435412
91.7600,2.735193
91.7800,2.108945
91.8000,2.135334
91.8200,2.256224
91.8400,2.553319
91.8600,2.860665
91.8800,3.017777
91.9000,2.434324
91.9200,1.751841
91.9400,1.385806
91.9600,1.201122
91.9800,0.954046
92.0000,0.745943
92.0200,0.524116
92.0400,0.470842
92.0600,0.463391
92.0800,0.336853
92.1000,0.364166
92.1200,0.403219
92.1400,0.208524
92.1600,0.156424
92.1800,0.211962
92.2000,0.424709
92.2200,0.534321
92.2400,0.581614
92.2600,0.853659
92.2800,1.419956
92.3000,1.924677
92.3200,2.522893
92.3400,2.840224
92.3600,2.768775
92.3800,2.737686
92.4000,3.437141
92.4200,3.540460
92.4400,1.828654
92.4600,1.162149
92.4800,1.291476
92.5000,1.255294
92.5200,1.509695
92.5400,2.002040
92.5600,2.967656
92.5800,2.663934
92.6000,2.195460
92.6200,2.381777
92.6400,3.289993
92.6600,3.600000
92.6800,2.447398
92.7000,1.244860
92.7200,0.689229
92.7400,0.447615
92.7600,0.658451
92.7800,1.387776
92.8000,2.784115
92.8200,3.600000
92.8400,3.600000
92.8600,3.600000
92.8800,2.589740
92.9000,2.147679
92.9200,2.021338
92.9400,2.695258
92.9600,2.846346
92.9800,2.941755
93.0000,3.238182
93.0200,3.027445
93.0400,2.928204
93.0600,1.904728
93.0800,1.262908
93.1000,0.857881
93.1200,0.534923
93.1400,0.809297
93.1600,0.656086
93.1800,0.397121
93.2000,0.364458
93.2200,0.446501
93.2400,0.366014
93.2600,0.198651
93.2800,0.126809
93.3000,0.437177
93.3200,0.487754
93.3400,0.291766
93.3600,0.425124
93.3800,0.613751
93.4000,0.522469
93.4200,0.469991
93.4400,0.647436
93.4600,0.673200
93.4800,0.741385
93.5000,1.033819
93.5200,1.667438
93.5400,1.691868
93.5600,2.027535
93.5800,2.751903
93.6000,2.396281
93.6200,1.950355
93.6400,1.980379
93.6600,1.772353
93.6800,1.145349
93.7000,0.659847
93.7200,0.589767
93.7400,0.558164
93.7600,1.112489
93.7800,1.679604
93.8000,2.437653
93.8200,3.600000
93.8400,3.600000
93.8600,3.600000
93.8800,3.557859
93.9000,1.826597
93.9200,1.134094
93.9400,0.963916
93.9600,0.062900
93.9800,0.029676
94.0000,0.022780
94.0200,0.046645
94.0400,0.087747
94.0600,0.153045
94.0800,0.157720
94.1000,0.163185
94.1200,0.270599
94.1400,0.240279
94.1600,0.114127
94.1800,0.122323
94.2000,0.190329
94.2200,0.159354
94.2400,1.027914
94.2600,2.601428
94.2800,3.600000
94.3000,2.818414
94.3200,2.135342
94.3400,1.721357
94.3600,1.455053
94.3800,1.184515
94.4000,1.299683
94.4200,1.213507
94.4400,1.424165
94.4600,1.969353
94.4800,2.142126
94.5000,1.496048
94.5200,1.032921
94.5400,0.871274
94.5600,0.500053
94.5800,0.392698
94.6000,0.270916
94.6200,0.192470
94.6400,0.280940
94.6600,0.229931
94.6800,0.366191
94.7000,0.258850
94.7200,0.722897
94.7400,1.911684
94.7600,1.926321
94.7800,2.432744
94.8000,2.925989
94.8200,1.891127
94.8400,1.326722
94.8600,1.385004
94.8800,1.467380
94.9000,0.902596
94.9200,0.787810
94.9400,0.590216
94.9600,0.595522
94.9800,0.527561
95.0000,0.599790
95.0200,0.688713
95.0400,1.004333
95.0600,0.873521
95.0800,0.864450
95.1000,0.928842
95.1200,0.693907
95.1400,0.858466
95.1600,0.842619
95.1800,0.693910
95.2000,2.054244
95.2200,3.435412
95.2400,2.735193
95.2600,2.108945
95.2800,2.135334
95.3000,2.256224
95.3200,2.553319
95.3400,2.860665
95.3600,3.017777
95.3800,2.434324
95.4000,1.751841
95.4200,1.385806
95.4400,1.201122
95.4600,0.954046
95.4800,0.745943
95.5000,0.524116
95.5200,0.470842
95.5400,0.463391
95.5600,0.336853
95.5800,0.364166
95.6000,0.403219
95.6200,0.208524
95.6400,0.156424
95.6600,0.211962
95.6800,0.424709
95.7000,0.534321
95.7200,0.581614
95.7400,0.853659
95.7600,1.419956
95.7800,1.924677
95.8000,2.522893
95.8200,2.840224
95.8400,2.768775
95.8600,2.737686
95.8800,3.437141
95.9000,3.540460
95.9200,1.828654
95.9400,1.162149
95.9600,1.291476
95.9800,1.255294
96.0000,1.509695
96.0200,2.002040
96.0400,2.967656
96.0600,2.663934
96.0800,2.195460
96.1000,2.381777
96.1200,3.289993
96.1400,3.600000
96.1600,2.447398
96.1800,1.244860
96.2000,0.689229
96.2200,0.447615
96.2400,0.658451
96.2600,1.387776
96.2800,2.784115
96.3000,3.600000
96.3200,3.600000
96.3400,3.600000
96.3600,2.589740
96.3800,2.147679
96.4000,2.021338
96.4200,2.695258
96.4400,2.846346
96.4600,2.941755
96.4800,3.238182
96.5000,3.027445
96.5200,2.928204
96.5400,1.904728
96.5600,1.262908
96.5800,0.857881
96.6000,0.534923
96.6200,0.809297
96.6400,0.656086
96.6600,0.397121
96.6800,0.364458
96.7000,0.446501
96.7200,0.366014
96.7400,0.198651
96.7600,0.126809
96.7800,0.437177
96.8000,0.487754
96.8200,0.291766
96.8400,0.425124
96.8600,0.613751
96.8800,0.522469
96.9000,0.469991
96.9200,0.647436
96.9400,0.673200
96.9600,0.741385
96.9800,1.033819
97.0000,1.667438
97.0200,1.691868
97.0400,2.027535
97.0600,2.751903
97.0800,2.396281
97.1000,1.950355
97.1200,1.980379
97.1400,1.772353
97.1600,1.145349
97.1800,0.659847
97.2000,0.589767
97.2200,0.558164
97.2400,1.112489
97.2600,1.679604
97.2800,2.437653
97.3000,3.600000
97.3200,3.600000
97.3400,3.600000
97.3600,3.557859
97.3800,1.826597
97.4000,1.134094
97.4200,0.963916
97.4400,0.062900
97.4600,0.029676
97.4800,0.022780
97.5000,0.046645
97.5200,0.087747
97.5400,0.153045
97.5600,0.157720
97.5800,0.163185
97.6000,0.270599
97.6200,0.240279
97.6400,0.114127
97.6600,0.122323
97.6800,0.190329
97.7000,0.159354
97.7200,1.027914
97.7400,2.601428
97.7600,3.600000
97.7800,2.818414
97.8000,2.135342
97.8200,1.721357
97.8400,1.455053
97.8600,1.184515
97.8800,1.299683
97.9000,1.213507
97.9200,1.424165
97.9400,1.969353
97.9600,2.142126
97.9800,1.496048
98.0000,1.032921
98.0200,0.871274
98.0400,0.500053
98.0600,0.392698
98.0800,0.270916
98.1000,0.192470
98.1200,0.280940
98.1400,0.229931
98.1600,0.366191
98.1800,0.258850
98.2000,0.722897
98.2200,1.911684
98.2400,1.926321
98.2600,2.432744
98.2800,2.925989
98.3000,1.891127
98.3200,1.326722
98.3400,1.385004
98.3600,1.467380
98.3800,0.902596
98.4000,0.787810
98.4200,0.590216
98.4400,0.595522
98.4600,0.527561
98.4800,0.599790
98.5000,0.688713
98.5200,1.004333
98.5400,0.873521
98.5600,0.864450
98.5800,0.928842
98.6000,0.693907
98.6200,0.858466
98.6400,0.842619
98.6600,0.693910
98.6800,2.054244
98.7000,3.435412
98.7200,2.735193
98.7400,2.108945
98.7600,2.135334
98.7800,2.256224
98.8000,2.553319
98.8200,2.860665
98.8400,3.017777
98.8600,2.434324
98.8800,1.751841
98.9000,1.385806
98.9200,1.201122
98.9400,0.954046
98.9600,0.745943
98.9800,0.524116
99.0000,0.470842
99.0200,0.463391
99.0400,0.336853
99.0600,0.364166
99.0800,0.403219
99.1000,0.208524
99.1200,0.156424
99.1400,0.211962
99.1600,0.424709
99.1800,0.534321
99.2000,0.581614
99.2200,0.853659
99.2400,1.419956
99.2600,1.924677
99.2800,2.522893
99.3000,2.840224
99.3200,2.768775
99.3400,2.737686
99.3600,3.437141
99.3800,3.540460
99.4000,1.828654
99.4200,1.162149
99.4400,1.291476
99.4600,1.255294
99.4800,1.509695
99.5000,2.002040
99.5200,2.967656
99.5400,2.663934
99.5600,2.195460
99.5800,2.381777
99.6000,3.289993
99.6200,3.600000
99.6400,2.447398
99.6600,1.244860
99.6800,0.689229
99.7000,0.447615
99.7200,0.658451
99.7400,1.387776
99.7600,2.784115
99.7800,3.600000
99.8000,3.600000
99.8200,3.600000
99.8400,2.589740
99.8600,2.147679
99.8800,2.021338
99.9000,2.695258
99.9200,2.846346
99.9400,2.941755
99.9600,3.238182
99.9800,3.027445
100.0000,2.928204
100.0200,1.904728
100.0400,1.262908
100.0600,0.857881
100.0800,0.534923
100.1000,0.809297
100.1200,0.656086
100.1400,0.397121
100.1600,0.364458
100.1800,0.446501
100.2000,0.366014
100.2200,0.198651
100.2400,0.126809
100.2600,0.437177
100.2800,0.487754
100.3000,0.291766
100.3200,0.425124
100.3400,0.613751
100.3600,0.522469
100.3800,0.469991
100.4000,0.647436
100.4200,0.673200
100.4400,0.741385
100.4600,1.033819
100.4800,1.667438
100.5000,1.691868
100.5200,2.027535
100.5400,2.751903
100.5600,2.396281
100.5800,1.950355
100.6000,1.980379
100.6200,1.772353
100.6400,1.145349
100.6600,0.659847
100.6800,0.589767
100.7000,0.558164
100.7200,1.112489
100.7400,1.679604
100.7600,2.437653
100.7800,3.600000
100.8000,3.600000
100.8200,3.600000
100.8400,3.557859
100.8600,1.826597
100.8800,1.134094
100.9000,0.963916
100.9200,0.062900
100.9400,0.029676
100.9600,0.022780
100.9800,0.046645
101.0000,0.087747
101.0200,0.153045
101.0400,0.157720
101.0600,0.163185
101.0800,0.270599
101.1000,0.240279
101.1200,0.114127
101.1400,0.122323
101.1600,0.190329
101.1800,0.159354
101.2000,1.027914
101.2200,2.601428
101.2400,3.600000
101.2600,2.818414
101.2800,2.135342
101.3000,1.721357
101.3200,1.455053
101.3400,1.184515
101.3600,1.299683
101.3800,1.213507
101.4000,1.424165
101.4200,1.969353
101.4400,2.142126
101.4600,1.496048
101.4800,1.032921
101.5000,0.871274
101.5200,0.500053
101.5400,0.392698
101.5600,0.270916
101.5800,0.192470
101.6000,0.280940
101.6200,0.229931
101.6400,0.366191
101.6600,0.258850
101.6800,0.722897
101.7000,1.911684
101.7200,1.926321
101.7400,2.432744
101.7600,2.925989
101.7800,1.891127
101.8000,1.326722
101.8200,1.385004
101.8400,1.467380
101.8600,0.902596
101.8800,0.787810
101.9000,0.590216
101.9200,0.595522
101.9400,0.527561
101.9600,0.599790
101.9800,0.688713
102.0000,1.004333
102.0200,0.873521
102.0400,0.864450
102.0600,0.928842
102.0800,0.693907
102.1000,0.858466
102.1200,0.842619
102.1400,0.693910
102.1600,2.054244
102.1800,3.435412
102.2000,2.735193
102.2200,2.108945
102.2400,2.135334
102.2600,2.256224
102.2800,2.553319
102.3000,2.860665
102.3200,3.017777
102.3400,2.434324
102.3600,1.751841
102.3800,1.385806
102.4000,1.201122
102.4200,0.954046
102.4400,0.745943
102.4600,0.524116
102.4800,0.470842
102.5000,0.463391
102.5200,0.336853
102.5400,0.364166
102.5600,0.403219
102.5800,0.208524
102.6000,0.156424
102.6200,0.211962
102.6400,0.424709
102.6600,0.534321
102.6800,0.581614
102.7000,0.853659
102.7200,1.419956
102.7400,1.924677
102.7600,2.522893
102.7800,2.840224
102.8000,2.768775
102.8200,2.737686
102.8400,3.437141
102.8600,3.540460
102.8800,1.828654
102.9000,1.162149
102.9200,1.291476
102.9400,1.255294
102.9600,1.509695
102.9800,2.002040
103.0000,2.967656
103.0200,2.663934
103.0400,2.195460
103.0600,2.381777
103.0800,3.289993
103.1000,3.600000
103.1200,2.447398
103.1400,1.244860
103.1600,0.689229
103.1800,0.447615
103.2000,0.658451
103.2200,1.387776
103.2400,2.784115
103.2600,3.600000
103.2800,3.600000
103.3000,3.600000
103.3200,2.589740
103.3400,2.147679
103.3600,2.021338
103.3800,2.695258
103.4000,2.846346
103.4200,2.941755
103.4400,3.238182
103.4600,3.027445
103.4800,2.928204
103.5000,1.904728
103.5200,1.262908
103.5400,0.857881
103.5600,0.534923
103.5800,0.809297
103.6000,0.656086
103.6200,0.397121
103.6400,0.364458
103.6600,0.446501
103.6800,0.366014
103.7000,0.198651
103.7200,0.126809
103.7400,0.437177
103.7600,0.487754
103.7800,0.291766
103.8000,0.425124
103.8200,0.613751
103.8400,0.522469
103.8600,0.469991
103.8800,0.647436
103.9000,0.673200
103.9200,0.741385
103.9400,1.033819
103.9600,1.667438
103.9800,1.691868
104.0000,2.027535
104.0200,2.751903
104.0400,2.396281
104.0600,1.950355
104.0800,1.980379
104.1000,1.772353
104.1200,1.145349
104.1400,0.659847
104.1600,0.589767
104.1800,0.558164
104.2000,1.112489
104.2200,1.679604
104.2400,2.437653
104.2600,3.600000
104.2800,3.600000
104.3000,3.600000
104.3200,3.557859
104.3400,1.826597
104.3600,1.134094
104.3800,0.963916
104.4000,0.062900
104.4200,0.029676
104.4400,0.022780
104.4600,0.046645
104.4800,0.087747
104.5000,0.153045
104.5200,0.157720
104.5400,0.163185
104.5600,0.270599
104.5800,0.240279
104.6000,0.114127
104.6200,0.122323
104.6400,0.190329
104.6600,0.159354
104.6800,1.027914
104.7000,2.601428
104.7200,3.600000
104.7400,2.818414
104.7600,2.135342
104.7800,1.721357
104.8000,1.455053
104.8200,1.184515
104.8400,1.299683
104.8600,1.213507
104.8800,1.424165
104.9000,1.969353
104.9200,2.142126
104.9400,1.496048
104.9600,1.032921
104.9800,0.871274
105.0000,0.500053
105.0200,0.392698
105.0400,0.270916
105.0600,0.192470
105.0800,0.280940
105.1000,0.229931
105.1200,0.366191
105.1400,0.258850
105.1600,0.722897
105.1800,1.911684
105.2000,1.926321
105.2200,2.432744
105.2400,2.925989
105.2600,1.891127
105.2800,1.326722
105.3000,1.385004
105.3200,1.467380
105.3400,0.902596
105.3600,0.787810
105.3800,0.590216
105.4000,0.595522
105.4200,0.527561
105.4400,0.599790
105.4600,0.688713
105.4800,1.004333
105.5000,0.873521
105.5200,0.864450
105.5400,0.928842
105.5600,0.693907
105.5800,0.858466
105.6000,0.842619
105.6200,0.693910
105.6400,2.054244
105.6600,3.435412
105.6800,2.735193
105.7000,2.108945
105.7200,2.135334
105.7400,2.256224
105.7600,2.553319
105.7800,2.860665
105.8000,3.017777
105.8200,2.434324
105.8400,1.751841
105.8600,1.385806
105.8800,1.201122
105.9000,0.954046
105.9200,0.745943
105.9400,0.524116
105.9600,0.470842
105.9800,0.463391
106.0000,0.336853
106.0200,0.364166
106.0400,0.403219
106.0600,0.208524
106.0800,0.156424
106.1000,0.211962
106.1200,0.424709
106.1400,0.534321
106.1600,0.581614
106.1800,0.853659
106.2000,1.419956
106.2200,1.924677
106.2400,2.522893
106.2600,2.840224
106.2800,2.768775
106.3000,2.737686
106.3200,3.437141
106.3400,3.540460
106.3600,1.828654
106.3800,1.162149
106.4000,1.291476
106.4200,1.255294
106.4400,1.509695
106.4600,2.002040
106.4800,2.967656
106.5000,2.663934
106.5200,2.195460
106.5400,2.381777
106.5600,3.289993
106.5800,3.600000
106.6000,2.447398
106.6200,1.244860
106.6400,0.689229
106.6600,0.447615
106.6800,0.658451
106.7000,1.387776
106.7200,2.784115
106.7400,3.600000
106.7600,3.600000
106.7800,3.600000
106.8000,2.589740
106.8200,2.147679
106.8400,2.021338
106.8600,2.695258
106.8800,2.846346
106.9000,2.941755
106.9200,3.238182
106.9400,3.027445
106.9600,2.928204
106.9800,1.904728
107.0000,1.262908
107.0200,0.857881
107.0400,0.534923
107.0600,0.809297
107.0800,0.656086
107.1000,0.397121
107.1200,0.364458
107.1400,0.446501
107.1600,0.366014
107.1800,0.198651
107.2000,0.126809
107.2200,0.437177
107.2400,0.487754
107.2600,0.291766
107.2800,0.425124
107.3000,0.613751
107.3200,0.522469
107.3400,0.469991
107.3600,0.647436
107.3800,0.673200
107.4000,0.741385
107.4200,1.033819
107.4400,1.667438
107.4600,1.691868
107.4800,2.027535
107.5000,2.751903
107.5200,2.396281
107.5400,1.950355
107.5600,1.980379
107.5800,1.772353
107.6000,1.145349
107.6200,0.659847
107.6400,0.589767
107.6600,0.558164
107.6800,1.112489
107.7000,1.679604
107.7200,2.437653
107.7400,3.600000
107.7600,3.600000
107.7800,3.600000
107.8000,3.557859
107.8200,1.826597
107.8400,1.134094
107.8600,0.963916
107.8800,0.062900
107.9000,0.029676
107.9200,0.022780
107.9400,0.046645
107.9600,0.087747
107.9800,0.153045
108.0000,0.157720
108.0200,0.163185
108.0400,0.270599
108.0600,0.240279
108.0800,0.114127
108.1000,0.122323
108.1200,0.190329
108.1400,0.159354
108.1600,1.027914
108.1800,2.601428
108.2000,3.600000
108.2200,2.818414
108.2400,2.135342
108.2600,1.721357
108.2800,1.455053
108.3000,1.184515
108.3200,1.299683
108.3400,1.213507
108.3600,1.424165
108.3800,1.969353
108.4000,2.142126
108.4200,1.496048
108.4400,1.032921
108.4600,0.871274
108.4800,0.500053
108.5000,0.392698
108.5200,0.270916
108.5400,0.192470
108.5600,0.280940
108.5800,0.229931
108.6000,0.366191
108.6200,0.258850
108.6400,0.722897
108.6600,1.911684
108.6800,1.926321
108.7000,2.432744
108.7200,2.925989
108.7400,1.891127
108.7600,1.326722
108.7800,1.385004
108.8000,1.467380
108.8200,0.902596
108.8400,0.787810
108.8600,0.590216
108.8800,0.595522
108.9000,0.527561
108.9200,0.599790
108.9400,0.688713
108.9600,1.004333
108.9800,0.873521
109.0000,0.864450
109.0200,0.928842
109.0400,0.693907
109.0600,0.858466
109.0800,0.842619
109.1000,0.693910
109.1200,2.054244
109.1400,3.435412
109.1600,2.735193
109.1800,2.108945
109.2000,2.135334
109.2200,2.256224
109.2400,2.553319
109.2600,2.860665
109.2800,3.017777
109.3000,2.434324
109.3200,1.751841
109.3400,1.385806
109.3600,1.201122
109.3800,0.954046
109.4000,0.745943
109.4200,0.524116
109.4400,0.470842
109.4600,0.463391
109.4800,0.336853
109.5000,0.364166
109.5200,0.403219
109.5400,0.208524
109.5600,0.156424
109.5800,0.211962
109.6000,0.424709
109.6200,0.534321
109.6400,0.581614
109.6600,0.853659
109.6800,1.419956
109.7000,1.924677
109.7200,2.522893
109.7400,2.840224
109.7600,2.768775
109.7800,2.737686
109.8000,3.437141
109.8200,3.540460
109.8400,1.828654
109.8600,1.162149
109.8800,1.291476
109.9000,1.255294
109.9200,1.509695
109.9400,2.002040
109.9600,2.967656
109.9800,2.663934
110.0000,2.195460
110.0200,2.381777
110.0400,3.289993
110.0600,3.600000
110.0800,2.447398
110.1000,1.244860
110.1200,0.689229
110.1400,0.447615
110.1600,0.658451
110.1800,1.387776
110.2000,2.784115
110.2200,3.600000
110.2400,3.600000
110.2600,3.600000
110.2800,2.589740
110.3000,2.147679
110.3200,2.021338
110.3400,2.695258
110.3600,2.846346
110.3800,2.941755
110.4000,3.238182
110.4200,3.027445
110.4400,2.928204
110.4600,1.904728
110.4800,1.262908
110.5000,0.857881
110.5200,0.534923
110.5400,0.809297
110.5600,0.656086
110.5800,0.397121
110.6000,0.364458
110.6200,0.446501
110.6400,0.366014
110.6600,0.198651
110.6800,0.126809
110.7000,0.437177
110.7200,0.487754
110.7400,0.291766
110.7600,0.425124
110.7800,0.613751
110.8000,0.522469
110.8200,0.469991
110.8400,0.647436
110.8600,0.673200
110.8800,0.741385
110.9000,1.033819
110.9200,1.667438
110.9400,1.691868
110.9600,2.027535
110.9800,2.751903
111.0000,2.396281
111.0200,1.950355
111.0400,1.980379
111.0600,1.772353
111.0800,1.145349
111.1000,0.659847
111.1200,0.589767
111.1400,0.558164
111.1600,1.112489
111.1800,1.679604
111.2000,2.437653
111.2200,3.600000
111.2400,3.600000
111.2600,3.600000
111.2800,3.557859
111.3000,1.826597
111.3200,1.134094
111.3400,0.963916
111.3600,0.062900
111.3800,0.029676
111.4000,0.022780
111.4200,0.046645
111.4400,0.087747
111.4600,0.153045
111.4800,0.157720
111.5000,0.163185
111.5200,0.270599
111.5400,0.240279
111.5600,0.114127
111.5800,0.122323
111.6000,0.190329
111.6200,0.159354
111.6400,1.027914
111.6600,2.601428
111.6800,3.600000
111.7000,2.818414
111.7200,2.135342
111.7400,1.721357
111.7600,1.455053
111.7800,1.184515
111.8000,1.299683
111.8200,1.213507
111.8400,1.424165
111.8600,1.969353
111.8800,2.142126
111.9000,1.496048
111.9200,1.032921
111.9400,0.871274
111.9600,0.500053
111.9800,0.392698
112.0000,0.270916
112.0200,0.192470
112.0400,0.280940
112.0600,0.229931
112.0800,0.366191
112.1000,0.258850
112.1200,0.722897
112.1400,1.911684
112.1600,1.926321
112.1800,2.432744
112.2000,2.925989
112.2200,1.891127
112.2400,1.326722
112.2600,1.385004
112.2800,1.467380
112.3000,0.902596
112.3200,0.787810
112.3400,0.590216
112.3600,0.595522
112.3800,0.527561
112.4000,0.599790
112.4200,0.688713
112.4400,1.004333
112.4600,0.873521
112.4800,0.864450
112.5000,0.928842
112.5200,0.693907
112.5400,0.858466
112.5600,0.842619
112.5800,0.693910
112.6000,2.054244
112.6200,3.435412
112.6400,2.735193
112.6600,2.108945
112.6800,2.135334
112.7000,2.256224
112.7200,2.553319
112.7400,2.860665
112.7600,3.017777
112.7800,2.434324
112.8000,1.751841
112.8200,1.385806
112.8400,1.201122
112.8600,0.954046
112.8800,0.745943
112.9000,0.524116
112.9200,0.470842
112.9400,0.463391
112.9600,0.336853
112.9800,0.364166
113.0000,0.403219
113.0200,0.208524
113.0400,0.156424
113.0600,0.211962
113.0800,0.424709
113.1000,0.534321
113.1200,0.581614
113.1400,0.853659
113.1600,1.419956
113.1800,1.924677
113.2000,2.522893
113.2200,2.840224
113.2400,2.768775
113.2600,2.737686
113.2800,3.437141
113.3000,3.540460
113.3200,1.828654
113.3400,1.162149
113.3600,1.291476
113.3800,1.255294
113.4000,1.509695
113.4200,2.002040
113.4400,2.967656
113.4600,2.663934
113.4800,2.195460
113.5000,2.381777
113.5200,3.289993
113.5400,3.600000
113.5600,2.447398
113.5800,1.244860
113.6000,0.689229
113.6200,0.447615
113.6400,0.658451
113.6600,1.387776
113.6800,2.784115
113.7000,3.600000
113.7200,3.600000
113.7400,3.600000
113.7600,2.589740
113.7800,2.147679
113.8000,2.021338
113.8200,2.695258
113.8400,2.846346
113.8600,2.941755
113.8800,3.238182
113.9000,3.027445
113.9200,2.928204
113.9400,1.904728
113.9600,1.262908
113.9800,0.857881
114.0000,0.534923
114.0200,0.809297
114.0400,0.656086
114.0600,0.397121
114.0800,0.364458
114.1000,0.446501
114.1200,0.366014
114.1400,0.198651
114.1600,0.126809
114.1800,0.437177
114.2000,0.487754
114.2200,0.291766
114.2400,0.425124
114.2600,0.613751
114.2800,0.522469
114.3000,0.469991
114.3200,0.647436
114.3400,0.673200
114.3600,0.741385
114.3800,1.033819
114.4000,1.667438
114.4200,1.691868
114.4400,2.027535
114.4600,2.751903
114.4800,2.396281
114.5000,1.950355
114.5200,1.980379
114.5400,1.772353
114.5600,1.145349
114.5800,0.659847
114.6000,0.589767
114.6200,0.558164
114.6400,1.112489
114.6600,1.679604
114.6800,2.437653
114.7000,3.600000
114.7200,3.600000
114.7400,3.600000
114.7600,3.557859
114.7800,1.826597
114.8000,1.134094
114.8200,0.963916
114.8400,0.062900
114.8600,0.029676
114.8800,0.022780
114.9000,0.046645
114.9200,0.087747
114.9400,0.153045
114.9600,0.157720
114.9800,0.163185
115.0000,0.270599
115.0200,0.240279
115.0400,0.114127
115.0600,0.122323
115.0800,0.190329
115.1000,0.159354
115.1200,1.027914
115.1400,2.601428
115.1600,3.600000
115.1800,2.818414
115.2000,2.135342
115.2200,1.721357
115.2400,1.455053
115.2600,1.184515
115.2800,1.299683
115.3000,1.213507
115.3200,1.424165
115.3400,1.969353
115.3600,2.142126
115.3800,1.496048
115.4000,1.032921
115.4200,0.871274
115.4400,0.500053
115.4600,0.392698
115.4800,0.270916
115.5000,0.192470
115.5200,0.280940
115.5400,0.229931
115.5600,0.366191
115.5800,0.258850
115.6000,0.722897
115.6200,1.911684
115.6400,1.926321
115.6600,2.432744
115.6800,2.925989
115.7000,1.891127
115.7200,1.326722
115.7400,1.385004
115.7600,1.467380
115.7800,0.902596
115.8000,0.787810
115.8200,0.590216
115.8400,0.595522
115.8600,0.527561
115.8800,0.599790
115.9000,0.688713
115.9200,1.004333
115.9400,0.873521
115.9600,0.864450
115.9800,0.928842
116.0000,0.693907
116.0200,0.858466
116.0400,0.842619
116.0600,0.693910
116.0800,2.054244
116.1000,3.435412
116.1200,2.735193
116.1400,2.108945
116.1600,2.135334
116.1800,2.256224
116.2000,2.553319
116.2200,2.860665
116.2400,3.017777
116.2600,2.434324
116.2800,1.751841
116.3000,1.385806
116.3200,1.201122
116.3400,0.954046
116.3600,0.745943
116.3800,0.524116
116.4000,0.470842
116.4200,0.463391
116.4400,0.336853
116.4600,0.364166
116.4800,0.403219
116.5000,0.208524
116.5200,0.156424
116.5400,0.211962
116.5600,0.424709
116.5800,0.534321
116.6000,0.581614
116.6200,0.853659
116.6400,1.419956
116.6600,1.924677
116.6800,2.522893
116.7000,2.840224
116.7200,2.768775
116.7400,2.737686
116.7600,3.437141
116.7800,3.540460
116.8000,1.828654
116.8200,1.162149
116.8400,1.291476
116.8600,1.255294
116.8800,1.509695
116.9000,2.002040
116.9200,2.967656
116.9400,2.663934
116.9600,2.195460
116.9800,2.381777
117.0000,3.289993
117.0200,3.600000
117.0400,2.447398
117.0600,1.244860
117.0800,0.689229
117.1000,0.447615
117.1200,0.658451
117.1400,1.387776
117.1600,2.784115
117.1800,3.600000
117.2000,3.600000
117.2200,3.600000
117.2400,2.589740
117.2600,2.147679
117.2800,2.021338
117.3000,2.695258
117.3200,2.846346
117.3400,2.941755
117.3600,3.238182
117.3800,3.027445
117.4000,2.928204
117.4200,1.904728
117.4400,1.262908
117.4600,0.857881
117.4800,0.534923
117.5000,0.809297
117.5200,0.656086
117.5400,0.397121
117.5600,0.364458
117.5800,0.446501
117.6000,0.366014
117.6200,0.198651
117.6400,0.126809
117.6600,0.437177
117.6800,0.487754
117.7000,0.291766
117.7200,0.425124
117.7400,0.613751
117.7600,0.522469
117.7800,0.469991
117.8000,0.647436
117.8200,0.673200
117.8400,0.741385
117.8600,1.033819
117.8800,1.667438
117.9000,1.691868
117.9200,2.027535
117.9400,2.751903
117.9600,2.396281
117.9800,1.950355
118.0000,1.980379
118.0200,1.772353
118.0400,1.145349
118.0600,0.659847
118.0800,0.589767
118.1000,0.558164
118.1200,1.112489
118.1400,1.679604
118.1600,2.437653
118.1800,3.600000
118.2000,3.600000
118.2200,3.600000
118.2400,3.557859
118.2600,1.826597
118.2800,1.134094
118.3000,0.963916
118.3200,0.062900
118.3400,0.029676
118.3600,0.022780
118.3800,0.046645
118.4000,0.087747
118.4200,0.153045
118.4400,0.157720
118.4600,0.163185
118.4800,0.270599
118.5000,0.240279
118.5200,0.114127
118.5400,0.122323
118.5600,0.190329
118.5800,0.159354
118.6000,1.027914
118.6200,2.601428
118.6400,3.600000
118.6600,2.818414
118.6800,2.135342
118.7000,1.721357
118.7200,1.455053
118.7400,1.184515
118.7600,1.299683
118.7800,1.213507
118.8000,1.424165
118.8200,1.969353
118.8400,2.142126
118.8600,1.496048
118.8800,1.032921
118.9000,0.871274
118.9200,0.500053
118.9400,0.392698
118.9600,0.270916
118.9800,0.192470
119.0000,0.280940
119.0200,0.229931
119.0400,0.366191
119.0600,0.258850
119.0800,0.722897
119.1000,1.911684
119.1200,1.926321
119.1400,2.432744
119.1600,2.925989
119.1800,1.891127
119.2000,1.326722
119.2200,1.385004
119.2400,1.467380
119.2600,0.902596
119.2800,0.787810
119.3000,0.590216
119.3200,0.595522
119.3400,0.527561
119.3600,0.599790
119.3800,0.688713
119.4000,1.004333
119.4200,0.873521
119.4400,0.864450
119.4600,0.928842
119.4800,0.693907
119.5000,0.858466
119.5200,0.842619
119.5400,0.693910
119.5600,2.054244
119.5800,3.435412
119.6000,2.735193
119.6200,2.108945
119.6400,2.135334
119.6600,2.256224
119.6800,2.553319
119.7000,2.860665
119.7200,3.017777
119.7400,2.434324
119.7600,1.751841
119.7800,1.385806
119.8000,1.201122
119.8200,0.954046
119.8400,0.745943
119.8600,0.524116
119.8800,0.470842
119.9000,0.463391
119.9200,0.336853
119.9400,0.364166
119.9600,0.403219
119.9800,0.208524
120.0000,0.156424
120.0200,0.211962
120.0400,0.424709
120.0600,0.534321
120.0800,0.581614
120.1000,0.853659
120.1200,1.419956
120.1400,1.924677
120.1600,2.522893
120.1800,2.840224
120.2000,2.768775
120.2200,2.737686
120.2400,3.437141
120.2600,3.540460
120.2800,1.828654
120.3000,1.162149
120.3200,1.291476
120.3400,1.255294
120.3600,1.509695
120.3800,2.002040
120.4000,2.967656
120.4200,2.663934
120.4400,2.195460
120.4600,2.381777
120.4800,3.289993
120.5000,3.600000
120.5200,2.447398
120.5400,1.244860
120.5600,0.689229
120.5800,0.447615
120.6000,0.658451
120.6200,1.387776
120.6400,2.784115
120.6600,3.600000
120.6800,3.600000
120.7000,3.600000
120.7200,2.589740
120.7400,2.147679
120.7600,2.021338
120.7800,2.695258
120.8000,2.846346
120.8200,2.941755
120.8400,3.238182
120.8600,3.027445
120.8800,2.928204
120.9000,1.904728
120.9200,1.262908
120.9400,0.857881
120.9600,0.534923
120.9800,0.809297
121.0000,0.656086
121.0200,0.397121
121.0400,0.364458
121.0600,0.446501
121.0800,0.366014
121.1000,0.198651
121.1200,0.126809
121.1400,0.437177
121.1600,0.487754
121.1800,0.291766
121.2000,0.425124
121.2200,0.613751
121.2400,0.522469
121.2600,0.469991
121.2800,0.647436
121.3000,0.673200
121.3200,0.741385
121.3400,1.033819
121.3600,1.667438
121.3800,1.691868
121.4000,2.027535
121.4200,2.751903
121.4400,2.396281
121.4600,1.950355
121.4800,1.980379
121.5000,1.772353
121.5200,1.145349
121.5400,0.659847
121.5600,0.589767
121.5800,0.558164
121.6000,1.112489
121.6200,1.679604
121.6400,2.437653
121.6600,3.600000
121.6800,3.600000
121.7000,3.600000
121.7200,3.557859
121.7400,1.826597
121.7600,1.134094
121.7800,0.963916
121.8000,0.062900
121.8200,0.029676
121.8400,0.022780
121.8600,0.046645
121.8800,0.087747
121.9000,0.153045
121.9200,0.157720
121.9400,0.163185
121.9600,0.270599
121.9800,0.240279
122.0000,0.114127
122.0200,0.122323
122.0400,0.190329
122.0600,0.159354
122.0800,1.027914
122.1000,2.601428
122.1200,3.600000
122.1400,2.818414
122.1600,2.135342
122.1800,1.721357
122.2000,1.455053
122.2200,1.184515
122.2400,1.299683
122.2600,1.213507
122.2800,1.424165
122.3000,1.969353
122.3200,2.142126
122.3400,1.496048
122.3600,1.032921
122.3800,0.871274
122.4000,0.500053
122.4200,0.392698
122.4400,0.270916
122.4600,0.192470
122.4800,0.280940
122.5000,0.229931
122.5200,0.366191
122.5400,0.258850
122.5600,0.722897
122.5800,1.911684
122.6000,1.926321
122.6200,2.432744
122.6400,2.925989
122.6600,1.891127
122.6800,1.326722
122.7000,1.385004
122.7200,1.467380
122.7400,0.902596
122.7600,0.787810
122.7800,0.590216
122.8000,0.595522
122.8200,0.527561
122.8400,0.599790
122.8600,0.688713
122.8800,1.004333
122.9000,0.873521
122.9200,0.864450
122.9400,0.928842
122.9600,0.693907
122.9800,0.858466
123.0000,0.842619
123.0200,0.693910
123.0400,2.054244
123.0600,3.435412
123.0800,2.735193
123.1000,2.108945
123.1200,2.135334
123.1400,2.256224
123.1600,2.553319
123.1800,2.860665
123.2000,3.017777
123.2200,2.434324
123.2400,1.751841
123.2600,1.385806
123.2800,1.201122
123.3000,0.954046
123.3200,0.745943
123.3400,0.524116
123.3600,0.470842
123.3800,0.463391
123.4000,0.336853
123.4200,0.364166
123.4400,0.403219
123.4600,0.208524
123.4800,0.156424
123.5000,0.211962
123.5200,0.424709
123.5400,0.534321
123.5600,0.581614
123.5800,0.853659
123.6000,1.419956
123.6200,1.924677
123.6400,2.522893
123.6600,2.840224
123.6800,2.768775
123.7000,2.737686
123.7200,3.437141
123.7400,3.540460
123.7600,1.828654
123.7800,1.162149
123.8000,1.291476
123.8200,1.255294
123.8400,1.509695
123.8600,2.002040
123.8800,2.967656
123.9000,2.663934
123.9200,2.195460
123.9400,2.381777
123.9600,3.289993
123.9800,3.600000
124.0000,2.447398
124.0200,1.244860
124.0400,0.689229
124.0600,0.447615
124.0800,0.658451
124.1000,1.387776
124.1200,2.784115
124.1400,3.600000
124.1600,3.600000
124.1800,3.600000
124.2000,2.589740
124.2200,2.147679
124.2400,2.021338
124.2600,2.695258
124.2800,2.846346
124.3000,2.941755
124.3200,3.238182
124.3400,3.027445
124.3600,2.928204
124.3800,1.904728
124.4000,1.262908
124.4200,0.857881
124.4400,0.534923
124.4600,0.809297
124.4800,0.656086
124.5000,0.397121
124.5200,0.364458
124.5400,0.446501
124.5600,0.366014
124.5800,0.198651
124.6000,0.126809
124.6200,0.437177
124.6400,0.487754
124.6600,0.291766
124.6800,0.425124
124.7000,0.613751
124.7200,0.522469
124.7400,0.469991
124.7600,0.647436
124.7800,0.673200
124.8000,0.741385
124.8200,1.033819
124.8400,1.667438
124.8600,1.691868
124.8800,2.027535
124.9000,2.751903
124.9200,2.396281
124.9400,1.950355
124.9600,1.980379
124.9800,1.772353
125.0000,1.145349
125.0200,0.659847
125.0400,0.589767
125.0600,0.558164
125.0800,1.112489
125.1000,1.679604
125.1200,2.437653
125.1400,3.600000
125.1600,3.600000
125.1800,3.600000
125.2000,3.557859
125.2200,1.826597
125.2400,1.134094
125.2600,0.963916
125.2800,0.062900
125.3000,0.029676
125.3200,0.022780
125.3400,0.046645
125.3600,0.087747
125.3800,0.153045
125.4000,0.157720
125.4200,0.163185
125.4400,0.270599
125.4600,0.240279
125.4800,0.114127
125.5000,0.122323
125.5200,0.190329
125.5400,0.159354
125.5600,1.027914
125.5800,2.601428
125.6000,3.600000
125.6200,2.818414
125.6400,2.135342
125.6600,1.721357
125.6800,1.455053
125.7000,1.184515
125.7200,1.299683
125.7400,1.213507
125.7600,1.424165
125.7800,1.969353
125.8000,2.142126
125.8200,1.496048
125.8400,1.032921
125.8600,0.871274
125.8800,0.500053
125.9000,0.392698
125.9200,0.270916
125.9400,0.192470
125.9600,0.280940
125.9800,0.229931
126.0000,0.366191
126.0200,0.258850
126.0400,0.722897
126.0600,1.911684
126.0800,1.926321
126.1000,2.432744
126.1200,2.925989
126.1400,1.891127
126.1600,1.326722
126.1800,1.385004
126.2000,1.467380
126.2200,0.902596
126.2400,0.787810
126.2600,0.590216
126.2800,0.595522
126.3000,0.527561
126.3200,0.599790
126.3400,0.688713
126.3600,1.004333
126.3800,0.873521
126.4000,0.864450
126.4200,0.928842
126.4400,0.693907
126.4600,0.858466
126.4800,0.842619
126.5000,0.693910
126.5200,2.054244
126.5400,3.435412
126.5600,2.735193
126.5800,2.108945
126.6000,2.135334
126.6200,2.256224
126.6400,2.553319
126.6600,2.860665
126.6800,3.017777
126.7000,2.434324
126.7200,1.751841
126.7400,1.385806
126.7600,1.201122
126.7800,0.954046
126.8000,0.745943
126.8200,0.524116
126.8400,0.470842
126.8600,0.463391
126.8800,0.336853
126.9000,0.364166
126.9200,0.403219
126.9400,0.208524
126.9600,0.156424
126.9800,0.211962
127.0000,0.424709
127.0200,0.534321
127.0400,0.581614
127.0600,0.853659
127.0800,1.419956
127.1000,1.924677
127.1200,2.522893
127.1400,2.840224
127.1600,2.768775
127.1800,2.737686
127.2000,3.437141
127.2200,3.540460
127.2400,1.828654
127.2600,1.162149
127.2800,1.291476
127.3000,1.255294
127.3200,1.509695
127.3400,2.002040
127.3600,2.967656
127.3800,2.663934
127.4000,2.195460
127.4200,2.381777
127.4400,3.289993
127.4600,3.600000
127.4800,2.447398
127.5000,1.244860
127.5200,0.689229
127.5400,0.447615
127.5600,0.658451
127.5800,1.387776
127.6000,2.784115
127.6200,3.600000
127.6400,3.600000
127.6600,3.600000
127.6800,2.589740
127.7000,2.147679
127.7200,2.021338
127.7400,2.695258
127.7600,2.846346
127.7800,2.941755
127.8000,3.238182
127.8200,3.027445
127.8400,2.928204
127.8600,1.904728
127.8800,1.262908
127.9000,0.857881
127.9200,0.534923
127.9400,0.809297
127.9600,0.656086
127.9800,0.397121
128.0000,0.364458
128.0200,0.446501
128.0400,0.366014
128.0600,0.198651
128.0800,0.126809
128.1000,0.437177
128.1200,0.487754
128.1400,0.291766
128.1600,0.425124
128.1800,0.613751
128.2000,0.522469
128.2200,0.469991
128.2400,0.647436
128.2600,0.673200
128.2800,0.741385
128.3000,1.033819
128.3200,1.667438
128.3400,1.691868
128.3600,2.027535
128.3800,2.751903
128.4000,2.396281
128.4200,1.950355
128.4400,1.980379
128.4600,1.772353
128.4800,1.145349
128.5000,0.659847
128.5200,0.589767
128.5400,0.558164
128.5600,1.112489
128.5800,1.679604
128.6000,2.437653
128.6200,3.600000
128.6400,3.600000
128.6600,3.600000
128.6800,3.557859
128.7000,1.826597
128.7200,1.134094
128.7400,0.963916
128.7600,0.062900
128.7800,0.029676
128.8000,0.022780
128.8200,0.046645
128.8400,0.087747
128.8600,0.153045
128.8800,0.157720
128.9000,0.163185
128.9200,0.270599
128.9400,0.240279
128.9600,0.114127
128.9800,0.122323
129.0000,0.190329
129.0200,0.159354
129.0400,1.027914
129.0600,2.601428
129.0800,3.600000
129.1000,2.818414
129.1200,2.135342
129.1400,1.721357
129.1600,1.455053
129.1800,1.184515
129.2000,1.299683
129.2200,1.213507
129.2400,1.424165
129.2600,1.969353
129.2800,2.142126
129.3000,1.496048
129.3200,1.032921
129.3400,0.871274
129.3600,0.500053
129.3800,0.392698
129.4000,0.270916
129.4200,0.192470
129.4400,0.280940
129.4600,0.229931
129.4800,0.366191
129.5000,0.258850
129.5200,0.722897
129.5400,1.911684
129.5600,1.926321
129.5800,2.432744
129.6000,2.925989
129.6200,1.891127
129.6400,1.326722
129.6600,1.385004
129.6800,1.467380
129.7000,0.902596
129.7200,0.787810
129.7400,0.590216
129.7600,0.595522
129.7800,0.527561
129.8000,0.599790
129.8200,0.688713
129.8400,1.004333
129.8600,0.873521
129.8800,0.864450
129.9000,0.928842
129.9200,0.693907
129.9400,0.858466
129.9600,0.842619
129.9800,0.693910
130.0000,2.054244
130.0200,3.435412
130.0400,2.735193
130.0600,2.108945
130.0800,2.135334
130.1000,2.256224
130.1200,2.553319
130.1400,2.860665
130.1600,3.017777
130.1800,2.434324
130.2000,1.751841
130.2200,1.385806
130.2400,1.201122
130.2600,0.954046
130.2800,0.745943
130.3000,0.524116
130.3200,0.470842
130.3400,0.463391
130.3600,0.336853
130.3800,0.364166
130.4000,0.403219
130.4200,0.208524
130.4400,0.156424
130.4600,0.211962
130.4800,0.424709
130.5000,0.534321
130.5200,0.581614
130.5400,0.853659
130.5600,1.419956
130.5800,1.924677
130.6000,2.522893
130.6200,2.840224
130.6400,2.768775
130.6600,2.737686
130.6800,3.437141
130.7000,3.540460
130.7200,1.828654
130.7400,1.162149
130.7600,1.291476
130.7800,1.255294
130.8000,1.509695
130.8200,2.002040
130.8400,2.967656
130.8600,2.663934
130.8800,2.195460
130.9000,2.381777
130.9200,3.289993
130.9400,3.600000
130.9600,2.447398
130.9800,1.244860
131.0000,0.689229
131.0200,0.447615
131.0400,0.658451
131.0600,1.387776
131.0800,2.784115
131.1000,3.600000
131.1200,3.600000
131.1400,3.600000
131.1600,2.589740
131.1800,2.147679
131.2000,2.021338
131.2200,2.695258
131.2400,2.846346
131.2600,2.941755
131.2800,3.238182
131.3000,3.027445
131.3200,2.928204
131.3400,1.904728
131.3600,1.262908
131.3800,0.857881
131.4000,0.534923
131.4200,0.809297
131.4400,0.656086
131.4600,0.397121
131.4800,0.364458
131.5000,0.446501
131.5200,0.366014
131.5400,0.198651
131.5600,0.126809
131.5800,0.437177
131.6000,0.487754
131.6200,0.291766
131.6400,0.425124
131.6600,0.613751
131.6800,0.522469
131.7000,0.469991
131.7200,0.647436
131.7400,0.673200
131.7600,0.741385
131.7800,1.033819
131.8000,1.667438
131.8200,1.691868
131.8400,2.027535
131.8600,2.751903
131.8800,2.396281
131.9000,1.950355
131.9200,1.980379
131.9400,1.772353
131.9600,1.145349
131.9800,0.659847
132.0000,0.589767
132.0200,0.558164
132.0400,1.112489
132.0600,1.679604
132.0800,2.437653
132.1000,3.600000
132.1200,3.600000
132.1400,3.600000
132.1600,3.557859
132.1800,1.826597
132.2000,1.134094
132.2200,0.963916
132.2400,0.062900
132.2600,0.029676
132.2800,0.022780
132.3000,0.046645
132.3200,0.087747
132.3400,0.153045
132.3600,0.157720
132.3800,0.163185
132.4000,0.270599
132.4200,0.240279
132.4400,0.114127
132.4600,0.122323
132.4800,0.190329
132.5000,0.159354
132.5200,1.027914
132.5400,2.601428
132.5600,3.600000
132.5800,2.818414
132.6000,2.135342
132.6200,1.721357
132.6400,1.455053
132.6600,1.184515
132.6800,1.299683
132.7000,1.213507
132.7200,1.424165
132.7400,1.969353
132.7600,2.142126
132.7800,1.496048
132.8000,1.032921
132.8200,0.871274
132.8400,0.500053
132.8600,0.392698
132.8800,0.270916
132.9000,0.192470
132.9200,0.280940
132.9400,0.229931
132.9600,0.366191
132.9800,0.258850
133.0000,0.722897
133.0200,1.911684
133.0400,1.926321
133.0600,2.432744
133.0800,2.925989
133.1000,1.891127
133.1200,1.326722
133.1400,1.385004
133.1600,1.467380
133.1800,0.902596
133.2000,0.787810
133.2200,0.590216
133.2400,0.595522
133.2600,0.527561
133.2800,0.599790
133.3000,0.688713
133.3200,1.004333
133.3400,0.873521
133.3600,0.864450
133.3800,0.928842
133.4000,0.693907
133.4200,0.858466
133.4400,0.842619
133.4600,0.693910
133.4800,2.054244
133.5000,3.435412
133.5200,2.735193
133.5400,2.108945
133.5600,2.135334
133.5800,2.256224
133.6000,2.553319
133.6200,2.860665
133.6400,3.017777
133.6600,2.434324
133.6800,1.751841
133.7000,1.385806
133.7200,1.201122
133.7400,0.954046
133.7600,0.745943
133.7800,0.524116
133.8000,0.470842
133.8200,0.463391
133.8400,0.336853
133.8600,0.364166
133.8800,0.403219
133.9000,0.208524
133.9200,0.156424
133.9400,0.211962
133.9600,0.424709
133.9800,0.534321
134.0000,0.581614
134.0200,0.853659
134.0400,1.419956
134.0600,1.924677
134.0800,2.522893
134.1000,2.840224
134.1200,2.768775
134.1400,2.737686
134.1600,3.437141
134.1800,3.540460
134.2000,1.828654
134.2200,1.162149
134.2400,1.291476
134.2600,1.255294
134.2800,1.509695
134.3000,2.002040
134.3200,2.967656
134.3400,2.663934
134.3600,2.195460
134.3800,2.381777
134.4000,3.289993
134.4200,3.600000
134.4400,2.447398
134.4600,1.244860
134.4800,0.689229
134.5000,0.447615
134.5200,0.658451
134.5400,1.387776
134.5600,2.784115
134.5800,3.600000
134.6000,3.600000
134.6200,3.600000
134.6400,2.589740
134.6600,2.147679
134.6800,2.021338
134.7000,2.695258
134.7200,2.846346
134.7400,2.941755
134.7600,3.238182
134.7800,3.027445
134.8000,2.928204
134.8200,1.904728
134.8400,1.262908
134.8600,0.857881
134.8800,0.534923
134.9000,0.809297
134.9200,0.656086
134.9400,0.397121
134.9600,0.364458
134.9800,0.446501
135.0000,0.366014
135.0200,0.198651
135.0400,0.126809
135.0600,0.437177
135.0800,0.487754
135.1000,0.291766
135.1200,0.425124
135.1400,0.613751
135.1600,0.522469
135.1800,0.469991
135.2000,0.647436
135.2200,0.673200
135.2400,0.741385
135.2600,1.033819
135.2800,1.667438
135.3000,1.691868
135.3200,2.027535
135.3400,2.751903
135.3600,2.396281
135.3800,1.950355
135.4000,1.980379
135.4200,1.772353
135.4400,1.145349
135.4600,0.659847
135.4800,0.589767
135.5000,0.558164
135.5200,1.112489
135.5400,1.679604
135.5600,2.437653
135.5800,3.600000
135.6000,3.600000
135.6200,3.600000
135.6400,3.557859
135.6600,1.826597
135.6800,1.134094
135.7000,0.963916
135.7200,0.062900
135.7400,0.029676
135.7600,0.022780
135.7800,0.046645
135.8000,0.087747
135.8200,0.153045
135.8400,0.157720
135.8600,0.163185
135.8800,0.270599
135.9000,0.240279
135.9200,0.114127
135.9400,0.122323
135.9600,0.190329
135.9800,0.159354
136.0000,1.027914
136.0200,2.601428
136.0400,3.600000
136.0600,2.818414
136.0800,2.135342
136.1000,1.721357
136.1200,1.455053
136.1400,1.184515
136.1600,1.299683
136.1800,1.213507
136.2000,1.424165
136.2200,1.969353
136.2400,2.142126
136.2600,1.496048
136.2800,1.032921
136.3000,0.871274
136.3200,0.500053
136.3400,0.392698
136.3600,0.270916
136.3800,0.192470
136.4000,0.280940
136.4200,0.229931
136.4400,0.366191
136.4600,0.258850
136.4800,0.722897
136.5000,1.911684
136.5200,1.926321
136.5400,2.432744
136.5600,2.925989
136.5800,1.891127
136.6000,1.326722
136.6200,1.385004
136.6400,1.467380
136.6600,0.902596
136.6800,0.787810
136.7000,0.590216
136.7200,0.595522
136.7400,0.527561
136.7600,0.599790
136.7800,0.688713
136.8000,1.004333
136.8200,0.873521
136.8400,0.864450
136.8600,0.928842
136.8800,0.693907
136.9000,0.858466
136.9200,0.842619
136.9400,0.693910
136.9600,2.054244
136.9800,3.435412
137.0000,2.735193
137.0200,2.108945
137.0400,2.135334
137.0600,2.256224
137.0800,2.553319
137.1000,2.860665
137.1200,3.017777
137.1400,2.434324
137.1600,1.751841
137.1800,1.385806
137.2000,1.201122
137.2200,0.954046
137.2400,0.745943
137.2600,0.524116
137.2800,0.470842
137.3000,0.463391
137.3200,0.336853
137.3400,0.364166
137.3600,0.403219
137.3800,0.208524
137.4000,0.156424
137.4200,0.211962
137.4400,0.424709
137.4600,0.534321
137.4800,0.581614
137.5000,0.853659
137.5200,1.419956
137.5400,1.924677
137.5600,2.522893
137.5800,2.840224
137.6000,2.768775
137.6200,2.737686
137.6400,3.437141
137.6600,3.540460
137.6800,1.828654
137.7000,1.162149
137.7200,1.291476
137.7400,1.255294
137.7600,1.509695
137.7800,2.002040
137.8000,2.967656
137.8200,2.663934
137.8400,2.195460
137.8600,2.381777
137.8800,3.289993
137.9000,3.600000
137.9200,2.447398
137.9400,1.244860
137.9600,0.689229
137.9800,0.447615
138.0000,0.658451
138.0200,1.387776
138.0400,2.784115
138.0600,3.600000
138.0800,3.600000
138.1000,3.600000
138.1200,2.589740
138.1400,2.147679
138.1600,2.021338
138.1800,2.695258
138.2000,2.846346
138.2200,2.941755
138.2400,3.238182
138.2600,3.027445
138.2800,2.928204
138.3000,1.904728
138.3200,1.262908
138.3400,0.857881
138.3600,0.534923
138.3800,0.809297
138.4000,0.656086
138.4200,0.397121
138.4400,0.364458
138.4600,0.446501
138.4800,0.366014
138.5000,0.198651
138.5200,0.126809
138.5400,0.437177
138.5600,0.487754
138.5800,0.291766
138.6000,0.425124
138.6200,0.613751
138.6400,0.522469
138.6600,0.469991
138.6800,0.647436
138.7000,0.673200
138.7200,0.741385
138.7400,1.033819
138.7600,1.667438
138.7800,1.691868
138.8000,2.027535
138.8200,2.751903
138.8400,2.396281
138.8600,1.950355
138.8800,1.980379
138.9000,1.772353
138.9200,1.145349
138.9400,0.659847
138.9600,0.589767
138.9800,0.558164
139.0000,1.112489
139.0200,1.679604
139.0400,2.437653
139.0600,3.600000
139.0800,3.600000
139.1000,3.600000
139.1200,3.557859
139.1400,1.826597
139.1600,1.134094
139.1800,0.963916
139.2000,0.062900
139.2200,0.029676
139.2400,0.022780
139.2600,0.046645
139.2800,0.087747
139.3000,0.153045
139.3200,0.157720
139.3400,0.163185
139.3600,0.270599
139.3800,0.240279
139.4000,0.114127
139.4200,0.122323
139.4400,0.190329
139.4600,0.159354
139.4800,1.027914
139.5000,2.601428
139.5200,3.600000
139.5400,2.818414
139.5600,2.135342
139.5800,1.721357
139.6000,1.455053
139.6200,1.184515
139.6400,1.299683
139.6600,1.213507
139.6800,1.424165
139.7000,1.969353
139.7200,2.142126
139.7400,1.496048
139.7600,1.032921
139.7800,0.871274
139.8000,0.500053
139.8200,0.392698
139.8400,0.270916
139.8600,0.192470
139.8800,0.280940
139.9000,0.229931
139.9200,0.366191
139.9400,0.258850
139.9600,0.722897
139.9800,1.911684
140.0000,1.926321
140.0200,2.432744
140.0400,2.925989
140.0600,1.891127
140.0800,1.326722
140.1000,1.385004
140.1200,1.467380
140.1400,0.902596
140.1600,0.787810
140.1800,0.590216
140.2000,0.595522
140.2200,0.527561
140.2400,0.599790
140.2600,0.688713
140.2800,1.004333
140.3000,0.873521
140.3200,0.864450
140.3400,0.928842
140.3600,0.693907
140.3800,0.858466
140.4000,0.842619
140.4200,0.693910
140.4400,2.054244
140.4600,3.435412
140.4800,2.735193
140.5000,2.108945
140.5200,2.135334
140.5400,2.256224
140.5600,2.553319
140.5800,2.860665
140.6000,3.017777
140.6200,2.434324
140.6400,1.751841
140.6600,1.385806
140.6800,1.201122
140.7000,0.954046
140.7200,0.745943
140.7400,0.524116
140.7600,0.470842
140.7800,0.463391
140.8000,0.336853
140.8200,0.364166
140.8400,0.403219
140.8600,0.208524
140.8800,0.156424
140.9000,0.211962
140.9200,0.424709
140.9400,0.534321
140.9600,0.581614
140.9800,0.853659
141.0000,1.419956
141.0200,1.924677
141.0400,2.522893
141.0600,2.840224
141.0800,2.768775
141.1000,2.737686
141.1200,3.437141
141.1400,3.540460
141.1600,1.828654
141.1800,1.162149
141.2000,1.291476
141.2200,1.255294
141.2400,1.509695
141.2600,2.002040
141.2800,2.967656
141.3000,2.663934
141.3200,2.195460
141.3400,2.381777
141.3600,3.289993
141.3800,3.600000
141.4000,2.447398
141.4200,1.244860
141.4400,0.689229
141.4600,0.447615
141.4800,0.658451
141.5000,1.387776
141.5200,2.784115
141.5400,3.600000
141.5600,3.600000
141.5800,3.600000
141.6000,2.589740
141.6200,2.147679
141.6400,2.021338
141.6600,2.695258
141.6800,2.846346
141.7000,2.941755
141.7200,3.238182
141.7400,3.027445
141.7600,2.928204
141.7800,1.904728
141.8000,1.262908
141.8200,0.857881
141.8400,0.534923
141.8600,0.809297
141.8800,0.656086
141.9000,0.397121
141.9200,0.364458
141.9400,0.446501
141.9600,0.366014
141.9800,0.198651
142.0000,0.126809
142.0200,0.437177
142.0400,0.487754
142.0600,0.291766
142.0800,0.425124
142.1000,0.613751
142.1200,0.522469
142.1400,0.469991
142.1600,0.647436
142.1800,0.673200
142.2000,0.741385
142.2200,1.033819
142.2400,1.667438
142.2600,1.691868
142.2800,2.027535
142.3000,2.751903
142.3200,2.396281
142.3400,1.950355
142.3600,1.980379
142.3800,1.772353
142.4000,1.145349
142.4200,0.659847
142.4400,0.589767
142.4600,0.558164
142.4800,1.112489
142.5000,1.679604
142.5200,2.437653
142.5400,3.600000
142.5600,3.600000
142.5800,3.600000
142.6000,3.557859
142.6200,1.826597
142.6400,1.134094
142.6600,0.963916
142.6800,0.062900
142.7000,0.029676
142.7200,0.022780
142.7400,0.046645
142.7600,0.087747
142.7800,0.153045
142.8000,0.157720
142.8200,0.163185
142.8400,0.270599
142.8600,0.240279
142.8800,0.114127
142.9000,0.122323
142.9200,0.190329
142.9400,0.159354
142.9600,1.027914
142.9800,2.601428
143.0000,3.600000
143.0200,2.818414
143.0400,2.135342
143.0600,1.721357
143.0800,1.455053
143.1000,1.184515
143.1200,1.299683
143.1400,1.213507
143.1600,1.424165
143.1800,1.969353
143.2000,2.142126
143.2200,1.496048
143.2400,1.032921
143.2600,0.871274
143.2800,0.500053
143.3000,0.392698
143.3200,0.270916
143.3400,0.192470
143.3600,0.280940
143.3800,0.229931
143.4000,0.366191
143.4200,0.258850
143.4400,0.722897
143.4600,1.911684
143.4800,1.926321
143.5000,2.432744
143.5200,2.925989
143.5400,1.891127
143.5600,1.326722
143.5800,1.385004
143.6000,1.467380
143.6200,0.902596
143.6400,0.787810
143.6600,0.590216
143.6800,0.595522
143.7000,0.527561
143.7200,0.599790
143.7400,0.688713
143.7600,1.004333
143.7800,0.873521
143.8000,0.864450
143.8200,0.928842
143.8400,0.693907
143.8600,0.858466
143.8800,0.842619
143.9000,0.693910
143.9200,2.054244
143.9400,3.435412
143.9600,2.735193
143.9800,2.108945
144.0000,2.135334
144.0200,2.256224
144.0400,2.553319
144.0600,2.860665
144.0800,3.017777
144.1000,2.434324
144.1200,1.751841
144.1400,1.385806
144.1600,1.201122
144.1800,0.954046
144.2000,0.745943
144.2200,0.524116
144.2400,0.470842
144.2600,0.463391
144.2800,0.336853
144.3000,0.364166
144.3200,0.403219
144.3400,0.208524
144.3600,0.156424
144.3800,0.211962
144.4000,0.424709
144.4200,0.534321
144.4400,0.581614
144.4600,0.853659
144.4800,1.419956
144.5000,1.924677
144.5200,2.522893
144.5400,2.840224
144.5600,2.768775
144.5800,2.737686
144.6000,3.437141
144.6200,3.540460
144.6400,1.828654
144.6600,1.162149
144.6800,1.291476
144.7000,1.255294
144.7200,1.509695
144.7400,2.002040
144.7600,2.967656
144.7800,2.663934
144.8000,2.195460
144.8200,2.381777
144.8400,3.289993
144.8600,3.600000
144.8800,2.447398
144.9000,1.244860
144.9200,0.689229
144.9400,0.447615
144.9600,0.658451
144.9800,1.387776
145.0000,2.784115
145.0200,3.600000
145.0400,3.600000
145.0600,3.600000
145.0800,2.589740
145.1000,2.147679
145.1200,2.021338
145.1400,2.695258
145.1600,2.846346
145.1800,2.941755
145.2000,3.238182
145.2200,3.027445
145.2400,2.928204
145.2600,1.904728
145.2800,1.262908
145.3000,0.857881
145.3200,0.534923
145.3400,0.809297
145.3600,0.656086
145.3800,0.397121
145.4000,0.364458
145.4200,0.446501
145.4400,0.366014
145.4600,0.198651
145.4800,0.126809
145.5000,0.437177
145.5200,0.487754
145.5400,0.291766
145.5600,0.425124
145.5800,0.613751
145.6000,0.522469
145.6200,0.469991
145.6400,0.647436
145.6600,0.673200
145.6800,0.741385
145.7000,1.033819
145.7200,1.667438
145.7400,1.691868
145.7600,2.027535
145.7800,2.751903
145.8000,2.396281
145.8200,1.950355
145.8400,1.980379
145.8600,1.772353
145.8800,1.145349
145.9000,0.659847
145.9200,0.589767
145.9400,0.558164
145.9600,1.112489
145.9800,1.679604
146.0000,2.437653
146.0200,3.600000
146.0400,3.600000
146.0600,3.600000
146.0800,3.557859
146.1000,1.826597
146.1200,1.134094
146.1400,0.963916
146.1600,0.062900
146.1800,0.029676
146.2000,0.022780
146.2200,0.046645
146.2400,0.087747
146.2600,0.153045
146.2800,0.157720
146.3000,0.163185
146.3200,0.270599
146.3400,0.240279
146.3600,0.114127
146.3800,0.122323
146.4000,0.190329
146.4200,0.159354
146.4400,1.027914
146.4600,2.601428
146.4800,3.600000
146.5000,2.818414
146.5200,2.135342
146.5400,1.721357
146.5600,1.455053
146.5800,1.184515
146.6000,1.299683
146.6200,1.213507
146.6400,1.424165
146.6600,1.969353
146.6800,2.142126
146.7000,1.496048
146.7200,1.032921
146.7400,0.871274
146.7600,0.500053
146.7800,0.392698
146.8000,0.270916
146.8200,0.192470
146.8400,0.280940
146.8600,0.229931
146.8800,0.366191
146.9000,0.258850
146.9200,0.722897
146.9400,1.911684
146.9600,1.926321
146.9800,2.432744
147.0000,2.925989
147.0200,1.891127
147.0400,1.326722
147.0600,1.385004
147.0800,1.467380
147.1000,0.902596
147.1200,0.787810
147.1400,0.590216
147.1600,0.595522
147.1800,0.527561
147.2000,0.599790
147.2200,0.688713
147.2400,1.004333
147.2600,0.873521
147.2800,0.864450
147.3000,0.928842
147.3200,0.693907
147.3400,0.858466
147.3600,0.842619
147.3800,0.693910
147.4000,2.054244
147.4200,3.435412
147.4400,2.735193
147.4600,2.108945
147.4800,2.135334
147.5000,2.256224
147.5200,2.553319
147.5400,2.860665
147.5600,3.017777
147.5800,2.434324
147.6000,1.751841
147.6200,1.385806
147.6400,1.201122
147.6600,0.954046
147.6800,0.745943
147.7000,0.524116
147.7200,0.470842
147.7400,0.463391
147.7600,0.336853
147.7800,0.364166
147.8000,0.403219
147.8200,0.208524
147.8400,0.156424
147.8600,0.211962
147.8800,0.424709
147.9000,0.534321
147.9200,0.581614
147.9400,0.853659
147.9600,1.419956
147.9800,1.924677
148.0000,2.522893
148.0200,2.840224
148.0400,2.768775
148.0600,2.737686
148.0800,3.437141
148.1000,3.540460
148.1200,1.828654
148.1400,1.162149
148.1600,1.291476
148.1800,1.255294
148.2000,1.509695
148.2200,2.002040
148.2400,2.967656
148.2600,2.663934
148.2800,2.195460
148.3000,2.381777
148.3200,3.289993
148.3400,3.600000
148.3600,2.447398
148.3800,1.244860
148.4000,0.689229
148.4200,0.447615
148.4400,0.658451
148.4600,1.387776
148.4800,2.784115
148.5000,3.600000
148.5200,3.600000
148.5400,3.600000
148.5600,2.589740
148.5800,2.147679
148.6000,2.021338
148.6200,2.695258
148.6400,2.846346
148.6600,2.941755
148.6800,3.238182
148.7000,3.027445
148.7200,2.928204
148.7400,1.904728
148.7600,1.262908
148.7800,0.857881
148.8000,0.534923
148.8200,0.809297
148.8400,0.656086
148.8600,0.397121
148.8800,0.364458
148.9000,0.446501
148.9200,0.366014
148.9400,0.198651
148.9600,0.126809
148.9800,0.437177
149.0000,0.487754
149.0200,0.291766
149.0400,0.425124
149.0600,0.613751
149.0800,0.522469
149.1000,0.469991
149.1200,0.647436
149.1400,0.673200
149.1600,0.741385
149.1800,1.033819
149.2000,1.667438
149.2200,1.691868
149.2400,2.027535
149.2600,2.751903
149.2800,2.396281
149.3000,1.950355
149.3200,1.980379
149.3400,1.772353
149.3600,1.145349
149.3800,0.659847
149.4000,0.589767
149.4200,0.558164
149.4400,1.112489
149.4600,1.679604
149.4800,2.437653
149.5000,3.600000
149.5200,3.600000
149.5400,3.600000
149.5600,3.557859
149.5800,1.826597
149.6000,1.134094
149.6200,0.963916
149.6400,0.062900
149.6600,0.029676
149.6800,0.022780
149.7000,0.046645
149.7200,0.087747
149.7400,0.153045
149.7600,0.157720
149.7800,0.163185
149.8000,0.270599
149.8200,0.240279
149.8400,0.114127
149.8600,0.122323
149.8800,0.190329
149.9000,0.159354
149.9200,1.027914
149.9400,2.601428
149.9600,3.600000
149.9800,2.818414
150.0000,2.135342
150.0200,1.721357
150.0400,1.455053
150.0600,1.184515
150.0800,1.299683
150.1000,1.213507
150.1200,1.424165
150.1400,1.969353
150.1600,2.142126
150.1800,1.496048
150.2000,1.032921
150.2200,0.871274
150.2400,0.500053
150.2600,0.392698
150.2800,0.270916
150.3000,0.192470
150.3200,0.280940
150.3400,0.229931
150.3600,0.366191
150.3800,0.258850
150.4000,0.722897
150.4200,1.911684
150.4400,1.926321
150.4600,2.432744
150.4800,2.925989
150.5000,1.891127
150.5200,1.326722
150.5400,1.385004
150.5600,1.467380
150.5800,0.902596
150.6000,0.787810
150.6200,0.590216
150.6400,0.595522
150.6600,0.527561
150.6800,0.599790
150.7000,0.688713
150.7200,1.004333
150.7400,0.873521
150.7600,0.864450
150.7800,0.928842
150.8000,0.693907
150.8200,0.858466
150.8400,0.842619
150.8600,0.693910
150.8800,2.054244
150.9000,3.435412
150.9200,2.735193
150.9400,2.108945
150.9600,2.135334
150.9800,2.256224
151.0000,2.553319
151.0200,2.860665
151.0400,3.017777
151.0600,2.434324
151.0800,1.751841
151.1000,1.385806
151.1200,1.201122
151.1400,0.954046
151.1600,0.745943
151.1800,0.524116
151.2000,0.470842
151.2200,0.463391
151.2400,0.336853
151.2600,0.364166
151.2800,0.403219
151.3000,0.208524
151.3200,0.156424
151.3400,0.211962
151.3600,0.424709
151.3800,0.534321
151.4000,0.581614
151.4200,0.853659
151.4400,1.419956
151.4600,1.924677
151.4800,2.522893
151.5000,2.840224
151.5200,2.768775
151.5400,2.737686
151.5600,3.437141
151.5800,3.540460
151.6000,1.828654
151.6200,1.162149
151.6400,1.291476
151.6600,1.255294
151.6800,1.509695
151.7000,2.002040
151.7200,2.967656
151.7400,2.663934
151.7600,2.195460
151.7800,2.381777
151.8000,3.289993
151.8200,3.600000
151.8400,2.447398
151.8600,1.244860
151.8800,0.689229
151.9000,0.447615
151.9200,0.658451
151.9400,1.387776
151.9600,2.784115
151.9800,3.600000
152.0000,3.600000
152.0200,3.600000
152.0400,2.589740
152.0600,2.147679
152.0800,2.021338
152.1000,2.695258
152.1200,2.846346
152.1400,2.941755
152.1600,3.238182
152.1800,3.027445
152.2000,2.928204
152.2200,1.904728
152.2400,1.262908
152.2600,0.857881
152.2800,0.534923
152.3000,0.809297
152.3200,0.656086
152.3400,0.397121
152.3600,0.364458
152.3800,0.446501
152.4000,0.366014
152.4200,0.198651
152.4400,0.126809
152.4600,0.437177
152.4800,0.487754
152.5000,0.291766
152.5200,0.425124
152.5400,0.613751
152.5600,0.522469
152.5800,0.469991
152.6000,0.647436
152.6200,0.673200
152.6400,0.741385
152.6600,1.033819
152.6800,1.667438
152.7000,1.691868
152.7200,2.027535
152.7400,2.751903
152.7600,2.396281
152.7800,1.950355
152.8000,1.980379
152.8200,1.772353
152.8400,1.145349
152.8600,0.659847
152.8800,0.589767
152.9000,0.558164
152.9200,1.112489
152.9400,1.679604
152.9600,2.437653
152.9800,3.600000
153.0000,3.600000
153.0200,3.600000
153.0400,3.557859
153.0600,1.826597
153.0800,1.134094
153.1000,0.963916
153.1200,0.062900
153.1400,0.029676
153.1600,0.022780
153.1800,0.046645
153.2000,0.087747
153.2200,0.153045
153.2400,0.157720
153.2600,0.163185
153.2800,0.270599
153.3000,0.240279
153.3200,0.114127
153.3400,0.122323
153.3600,0.190329
153.3800,0.159354
153.4000,1.027914
153.4200,2.601428
153.4400,3.600000
153.4600,2.818414
153.4800,2.135342
153.5000,1.721357
153.5200,1.455053
153.5400,1.184515
153.5600,1.299683
153.5800,1.213507
153.6000,1.424165
153.6200,1.969353
153.6400,2.142126
153.6600,1.496048
153.6800,1.032921
153.7000,0.871274
153.7200,0.500053
153.7400,0.392698
153.7600,0.270916
153.7800,0.192470
153.8000,0.280940
153.8200,0.229931
153.8400,0.366191
153.8600,0.258850
153.8800,0.722897
153.9000,1.911684
153.9200,1.926321
153.9400,2.432744
153.9600,2.925989
153.9800,1.891127
154.0000,1.326722
154.0200,1.385004
154.0400,1.467380
154.0600,0.902596
154.0800,0.787810
154.1000,0.590216
154.1200,0.595522
154.1400,0.527561
154.1600,0.599790
154.1800,0.688713
154.2000,1.004333
154.2200,0.873521
154.2400,0.864450
154.2600,0.928842
154.2800,0.693907
154.3000,0.858466
154.3200,0.842619
154.3400,0.693910
154.3600,2.054244
154.3800,3.435412
154.4000,2.735193
154.4200,2.108945
154.4400,2.135334
154.4600,2.256224
154.4800,2.553319
154.5000,2.860665
154.5200,3.017777
154.5400,2.434324
154.5600,1.751841
154.5800,1.385806
154.6000,1.201122
154.6200,0.954046
154.6400,0.745943
154.6600,0.524116
154.6800,0.470842
154.7000,0.463391
154.7200,0.336853
154.7400,0.364166
154.7600,0.403219
154.7800,0.208524
154.8000,0.156424
154.8200,0.211962
154.8400,0.424709
154.8600,0.534321
154.8800,0.581614
154.9000,0.853659
154.9200,1.419956
154.9400,1.924677
154.9600,2.522893
154.9800,2.840224
155.0000,2.768775
155.0200,2.737686
155.0400,3.437141
155.0600,3.540460
155.0800,1.828654
155.1000,1.162149
155.1200,1.291476
155.1400,1.255294
155.1600,1.509695
155.1800,2.002040
155.2000,2.967656
155.2200,2.663934
155.2400,2.195460
155.2600,2.381777
155.2800,3.289993
155.3000,3.600000
155.3200,2.447398
155.3400,1.244860
155.3600,0.689229
155.3800,0.447615
155.4000,0.658451
155.4200,1.387776
155.4400,2.784115
155.4600,3.600000
155.4800,3.600000
155.5000,3.600000
155.5200,2.589740
155.5400,2.147679
155.5600,2.021338
155.5800,2.695258
155.6000,2.846346
155.6200,2.941755
155.6400,3.238182
155.6600,3.027445
155.6800,2.928204
155.7000,1.904728
155.7200,1.262908
155.7400,0.857881
155.7600,0.534923
155.7800,0.809297
155.8000,0.656086
155.8200,0.397121
155.8400,0.364458
155.8600,0.446501
155.8800,0.366014
155.9000,0.198651
155.9200,0.126809
155.9400,0.437177
155.9600,0.487754
155.9800,0.291766
156.0000,0.425124
156.0200,0.613751
156.0400,0.522469
156.0600,0.469991
156.0800,0.647436
156.1000,0.673200
156.1200,0.741385
156.1400,1.033819
156.1600,1.667438
156.1800,1.691868
156.2000,2.027535
156.2200,2.751903
156.2400,2.396281
156.2600,1.950355
156.2800,1.980379
156.3000,1.772353
156.3200,1.145349
156.3400,0.659847
156.3600,0.589767
156.3800,0.558164
156.4000,1.112489
156.4200,1.679604
156.4400,2.437653
156.4600,3.600000
156.4800,3.600000
156.5000,3.600000
156.5200,3.557859
156.5400,1.826597
156.5600,1.134094
156.5800,0.963916
156.6000,0.062900
156.6200,0.029676
156.6400,0.022780
156.6600,0.046645
156.6800,0.087747
156.7000,0.153045
156.7200,0.157720
156.7400,0.163185
156.7600,0.270599
156.7800,0.240279
156.8000,0.114127
156.8200,0.122323
156.8400,0.190329
156.8600,0.159354
156.8800,1.027914
156.9000,2.601428
156.9200,3.600000
156.9400,2.818414
156.9600,2.135342
156.9800,1.721357
157.0000,1.455053
157.0200,1.184515
157.0400,1.299683
157.0600,1.213507
157.0800,1.424165
157.1000,1.969353
157.1200,2.142126
157.1400,1.496048
157.1600,1.032921
157.1800,0.871274
157.2000,0.500053
157.2200,0.392698
157.2400,0.270916
157.2600,0.192470
157.2800,0.280940
157.3000,0.229931
157.3200,0.366191
157.3400,0.258850
157.3600,0.722897
157.3800,1.911684
157.4000,1.926321
157.4200,2.432744
157.4400,2.925989
157.4600,1.891127
157.4800,1.326722
157.5000,1.385004
157.5200,1.467380
157.5400,0.902596
157.5600,0.787810
157.5800,0.590216
157.6000,0.595522
157.6200,0.527561
157.6400,0.599790
157.6600,0.688713
157.6800,1.004333
157.7000,0.873521
157.7200,0.864450
157.7400,0.928842
157.7600,0.693907
157.7800,0.858466
157.8000,0.842619
157.8200,0.693910
157.8400,2.054244
157.8600,3.435412
157.8800,2.735193
157.9000,2.108945
157.9200,2.135334
157.9400,2.256224
157.9600,2.553319
157.9800,2.860665
158.0000,3.017777
158.0200,2.434324
158.0400,1.751841
158.0600,1.385806
158.0800,1.201122
158.1000,0.954046
158.1200,0.745943
158.1400,0.524116
158.1600,0.470842
158.1800,0.463391
158.2000,0.336853
158.2200,0.364166
158.2400,0.403219
158.2600,0.208524
158.2800,0.156424
158.3000,0.211962
158.3200,0.424709
158.3400,0.534321
158.3600,0.581614
158.3800,0.853659
158.4000,1.419956
158.4200,1.924677
158.4400,2.522893
158.4600,2.840224
158.4800,2.768775
158.5000,2.737686
158.5200,3.437141
158.5400,3.540460
158.5600,1.828654
158.5800,1.162149
158.6000,1.291476
158.6200,1.255294
158.6400,1.509695
158.6600,2.002040
158.6800,2.967656
158.7000,2.663934
158.7200,2.195460
158.7400,2.381777
158.7600,3.289993
158.7800,3.600000
158.8000,2.447398
158.8200,1.244860
158.8400,0.689229
158.8600,0.447615
158.8800,0.658451
158.9000,1.387776
158.9200,2.784115
158.9400,3.600000
158.9600,3.600000
158.9800,3.600000
159.0000,2.589740
159.0200,2.147679
159.0400,2.021338
159.0600,2.695258
159.0800,2.846346
159.1000,2.941755
159.1200,3.238182
159.1400,3.027445
159.1600,2.928204
159.1800,1.904728
159.2000,1.262908
159.2200,0.857881
159.2400,0.534923
159.2600,0.809297
159.2800,0.656086
159.3000,0.397121
159.3200,0.364458
159.3400,0.446501
159.3600,0.366014
159.3800,0.198651
159.4000,0.126809
159.4200,0.437177
159.4400,0.487754
159.4600,0.291766
159.4800,0.425124
159.5000,0.613751
159.5200,0.522469
159.5400,0.469991
159.5600,0.647436
159.5800,0.673200
159.6000,0.741385
159.6200,1.033819
159.6400,1.667438
159.6600,1.691868
159.6800,2.027535
159.7000,2.751903
159.7200,2.396281
159.7400,1.950355
159.7600,1.980379
159.7800,1.772353
159.8000,1.145349
159.8200,0.659847
159.8400,0.589767
159.8600,0.558164
159.8800,1.112489
159.9000,1.679604
159.9200,2.437653
159.9400,3.600000
159.9600,3.600000
159.9800,3.600000
160.0000,3.557859
160.0200,1.826597
160.0400,1.134094
160.0600,0.963916
160.0800,0.062900
160.1000,0.029676
160.1200,0.022780
160.1400,0.046645
160.1600,0.087747
160.1800,0.153045
160.2000,0.157720
160.2200,0.163185
160.2400,0.270599
160.2600,0.240279
160.2800,0.114127
160.3000,0.122323
160.3200,0.190329
160.3400,0.159354
160.3600,1.027914
160.3800,2.601428
160.4000,3.600000
160.4200,2.818414
160.4400,2.135342
160.4600,1.721357
160.4800,1.455053
160.5000,1.184515
160.5200,1.299683
160.5400,1.213507
160.5600,1.424165
160.5800,1.969353
160.6000,2.142126
160.6200,1.496048
160.6400,1.032921
160.6600,0.871274
160.6800,0.500053
160.7000,0.392698
160.7200,0.270916
160.7400,0.192470
160.7600,0.280940
160.7800,0.229931
160.8000,0.366191
160.8200,0.258850
160.8400,0.722897
160.8600,1.911684
160.8800,1.926321
160.9000,2.432744
160.9200,2.925989
160.9400,1.891127
160.9600,1.326722
160.9800,1.385004
161.0000,1.467380
161.0200,0.902596
161.0400,0.787810
161.0600,0.590216
161.0800,0.595522
161.1000,0.527561
161.1200,0.599790
161.1400,0.688713
161.1600,1.004333
161.1800,0.873521
161.2000,0.864450
161.2200,0.928842
161.2400,0.693907
161.2600,0.858466
161.2800,0.842619
161.3000,0.693910
161.3200,2.054244
161.3400,3.435412
161.3600,2.735193
161.3800,2.108945
161.4000,2.135334
161.4200,2.256224
161.4400,2.553319
161.4600,2.860665
161.4800,3.017777
161.5000,2.434324
161.5200,1.751841
161.5400,1.385806
161.5600,1.201122
161.5800,0.954046
161.6000,0.745943
161.6200,0.524116
161.6400,0.470842
161.6600,0.463391
161.6800,0.336853
161.7000,0.364166
161.7200,0.403219
161.7400,0.208524
161.7600,0.156424
161.7800,0.211962
161.8000,0.424709
161.8200,0.534321
161.8400,0.581614
161.8600,0.853659
161.8800,1.419956
161.9000,1.924677
161.9200,2.522893
161.9400,2.840224
161.9600,2.768775
161.9800,2.737686
162.0000,3.437141
162.0200,3.540460
162.0400,1.828654
162.0600,1.162149
162.0800,1.291476
162.1000,1.255294
162.1200,1.509695
162.1400,2.002040
162.1600,2.967656
162.1800,2.663934
162.2000,2.195460
162.2200,2.381777
162.2400,3.289993
162.2600,3.600000
162.2800,2.447398
162.3000,1.244860
162.3200,0.689229
162.3400,0.447615
162.3600,0.658451
162.3800,1.387776
162.4000,2.784115
162.4200,3.600000
162.4400,3.600000
162.4600,3.600000
162.4800,2.589740
162.5000,2.147679
162.5200,2.021338
162.5400,2.695258
162.5600,2.846346
162.5800,2.941755
162.6000,3.238182
162.6200,3.027445
162.6400,2.928204
162.6600,1.904728
162.6800,1.262908
162.7000,0.857881
162.7200,0.534923
162.7400,0.809297
162.7600,0.656086
162.7800,0.397121
162.8000,0.364458
162.8200,0.446501
162.8400,0.366014
162.8600,0.198651
162.8800,0.126809
162.9000,0.437177
162.9200,0.487754
162.9400,0.291766
162.9600,0.425124
162.9800,0.613751
163.0000,0.522469
163.0200,0.469991
163.0400,0.647436
163.0600,0.673200
163.0800,0.741385
163.1000,1.033819
163.1200,1.667438
163.1400,1.691868
163.1600,2.027535
163.1800,2.751903
163.2000,2.396281
163.2200,1.950355
163.2400,1.980379
163.2600,1.772353
163.2800,1.145349
163.3000,0.659847
163.3200,0.589767
163.3400,0.558164
163.3600,1.112489
163.3800,1.679604
163.4000,2.437653
163.4200,3.600000
163.4400,3.600000
163.4600,3.600000
163.4800,3.557859
163.5000,1.826597
163.5200,1.134094
163.5400,0.963916
163.5600,0.062900
163.5800,0.029676
163.6000,0.022780
163.6200,0.046645
163.6400,0.087747
163.6600,0.153045
163.6800,0.157720
163.7000,0.163185
163.7200,0.270599
163.7400,0.240279
163.7600,0.114127
163.7800,0.122323
163.8000,0.190329
163.8200,0.159354
163.8400,1.027914
163.8600,2.601428
163.8800,3.600000
163.9000,2.818414
163.9200,2.135342
163.9400,1.721357
163.9600,1.455053
163.9800,1.184515
164.0000,1.299683
164.0200,1.213507
164.0400,1.424165
164.0600,1.969353
164.0800,2.142126
164.1000,1.496048
164.1200,1.032921
164.1400,0.871274
164.1600,0.500053
164.1800,0.392698
164.2000,0.270916
164.2200,0.192470
164.2400,0.280940
164.2600,0.229931
164.2800,0.366191
164.3000,0.258850
164.3200,0.722897
164.3400,1.911684
164.3600,1.926321
164.3800,2.432744
164.4000,2.925989
164.4200,1.891127
164.4400,1.326722
164.4600,1.385004
164.4800,1.467380
164.5000,0.902596
164.5200,0.787810
164.5400,0.590216
164.5600,0.595522
164.5800,0.527561
164.6000,0.599790
164.6200,0.688713
164.6400,1.004333
164.6600,0.873521
164.6800,0.864450
164.7000,0.928842
164.7200,0.693907
164.7400,0.858466
164.7600,0.842619
164.7800,0.693910
164.8000,2.054244
164.8200,3.435412
164.8400,2.735193
164.8600,2.108945
164.8800,2.135334
164.9000,2.256224
164.9200,2.553319
164.9400,2.860665
164.9600,3.017777
164.9800,2.434324
165.0000,1.751841
165.0200,1.385806
165.0400,1.201122
165.0600,0.954046
165.0800,0.745943
165.1000,0.524116
165.1200,0.470842
165.1400,0.463391
165.1600,0.336853
165.1800,0.364166
165.2000,0.403219
165.2200,0.208524
165.2400,0.156424
165.2600,0.211962
165.2800,0.424709
165.3000,0.534321
165.3200,0.581614
165.3400,0.853659
165.3600,1.419956
165.3800,1.924677
165.4000,2.522893
165.4200,2.840224
165.4400,2.768775
165.4600,2.737686
165.4800,3.437141
165.5000,3.540460
165.5200,1.828654
165.5400,1.162149
165.5600,1.291476
165.5800,1.255294
165.6000,1.509695
165.6200,2.002040
165.6400,2.967656
165.6600,2.663934
165.6800,2.195460
165.7000,2.381777
165.7200,3.289993
165.7400,3.600000
165.7600,2.447398
165.7800,1.244860
165.8000,0.689229
165.8200,0.447615
165.8400,0.658451
165.8600,1.387776
165.8800,2.784115
165.9000,3.600000
165.9200,3.600000
165.9400,3.600000
165.9600,2.589740
165.9800,2.147679
166.0000,2.021338
166.0200,2.695258
166.0400,2.846346
166.0600,2.941755
166.0800,3.238182
166.1000,3.027445
166.1200,2.928204
166.1400,1.904728
166.1600,1.262908
166.1800,0.857881
166.2000,0.534923
166.2200,0.809297
166.2400,0.656086
166.2600,0.397121
166.2800,0.364458
166.3000,0.446501
166.3200,0.366014
166.3400,0.198651
166.3600,0.126809
166.3800,0.437177
166.4000,0.487754
166.4200,0.291766
166.4400,0.425124
166.4600,0.613751
166.4800,0.522469
166.5000,0.469991
166.5200,0.647436
166.5400,0.673200
166.5600,0.741385
166.5800,1.033819
166.6000,1.667438
166.6200,1.691868
166.6400,2.027535
166.6600,2.751903
166.6800,2.396281
166.7000,1.950355
166.7200,1.980379
166.7400,1.772353
166.7600,1.145349
166.7800,0.659847
166.8000,0.589767
166.8200,0.558164
166.8400,1.112489
166.8600,1.679604
166.8800,2.437653
166.9000,3.600000
166.9200,3.600000
166.9400,3.600000
166.9600,3.557859
166.9800,1.826597
167.0000,1.134094
167.0200,0.963916
167.0400,0.062900
167.0600,0.029676
167.0800,0.022780
167.1000,0.046645
167.1200,0.087747
167.1400,0.153045
167.1600,0.157720
167.1800,0.163185
167.2000,0.270599
167.2200,0.240279
167.2400,0.114127
167.2600,0.122323
167.2800,0.190329
167.3000,0.159354
167.3200,1.027914
167.3400,2.601428
167.3600,3.600000
167.3800,2.818414
167.4000,2.135342
167.4200,1.721357
167.4400,1.455053
167.4600,1.184515
167.4800,1.299683
167.5000,1.213507
167.5200,1.424165
167.5400,1.969353
167.5600,2.142126
167.5800,1.496048
167.6000,1.032921
167.6200,0.871274
167.6400,0.500053
167.6600,0.392698
167.6800,0.270916
167.7000,0.192470
167.7200,0.280940
167.7400,0.229931
167.7600,0.366191
167.7800,0.258850
167.8000,0.722897
167.8200,1.911684
167.8400,1.926321
167.8600,2.432744
167.8800,2.925989
167.9000,1.891127
167.9200,1.326722
167.9400,1.385004
167.9600,1.467380
167.9800,0.902596
168.0000,0.787810
168.0200,0.590216
168.0400,0.595522
168.0600,0.527561
168.0800,0.599790
168.1000,0.688713
168.1200,1.004333
168.1400,0.873521
168.1600,0.864450
168.1800,0.928842
168.2000,0.693907
168.2200,0.858466
168.2400,0.842619
168.2600,0.693910
168.2800,2.054244
168.3000,3.435412
168.3200,2.735193
168.3400,2.108945
168.3600,2.135334
168.3800,2.256224
168.4000,2.553319
168.4200,2.860665
168.4400,3.017777
168.4600,2.434324
168.4800,1.751841
168.5000,1.385806
168.5200,1.201122
168.5400,0.954046
168.5600,0.745943
168.5800,0.524116
168.6000,0.470842
168.6200,0.463391
168.6400,0.336853
168.6600,0.364166
168.6800,0.403219
168.7000,0.208524
168.7200,0.156424
168.7400,0.211962
168.7600,0.424709
168.7800,0.534321
168.8000,0.581614
168.8200,0.853659
168.8400,1.419956
168.8600,1.924677
168.8800,2.522893
168.9000,2.840224
168.9200,2.768775
168.9400,2.737686
168.9600,3.437141
168.9800,3.540460
169.0000,1.828654
169.0200,1.162149
169.0400,1.291476
169.0600,1.255294
169.0800,1.509695
169.1000,2.002040
169.1200,2.967656
169.1400,2.663934
169.1600,2.195460
169.1800,2.381777
169.2000,3.289993
169.2200,3.600000
169.2400,2.447398
169.2600,1.244860
169.2800,0.689229
169.3000,0.447615
169.3200,0.658451
169.3400,1.387776
169.3600,2.784115
169.3800,3.600000
169.4000,3.600000
169.4200,3.600000
169.4400,2.589740
169.4600,2.147679
169.4800,2.021338
169.5000,2.695258
169.5200,2.846346
169.5400,2.941755
169.5600,3.238182
169.5800,3.027445
169.6000,2.928204
169.6200,1.904728
169.6400,1.262908
169.6600,0.857881
169.6800,0.534923
169.7000,0.809297
169.7200,0.656086
169.7400,0.397121
169.7600,0.364458
169.7800,0.446501
169.8000,0.366014
169.8200,0.198651
169.8400,0.126809
169.8600,0.437177
169.8800,0.487754
169.9000,0.291766
169.9200,0.425124
169.9400,0.613751
169.9600,0.522469
169.9800,0.469991
170.0000,0.647436
170.0200,0.673200
170.0400,0.741385
170.0600,1.033819
170.0800,1.667438
170.1000,1.691868
170.1200,2.027535
170.1400,2.751903
170.1600,2.396281
170.1800,1.950355
170.2000,1.980379
170.2200,1.772353
170.2400,1.145349
170.2600,0.659847
170.2800,0.589767
170.3000,0.558164
170.3200,1.112489
170.3400,1.679604
170.3600,2.437653
170.3800,3.600000
170.4000,3.600000
170.4200,3.600000
170.4400,3.557859
170.4600,1.826597
170.4800,1.134094
170.5000,0.963916
170.5200,0.062900
170.5400,0.029676
170.5600,0.022780
170.5800,0.046645
170.6000,0.087747
170.6200,0.153045
170.6400,0.157720
170.6600,0.163185
170.6800,0.270599
170.7000,0.240279
170.7200,0.114127
170.7400,0.122323
170.7600,0.190329
170.7800,0.159354
170.8000,1.027914
170.8200,2.601428
170.8400,3.600000
170.8600,2.818414
170.8800,2.135342
170.9000,1.721357
170.9200,1.455053
170.9400,1.184515
170.9600,1.299683
170.9800,1.213507
171.0000,1.424165
171.0200,1.969353
171.0400,2.142126
171.0600,1.496048
171.0800,1.032921
171.1000,0.871274
171.1200,0.500053
171.1400,0.392698
171.1600,0.270916
171.1800,0.192470
171.2000,0.280940
171.2200,0.229931
171.2400,0.366191
171.2600,0.258850
171.2800,0.722897
171.3000,1.911684
171.3200,1.926321
171.3400,2.432744
171.3600,2.925989
171.3800,1.891127
171.4000,1.326722
171.4200,1.385004
171.4400,1.467380
171.4600,0.902596
171.4800,0.787810
171.5000,0.590216
171.5200,0.595522
171.5400,0.527561
171.5600,0.599790
171.5800,0.688713
171.6000,1.004333
171.6200,0.873521
171.6400,0.864450
171.6600,0.928842
171.6800,0.693907
171.7000,0.858466
171.7200,0.842619
171.7400,0.693910
171.7600,2.054244
171.7800,3.435412
171.8000,2.735193
171.8200,2.108945
171.8400,2.135334
171.8600,2.256224
171.8800,2.553319
171.9000,2.860665
171.9200,3.017777
171.9400,2.434324
171.9600,1.751841
171.9800,1.385806
172.0000,1.201122
172.0200,0.954046
172.0400,0.745943
172.0600,0.524116
172.0800,0.470842
172.1000,0.463391
172.1200,0.336853
172.1400,0.364166
172.1600,0.403219
172.1800,0.208524
172.2000,0.156424
172.2200,0.211962
172.2400,0.424709
172.2600,0.534321
172.2800,0.581614
172.3000,0.853659
172.3200,1.419956
172.3400,1.924677
172.3600,2.522893
172.3800,2.840224
172.4000,2.768775
172.4200,2.737686
172.4400,3.437141
172.4600,3.540460
172.4800,1.828654
172.5000,1.162149
172.5200,1.291476
172.5400,1.255294
172.5600,1.509695
172.5800,2.002040
172.6000,2.967656
172.6200,2.663934
172.6400,2.195460
172.6600,2.381777
172.6800,3.289993
172.7000,3.600000
172.7200,2.447398
172.7400,1.244860
172.7600,0.689229
172.7800,0.447615
172.8000,0.658451
172.8200,1.387776
172.8400,2.784115
172.8600,3.600000
172.8800,3.600000
172.9000,3.600000
172.9200,2.589740
172.9400,2.147679
172.9600,2.021338
172.9800,2.695258
173.0000,2.846346
173.0200,2.941755
173.0400,3.238182
173.0600,3.027445
173.0800,2.928204
173.1000,1.904728
173.1200,1.262908
173.1400,0.857881
173.1600,0.534923
173.1800,0.809297
173.2000,0.656086
173.2200,0.397121
173.2400,0.364458
173.2600,0.446501
173.2800,0.366014
173.3000,0.198651
173.3200,0.126809
173.3400,0.437177
173.3600,0.487754
173.3800,0.291766
173.4000,0.425124
173.4200,0.613751
173.4400,0.522469
173.4600,0.469991
173.4800,0.647436
173.5000,0.673200
173.5200,0.741385
173.5400,1.033819
173.5600,1.667438
173.5800,1.691868
173.6000,2.027535
173.6200,2.751903
173.6400,2.396281
173.6600,1.950355
173.6800,1.980379
173.7000,1.772353
173.7200,1.145349
173.7400,0.659847
173.7600,0.589767
173.7800,0.558164
173.8000,1.112489
173.8200,1.679604
173.8400,2.437653
173.8600,3.600000
173.8800,3.600000
173.9000,3.600000
173.9200,3.557859
173.9400,1.826597
173.9600,1.134094
173.9800,0.963916
174.0000,0.062900
174.0200,0.029676
174.0400,0.022780
174.0600,0.046645
174.0800,0.087747
174.1000,0.153045
174.1200,0.157720
174.1400,0.163185
174.1600,0.270599
174.1800,0.240279
174.2000,0.114127
174.2200,0.122323
174.2400,0.190329
174.2600,0.159354
174.2800,1.027914
174.3000,2.601428
174.3200,3.600000
174.3400,2.818414
174.3600,2.135342
174.3800,1.721357
174.4000,1.455053
174.4200,1.184515
174.4400,1.299683
174.4600,1.213507
174.4800,1.424165
174.5000,1.969353
174.5200,2.142126
174.5400,1.496048
174.5600,1.032921
174.5800,0.871274
174.6000,0.500053
174.6200,0.392698
174.6400,0.270916
174.6600,0.192470
174.6800,0.280940
174.7000,0.229931
174.7200,0.366191
174.7400,0.258850
174.7600,0.722897
174.7800,1.911684
174.8000,1.926321
174.8200,2.432744
174.8400,2.925989
174.8600,1.891127
174.8800,1.326722
174.9000,1.385004
174.9200,1.467380
174.9400,0.902596
174.9600,0.787810
174.9800,0.590216
175.0000,0.595522
175.0200,0.527561
175.0400,0.599790
175.0600,0.688713
175.0800,1.004333
175.1000,0.873521
175.1200,0.864450
175.1400,0.928842
175.1600,0.693907
175.1800,0.858466
175.2000,0.842619
175.2200,0.693910
175.2400,2.054244
175.2600,3.435412
175.2800,2.735193
175.3000,2.108945
175.3200,2.135334
175.3400,2.256224
175.3600,2.553319
175.3800,2.860665
175.4000,3.017777
175.4200,2.434324
175.4400,1.751841
175.4600,1.385806
175.4800,1.201122
175.5000,0.954046
175.5200,0.745943
175.5400,0.524116
175.5600,0.470842
175.5800,0.463391
175.6000,0.336853
175.6200,0.364166
175.6400,0.403219
175.6600,0.208524
175.6800,0.156424
175.7000,0.211962
175.7200,0.424709
175.7400,0.534321
175.7600,0.581614
175.7800,0.853659
175.8000,1.419956
175.8200,1.924677
175.8400,2.522893
175.8600,2.840224
175.8800,2.768775
175.9000,2.737686
175.9200,3.437141
175.9400,3.540460
175.9600,1.828654
175.9800,1.162149
176.0000,1.291476
176.0200,1.255294
176.0400,1.509695
176.0600,2.002040
176.0800,2.967656
176.1000,2.663934
176.1200,2.195460
176.1400,2.381777
176.1600,3.289993
176.1800,3.600000
176.2000,2.447398
176.2200,1.244860
176.2400,0.689229
176.2600,0.447615
176.2800,0.658451
176.3000,1.387776
176.3200,2.784115
176.3400,3.600000
176.3600,3.600000
176.3800,3.600000
176.4000,2.589740
176.4200,2.147679
176.4400,2.021338
176.4600,2.695258
176.4800,2.846346
176.5000,2.941755
176.5200,3.238182
176.5400,3.027445
176.5600,2.928204
176.5800,1.904728
176.6000,1.262908
176.6200,0.857881
176.6400,0.534923
176.6600,0.809297
176.6800,0.656086
176.7000,0.397121
176.7200,0.364458
176.7400,0.446501
176.7600,0.366014
176.7800,0.198651
176.8000,0.126809
176.8200,0.437177
176.8400,0.487754
176.8600,0.291766
176.8800,0.425124
176.9000,0.613751
176.9200,0.522469
176.9400,0.469991
176.9600,0.647436
176.9800,0.673200
177.0000,0.741385
177.0200,1.033819
177.0400,1.667438
177.0600,1.691868
177.0800,2.027535
177.1000,2.751903
177.1200,2.396281
177.1400,1.950355
177.1600,1.980379
177.1800,1.772353
177.2000,1.145349
177.2200,0.659847
177.2400,0.589767
177.2600,0.558164
177.2800,1.112489
177.3000,1.679604
177.3200,2.437653
177.3400,3.600000
177.3600,3.600000
177.3800,3.600000
177.4000,3.557859
177.4200,1.826597
177.4400,1.134094
177.4600,0.963916
177.4800,0.062900
177.5000,0.029676
177.5200,0.022780
177.5400,0.046645
177.5600,0.087747
177.5800,0.153045
177.6000,0.157720
177.6200,0.163185
177.6400,0.270599
177.6600,0.240279
177.6800,0.114127
177.7000,0.122323
177.7200,0.190329
177.7400,0.159354
177.7600,1.027914
177.7800,2.601428
177.8000,3.600000
177.8200,2.818414
177.8400,2.135342
177.8600,1.721357
177.8800,1.455053
177.9000,1.184515
177.9200,1.299683
177.9400,1.213507
177.9600,1.424165
177.9800,1.969353
178.0000,2.142126
178.0200,1.496048
178.0400,1.032921
178.0600,0.871274
178.0800,0.500053
178.1000,0.392698
178.1200,0.270916
178.1400,0.192470
178.1600,0.280940
178.1800,0.229931
178.2000,0.366191
178.2200,0.258850
178.2400,0.722897
178.2600,1.911684
178.2800,1.926321
178.3000,2.432744
178.3200,2.925989
178.3400,1.891127
178.3600,1.326722
178.3800,1.385004
178.4000,1.467380
178.4200,0.902596
178.4400,0.787810
178.4600,0.590216
178.4800,0.595522
178.5000,0.527561
178.5200,0.599790
178.5400,0.688713
178.5600,1.004333
178.5800,0.873521
178.6000,0.864450
178.6200,0.928842
178.6400,0.693907
178.6600,0.858466
178.6800,0.842619
178.7000,0.693910
178.7200,2.054244
178.7400,3.435412
178.7600,2.735193
178.7800,2.108945
178.8000,2.135334
178.8200,2.256224
178.8400,2.553319
178.8600,2.860665
178.8800,3.017777
178.9000,2.434324
178.9200,1.751841
178.9400,1.385806
178.9600,1.201122
178.9800,0.954046
179.0000,0.745943
179.0200,0.524116
179.0400,0.470842
179.0600,0.463391
179.0800,0.336853
179.1000,0.364166
179.1200,0.403219
179.1400,0.208524
179.1600,0.156424
179.1800,0.211962
179.2000,0.424709
179.2200,0.534321
179.2400,0.581614
179.2600,0.853659
179.2800,1.419956
179.3000,1.924677
179.3200,2.522893
179.3400,2.840224
179.3600,2.768775
179.3800,2.737686
179.4000,3.437141
179.4200,3.540460
179.4400,1.828654
179.4600,1.162149
179.4800,1.291476
179.5000,1.255294
179.5200,1.509695
179.5400,2.002040
179.5600,2.967656
179.5800,2.663934
179.6000,2.195460
179.6200,2.381777
179.6400,3.289993
179.6600,3.600000
179.6800,2.447398
179.7000,1.244860
179.7200,0.689229
179.7400,0.447615
179.7600,0.658451
179.7800,1.387776
179.8000,2.784115
179.8200,3.600000
179.8400,3.600000
179.8600,3.600000
179.8800,2.589740
179.9000,2.147679
179.9200,2.021338
179.9400,2.695258
179.9600,2.846346
179.9800,2.941755
180.0000,3.238182
180.0200,3.027445
180.0400,2.928204
180.0600,1.904728
180.0800,1.262908
180.1000,0.857881
180.1200,0.534923
180.1400,0.809297
180.1600,0.656086
180.1800,0.397121
180.2000,0.364458
180.2200,0.446501
180.2400,0.366014
180.2600,0.198651
180.2800,0.126809
180.3000,0.437177
180.3200,0.487754
180.3400,0.291766
180.3600,0.425124
180.3800,0.613751
180.4000,0.522469
180.4200,0.469991
180.4400,0.647436
180.4600,0.673200
180.4800,0.741385
180.5000,1.033819
180.5200,1.667438
180.5400,1.691868
180.5600,2.027535
180.5800,2.751903
180.6000,2.396281
180.6200,1.950355
180.6400,1.980379
180.6600,1.772353
180.6800,1.145349
180.7000,0.659847
180.7200,0.589767
180.7400,0.558164
180.7600,1.112489
180.7800,1.679604
180.8000,2.437653
180.8200,3.600000
180.8400,3.600000
180.8600,3.600000
180.8800,3.557859
180.9000,1.826597
180.9200,1.134094
180.9400,0.963916
180.9600,0.062900
180.9800,0.029676
181.0000,0.022780
181.0200,0.046645
181.0400,0.087747
181.0600,0.153045
181.0800,0.157720
181.1000,0.163185
181.1200,0.270599
181.1400,0.240279
181.1600,0.114127
181.1800,0.122323
181.2000,0.190329
181.2200,0.159354
181.2400,1.027914
181.2600,2.601428
181.2800,3.600000
181.3000,2.818414
181.3200,2.135342
181.3400,1.721357
181.3600,1.455053
181.3800,1.184515
181.4000,1.299683
181.4200,1.213507
181.4400,1.424165
181.4600,1.969353
181.4800,2.142126
181.5000,1.496048
181.5200,1.032921
181.5400,0.871274
181.5600,0.500053
181.5800,0.392698
181.6000,0.270916
181.6200,0.192470
181.6400,0.280940
181.6600,0.229931
181.6800,0.366191
181.7000,0.258850
181.7200,0.722897
181.7400,1.911684
181.7600,1.926321
181.7800,2.432744
181.8000,2.925989
181.8200,1.891127
181.8400,1.326722
181.8600,1.385004
181.8800,1.467380
181.9000,0.902596
181.9200,0.787810
181.9400,0.590216
181.9600,0.595522
181.9800,0.527561
182.0000,0.599790
182.0200,0.688713
182.0400,1.004333
182.0600,0.873521
182.0800,0.864450
182.1000,0.928842
182.1200,0.693907
182.1400,0.858466
182.1600,0.842619
182.1800,0.693910
182.2000,2.054244
182.2200,3.435412
182.2400,2.735193
182.2600,2.108945
182.2800,2.135334
182.3000,2.256224
182.3200,2.553319
182.3400,2.860665
182.3600,3.017777
182.3800,2.434324
182.4000,1.751841
182.4200,1.385806
182.4400,1.201122
182.4600,0.954046
182.4800,0.745943
182.5000,0.524116
182.5200,0.470842
182.5400,0.463391
182.5600,0.336853
182.5800,0.364166
182.6000,0.403219
182.6200,0.208524
182.6400,0.156424
182.6600,0.211962
182.6800,0.424709
182.7000,0.534321
182.7200,0.581614
182.7400,0.853659
182.7600,1.419956
182.7800,1.924677
182.8000,2.522893
182.8200,2.840224
182.8400,2.768775
182.8600,2.737686
182.8800,3.437141
182.9000,3.540460
182.9200,1.828654
182.9400,1.162149
182.9600,1.291476
182.9800,1.255294
183.0000,1.509695
183.0200,2.002040
183.0400,2.967656
183.0600,2.663934
183.0800,2.195460
183.1000,2.381777
183.1200,3.289993
183.1400,3.600000
183.1600,2.447398
183.1800,1.244860
183.2000,0.689229
183.2200,0.447615
183.2400,0.658451
183.2600,1.387776
183.2800,2.784115
183.3000,3.600000
183.3200,3.600000
183.3400,3.600000
183.3600,2.589740
183.3800,2.147679
183.4000,2.021338
183.4200,2.695258
183.4400,2.846346
183.4600,2.941755
183.4800,3.238182
183.5000,3.027445
183.5200,2.928204
183.5400,1.904728
183.5600,1.262908
183.5800,0.857881
183.6000,0.534923
183.6200,0.809297
183.6400,0.656086
183.6600,0.397121
183.6800,0.364458
183.7000,0.446501
183.7200,0.366014
183.7400,0.198651
183.7600,0.126809
183.7800,0.437177
183.8000,0.487754
183.8200,0.291766
183.8400,0.425124
183.8600,0.613751
183.8800,0.522469
183.9000,0.469991
183.9200,0.647436
183.9400,0.673200
183.9600,0.741385
183.9800,1.033819
184.0000,1.667438
184.0200,1.691868
184.0400,2.027535
184.0600,2.751903
184.0800,2.396281
184.1000,1.950355
184.1200,1.980379
184.1400,1.772353
184.1600,1.145349
184.1800,0.659847
184.2000,0.589767
184.2200,0.558164
184.2400,1.112489
184.2600,1.679604
184.2800,2.437653
184.3000,3.600000
184.3200,3.600000
184.3400,3.600000
184.3600,3.557859
184.3800,1.826597
184.4000,1.134094
184.4200,0.963916
184.4400,0.062900
184.4600,0.029676
184.4800,0.022780
184.5000,0.046645
184.5200,0.087747
184.5400,0.153045
184.5600,0.157720
184.5800,0.163185
184.6000,0.270599
184.6200,0.240279
184.6400,0.114127
184.6600,0.122323
184.6800,0.190329
184.7000,0.159354
184.7200,1.027914
184.7400,2.601428
184.7600,3.600000
184.7800,2.818414
184.8000,2.135342
184.8200,1.721357
184.8400,1.455053
184.8600,1.184515
184.8800,1.299683
184.9000,1.213507
184.9200,1.424165
184.9400,1.969353
184.9600,2.142126
184.9800,1.496048
185.0000,1.032921
185.0200,0.871274
185.0400,0.500053
185.0600,0.392698
185.0800,0.270916
185.1000,0.192470
185.1200,0.280940
185.1400,0.229931
185.1600,0.366191
185.1800,0.258850
185.2000,0.722897
185.2200,1.911684
185.2400,1.926321
185.2600,2.432744
185.2800,2.925989
185.3000,1.891127
185.3200,1.326722
185.3400,1.385004
185.3600,1.467380
185.3800,0.902596
185.4000,0.787810
185.4200,0.590216
185.4400,0.595522
185.4600,0.527561
185.4800,0.599790
185.5000,0.688713
185.5200,1.004333
185.5400,0.873521
185.5600,0.864450
185.5800,0.928842
185.6000,0.693907
185.6200,0.858466
185.6400,0.842619
185.6600,0.693910
185.6800,2.054244
185.7000,3.435412
185.7200,2.735193
185.7400,2.108945
185.7600,2.135334
185.7800,2.256224
185.8000,2.553319
185.8200,2.860665
185.8400,3.017777
185.8600,2.434324
185.8800,1.751841
185.9000,1.385806
185.9200,1.201122
185.9400,0.954046
185.9600,0.745943
185.9800,0.524116
186.0000,0.470842
186.0200,0.463391
186.0400,0.336853
186.0600,0.364166
186.0800,0.403219
186.1000,0.208524
186.1200,0.156424
186.1400,0.211962
186.1600,0.424709
186.1800,0.534321
186.2000,0.581614
186.2200,0.853659
186.2400,1.419956
186.2600,1.924677
186.2800,2.522893
186.3000,2.840224
186.3200,2.768775
186.3400,2.737686
186.3600,3.437141
186.3800,3.540460
186.4000,1.828654
186.4200,1.162149
186.4400,1.291476
186.4600,1.255294
186.4800,1.509695
186.5000,2.002040
186.5200,2.967656
186.5400,2.663934
186.5600,2.195460
186.5800,2.381777
186.6000,3.289993
186.6200,3.600000
186.6400,2.447398
186.6600,1.244860
186.6800,0.689229
186.7000,0.447615
186.7200,0.658451
186.7400,1.387776
186.7600,2.784115
186.7800,3.600000
186.8000,3.600000
186.8200,3.600000
186.8400,2.589740
186.8600,2.147679
186.8800,2.021338
186.9000,2.695258
186.9200,2.846346
186.9400,2.941755
186.9600,3.238182
186.9800,3.027445
187.0000,2.928204
187.0200,1.904728
187.0400,1.262908
187.0600,0.857881
187.0800,0.534923
187.1000,0.809297
187.1200,0.656086
187.1400,0.397121
187.1600,0.364458
187.1800,0.446501
187.2000,0.366014
187.2200,0.198651
187.2400,0.126809
187.2600,0.437177
187.2800,0.487754
187.3000,0.291766
187.3200,0.425124
187.3400,0.613751
187.3600,0.522469
187.3800,0.469991
187.4000,0.647436
187.4200,0.673200
187.4400,0.741385
187.4600,1.033819
187.4800,1.667438
187.5000,1.691868
187.5200,2.027535
187.5400,2.751903
187.5600,2.396281
187.5800,1.950355
187.6000,1.980379
187.6200,1.772353
187.6400,1.145349
187.6600,0.659847
187.6800,0.589767
187.7000,0.558164
187.7200,1.112489
187.7400,1.679604
187.7600,2.437653
187.7800,3.600000
187.8000,3.600000
187.8200,3.600000
187.8400,3.557859
187.8600,1.826597
187.8800,1.134094
187.9000,0.963916
187.9200,0.062900
187.9400,0.029676
187.9600,0.022780
187.9800,0.046645
188.0000,0.087747
188.0200,0.153045
188.0400,0.157720
188.0600,0.163185
188.0800,0.270599
188.1000,0.240279
188.1200,0.114127
188.1400,0.122323
188.1600,0.190329
188.1800,0.159354
188.2000,1.027914
188.2200,2.601428
188.2400,3.600000
188.2600,2.818414
188.2800,2.135342
188.3000,1.721357
188.3200,1.455053
188.3400,1.184515
188.3600,1.299683
188.3800,1.213507
188.4000,1.424165
188.4200,1.969353
188.4400,2.142126
188.4600,1.496048
188.4800,1.032921
188.5000,0.871274
188.5200,0.500053
188.5400,0.392698
188.5600,0.270916
188.5800,0.192470
188.6000,0.280940
188.6200,0.229931
188.6400,0.366191
188.6600,0.258850
188.6800,0.722897
188.7000,1.911684
188.7200,1.926321
188.7400,2.432744
188.7600,2.925989
188.7800,1.891127
188.8000,1.326722
188.8200,1.385004
188.8400,1.467380
188.8600,0.902596
188.8800,0.787810
188.9000,0.590216
188.9200,0.595522
188.9400,0.527561
188.9600,0.599790
188.9800,0.688713
189.0000,1.004333
189.0200,0.873521
189.0400,0.864450
189.0600,0.928842
189.0800,0.693907
189.1000,0.858466
189.1200,0.842619
189.1400,0.693910
189.1600,2.054244
189.1800,3.435412
189.2000,2.735193
189.2200,2.108945
189.2400,2.135334
189.2600,2.256224
189.2800,2.553319
189.3000,2.860665
189.3200,3.017777
189.3400,2.434324
189.3600,1.751841
189.3800,1.385806
189.4000,1.201122
189.4200,0.954046
189.4400,0.745943
189.4600,0.524116
189.4800,0.470842
189.5000,0.463391
189.5200,0.336853
189.5400,0.364166
189.5600,0.403219
189.5800,0.208524
189.6000,0.156424
189.6200,0.211962
189.6400,0.424709
189.6600,0.534321
189.6800,0.581614
189.7000,0.853659
189.7200,1.419956
189.7400,1.924677
189.7600,2.522893
189.7800,2.840224
189.8000,2.768775
189.8200,2.737686
189.8400,3.437141
189.8600,3.540460
189.8800,1.828654
189.9000,1.162149
189.9200,1.291476
189.9400,1.255294
189.9600,1.509695
189.9800,2.002040
190.0000,2.967656
190.0200,2.663934
190.0400,2.195460
190.0600,2.381777
190.0800,3.289993
190.1000,3.600000
190.1200,2.447398
190.1400,1.244860
190.1600,0.689229
190.1800,0.447615
190.2000,0.658451
190.2200,1.387776
190.2400,2.784115
190.2600,3.600000
190.2800,3.600000
190.3000,3.600000
190.3200,2.589740
190.3400,2.147679
190.3600,2.021338
190.3800,2.695258
190.4000,2.846346
190.4200,2.941755
190.4400,3.238182
190.4600,3.027445
190.4800,2.928204
190.5000,1.904728
190.5200,1.262908
190.5400,0.857881
190.5600,0.534923
190.5800,0.809297
190.6000,0.656086
190.6200,0.397121
190.6400,0.364458
190.6600,0.446501
190.6800,0.366014
190.7000,0.198651
190.7200,0.126809
190.7400,0.437177
190.7600,0.487754
190.7800,0.291766
190.8000,0.425124
190.8200,0.613751
190.8400,0.522469
190.8600,0.469991
190.8800,0.647436
190.9000,0.673200
190.9200,0.741385
190.9400,1.033819
190.9600,1.667438
190.9800,1.691868
191.0000,2.027535
191.0200,2.751903
191.0400,2.396281
191.0600,1.950355
191.0800,1.980379
191.1000,1.772353
191.1200,1.145349
191.1400,0.659847
191.1600,0.589767
191.1800,0.558164
191.2000,1.112489
191.2200,1.679604
191.2400,2.437653
191.2600,3.600000
191.2800,3.600000
191.3000,3.600000
191.3200,3.557859
191.3400,1.826597
191.3600,1.134094
191.3800,0.963916
191.4000,0.062900
191.4200,0.029676
191.4400,0.022780
191.4600,0.046645
191.4800,0.087747
191.5000,0.153045
191.5200,0.157720
191.5400,0.163185
191.5600,0.270599
191.5800,0.240279
191.6000,0.114127
191.6200,0.122323
191.6400,0.190329
191.6600,0.159354
191.6800,1.027914
191.7000,2.601428
191.7200,3.600000
191.7400,2.818414
191.7600,2.135342
191.7800,1.721357
191.8000,1.455053
191.8200,1.184515
191.8400,1.299683
191.8600,1.213507
191.8800,1.424165
191.9000,1.969353
191.9200,2.142126
191.9400,1.496048
191.9600,1.032921
191.9800,0.871274
192.0000,0.500053
192.0200,0.392698
192.0400,0.270916
192.0600,0.192470
192.0800,0.280940
192.1000,0.229931
192.1200,0.366191
192.1400,0.258850
192.1600,0.722897
192.1800,1.911684
192.2000,1.926321
192.2200,2.432744
192.2400,2.925989
192.2600,1.891127
192.2800,1.326722
192.3000,1.385004
192.3200,1.467380
192.3400,0.902596
192.3600,0.787810
192.3800,0.590216
192.4000,0.595522
192.4200,0.527561
192.4400,0.599790
192.4600,0.688713
192.4800,1.004333
192.5000,0.873521
192.5200,0.864450
192.5400,0.928842
192.5600,0.693907
192.5800,0.858466
192.6000,0.842619
192.6200,0.693910
192.6400,2.054244
192.6600,3.435412
192.6800,2.735193
192.7000,2.108945
192.7200,2.135334
192.7400,2.256224
192.7600,2.553319
192.7800,2.860665
192.8000,3.017777
192.8200,2.434324
192.8400,1.751841
192.8600,1.385806
192.8800,1.201122
192.9000,0.954046
192.9200,0.745943
192.9400,0.524116
192.9600,0.470842
192.9800,0.463391
193.0000,0.336853
193.0200,0.364166
193.0400,0.403219
193.0600,0.208524
193.0800,0.156424
193.1000,0.211962
193.1200,0.424709
193.1400,0.534321
193.1600,0.581614
193.1800,0.853659
193.2000,1.419956
193.2200,1.924677
193.2400,2.522893
193.2600,2.840224
193.2800,2.768775
193.3000,2.737686
193.3200,3.437141
193.3400,3.540460
193.3600,1.828654
193.3800,1.162149
193.4000,1.291476
193.4200,1.255294
193.4400,1.509695
193.4600,2.002040
193.4800,2.967656
193.5000,2.663934
193.5200,2.195460
193.5400,2.381777
193.5600,3.289993
193.5800,3.600000
193.6000,2.447398
193.6200,1.244860
193.6400,0.689229
193.6600,0.447615
193.6800,0.658451
193.7000,1.387776
193.7200,2.784115
193.7400,3.600000
193.7600,3.600000
193.7800,3.600000
193.8000,2.589740
193.8200,2.147679
193.8400,2.021338
193.8600,2.695258
193.8800,2.846346
193.9000,2.941755
193.9200,3.238182
193.9400,3.027445
193.9600,2.928204
193.9800,1.904728
194.0000,1.262908
194.0200,0.857881
194.0400,0.534923
194.0600,0.809297
194.0800,0.656086
194.1000,0.397121
194.1200,0.364458
194.1400,0.446501
194.1600,0.366014
194.1800,0.198651
194.2000,0.126809
194.2200,0.437177
194.2400,0.487754
194.2600,0.291766
194.2800,0.425124
194.3000,0.613751
194.3200,0.522469
194.3400,0.469991
194.3600,0.647436
194.3800,0.673200
194.4000,0.741385
194.4200,1.033819
194.4400,1.667438
194.4600,1.691868
194.4800,2.027535
194.5000,2.751903
194.5200,2.396281
194.5400,1.950355
194.5600,1.980379
194.5800,1.772353
194.6000,1.145349
194.6200,0.659847
194.6400,0.589767
194.6600,0.558164
194.6800,1.112489
194.7000,1.679604
194.7200,2.437653
194.7400,3.600000
194.7600,3.600000
194.7800,3.600000
194.8000,3.557859
194.8200,1.826597
194.8400,1.134094
194.8600,0.963916
194.8800,0.062900
194.9000,0.029676
194.9200,0.022780
194.9400,0.046645
194.9600,0.087747
194.9800,0.153045
195.0000,0.157720
195.0200,0.163185
195.0400,0.270599
195.0600,0.240279
195.0800,0.114127
195.1000,0.122323
195.1200,0.190329
195.1400,0.159354
195.1600,1.027914
195.1800,2.601428
195.2000,3.600000
195.2200,2.818414
195.2400,2.135342
195.2600,1.721357
195.2800,1.455053
195.3000,1.184515
195.3200,1.299683
195.3400,1.213507
195.3600,1.424165
195.3800,1.969353
195.4000,2.142126
195.4200,1.496048
195.4400,1.032921
195.4600,0.871274
195.4800,0.500053
195.5000,0.392698
195.5200,0.270916
195.5400,0.192470
195.5600,0.280940
195.5800,0.229931
195.6000,0.366191
195.6200,0.258850
195.6400,0.722897
195.6600,1.911684
195.6800,1.926321
195.7000,2.432744
195.7200,2.925989
195.7400,1.891127
195.7600,1.326722
195.7800,1.385004
195.8000,1.467380
195.8200,0.902596
195.8400,0.787810
195.8600,0.590216
195.8800,0.595522
195.9000,0.527561
195.9200,0.599790
195.9400,0.688713
195.9600,1.004333
195.9800,0.873521
196.0000,0.864450
196.0200,0.928842
196.0400,0.693907
196.0600,0.858466
196.0800,0.842619
196.1000,0.693910
196.1200,2.054244
196.1400,3.435412
196.1600,2.735193
196.1800,2.108945
196.2000,2.135334
196.2200,2.256224
196.2400,2.553319
196.2600,2.860665
196.2800,3.017777
196.3000,2.434324
196.3200,1.751841
196.3400,1.385806
196.3600,1.201122
196.3800,0.954046
196.4000,0.745943
196.4200,0.524116
196.4400,0.470842
196.4600,0.463391
196.4800,0.336853
196.5000,0.364166
196.5200,0.403219
196.5400,0.208524
196.5600,0.156424
196.5800,0.211962
196.6000,0.424709
196.6200,0.534321
196.6400,0.581614
196.6600,0.853659
196.6800,1.419956
196.7000,1.924677
196.7200,2.522893
196.7400,2.840224
196.7600,2.768775
196.7800,2.737686
196.8000,3.437141
196.8200,3.540460
196.8400,1.828654
196.8600,1.162149
196.8800,1.291476
196.9000,1.255294
196.9200,1.509695
196.9400,2.002040
196.9600,2.967656
196.9800,2.663934
197.0000,2.195460
197.0200,2.381777
197.0400,3.289993
197.0600,3.600000
197.0800,2.447398
197.1000,1.244860
197.1200,0.689229
197.1400,0.447615
197.1600,0.658451
197.1800,1.387776
197.2000,2.784115
197.2200,3.600000
197.2400,3.600000
197.2600,3.600000
197.2800,2.589740
197.3000,2.147679
197.3200,2.021338
197.3400,2.695258
197.3600,2.846346
197.3800,2.941755
197.4000,3.238182
197.4200,3.027445
197.4400,2.928204
197.4600,1.904728
197.4800,1.262908
197.5000,0.857881
197.5200,0.534923
197.5400,0.809297
197.5600,0.656086
197.5800,0.397121
197.6000,0.364458
197.6200,0.446501
197.6400,0.366014
197.6600,0.198651
197.6800,0.126809
197.7000,0.437177
197.7200,0.487754
197.7400,0.291766
197.7600,0.425124
197.7800,0.613751
197.8000,0.522469
197.8200,0.469991
197.8400,0.647436
197.8600,0.673200
197.8800,0.741385
197.9000,1.033819
197.9200,1.667438
197.9400,1.691868
197.9600,2.027535
197.9800,2.751903
198.0000,2.396281
198.0200,1.950355
198.0400,1.980379
198.0600,1.772353
198.0800,1.145349
198.1000,0.659847
198.1200,0.589767
198.1400,0.558164
198.1600,1.112489
198.1800,1.679604
198.2000,2.437653
198.2200,3.600000
198.2400,3.600000
198.2600,3.600000
198.2800,3.557859
198.3000,1.826597
198.3200,1.134094
198.3400,0.963916
198.3600,0.062900
198.3800,0.029676
198.4000,0.022780
198.4200,0.046645
198.4400,0.087747
198.4600,0.153045
198.4800,0.157720
198.5000,0.163185
198.5200,0.270599
198.5400,0.240279
198.5600,0.114127
198.5800,0.122323
198.6000,0.190329
198.6200,0.159354
198.6400,1.027914
198.6600,2.601428
198.6800,3.600000
198.7000,2.818414
198.7200,2.135342
198.7400,1.721357
198.7600,1.455053
198.7800,1.184515
198.8000,1.299683
198.8200,1.213507
198.8400,1.424165
198.8600,1.969353
198.8800,2.142126
198.9000,1.496048
198.9200,1.032921
198.9400,0.871274
198.9600,0.500053
198.9800,0.392698
199.0000,0.270916
199.0200,0.192470
199.0400,0.280940
199.0600,0.229931
199.0800,0.366191
199.1000,0.258850
199.1200,0.722897
199.1400,1.911684
199.1600,1.926321
199.1800,2.432744
199.2000,2.925989
199.2200,1.891127
199.2400,1.326722
199.2600,1.385004
199.2800,1.467380
199.3000,0.902596
199.3200,0.787810
199.3400,0.590216
199.3600,0.595522
199.3800,0.527561
199.4000,0.599790
199.4200,0.688713
199.4400,1.004333
199.4600,0.873521
199.4800,0.864450
199.5000,0.928842
199.5200,0.693907
199.5400,0.858466
199.5600,0.842619
199.5800,0.693910
199.6000,2.054244
199.6200,3.435412
199.6400,2.735193
199.6600,2.108945
199.6800,2.135334
199.7000,2.256224
199.7200,2.553319
199.7400,2.860665
199.7600,3.017777
199.7800,2.434324
199.8000,1.751841
199.8200,1.385806
199.8400,1.201122
199.8600,0.954046
199.8800,0.745943
199.9000,0.524116
199.9200,0.470842
199.9400,0.463391
199.9600,0.336853
199.9800,0.364166
200.0000,0.403219
200.0200,0.208524
200.0400,0.156424
200.0600,0.211962
200.0800,0.424709
200.1000,0.534321
200.1200,0.581614
200.1400,0.853659
200.1600,1.419956
200.1800,1.924677
200.2000,2.522893
200.2200,2.840224
200.2400,2.768775
200.2600,2.737686
200.2800,3.437141
200.3000,3.540460
200.3200,1.828654
200.3400,1.162149
200.3600,1.291476
200.3800,1.255294
200.4000,1.509695
200.4200,2.002040
200.4400,2.967656
200.4600,2.663934
200.4800,2.195460
200.5000,2.381777
200.5200,3.289993
200.5400,3.600000
200.5600,2.447398
200.5800,1.244860
200.6000,0.689229
200.6200,0.447615
200.6400,0.658451
200.6600,1.387776
200.6800,2.784115
200.7000,3.600000
200.7200,3.600000
200.7400,3.600000
200.7600,2.589740
200.7800,2.147679
200.8000,2.021338
200.8200,2.695258
200.8400,2.846346
200.8600,2.941755
200.8800,3.238182
200.9000,3.027445
200.9200,2.928204
200.9400,1.904728
200.9600,1.262908
200.9800,0.857881
201.0000,0.534923
201.0200,0.809297
201.0400,0.656086
201.0600,0.397121
201.0800,0.364458
201.1000,0.446501
201.1200,0.366014
201.1400,0.198651
201.1600,0.126809
201.1800,0.437177
201.2000,0.487754
201.2200,0.291766
201.2400,0.425124
201.2600,0.613751
201.2800,0.522469
201.3000,0.469991
201.3200,0.647436
201.3400,0.673200
201.3600,0.741385
201.3800,1.033819
201.4000,1.667438
201.4200,1.691868
201.4400,2.027535
201.4600,2.751903
201.4800,2.396281
201.5000,1.950355
201.5200,1.980379
201.5400,1.772353
201.5600,1.145349
201.5800,0.659847
201.6000,0.589767
201.6200,0.558164
201.6400,1.112489
201.6600,1.679604
201.6800,2.437653
201.7000,3.600000
201.7200,3.600000
201.7400,3.600000
201.7600,3.557859
201.7800,1.826597
201.8000,1.134094
201.8200,0.963916
201.8400,0.062900
201.8600,0.029676
201.8800,0.022780
201.9000,0.046645
201.9200,0.087747
201.9400,0.153045
201.9600,0.157720
201.9800,0.163185
202.0000,0.270599
202.0200,0.240279
202.0400,0.114127
202.0600,0.122323
202.0800,0.190329
202.1000,0.159354
202.1200,1.027914
202.1400,2.601428
202.1600,3.600000
202.1800,2.818414
202.2000,2.135342
202.2200,1.721357
202.2400,1.455053
202.2600,1.184515
202.2800,1.299683
202.3000,1.213507
202.3200,1.424165
202.3400,1.969353
202.3600,2.142126
202.3800,1.496048
202.4000,1.032921
202.4200,0.871274
202.4400,0.500053
202.4600,0.392698
202.4800,0.270916
202.5000,0.192470
202.5200,0.280940
202.5400,0.229931
202.5600,0.366191
202.5800,0.258850
202.6000,0.722897
202.6200,1.911684
202.6400,1.926321
202.6600,2.432744
202.6800,2.925989
202.7000,1.891127
202.7200,1.326722
202.7400,1.385004
202.7600,1.467380
202.7800,0.902596
202.8000,0.787810
202.8200,0.590216
202.8400,0.595522
202.8600,0.527561
202.8800,0.599790
202.9000,0.688713
202.9200,1.004333
202.9400,0.873521
202.9600,0.864450
202.9800,0.928842
203.0000,0.693907
203.0200,0.858466
203.0400,0.842619
203.0600,0.693910
203.0800,2.054244
203.1000,3.435412
203.1200,2.735193
203.1400,2.108945
203.1600,2.135334
203.1800,2.256224
203.2000,2.553319
203.2200,2.860665
203.2400,3.017777
203.2600,2.434324
203.2800,1.751841
203.3000,1.385806
203.3200,1.201122
203.3400,0.954046
203.3600,0.745943
203.3800,0.524116
203.4000,0.470842
203.4200,0.463391
203.4400,0.336853
203.4600,0.364166
203.4800,0.403219
203.5000,0.208524
203.5200,0.156424
203.5400,0.211962
203.5600,0.424709
203.5800,0.534321
203.6000,0.581614
203.6200,0.853659
203.6400,1.419956
203.6600,1.924677
203.6800,2.522893
203.7000,2.840224
203.7200,2.768775
203.7400,2.737686
203.7600,3.437141
203.7800,3.540460
203.8000,1.828654
203.8200,1.162149
203.8400,1.291476
203.8600,1.255294
203.8800,1.509695
203.9000,2.002040
203.9200,2.967656
203.9400,2.663934
203.9600,2.195460
203.9800,2.381777
204.0000,3.289993
204.0200,3.600000
204.0400,2.447398
204.0600,1.244860
204.0800,0.689229
204.1000,0.447615
204.1200,0.658451
204.1400,1.387776
204.1600,2.784115
204.1800,3.600000
204.2000,3.600000
204.2200,3.600000
204.2400,2.589740
204.2600,2.147679
204.2800,2.021338
204.3000,2.695258
204.3200,2.846346
204.3400,2.941755
204.3600,3.238182
204.3800,3.027445
204.4000,2.928204
204.4200,1.904728
204.4400,1.262908
204.4600,0.857881
204.4800,0.534923
204.5000,0.809297
204.5200,0.656086
204.5400,0.397121
204.5600,0.364458
204.5800,0.446501
204.6000,0.366014
204.6200,0.198651
204.6400,0.126809
204.6600,0.437177
204.6800,0.487754
204.7000,0.291766
204.7200,0.425124
204.7400,0.613751
204.7600,0.522469
204.7800,0.469991
204.8000,0.647436
204.8200,0.673200
204.8400,0.741385
204.8600,1.033819
204.8800,1.667438
204.9000,1.691868
204.9200,2.027535
204.9400,2.751903
204.9600,2.396281
204.9800,1.950355
205.0000,1.980379
205.0200,1.772353
205.0400,1.145349
205.0600,0.659847
205.0800,0.589767
205.1000,0.558164
205.1200,1.112489
205.1400,1.679604
205.1600,2.437653
205.1800,3.600000
205.2000,3.600000
205.2200,3.600000
205.2400,3.557859
205.2600,1.826597
205.2800,1.134094
205.3000,0.963916
205.3200,0.062900
205.3400,0.029676
205.3600,0.022780
205.3800,0.046645
205.4000,0.087747
205.4200,0.153045
205.4400,0.157720
205.4600,0.163185
205.4800,0.270599
205.5000,0.240279
205.5200,0.114127
205.5400,0.122323
205.5600,0.190329
205.5800,0.159354
205.6000,1.027914
205.6200,2.601428
205.6400,3.600000
205.6600,2.818414
205.6800,2.135342
205.7000,1.721357
205.7200,1.455053
205.7400,1.184515
205.7600,1.299683
205.7800,1.213507
205.8000,1.424165
205.8200,1.969353
205.8400,2.142126
205.8600,1.496048
205.8800,1.032921
205.9000,0.871274
205.9200,0.500053
205.9400,0.392698
205.9600,0.270916
205.9800,0.192470
206.0000,0.280940
206.0200,0.229931
206.0400,0.366191
206.0600,0.258850
206.0800,0.722897
206.1000,1.911684
206.1200,1.926321
206.1400,2.432744
206.1600,2.925989
206.1800,1.891127
206.2000,1.326722
206.2200,1.385004
206.2400,1.467380
206.2600,0.902596
206.2800,0.787810
206.3000,0.590216
206.3200,0.595522
206.3400,0.527561
206.3600,0.599790
206.3800,0.688713
206.4000,1.004333
206.4200,0.873521
206.4400,0.864450
206.4600,0.928842
206.4800,0.693907
206.5000,0.858466
206.5200,0.842619
206.5400,0.693910
206.5600,2.054244
206.5800,3.435412
206.6000,2.735193
206.6200,2.108945
206.6400,2.135334
206.6600,2.256224
206.6800,2.553319
206.7000,2.860665
206.7200,3.017777
206.7400,2.434324
206.7600,1.751841
206.7800,1.385806
206.8000,1.201122
206.8200,0.954046
206.8400,0.745943
206.8600,0.524116
206.8800,0.470842
206.9000,0.463391
206.9200,0.336853
206.9400,0.364166
206.9600,0.403219
206.9800,0.208524
207.0000,0.156424
207.0200,0.211962
207.0400,0.424709
207.0600,0.534321
207.0800,0.581614
207.1000,0.853659
207.1200,1.419956
207.1400,1.924677
207.1600,2.522893
207.1800,2.840224
207.2000,2.768775
207.2200,2.737686
207.2400,3.437141
207.2600,3.540460
207.2800,1.828654
207.3000,1.162149
207.3200,1.291476
207.3400,1.255294
207.3600,1.509695
207.3800,2.002040
207.4000,2.967656
207.4200,2.663934
207.4400,2.195460
207.4600,2.381777
207.4800,3.289993
207.5000,3.600000
207.5200,2.447398
207.5400,1.244860
207.5600,0.689229
207.5800,0.447615
207.6000,0.658451
207.6200,1.387776
207.6400,2.784115
207.6600,3.600000
207.6800,3.600000
207.7000,3.600000
207.7200,2.589740
207.7400,2.147679
207.7600,2.021338
207.7800,2.695258
207.8000,2.846346
207.8200,2.941755
207.8400,3.238182
207.8600,3.027445
207.8800,2.928204
207.9000,1.904728
207.9200,1.262908
207.9400,0.857881
207.9600,0.534923
207.9800,0.809297
208.0000,0.656086
208.0200,0.397121
208.0400,0.364458
208.0600,0.446501
208.0800,0.366014
208.1000,0.198651
208.1200,0.126809
208.1400,0.437177
208.1600,0.487754
208.1800,0.291766
208.2000,0.425124
208.2200,0.613751
208.2400,0.522469
208.2600,0.469991
208.2800,0.647436
208.3000,0.673200
208.3200,0.741385
208.3400,1.033819
208.3600,1.667438
208.3800,1.691868
208.4000,2.027535
208.4200,2.751903
208.4400,2.396281
208.4600,1.950355
208.4800,1.980379
208.5000,1.772353
208.5200,1.145349
208.5400,0.659847
208.5600,0.589767
208.5800,0.558164
208.6000,1.112489
208.6200,1.679604
208.6400,2.437653
208.6600,3.600000
208.6800,3.600000
208.7000,3.600000
208.7200,3.557859
208.7400,1.826597
208.7600,1.134094
208.7800,0.963916
208.8000,0.062900
208.8200,0.029676
208.8400,0.022780
208.8600,0.046645
208.8800,0.087747
208.9000,0.153045
208.9200,0.157720
208.9400,0.163185
208.9600,0.270599
208.9800,0.240279
209.0000,0.114127
209.0200,0.122323
209.0400,0.190329
209.0600,0.159354
209.0800,1.027914
209.1000,2.601428
209.1200,3.600000
209.1400,2.818414
209.1600,2.135342
209.1800,1.721357
209.2000,1.455053
209.2200,1.184515
209.2400,1.299683
209.2600,1.213507
209.2800,1.424165
209.3000,1.969353
209.3200,2.142126
209.3400,1.496048
209.3600,1.032921
209.3800,0.871274
209.4000,0.500053
209.4200,0.392698
209.4400,0.270916
209.4600,0.192470
209.4800,0.280940
209.5000,0.229931
209.5200,0.366191
209.5400,0.258850
209.5600,0.722897
209.5800,1.911684
209.6000,1.926321
209.6200,2.432744
209.6400,2.925989
209.6600,1.891127
209.6800,1.326722
209.7000,1.385004
209.7200,1.467380
209.7400,0.902596
209.7600,0.787810
209.7800,0.590216
209.8000,0.595522
209.8200,0.527561
209.8400,0.599790
209.8600,0.688713
209.8800,1.004333
209.9000,0.873521
209.9200,0.864450
209.9400,0.928842
209.9600,0.693907
209.9800,0.858466
210.0000,0.842619
210.0200,0.693910
210.0400,2.054244
210.0600,3.435412
210.0800,2.735193
210.1000,2.108945
210.1200,2.135334
210.1400,2.256224
210.1600,2.553319
210.1800,2.860665
210.2000,3.017777
210.2200,2.434324
210.2400,1.751841
210.2600,1.385806
210.2800,1.201122
210.3000,0.954046
210.3200,0.745943
210.3400,0.524116
210.3600,0.470842
210.3800,0.463391
210.4000,0.336853
210.4200,0.364166
210.4400,0.403219
210.4600,0.208524
210.4800,0.156424
210.5000,0.211962
210.5200,0.424709
210.5400,0.534321
210.5600,0.581614
210.5800,0.853659
210.6000,1.419956
210.6200,1.924677
210.6400,2.522893
210.6600,2.840224
210.6800,2.768775
210.7000,2.737686
210.7200,3.437141
210.7400,3.540460
210.7600,1.828654
210.7800,1.162149
210.8000,1.291476
210.8200,1.255294
210.8400,1.509695
210.8600,2.002040
210.8800,2.967656
210.9000,2.663934
210.9200,2.195460
210.9400,2.381777
210.9600,3.289993
210.9800,3.600000
211.0000,2.447398
211.0200,1.244860
211.0400,0.689229
211.0600,0.447615
211.0800,0.658451
211.1000,1.387776
211.1200,2.784115
211.1400,3.600000
211.1600,3.600000
211.1800,3.600000
211.2000,2.589740
211.2200,2.147679
211.2400,2.021338
211.2600,2.695258
211.2800,2.846346
211.3000,2.941755
211.3200,3.238182
211.3400,3.027445
211.3600,2.928204
211.3800,1.904728
211.4000,1.262908
211.4200,0.857881
211.4400,0.534923
211.4600,0.809297
211.4800,0.656086
211.5000,0.397121
211.5200,0.364458
211.5400,0.446501
211.5600,0.366014
211.5800,0.198651
211.6000,0.126809
211.6200,0.437177
211.6400,0.487754
211.6600,0.291766
211.6800,0.425124
211.7000,0.613751
211.7200,0.522469
211.7400,0.469991
211.7600,0.647436
211.7800,0.673200
211.8000,0.741385
211.8200,1.033819
211.8400,1.667438
211.8600,1.691868
211.8800,2.027535
211.9000,2.751903
211.9200,2.396281
211.9400,1.950355
211.9600,1.980379
211.9800,1.772353
212.0000,1.145349
212.0200,0.659847
212.0400,0.589767
212.0600,0.558164
212.0800,1.112489
212.1000,1.679604
212.1200,2.437653
212.1400,3.600000
212.1600,3.600000
212.1800,3.600000
212.2000,3.557859
212.2200,1.826597
212.2400,1.134094
212.2600,0.963916
212.2800,0.062900
212.3000,0.029676
212.3200,0.022780
212.3400,0.046645
212.3600,0.087747
212.3800,0.153045
212.4000,0.157720
212.4200,0.163185
212.4400,0.270599
212.4600,0.240279
212.4800,0.114127
212.5000,0.122323
212.5200,0.190329
212.5400,0.159354
212.5600,1.027914
212.5800,2.601428
212.6000,3.600000
212.6200,2.818414
212.6400,2.135342
212.6600,1.721357
212.6800,1.455053
212.7000,1.184515
212.7200,1.299683
212.7400,1.213507
212.7600,1.424165
212.7800,1.969353
212.8000,2.142126
212.8200,1.496048
212.8400,1.032921
212.8600,0.871274
212.8800,0.500053
212.9000,0.392698
212.9200,0.270916
212.9400,0.192470
212.9600,0.280940
212.9800,0.229931
213.0000,0.366191
213.0200,0.258850
213.0400,0.722897
213.0600,1.911684
213.0800,1.926321
213.1000,2.432744
213.1200,2.925989
213.1400,1.891127
213.1600,1.326722
213.1800,1.385004
213.2000,1.467380
213.2200,0.902596
213.2400,0.787810
213.2600,0.590216
213.2800,0.595522
213.3000,0.527561
213.3200,0.599790
213.3400,0.688713
213.3600,1.004333
213.3800,0.873521
213.4000,0.864450
213.4200,0.928842
213.4400,0.693907
213.4600,0.858466
213.4800,0.842619
213.5000,0.693910
213.5200,2.054244
213.5400,3.435412
213.5600,2.735193
213.5800,2.108945
213.6000,2.135334
213.6200,2.256224
213.6400,2.553319
213.6600,2.860665
213.6800,3.017777
213.7000,2.434324
213.7200,1.751841
213.7400,1.385806
213.7600,1.201122
213.7800,0.954046
213.8000,0.745943
213.8200,0.524116
213.8400,0.470842
213.8600,0.463391
213.8800,0.336853
213.9000,0.364166
213.9200,0.403219
213.9400,0.208524
213.9600,0.156424
213.9800,0.211962
214.0000,0.424709
214.0200,0.534321
214.0400,0.581614
214.0600,0.853659
214.0800,1.419956
214.1000,1.924677
214.1200,2.522893
214.1400,2.840224
214.1600,2.768775
214.1800,2.737686
214.2000,3.437141
214.2200,3.540460
214.2400,1.828654
214.2600,1.162149
214.2800,1.291476
214.3000,1.255294
214.3200,1.509695
214.3400,2.002040
214.3600,2.967656
214.3800,2.663934
214.4000,2.195460
214.4200,2.381777
214.4400,3.289993
214.4600,3.600000
214.4800,2.447398
214.5000,1.244860
214.5200,0.689229
214.5400,0.447615
214.5600,0.658451
214.5800,1.387776
214.6000,2.784115
214.6200,3.600000
214.6400,3.600000
214.6600,3.600000
214.6800,2.589740
214.7000,2.147679
214.7200,2.021338
214.7400,2.695258
214.7600,2.846346
214.7800,2.941755
214.8000,3.238182
214.8200,3.027445
214.8400,2.928204
214.8600,1.904728
214.8800,1.262908
214.9000,0.857881
214.9200,0.534923
214.9400,0.809297
214.9600,0.656086
214.9800,0.397121
215.0000,0.364458
215.0200,0.446501
215.0400,0.366014
215.0600,0.198651
215.0800,0.126809
215.1000,0.437177
215.1200,0.487754
215.1400,0.291766
215.1600,0.425124
215.1800,0.613751
215.2000,0.522469
215.2200,0.469991
215.2400,0.647436
215.2600,0.673200
215.2800,0.741385
215.3000,1.033819
215.3200,1.667438
215.3400,1.691868
215.3600,2.027535
215.3800,2.751903
215.4000,2.396281
215.4200,1.950355
215.4400,1.980379
215.4600,1.772353
215.4800,1.145349
215.5000,0.659847
215.5200,0.589767
215.5400,0.558164
215.5600,1.112489
215.5800,1.679604
215.6000,2.437653
215.6200,3.600000
215.6400,3.600000
215.6600,3.600000
215.6800,3.557859
215.7000,1.826597
215.7200,1.134094
215.7400,0.963916
215.7600,0.062900
215.7800,0.029676
215.8000,0.022780
215.8200,0.046645
215.8400,0.087747
215.8600,0.153045
215.8800,0.157720
215.9000,0.163185
215.9200,0.270599
215.9400,0.240279
215.9600,0.114127
215.9800,0.122323
216.0000,0.190329
216.0200,0.159354
216.0400,1.027914
216.0600,2.601428
216.0800,3.600000
216.1000,2.818414
216.1200,2.135342
216.1400,1.721357
216.1600,1.455053
216.1800,1.184515
216.2000,1.299683
216.2200,1.213507
216.2400,1.424165
216.2600,1.969353
216.2800,2.142126
216.3000,1.496048
216.3200,1.032921
216.3400,0.871274
216.3600,0.500053
216.3800,0.392698
216.4000,0.270916
216.4200,0.192470
216.4400,0.280940
216.4600,0.229931
216.4800,0.366191
216.5000,0.258850
216.5200,0.722897
216.5400,1.911684
216.5600,1.926321
216.5800,2.432744
216.6000,2.925989
216.6200,1.891127
216.6400,1.326722
216.6600,1.385004
216.6800,1.467380
216.7000,0.902596
216.7200,0.787810
216.7400,0.590216
216.7600,0.595522
216.7800,0.527561
216.8000,0.599790
216.8200,0.688713
216.8400,1.004333
216.8600,0.873521
216.8800,0.864450
216.9000,0.928842
216.9200,0.693907
216.9400,0.858466
216.9600,0.842619
216.9800,0.693910
217.0000,2.054244
217.0200,3.435412
217.0400,2.735193
217.0600,2.108945
217.0800,2.135334
217.1000,2.256224
217.1200,2.553319
217.1400,2.860665
217.1600,3.017777
217.1800,2.434324
217.2000,1.751841
217.2200,1.385806
217.2400,1.201122
217.2600,0.954046
217.2800,0.745943
217.3000,0.524116
217.3200,0.470842
217.3400,0.463391
217.3600,0.336853
217.3800,0.364166
217.4000,0.403219
217.4200,0.208524
217.4400,0.156424
217.4600,0.211962
217.4800,0.424709
217.5000,0.534321
217.5200,0.581614
217.5400,0.853659
217.5600,1.419956
217.5800,1.924677
217.6000,2.522893
217.6200,2.840224
217.6400,2.768775
217.6600,2.737686
217.6800,3.437141
217.7000,3.540460
217.7200,1.828654
217.7400,1.162149
217.7600,1.291476
217.7800,1.255294
217.8000,1.509695
217.8200,2.002040
217.8400,2.967656
217.8600,2.663934
217.8800,2.195460
217.9000,2.381777
217.9200,3.289993
217.9400,3.600000
217.9600,2.447398
217.9800,1.244860
218.0000,0.689229
218.0200,0.447615
218.0400,0.658451
218.0600,1.387776
218.0800,2.784115
218.1000,3.600000
218.1200,3.600000
218.1400,3.600000
218.1600,2.589740
218.1800,2.147679
218.2000,2.021338
218.2200,2.695258
218.2400,2.846346
218.2600,2.941755
218.2800,3.238182
218.3000,3.027445
218.3200,2.928204
218.3400,1.904728
218.3600,1.262908
218.3800,0.857881
218.4000,0.534923
218.4200,0.809297
218.4400,0.656086
218.4600,0.397121
218.4800,0.364458
218.5000,0.446501
218.5200,0.366014
218.5400,0.198651
218.5600,0.126809
218.5800,0.437177
218.6000,0.487754
218.6200,0.291766
218.6400,0.425124
218.6600,0.613751
218.6800,0.522469
218.7000,0.469991
218.7200,0.647436
218.7400,0.673200
218.7600,0.741385
218.7800,1.033819
218.8000,1.667438
218.8200,1.691868
218.8400,2.027535
218.8600,2.751903
218.8800,2.396281
218.9000,1.950355
218.9200,1.980379
218.9400,1.772353
218.9600,1.145349
218.9800,0.659847
219.0000,0.589767
219.0200,0.558164
219.0400,1.112489
219.0600,1.679604
219.0800,2.437653
219.1000,3.600000
219.1200,3.600000
219.1400,3.600000
219.1600,3.557859
219.1800,1.826597
219.2000,1.134094
219.2200,0.963916
219.2400,0.062900
219.2600,0.029676
219.2800,0.022780
219.3000,0.046645
219.3200,0.087747
219.3400,0.153045
219.3600,0.157720
219.3800,0.163185
219.4000,0.270599
219.4200,0.240279
219.4400,0.114127
219.4600,0.122323
219.4800,0.190329
219.5000,0.159354
219.5200,1.027914
219.5400,2.601428
219.5600,3.600000
219.5800,2.818414
219.6000,2.135342
219.6200,1.721357
219.6400,1.455053
219.6600,1.184515
219.6800,1.299683
219.7000,1.213507
219.7200,1.424165
219.7400,1.969353
219.7600,2.142126
219.7800,1.496048
219.8000,1.032921
219.8200,0.871274
219.8400,0.500053
219.8600,0.392698
219.8800,0.270916
219.9000,0.192470
219.9200,0.280940
219.9400,0.229931
219.9600,0.366191
219.9800,0.258850
220.0000,0.722897
220.0200,1.911684
220.0400,1.926321
220.0600,2.432744
220.0800,2.925989
220.1000,1.891127
220.1200,1.326722
220.1400,1.385004
220.1600,1.467380
220.1800,0.902596
220.2000,0.787810
220.2200,0.590216
220.2400,0.595522
220.2600,0.527561
220.2800,0.599790
220.3000,0.688713
220.3200,1.004333
220.3400,0.873521
220.3600,0.864450
220.3800,0.928842
220.4000,0.693907
220.4200,0.858466
220.4400,0.842619
220.4600,0.693910
220.4800,2.054244
220.5000,3.435412
220.5200,2.735193
220.5400,2.108945
220.5600,2.135334
220.5800,2.256224
220.6000,2.553319
220.6200,2.860665
220.6400,3.017777
220.6600,2.434324
220.6800,1.751841
220.7000,1.385806
220.7200,1.201122
220.7400,0.954046
220.7600,0.745943
220.7800,0.524116
220.8000,0.470842
220.8200,0.463391
220.8400,0.336853
220.8600,0.364166
220.8800,0.403219
220.9000,0.208524
220.9200,0.156424
220.9400,0.211962
220.9600,0.424709
220.9800,0.534321
221.0000,0.581614
221.0200,0.853659
221.0400,1.419956
221.0600,1.924677
221.0800,2.522893
221.1000,2.840224
221.1200,2.768775
221.1400,2.737686
221.1600,3.437141
221.1800,3.540460
221.2000,1.828654
221.2200,1.162149
221.2400,1.291476
221.2600,1.255294
221.2800,1.509695
221.3000,2.002040
221.3200,2.967656
221.3400,2.663934
221.3600,2.195460
221.3800,2.381777
221.4000,3.289993
221.4200,3.600000
221.4400,2.447398
221.4600,1.244860
221.4800,0.689229
221.5000,0.447615
221.5200,0.658451
221.5400,1.387776
221.5600,2.784115
221.5800,3.600000
221.6000,3.600000
221.6200,3.600000
221.6400,2.589740
221.6600,2.147679
221.6800,2.021338
221.7000,2.695258
221.7200,2.846346
221.7400,2.941755
221.7600,3.238182
221.7800,3.027445
221.8000,2.928204
221.8200,1.904728
221.8400,1.262908
221.8600,0.857881
221.8800,0.534923
221.9000,0.809297
221.9200,0.656086
221.9400,0.397121
221.9600,0.364458
221.9800,0.446501
222.0000,0.366014
222.0200,0.198651
222.0400,0.126809
222.0600,0.437177
222.0800,0.487754
222.1000,0.291766
222.1200,0.425124
222.1400,0.613751
222.1600,0.522469
222.1800,0.469991
222.2000,0.647436
222.2200,0.673200
222.2400,0.741385
222.2600,1.033819
222.2800,1.667438
222.3000,1.691868
222.3200,2.027535
222.3400,2.751903
222.3600,2.396281
222.3800,1.950355
222.4000,1.980379
222.4200,1.772353
222.4400,1.145349
222.4600,0.659847
222.4800,0.589767
222.5000,0.558164
222.5200,1.112489
222.5400,1.679604
222.5600,2.437653
222.5800,3.600000
222.6000,3.600000
222.6200,3.600000
222.6400,3.557859
222.6600,1.826597
222.6800,1.134094
222.7000,0.963916
222.7200,0.062900
222.7400,0.029676
222.7600,0.022780
222.7800,0.046645
222.8000,0.087747
222.8200,0.153045
222.8400,0.157720
222.8600,0.163185
222.8800,0.270599
222.9000,0.240279
222.9200,0.114127
222.9400,0.122323
222.9600,0.190329
222.9800,0.159354
223.0000,1.027914
223.0200,2.601428
223.0400,3.600000
223.0600,2.818414
223.0800,2.135342
223.1000,1.721357
223.1200,1.455053
223.1400,1.184515
223.1600,1.299683
223.1800,1.213507
223.2000,1.424165
223.2200,1.969353
223.2400,2.142126
223.2600,1.496048
223.2800,1.032921
223.3000,0.871274
223.3200,0.500053
223.3400,0.392698
223.3600,0.270916
223.3800,0.192470
223.4000,0.280940
223.4200,0.229931
223.4400,0.366191
223.4600,0.258850
223.4800,0.722897
223.5000,1.911684
223.5200,1.926321
223.5400,2.432744
223.5600,2.925989
223.5800,1.891127
223.6000,1.326722
223.6200,1.385004
223.6400,1.467380
223.6600,0.902596
223.6800,0.787810
223.7000,0.590216
223.7200,0.595522
223.7400,0.527561
223.7600,0.599790
223.7800,0.688713
223.8000,1.004333
223.8200,0.873521
223.8400,0.864450
223.8600,0.928842
223.8800,0.693907
223.9000,0.858466
223.9200,0.842619
223.9400,0.693910
223.9600,2.054244
223.9800,3.435412
224.0000,2.735193
224.0200,2.108945
224.0400,2.135334
224.0600,2.256224
224.0800,2.553319
224.1000,2.860665
224.1200,3.017777
224.1400,2.434324
224.1600,1.751841
224.1800,1.385806
224.2000,1.201122
224.2200,0.954046
224.2400,0.745943
224.2600,0.524116
224.2800,0.470842
224.3000,0.463391
224.3200,0.336853
224.3400,0.364166
224.3600,0.403219
224.3800,0.208524
224.4000,0.156424
224.4200,0.211962
224.4400,0.424709
224.4600,0.534321
224.4800,0.581614
224.5000,0.853659
224.5200,1.419956
224.5400,1.924677
224.5600,2.522893
224.5800,2.840224
224.6000,2.768775
224.6200,2.737686
224.6400,3.437141
224.6600,3.540460
224.6800,1.828654
224.7000,1.162149
224.7200,1.291476
224.7400,1.255294
224.7600,1.509695
224.7800,2.002040
224.8000,2.967656
224.8200,2.663934
224.8400,2.195460
224.8600,2.381777
224.8800,3.289993
224.9000,3.600000
224.9200,2.447398
224.9400,1.244860
224.9600,0.689229
224.9800,0.447615
225.0000,0.658451
225.0200,1.387776
225.0400,2.784115
225.0600,3.600000
225.0800,3.600000
225.1000,3.600000
225.1200,2.589740
225.1400,2.147679
225.1600,2.021338
225.1800,2.695258
225.2000,2.846346
225.2200,2.941755
225.2400,3.238182
225.2600,3.027445
225.2800,2.928204
225.3000,1.904728
225.3200,1.262908
225.3400,0.857881
225.3600,0.534923
225.3800,0.809297
225.4000,0.656086
225.4200,0.397121
225.4400,0.364458
225.4600,0.446501
225.4800,0.366014
225.5000,0.198651
225.5200,0.126809
225.5400,0.437177
225.5600,0.487754
225.5800,0.291766
225.6000,0.425124
225.6200,0.613751
225.6400,0.522469
225.6600,0.469991
225.6800,0.647436
225.7000,0.673200
225.7200,0.741385
225.7400,1.033819
225.7600,1.667438
225.7800,1.691868
225.8000,2.027535
225.8200,2.751903
225.8400,2.396281
225.8600,1.950355
225.8800,1.980379
225.9000,1.772353
225.9200,1.145349
225.9400,0.659847
225.9600,0.589767
225.9800,0.558164
226.0000,1.112489
226.0200,1.679604
226.0400,2.437653
226.0600,3.600000
226.0800,3.600000
226.1000,3.600000
226.1200,3.557859
226.1400,1.826597
226.1600,1.134094
226.1800,0.963916
226.2000,0.062900
226.2200,0.029676
226.2400,0.022780
226.2600,0.046645
226.2800,0.087747
226.3000,0.153045
226.3200,0.157720
226.3400,0.163185
226.3600,0.270599
226.3800,0.240279
226.4000,0.114127
226.4200,0.122323
226.4400,0.190329
226.4600,0.159354
226.4800,1.027914
226.5000,2.601428
226.5200,3.600000
226.5400,2.818414
226.5600,2.135342
226.5800,1.721357
226.6000,1.455053
226.6200,1.184515
226.6400,1.299683
226.6600,1.213507
226.6800,1.424165
226.7000,1.969353
226.7200,2.142126
226.7400,1.496048
226.7600,1.032921
226.7800,0.871274
226.8000,0.500053
226.8200,0.392698
226.8400,0.270916
226.8600,0.192470
226.8800,0.280940
226.9000,0.229931
226.9200,0.366191
226.9400,0.258850
226.9600,0.722897
226.9800,1.911684
227.0000,1.926321
227.0200,2.432744
227.0400,2.925989
227.0600,1.891127
227.0800,1.326722
227.1000,1.385004
227.1200,1.467380
227.1400,0.902596
227.1600,0.787810
227.1800,0.590216
227.2000,0.595522
227.2200,0.527561
227.2400,0.599790
227.2600,0.688713
227.2800,1.004333
227.3000,0.873521
227.3200,0.864450
227.3400,0.928842
227.3600,0.693907
227.3800,0.858466
227.4000,0.842619
227.4200,0.693910
227.4400,2.054244
227.4600,3.435412
227.4800,2.735193
227.5000,2.108945
227.5200,2.135334
227.5400,2.256224
227.5600,2.553319
227.5800,2.860665
227.6000,3.017777
227.6200,2.434324
227.6400,1.751841
227.6600,1.385806
227.6800,1.201122
227.7000,0.954046
227.7200,0.745943
227.7400,0.524116
227.7600,0.470842
227.7800,0.463391
227.8000,0.336853
227.8200,0.364166
227.8400,0.403219
227.8600,0.208524
227.8800,0.156424
227.9000,0.211962
227.9200,0.424709
227.9400,0.534321
227.9600,0.581614
227.9800,0.853659
228.0000,1.419956
228.0200,1.924677
228.0400,2.522893
228.0600,2.840224
228.0800,2.768775
228.1000,2.737686
228.1200,3.437141
228.1400,3.540460
228.1600,1.828654
228.1800,1.162149
228.2000,1.291476
228.2200,1.255294
228.2400,1.509695
228.2600,2.002040
228.2800,2.967656
228.3000,2.663934
228.3200,2.195460
228.3400,2.381777
228.3600,3.289993
228.3800,3.600000
228.4000,2.447398
228.4200,1.244860
228.4400,0.689229
228.4600,0.447615
228.4800,0.658451
228.5000,1.387776
228.5200,2.784115
228.5400,3.600000
228.5600,3.600000
228.5800,3.600000
228.6000,2.589740
228.6200,2.147679
228.6400,2.021338
228.6600,2.695258
228.6800,2.846346
228.7000,2.941755
228.7200,3.238182
228.7400,3.027445
228.7600,2.928204
228.7800,1.904728
228.8000,1.262908
228.8200,0.857881
228.8400,0.534923
228.8600,0.809297
228.8800,0.656086
228.9000,0.397121
228.9200,0.364458
228.9400,0.446501
228.9600,0.366014
228.9800,0.198651
229.0000,0.126809
229.0200,0.437177
229.0400,0.487754
229.0600,0.291766
229.0800,0.425124
229.1000,0.613751
229.1200,0.522469
229.1400,0.469991
229.1600,0.647436
229.1800,0.673200
229.2000,0.741385
229.2200,1.033819
229.2400,1.667438
229.2600,1.691868
229.2800,2.027535
229.3000,2.751903
229.3200,2.396281
229.3400,1.950355
229.3600,1.980379
229.3800,1.772353
229.4000,1.145349
229.4200,0.659847
229.4400,0.589767
229.4600,0.558164
229.4800,1.112489
229.5000,1.679604
229.5200,2.437653
229.5400,3.600000
229.5600,3.600000
229.5800,3.600000
229.6000,3.557859
229.6200,1.826597
229.6400,1.134094
229.6600,0.963916
229.6800,0.062900
229.7000,0.029676
229.7200,0.022780
229.7400,0.046645
229.7600,0.087747
229.7800,0.153045
229.8000,0.157720
229.8200,0.163185
229.8400,0.270599
229.8600,0.240279
229.8800,0.114127
229.9000,0.122323
229.9200,0.190329
229.9400,0.159354
229.9600,1.027914
229.9800,2.601428
230.0000,3.600000
230.0200,2.818414
230.0400,2.135342
230.0600,1.721357
230.0800,1.455053
230.1000,1.184515
230.1200,1.299683
230.1400,1.213507
230.1600,1.424165
230.1800,1.969353
230.2000,2.142126
230.2200,1.496048
230.2400,1.032921
230.2600,0.871274
230.2800,0.500053
230.3000,0.392698
230.3200,0.270916
230.3400,0.192470
230.3600,0.280940
230.3800,0.229931
230.4000,0.366191
230.4200,0.258850
230.4400,0.722897
230.4600,1.911684
230.4800,1.926321
230.5000,2.432744
230.5200,2.925989
230.5400,1.891127
230.5600,1.326722
230.5800,1.385004
230.6000,1.467380
230.6200,0.902596
230.6400,0.787810
230.6600,0.590216
230.6800,0.595522
230.7000,0.527561
230.7200,0.599790
230.7400,0.688713
230.7600,1.004333
230.7800,0.873521
230.8000,0.864450
230.8200,0.928842
230.8400,0.693907
230.8600,0.858466
230.8800,0.842619
230.9000,0.693910
230.9200,2.054244
230.9400,3.435412
230.9600,2.735193
230.9800,2.108945
231.0000,2.135334
231.0200,2.256224
231.0400,2.553319
231.0600,2.860665
231.0800,3.017777
231.1000,2.434324
231.1200,1.751841
231.1400,1.385806
231.1600,1.201122
231.1800,0.954046
231.2000,0.745943
231.2200,0.524116
231.2400,0.470842
231.2600,0.463391
231.2800,0.336853
231.3000,0.364166
231.3200,0.403219
231.3400,0.208524
231.3600,0.156424
231.3800,0.211962
231.4000,0.424709
231.4200,0.534321
231.4400,0.581614
231.4600,0.853659
231.4800,1.419956
231.5000,1.924677
231.5200,2.522893
231.5400,2.840224
231.5600,2.768775
231.5800,2.737686
231.6000,3.437141
231.6200,3.540460
231.6400,1.828654
231.6600,1.162149
231.6800,1.291476
231.7000,1.255294
231.7200,1.509695
231.7400,2.002040
231.7600,2.967656
231.7800,2.663934
231.8000,2.195460
231.8200,2.381777
231.8400,3.289993
231.8600,3.600000
231.8800,2.447398
231.9000,1.244860
231.9200,0.689229
231.9400,0.447615
231.9600,0.658451
231.9800,1.387776
232.0000,2.784115
232.0200,3.600000
232.0400,3.600000
232.0600,3.600000
232.0800,2.589740
232.1000,2.147679
232.1200,2.021338
232.1400,2.695258
232.1600,2.846346
232.1800,2.941755
232.2000,3.238182
232.2200,3.027445
232.2400,2.928204
232.2600,1.904728
232.2800,1.262908
232.3000,0.857881
232.3200,0.534923
232.3400,0.809297
232.3600,0.656086
232.3800,0.397121
232.4000,0.364458
232.4200,0.446501
232.4400,0.366014
232.4600,0.198651
232.4800,0.126809
232.5000,0.437177
232.5200,0.487754
232.5400,0.291766
232.5600,0.425124
232.5800,0.613751
232.6000,0.522469
232.6200,0.469991
232.6400,0.647436
232.6600,0.673200
232.6800,0.741385
232.7000,1.033819
232.7200,1.667438
232.7400,1.691868
232.7600,2.027535
232.7800,2.751903
232.8000,2.396281
232.8200,1.950355
232.8400,1.980379
232.8600,1.772353
232.8800,1.145349
232.9000,0.659847
232.9200,0.589767
232.9400,0.558164
232.9600,1.112489
232.9800,1.679604
233.0000,2.437653
233.0200,3.600000
233.0400,3.600000
233.0600,3.600000
233.0800,3.557859
233.1000,1.826597
233.1200,1.134094
233.1400,0.963916
233.1600,0.062900
233.1800,0.029676
233.2000,0.022780
233.2200,0.046645
233.2400,0.087747
233.2600,0.153045
233.2800,0.157720
233.3000,0.163185
233.3200,0.270599
233.3400,0.240279
233.3600,0.114127
233.3800,0.122323
233.4000,0.190329
233.4200,0.159354
233.4400,1.027914
233.4600,2.601428
233.4800,3.600000
233.5000,2.818414
233.5200,2.135342
233.5400,1.721357
233.5600,1.455053
233.5800,1.184515
233.6000,1.299683
233.6200,1.213507
233.6400,1.424165
233.6600,1.969353
233.6800,2.142126
233.7000,1.496048
233.7200,1.032921
233.7400,0.871274
233.7600,0.500053
233.7800,0.392698
233.8000,0.270916
233.8200,0.192470
233.8400,0.280940
233.8600,0.229931
233.8800,0.366191
233.9000,0.258850
233.9200,0.722897
233.9400,1.911684
233.9600,1.926321
233.9800,2.432744
234.0000,2.925989
234.0200,1.891127
234.0400,1.326722
234.0600,1.385004
234.0800,1.467380
234.1000,0.902596
234.1200,0.787810
234.1400,0.590216
234.1600,0.595522
234.1800,0.527561
234.2000,0.599790
234.2200,0.688713
234.2400,1.004333
234.2600,0.873521
234.2800,0.864450
234.3000,0.928842
234.3200,0.693907
234.3400,0.858466
234.3600,0.842619
234.3800,0.693910
234.4000,2.054244
234.4200,3.435412
234.4400,2.735193
234.4600,2.108945
234.4800,2.135334
234.5000,2.256224
234.5200,2.553319
234.5400,2.860665
234.5600,3.017777
234.5800,2.434324
234.6000,1.751841
234.6200,1.385806
234.6400,1.201122
234.6600,0.954046
234.6800,0.745943
234.7000,0.524116
234.7200,0.470842
234.7400,0.463391
234.7600,0.336853
234.7800,0.364166
234.8000,0.403219
234.8200,0.208524
234.8400,0.156424
234.8600,0.211962
234.8800,0.424709
234.9000,0.534321
234.9200,0.581614
234.9400,0.853659
234.9600,1.419956
234.9800,1.924677
235.0000,2.522893
235.0200,2.840224
235.0400,2.768775
235.0600,2.737686
235.0800,3.437141
235.1000,3.540460
235.1200,1.828654
235.1400,1.162149
235.1600,1.291476
235.1800,1.255294
235.2000,1.509695
235.2200,2.002040
235.2400,2.967656
235.2600,2.663934
235.2800,2.195460
235.3000,2.381777
235.3200,3.289993
235.3400,3.600000
235.3600,2.447398
235.3800,1.244860
235.4000,0.689229
235.4200,0.447615
235.4400,0.658451
235.4600,1.387776
235.4800,2.784115
235.5000,3.600000
235.5200,3.600000
235.5400,3.600000
235.5600,2.589740
235.5800,2.147679
235.6000,2.021338
235.6200,2.695258
235.6400,2.846346
235.6600,2.941755
235.6800,3.238182
235.7000,3.027445
235.7200,2.928204
235.7400,1.904728
235.7600,1.262908
235.7800,0.857881
235.8000,0.534923
235.8200,0.809297
235.8400,0.656086
235.8600,0.397121
235.8800,0.364458
235.9000,0.446501
235.9200,0.366014
235.9400,0.198651
235.9600,0.126809
235.9800,0.437177
236.0000,0.487754
236.0200,0.291766
236.0400,0.425124
236.0600,0.613751
236.0800,0.522469
236.1000,0.469991
236.1200,0.647436
236.1400,0.673200
236.1600,0.741385
236.1800,1.033819
236.2000,1.667438
236.2200,1.691868
236.2400,2.027535
236.2600,2.751903
236.2800,2.396281
236.3000,1.950355
236.3200,1.980379
236.3400,1.772353
236.3600,1.145349
236.3800,0.659847
236.4000,0.589767
236.4200,0.558164
236.4400,1.112489
236.4600,1.679604
236.4800,2.437653
236.5000,3.600000
236.5200,3.600000
236.5400,3.600000
236.5600,3.557859
236.5800,1.826597
236.6000,1.134094
236.6200,0.963916
236.6400,0.062900
236.6600,0.029676
236.6800,0.022780
236.7000,0.046645
236.7200,0.087747
236.7400,0.153045
236.7600,0.157720
236.7800,0.163185
236.8000,0.270599
236.8200,0.240279
236.8400,0.114127
236.8600,0.122323
236.8800,0.190329
236.9000,0.159354
236.9200,1.027914
236.9400,2.601428
236.9600,3.600000
236.9800,2.818414
237.0000,2.135342
237.0200,1.721357
237.0400,1.455053
237.0600,1.184515
237.0800,1.299683
237.1000,1.213507
237.1200,1.424165
237.1400,1.969353
237.1600,2.142126
237.1800,1.496048
237.2000,1.032921
237.2200,0.871274
237.2400,0.500053
237.2600,0.392698
237.2800,0.270916
237.3000,0.192470
237.3200,0.280940
237.3400,0.229931
237.3600,0.366191
237.3800,0.258850
237.4000,0.722897
237.4200,1.911684
237.4400,1.926321
237.4600,2.432744
237.4800,2.925989
237.5000,1.891127
237.5200,1.326722
237.5400,1.385004
237.5600,1.467380
237.5800,0.902596
237.6000,0.787810
237.6200,0.590216
237.6400,0.595522
237.6600,0.527561
237.6800,0.599790
237.7000,0.688713
237.7200,1.004333
237.7400,0.873521
237.7600,0.864450
237.7800,0.928842
237.8000,0.693907
237.8200,0.858466
237.8400,0.842619
237.8600,0.693910
237.8800,2.054244
237.9000,3.435412
237.9200,2.735193
237.9400,2.108945
237.9600,2.135334
237.9800,2.256224
238.0000,2.553319
238.0200,2.860665
238.0400,3.017777
238.0600,2.434324
238.0800,1.751841
238.1000,1.385806
238.1200,1.201122
238.1400,0.954046
238.1600,0.745943
238.1800,0.524116
238.2000,0.470842
238.2200,0.463391
238.2400,0.336853
238.2600,0.364166
238.2800,0.403219
238.3000,0.208524
238.3200,0.156424
238.3400,0.211962
238.3600,0.424709
238.3800,0.534321
238.4000,0.581614
238.4200,0.853659
238.4400,1.419956
238.4600,1.924677
238.4800,2.522893
238.5000,2.840224
238.5200,2.768775
238.5400,2.737686
238.5600,3.437141
238.5800,3.540460
238.6000,1.828654
238.6200,1.162149
238.6400,1.291476
238.6600,1.255294
238.6800,1.509695
238.7000,2.002040
238.7200,2.967656
238.7400,2.663934
238.7600,2.195460
238.7800,2.381777
238.8000,3.289993
238.8200,3.600000
238.8400,2.447398
238.8600,1.244860
238.8800,0.689229
238.9000,0.447615
238.9200,0.658451
238.9400,1.387776
238.9600,2.784115
238.9800,3.600000
239.0000,3.600000
239.0200,3.600000
239.0400,2.589740
239.0600,2.147679
239.0800,2.021338
239.1000,2.695258
239.1200,2.846346
239.1400,2.941755
239.1600,3.238182
239.1800,3.027445
239.2000,2.928204
239.2200,1.904728
239.2400,1.262908
239.2600,0.857881
239.2800,0.534923
239.3000,0.809297
239.3200,0.656086
239.3400,0.397121
239.3600,0.364458
239.3800,0.446501
239.4000,0.366014
239.4200,0.198651
239.4400,0.126809
239.4600,0.437177
239.4800,0.487754
239.5000,0.291766
239.5200,0.425124
239.5400,0.613751
239.5600,0.522469
239.5800,0.469991
239.6000,0.647436
239.6200,0.673200
239.6400,0.741385
239.6600,1.033819
239.6800,1.667438
239.7000,1.691868
239.7200,2.027535
239.7400,2.751903
239.7600,2.396281
239.7800,1.950355
239.8000,1.980379
239.8200,1.772353
239.8400,1.145349
239.8600,0.659847
239.8800,0.589767
239.9000,0.558164
239.9200,1.112489
239.9400,1.679604
239.9600,2.437653
239.9800,3.600000
240.0000,3.600000
240.0200,3.600000
240.0400,3.557859
240.0600,1.826597
240.0800,1.134094
240.1000,0.963916
240.1200,0.062900
240.1400,0.029676
240.1600,0.022780
240.1800,0.046645
240.2000,0.087747
240.2200,0.153045
240.2400,0.157720
240.2600,0.163185
240.2800,0.270599
240.3000,0.240279
240.3200,0.114127
240.3400,0.122323
240.3600,0.190329
240.3800,0.159354
240.4000,1.027914
240.4200,2.601428
240.4400,3.600000
240.4600,2.818414
240.4800,2.135342
240.5000,1.721357
240.5200,1.455053
240.5400,1.184515
240.5600,1.299683
240.5800,1.213507
240.6000,1.424165
240.6200,1.969353
240.6400,2.142126
240.6600,1.496048
240.6800,1.032921
240.7000,0.871274
240.7200,0.500053
240.7400,0.392698
240.7600,0.270916
240.7800,0.192470
240.8000,0.280940
240.8200,0.229931
240.8400,0.366191
240.8600,0.258850
240.8800,0.722897
240.9000,1.911684
240.9200,1.926321
240.9400,2.432744
240.9600,2.925989
240.9800,1.891127
241.0000,1.326722
241.0200,1.385004
241.0400,1.467380
241.0600,0.902596
241.0800,0.787810
241.1000,0.590216
241.1200,0.595522
241.1400,0.527561
241.1600,0.599790
241.1800,0.688713
241.2000,1.004333
241.2200,0.873521
241.2400,0.864450
241.2600,0.928842
241.2800,0.693907
241.3000,0.858466
241.3200,0.842619
241.3400,0.693910
241.3600,2.054244
241.3800,3.435412
241.4000,2.735193
241.4200,2.108945
241.4400,2.135334
241.4600,2.256224
241.4800,2.553319
241.5000,2.860665
241.5200,3.017777
241.5400,2.434324
241.5600,1.751841
241.5800,1.385806
241.6000,1.201122
241.6200,0.954046
241.6400,0.745943
241.6600,0.524116
241.6800,0.470842
241.7000,0.463391
241.7200,0.336853
241.7400,0.364166
241.7600,0.403219
241.7800,0.208524
241.8000,0.156424
241.8200,0.211962
241.8400,0.424709
241.8600,0.534321
241.8800,0.581614
241.9000,0.853659
241.9200,1.419956
241.9400,1.924677
241.9600,2.522893
241.9800,2.840224
242.0000,2.768775
242.0200,2.737686
242.0400,3.437141
242.0600,3.540460
242.0800,1.828654
242.1000,1.162149
242.1200,1.291476
242.1400,1.255294
242.1600,1.509695
242.1800,2.002040
242.2000,2.967656
242.2200,2.663934
242.2400,2.195460
242.2600,2.381777
242.2800,3.289993
242.3000,3.600000
242.3200,2.447398
242.3400,1.244860
242.3600,0.689229
242.3800,0.447615
242.4000,0.658451
242.4200,1.387776
242.4400,2.784115
242.4600,3.600000
242.4800,3.600000
242.5000,3.600000
242.5200,2.589740
242.5400,2.147679
242.5600,2.021338
242.5800,2.695258
242.6000,2.846346
242.6200,2.941755
242.6400,3.238182
242.6600,3.027445
242.6800,2.928204
242.7000,1.904728
242.7200,1.262908
242.7400,0.857881
242.7600,0.534923
242.7800,0.809297
242.8000,0.656086
242.8200,0.397121
242.8400,0.364458
242.8600,0.446501
242.8800,0.366014
242.9000,0.198651
242.9200,0.126809
242.9400,0.437177
242.9600,0.487754
242.9800,0.291766
243.0000,0.425124
243.0200,0.613751
243.0400,0.522469
243.0600,0.469991
243.0800,0.647436
243.1000,0.673200
243.1200,0.741385
243.1400,1.033819
243.1600,1.667438
243.1800,1.691868
243.2000,2.027535
243.2200,2.751903
243.2400,2.396281
243.2600,1.950355
243.2800,1.980379
243.3000,1.772353
243.3200,1.145349
243.3400,0.659847
243.3600,0.589767
243.3800,0.558164
243.4000,1.112489
243.4200,1.679604
243.4400,2.437653
243.4600,3.600000
243.4800,3.600000
243.5000,3.600000
243.5200,3.557859
243.5400,1.826597
243.5600,1.134094
243.5800,0.963916
243.6000,0.062900
243.6200,0.029676
243.6400,0.022780
243.6600,0.046645
243.6800,0.087747
243.7000,0.153045
243.7200,0.157720
243.7400,0.163185
243.7600,0.270599
243.7800,0.240279
243.8000,0.114127
243.8200,0.122323
243.8400,0.190329
243.8600,0.159354
243.8800,1.027914
243.9000,2.601428
243.9200,3.600000
243.9400,2.818414
243.9600,2.135342
243.9800,1.721357
244.0000,1.455053
244.0200,1.184515
244.0400,1.299683
244.0600,1.213507
244.0800,1.424165
244.1000,1.969353
244.1200,2.142126
244.1400,1.496048
244.1600,1.032921
244.1800,0.871274
244.2000,0.500053
244.2200,0.392698
244.2400,0.270916
244.2600,0.192470
244.2800,0.280940
244.3000,0.229931
244.3200,0.366191
244.3400,0.258850
244.3600,0.722897
244.3800,1.911684
244.4000,1.926321
244.4200,2.432744
244.4400,2.925989
244.4600,1.891127
244.4800,1.326722
244.5000,1.385004
244.5200,1.467380
244.5400,0.902596
244.5600,0.787810
244.5800,0.590216
244.6000,0.595522
244.6200,0.527561
244.6400,0.599790
244.6600,0.688713
244.6800,1.004333
244.7000,0.873521
244.7200,0.864450
244.7400,0.928842
244.7600,0.693907
244.7800,0.858466
244.8000,0.842619
244.8200,0.693910
244.8400,2.054244
244.8600,3.435412
244.8800,2.735193
244.9000,2.108945
244.9200,2.135334
244.9400,2.256224
244.9600,2.553319
244.9800,2.860665
245.0000,3.017777
245.0200,2.434324
245.0400,1.751841
245.0600,1.385806
245.0800,1.201122
245.1000,0.954046
245.1200,0.745943
245.1400,0.524116
245.1600,0.470842
245.1800,0.463391
245.2000,0.336853
245.2200,0.364166
245.2400,0.403219
245.2600,0.208524
245.2800,0.156424
245.3000,0.211962
245.3200,0.424709
245.3400,0.534321
245.3600,0.581614
245.3800,0.853659
245.4000,1.419956
245.4200,1.924677
245.4400,2.522893
245.4600,2.840224
245.4800,2.768775
245.5000,2.737686
245.5200,3.437141
245.5400,3.540460
245.5600,1.828654
245.5800,1.162149
245.6000,1.291476
245.6200,1.255294
245.6400,1.509695
245.6600,2.002040
245.6800,2.967656
245.7000,2.663934
245.7200,2.195460
245.7400,2.381777
245.7600,3.289993
245.7800,3.600000
245.8000,2.447398
245.8200,1.244860
245.8400,0.689229
245.8600,0.447615
245.8800,0.658451
245.9000,1.387776
245.9200,2.784115
245.9400,3.600000
245.9600,3.600000
245.9800,3.600000
246.0000,2.589740
246.0200,2.147679
246.0400,2.021338
246.0600,2.695258
246.0800,2.846346
246.1000,2.941755
246.1200,3.238182
246.1400,3.027445
246.1600,2.928204
246.1800,1.904728
246.2000,1.262908
246.2200,0.857881
246.2400,0.534923
246.2600,0.809297
246.2800,0.656086
246.3000,0.397121
246.3200,0.364458
246.3400,0.446501
246.3600,0.366014
246.3800,0.198651
246.4000,0.126809
246.4200,0.437177
246.4400,0.487754
246.4600,0.291766
246.4800,0.425124
246.5000,0.613751
246.5200,0.522469
246.5400,0.469991
246.5600,0.647436
246.5800,0.673200
246.6000,0.741385
246.6200,1.033819
246.6400,1.667438
246.6600,1.691868
246.6800,2.027535
246.7000,2.751903
246.7200,2.396281
246.7400,1.950355
246.7600,1.980379
246.7800,1.772353
246.8000,1.145349
246.8200,0.659847
246.8400,0.589767
246.8600,0.558164
246.8800,1.112489
246.9000,1.679604
246.9200,2.437653
246.9400,3.600000
246.9600,3.600000
246.9800,3.600000
247.0000,3.557859
247.0200,1.826597
247.0400,1.134094
247.0600,0.963916
247.0800,0.062900
247.1000,0.029676
247.1200,0.022780
247.1400,0.046645
247.1600,0.087747
247.1800,0.153045
247.2000,0.157720
247.2200,0.163185
247.2400,0.270599
247.2600,0.240279
247.2800,0.114127
247.3000,0.122323
247.3200,0.190329
247.3400,0.159354
247.3600,1.027914
247.3800,2.601428
247.4000,3.600000
247.4200,2.818414
247.4400,2.135342
247.4600,1.721357
247.4800,1.455053
247.5000,1.184515
247.5200,1.299683
247.5400,1.213507
247.5600,1.424165
247.5800,1.969353
247.6000,2.142126
247.6200,1.496048
247.6400,1.032921
247.6600,0.871274
247.6800,0.500053
247.7000,0.392698
247.7200,0.270916
247.7400,0.192470
247.7600,0.280940
247.7800,0.229931
247.8000,0.366191
247.8200,0.258850
247.8400,0.722897
247.8600,1.911684
247.8800,1.926321
247.9000,2.432744
247.9200,2.925989
247.9400,1.891127
247.9600,1.326722
247.9800,1.385004
248.0000,1.467380
248.0200,0.902596
248.0400,0.787810
248.0600,0.590216
248.0800,0.595522
248.1000,0.527561
248.1200,0.599790
248.1400,0.688713
248.1600,1.004333
248.1800,0.873521
248.2000,0.864450
248.2200,0.928842
248.2400,0.693907
248.2600,0.858466
248.2800,0.842619
248.3000,0.693910
248.3200,2.054244
248.3400,3.435412
248.3600,2.735193
248.3800,2.108945
248.4000,2.135334
248.4200,2.256224
248.4400,2.553319
248.4600,2.860665
248.4800,3.017777
248.5000,2.434324
248.5200,1.751841
248.5400,1.385806
248.5600,1.201122
248.5800,0.954046
248.6000,0.745943
248.6200,0.524116
248.6400,0.470842
248.6600,0.463391
248.6800,0.336853
248.7000,0.364166
248.7200,0.403219
248.7400,0.208524
248.7600,0.156424
248.7800,0.211962
248.8000,0.424709
248.8200,0.534321
248.8400,0.581614
248.8600,0.853659
248.8800,1.419956
248.9000,1.924677
248.9200,2.522893
248.9400,2.840224
248.9600,2.768775
248.9800,2.737686
249.0000,3.437141
249.0200,3.540460
249.0400,1.828654
249.0600,1.162149
249.0800,1.291476
249.1000,1.255294
249.1200,1.509695
249.1400,2.002040
249.1600,2.967656
249.1800,2.663934
249.2000,2.195460
249.2200,2.381777
249.2400,3.289993
249.2600,3.600000
249.2800,2.447398
249.3000,1.244860
249.3200,0.689229
249.3400,0.447615
249.3600,0.658451
249.3800,1.387776
249.4000,2.784115
249.4200,3.600000
249.4400,3.600000
249.4600,3.600000
249.4800,2.589740
249.5000,2.147679
249.5200,2.021338
249.5400,2.695258
249.5600,2.846346
249.5800,2.941755
249.6000,3.238182
249.6200,3.027445
249.6400,2.928204
249.6600,1.904728
249.6800,1.262908
249.7000,0.857881
249.7200,0.534923
249.7400,0.809297
249.7600,0.656086
249.7800,0.397121
249.8000,0.364458
249.8200,0.446501
249.8400,0.366014
249.8600,0.198651
249.8800,0.126809
249.9000,0.437177
249.9200,0.487754
249.9400,0.291766
249.9600,0.425124
249.9800,0.613751
250.0000,0.522469
250.0200,0.469991
250.0400,0.647436
250.0600,0.673200
250.0800,0.741385
250.1000,1.033819
250.1200,1.667438
250.1400,1.691868
250.1600,2.027535
250.1800,2.751903
250.2000,2.396281
250.2200,1.950355
250.2400,1.980379
250.2600,1.772353
250.2800,1.145349
250.3000,0.659847
250.3200,0.589767
250.3400,0.558164
250.3600,1.112489
250.3800,1.679604
250.4000,2.437653
250.4200,3.600000
250.4400,3.600000
250.4600,3.600000
250.4800,3.557859
250.5000,1.826597
250.5200,1.134094
250.5400,0.963916
250.5600,0.062900
250.5800,0.029676
250.6000,0.022780
250.6200,0.046645
250.6400,0.087747
250.6600,0.153045
250.6800,0.157720
250.7000,0.163185
250.7200,0.270599
250.7400,0.240279
250.7600,0.114127
250.7800,0.122323
250.8000,0.190329
250.8200,0.159354
250.8400,1.027914
250.8600,2.601428
250.8800,3.600000
250.9000,2.818414
250.9200,2.135342
250.9400,1.721357
250.9600,1.455053
250.9800,1.184515
251.0000,1.299683
251.0200,1.213507
251.0400,1.424165
251.0600,1.969353
251.0800,2.142126
251.1000,1.496048
251.1200,1.032921
251.1400,0.871274
251.1600,0.500053
251.1800,0.392698
251.2000,0.270916
251.2200,0.192470
251.2400,0.280940
251.2600,0.229931
251.2800,0.366191
251.3000,0.258850
251.3200,0.722897
251.3400,1.911684
251.3600,1.926321
251.3800,2.432744
251.4000,2.925989
251.4200,1.891127
251.4400,1.326722
251.4600,1.385004
251.4800,1.467380
251.5000,0.902596
251.5200,0.787810
251.5400,0.590216
251.5600,0.595522
251.5800,0.527561
251.6000,0.599790
251.6200,0.688713
251.6400,1.004333
251.6600,0.873521
251.6800,0.864450
251.7000,0.928842
251.7200,0.693907
251.7400,0.858466
251.7600,0.842619
251.7800,0.693910
251.8000,2.054244
251.8200,3.435412
251.8400,2.735193
251.8600,2.108945
251.8800,2.135334
251.9000,2.256224
251.9200,2.553319
251.9400,2.860665
251.9600,3.017777
251.9800,2.434324
252.0000,1.751841
252.0200,1.385806
252.0400,1.201122
252.0600,0.954046
252.0800,0.745943
252.1000,0.524116
252.1200,0.470842
252.1400,0.463391
252.1600,0.336853
252.1800,0.364166
252.2000,0.403219
252.2200,0.208524
252.2400,0.156424
252.2600,0.211962
252.2800,0.424709
252.3000,0.534321
252.3200,0.581614
252.3400,0.853659
252.3600,1.419956
252.3800,1.924677
252.4000,2.522893
252.4200,2.840224
252.4400,2.768775
252.4600,2.737686
252.4800,3.437141
252.5000,3.540460
252.5200,1.828654
252.5400,1.162149
252.5600,1.291476
252.5800,1.255294
252.6000,1.509695
252.6200,2.002040
252.6400,2.967656
252.6600,2.663934
252.6800,2.195460
252.7000,2.381777
252.7200,3.289993
252.7400,3.600000
252.7600,2.447398
252.7800,1.244860
252.8000,0.689229
252.8200,0.447615
252.8400,0.658451
252.8600,1.387776
252.8800,2.784115
252.9000,3.600000
252.9200,3.600000
252.9400,3.600000
252.9600,2.589740
252.9800,2.147679
253.0000,2.021338
253.0200,2.695258
253.0400,2.846346
253.0600,2.941755
253.0800,3.238182
253.1000,3.027445
253.1200,2.928204
253.1400,1.904728
253.1600,1.262908
253.1800,0.857881
253.2000,0.534923
253.2200,0.809297
253.2400,0.656086
253.2600,0.397121
253.2800,0.364458
253.3000,0.446501
253.3200,0.366014
253.3400,0.198651
253.3600,0.126809
253.3800,0.437177
253.4000,0.487754
253.4200,0.291766
253.4400,0.425124
253.4600,0.613751
253.4800,0.522469
253.5000,0.469991
253.5200,0.647436
253.5400,0.673200
253.5600,0.741385
253.5800,1.033819
253.6000,1.667438
253.6200,1.691868
253.6400,2.027535
253.6600,2.751903
253.6800,2.396281
253.7000,1.950355
253.7200,1.980379
253.7400,1.772353
253.7600,1.145349
253.7800,0.659847
253.8000,0.589767
253.8200,0.558164
253.8400,1.112489
253.8600,1.679604
253.8800,2.437653
253.9000,3.600000
253.9200,3.600000
253.9400,3.600000
253.9600,3.557859
253.9800,1.826597
254.0000,1.134094
254.0200,0.963916
254.0400,0.062900
254.0600,0.029676
254.0800,0.022780
254.1000,0.046645
254.1200,0.087747
254.1400,0.153045
254.1600,0.157720
254.1800,0.163185
254.2000,0.270599
254.2200,0.240279
254.2400,0.114127
254.2600,0.122323
254.2800,0.190329
254.3000,0.159354
254.3200,1.027914
254.3400,2.601428
254.3600,3.600000
254.3800,2.818414
254.4000,2.135342
254.4200,1.721357
254.4400,1.455053
254.4600,1.184515
254.4800,1.299683
254.5000,1.213507
254.5200,1.424165
254.5400,1.969353
254.5600,2.142126
254.5800,1.496048
254.6000,1.032921
254.6200,0.871274
254.6400,0.500053
254.6600,0.392698
254.6800,0.270916
254.7000,0.192470
254.7200,0.280940
254.7400,0.229931
254.7600,0.366191
254.7800,0.258850
254.8000,0.722897
254.8200,1.911684
254.8400,1.926321
254.8600,2.432744
254.8800,2.925989
254.9000,1.891127
254.9200,1.326722
254.9400,1.385004
254.9600,1.467380
254.9800,0.902596
255.0000,0.787810
255.0200,0.590216
255.0400,0.595522
255.0600,0.527561
255.0800,0.599790
255.1000,0.688713
255.1200,1.004333
255.1400,0.873521
255.1600,0.864450
255.1800,0.928842
255.2000,0.693907
255.2200,0.858466
255.2400,0.842619
255.2600,0.693910
255.2800,2.054244
255.3000,3.435412
255.3200,2.735193
255.3400,2.108945
255.3600,2.135334
255.3800,2.256224
255.4000,2.553319
255.4200,2.860665
255.4400,3.017777
255.4600,2.434324
255.4800,1.751841
255.5000,1.385806
255.5200,1.201122
255.5400,0.954046
255.5600,0.745943
255.5800,0.524116
255.6000,0.470842
255.6200,0.463391
255.6400,0.336853
255.6600,0.364166
255.6800,0.403219
255.7000,0.208524
255.7200,0.156424
255.7400,0.211962
255.7600,0.424709
255.7800,0.534321
255.8000,0.581614
255.8200,0.853659
255.8400,1.419956
255.8600,1.924677
255.8800,2.522893
255.9000,2.840224
255.9200,2.768775
255.9400,2.737686
255.9600,3.437141
255.9800,3.540460
256.0000,1.828654
256.0200,1.162149
256.0400,1.291476
256.0600,1.255294
256.0800,1.509695
256.1000,2.002040
256.1200,2.967656
256.1400,2.663934
256.1600,2.195460
256.1800,2.381777
256.2000,3.289993
256.2200,3.600000
256.2400,2.447398
256.2600,1.244860
256.2800,0.689229
256.3000,0.447615
256.3200,0.658451
256.3400,1.387776
256.3600,2.784115
256.3800,3.600000
256.4000,3.600000
256.4200,3.600000
256.4400,2.589740
256.4600,2.147679
256.4800,2.021338
256.5000,2.695258
256.5200,2.846346
256.5400,2.941755
256.5600,3.238182
256.5800,3.027445
256.6000,2.928204
256.6200,1.904728
256.6400,1.262908
256.6600,0.857881
256.6800,0.534923
256.7000,0.809297
256.7200,0.656086
256.7400,0.397121
256.7600,0.364458
256.7800,0.446501
256.8000,0.366014
256.8200,0.198651
256.8400,0.126809
256.8600,0.437177
256.8800,0.487754
256.9000,0.291766
256.9200,0.425124
256.9400,0.613751
256.9600,0.522469
256.9800,0.469991
257.0000,0.647436
257.0200,0.673200
257.0400,0.741385
257.0600,1.033819
257.0800,1.667438
257.1000,1.691868
257.1200,2.027535
257.1400,2.751903
257.1600,2.396281
257.1800,1.950355
257.2000,1.980379
257.2200,1.772353
257.2400,1.145349
257.2600,0.659847
257.2800,0.589767
257.3000,0.558164
257.3200,1.112489
257.3400,1.679604
257.3600,2.437653
257.3800,3.600000
257.4000,3.600000
257.4200,3.600000
257.4400,3.557859
257.4600,1.826597
257.4800,1.134094
257.5000,0.963916
257.5200,0.062900
257.5400,0.029676
257.5600,0.022780
257.5800,0.046645
257.6000,0.087747
257.6200,0.153045
257.6400,0.157720
257.6600,0.163185
257.6800,0.270599
257.7000,0.240279
257.7200,0.114127
257.7400,0.122323
257.7600,0.190329
257.7800,0.159354
257.8000,1.027914
257.8200,2.601428
257.8400,3.600000
257.8600,2.818414
257.8800,2.135342
257.9000,1.721357
257.9200,1.455053
257.9400,1.184515
257.9600,1.299683
257.9800,1.213507
258.0000,1.424165
258.0200,1.969353
258.0400,2.142126
258.0600,1.496048
258.0800,1.032921
258.1000,0.871274
258.1200,0.500053
258.1400,0.392698
258.1600,0.270916
258.1800,0.192470
258.2000,0.280940
258.2200,0.229931
258.2400,0.366191
258.2600,0.258850
258.2800,0.722897
258.3000,1.911684
258.3200,1.926321
258.3400,2.432744
258.3600,2.925989
258.3800,1.891127
258.4000,1.326722
258.4200,1.385004
258.4400,1.467380
258.4600,0.902596
258.4800,0.787810
258.5000,0.590216
258.5200,0.595522
258.5400,0.527561
258.5600,0.599790
258.5800,0.688713
258.6000,1.004333
258.6200,0.873521
258.6400,0.864450
258.6600,0.928842
258.6800,0.693907
258.7000,0.858466
258.7200,0.842619
258.7400,0.693910
258.7600,2.054244
258.7800,3.435412
258.8000,2.735193
258.8200,2.108945
258.8400,2.135334
258.8600,2.256224
258.8800,2.553319
258.9000,2.860665
258.9200,3.017777
258.9400,2.434324
258.9600,1.751841
258.9800,1.385806
259.0000,1.201122
259.0200,0.954046
259.0400,0.745943
259.0600,0.524116
259.0800,0.470842
259.1000,0.463391
259.1200,0.336853
259.1400,0.364166
259.1600,0.403219
259.1800,0.208524
259.2000,0.156424
259.2200,0.211962
259.2400,0.424709
259.2600,0.534321
259.2800,0.581614
259.3000,0.853659
259.3200,1.419956
259.3400,1.924677
259.3600,2.522893
259.3800,2.840224
259.4000,2.768775
259.4200,2.737686
259.4400,3.437141
259.4600,3.540460
259.4800,1.828654
259.5000,1.162149
259.5200,1.291476
259.5400,1.255294
259.5600,1.509695
259.5800,2.002040
259.6000,2.967656
259.6200,2.663934
259.6400,2.195460
259.6600,2.381777
259.6800,3.289993
259.7000,3.600000
259.7200,2.447398
259.7400,1.244860
259.7600,0.689229
259.7800,0.447615
259.8000,0.658451
259.8200,1.387776
259.8400,2.784115
259.8600,3.600000
259.8800,3.600000
259.9000,3.600000
259.9200,2.589740
259.9400,2.147679
259.9600,2.021338
259.9800,2.695258
260.0000,2.846346
260.0200,2.941755
260.0400,3.238182
260.0600,3.027445
260.0800,2.928204
260.1000,1.904728
260.1200,1.262908
260.1400,0.857881
260.1600,0.534923
260.1800,0.809297
260.2000,0.656086
260.2200,0.397121
260.2400,0.364458
260.2600,0.446501
260.2800,0.366014
260.3000,0.198651
260.3200,0.126809
260.3400,0.437177
260.3600,0.487754
260.3800,0.291766
260.4000,0.425124
260.4200,0.613751
260.4400,0.522469
260.4600,0.469991
260.4800,0.647436
260.5000,0.673200
260.5200,0.741385
260.5400,1.033819
260.5600,1.667438
260.5800,1.691868
260.6000,2.027535
260.6200,2.751903
260.6400,2.396281
260.6600,1.950355
260.6800,1.980379
260.7000,1.772353
260.7200,1.145349
260.7400,0.659847
260.7600,0.589767
260.7800,0.558164
260.8000,1.112489
260.8200,1.679604
260.8400,2.437653
260.8600,3.600000
260.8800,3.600000
260.9000,3.600000
260.9200,3.557859
260.9400,1.826597
260.9600,1.134094
260.9800,0.963916
261.0000,0.062900
261.0200,0.029676
261.0400,0.022780
261.0600,0.046645
261.0800,0.087747
261.1000,0.153045
261.1200,0.157720
261.1400,0.163185
261.1600,0.270599
261.1800,0.240279
261.2000,0.114127
261.2200,0.122323
261.2400,0.190329
261.2600,0.159354
261.2800,1.027914
261.3000,2.601428
261.3200,3.600000
261.3400,2.818414
261.3600,2.135342
261.3800,1.721357
261.4000,1.455053
261.4200,1.184515
261.4400,1.299683
261.4600,1.213507
261.4800,1.424165
261.5000,1.969353
261.5200,2.142126
261.5400,1.496048
261.5600,1.032921
261.5800,0.871274
261.6000,0.500053
261.6200,0.392698
261.6400,0.270916
261.6600,0.192470
261.6800,0.280940
261.7000,0.229931
261.7200,0.366191
261.7400,0.258850
261.7600,0.722897
261.7800,1.911684
261.8000,1.926321
261.8200,2.432744
261.8400,2.925989
261.8600,1.891127
261.8800,1.326722
261.9000,1.385004
261.9200,1.467380
261.9400,0.902596
261.9600,0.787810
261.9800,0.590216
262.0000,0.595522
262.0200,0.527561
262.0400,0.599790
262.0600,0.688713
262.0800,1.004333
262.1000,0.873521
262.1200,0.864450
262.1400,0.928842
262.1600,0.693907
262.1800,0.858466
262.2000,0.842619
262.2200,0.693910
262.2400,2.054244
262.2600,3.435412
262.2800,2.735193
262.3000,2.108945
262.3200,2.135334
262.3400,2.256224
262.3600,2.553319
262.3800,2.860665
262.4000,3.017777
262.4200,2.434324
262.4400,1.751841
262.4600,1.385806
262.4800,1.201122
262.5000,0.954046
262.5200,0.745943
262.5400,0.524116
262.5600,0.470842
262.5800,0.463391
262.6000,0.336853
262.6200,0.364166
262.6400,0.403219
262.6600,0.208524
262.6800,0.156424
262.7000,0.211962
262.7200,0.424709
262.7400,0.534321
262.7600,0.581614
262.7800,0.853659
262.8000,1.419956
262.8200,1.924677
262.8400,2.522893
262.8600,2.840224
262.8800,2.768775
262.9000,2.737686
262.9200,3.437141
262.9400,3.540460
262.9600,1.828654
262.9800,1.162149
263.0000,1.291476
263.0200,1.255294
263.0400,1.509695
263.0600,2.002040
263.0800,2.967656
263.1000,2.663934
263.1200,2.195460
263.1400,2.381777
263.1600,3.289993
263.1800,3.600000
263.2000,2.447398
263.2200,1.244860
263.2400,0.689229
263.2600,0.447615
263.2800,0.658451
263.3000,1.387776
263.3200,2.784115
263.3400,3.600000
263.3600,3.600000
263.3800,3.600000
263.4000,2.589740
263.4200,2.147679
263.4400,2.021338
263.4600,2.695258
263.4800,2.846346
263.5000,2.941755
263.5200,3.238182
263.5400,3.027445
263.5600,2.928204
263.5800,1.904728
263.6000,1.262908
263.6200,0.857881
263.6400,0.534923
263.6600,0.809297
263.6800,0.656086
263.7000,0.397121
263.7200,0.364458
263.7400,0.446501
263.7600,0.366014
263.7800,0.198651
263.8000,0.126809
263.8200,0.437177
263.8400,0.487754
263.8600,0.291766
263.8800,0.425124
263.9000,0.613751
263.9200,0.522469
263.9400,0.469991
263.9600,0.647436
263.9800,0.673200
264.0000,0.741385
264.0200,1.033819
264.0400,1.667438
264.0600,1.691868
264.0800,2.027535
264.1000,2.751903
264.1200,2.396281
264.1400,1.950355
264.1600,1.980379
264.1800,1.772353
264.2000,1.145349
264.2200,0.659847
264.2400,0.589767
264.2600,0.558164
264.2800,1.112489
264.3000,1.679604
264.3200,2.437653
264.3400,3.600000
264.3600,3.600000
264.3800,3.600000
264.4000,3.557859
264.4200,1.826597
264.4400,1.134094
264.4600,0.963916
264.4800,0.062900
264.5000,0.029676
264.5200,0.022780
264.5400,0.046645
264.5600,0.087747
264.5800,0.153045
264.6000,0.157720
264.6200,0.163185
264.6400,0.270599
264.6600,0.240279
264.6800,0.114127
264.7000,0.122323
264.7200,0.190329
264.7400,0.159354
264.7600,1.027914
264.7800,2.601428
264.8000,3.600000
264.8200,2.818414
264.8400,2.135342
264.8600,1.721357
264.8800,1.455053
264.9000,1.184515
264.9200,1.299683
264.9400,1.213507
264.9600,1.424165
264.9800,1.969353
265.0000,2.142126
265.0200,1.496048
265.0400,1.032921
265.0600,0.871274
265.0800,0.500053
265.1000,0.392698
265.1200,0.270916
265.1400,0.192470
265.1600,0.280940
265.1800,0.229931
265.2000,0.366191
265.2200,0.258850
265.2400,0.722897
265.2600,1.911684
265.2800,1.926321
265.3000,2.432744
265.3200,2.925989
265.3400,1.891127
265.3600,1.326722
265.3800,1.385004
265.4000,1.467380
265.4200,0.902596
265.4400,0.787810
265.4600,0.590216
265.4800,0.595522
265.5000,0.527561
265.5200,0.599790
265.5400,0.688713
265.5600,1.004333
265.5800,0.873521
265.6000,0.864450
265.6200,0.928842
265.6400,0.693907
265.6600,0.858466
265.6800,0.842619
265.7000,0.693910
265.7200,2.054244
265.7400,3.435412
265.7600,2.735193
265.7800,2.108945
265.8000,2.135334
265.8200,2.256224
265.8400,2.553319
265.8600,2.860665
265.8800,3.017777
265.9000,2.434324
265.9200,1.751841
265.9400,1.385806
265.9600,1.201122
265.9800,0.954046
266.0000,0.745943
266.0200,0.524116
266.0400,0.470842
266.0600,0.463391
266.0800,0.336853
266.1000,0.364166
266.1200,0.403219
266.1400,0.208524
266.1600,0.156424
266.1800,0.211962
266.2000,0.424709
266.2200,0.534321
266.2400,0.581614
266.2600,0.853659
266.2800,1.419956
266.3000,1.924677
266.3200,2.522893
266.3400,2.840224
266.3600,2.768775
266.3800,2.737686
266.4000,3.437141
266.4200,3.540460
266.4400,1.828654
266.4600,1.162149
266.4800,1.291476
266.5000,1.255294
266.5200,1.509695
266.5400,2.002040
266.5600,2.967656
266.5800,2.663934
266.6000,2.195460
266.6200,2.381777
266.6400,3.289993
266.6600,3.600000
266.6800,2.447398
266.7000,1.244860
266.7200,0.689229
266.7400,0.447615
266.7600,0.658451
266.7800,1.387776
266.8000,2.784115
266.8200,3.600000
266.8400,3.600000
266.8600,3.600000
266.8800,2.589740
266.9000,2.147679
266.9200,2.021338
266.9400,2.695258
266.9600,2.846346
266.9800,2.941755
267.0000,3.238182
267.0200,3.027445
267.0400,2.928204
267.0600,1.904728
267.0800,1.262908
267.1000,0.857881
267.1200,0.534923
267.1400,0.809297
267.1600,0.656086
267.1800,0.397121
267.2000,0.364458
267.2200,0.446501
267.2400,0.366014
267.2600,0.198651
267.2800,0.126809
267.3000,0.437177
267.3200,0.487754
267.3400,0.291766
267.3600,0.425124
267.3800,0.613751
267.4000,0.522469
267.4200,0.469991
267.4400,0.647436
267.4600,0.673200
267.4800,0.741385
267.5000,1.033819
267.5200,1.667438
267.5400,1.691868
267.5600,2.027535
267.5800,2.751903
267.6000,2.396281
267.6200,1.950355
267.6400,1.980379
267.6600,1.772353
267.6800,1.145349
267.7000,0.659847
267.7200,0.589767
267.7400,0.558164
267.7600,1.112489
267.7800,1.679604
267.8000,2.437653
267.8200,3.600000
267.8400,3.600000
267.8600,3.600000
267.8800,3.557859
267.9000,1.826597
267.9200,1.134094
267.9400,0.963916
267.9600,0.062900
267.9800,0.029676
268.0000,0.022780
268.0200,0.046645
268.0400,0.087747
268.0600,0.153045
268.0800,0.157720
268.1000,0.163185
268.1200,0.270599
268.1400,0.240279
268.1600,0.114127
268.1800,0.122323
268.2000,0.190329
268.2200,0.159354
268.2400,1.027914
268.2600,2.601428
268.2800,3.600000
268.3000,2.818414
268.3200,2.135342
268.3400,1.721357
268.3600,1.455053
268.3800,1.184515
268.4000,1.299683
268.4200,1.213507
268.4400,1.424165
268.4600,1.969353
268.4800,2.142126
268.5000,1.496048
268.5200,1.032921
268.5400,0.871274
268.5600,0.500053
268.5800,0.392698
268.6000,0.270916
268.6200,0.192470
268.6400,0.280940
268.6600,0.229931
268.6800,0.366191
268.7000,0.258850
268.7200,0.722897
268.7400,1.911684
268.7600,1.926321
268.7800,2.432744
268.8000,2.925989
268.8200,1.891127
268.8400,1.326722
268.8600,1.385004
268.8800,1.467380
268.9000,0.902596
268.9200,0.787810
268.9400,0.590216
268.9600,0.595522
268.9800,0.527561
269.0000,0.599790
269.0200,0.688713
269.0400,1.004333
269.0600,0.873521
269.0800,0.864450
269.1000,0.928842
269.1200,0.693907
269.1400,0.858466
269.1600,0.842619
269.1800,0.693910
269.2000,2.054244
269.2200,3.435412
269.2400,2.735193
269.2600,2.108945
269.2800,2.135334
269.3000,2.256224
269.3200,2.553319
269.3400,2.860665
269.3600,3.017777
269.3800,2.434324
269.4000,1.751841
269.4200,1.385806
269.4400,1.201122
269.4600,0.954046
269.4800,0.745943
269.5000,0.524116
269.5200,0.470842
269.5400,0.463391
269.5600,0.336853
269.5800,0.364166
269.6000,0.403219
269.6200,0.208524
269.6400,0.156424
269.6600,0.211962
269.6800,0.424709
269.7000,0.534321
269.7200,0.581614
269.7400,0.853659
269.7600,1.419956
269.7800,1.924677
269.8000,2.522893
269.8200,2.840224
269.8400,2.768775
269.8600,2.737686
269.8800,3.437141
269.9000,3.540460
269.9200,1.828654
269.9400,1.162149
269.9600,1.291476
269.9800,1.255294
270.0000,1.509695
270.0200,2.002040
270.0400,2.967656
270.0600,2.663934
270.0800,2.195460
270.1000,2.381777
270.1200,3.289993
270.1400,3.600000
270.1600,2.447398
270.1800,1.244860
270.2000,0.689229
270.2200,0.447615
270.2400,0.658451
270.2600,1.387776
270.2800,2.784115
270.3000,3.600000
270.3200,3.600000
270.3400,3.600000
270.3600,2.589740
270.3800,2.147679
270.4000,2.021338
270.4200,2.695258
270.4400,2.846346
270.4600,2.941755
270.4800,3.238182
270.5000,3.027445
270.5200,2.928204
270.5400,1.904728
270.5600,1.262908
270.5800,0.857881
270.6000,0.534923
270.6200,0.809297
270.6400,0.656086
270.6600,0.397121
270.6800,0.364458
270.7000,0.446501
270.7200,0.366014
270.7400,0.198651
270.7600,0.126809
270.7800,0.437177
270.8000,0.487754
270.8200,0.291766
270.8400,0.425124
270.8600,0.613751
270.8800,0.522469
270.9000,0.469991
270.9200,0.647436
270.9400,0.673200
270.9600,0.741385
270.9800,1.033819
271.0000,1.667438
271.0200,1.691868
271.0400,2.027535
271.0600,2.751903
271.0800,2.396281
271.1000,1.950355
271.1200,1.980379
271.1400,1.772353
271.1600,1.145349
271.1800,0.659847
271.2000,0.589767
271.2200,0.558164
271.2400,1.112489
271.2600,1.679604
271.2800,2.437653
271.3000,3.600000
271.3200,3.600000
271.3400,3.600000
271.3600,3.557859
271.3800,1.826597
271.4000,1.134094
271.4200,0.963916
271.4400,0.062900
271.4600,0.029676
271.4800,0.022780
271.5000,0.046645
271.5200,0.087747
271.5400,0.153045
271.5600,0.157720
271.5800,0.163185
271.6000,0.270599
271.6200,0.240279
271.6400,0.114127
271.6600,0.122323
271.6800,0.190329
271.7000,0.159354
271.7200,1.027914
271.7400,2.601428
271.7600,3.600000
271.7800,2.818414
271.8000,2.135342
271.8200,1.721357
271.8400,1.455053
271.8600,1.184515
271.8800,1.299683
271.9000,1.213507
271.9200,1.424165
271.9400,1.969353
271.9600,2.142126
271.9800,1.496048
272.0000,1.032921
272.0200,0.871274
272.0400,0.500053
272.0600,0.392698
272.0800,0.270916
272.1000,0.192470
272.1200,0.280940
272.1400,0.229931
272.1600,0.366191
272.1800,0.258850
272.2000,0.722897
272.2200,1.911684
272.2400,1.926321
272.2600,2.432744
272.2800,2.925989
272.3000,1.891127
272.3200,1.326722
272.3400,1.385004
272.3600,1.467380
272.3800,0.902596
272.4000,0.787810
272.4200,0.590216
272.4400,0.595522
272.4600,0.527561
272.4800,0.599790
272.5000,0.688713
272.5200,1.004333
272.5400,0.873521
272.5600,0.864450
272.5800,0.928842
272.6000,0.693907
272.6200,0.858466
272.6400,0.842619
272.6600,0.693910
272.6800,2.054244
272.7000,3.435412
272.7200,2.735193
272.7400,2.108945
272.7600,2.135334
272.7800,2.256224
272.8000,2.553319
272.8200,2.860665
272.8400,3.017777
272.8600,2.434324
272.8800,1.751841
272.9000,1.385806
272.9200,1.201122
272.9400,0.954046
272.9600,0.745943
272.9800,0.524116
273.0000,0.470842
273.0200,0.463391
273.0400,0.336853
273.0600,0.364166
273.0800,0.403219
273.1000,0.208524
273.1200,0.156424
273.1400,0.211962
273.1600,0.424709
273.1800,0.534321
273.2000,0.581614
273.2200,0.853659
273.2400,1.419956
273.2600,1.924677
273.2800,2.522893
273.3000,2.840224
273.3200,2.768775
273.3400,2.737686
273.3600,3.437141
273.3800,3.540460
273.4000,1.828654
273.4200,1.162149
273.4400,1.291476
273.4600,1.255294
273.4800,1.509695
273.5000,2.002040
273.5200,2.967656
273.5400,2.663934
273.5600,2.195460
273.5800,2.381777
273.6000,3.289993
273.6200,3.600000
273.6400,2.447398
273.6600,1.244860
273.6800,0.689229
273.7000,0.447615
273.7200,0.658451
273.7400,1.387776
273.7600,2.784115
273.7800,3.600000
273.8000,3.600000
273.8200,3.600000
273.8400,2.589740
273.8600,2.147679
273.8800,2.021338
273.9000,2.695258
273.9200,2.846346
273.9400,2.941755
273.9600,3.238182
273.9800,3.027445
274.0000,2.928204
274.0200,1.904728
274.0400,1.262908
274.0600,0.857881
274.0800,0.534923
274.1000,0.809297
274.1200,0.656086
274.1400,0.397121
274.1600,0.364458
274.1800,0.446501
274.2000,0.366014
274.2200,0.198651
274.2400,0.126809
274.2600,0.437177
274.2800,0.487754
274.3000,0.291766
274.3200,0.425124
274.3400,0.613751
274.3600,0.522469
274.3800,0.469991
274.4000,0.647436
274.4200,0.673200
274.4400,0.741385
274.4600,1.033819
274.4800,1.667438
274.5000,1.691868
274.5200,2.027535
274.5400,2.751903
274.5600,2.396281
274.5800,1.950355
274.6000,1.980379
274.6200,1.772353
274.6400,1.145349
274.6600,0.659847
274.6800,0.589767
274.7000,0.558164
274.7200,1.112489
274.7400,1.679604
274.7600,2.437653
274.7800,3.600000
274.8000,3.600000
274.8200,3.600000
274.8400,3.557859
274.8600,1.826597
274.8800,1.134094
274.9000,0.963916
274.9200,0.062900
274.9400,0.029676
274.9600,0.022780
274.9800,0.046645
275.0000,0.087747
275.0200,0.153045
275.0400,0.157720
275.0600,0.163185
275.0800,0.270599
275.1000,0.240279
275.1200,0.114127
275.1400,0.122323
275.1600,0.190329
275.1800,0.159354
275.2000,1.027914
275.2200,2.601428
275.2400,3.600000
275.2600,2.818414
275.2800,2.135342
275.3000,1.721357
275.3200,1.455053
275.3400,1.184515
275.3600,1.299683
275.3800,1.213507
275.4000,1.424165
275.4200,1.969353
275.4400,2.142126
275.4600,1.496048
275.4800,1.032921
275.5000,0.871274
275.5200,0.500053
275.5400,0.392698
275.5600,0.270916
275.5800,0.192470
275.6000,0.280940
275.6200,0.229931
275.6400,0.366191
275.6600,0.258850
275.6800,0.722897
275.7000,1.911684
275.7200,1.926321
275.7400,2.432744
275.7600,2.925989
275.7800,1.891127
275.8000,1.326722
275.8200,1.385004
275.8400,1.467380
275.8600,0.902596
275.8800,0.787810
275.9000,0.590216
275.9200,0.595522
275.9400,0.527561
275.9600,0.599790
275.9800,0.688713
276.0000,1.004333
276.0200,0.873521
276.0400,0.864450
276.0600,0.928842
276.0800,0.693907
276.1000,0.858466
276.1200,0.842619
276.1400,0.693910
276.1600,2.054244
276.1800,3.435412
276.2000,2.735193
276.2200,2.108945
276.2400,2.135334
276.2600,2.256224
276.2800,2.553319
276.3000,2.860665
276.3200,3.017777
276.3400,2.434324
276.3600,1.751841
276.3800,1.385806
276.4000,1.201122
276.4200,0.954046
276.4400,0.745943
276.4600,0.524116
276.4800,0.470842
276.5000,0.463391
276.5200,0.336853
276.5400,0.364166
276.5600,0.403219
276.5800,0.208524
276.6000,0.156424
276.6200,0.211962
276.6400,0.424709
276.6600,0.534321
276.6800,0.581614
276.7000,0.853659
276.7200,1.419956
276.7400,1.924677
276.7600,2.522893
276.7800,2.840224
276.8000,2.768775
276.8200,2.737686
276.8400,3.437141
276.8600,3.540460
276.8800,1.828654
276.9000,1.162149
276.9200,1.291476
276.9400,1.255294
276.9600,1.509695
276.9800,2.002040
277.0000,2.967656
277.0200,2.663934
277.0400,2.195460
277.0600,2.381777
277.0800,3.289993
277.1000,3.600000
277.1200,2.447398
277.1400,1.244860
277.1600,0.689229
277.1800,0.447615
277.2000,0.658451
277.2200,1.387776
277.2400,2.784115
277.2600,3.600000
277.2800,3.600000
277.3000,3.600000
277.3200,2.589740
277.3400,2.147679
277.3600,2.021338
277.3800,2.695258
277.4000,2.846346
277.4200,2.941755
277.4400,3.238182
277.4600,3.027445
277.4800,2.928204
277.5000,1.904728
277.5200,1.262908
277.5400,0.857881
277.5600,0.534923
277.5800,0.809297
277.6000,0.656086
277.6200,0.397121
277.6400,0.364458
277.6600,0.446501
277.6800,0.366014
277.7000,0.198651
277.7200,0.126809
277.7400,0.437177
277.7600,0.487754
277.7800,0.291766
277.8000,0.425124
277.8200,0.613751
277.8400,0.522469
277.8600,0.469991
277.8800,0.647436
277.9000,0.673200
277.9200,0.741385
277.9400,1.033819
277.9600,1.667438
277.9800,1.691868
278.0000,2.027535
278.0200,2.751903
278.0400,2.396281
278.0600,1.950355
278.0800,1.980379
278.1000,1.772353
278.1200,1.145349
278.1400,0.659847
278.1600,0.589767
278.1800,0.558164
278.2000,1.112489
278.2200,1.679604
278.2400,2.437653
278.2600,3.600000
278.2800,3.600000
278.3000,3.600000
278.3200,3.557859
278.3400,1.826597
278.3600,1.134094
278.3800,0.963916
