time_s,voltage_v
0.0000,0.175649
0.0200,0.165379
0.0400,0.155317
0.0600,0.146714
0.0800,0.139279
0.1000,0.134414
0.1200,0.129709
0.1400,0.131514
0.1600,0.137596
0.1800,0.144725
0.2000,0.152579
0.2200,0.160827
0.2400,0.169890
0.2600,0.178968
0.2800,0.187281
0.3000,0.195466
0.3200,0.203134
0.3400,0.216321
0.3600,0.231151
0.3800,0.244644
0.4000,0.256823
0.4200,0.268504
0.4400,0.279105
0.4600,0.288159
0.4800,0.295038
0.5000,0.299920
0.5200,0.302997
0.5400,0.304511
0.5600,0.305269
0.5800,0.303955
0.6000,0.301684
0.6200,0.298099
0.6400,0.294877
0.6600,0.293218
0.6800,0.292678
0.7000,0.293709
0.7200,0.295731
0.7400,0.298099
0.7600,0.299992
0.7800,0.302304
0.8000,0.303939
0.8200,0.303609
0.8400,0.301821
0.8600,0.299146
0.8800,0.296214
0.9000,0.294072
0.9200,0.294112
0.9400,0.291880
0.9600,0.290003
0.9800,0.287990
1.0000,0.284945
1.0200,0.279290
1.0400,0.272394
1.0600,0.264798
1.0800,0.258161
1.1000,0.252014
1.1200,0.245828
1.1400,0.240672
1.1600,0.237088
1.1800,0.234631
1.2000,0.231997
1.2200,0.229838
1.2400,0.227236
1.2600,0.225673
1.2800,0.223941
1.3000,0.222040
1.3200,0.224215
1.3400,0.224272
1.3600,0.215217
1.3800,0.205076
1.4000,0.195949
1.4200,0.186508
1.4400,0.177550
1.4600,0.168689
1.4800,0.161045
1.5000,0.153827
1.5200,0.147681
1.5400,0.141438
1.5600,0.133222
1.5800,0.124296
1.6000,0.115959
1.6200,0.108306
1.6400,0.100992
1.6600,0.093839
1.6800,0.087684
1.7000,0.082013
1.7200,0.076890
1.7400,0.071525
1.7600,0.072492
1.7800,0.076383
1.8000,0.078171
1.8200,0.078840
1.8400,0.078767
1.8600,0.078936
1.8800,0.078308
1.9000,0.077712
1.9200,0.077414
1.9400,0.077261
1.9600,0.078936
1.9800,0.084881
2.0000,0.094322
2.0200,0.109426
2.0400,0.132400
2.0600,0.165234
2.0800,0.207524
2.1000,0.259022
2.1200,0.316651
2.1400,0.377123
2.1600,0.430659
2.1800,0.464725
2.2000,0.489673
2.2200,0.500813
2.2400,0.495384
2.2600,0.474384
2.2800,0.443862
2.3000,0.411632
2.3200,0.381626
2.3400,0.354068
2.3600,0.329813
2.3800,0.306590
2.4000,0.284494
2.4200,0.265056
2.4400,0.252183
2.4600,0.257073
2.4800,0.285356
2.5000,0.339617
2.5200,0.416900
2.5400,0.512284
2.5600,0.625632
2.5800,0.775704
2.6000,0.927260
2.6200,1.070726
2.6400,1.203545
2.6600,1.320938
2.6800,1.420657
2.7000,1.502678
2.7200,1.606279
2.7400,1.694061
2.7600,1.729399
2.7800,1.695631
2.8000,1.647823
2.8200,1.626427
2.8400,1.626982
2.8600,1.644213
2.8800,1.671699
2.9000,1.715608
2.9200,1.791194
2.9400,1.826517
2.9600,1.861833
2.9800,1.939424
3.0000,1.987887
3.0200,2.017506
3.0400,2.048585
3.0600,2.079809
3.0800,2.113360
3.1000,2.148975
3.1200,2.185142
3.1400,2.220870
3.1600,2.254589
3.1800,2.269274
3.2000,2.273157
3.2200,2.281639
3.2400,2.297373
3.2600,2.319792
3.2800,2.342857
3.3000,2.363228
3.3200,2.374529
3.3400,2.381273
3.3600,2.388482
3.3800,2.411376
3.4000,2.452693
3.4200,2.487267
3.4400,2.513933
3.4600,2.536012
3.4800,2.550117
3.5000,2.558125
3.5200,2.561718
3.5400,2.559253
3.5600,2.550207
3.5800,2.551560
3.6000,2.566253
3.6200,2.590283
3.6400,2.652288
3.6600,2.659755
3.6800,2.653101
3.7000,2.646609
3.7200,2.639704
3.7400,2.632382
3.7600,2.624625
3.7800,2.604454
3.8000,2.557626
3.8200,2.513892
3.8400,2.473565
3.8600,2.436196
3.8800,2.401469
3.9000,2.369609
3.9200,2.340543
3.9400,2.314436
3.9600,2.292322
3.9800,2.274971
4.0000,2.261767
4.0200,2.247774
4.0400,2.235473
4.0600,2.225251
4.0800,2.218531
4.1000,2.215575
4.1200,2.215664
4.1400,2.217639
4.1600,2.222900
4.1800,2.224188
4.2000,2.201576
4.2200,2.178819
4.2400,2.157157
4.2600,2.135327
4.2800,2.113360
4.3000,2.090893
4.3200,2.068151
4.3400,2.047143
4.3600,2.025964
4.3800,2.002756
4.4000,1.965347
4.4200,1.924553
4.4400,1.878700
4.4600,1.825663
4.4800,1.766995
4.5000,1.703307
4.5200,1.636038
4.5400,1.567242
4.5600,1.498690
4.5800,1.459354
4.6000,1.494711
4.6200,1.513439
4.6400,1.512296
4.6600,1.495356
4.6800,1.467192
4.7000,1.431708
4.7200,1.394299
4.7400,1.356317
4.7600,1.320075
4.7800,1.349882
4.8000,1.505424
4.8200,1.637856
4.8400,1.750787
4.8600,1.848299
4.8800,1.930724
4.9000,1.999856
4.9200,2.055980
4.9400,2.100752
4.9600,2.138405
4.9800,2.109880
5.0000,1.992229
5.0200,1.887635
5.0400,1.793546
5.0600,1.707231
5.0800,1.628505
5.1000,1.556626
5.1200,1.490047
5.1400,1.429470
5.1600,1.374088
5.1800,1.353401
5.2000,1.433748
5.2200,1.544325
5.2400,1.663924
5.2600,1.731663
5.2800,1.786054
5.3000,1.880949
5.3200,1.964058
5.3400,2.007155
5.3600,2.054006
5.3800,2.077447
5.4000,1.983785
5.4200,1.893612
5.4400,1.821208
5.4600,1.764248
5.4800,1.720201
5.5000,1.687350
5.5200,1.662073
5.5400,1.642489
5.5600,1.627256
5.5800,1.618128
5.6000,1.677127
5.6200,1.744864
5.6400,1.803608
5.6600,1.853883
5.6800,1.898493
5.7000,1.936790
5.7200,1.970374
5.7400,1.999913
5.7600,2.027124
5.7800,2.051880
5.8000,2.069158
5.8200,2.082282
5.8400,2.091480
5.8600,2.099326
5.8800,2.107333
5.9000,2.115631
5.9200,2.125653
5.9400,2.139604
5.9600,2.158100
5.9800,2.179124
6.0000,2.114971
6.0200,2.008703
6.0400,1.916852
6.0600,1.838601
6.0800,1.773132
6.1000,1.717896
6.1200,1.673149
6.1400,1.636215
6.1600,1.606047
6.1800,1.582797
6.2000,1.591465
6.2200,1.597958
6.2400,1.588067
6.2600,1.565890
6.2800,1.537993
6.3000,1.505908
6.3200,1.472486
6.3400,1.438676
6.3600,1.404876
6.3800,1.371172
6.4000,1.358880
6.4200,1.372082
6.4400,1.382803
6.4600,1.390456
6.4800,1.392696
6.5000,1.390143
6.5200,1.382377
6.5400,1.367852
6.5600,1.346217
6.5800,1.317845
6.6000,1.277960
6.6200,1.222701
6.6400,1.172233
6.6600,1.126084
6.6800,1.082914
6.7000,1.043057
6.7200,1.006025
6.7400,0.971323
6.7600,0.937917
6.7800,0.905936
6.8000,0.876260
6.8200,0.852167
6.8400,0.827606
6.8600,0.803471
6.8800,0.779724
6.9000,0.756242
6.9200,0.731335
6.9400,0.706194
6.9600,0.681222
6.9800,0.657040
7.0000,0.634670
7.0200,0.615909
7.0400,0.599613
7.0600,0.585983
7.0800,0.573932
7.1000,0.563412
7.1200,0.552199
7.1400,0.540849
7.1600,0.528991
7.1800,0.516715
7.2000,0.504664
7.2200,0.516328
7.2400,0.537578
7.2600,0.554229
7.2800,0.566779
7.3000,0.575044
7.3200,0.580369
7.3400,0.582495
7.3600,0.582761
7.3800,0.581351
7.4000,0.579152
7.4200,0.547180
7.4400,0.510399
7.4600,0.483841
7.4800,0.468946
7.5000,0.465160
7.5200,0.472901
7.5400,0.491050
7.5600,0.517923
7.5800,0.549645
7.6000,0.582519
7.6200,0.602191
7.6400,0.601176
7.6600,0.589616
7.6800,0.569453
7.7000,0.542162
7.7200,0.510238
7.7400,0.476671
7.7600,0.445279
7.7800,0.417053
7.8000,0.391719
7.8200,0.373248
7.8400,0.365909
7.8600,0.353335
7.8800,0.336878
7.9000,0.319035
7.9200,0.301152
7.9400,0.283567
7.9600,0.267183
7.9800,0.251555
8.0000,0.236709
8.0200,0.234003
8.0400,0.268850
8.0600,0.290954
8.0800,0.303770
8.1000,0.313461
8.1200,0.320300
8.1400,0.325125
8.1600,0.328468
8.1800,0.332995
8.2000,0.341872
8.2200,0.342662
8.2400,0.332746
8.2600,0.326615
8.2800,0.327365
8.3000,0.333511
8.3200,0.344482
8.3400,0.359626
8.3600,0.377566
8.3800,0.397124
8.4000,0.416892
8.4200,0.435943
8.4400,0.466417
8.4600,0.501893
8.4800,0.533172
8.5000,0.560697
8.5200,0.583035
8.5400,0.600048
8.5600,0.612252
8.5800,0.618994
8.6000,0.622297
8.6200,0.621685
8.6400,0.606581
8.6600,0.574770
8.6800,0.553729
8.7000,0.540647
8.7200,0.533486
8.7400,0.529394
8.7600,0.526720
8.7800,0.522547
8.8000,0.515490
8.8200,0.504978
8.8400,0.483873
8.8600,0.450749
8.8800,0.419357
8.9000,0.390124
8.9200,0.363420
8.9400,0.338102
8.9600,0.315426
8.9800,0.294458
9.0000,0.279862
9.0200,0.275625
9.0400,0.275174
9.0600,0.257331
9.0800,0.240181
9.1000,0.224578
9.1200,0.212366
9.1400,0.204665
9.1600,0.202828
9.1800,0.205680
9.2000,0.212664
9.2200,0.222628
9.2400,0.243524
9.2600,0.297559
9.2800,0.340382
9.3000,0.379749
9.3200,0.409956
9.3400,0.433655
9.3600,0.450113
9.3800,0.463541
9.4000,0.469703
9.4200,0.466763
9.4400,0.456227
9.4600,0.453270
9.4800,0.454076
9.5000,0.461430
9.5200,0.469913
9.5400,0.484058
9.5600,0.490245
9.5800,0.497277
9.6000,0.506049
9.6200,0.516626
9.6400,0.524609
9.6600,0.500032
9.6800,0.476059
9.7000,0.462760
9.7200,0.452312
9.7400,0.448107
9.7600,0.450185
9.7800,0.457693
9.8000,0.469655
9.8200,0.485275
9.8400,0.501192
9.8600,0.478419
9.8800,0.442097
9.9000,0.409441
9.9200,0.382327
9.9400,0.363646
9.9600,0.356114
9.9800,0.352787
10.0000,0.354495
10.0200,0.359570
10.0400,0.365587
10.0600,0.400781
10.0800,0.445916
10.1000,0.475874
10.1200,0.493169
10.1400,0.501256
10.1600,0.503576
10.1800,0.505558
10.2000,0.506476
10.2200,0.512317
10.2400,0.520034
10.2600,0.527654
10.2800,0.529909
10.3000,0.534219
10.3200,0.541783
10.3400,0.551820
10.3600,0.564934
10.3800,0.581351
10.4000,0.600676
10.4200,0.622788
10.4400,0.645907
10.4600,0.654567
10.4800,0.653471
10.5000,0.655526
10.5200,0.659763
10.5400,0.665893
10.5600,0.674859
10.5800,0.686257
10.6000,0.699822
10.6200,0.715998
10.6400,0.733889
10.6600,0.760697
10.6800,0.800676
10.7000,0.834018
10.7200,0.862365
10.7400,0.887441
10.7600,0.910609
10.7800,0.931360
10.8000,0.949565
10.8200,0.965241
10.8400,0.978307
10.8600,0.987530
10.8800,0.991196
10.9000,0.992106
10.9200,0.990213
10.9400,0.986008
10.9600,0.980159
10.9800,0.973208
11.0000,0.966304
11.0200,0.960633
11.0400,0.958104
11.0600,0.953198
11.0800,0.923361
11.1000,0.898961
11.1200,0.882866
11.1400,0.872128
11.1600,0.866344
11.1800,0.863928
11.2000,0.865498
11.2200,0.888625
11.2400,0.910319
11.2600,0.931561
11.2800,1.026398
11.3000,1.088022
11.3200,1.126447
11.3400,1.160021
11.3600,1.189383
11.3800,1.216490
11.4000,1.244394
11.4200,1.278026
11.4400,1.318440
11.4600,1.352677
11.4800,1.306704
11.5000,1.262496
11.5200,1.227261
11.5400,1.207477
11.5600,1.200654
11.5800,1.205084
11.6000,1.215766
11.6200,1.230509
11.6400,1.247092
11.6600,1.269584
11.6800,1.311963
11.7000,1.355012
11.7200,1.397834
11.7400,1.443075
11.7600,1.491747
11.7800,1.549471
11.8000,1.614561
11.8200,1.683999
11.8400,1.756660
11.8600,1.830658
11.8800,1.957775
11.9000,2.125225
11.9200,2.277548
11.9400,2.413350
11.9600,2.535488
11.9800,2.644523
12.0000,2.740643
12.0200,2.827265
12.0400,2.907008
12.0600,3.036108
12.0800,3.132793
12.1000,3.177567
12.1200,3.203990
12.1400,3.219377
12.1600,3.229727
12.1800,3.233506
12.2000,3.235705
12.2200,3.235350
12.2400,3.235567
12.2600,3.235189
12.2800,3.222551
12.3000,3.198118
12.3200,3.180813
12.3400,3.167304
12.3600,3.154223
12.3800,3.143121
12.4000,3.131085
12.4200,3.118278
12.4400,3.104139
12.4600,3.088599
12.4800,3.075195
12.5000,3.069331
12.5200,3.066969
12.5400,3.069129
12.5600,3.075718
12.5800,3.132559
12.6000,3.216831
12.6200,3.228897
12.6400,3.238259
12.6600,3.314571
12.6800,3.377260
12.7000,3.342121
12.7200,3.302552
12.7400,3.259881
12.7600,3.212932
12.7800,3.162036
12.8000,3.108883
12.8200,3.056876
12.8400,3.004556
12.8600,2.952636
12.8800,2.903987
12.9000,2.862653
12.9200,2.826417
12.9400,2.792375
12.9600,2.759759
12.9800,2.728792
13.0000,2.700261
13.0200,2.671485
13.0400,2.644973
13.0600,2.616675
13.0800,2.619912
13.1000,2.698970
13.1200,2.711433
13.1400,2.704367
13.1600,2.693887
13.1800,2.679321
13.2000,2.660415
13.2200,2.637868
13.2400,2.613428
13.2600,2.587906
13.2800,2.558867
13.3000,2.505876
13.3200,2.457220
13.3400,2.421326
13.3600,2.429155
13.3800,2.411408
13.4000,2.377664
13.4200,2.345603
13.4400,2.316707
13.4600,2.291654
13.4800,2.275438
13.5000,2.311592
13.5200,2.362366
13.5400,2.408025
13.5600,2.450985
13.5800,2.488727
13.6000,2.520619
13.6200,2.549692
13.6400,2.579054
13.6600,2.658668
13.6800,2.705164
13.7000,2.677090
13.7200,2.635547
13.7400,2.601345
13.7600,2.573962
13.7800,2.551817
13.8000,2.533982
13.8200,2.520804
13.8400,2.512330
13.8600,2.507012
13.8800,2.505055
13.9000,2.503840
13.9200,2.503427
13.9400,2.503557
13.9600,2.502236
13.9800,2.499988
14.0000,2.492786
14.0200,2.480606
14.0400,2.462142
14.0600,2.439482
14.0800,2.410997
14.1000,2.360376
14.1200,2.267583
14.1400,2.186400
14.1600,2.115268
14.1800,2.052581
14.2000,1.996683
14.2200,1.945498
14.2400,1.897406
14.2600,1.850692
14.2800,1.804026
14.3000,1.759656
14.3200,1.737456
14.3400,1.711894
14.3600,1.680173
14.3800,1.642424
14.4000,1.601390
14.4200,1.559856
14.4400,1.517491
14.4600,1.475813
14.4800,1.436711
14.5000,1.402604
14.5200,1.402651
14.5400,1.401025
14.5600,1.378833
14.5800,1.358331
14.6000,1.337065
14.6200,1.315452
14.6400,1.300581
14.6600,1.292365
14.6800,1.265274
14.7000,1.239046
14.7200,1.257848
14.7400,1.287515
14.7600,1.310586
14.7800,1.325739
14.8000,1.357614
14.8200,1.383263
14.8400,1.376642
14.8600,1.363711
14.8800,1.345999
14.9000,1.324313
14.9200,1.267771
14.9400,1.179211
14.9600,1.105124
14.9800,1.037845
15.0000,0.975254
15.0200,0.917319
15.0400,0.862768
15.0600,0.812606
15.0800,0.764652
15.1000,0.720654
15.1200,0.698090
15.1400,0.711817
15.1600,0.708562
15.1800,0.702618
15.2000,0.696189
15.2200,0.690470
15.2400,0.686289
15.2600,0.684606
15.2800,0.685000
15.3000,0.688795
15.3200,0.689423
15.3400,0.661027
15.3600,0.636926
15.3800,0.619228
15.4000,0.607169
15.4200,0.599839
15.4400,0.596665
15.4600,0.597736
15.4800,0.601788
15.5000,0.608804
15.5200,0.617359
15.5400,0.615522
15.5600,0.601039
15.5800,0.577509
15.6000,0.550475
15.6200,0.522571
15.6400,0.493426
15.6600,0.464943
15.6800,0.437989
15.7000,0.412921
15.7200,0.402779
15.7400,0.431182
15.7600,0.464346
15.7800,0.481150
15.8000,0.484066
15.8200,0.480925
15.8400,0.473965
15.8600,0.461245
15.8800,0.443878
15.9000,0.423353
15.9200,0.411801
15.9400,0.468302
15.9600,0.520195
15.9800,0.558836
16.0000,0.585750
16.0200,0.603778
16.0400,0.612397
16.0600,0.613195
16.0800,0.607088
16.1000,0.594707
16.1200,0.574295
16.1400,0.545376
16.1600,0.522998
16.1800,0.506984
16.2000,0.496866
16.2200,0.491252
16.2400,0.489318
16.2600,0.493580
16.2800,0.508393
16.3000,0.514040
16.3200,0.515563
16.3400,0.535959
16.3600,0.565474
16.3800,0.597792
16.4000,0.630892
16.4200,0.664209
16.4400,0.697019
16.4600,0.729418
16.4800,0.760117
16.5000,0.789093
16.5200,0.810786
16.5400,0.789673
16.5600,0.764266
16.5800,0.745046
16.6000,0.731343
16.6200,0.723916
16.6400,0.721338
16.6600,0.724657
16.6800,0.733865
16.7000,0.748550
16.7200,0.760359
16.7400,0.721387
16.7600,0.679934
16.7800,0.645682
16.8000,0.617262
16.8200,0.593241
16.8400,0.572708
16.8600,0.555059
16.8800,0.539463
16.9000,0.525278
16.9200,0.511567
16.9400,0.499855
16.9600,0.489874
16.9800,0.479829
17.0000,0.470348
17.0200,0.461801
17.0400,0.452876
17.0600,0.444764
17.0800,0.436048
17.1000,0.426349
17.1200,0.417923
17.1400,0.462631
17.1600,0.523296
17.1800,0.576486
17.2000,0.623377
17.2200,0.666586
17.2400,0.705872
17.2600,0.742017
17.2800,0.774875
17.3000,0.805187
17.3200,0.833236
17.3400,0.856621
17.3600,0.874762
17.3800,0.891187
17.4000,0.905856
17.4200,0.918398
17.4400,0.928073
17.4600,0.934421
17.4800,0.936096
17.5000,0.933969
17.5200,0.928049
17.5400,0.909779
17.5600,0.845956
17.5800,0.784573
17.6000,0.729523
17.6200,0.682374
17.6400,0.648147
17.6600,0.627847
17.6800,0.621137
17.7000,0.625890
17.7200,0.640422
17.7400,0.660246
17.7600,0.660786
17.7800,0.663259
17.8000,0.677533
17.8200,0.703769
17.8400,0.736893
17.8600,0.774101
17.8800,0.810931
17.9000,0.844321
17.9200,0.872442
17.9400,0.894450
17.9600,0.916240
17.9800,0.921653
18.0000,0.909505
18.0200,0.881287
18.0400,0.839842
18.0600,0.789624
18.0800,0.735556
18.1000,0.683776
18.1200,0.635621
18.1400,0.592291
18.1600,0.581335
18.1800,0.594860
18.2000,0.614773
18.2200,0.641469
18.2400,0.686893
18.2600,0.741541
18.2800,0.778556
18.3000,0.816916
18.3200,0.854044
18.3400,0.887562
18.3600,0.864290
18.3800,0.826486
18.4000,0.796149
18.4200,0.769800
18.4400,0.747962
18.4600,0.732286
18.4800,0.722225
18.5000,0.716344
18.5200,0.714169
18.5400,0.717673
18.5600,0.719494
18.5800,0.710568
18.6000,0.697680
18.6200,0.684050
18.6400,0.668672
18.6600,0.651562
18.6800,0.633188
18.7000,0.613919
18.7200,0.594369
18.7400,0.573884
18.7600,0.563960
18.7800,0.554736
18.8000,0.538376
18.8200,0.515619
18.8400,0.487965
18.8600,0.457685
18.8800,0.427558
18.9000,0.399476
18.9200,0.374360
18.9400,0.351652
18.9600,0.334179
18.9800,0.326946
19.0000,0.326511
19.0200,0.333438
19.0400,0.345191
19.0600,0.360681
19.0800,0.378637
19.1000,0.395304
19.1200,0.411423
19.1400,0.426671
19.1600,0.443225
19.1800,0.474504
19.2000,0.518930
19.2200,0.549822
19.2400,0.579998
19.2600,0.611358
19.2800,0.643161
19.3000,0.675189
19.3200,0.707870
19.3400,0.742379
19.3600,0.774794
19.3800,0.786249
19.4000,0.806629
19.4200,0.838271
19.4400,0.880772
19.4600,0.934936
19.4800,0.997639
19.5000,1.068649
19.5200,1.147028
19.5400,1.231781
19.5600,1.338127
19.5800,1.565478
19.6000,1.788987
19.6200,1.987168
19.6400,2.180937
19.6600,2.350814
19.6800,2.531371
19.7000,2.675271
19.7200,2.833041
19.7400,2.952393
19.7600,3.080197
19.7800,3.176786
19.8000,3.270845
19.8200,3.356107
19.8400,3.434965
19.8600,3.493127
19.8800,3.568070
19.9000,3.600000
19.9200,3.600000
19.9400,3.600000
19.9600,3.600000
19.9800,3.558090
20.0000,3.491202
20.0200,3.438606
20.0400,3.396781
20.0600,3.362704
20.0800,3.333841
20.1000,3.309335
20.1200,3.286899
20.1400,3.265158
20.1600,3.244583
20.1800,3.248280
20.2000,3.255933
20.2200,3.259543
20.2400,3.258085
20.2600,3.253404
20.2800,3.249522
20.3000,3.244944
20.3200,3.239386
20.3400,3.234577
20.3600,3.227457
20.3800,3.224734
20.4000,3.228028
20.4200,3.230090
20.4400,3.231919
20.4600,3.230171
20.4800,3.227286
20.5000,3.225990
20.5200,3.225610
20.5400,3.225861
20.5600,3.229679
20.5800,3.241618
20.6000,3.291362
20.6200,3.339987
20.6400,3.383222
20.6600,3.423484
20.6800,3.458512
20.7000,3.493683
20.7200,3.526615
20.7400,3.558008
20.7600,3.588499
20.7800,3.600000
20.8000,3.600000
20.8200,3.595347
20.8400,3.590030
20.8600,3.590071
20.8800,3.594009
20.9000,3.598393
20.9200,3.600000
20.9400,3.600000
20.9600,3.600000
20.9800,3.600000
21.0000,3.600000
21.0200,3.600000
21.0400,3.600000
21.0600,3.600000
21.0800,3.600000
21.1000,3.600000
21.1200,3.600000
21.1400,3.600000
21.1600,3.600000
21.1800,3.600000
21.2000,3.600000
21.2200,3.600000
21.2400,3.600000
21.2600,3.600000
21.2800,3.600000
21.3000,3.600000
21.3200,3.600000
21.3400,3.600000
21.3600,3.600000
21.3800,3.600000
21.4000,3.600000
21.4200,3.600000
21.4400,3.600000
21.4600,3.600000
21.4800,3.600000
21.5000,3.600000
21.5200,3.600000
21.5400,3.600000
21.5600,3.600000
21.5800,3.600000
21.6000,3.600000
21.6200,3.529718
21.6400,3.404973
21.6600,3.291718
21.6800,3.188330
21.7000,3.091226
21.7200,3.001888
21.7400,2.917198
21.7600,2.838380
21.7800,2.764068
21.8000,2.698608
21.8200,2.650378
21.8400,2.585168
21.8600,2.509750
21.8800,2.440593
21.9000,2.377519
21.9200,2.319800
21.9400,2.267584
21.9600,2.220909
21.9800,2.179214
22.0000,2.146992
22.0200,2.151550
22.0400,2.159486
22.0600,2.166308
22.0800,2.171206
22.1000,2.175597
22.1200,2.178110
22.1400,2.180375
22.1600,2.183943
22.1800,2.190041
22.2000,2.198104
22.2200,2.256321
22.2400,2.332464
22.2600,2.398769
22.2800,2.459436
22.3000,2.518034
22.3200,2.574027
22.3400,2.628944
22.3600,2.682368
22.3800,2.734786
22.4000,2.786906
22.4200,2.805144
22.4400,2.780493
22.4600,2.766065
22.4800,2.757148
22.5000,2.751002
22.5200,2.747174
22.5400,2.740851
22.5600,2.729107
22.5800,2.710273
22.6000,2.683874
22.6200,2.653253
22.6400,2.631803
22.6600,2.607474
22.6800,2.581832
22.7000,2.560089
22.7200,2.541860
22.7400,2.529939
22.7600,2.524943
22.7800,2.526015
22.8000,2.530848
22.8200,2.528859
22.8400,2.440247
22.8600,2.340543
22.8800,2.247339
22.9000,2.159429
22.9200,2.076209
22.9400,2.000123
22.9600,1.928436
22.9800,1.861663
23.0000,1.799627
23.0200,1.743247
23.0400,1.707745
23.0600,1.678973
23.0800,1.645624
23.1000,1.610235
23.1200,1.572187
23.1400,1.533505
23.1600,1.493518
23.1800,1.452748
23.2000,1.412222
23.2200,1.371455
23.2400,1.322436
23.2600,1.260319
23.2800,1.202755
23.3000,1.149542
23.3200,1.099838
23.3400,1.054029
23.3600,1.011947
23.3800,0.973047
23.4000,0.936547
23.4200,0.902295
23.4400,0.866014
23.4600,0.817641
23.4800,0.770952
23.5000,0.727251
23.5200,0.686563
23.5400,0.648791
23.5600,0.615538
23.5800,0.588311
23.6000,0.567722
23.6200,0.555115
23.6400,0.547164
23.6600,0.530965
23.6800,0.510254
23.7000,0.486652
23.7200,0.461841
23.7400,0.437079
23.7600,0.413203
23.7800,0.391365
23.8000,0.372612
23.8200,0.357846
23.8400,0.347463
23.8600,0.329523
23.8800,0.310972
23.9000,0.294023
23.9200,0.278839
23.9400,0.266015
23.9600,0.254520
23.9800,0.244120
24.0000,0.234494
24.0200,0.224328
24.0400,0.213808
24.0600,0.202055
24.0800,0.190962
24.1000,0.180474
24.1200,0.170687
24.1400,0.162011
24.1600,0.155640
24.1800,0.155656
24.2000,0.159466
24.2200,0.166498
24.2400,0.176696
24.2600,0.224570
24.2800,0.292428
24.3000,0.345666
24.3200,0.385605
24.3400,0.414814
24.3600,0.433502
24.3800,0.443459
24.4000,0.446141
24.4200,0.442839
24.4400,0.435686
24.4600,0.431223
24.4800,0.425600
24.5000,0.415491
24.5200,0.402376
24.5400,0.387329
24.5600,0.370477
24.5800,0.352223
24.6000,0.332447
24.6200,0.311519
24.6400,0.290559
24.6600,0.272604
24.6800,0.257443
24.7000,0.241607
24.7200,0.225665
24.7400,0.210811
24.7600,0.196714
24.7800,0.183761
24.8000,0.172121
24.8200,0.161278
24.8400,0.151451
24.8600,0.143122
24.8800,0.134913
24.9000,0.127470
24.9200,0.120655
24.9400,0.118819
24.9600,0.126455
24.9800,0.148100
25.0000,0.182561
25.0200,0.226245
25.0400,0.274868
25.0600,0.325753
25.0800,0.377139
25.1000,0.419486
25.1200,0.451716
25.1400,0.473820
25.1600,0.487909
25.1800,0.495424
25.2000,0.499251
25.2200,0.501917
25.2400,0.506807
25.2600,0.513388
25.2800,0.497116
25.3000,0.474110
25.3200,0.451546
25.3400,0.430135
25.3600,0.412172
25.3800,0.395078
25.4000,0.377791
25.4200,0.362365
25.4400,0.350330
25.4600,0.348212
25.4800,0.401998
25.5000,0.457951
25.5200,0.505147
25.5400,0.543539
25.5600,0.571983
25.5800,0.593298
25.6000,0.608530
25.6200,0.619808
25.6400,0.629007
25.6600,0.636346
25.6800,0.613235
25.7000,0.575116
25.7200,0.540261
25.7400,0.507701
25.7600,0.476615
25.7800,0.447108
25.8000,0.418906
25.8200,0.390817
25.8400,0.364629
25.8600,0.339593
25.8800,0.316643
25.9000,0.295465
25.9200,0.275552
25.9400,0.257790
25.9600,0.242171
25.9800,0.230909
26.0000,0.223619
26.0200,0.219535
26.0400,0.217594
26.0600,0.217191
26.0800,0.214992
26.1000,0.200846
26.1200,0.187112
26.1400,0.175134
26.1600,0.163163
26.1800,0.153022
26.2000,0.142936
26.2200,0.134293
26.2400,0.126310
26.2600,0.118384
26.2800,0.112809
26.3000,0.120969
26.3200,0.130990
26.3400,0.137853
26.3600,0.142848
26.3800,0.144539
26.4000,0.144040
26.4200,0.141607
26.4400,0.137733
26.4600,0.132891
26.4800,0.131192
26.5000,0.170880
26.5200,0.222000
26.5400,0.275907
26.5600,0.331328
26.5800,0.387071
26.6000,0.442847
26.6200,0.497277
26.6400,0.549379
26.6600,0.599637
26.6800,0.645835
26.7000,0.664717
26.7200,0.673248
26.7400,0.682689
26.7600,0.692967
26.7800,0.704156
26.8000,0.714967
26.8200,0.725616
26.8400,0.736233
26.8600,0.745569
26.8800,0.753842
26.9000,0.734082
26.9200,0.678669
26.9400,0.629346
26.9600,0.584147
26.9800,0.543378
27.0000,0.505808
27.0200,0.470944
27.0400,0.438875
27.0600,0.408990
27.0800,0.381698
27.1000,0.356307
27.1200,0.336395
27.1400,0.321105
27.1600,0.312494
27.1800,0.309175
27.2000,0.316522
27.2200,0.333599
27.2400,0.348381
27.2600,0.366860
27.2800,0.389874
27.3000,0.414790
27.3200,0.406106
27.3400,0.391381
27.3600,0.387466
27.3800,0.392202
27.4000,0.405574
27.4200,0.426244
27.4400,0.452819
27.4600,0.484807
27.4800,0.521548
27.5000,0.557580
27.5200,0.568986
27.5400,0.582616
27.5600,0.601127
27.5800,0.623256
27.6000,0.647317
27.6200,0.672958
27.6400,0.698799
27.6600,0.723691
27.6800,0.747825
27.7000,0.767778
27.7200,0.769913
27.7400,0.776164
27.7600,0.789141
27.7800,0.807282
27.8000,0.828315
27.8200,0.850322
27.8400,0.872652
27.8600,0.893660
27.8800,0.912454
27.9000,0.926019
27.9200,0.914741
27.9400,0.898131
27.9600,0.881690
27.9800,0.866183
28.0000,0.850499
28.0200,0.835621
28.0400,0.822611
28.0600,0.811003
28.0800,0.801216
28.1000,0.801176
28.1200,0.769808
28.1400,0.728387
28.1600,0.689012
28.1800,0.652368
28.2000,0.618084
28.2200,0.586281
28.2400,0.556404
28.2600,0.528943
28.2800,0.502263
28.3000,0.487506
28.3200,0.593853
28.3400,0.691703
28.3600,0.779595
28.3800,0.887312
28.4000,0.970219
28.4200,1.048945
28.4400,1.096650
28.4600,1.131707
28.4800,1.163744
28.5000,1.192147
28.5200,1.148421
28.5400,1.079282
28.5600,1.024706
28.5800,0.987732
28.6000,0.953617
28.6200,0.919961
28.6400,0.889826
28.6600,0.860069
28.6800,0.829152
28.7000,0.797551
28.7200,0.756903
28.7400,0.705405
28.7600,0.658401
28.7800,0.614507
28.8000,0.574311
28.8200,0.536773
28.8400,0.502151
28.8600,0.469365
28.8800,0.439496
28.9000,0.411237
28.9200,0.388457
28.9400,0.370332
28.9600,0.349646
28.9800,0.328049
29.0000,0.307242
29.0200,0.287780
29.0400,0.269656
29.0600,0.252876
29.0800,0.237547
29.1000,0.222459
29.1200,0.211721
29.1400,0.205221
29.1600,0.198011
29.1800,0.191389
29.2000,0.186194
29.2200,0.182835
29.2400,0.181167
29.2600,0.180829
29.2800,0.182617
29.3000,0.185799
29.3200,0.195611
29.3400,0.216756
29.3600,0.236073
29.3800,0.251998
29.4000,0.265322
29.4200,0.275085
29.4400,0.280845
29.4600,0.282415
29.4800,0.279725
29.5000,0.273337
29.5200,0.264218
29.5400,0.257121
29.5600,0.259401
29.5800,0.270227
29.6000,0.290696
29.6200,0.319897
29.6400,0.360375
29.6600,0.419454
29.6800,0.465925
29.7000,0.508998
29.7200,0.551909
29.7400,0.614507
29.7600,0.659183
29.7800,0.672369
29.8000,0.673964
29.8200,0.665393
29.8400,0.651006
29.8600,0.634082
29.8800,0.616634
29.9000,0.600942
29.9200,0.587457
29.9400,0.598461
29.9600,0.616827
29.9800,0.626752
30.0000,0.629265
30.0200,0.625205
30.0400,0.615377
30.0600,0.600604
30.0800,0.582656
30.1000,0.561487
30.1200,0.539222
30.1400,0.505171
30.1600,0.469583
30.1800,0.437151
30.2000,0.411245
30.2200,0.396190
30.2400,0.389834
30.2600,0.395328
30.2800,0.412655
30.3000,0.441010
30.3200,0.475044
30.3400,0.486161
30.3600,0.500652
30.3800,0.525898
30.4000,0.560609
30.4200,0.603552
30.4400,0.652803
30.4600,0.707781
30.4800,0.766070
30.5000,0.827066
30.5200,0.887901
30.5400,0.936491
30.5600,0.977284
30.5800,1.001675
30.6000,1.029338
30.6200,1.059417
30.6400,1.090518
30.6600,1.122426
30.6800,1.155680
30.7000,1.188183
30.7200,1.219890
30.7400,1.208418
30.7600,1.170783
30.7800,1.141189
30.8000,1.118254
30.8200,1.100540
30.8400,1.086418
30.8600,1.076236
30.8800,1.068487
30.9000,1.062254
30.9200,1.056863
30.9400,1.119142
30.9600,1.232964
30.9800,1.326069
31.0000,1.406287
31.0200,1.477545
31.0400,1.539218
31.0600,1.593488
31.0800,1.639315
31.1000,1.678425
31.1200,1.709164
31.1400,1.734877
31.1600,1.774196
31.1800,1.777161
31.2000,1.760640
31.2200,1.739720
31.2400,1.712725
31.2600,1.680696
31.2800,1.644914
31.3000,1.605087
31.3200,1.562586
31.3400,1.518514
31.3600,1.484416
31.3800,1.460564
31.4000,1.445556
31.4200,1.439160
31.4400,1.439321
31.4600,1.446805
31.4800,1.459469
31.5000,1.482870
31.5200,1.543405
31.5400,1.571722
31.5600,1.496081
31.5800,1.419344
31.6000,1.350913
31.6200,1.296006
31.6400,1.251758
31.6600,1.218537
31.6800,1.194426
31.7000,1.180111
31.7200,1.173167
31.7400,1.170397
31.7600,1.156992
31.7800,1.148559
31.8000,1.146618
31.8200,1.152104
31.8400,1.170066
31.8600,1.215225
31.8800,1.240222
31.9000,1.257259
31.9200,1.278349
31.9400,1.300018
31.9600,1.330702
31.9800,1.361778
32.0000,1.387741
32.0200,1.408203
32.0400,1.441037
32.0600,1.469070
32.0800,1.459097
32.1000,1.437968
32.1200,1.405172
32.1400,1.361763
32.1600,1.295724
32.1800,1.222250
32.2000,1.173700
32.2200,1.141897
32.2400,1.118891
32.2600,1.125859
32.2800,1.150501
32.3000,1.167956
32.3200,1.195547
32.3400,1.233198
32.3600,1.273073
32.3800,1.309403
32.4000,1.348810
32.4200,1.387726
32.4400,1.425304
32.4600,1.460127
32.4800,1.491851
32.5000,1.519843
32.5200,1.543591
32.5400,1.560903
32.5600,1.587615
32.5800,1.638727
32.6000,1.679513
32.6200,1.709493
32.6400,1.728150
32.6600,1.737496
32.6800,1.739002
32.7000,1.733145
32.7200,1.723704
32.7400,1.711259
32.7600,1.692659
32.7800,1.665777
32.8000,1.638154
32.8200,1.611652
32.8400,1.587446
32.8600,1.589259
32.8800,1.596966
32.9000,1.597571
32.9200,1.598208
32.9400,1.600165
32.9600,1.609123
32.9800,1.684610
33.0000,1.719201
33.0200,1.737569
33.0400,1.753550
33.0600,1.768131
33.0800,1.779459
33.1000,1.786353
33.1200,1.788929
33.1400,1.784823
33.1600,1.758633
33.1800,1.676474
33.2000,1.605055
33.2200,1.548352
33.2400,1.504377
33.2600,1.470827
33.2800,1.448328
33.3000,1.433594
33.3200,1.423805
33.3400,1.417024
33.3600,1.409484
33.3800,1.397287
33.4000,1.381039
33.4200,1.359692
33.4400,1.334084
33.4600,1.305785
33.4800,1.275181
33.5000,1.243370
33.5200,1.210835
33.5400,1.178251
33.5600,1.145337
33.5800,1.102531
33.6000,1.062053
33.6200,1.025931
33.6400,0.994828
33.6600,0.968479
33.6800,0.949364
33.7000,0.938577
33.7200,0.919325
33.7400,0.894949
33.7600,0.867697
33.7800,0.828951
33.8000,0.791469
33.8200,0.756533
33.8400,0.720871
33.8600,0.683341
33.8800,0.645303
33.9000,0.608055
33.9200,0.571499
33.9400,0.536233
33.9600,0.505542
33.9800,0.491582
34.0000,0.481408
34.0200,0.473763
34.0400,0.466884
34.0600,0.462889
34.0800,0.460206
34.1000,0.460262
34.1200,0.462558
34.1400,0.466159
34.1600,0.472346
34.1800,0.479773
34.2000,0.485444
34.2200,0.484630
34.2400,0.483623
34.2600,0.483132
34.2800,0.480796
34.3000,0.477219
34.3200,0.471572
34.3400,0.463871
34.3600,0.453874
34.3800,0.428089
34.4000,0.399992
34.4200,0.374779
34.4400,0.351555
34.4600,0.329950
34.4800,0.310521
34.5000,0.294998
34.5200,0.284945
34.5400,0.281811
34.5600,0.287088
34.5800,0.295224
34.6000,0.308128
34.6200,0.329676
34.6400,0.358112
34.6600,0.391985
34.6800,0.430973
34.7000,0.474585
34.7200,0.521894
34.7400,0.571041
34.7600,0.623191
34.7800,0.662445
34.8000,0.687683
34.8200,0.721338
34.8400,0.762389
34.8600,0.811817
34.8800,0.867883
34.9000,0.930224
34.9200,1.000862
34.9400,1.076986
34.9600,1.159473
34.9800,1.257588
35.0000,1.370438
35.0200,1.481178
35.0400,1.589001
35.0600,1.694705
35.0800,1.798975
35.1000,1.898743
35.1200,1.994927
35.1400,2.087598
35.1600,2.174436
35.1800,2.273681
35.2000,2.428494
35.2200,2.573600
35.2400,2.707485
35.2600,2.827425
35.2800,2.934188
35.3000,3.032990
35.3200,3.122644
35.3400,3.200903
35.3600,3.312219
35.3800,3.409791
35.4000,3.384905
35.4200,3.349533
35.4400,3.321806
35.4600,3.301505
35.4800,3.287528
35.5000,3.274905
35.5200,3.268484
35.5400,3.267259
35.5600,3.286803
35.5800,3.356389
35.6000,3.419111
35.6200,3.422599
35.6400,3.433604
35.6600,3.510560
35.6800,3.546779
35.7000,3.538699
35.7200,3.533882
35.7400,3.534276
35.7600,3.536258
35.7800,3.536846
35.8000,3.522805
35.8200,3.506879
35.8400,3.492563
35.8600,3.479860
35.8800,3.467648
35.9000,3.454476
35.9200,3.440635
35.9400,3.425927
35.9600,3.438703
35.9800,3.511888
36.0000,3.600000
36.0200,3.600000
36.0400,3.600000
36.0600,3.600000
36.0800,3.600000
36.1000,3.600000
36.1200,3.600000
36.1400,3.600000
36.1600,3.600000
36.1800,3.600000
36.2000,3.600000
36.2200,3.600000
36.2400,3.589015
36.2600,3.532561
36.2800,3.475629
36.3000,3.422003
36.3200,3.372024
36.3400,3.324374
36.3600,3.280946
36.3800,3.234402
36.4000,3.144135
36.4200,3.084442
36.4400,3.032007
36.4600,2.949873
36.4800,2.874552
36.5000,2.806079
36.5200,2.742833
36.5400,2.683318
36.5600,2.628323
36.5800,2.576886
36.6000,2.602513
36.6200,2.654446
36.6400,2.641928
36.6600,2.623852
36.6800,2.599097
36.7000,2.569637
36.7200,2.537826
36.7400,2.502445
36.7600,2.461393
36.7800,2.415105
36.8000,2.366820
36.8200,2.318147
36.8400,2.264675
36.8600,2.207449
36.8800,2.147136
36.9000,2.082789
36.9200,2.014662
36.9400,1.945168
36.9600,1.873159
36.9800,1.800426
37.0000,1.743965
37.0200,1.722624
37.0400,1.696356
37.0600,1.666655
37.0800,1.632590
37.1000,1.597257
37.1200,1.559574
37.1400,1.519676
37.1600,1.479269
37.1800,1.439620
37.2000,1.399984
37.2200,1.359498
37.2400,1.321009
37.2600,1.284156
37.2800,1.249840
37.3000,1.217957
37.3200,1.188860
37.3400,1.162245
37.3600,1.137226
37.3800,1.112721
37.4000,1.076800
37.4200,1.027671
37.4400,0.982399
37.4600,0.939592
37.4800,0.898647
37.5000,0.859610
37.5200,0.822394
37.5400,0.787030
37.5600,0.753673
37.5800,0.722241
37.6000,0.695295
37.6200,0.679370
37.6400,0.665692
37.6600,0.654486
37.6800,0.645706
37.7000,0.640591
37.7200,0.637562
37.7400,0.639447
37.7600,0.644103
37.7800,0.653584
37.8000,0.662832
37.8200,0.633003
37.8400,0.595416
37.8600,0.560754
37.8800,0.527598
37.9000,0.497615
37.9200,0.469123
37.9400,0.442275
37.9600,0.418302
37.9800,0.397551
38.0000,0.392516
38.0200,0.461914
38.0400,0.525246
38.0600,0.571073
38.0800,0.602505
38.1000,0.622080
38.1200,0.632100
38.1400,0.635008
38.1600,0.634332
38.1800,0.633889
38.2000,0.635355
38.2200,0.618358
38.2400,0.596471
38.2600,0.582439
38.2800,0.574593
38.3000,0.573095
38.3200,0.575841
38.3400,0.582697
38.3600,0.590567
38.3800,0.598606
38.4000,0.604938
38.4200,0.592806
38.4400,0.558982
38.4600,0.527211
38.4800,0.497205
38.5000,0.468471
38.5200,0.441115
38.5400,0.415080
38.5600,0.390881
38.5800,0.369438
38.6000,0.350798
38.6200,0.343371
38.6400,0.364306
38.6600,0.378758
38.6800,0.384614
38.7000,0.381610
38.7200,0.371033
38.7400,0.354849
38.7600,0.335758
38.7800,0.316022
38.8000,0.297269
38.8200,0.279999
38.8400,0.263429
38.8600,0.248575
38.8800,0.234188
38.9000,0.221323
38.9200,0.210448
38.9400,0.202530
38.9600,0.196223
38.9800,0.190608
39.0000,0.185751
39.0200,0.186025
39.0400,0.206824
39.0600,0.211415
39.0800,0.201338
39.1000,0.187394
39.1200,0.174715
39.1400,0.164017
39.1600,0.154125
39.1800,0.145643
39.2000,0.138006
39.2200,0.130773
39.2400,0.149018
39.2600,0.176318
39.2800,0.199783
39.3000,0.220486
39.3200,0.239238
39.3400,0.256920
39.3600,0.273724
39.3800,0.291236
39.4000,0.310625
39.4200,0.329829
39.4400,0.316272
39.4600,0.292154
39.4800,0.270695
39.5000,0.250870
39.5200,0.232867
39.5400,0.216724
39.5600,0.201918
39.5800,0.189134
39.6000,0.179467
39.6200,0.178686
39.6400,0.241607
39.6600,0.307903
39.6800,0.360633
39.7000,0.402473
39.7200,0.434832
39.7400,0.459481
39.7600,0.475914
39.7800,0.485234
39.8000,0.488223
39.8200,0.485460
39.8400,0.507193
39.8600,0.537997
39.8800,0.560439
39.9000,0.574561
39.9200,0.581851
39.9400,0.589157
39.9600,0.592903
39.9800,0.581714
40.0000,0.565982
40.0200,0.547696
40.0400,0.554390
40.0600,0.586515
40.0800,0.608442
40.1000,0.622837
40.1200,0.631835
40.1400,0.637473
40.1600,0.640969
40.1800,0.644683
40.2000,0.647607
40.2200,0.652432
40.2400,0.655735
40.2600,0.648195
40.2800,0.629426
40.3000,0.601772
40.3200,0.566868
40.3400,0.528492
40.3600,0.491437
40.3800,0.457008
40.4000,0.425487
40.4200,0.397841
40.4400,0.384654
40.4600,0.459505
40.4800,0.545561
40.5000,0.620388
40.5200,0.681440
40.5400,0.727742
40.5600,0.760085
40.5800,0.779265
40.6000,0.787393
40.6200,0.785645
40.6400,0.771282
40.6600,0.724955
40.6800,0.675302
40.7000,0.628097
40.7200,0.583921
40.7400,0.543265
40.7600,0.505759
40.7800,0.470912
40.8000,0.439053
40.8200,0.409360
40.8400,0.382939
40.8600,0.372394
40.8800,0.365515
40.9000,0.360770
40.9200,0.355284
40.9400,0.353126
40.9600,0.352481
40.9800,0.353883
41.0000,0.358491
41.0200,0.362599
41.0400,0.366860
41.0600,0.345554
41.0800,0.320469
41.1000,0.299138
41.1200,0.279129
41.1400,0.261745
41.1600,0.246561
41.1800,0.235017
41.2000,0.225383
41.2200,0.218133
41.2400,0.213075
41.2600,0.214009
41.2800,0.217537
41.3000,0.221549
41.3200,0.225883
41.3400,0.231554
41.3600,0.237378
41.3800,0.243629
41.4000,0.249694
41.4200,0.254512
41.4400,0.256437
41.4600,0.243870
41.4800,0.229878
41.5000,0.216716
41.5200,0.203811
41.5400,0.192251
41.5600,0.180563
41.5800,0.170011
41.6000,0.159426
41.6200,0.149582
41.6400,0.140318
41.6600,0.133197
41.6800,0.126117
41.7000,0.119519
41.7200,0.113035
41.7400,0.106768
41.7600,0.100597
41.7800,0.094942
41.8000,0.089449
41.8200,0.085139
41.8400,0.080660
41.8600,0.094934
41.8800,0.123628
41.9000,0.151741
41.9200,0.179185
41.9400,0.205962
41.9600,0.232013
41.9800,0.255631
42.0000,0.277647
42.0200,0.297350
42.0400,0.314001
42.0600,0.330490
42.0800,0.345884
42.1000,0.357379
42.1200,0.364750
42.1400,0.368399
42.1600,0.368149
42.1800,0.364403
42.2000,0.357290
42.2200,0.347293
42.2400,0.334614
42.2600,0.312067
42.2800,0.289222
42.3000,0.268077
42.3200,0.248905
42.3400,0.232263
42.3600,0.219906
42.3800,0.214525
42.4000,0.216748
42.4200,0.227840
42.4400,0.248800
42.4600,0.289238
42.4800,0.331650
42.5000,0.373272
42.5200,0.414765
42.5400,0.457451
42.5600,0.500499
42.5800,0.544127
42.6000,0.585347
42.6200,0.624859
42.6400,0.659787
42.6600,0.676969
42.6800,0.683454
42.7000,0.682552
42.7200,0.674158
42.7400,0.658691
42.7600,0.638432
42.7800,0.614177
42.8000,0.586902
42.8200,0.557475
42.8400,0.527122
42.8600,0.500137
42.8800,0.476398
42.9000,0.454648
42.9200,0.437586
42.9400,0.427614
42.9600,0.426784
42.9800,0.437135
43.0000,0.460528
43.0200,0.497648
43.0400,0.548606
43.0600,0.638343
43.0800,0.732898
43.1000,0.798389
43.1200,0.841566
43.1400,0.867633
43.1600,0.880481
43.1800,0.884904
43.2000,0.893644
43.2200,0.886483
43.2400,0.869832
43.2600,1.007815
43.2800,1.229081
43.3000,1.421012
43.3200,1.583974
43.3400,1.722311
43.3600,1.834218
43.3800,1.921040
43.4000,1.981168
43.4200,2.014108
43.4400,2.022010
43.4600,1.994661
43.4800,1.937853
43.5000,1.862172
43.5200,1.772488
43.5400,1.676871
43.5600,1.573058
43.5800,1.471657
43.6000,1.377592
43.6200,1.294612
43.6400,1.226037
43.6600,1.206002
43.6800,1.227261
43.7000,1.220284
43.7200,1.210054
43.7400,1.198092
43.7600,1.183109
43.7800,1.164307
43.8000,1.140382
43.8200,1.110401
43.8400,1.074948
43.8600,1.042236
43.8800,1.035848
43.9000,1.026979
43.9200,1.017173
43.9400,1.010094
43.9600,1.004793
43.9800,1.005622
44.0000,1.019454
44.0200,1.045666
44.0400,1.084365
44.0600,1.144523
44.0800,1.124649
44.1000,1.078815
44.1200,1.029160
44.1400,0.978089
44.1600,0.927614
44.1800,0.878186
44.2000,0.830151
44.2200,0.785460
44.2400,0.745094
44.2600,0.710480
44.2800,0.682326
44.3000,0.659118
44.3200,0.640784
44.3400,0.628331
44.3600,0.621967
44.3800,0.621032
44.4000,0.623441
44.4200,0.629893
44.4400,0.640849
44.4600,0.663758
44.4800,0.769526
44.5000,0.889842
44.5200,0.997278
44.5400,1.093492
44.5600,1.178759
44.5800,1.255454
44.6000,1.319761
44.6200,1.368957
44.6400,1.398035
44.6600,1.406390
44.6800,1.401499
44.7000,1.382175
44.7200,1.345050
44.7400,1.296055
44.7600,1.241164
44.7800,1.187442
44.8000,1.139633
44.8200,1.099881
44.8400,1.066361
44.8600,1.032375
44.8800,1.002618
44.9000,0.978274
44.9200,0.954881
44.9400,0.933051
44.9600,0.912204
44.9800,0.892887
45.0000,0.872861
45.0200,0.850709
45.0400,0.826333
45.0600,0.798977
45.0800,0.758144
45.1000,0.715748
45.1200,0.682850
45.1400,0.659287
45.1600,0.643434
45.1800,0.633349
45.2000,0.626478
45.2200,0.619389
45.2400,0.610117
45.2600,0.596552
45.2800,0.592379
45.3000,0.619413
45.3200,0.649621
45.3400,0.663251
45.3600,0.675624
45.3800,0.691920
45.4000,0.712034
45.4200,0.734863
45.4400,0.759320
45.4600,0.783591
45.4800,0.800346
45.5000,0.775946
45.5200,0.743346
45.5400,0.710995
45.5600,0.678532
45.5800,0.646705
45.6000,0.617045
45.6200,0.590945
45.6400,0.569099
45.6600,0.553157
45.6800,0.542138
45.7000,0.564218
45.7200,0.594063
45.7400,0.612099
45.7600,0.619574
45.7800,0.619035
45.8000,0.612800
45.8200,0.602682
45.8400,0.589431
45.8600,0.575278
45.8800,0.561922
45.9000,0.553898
45.9200,0.550056
45.9400,0.545215
45.9600,0.539834
45.9800,0.532930
46.0000,0.523248
46.0200,0.509368
46.0400,0.491662
46.0600,0.470654
46.0800,0.448220
46.1000,0.434268
46.1200,0.458651
46.1400,0.485750
46.1600,0.508812
46.1800,0.524843
46.2000,0.531521
46.2200,0.528983
46.2400,0.517818
46.2600,0.175649
46.2800,0.165379
46.3000,0.155317
46.3200,0.146714
46.3400,0.139279
46.3600,0.134414
46.3800,0.129709
46.4000,0.131514
46.4200,0.137596
46.4400,0.144725
46.4600,0.152579
46.4800,0.160827
46.5000,0.169890
46.5200,0.178968
46.5400,0.187281
46.5600,0.195466
46.5800,0.203134
46.6000,0.216321
46.6200,0.231151
46.6400,0.244644
46.6600,0.256823
46.6800,0.268504
46.7000,0.279105
46.7200,0.288159
46.7400,0.295038
46.7600,0.299920
46.7800,0.302997
46.8000,0.304511
46.8200,0.305269
46.8400,0.303955
46.8600,0.301684
46.8800,0.298099
46.9000,0.294877
46.9200,0.293218
46.9400,0.292678
46.9600,0.293709
46.9800,0.295731
47.0000,0.298099
47.0200,0.299992
47.0400,0.302304
47.0600,0.303939
47.0800,0.303609
47.1000,0.301821
47.1200,0.299146
47.1400,0.296214
47.1600,0.294072
47.1800,0.294112
47.2000,0.291880
47.2200,0.290003
47.2400,0.287990
47.2600,0.284945
47.2800,0.279290
47.3000,0.272394
47.3200,0.264798
47.3400,0.258161
47.3600,0.252014
47.3800,0.245828
47.4000,0.240672
47.4200,0.237088
47.4400,0.234631
47.4600,0.231997
47.4800,0.229838
47.5000,0.227236
47.5200,0.225673
47.5400,0.223941
47.5600,0.222040
47.5800,0.224215
47.6000,0.224272
47.6200,0.215217
47.6400,0.205076
47.6600,0.195949
47.6800,0.186508
47.7000,0.177550
47.7200,0.168689
47.7400,0.161045
47.7600,0.153827
47.7800,0.147681
47.8000,0.141438
47.8200,0.133222
47.8400,0.124296
47.8600,0.115959
47.8800,0.108306
47.9000,0.100992
47.9200,0.093839
47.9400,0.087684
47.9600,0.082013
47.9800,0.076890
48.0000,0.071525
48.0200,0.072492
48.0400,0.076383
48.0600,0.078171
48.0800,0.078840
48.1000,0.078767
48.1200,0.078936
48.1400,0.078308
48.1600,0.077712
48.1800,0.077414
48.2000,0.077261
48.2200,0.078936
48.2400,0.084881
48.2600,0.094322
48.2800,0.109426
48.3000,0.132400
48.3200,0.165234
48.3400,0.207524
48.3600,0.259022
48.3800,0.316651
48.4000,0.377123
48.4200,0.430659
48.4400,0.464725
48.4600,0.489673
48.4800,0.500813
48.5000,0.495384
48.5200,0.474384
48.5400,0.443862
48.5600,0.411632
48.5800,0.381626
48.6000,0.354068
48.6200,0.329813
48.6400,0.306590
48.6600,0.284494
48.6800,0.265056
48.7000,0.252183
48.7200,0.257073
48.7400,0.285356
48.7600,0.339617
48.7800,0.416900
48.8000,0.512284
48.8200,0.625632
48.8400,0.775704
48.8600,0.927260
48.8800,1.070726
48.9000,1.203545
48.9200,1.320938
48.9400,1.420657
48.9600,1.502678
48.9800,1.606279
49.0000,1.694061
49.0200,1.729399
49.0400,1.695631
49.0600,1.647823
49.0800,1.626427
49.1000,1.626982
49.1200,1.644213
49.1400,1.671699
49.1600,1.715608
49.1800,1.791194
49.2000,1.826517
49.2200,1.861833
49.2400,1.939424
49.2600,1.987887
49.2800,2.017506
49.3000,2.048585
49.3200,2.079809
49.3400,2.113360
49.3600,2.148975
49.3800,2.185142
49.4000,2.220870
49.4200,2.254589
49.4400,2.269274
49.4600,2.273157
49.4800,2.281639
49.5000,2.297373
49.5200,2.319792
49.5400,2.342857
49.5600,2.363228
49.5800,2.374529
49.6000,2.381273
49.6200,2.388482
49.6400,2.411376
49.6600,2.452693
49.6800,2.487267
49.7000,2.513933
49.7200,2.536012
49.7400,2.550117
49.7600,2.558125
49.7800,2.561718
49.8000,2.559253
49.8200,2.550207
49.8400,2.551560
49.8600,2.566253
49.8800,2.590283
49.9000,2.652288
49.9200,2.659755
49.9400,2.653101
49.9600,2.646609
49.9800,2.639704
50.0000,2.632382
50.0200,2.624625
50.0400,2.604454
50.0600,2.557626
50.0800,2.513892
50.1000,2.473565
50.1200,2.436196
50.1400,2.401469
50.1600,2.369609
50.1800,2.340543
50.2000,2.314436
50.2200,2.292322
50.2400,2.274971
50.2600,2.261767
50.2800,2.247774
50.3000,2.235473
50.3200,2.225251
50.3400,2.218531
50.3600,2.215575
50.3800,2.215664
50.4000,2.217639
50.4200,2.222900
50.4400,2.224188
50.4600,2.201576
50.4800,2.178819
50.5000,2.157157
50.5200,2.135327
50.5400,2.113360
50.5600,2.090893
50.5800,2.068151
50.6000,2.047143
50.6200,2.025964
50.6400,2.002756
50.6600,1.965347
50.6800,1.924553
50.7000,1.878700
50.7200,1.825663
50.7400,1.766995
50.7600,1.703307
50.7800,1.636038
50.8000,1.567242
50.8200,1.498690
50.8400,1.459354
50.8600,1.494711
50.8800,1.513439
50.9000,1.512296
50.9200,1.495356
50.9400,1.467192
50.9600,1.431708
50.9800,1.394299
51.0000,1.356317
51.0200,1.320075
51.0400,1.349882
51.0600,1.505424
51.0800,1.637856
51.1000,1.750787
51.1200,1.848299
51.1400,1.930724
51.1600,1.999856
51.1800,2.055980
51.2000,2.100752
51.2200,2.138405
51.2400,2.109880
51.2600,1.992229
51.2800,1.887635
51.3000,1.793546
51.3200,1.707231
51.3400,1.628505
51.3600,1.556626
51.3800,1.490047
51.4000,1.429470
51.4200,1.374088
51.4400,1.353401
51.4600,1.433748
51.4800,1.544325
51.5000,1.663924
51.5200,1.731663
51.5400,1.786054
51.5600,1.880949
51.5800,1.964058
51.6000,2.007155
51.6200,2.054006
51.6400,2.077447
51.6600,1.983785
51.6800,1.893612
51.7000,1.821208
51.7200,1.764248
51.7400,1.720201
51.7600,1.687350
51.7800,1.662073
51.8000,1.642489
51.8200,1.627256
51.8400,1.618128
51.8600,1.677127
51.8800,1.744864
51.9000,1.803608
51.9200,1.853883
51.9400,1.898493
51.9600,1.936790
51.9800,1.970374
52.0000,1.999913
52.0200,2.027124
52.0400,2.051880
52.0600,2.069158
52.0800,2.082282
52.1000,2.091480
52.1200,2.099326
52.1400,2.107333
52.1600,2.115631
52.1800,2.125653
52.2000,2.139604
52.2200,2.158100
52.2400,2.179124
52.2600,2.114971
52.2800,2.008703
52.3000,1.916852
52.3200,1.838601
52.3400,1.773132
52.3600,1.717896
52.3800,1.673149
52.4000,1.636215
52.4200,1.606047
52.4400,1.582797
52.4600,1.591465
52.4800,1.597958
52.5000,1.588067
52.5200,1.565890
52.5400,1.537993
52.5600,1.505908
52.5800,1.472486
52.6000,1.438676
52.6200,1.404876
52.6400,1.371172
52.6600,1.358880
52.6800,1.372082
52.7000,1.382803
52.7200,1.390456
52.7400,1.392696
52.7600,1.390143
52.7800,1.382377
52.8000,1.367852
52.8200,1.346217
52.8400,1.317845
52.8600,1.277960
52.8800,1.222701
52.9000,1.172233
52.9200,1.126084
52.9400,1.082914
52.9600,1.043057
52.9800,1.006025
53.0000,0.971323
53.0200,0.937917
53.0400,0.905936
53.0600,0.876260
53.0800,0.852167
53.1000,0.827606
53.1200,0.803471
53.1400,0.779724
53.1600,0.756242
53.1800,0.731335
53.2000,0.706194
53.2200,0.681222
53.2400,0.657040
53.2600,0.634670
53.2800,0.615909
53.3000,0.599613
53.3200,0.585983
53.3400,0.573932
53.3600,0.563412
53.3800,0.552199
53.4000,0.540849
53.4200,0.528991
53.4400,0.516715
53.4600,0.504664
53.4800,0.516328
53.5000,0.537578
53.5200,0.554229
53.5400,0.566779
53.5600,0.575044
53.5800,0.580369
53.6000,0.582495
53.6200,0.582761
53.6400,0.581351
53.6600,0.579152
53.6800,0.547180
53.7000,0.510399
53.7200,0.483841
53.7400,0.468946
53.7600,0.465160
53.7800,0.472901
53.8000,0.491050
53.8200,0.517923
53.8400,0.549645
53.8600,0.582519
53.8800,0.602191
53.9000,0.601176
53.9200,0.589616
53.9400,0.569453
53.9600,0.542162
53.9800,0.510238
54.0000,0.476671
54.0200,0.445279
54.0400,0.417053
54.0600,0.391719
54.0800,0.373248
54.1000,0.365909
54.1200,0.353335
54.1400,0.336878
54.1600,0.319035
54.1800,0.301152
54.2000,0.283567
54.2200,0.267183
54.2400,0.251555
54.2600,0.236709
54.2800,0.234003
54.3000,0.268850
54.3200,0.290954
54.3400,0.303770
54.3600,0.313461
54.3800,0.320300
54.4000,0.325125
54.4200,0.328468
54.4400,0.332995
54.4600,0.341872
54.4800,0.342662
54.5000,0.332746
54.5200,0.326615
54.5400,0.327365
54.5600,0.333511
54.5800,0.344482
54.6000,0.359626
54.6200,0.377566
54.6400,0.397124
54.6600,0.416892
54.6800,0.435943
54.7000,0.466417
54.7200,0.501893
54.7400,0.533172
54.7600,0.560697
54.7800,0.583035
54.8000,0.600048
54.8200,0.612252
54.8400,0.618994
54.8600,0.622297
54.8800,0.621685
54.9000,0.606581
54.9200,0.574770
54.9400,0.553729
54.9600,0.540647
54.9800,0.533486
55.0000,0.529394
55.0200,0.526720
55.0400,0.522547
55.0600,0.515490
55.0800,0.504978
55.1000,0.483873
55.1200,0.450749
55.1400,0.419357
55.1600,0.390124
55.1800,0.363420
55.2000,0.338102
55.2200,0.315426
55.2400,0.294458
55.2600,0.279862
55.2800,0.275625
55.3000,0.275174
55.3200,0.257331
55.3400,0.240181
55.3600,0.224578
55.3800,0.212366
55.4000,0.204665
55.4200,0.202828
55.4400,0.205680
55.4600,0.212664
55.4800,0.222628
55.5000,0.243524
55.5200,0.297559
55.5400,0.340382
55.5600,0.379749
55.5800,0.409956
55.6000,0.433655
55.6200,0.450113
55.6400,0.463541
55.6600,0.469703
55.6800,0.466763
55.7000,0.456227
55.7200,0.453270
55.7400,0.454076
55.7600,0.461430
55.7800,0.469913
55.8000,0.484058
55.8200,0.490245
55.8400,0.497277
55.8600,0.506049
55.8800,0.516626
55.9000,0.524609
55.9200,0.500032
55.9400,0.476059
55.9600,0.462760
55.9800,0.452312
56.0000,0.448107
56.0200,0.450185
56.0400,0.457693
56.0600,0.469655
56.0800,0.485275
56.1000,0.501192
56.1200,0.478419
56.1400,0.442097
56.1600,0.409441
56.1800,0.382327
56.2000,0.363646
56.2200,0.356114
56.2400,0.352787
56.2600,0.354495
56.2800,0.359570
56.3000,0.365587
56.3200,0.400781
56.3400,0.445916
56.3600,0.475874
56.3800,0.493169
56.4000,0.501256
56.4200,0.503576
56.4400,0.505558
56.4600,0.506476
56.4800,0.512317
56.5000,0.520034
56.5200,0.527654
56.5400,0.529909
56.5600,0.534219
56.5800,0.541783
56.6000,0.551820
56.6200,0.564934
56.6400,0.581351
56.6600,0.600676
56.6800,0.622788
56.7000,0.645907
56.7200,0.654567
56.7400,0.653471
56.7600,0.655526
56.7800,0.659763
56.8000,0.665893
56.8200,0.674859
56.8400,0.686257
56.8600,0.699822
56.8800,0.715998
56.9000,0.733889
56.9200,0.760697
56.9400,0.800676
56.9600,0.834018
56.9800,0.862365
57.0000,0.887441
57.0200,0.910609
57.0400,0.931360
57.0600,0.949565
57.0800,0.965241
57.1000,0.978307
57.1200,0.987530
57.1400,0.991196
57.1600,0.992106
57.1800,0.990213
57.2000,0.986008
57.2200,0.980159
57.2400,0.973208
57.2600,0.966304
57.2800,0.960633
57.3000,0.958104
57.3200,0.953198
57.3400,0.923361
57.3600,0.898961
57.3800,0.882866
57.4000,0.872128
57.4200,0.866344
57.4400,0.863928
57.4600,0.865498
57.4800,0.888625
57.5000,0.910319
57.5200,0.931561
57.5400,1.026398
57.5600,1.088022
57.5800,1.126447
57.6000,1.160021
57.6200,1.189383
57.6400,1.216490
57.6600,1.244394
57.6800,1.278026
57.7000,1.318440
57.7200,1.352677
57.7400,1.306704
57.7600,1.262496
57.7800,1.227261
57.8000,1.207477
57.8200,1.200654
57.8400,1.205084
57.8600,1.215766
57.8800,1.230509
57.9000,1.247092
57.9200,1.269584
57.9400,1.311963
57.9600,1.355012
57.9800,1.397834
58.0000,1.443075
58.0200,1.491747
58.0400,1.549471
58.0600,1.614561
58.0800,1.683999
58.1000,1.756660
58.1200,1.830658
58.1400,1.957775
58.1600,2.125225
58.1800,2.277548
58.2000,2.413350
58.2200,2.535488
58.2400,2.644523
58.2600,2.740643
58.2800,2.827265
58.3000,2.907008
58.3200,3.036108
58.3400,3.132793
58.3600,3.177567
58.3800,3.203990
58.4000,3.219377
58.4200,3.229727
58.4400,3.233506
58.4600,3.235705
58.4800,3.235350
58.5000,3.235567
58.5200,3.235189
58.5400,3.222551
58.5600,3.198118
58.5800,3.180813
58.6000,3.167304
58.6200,3.154223
58.6400,3.143121
58.6600,3.131085
58.6800,3.118278
58.7000,3.104139
58.7200,3.088599
58.7400,3.075195
58.7600,3.069331
58.7800,3.066969
58.8000,3.069129
58.8200,3.075718
58.8400,3.132559
58.8600,3.216831
58.8800,3.228897
58.9000,3.238259
58.9200,3.314571
58.9400,3.377260
58.9600,3.342121
58.9800,3.302552
59.0000,3.259881
59.0200,3.212932
59.0400,3.162036
59.0600,3.108883
59.0800,3.056876
59.1000,3.004556
59.1200,2.952636
59.1400,2.903987
59.1600,2.862653
59.1800,2.826417
59.2000,2.792375
59.2200,2.759759
59.2400,2.728792
59.2600,2.700261
59.2800,2.671485
59.3000,2.644973
59.3200,2.616675
59.3400,2.619912
59.3600,2.698970
59.3800,2.711433
59.4000,2.704367
59.4200,2.693887
59.4400,2.679321
59.4600,2.660415
59.4800,2.637868
59.5000,2.613428
59.5200,2.587906
59.5400,2.558867
59.5600,2.505876
59.5800,2.457220
59.6000,2.421326
59.6200,2.429155
59.6400,2.411408
59.6600,2.377664
59.6800,2.345603
59.7000,2.316707
59.7200,2.291654
59.7400,2.275438
59.7600,2.311592
59.7800,2.362366
59.8000,2.408025
59.8200,2.450985
59.8400,2.488727
59.8600,2.520619
59.8800,2.549692
59.9000,2.579054
59.9200,2.658668
59.9400,2.705164
59.9600,2.677090
59.9800,2.635547
60.0000,2.601345
60.0200,2.573962
60.0400,2.551817
60.0600,2.533982
60.0800,2.520804
60.1000,2.512330
60.1200,2.507012
60.1400,2.505055
60.1600,2.503840
60.1800,2.503427
60.2000,2.503557
60.2200,2.502236
60.2400,2.499988
60.2600,2.492786
60.2800,2.480606
60.3000,2.462142
60.3200,2.439482
60.3400,2.410997
60.3600,2.360376
60.3800,2.267583
60.4000,2.186400
60.4200,2.115268
60.4400,2.052581
60.4600,1.996683
60.4800,1.945498
60.5000,1.897406
60.5200,1.850692
60.5400,1.804026
60.5600,1.759656
60.5800,1.737456
60.6000,1.711894
60.6200,1.680173
60.6400,1.642424
60.6600,1.601390
60.6800,1.559856
60.7000,1.517491
60.7200,1.475813
60.7400,1.436711
60.7600,1.402604
60.7800,1.402651
60.8000,1.401025
60.8200,1.378833
60.8400,1.358331
60.8600,1.337065
60.8800,1.315452
60.9000,1.300581
60.9200,1.292365
60.9400,1.265274
60.9600,1.239046
60.9800,1.257848
61.0000,1.287515
61.0200,1.310586
61.0400,1.325739
61.0600,1.357614
61.0800,1.383263
61.1000,1.376642
61.1200,1.363711
61.1400,1.345999
61.1600,1.324313
61.1800,1.267771
61.2000,1.179211
61.2200,1.105124
61.2400,1.037845
61.2600,0.975254
61.2800,0.917319
61.3000,0.862768
61.3200,0.812606
61.3400,0.764652
61.3600,0.720654
61.3800,0.698090
61.4000,0.711817
61.4200,0.708562
61.4400,0.702618
61.4600,0.696189
61.4800,0.690470
61.5000,0.686289
61.5200,0.684606
61.5400,0.685000
61.5600,0.688795
61.5800,0.689423
61.6000,0.661027
61.6200,0.636926
61.6400,0.619228
61.6600,0.607169
61.6800,0.599839
61.7000,0.596665
61.7200,0.597736
61.7400,0.601788
61.7600,0.608804
61.7800,0.617359
61.8000,0.615522
61.8200,0.601039
61.8400,0.577509
61.8600,0.550475
61.8800,0.522571
61.9000,0.493426
61.9200,0.464943
61.9400,0.437989
61.9600,0.412921
61.9800,0.402779
62.0000,0.431182
62.0200,0.464346
62.0400,0.481150
62.0600,0.484066
62.0800,0.480925
62.1000,0.473965
62.1200,0.461245
62.1400,0.443878
62.1600,0.423353
62.1800,0.411801
62.2000,0.468302
62.2200,0.520195
62.2400,0.558836
62.2600,0.585750
62.2800,0.603778
62.3000,0.612397
62.3200,0.613195
62.3400,0.607088
62.3600,0.594707
62.3800,0.574295
62.4000,0.545376
62.4200,0.522998
62.4400,0.506984
62.4600,0.496866
62.4800,0.491252
62.5000,0.489318
62.5200,0.493580
62.5400,0.508393
62.5600,0.514040
62.5800,0.515563
62.6000,0.535959
62.6200,0.565474
62.6400,0.597792
62.6600,0.630892
62.6800,0.664209
62.7000,0.697019
62.7200,0.729418
62.7400,0.760117
62.7600,0.789093
62.7800,0.810786
62.8000,0.789673
62.8200,0.764266
62.8400,0.745046
62.8600,0.731343
62.8800,0.723916
62.9000,0.721338
62.9200,0.724657
62.9400,0.733865
62.9600,0.748550
62.9800,0.760359
63.0000,0.721387
63.0200,0.679934
63.0400,0.645682
63.0600,0.617262
63.0800,0.593241
63.1000,0.572708
63.1200,0.555059
63.1400,0.539463
63.1600,0.525278
63.1800,0.511567
63.2000,0.499855
63.2200,0.489874
63.2400,0.479829
63.2600,0.470348
63.2800,0.461801
63.3000,0.452876
63.3200,0.444764
63.3400,0.436048
63.3600,0.426349
63.3800,0.417923
63.4000,0.462631
63.4200,0.523296
63.4400,0.576486
63.4600,0.623377
63.4800,0.666586
63.5000,0.705872
63.5200,0.742017
63.5400,0.774875
63.5600,0.805187
63.5800,0.833236
63.6000,0.856621
63.6200,0.874762
63.6400,0.891187
63.6600,0.905856
63.6800,0.918398
63.7000,0.928073
63.7200,0.934421
63.7400,0.936096
63.7600,0.933969
63.7800,0.928049
63.8000,0.909779
63.8200,0.845956
63.8400,0.784573
63.8600,0.729523
63.8800,0.682374
63.9000,0.648147
63.9200,0.627847
63.9400,0.621137
63.9600,0.625890
63.9800,0.640422
64.0000,0.660246
64.0200,0.660786
64.0400,0.663259
64.0600,0.677533
64.0800,0.703769
64.1000,0.736893
64.1200,0.774101
64.1400,0.810931
64.1600,0.844321
64.1800,0.872442
64.2000,0.894450
64.2200,0.916240
64.2400,0.921653
64.2600,0.909505
64.2800,0.881287
64.3000,0.839842
64.3200,0.789624
64.3400,0.735556
64.3600,0.683776
64.3800,0.635621
64.4000,0.592291
64.4200,0.581335
64.4400,0.594860
64.4600,0.614773
64.4800,0.641469
64.5000,0.686893
64.5200,0.741541
64.5400,0.778556
64.5600,0.816916
64.5800,0.854044
64.6000,0.887562
64.6200,0.864290
64.6400,0.826486
64.6600,0.796149
64.6800,0.769800
64.7000,0.747962
64.7200,0.732286
64.7400,0.722225
64.7600,0.716344
64.7800,0.714169
64.8000,0.717673
64.8200,0.719494
64.8400,0.710568
64.8600,0.697680
64.8800,0.684050
64.9000,0.668672
64.9200,0.651562
64.9400,0.633188
64.9600,0.613919
64.9800,0.594369
65.0000,0.573884
65.0200,0.563960
65.0400,0.554736
65.0600,0.538376
65.0800,0.515619
65.1000,0.487965
65.1200,0.457685
65.1400,0.427558
65.1600,0.399476
65.1800,0.374360
65.2000,0.351652
65.2200,0.334179
65.2400,0.326946
65.2600,0.326511
65.2800,0.333438
65.3000,0.345191
65.3200,0.360681
65.3400,0.378637
65.3600,0.395304
65.3800,0.411423
65.4000,0.426671
65.4200,0.443225
65.4400,0.474504
65.4600,0.518930
65.4800,0.549822
65.5000,0.579998
65.5200,0.611358
65.5400,0.643161
65.5600,0.675189
65.5800,0.707870
65.6000,0.742379
65.6200,0.774794
65.6400,0.786249
65.6600,0.806629
65.6800,0.838271
65.7000,0.880772
65.7200,0.934936
65.7400,0.997639
65.7600,1.068649
65.7800,1.147028
65.8000,1.231781
65.8200,1.338127
65.8400,1.565478
65.8600,1.788987
65.8800,1.987168
65.9000,2.180937
65.9200,2.350814
65.9400,2.531371
65.9600,2.675271
65.9800,2.833041
66.0000,2.952393
66.0200,3.080197
66.0400,3.176786
66.0600,3.270845
66.0800,3.356107
66.1000,3.434965
66.1200,3.493127
66.1400,3.568070
66.1600,3.600000
66.1800,3.600000
66.2000,3.600000
66.2200,3.600000
66.2400,3.558090
66.2600,3.491202
66.2800,3.438606
66.3000,3.396781
66.3200,3.362704
66.3400,3.333841
66.3600,3.309335
66.3800,3.286899
66.4000,3.265158
66.4200,3.244583
66.4400,3.248280
66.4600,3.255933
66.4800,3.259543
66.5000,3.258085
66.5200,3.253404
66.5400,3.249522
66.5600,3.244944
66.5800,3.239386
66.6000,3.234577
66.6200,3.227457
66.6400,3.224734
66.6600,3.228028
66.6800,3.230090
66.7000,3.231919
66.7200,3.230171
66.7400,3.227286
66.7600,3.225990
66.7800,3.225610
66.8000,3.225861
66.8200,3.229679
66.8400,3.241618
66.8600,3.291362
66.8800,3.339987
66.9000,3.383222
66.9200,3.423484
66.9400,3.458512
66.9600,3.493683
66.9800,3.526615
67.0000,3.558008
67.0200,3.588499
67.0400,3.600000
67.0600,3.600000
67.0800,3.595347
67.1000,3.590030
67.1200,3.590071
67.1400,3.594009
67.1600,3.598393
67.1800,3.600000
67.2000,3.600000
67.2200,3.600000
67.2400,3.600000
67.2600,3.600000
67.2800,3.600000
67.3000,3.600000
67.3200,3.600000
67.3400,3.600000
67.3600,3.600000
67.3800,3.600000
67.4000,3.600000
67.4200,3.600000
67.4400,3.600000
67.4600,3.600000
67.4800,3.600000
67.5000,3.600000
67.5200,3.600000
67.5400,3.600000
67.5600,3.600000
67.5800,3.600000
67.6000,3.600000
67.6200,3.600000
67.6400,3.600000
67.6600,3.600000
67.6800,3.600000
67.7000,3.600000
67.7200,3.600000
67.7400,3.600000
67.7600,3.600000
67.7800,3.600000
67.8000,3.600000
67.8200,3.600000
67.8400,3.600000
67.8600,3.600000
67.8800,3.529718
67.9000,3.404973
67.9200,3.291718
67.9400,3.188330
67.9600,3.091226
67.9800,3.001888
68.0000,2.917198
68.0200,2.838380
68.0400,2.764068
68.0600,2.698608
68.0800,2.650378
68.1000,2.585168
68.1200,2.509750
68.1400,2.440593
68.1600,2.377519
68.1800,2.319800
68.2000,2.267584
68.2200,2.220909
68.2400,2.179214
68.2600,2.146992
68.2800,2.151550
68.3000,2.159486
68.3200,2.166308
68.3400,2.171206
68.3600,2.175597
68.3800,2.178110
68.4000,2.180375
68.4200,2.183943
68.4400,2.190041
68.4600,2.198104
68.4800,2.256321
68.5000,2.332464
68.5200,2.398769
68.5400,2.459436
68.5600,2.518034
68.5800,2.574027
68.6000,2.628944
68.6200,2.682368
68.6400,2.734786
68.6600,2.786906
68.6800,2.805144
68.7000,2.780493
68.7200,2.766065
68.7400,2.757148
68.7600,2.751002
68.7800,2.747174
68.8000,2.740851
68.8200,2.729107
68.8400,2.710273
68.8600,2.683874
68.8800,2.653253
68.9000,2.631803
68.9200,2.607474
68.9400,2.581832
68.9600,2.560089
68.9800,2.541860
69.0000,2.529939
69.0200,2.524943
69.0400,2.526015
69.0600,2.530848
69.0800,2.528859
69.1000,2.440247
69.1200,2.340543
69.1400,2.247339
69.1600,2.159429
69.1800,2.076209
69.2000,2.000123
69.2200,1.928436
69.2400,1.861663
69.2600,1.799627
69.2800,1.743247
69.3000,1.707745
69.3200,1.678973
69.3400,1.645624
69.3600,1.610235
69.3800,1.572187
69.4000,1.533505
69.4200,1.493518
69.4400,1.452748
69.4600,1.412222
69.4800,1.371455
69.5000,1.322436
69.5200,1.260319
69.5400,1.202755
69.5600,1.149542
69.5800,1.099838
69.6000,1.054029
69.6200,1.011947
69.6400,0.973047
69.6600,0.936547
69.6800,0.902295
69.7000,0.866014
69.7200,0.817641
69.7400,0.770952
69.7600,0.727251
69.7800,0.686563
69.8000,0.648791
69.8200,0.615538
69.8400,0.588311
69.8600,0.567722
69.8800,0.555115
69.9000,0.547164
69.9200,0.530965
69.9400,0.510254
69.9600,0.486652
69.9800,0.461841
70.0000,0.437079
70.0200,0.413203
70.0400,0.391365
70.0600,0.372612
70.0800,0.357846
70.1000,0.347463
70.1200,0.329523
70.1400,0.310972
70.1600,0.294023
70.1800,0.278839
70.2000,0.266015
70.2200,0.254520
70.2400,0.244120
70.2600,0.234494
70.2800,0.224328
70.3000,0.213808
70.3200,0.202055
70.3400,0.190962
70.3600,0.180474
70.3800,0.170687
70.4000,0.162011
70.4200,0.155640
70.4400,0.155656
70.4600,0.159466
70.4800,0.166498
70.5000,0.176696
70.5200,0.224570
70.5400,0.292428
70.5600,0.345666
70.5800,0.385605
70.6000,0.414814
70.6200,0.433502
70.6400,0.443459
70.6600,0.446141
70.6800,0.442839
70.7000,0.435686
70.7200,0.431223
70.7400,0.425600
70.7600,0.415491
70.7800,0.402376
70.8000,0.387329
70.8200,0.370477
70.8400,0.352223
70.8600,0.332447
70.8800,0.311519
70.9000,0.290559
70.9200,0.272604
70.9400,0.257443
70.9600,0.241607
70.9800,0.225665
71.0000,0.210811
71.0200,0.196714
71.0400,0.183761
71.0600,0.172121
71.0800,0.161278
71.1000,0.151451
71.1200,0.143122
71.1400,0.134913
71.1600,0.127470
71.1800,0.120655
71.2000,0.118819
71.2200,0.126455
71.2400,0.148100
71.2600,0.182561
71.2800,0.226245
71.3000,0.274868
71.3200,0.325753
71.3400,0.377139
71.3600,0.419486
71.3800,0.451716
71.4000,0.473820
71.4200,0.487909
71.4400,0.495424
71.4600,0.499251
71.4800,0.501917
71.5000,0.506807
71.5200,0.513388
71.5400,0.497116
71.5600,0.474110
71.5800,0.451546
71.6000,0.430135
71.6200,0.412172
71.6400,0.395078
71.6600,0.377791
71.6800,0.362365
71.7000,0.350330
71.7200,0.348212
71.7400,0.401998
71.7600,0.457951
71.7800,0.505147
71.8000,0.543539
71.8200,0.571983
71.8400,0.593298
71.8600,0.608530
71.8800,0.619808
71.9000,0.629007
71.9200,0.636346
71.9400,0.613235
71.9600,0.575116
71.9800,0.540261
72.0000,0.507701
72.0200,0.476615
72.0400,0.447108
72.0600,0.418906
72.0800,0.390817
72.1000,0.364629
72.1200,0.339593
72.1400,0.316643
72.1600,0.295465
72.1800,0.275552
72.2000,0.257790
72.2200,0.242171
72.2400,0.230909
72.2600,0.223619
72.2800,0.219535
72.3000,0.217594
72.3200,0.217191
72.3400,0.214992
72.3600,0.200846
72.3800,0.187112
72.4000,0.175134
72.4200,0.163163
72.4400,0.153022
72.4600,0.142936
72.4800,0.134293
72.5000,0.126310
72.5200,0.118384
72.5400,0.112809
72.5600,0.120969
72.5800,0.130990
72.6000,0.137853
72.6200,0.142848
72.6400,0.144539
72.6600,0.144040
72.6800,0.141607
72.7000,0.137733
72.7200,0.132891
72.7400,0.131192
72.7600,0.170880
72.7800,0.222000
72.8000,0.275907
72.8200,0.331328
72.8400,0.387071
72.8600,0.442847
72.8800,0.497277
72.9000,0.549379
72.9200,0.599637
72.9400,0.645835
72.9600,0.664717
72.9800,0.673248
73.0000,0.682689
73.0200,0.692967
73.0400,0.704156
73.0600,0.714967
73.0800,0.725616
73.1000,0.736233
73.1200,0.745569
73.1400,0.753842
73.1600,0.734082
73.1800,0.678669
73.2000,0.629346
73.2200,0.584147
73.2400,0.543378
73.2600,0.505808
73.2800,0.470944
73.3000,0.438875
73.3200,0.408990
73.3400,0.381698
73.3600,0.356307
73.3800,0.336395
73.4000,0.321105
73.4200,0.312494
73.4400,0.309175
73.4600,0.316522
73.4800,0.333599
73.5000,0.348381
73.5200,0.366860
73.5400,0.389874
73.5600,0.414790
73.5800,0.406106
73.6000,0.391381
73.6200,0.387466
73.6400,0.392202
73.6600,0.405574
73.6800,0.426244
73.7000,0.452819
73.7200,0.484807
73.7400,0.521548
73.7600,0.557580
73.7800,0.568986
73.8000,0.582616
73.8200,0.601127
73.8400,0.623256
73.8600,0.647317
73.8800,0.672958
73.9000,0.698799
73.9200,0.723691
73.9400,0.747825
73.9600,0.767778
73.9800,0.769913
74.0000,0.776164
74.0200,0.789141
74.0400,0.807282
74.0600,0.828315
74.0800,0.850322
74.1000,0.872652
74.1200,0.893660
74.1400,0.912454
74.1600,0.926019
74.1800,0.914741
74.2000,0.898131
74.2200,0.881690
74.2400,0.866183
74.2600,0.850499
74.2800,0.835621
74.3000,0.822611
74.3200,0.811003
74.3400,0.801216
74.3600,0.801176
74.3800,0.769808
74.4000,0.728387
74.4200,0.689012
74.4400,0.652368
74.4600,0.618084
74.4800,0.586281
74.5000,0.556404
74.5200,0.528943
74.5400,0.502263
74.5600,0.487506
74.5800,0.593853
74.6000,0.691703
74.6200,0.779595
74.6400,0.887312
74.6600,0.970219
74.6800,1.048945
74.7000,1.096650
74.7200,1.131707
74.7400,1.163744
74.7600,1.192147
74.7800,1.148421
74.8000,1.079282
74.8200,1.024706
74.8400,0.987732
74.8600,0.953617
74.8800,0.919961
74.9000,0.889826
74.9200,0.860069
74.9400,0.829152
74.9600,0.797551
74.9800,0.756903
75.0000,0.705405
75.0200,0.658401
75.0400,0.614507
75.0600,0.574311
75.0800,0.536773
75.1000,0.502151
75.1200,0.469365
75.1400,0.439496
75.1600,0.411237
75.1800,0.388457
75.2000,0.370332
75.2200,0.349646
75.2400,0.328049
75.2600,0.307242
75.2800,0.287780
75.3000,0.269656
75.3200,0.252876
75.3400,0.237547
75.3600,0.222459
75.3800,0.211721
75.4000,0.205221
75.4200,0.198011
75.4400,0.191389
75.4600,0.186194
75.4800,0.182835
75.5000,0.181167
75.5200,0.180829
75.5400,0.182617
75.5600,0.185799
75.5800,0.195611
75.6000,0.216756
75.6200,0.236073
75.6400,0.251998
75.6600,0.265322
75.6800,0.275085
75.7000,0.280845
75.7200,0.282415
75.7400,0.279725
75.7600,0.273337
75.7800,0.264218
75.8000,0.257121
75.8200,0.259401
75.8400,0.270227
75.8600,0.290696
75.8800,0.319897
75.9000,0.360375
75.9200,0.419454
75.9400,0.465925
75.9600,0.508998
75.9800,0.551909
76.0000,0.614507
76.0200,0.659183
76.0400,0.672369
76.0600,0.673964
76.0800,0.665393
76.1000,0.651006
76.1200,0.634082
76.1400,0.616634
76.1600,0.600942
76.1800,0.587457
76.2000,0.598461
76.2200,0.616827
76.2400,0.626752
76.2600,0.629265
76.2800,0.625205
76.3000,0.615377
76.3200,0.600604
76.3400,0.582656
76.3600,0.561487
76.3800,0.539222
76.4000,0.505171
76.4200,0.469583
76.4400,0.437151
76.4600,0.411245
76.4800,0.396190
76.5000,0.389834
76.5200,0.395328
76.5400,0.412655
76.5600,0.441010
76.5800,0.475044
76.6000,0.486161
76.6200,0.500652
76.6400,0.525898
76.6600,0.560609
76.6800,0.603552
76.7000,0.652803
76.7200,0.707781
76.7400,0.766070
76.7600,0.827066
76.7800,0.887901
76.8000,0.936491
76.8200,0.977284
76.8400,1.001675
76.8600,1.029338
76.8800,1.059417
76.9000,1.090518
76.9200,1.122426
76.9400,1.155680
76.9600,1.188183
76.9800,1.219890
77.0000,1.208418
77.0200,1.170783
77.0400,1.141189
77.0600,1.118254
77.0800,1.100540
77.1000,1.086418
77.1200,1.076236
77.1400,1.068487
77.1600,1.062254
77.1800,1.056863
77.2000,1.119142
77.2200,1.232964
77.2400,1.326069
77.2600,1.406287
77.2800,1.477545
77.3000,1.539218
77.3200,1.593488
77.3400,1.639315
77.3600,1.678425
77.3800,1.709164
77.4000,1.734877
77.4200,1.774196
77.4400,1.777161
77.4600,1.760640
77.4800,1.739720
77.5000,1.712725
77.5200,1.680696
77.5400,1.644914
77.5600,1.605087
77.5800,1.562586
77.6000,1.518514
77.6200,1.484416
77.6400,1.460564
77.6600,1.445556
77.6800,1.439160
77.7000,1.439321
77.7200,1.446805
77.7400,1.459469
77.7600,1.482870
77.7800,1.543405
77.8000,1.571722
77.8200,1.496081
77.8400,1.419344
77.8600,1.350913
77.8800,1.296006
77.9000,1.251758
77.9200,1.218537
77.9400,1.194426
77.9600,1.180111
77.9800,1.173167
78.0000,1.170397
78.0200,1.156992
78.0400,1.148559
78.0600,1.146618
78.0800,1.152104
78.1000,1.170066
78.1200,1.215225
78.1400,1.240222
78.1600,1.257259
78.1800,1.278349
78.2000,1.300018
78.2200,1.330702
78.2400,1.361778
78.2600,1.387741
78.2800,1.408203
78.3000,1.441037
78.3200,1.469070
78.3400,1.459097
78.3600,1.437968
78.3800,1.405172
78.4000,1.361763
78.4200,1.295724
78.4400,1.222250
78.4600,1.173700
78.4800,1.141897
78.5000,1.118891
78.5200,1.125859
78.5400,1.150501
78.5600,1.167956
78.5800,1.195547
78.6000,1.233198
78.6200,1.273073
78.6400,1.309403
78.6600,1.348810
78.6800,1.387726
78.7000,1.425304
78.7200,1.460127
78.7400,1.491851
78.7600,1.519843
78.7800,1.543591
78.8000,1.560903
78.8200,1.587615
78.8400,1.638727
78.8600,1.679513
78.8800,1.709493
78.9000,1.728150
78.9200,1.737496
78.9400,1.739002
78.9600,1.733145
78.9800,1.723704
79.0000,1.711259
79.0200,1.692659
79.0400,1.665777
79.0600,1.638154
79.0800,1.611652
79.1000,1.587446
79.1200,1.589259
79.1400,1.596966
79.1600,1.597571
79.1800,1.598208
79.2000,1.600165
79.2200,1.609123
79.2400,1.684610
79.2600,1.719201
79.2800,1.737569
79.3000,1.753550
79.3200,1.768131
79.3400,1.779459
79.3600,1.786353
79.3800,1.788929
79.4000,1.784823
79.4200,1.758633
79.4400,1.676474
79.4600,1.605055
79.4800,1.548352
79.5000,1.504377
79.5200,1.470827
79.5400,1.448328
79.5600,1.433594
79.5800,1.423805
79.6000,1.417024
79.6200,1.409484
79.6400,1.397287
79.6600,1.381039
79.6800,1.359692
79.7000,1.334084
79.7200,1.305785
79.7400,1.275181
79.7600,1.243370
79.7800,1.210835
79.8000,1.178251
79.8200,1.145337
79.8400,1.102531
79.8600,1.062053
79.8800,1.025931
79.9000,0.994828
79.9200,0.968479
79.9400,0.949364
79.9600,0.938577
79.9800,0.919325
80.0000,0.894949
80.0200,0.867697
80.0400,0.828951
80.0600,0.791469
80.0800,0.756533
80.1000,0.720871
80.1200,0.683341
80.1400,0.645303
80.1600,0.608055
80.1800,0.571499
80.2000,0.536233
80.2200,0.505542
80.2400,0.491582
80.2600,0.481408
80.2800,0.473763
80.3000,0.466884
80.3200,0.462889
80.3400,0.460206
80.3600,0.460262
80.3800,0.462558
80.4000,0.466159
80.4200,0.472346
80.4400,0.479773
80.4600,0.485444
80.4800,0.484630
80.5000,0.483623
80.5200,0.483132
80.5400,0.480796
80.5600,0.477219
80.5800,0.471572
80.6000,0.463871
80.6200,0.453874
80.6400,0.428089
80.6600,0.399992
80.6800,0.374779
80.7000,0.351555
80.7200,0.329950
80.7400,0.310521
80.7600,0.294998
80.7800,0.284945
80.8000,0.281811
80.8200,0.287088
80.8400,0.295224
80.8600,0.308128
80.8800,0.329676
80.9000,0.358112
80.9200,0.391985
80.9400,0.430973
80.9600,0.474585
80.9800,0.521894
81.0000,0.571041
81.0200,0.623191
81.0400,0.662445
81.0600,0.687683
81.0800,0.721338
81.1000,0.762389
81.1200,0.811817
81.1400,0.867883
81.1600,0.930224
81.1800,1.000862
81.2000,1.076986
81.2200,1.159473
81.2400,1.257588
81.2600,1.370438
81.2800,1.481178
81.3000,1.589001
81.3200,1.694705
81.3400,1.798975
81.3600,1.898743
81.3800,1.994927
81.4000,2.087598
81.4200,2.174436
81.4400,2.273681
81.4600,2.428494
81.4800,2.573600
81.5000,2.707485
81.5200,2.827425
81.5400,2.934188
81.5600,3.032990
81.5800,3.122644
81.6000,3.200903
81.6200,3.312219
81.6400,3.409791
81.6600,3.384905
81.6800,3.349533
81.7000,3.321806
81.7200,3.301505
81.7400,3.287528
81.7600,3.274905
81.7800,3.268484
81.8000,3.267259
81.8200,3.286803
81.8400,3.356389
81.8600,3.419111
81.8800,3.422599
81.9000,3.433604
81.9200,3.510560
81.9400,3.546779
81.9600,3.538699
81.9800,3.533882
82.0000,3.534276
82.0200,3.536258
82.0400,3.536846
82.0600,3.522805
82.0800,3.506879
82.1000,3.492563
82.1200,3.479860
82.1400,3.467648
82.1600,3.454476
82.1800,3.440635
82.2000,3.425927
82.2200,3.438703
82.2400,3.511888
82.2600,3.600000
82.2800,3.600000
82.3000,3.600000
82.3200,3.600000
82.3400,3.600000
82.3600,3.600000
82.3800,3.600000
82.4000,3.600000
82.4200,3.600000
82.4400,3.600000
82.4600,3.600000
82.4800,3.600000
82.5000,3.589015
82.5200,3.532561
82.5400,3.475629
82.5600,3.422003
82.5800,3.372024
82.6000,3.324374
82.6200,3.280946
82.6400,3.234402
82.6600,3.144135
82.6800,3.084442
82.7000,3.032007
82.7200,2.949873
82.7400,2.874552
82.7600,2.806079
82.7800,2.742833
82.8000,2.683318
82.8200,2.628323
82.8400,2.576886
82.8600,2.602513
82.8800,2.654446
82.9000,2.641928
82.9200,2.623852
82.9400,2.599097
82.9600,2.569637
82.9800,2.537826
83.0000,2.502445
83.0200,2.461393
83.0400,2.415105
83.0600,2.366820
83.0800,2.318147
83.1000,2.264675
83.1200,2.207449
83.1400,2.147136
83.1600,2.082789
83.1800,2.014662
83.2000,1.945168
83.2200,1.873159
83.2400,1.800426
83.2600,1.743965
83.2800,1.722624
83.3000,1.696356
83.3200,1.666655
83.3400,1.632590
83.3600,1.597257
83.3800,1.559574
83.4000,1.519676
83.4200,1.479269
83.4400,1.439620
83.4600,1.399984
83.4800,1.359498
83.5000,1.321009
83.5200,1.284156
83.5400,1.249840
83.5600,1.217957
83.5800,1.188860
83.6000,1.162245
83.6200,1.137226
83.6400,1.112721
83.6600,1.076800
83.6800,1.027671
83.7000,0.982399
83.7200,0.939592
83.7400,0.898647
83.7600,0.859610
83.7800,0.822394
83.8000,0.787030
83.8200,0.753673
83.8400,0.722241
83.8600,0.695295
83.8800,0.679370
83.9000,0.665692
83.9200,0.654486
83.9400,0.645706
83.9600,0.640591
83.9800,0.637562
84.0000,0.639447
84.0200,0.644103
84.0400,0.653584
84.0600,0.662832
84.0800,0.633003
84.1000,0.595416
84.1200,0.560754
84.1400,0.527598
84.1600,0.497615
84.1800,0.469123
84.2000,0.442275
84.2200,0.418302
84.2400,0.397551
84.2600,0.392516
84.2800,0.461914
84.3000,0.525246
84.3200,0.571073
84.3400,0.602505
84.3600,0.622080
84.3800,0.632100
84.4000,0.635008
84.4200,0.634332
84.4400,0.633889
84.4600,0.635355
84.4800,0.618358
84.5000,0.596471
84.5200,0.582439
84.5400,0.574593
84.5600,0.573095
84.5800,0.575841
84.6000,0.582697
84.6200,0.590567
84.6400,0.598606
84.6600,0.604938
84.6800,0.592806
84.7000,0.558982
84.7200,0.527211
84.7400,0.497205
84.7600,0.468471
84.7800,0.441115
84.8000,0.415080
84.8200,0.390881
84.8400,0.369438
84.8600,0.350798
84.8800,0.343371
84.9000,0.364306
84.9200,0.378758
84.9400,0.384614
84.9600,0.381610
84.9800,0.371033
85.0000,0.354849
85.0200,0.335758
85.0400,0.316022
85.0600,0.297269
85.0800,0.279999
85.1000,0.263429
85.1200,0.248575
85.1400,0.234188
85.1600,0.221323
85.1800,0.210448
85.2000,0.202530
85.2200,0.196223
85.2400,0.190608
85.2600,0.185751
85.2800,0.186025
85.3000,0.206824
85.3200,0.211415
85.3400,0.201338
85.3600,0.187394
85.3800,0.174715
85.4000,0.164017
85.4200,0.154125
85.4400,0.145643
85.4600,0.138006
85.4800,0.130773
85.5000,0.149018
85.5200,0.176318
85.5400,0.199783
85.5600,0.220486
85.5800,0.239238
85.6000,0.256920
85.6200,0.273724
85.6400,0.291236
85.6600,0.310625
85.6800,0.329829
85.7000,0.316272
85.7200,0.292154
85.7400,0.270695
85.7600,0.250870
85.7800,0.232867
85.8000,0.216724
85.8200,0.201918
85.8400,0.189134
85.8600,0.179467
85.8800,0.178686
85.9000,0.241607
85.9200,0.307903
85.9400,0.360633
85.9600,0.402473
85.9800,0.434832
86.0000,0.459481
86.0200,0.475914
86.0400,0.485234
86.0600,0.488223
86.0800,0.485460
86.1000,0.507193
86.1200,0.537997
86.1400,0.560439
86.1600,0.574561
86.1800,0.581851
86.2000,0.589157
86.2200,0.592903
86.2400,0.581714
86.2600,0.565982
86.2800,0.547696
86.3000,0.554390
86.3200,0.586515
86.3400,0.608442
86.3600,0.622837
86.3800,0.631835
86.4000,0.637473
86.4200,0.640969
86.4400,0.644683
86.4600,0.647607
86.4800,0.652432
86.5000,0.655735
86.5200,0.648195
86.5400,0.629426
86.5600,0.601772
86.5800,0.566868
86.6000,0.528492
86.6200,0.491437
86.6400,0.457008
86.6600,0.425487
86.6800,0.397841
86.7000,0.384654
86.7200,0.459505
86.7400,0.545561
86.7600,0.620388
86.7800,0.681440
86.8000,0.727742
86.8200,0.760085
86.8400,0.779265
86.8600,0.787393
86.8800,0.785645
86.9000,0.771282
86.9200,0.724955
86.9400,0.675302
86.9600,0.628097
86.9800,0.583921
87.0000,0.543265
87.0200,0.505759
87.0400,0.470912
87.0600,0.439053
87.0800,0.409360
87.1000,0.382939
87.1200,0.372394
87.1400,0.365515
87.1600,0.360770
87.1800,0.355284
87.2000,0.353126
87.2200,0.352481
87.2400,0.353883
87.2600,0.358491
87.2800,0.362599
87.3000,0.366860
87.3200,0.345554
87.3400,0.320469
87.3600,0.299138
87.3800,0.279129
87.4000,0.261745
87.4200,0.246561
87.4400,0.235017
87.4600,0.225383
87.4800,0.218133
87.5000,0.213075
87.5200,0.214009
87.5400,0.217537
87.5600,0.221549
87.5800,0.225883
87.6000,0.231554
87.6200,0.237378
87.6400,0.243629
87.6600,0.249694
87.6800,0.254512
87.7000,0.256437
87.7200,0.243870
87.7400,0.229878
87.7600,0.216716
87.7800,0.203811
87.8000,0.192251
87.8200,0.180563
87.8400,0.170011
87.8600,0.159426
87.8800,0.149582
87.9000,0.140318
87.9200,0.133197
87.9400,0.126117
87.9600,0.119519
87.9800,0.113035
88.0000,0.106768
88.0200,0.100597
88.0400,0.094942
88.0600,0.089449
88.0800,0.085139
88.1000,0.080660
88.1200,0.094934
88.1400,0.123628
88.1600,0.151741
88.1800,0.179185
88.2000,0.205962
88.2200,0.232013
88.2400,0.255631
88.2600,0.277647
88.2800,0.297350
88.3000,0.314001
88.3200,0.330490
88.3400,0.345884
88.3600,0.357379
88.3800,0.364750
88.4000,0.368399
88.4200,0.368149
88.4400,0.364403
88.4600,0.357290
88.4800,0.347293
88.5000,0.334614
88.5200,0.312067
88.5400,0.289222
88.5600,0.268077
88.5800,0.248905
88.6000,0.232263
88.6200,0.219906
88.6400,0.214525
88.6600,0.216748
88.6800,0.227840
88.7000,0.248800
88.7200,0.289238
88.7400,0.331650
88.7600,0.373272
88.7800,0.414765
88.8000,0.457451
88.8200,0.500499
88.8400,0.544127
88.8600,0.585347
88.8800,0.624859
88.9000,0.659787
88.9200,0.676969
88.9400,0.683454
88.9600,0.682552
88.9800,0.674158
89.0000,0.658691
89.0200,0.638432
89.0400,0.614177
89.0600,0.586902
89.0800,0.557475
89.1000,0.527122
89.1200,0.500137
89.1400,0.476398
89.1600,0.454648
89.1800,0.437586
89.2000,0.427614
89.2200,0.426784
89.2400,0.437135
89.2600,0.460528
89.2800,0.497648
89.3000,0.548606
89.3200,0.638343
89.3400,0.732898
89.3600,0.798389
89.3800,0.841566
89.4000,0.867633
89.4200,0.880481
89.4400,0.884904
89.4600,0.893644
89.4800,0.886483
89.5000,0.869832
89.5200,1.007815
89.5400,1.229081
89.5600,1.421012
89.5800,1.583974
89.6000,1.722311
89.6200,1.834218
89.6400,1.921040
89.6600,1.981168
89.6800,2.014108
89.7000,2.022010
89.7200,1.994661
89.7400,1.937853
89.7600,1.862172
89.7800,1.772488
89.8000,1.676871
89.8200,1.573058
89.8400,1.471657
89.8600,1.377592
89.8800,1.294612
89.9000,1.226037
89.9200,1.206002
89.9400,1.227261
89.9600,1.220284
89.9800,1.210054
90.0000,1.198092
90.0200,1.183109
90.0400,1.164307
90.0600,1.140382
90.0800,1.110401
90.1000,1.074948
90.1200,1.042236
90.1400,1.035848
90.1600,1.026979
90.1800,1.017173
90.2000,1.010094
90.2200,1.004793
90.2400,1.005622
90.2600,1.019454
90.2800,1.045666
90.3000,1.084365
90.3200,1.144523
90.3400,1.124649
90.3600,1.078815
90.3800,1.029160
90.4000,0.978089
90.4200,0.927614
90.4400,0.878186
90.4600,0.830151
90.4800,0.785460
90.5000,0.745094
90.5200,0.710480
90.5400,0.682326
90.5600,0.659118
90.5800,0.640784
90.6000,0.628331
90.6200,0.621967
90.6400,0.621032
90.6600,0.623441
90.6800,0.629893
90.7000,0.640849
90.7200,0.663758
90.7400,0.769526
90.7600,0.889842
90.7800,0.997278
90.8000,1.093492
90.8200,1.178759
90.8400,1.255454
90.8600,1.319761
90.8800,1.368957
90.9000,1.398035
90.9200,1.406390
90.9400,1.401499
90.9600,1.382175
90.9800,1.345050
91.0000,1.296055
91.0200,1.241164
91.0400,1.187442
91.0600,1.139633
91.0800,1.099881
91.1000,1.066361
91.1200,1.032375
91.1400,1.002618
91.1600,0.978274
91.1800,0.954881
91.2000,0.933051
91.2200,0.912204
91.2400,0.892887
91.2600,0.872861
91.2800,0.850709
91.3000,0.826333
91.3200,0.798977
91.3400,0.758144
91.3600,0.715748
91.3800,0.682850
91.4000,0.659287
91.4200,0.643434
91.4400,0.633349
91.4600,0.626478
91.4800,0.619389
91.5000,0.610117
91.5200,0.596552
91.5400,0.592379
91.5600,0.619413
91.5800,0.649621
91.6000,0.663251
91.6200,0.675624
91.6400,0.691920
91.6600,0.712034
91.6800,0.734863
91.7000,0.759320
91.7200,0.783591
91.7400,0.800346
91.7600,0.775946
91.7800,0.743346
91.8000,0.710995
91.8200,0.678532
91.8400,0.646705
91.8600,0.617045
91.8800,0.590945
91.9000,0.569099
91.9200,0.553157
91.9400,0.542138
91.9600,0.564218
91.9800,0.594063
92.0000,0.612099
92.0200,0.619574
92.0400,0.619035
92.0600,0.612800
92.0800,0.602682
92.1000,0.589431
92.1200,0.575278
92.1400,0.561922
92.1600,0.553898
92.1800,0.550056
92.2000,0.545215
92.2200,0.539834
92.2400,0.532930
92.2600,0.523248
92.2800,0.509368
92.3000,0.491662
92.3200,0.470654
92.3400,0.448220
92.3600,0.434268
92.3800,0.458651
92.4000,0.485750
92.4200,0.508812
92.4400,0.524843
92.4600,0.531521
92.4800,0.528983
92.5000,0.517818
92.5200,0.175649
92.5400,0.165379
92.5600,0.155317
92.5800,0.146714
92.6000,0.139279
92.6200,0.134414
92.6400,0.129709
92.6600,0.131514
92.6800,0.137596
92.7000,0.144725
92.7200,0.152579
92.7400,0.160827
92.7600,0.169890
92.7800,0.178968
92.8000,0.187281
92.8200,0.195466
92.8400,0.203134
92.8600,0.216321
92.8800,0.231151
92.9000,0.244644
92.9200,0.256823
92.9400,0.268504
92.9600,0.279105
92.9800,0.288159
93.0000,0.295038
93.0200,0.299920
93.0400,0.302997
93.0600,0.304511
93.0800,0.305269
93.1000,0.303955
93.1200,0.301684
93.1400,0.298099
93.1600,0.294877
93.1800,0.293218
93.2000,0.292678
93.2200,0.293709
93.2400,0.295731
93.2600,0.298099
93.2800,0.299992
93.3000,0.302304
93.3200,0.303939
93.3400,0.303609
93.3600,0.301821
93.3800,0.299146
93.4000,0.296214
93.4200,0.294072
93.4400,0.294112
93.4600,0.291880
93.4800,0.290003
93.5000,0.287990
93.5200,0.284945
93.5400,0.279290
93.5600,0.272394
93.5800,0.264798
93.6000,0.258161
93.6200,0.252014
93.6400,0.245828
93.6600,0.240672
93.6800,0.237088
93.7000,0.234631
93.7200,0.231997
93.7400,0.229838
93.7600,0.227236
93.7800,0.225673
93.8000,0.223941
93.8200,0.222040
93.8400,0.224215
93.8600,0.224272
93.8800,0.215217
93.9000,0.205076
93.9200,0.195949
93.9400,0.186508
93.9600,0.177550
93.9800,0.168689
94.0000,0.161045
94.0200,0.153827
94.0400,0.147681
94.0600,0.141438
94.0800,0.133222
94.1000,0.124296
94.1200,0.115959
94.1400,0.108306
94.1600,0.100992
94.1800,0.093839
94.2000,0.087684
94.2200,0.082013
94.2400,0.076890
94.2600,0.071525
94.2800,0.072492
94.3000,0.076383
94.3200,0.078171
94.3400,0.078840
94.3600,0.078767
94.3800,0.078936
94.4000,0.078308
94.4200,0.077712
94.4400,0.077414
94.4600,0.077261
94.4800,0.078936
94.5000,0.084881
94.5200,0.094322
94.5400,0.109426
94.5600,0.132400
94.5800,0.165234
94.6000,0.207524
94.6200,0.259022
94.6400,0.316651
94.6600,0.377123
94.6800,0.430659
94.7000,0.464725
94.7200,0.489673
94.7400,0.500813
94.7600,0.495384
94.7800,0.474384
94.8000,0.443862
94.8200,0.411632
94.8400,0.381626
94.8600,0.354068
94.8800,0.329813
94.9000,0.306590
94.9200,0.284494
94.9400,0.265056
94.9600,0.252183
94.9800,0.257073
95.0000,0.285356
95.0200,0.339617
95.0400,0.416900
95.0600,0.512284
95.0800,0.625632
95.1000,0.775704
95.1200,0.927260
95.1400,1.070726
95.1600,1.203545
95.1800,1.320938
95.2000,1.420657
95.2200,1.502678
95.2400,1.606279
95.2600,1.694061
95.2800,1.729399
95.3000,1.695631
95.3200,1.647823
95.3400,1.626427
95.3600,1.626982
95.3800,1.644213
95.4000,1.671699
95.4200,1.715608
95.4400,1.791194
95.4600,1.826517
95.4800,1.861833
95.5000,1.939424
95.5200,1.987887
95.5400,2.017506
95.5600,2.048585
95.5800,2.079809
95.6000,2.113360
95.6200,2.148975
95.6400,2.185142
95.6600,2.220870
95.6800,2.254589
95.7000,2.269274
95.7200,2.273157
95.7400,2.281639
95.7600,2.297373
95.7800,2.319792
95.8000,2.342857
95.8200,2.363228
95.8400,2.374529
95.8600,2.381273
95.8800,2.388482
95.9000,2.411376
95.9200,2.452693
95.9400,2.487267
95.9600,2.513933
95.9800,2.536012
96.0000,2.550117
96.0200,2.558125
96.0400,2.561718
96.0600,2.559253
96.0800,2.550207
96.1000,2.551560
96.1200,2.566253
96.1400,2.590283
96.1600,2.652288
96.1800,2.659755
96.2000,2.653101
96.2200,2.646609
96.2400,2.639704
96.2600,2.632382
96.2800,2.624625
96.3000,2.604454
96.3200,2.557626
96.3400,2.513892
96.3600,2.473565
96.3800,2.436196
96.4000,2.401469
96.4200,2.369609
96.4400,2.340543
96.4600,2.314436
96.4800,2.292322
96.5000,2.274971
96.5200,2.261767
96.5400,2.247774
96.5600,2.235473
96.5800,2.225251
96.6000,2.218531
96.6200,2.215575
96.6400,2.215664
96.6600,2.217639
96.6800,2.222900
96.7000,2.224188
96.7200,2.201576
96.7400,2.178819
96.7600,2.157157
96.7800,2.135327
96.8000,2.113360
96.8200,2.090893
96.8400,2.068151
96.8600,2.047143
96.8800,2.025964
96.9000,2.002756
96.9200,1.965347
96.9400,1.924553
96.9600,1.878700
96.9800,1.825663
97.0000,1.766995
97.0200,1.703307
97.0400,1.636038
97.0600,1.567242
97.0800,1.498690
97.1000,1.459354
97.1200,1.494711
97.1400,1.513439
97.1600,1.512296
97.1800,1.495356
97.2000,1.467192
97.2200,1.431708
97.2400,1.394299
97.2600,1.356317
97.2800,1.320075
97.3000,1.349882
97.3200,1.505424
97.3400,1.637856
97.3600,1.750787
97.3800,1.848299
97.4000,1.930724
97.4200,1.999856
97.4400,2.055980
97.4600,2.100752
97.4800,2.138405
97.5000,2.109880
97.5200,1.992229
97.5400,1.887635
97.5600,1.793546
97.5800,1.707231
97.6000,1.628505
97.6200,1.556626
97.6400,1.490047
97.6600,1.429470
97.6800,1.374088
97.7000,1.353401
97.7200,1.433748
97.7400,1.544325
97.7600,1.663924
97.7800,1.731663
97.8000,1.786054
97.8200,1.880949
97.8400,1.964058
97.8600,2.007155
97.8800,2.054006
97.9000,2.077447
97.9200,1.983785
97.9400,1.893612
97.9600,1.821208
97.9800,1.764248
98.0000,1.720201
98.0200,1.687350
98.0400,1.662073
98.0600,1.642489
98.0800,1.627256
98.1000,1.618128
98.1200,1.677127
98.1400,1.744864
98.1600,1.803608
98.1800,1.853883
98.2000,1.898493
98.2200,1.936790
98.2400,1.970374
98.2600,1.999913
98.2800,2.027124
98.3000,2.051880
98.3200,2.069158
98.3400,2.082282
98.3600,2.091480
98.3800,2.099326
98.4000,2.107333
98.4200,2.115631
98.4400,2.125653
98.4600,2.139604
98.4800,2.158100
98.5000,2.179124
98.5200,2.114971
98.5400,2.008703
98.5600,1.916852
98.5800,1.838601
98.6000,1.773132
98.6200,1.717896
98.6400,1.673149
98.6600,1.636215
98.6800,1.606047
98.7000,1.582797
98.7200,1.591465
98.7400,1.597958
98.7600,1.588067
98.7800,1.565890
98.8000,1.537993
98.8200,1.505908
98.8400,1.472486
98.8600,1.438676
98.8800,1.404876
98.9000,1.371172
98.9200,1.358880
98.9400,1.372082
98.9600,1.382803
98.9800,1.390456
99.0000,1.392696
99.0200,1.390143
99.0400,1.382377
99.0600,1.367852
99.0800,1.346217
99.1000,1.317845
99.1200,1.277960
99.1400,1.222701
99.1600,1.172233
99.1800,1.126084
99.2000,1.082914
99.2200,1.043057
99.2400,1.006025
99.2600,0.971323
99.2800,0.937917
99.3000,0.905936
99.3200,0.876260
99.3400,0.852167
99.3600,0.827606
99.3800,0.803471
99.4000,0.779724
99.4200,0.756242
99.4400,0.731335
99.4600,0.706194
99.4800,0.681222
99.5000,0.657040
99.5200,0.634670
99.5400,0.615909
99.5600,0.599613
99.5800,0.585983
99.6000,0.573932
99.6200,0.563412
99.6400,0.552199
99.6600,0.540849
99.6800,0.528991
99.7000,0.516715
99.7200,0.504664
99.7400,0.516328
99.7600,0.537578
99.7800,0.554229
99.8000,0.566779
99.8200,0.575044
99.8400,0.580369
99.8600,0.582495
99.8800,0.582761
99.9000,0.581351
99.9200,0.579152
99.9400,0.547180
99.9600,0.510399
99.9800,0.483841
100.0000,0.468946
100.0200,0.465160
100.0400,0.472901
100.0600,0.491050
100.0800,0.517923
100.1000,0.549645
100.1200,0.582519
100.1400,0.602191
100.1600,0.601176
100.1800,0.589616
100.2000,0.569453
100.2200,0.542162
100.2400,0.510238
100.2600,0.476671
100.2800,0.445279
100.3000,0.417053
100.3200,0.391719
100.3400,0.373248
100.3600,0.365909
100.3800,0.353335
100.4000,0.336878
100.4200,0.319035
100.4400,0.301152
100.4600,0.283567
100.4800,0.267183
100.5000,0.251555
100.5200,0.236709
100.5400,0.234003
100.5600,0.268850
100.5800,0.290954
100.6000,0.303770
100.6200,0.313461
100.6400,0.320300
100.6600,0.325125
100.6800,0.328468
100.7000,0.332995
100.7200,0.341872
100.7400,0.342662
100.7600,0.332746
100.7800,0.326615
100.8000,0.327365
100.8200,0.333511
100.8400,0.344482
100.8600,0.359626
100.8800,0.377566
100.9000,0.397124
100.9200,0.416892
100.9400,0.435943
100.9600,0.466417
100.9800,0.501893
101.0000,0.533172
101.0200,0.560697
101.0400,0.583035
101.0600,0.600048
101.0800,0.612252
101.1000,0.618994
101.1200,0.622297
101.1400,0.621685
101.1600,0.606581
101.1800,0.574770
101.2000,0.553729
101.2200,0.540647
101.2400,0.533486
101.2600,0.529394
101.2800,0.526720
101.3000,0.522547
101.3200,0.515490
101.3400,0.504978
101.3600,0.483873
101.3800,0.450749
101.4000,0.419357
101.4200,0.390124
101.4400,0.363420
101.4600,0.338102
101.4800,0.315426
101.5000,0.294458
101.5200,0.279862
101.5400,0.275625
101.5600,0.275174
101.5800,0.257331
101.6000,0.240181
101.6200,0.224578
101.6400,0.212366
101.6600,0.204665
101.6800,0.202828
101.7000,0.205680
101.7200,0.212664
101.7400,0.222628
101.7600,0.243524
101.7800,0.297559
101.8000,0.340382
101.8200,0.379749
101.8400,0.409956
101.8600,0.433655
101.8800,0.450113
101.9000,0.463541
101.9200,0.469703
101.9400,0.466763
101.9600,0.456227
101.9800,0.453270
102.0000,0.454076
102.0200,0.461430
102.0400,0.469913
102.0600,0.484058
102.0800,0.490245
102.1000,0.497277
102.1200,0.506049
102.1400,0.516626
102.1600,0.524609
102.1800,0.500032
102.2000,0.476059
102.2200,0.462760
102.2400,0.452312
102.2600,0.448107
102.2800,0.450185
102.3000,0.457693
102.3200,0.469655
102.3400,0.485275
102.3600,0.501192
102.3800,0.478419
102.4000,0.442097
102.4200,0.409441
102.4400,0.382327
102.4600,0.363646
102.4800,0.356114
102.5000,0.352787
102.5200,0.354495
102.5400,0.359570
102.5600,0.365587
102.5800,0.400781
102.6000,0.445916
102.6200,0.475874
102.6400,0.493169
102.6600,0.501256
102.6800,0.503576
102.7000,0.505558
102.7200,0.506476
102.7400,0.512317
102.7600,0.520034
102.7800,0.527654
102.8000,0.529909
102.8200,0.534219
102.8400,0.541783
102.8600,0.551820
102.8800,0.564934
102.9000,0.581351
102.9200,0.600676
102.9400,0.622788
102.9600,0.645907
102.9800,0.654567
103.0000,0.653471
103.0200,0.655526
103.0400,0.659763
103.0600,0.665893
103.0800,0.674859
103.1000,0.686257
103.1200,0.699822
103.1400,0.715998
103.1600,0.733889
103.1800,0.760697
103.2000,0.800676
103.2200,0.834018
103.2400,0.862365
103.2600,0.887441
103.2800,0.910609
103.3000,0.931360
103.3200,0.949565
103.3400,0.965241
103.3600,0.978307
103.3800,0.987530
103.4000,0.991196
103.4200,0.992106
103.4400,0.990213
103.4600,0.986008
103.4800,0.980159
103.5000,0.973208
103.5200,0.966304
103.5400,0.960633
103.5600,0.958104
103.5800,0.953198
103.6000,0.923361
103.6200,0.898961
103.6400,0.882866
103.6600,0.872128
103.6800,0.866344
103.7000,0.863928
103.7200,0.865498
103.7400,0.888625
103.7600,0.910319
103.7800,0.931561
103.8000,1.026398
103.8200,1.088022
103.8400,1.126447
103.8600,1.160021
103.8800,1.189383
103.9000,1.216490
103.9200,1.244394
103.9400,1.278026
103.9600,1.318440
103.9800,1.352677
104.0000,1.306704
104.0200,1.262496
104.0400,1.227261
104.0600,1.207477
104.0800,1.200654
104.1000,1.205084
104.1200,1.215766
104.1400,1.230509
104.1600,1.247092
104.1800,1.269584
104.2000,1.311963
104.2200,1.355012
104.2400,1.397834
104.2600,1.443075
104.2800,1.491747
104.3000,1.549471
104.3200,1.614561
104.3400,1.683999
104.3600,1.756660
104.3800,1.830658
104.4000,1.957775
104.4200,2.125225
104.4400,2.277548
104.4600,2.413350
104.4800,2.535488
104.5000,2.644523
104.5200,2.740643
104.5400,2.827265
104.5600,2.907008
104.5800,3.036108
104.6000,3.132793
104.6200,3.177567
104.6400,3.203990
104.6600,3.219377
104.6800,3.229727
104.7000,3.233506
104.7200,3.235705
104.7400,3.235350
104.7600,3.235567
104.7800,3.235189
104.8000,3.222551
104.8200,3.198118
104.8400,3.180813
104.8600,3.167304
104.8800,3.154223
104.9000,3.143121
104.9200,3.131085
104.9400,3.118278
104.9600,3.104139
104.9800,3.088599
105.0000,3.075195
105.0200,3.069331
105.0400,3.066969
105.0600,3.069129
105.0800,3.075718
105.1000,3.132559
105.1200,3.216831
105.1400,3.228897
105.1600,3.238259
105.1800,3.314571
105.2000,3.377260
105.2200,3.342121
105.2400,3.302552
105.2600,3.259881
105.2800,3.212932
105.3000,3.162036
105.3200,3.108883
105.3400,3.056876
105.3600,3.004556
105.3800,2.952636
105.4000,2.903987
105.4200,2.862653
105.4400,2.826417
105.4600,2.792375
105.4800,2.759759
105.5000,2.728792
105.5200,2.700261
105.5400,2.671485
105.5600,2.644973
105.5800,2.616675
105.6000,2.619912
105.6200,2.698970
105.6400,2.711433
105.6600,2.704367
105.6800,2.693887
105.7000,2.679321
105.7200,2.660415
105.7400,2.637868
105.7600,2.613428
105.7800,2.587906
105.8000,2.558867
105.8200,2.505876
105.8400,2.457220
105.8600,2.421326
105.8800,2.429155
105.9000,2.411408
105.9200,2.377664
105.9400,2.345603
105.9600,2.316707
105.9800,2.291654
106.0000,2.275438
106.0200,2.311592
106.0400,2.362366
106.0600,2.408025
106.0800,2.450985
106.1000,2.488727
106.1200,2.520619
106.1400,2.549692
106.1600,2.579054
106.1800,2.658668
106.2000,2.705164
106.2200,2.677090
106.2400,2.635547
106.2600,2.601345
106.2800,2.573962
106.3000,2.551817
106.3200,2.533982
106.3400,2.520804
106.3600,2.512330
106.3800,2.507012
106.4000,2.505055
106.4200,2.503840
106.4400,2.503427
106.4600,2.503557
106.4800,2.502236
106.5000,2.499988
106.5200,2.492786
106.5400,2.480606
106.5600,2.462142
106.5800,2.439482
106.6000,2.410997
106.6200,2.360376
106.6400,2.267583
106.6600,2.186400
106.6800,2.115268
106.7000,2.052581
106.7200,1.996683
106.7400,1.945498
106.7600,1.897406
106.7800,1.850692
106.8000,1.804026
106.8200,1.759656
106.8400,1.737456
106.8600,1.711894
106.8800,1.680173
106.9000,1.642424
106.9200,1.601390
106.9400,1.559856
106.9600,1.517491
106.9800,1.475813
107.0000,1.436711
107.0200,1.402604
107.0400,1.402651
107.0600,1.401025
107.0800,1.378833
107.1000,1.358331
107.1200,1.337065
107.1400,1.315452
107.1600,1.300581
107.1800,1.292365
107.2000,1.265274
107.2200,1.239046
107.2400,1.257848
107.2600,1.287515
107.2800,1.310586
107.3000,1.325739
107.3200,1.357614
107.3400,1.383263
107.3600,1.376642
107.3800,1.363711
107.4000,1.345999
107.4200,1.324313
107.4400,1.267771
107.4600,1.179211
107.4800,1.105124
107.5000,1.037845
107.5200,0.975254
107.5400,0.917319
107.5600,0.862768
107.5800,0.812606
107.6000,0.764652
107.6200,0.720654
107.6400,0.698090
107.6600,0.711817
107.6800,0.708562
107.7000,0.702618
107.7200,0.696189
107.7400,0.690470
107.7600,0.686289
107.7800,0.684606
107.8000,0.685000
107.8200,0.688795
107.8400,0.689423
107.8600,0.661027
107.8800,0.636926
107.9000,0.619228
107.9200,0.607169
107.9400,0.599839
107.9600,0.596665
107.9800,0.597736
108.0000,0.601788
108.0200,0.608804
108.0400,0.617359
108.0600,0.615522
108.0800,0.601039
108.1000,0.577509
108.1200,0.550475
108.1400,0.522571
108.1600,0.493426
108.1800,0.464943
108.2000,0.437989
108.2200,0.412921
108.2400,0.402779
108.2600,0.431182
108.2800,0.464346
108.3000,0.481150
108.3200,0.484066
108.3400,0.480925
108.3600,0.473965
108.3800,0.461245
108.4000,0.443878
108.4200,0.423353
108.4400,0.411801
108.4600,0.468302
108.4800,0.520195
108.5000,0.558836
108.5200,0.585750
108.5400,0.603778
108.5600,0.612397
108.5800,0.613195
108.6000,0.607088
108.6200,0.594707
108.6400,0.574295
108.6600,0.545376
108.6800,0.522998
108.7000,0.506984
108.7200,0.496866
108.7400,0.491252
108.7600,0.489318
108.7800,0.493580
108.8000,0.508393
108.8200,0.514040
108.8400,0.515563
108.8600,0.535959
108.8800,0.565474
108.9000,0.597792
108.9200,0.630892
108.9400,0.664209
108.9600,0.697019
108.9800,0.729418
109.0000,0.760117
109.0200,0.789093
109.0400,0.810786
109.0600,0.789673
109.0800,0.764266
109.1000,0.745046
109.1200,0.731343
109.1400,0.723916
109.1600,0.721338
109.1800,0.724657
109.2000,0.733865
109.2200,0.748550
109.2400,0.760359
109.2600,0.721387
109.2800,0.679934
109.3000,0.645682
109.3200,0.617262
109.3400,0.593241
109.3600,0.572708
109.3800,0.555059
109.4000,0.539463
109.4200,0.525278
109.4400,0.511567
109.4600,0.499855
109.4800,0.489874
109.5000,0.479829
109.5200,0.470348
109.5400,0.461801
109.5600,0.452876
109.5800,0.444764
109.6000,0.436048
109.6200,0.426349
109.6400,0.417923
109.6600,0.462631
109.6800,0.523296
109.7000,0.576486
109.7200,0.623377
109.7400,0.666586
109.7600,0.705872
109.7800,0.742017
109.8000,0.774875
109.8200,0.805187
109.8400,0.833236
109.8600,0.856621
109.8800,0.874762
109.9000,0.891187
109.9200,0.905856
109.9400,0.918398
109.9600,0.928073
109.9800,0.934421
110.0000,0.936096
110.0200,0.933969
110.0400,0.928049
110.0600,0.909779
110.0800,0.845956
110.1000,0.784573
110.1200,0.729523
110.1400,0.682374
110.1600,0.648147
110.1800,0.627847
110.2000,0.621137
110.2200,0.625890
110.2400,0.640422
110.2600,0.660246
110.2800,0.660786
110.3000,0.663259
110.3200,0.677533
110.3400,0.703769
110.3600,0.736893
110.3800,0.774101
110.4000,0.810931
110.4200,0.844321
110.4400,0.872442
110.4600,0.894450
110.4800,0.916240
110.5000,0.921653
110.5200,0.909505
110.5400,0.881287
110.5600,0.839842
110.5800,0.789624
110.6000,0.735556
110.6200,0.683776
110.6400,0.635621
110.6600,0.592291
110.6800,0.581335
110.7000,0.594860
110.7200,0.614773
110.7400,0.641469
110.7600,0.686893
110.7800,0.741541
110.8000,0.778556
110.8200,0.816916
110.8400,0.854044
110.8600,0.887562
110.8800,0.864290
110.9000,0.826486
110.9200,0.796149
110.9400,0.769800
110.9600,0.747962
110.9800,0.732286
111.0000,0.722225
111.0200,0.716344
111.0400,0.714169
111.0600,0.717673
111.0800,0.719494
111.1000,0.710568
111.1200,0.697680
111.1400,0.684050
111.1600,0.668672
111.1800,0.651562
111.2000,0.633188
111.2200,0.613919
111.2400,0.594369
111.2600,0.573884
111.2800,0.563960
111.3000,0.554736
111.3200,0.538376
111.3400,0.515619
111.3600,0.487965
111.3800,0.457685
111.4000,0.427558
111.4200,0.399476
111.4400,0.374360
111.4600,0.351652
111.4800,0.334179
111.5000,0.326946
111.5200,0.326511
111.5400,0.333438
111.5600,0.345191
111.5800,0.360681
111.6000,0.378637
111.6200,0.395304
111.6400,0.411423
111.6600,0.426671
111.6800,0.443225
111.7000,0.474504
111.7200,0.518930
111.7400,0.549822
111.7600,0.579998
111.7800,0.611358
111.8000,0.643161
111.8200,0.675189
111.8400,0.707870
111.8600,0.742379
111.8800,0.774794
111.9000,0.786249
111.9200,0.806629
111.9400,0.838271
111.9600,0.880772
111.9800,0.934936
112.0000,0.997639
112.0200,1.068649
112.0400,1.147028
112.0600,1.231781
112.0800,1.338127
112.1000,1.565478
112.1200,1.788987
112.1400,1.987168
112.1600,2.180937
112.1800,2.350814
112.2000,2.531371
112.2200,2.675271
112.2400,2.833041
112.2600,2.952393
112.2800,3.080197
112.3000,3.176786
112.3200,3.270845
112.3400,3.356107
112.3600,3.434965
112.3800,3.493127
112.4000,3.568070
112.4200,3.600000
112.4400,3.600000
112.4600,3.600000
112.4800,3.600000
112.5000,3.558090
112.5200,3.491202
112.5400,3.438606
112.5600,3.396781
112.5800,3.362704
112.6000,3.333841
112.6200,3.309335
112.6400,3.286899
112.6600,3.265158
112.6800,3.244583
112.7000,3.248280
112.7200,3.255933
112.7400,3.259543
112.7600,3.258085
112.7800,3.253404
112.8000,3.249522
112.8200,3.244944
112.8400,3.239386
112.8600,3.234577
112.8800,3.227457
112.9000,3.224734
112.9200,3.228028
112.9400,3.230090
112.9600,3.231919
112.9800,3.230171
113.0000,3.227286
113.0200,3.225990
113.0400,3.225610
113.0600,3.225861
113.0800,3.229679
113.1000,3.241618
113.1200,3.291362
113.1400,3.339987
113.1600,3.383222
113.1800,3.423484
113.2000,3.458512
113.2200,3.493683
113.2400,3.526615
113.2600,3.558008
113.2800,3.588499
113.3000,3.600000
113.3200,3.600000
113.3400,3.595347
113.3600,3.590030
113.3800,3.590071
113.4000,3.594009
113.4200,3.598393
113.4400,3.600000
113.4600,3.600000
113.4800,3.600000
113.5000,3.600000
113.5200,3.600000
113.5400,3.600000
113.5600,3.600000
113.5800,3.600000
113.6000,3.600000
113.6200,3.600000
113.6400,3.600000
113.6600,3.600000
113.6800,3.600000
113.7000,3.600000
113.7200,3.600000
113.7400,3.600000
113.7600,3.600000
113.7800,3.600000
113.8000,3.600000
113.8200,3.600000
113.8400,3.600000
113.8600,3.600000
113.8800,3.600000
113.9000,3.600000
113.9200,3.600000
113.9400,3.600000
113.9600,3.600000
113.9800,3.600000
114.0000,3.600000
114.0200,3.600000
114.0400,3.600000
114.0600,3.600000
114.0800,3.600000
114.1000,3.600000
114.1200,3.600000
114.1400,3.529718
114.1600,3.404973
114.1800,3.291718
114.2000,3.188330
114.2200,3.091226
114.2400,3.001888
114.2600,2.917198
114.2800,2.838380
114.3000,2.764068
114.3200,2.698608
114.3400,2.650378
114.3600,2.585168
114.3800,2.509750
114.4000,2.440593
114.4200,2.377519
114.4400,2.319800
114.4600,2.267584
114.4800,2.220909
114.5000,2.179214
114.5200,2.146992
114.5400,2.151550
114.5600,2.159486
114.5800,2.166308
114.6000,2.171206
114.6200,2.175597
114.6400,2.178110
114.6600,2.180375
114.6800,2.183943
114.7000,2.190041
114.7200,2.198104
114.7400,2.256321
114.7600,2.332464
114.7800,2.398769
114.8000,2.459436
114.8200,2.518034
114.8400,2.574027
114.8600,2.628944
114.8800,2.682368
114.9000,2.734786
114.9200,2.786906
114.9400,2.805144
114.9600,2.780493
114.9800,2.766065
115.0000,2.757148
115.0200,2.751002
115.0400,2.747174
115.0600,2.740851
115.0800,2.729107
115.1000,2.710273
115.1200,2.683874
115.1400,2.653253
115.1600,2.631803
115.1800,2.607474
115.2000,2.581832
115.2200,2.560089
115.2400,2.541860
115.2600,2.529939
115.2800,2.524943
115.3000,2.526015
115.3200,2.530848
115.3400,2.528859
115.3600,2.440247
115.3800,2.340543
115.4000,2.247339
115.4200,2.159429
115.4400,2.076209
115.4600,2.000123
115.4800,1.928436
115.5000,1.861663
115.5200,1.799627
115.5400,1.743247
115.5600,1.707745
115.5800,1.678973
115.6000,1.645624
115.6200,1.610235
115.6400,1.572187
115.6600,1.533505
115.6800,1.493518
115.7000,1.452748
115.7200,1.412222
115.7400,1.371455
115.7600,1.322436
115.7800,1.260319
115.8000,1.202755
115.8200,1.149542
115.8400,1.099838
115.8600,1.054029
115.8800,1.011947
115.9000,0.973047
115.9200,0.936547
115.9400,0.902295
115.9600,0.866014
115.9800,0.817641
116.0000,0.770952
116.0200,0.727251
116.0400,0.686563
116.0600,0.648791
116.0800,0.615538
116.1000,0.588311
116.1200,0.567722
116.1400,0.555115
116.1600,0.547164
116.1800,0.530965
116.2000,0.510254
116.2200,0.486652
116.2400,0.461841
116.2600,0.437079
116.2800,0.413203
116.3000,0.391365
116.3200,0.372612
116.3400,0.357846
116.3600,0.347463
116.3800,0.329523
116.4000,0.310972
116.4200,0.294023
116.4400,0.278839
116.4600,0.266015
116.4800,0.254520
116.5000,0.244120
116.5200,0.234494
116.5400,0.224328
116.5600,0.213808
116.5800,0.202055
116.6000,0.190962
116.6200,0.180474
116.6400,0.170687
116.6600,0.162011
116.6800,0.155640
116.7000,0.155656
116.7200,0.159466
116.7400,0.166498
116.7600,0.176696
116.7800,0.224570
116.8000,0.292428
116.8200,0.345666
116.8400,0.385605
116.8600,0.414814
116.8800,0.433502
116.9000,0.443459
116.9200,0.446141
116.9400,0.442839
116.9600,0.435686
116.9800,0.431223
117.0000,0.425600
117.0200,0.415491
117.0400,0.402376
117.0600,0.387329
117.0800,0.370477
117.1000,0.352223
117.1200,0.332447
117.1400,0.311519
117.1600,0.290559
117.1800,0.272604
117.2000,0.257443
117.2200,0.241607
117.2400,0.225665
117.2600,0.210811
117.2800,0.196714
117.3000,0.183761
117.3200,0.172121
117.3400,0.161278
117.3600,0.151451
117.3800,0.143122
117.4000,0.134913
117.4200,0.127470
117.4400,0.120655
117.4600,0.118819
117.4800,0.126455
117.5000,0.148100
117.5200,0.182561
117.5400,0.226245
117.5600,0.274868
117.5800,0.325753
117.6000,0.377139
117.6200,0.419486
117.6400,0.451716
117.6600,0.473820
117.6800,0.487909
117.7000,0.495424
117.7200,0.499251
117.7400,0.501917
117.7600,0.506807
117.7800,0.513388
117.8000,0.497116
117.8200,0.474110
117.8400,0.451546
117.8600,0.430135
117.8800,0.412172
117.9000,0.395078
117.9200,0.377791
117.9400,0.362365
117.9600,0.350330
117.9800,0.348212
118.0000,0.401998
118.0200,0.457951
118.0400,0.505147
118.0600,0.543539
118.0800,0.571983
118.1000,0.593298
118.1200,0.608530
118.1400,0.619808
118.1600,0.629007
118.1800,0.636346
118.2000,0.613235
118.2200,0.575116
118.2400,0.540261
118.2600,0.507701
118.2800,0.476615
118.3000,0.447108
118.3200,0.418906
118.3400,0.390817
118.3600,0.364629
118.3800,0.339593
118.4000,0.316643
118.4200,0.295465
118.4400,0.275552
118.4600,0.257790
118.4800,0.242171
118.5000,0.230909
118.5200,0.223619
118.5400,0.219535
118.5600,0.217594
118.5800,0.217191
118.6000,0.214992
118.6200,0.200846
118.6400,0.187112
118.6600,0.175134
118.6800,0.163163
118.7000,0.153022
118.7200,0.142936
118.7400,0.134293
118.7600,0.126310
118.7800,0.118384
118.8000,0.112809
118.8200,0.120969
118.8400,0.130990
118.8600,0.137853
118.8800,0.142848
118.9000,0.144539
118.9200,0.144040
118.9400,0.141607
118.9600,0.137733
118.9800,0.132891
119.0000,0.131192
119.0200,0.170880
119.0400,0.222000
119.0600,0.275907
119.0800,0.331328
119.1000,0.387071
119.1200,0.442847
119.1400,0.497277
119.1600,0.549379
119.1800,0.599637
119.2000,0.645835
119.2200,0.664717
119.2400,0.673248
119.2600,0.682689
119.2800,0.692967
119.3000,0.704156
119.3200,0.714967
119.3400,0.725616
119.3600,0.736233
119.3800,0.745569
119.4000,0.753842
119.4200,0.734082
119.4400,0.678669
119.4600,0.629346
119.4800,0.584147
119.5000,0.543378
119.5200,0.505808
119.5400,0.470944
119.5600,0.438875
119.5800,0.408990
119.6000,0.381698
119.6200,0.356307
119.6400,0.336395
119.6600,0.321105
119.6800,0.312494
119.7000,0.309175
119.7200,0.316522
119.7400,0.333599
119.7600,0.348381
119.7800,0.366860
119.8000,0.389874
119.8200,0.414790
119.8400,0.406106
119.8600,0.391381
119.8800,0.387466
119.9000,0.392202
119.9200,0.405574
119.9400,0.426244
119.9600,0.452819
119.9800,0.484807
120.0000,0.521548
120.0200,0.557580
120.0400,0.568986
120.0600,0.582616
120.0800,0.601127
120.1000,0.623256
120.1200,0.647317
120.1400,0.672958
120.1600,0.698799
120.1800,0.723691
120.2000,0.747825
120.2200,0.767778
120.2400,0.769913
120.2600,0.776164
120.2800,0.789141
120.3000,0.807282
120.3200,0.828315
120.3400,0.850322
120.3600,0.872652
120.3800,0.893660
120.4000,0.912454
120.4200,0.926019
120.4400,0.914741
120.4600,0.898131
120.4800,0.881690
120.5000,0.866183
120.5200,0.850499
120.5400,0.835621
120.5600,0.822611
120.5800,0.811003
120.6000,0.801216
120.6200,0.801176
120.6400,0.769808
120.6600,0.728387
120.6800,0.689012
120.7000,0.652368
120.7200,0.618084
120.7400,0.586281
120.7600,0.556404
120.7800,0.528943
120.8000,0.502263
120.8200,0.487506
120.8400,0.593853
120.8600,0.691703
120.8800,0.779595
120.9000,0.887312
120.9200,0.970219
120.9400,1.048945
120.9600,1.096650
120.9800,1.131707
121.0000,1.163744
121.0200,1.192147
121.0400,1.148421
121.0600,1.079282
121.0800,1.024706
121.1000,0.987732
121.1200,0.953617
121.1400,0.919961
121.1600,0.889826
121.1800,0.860069
121.2000,0.829152
121.2200,0.797551
121.2400,0.756903
121.2600,0.705405
121.2800,0.658401
121.3000,0.614507
121.3200,0.574311
121.3400,0.536773
121.3600,0.502151
121.3800,0.469365
121.4000,0.439496
121.4200,0.411237
121.4400,0.388457
121.4600,0.370332
121.4800,0.349646
121.5000,0.328049
121.5200,0.307242
121.5400,0.287780
121.5600,0.269656
121.5800,0.252876
121.6000,0.237547
121.6200,0.222459
121.6400,0.211721
121.6600,0.205221
121.6800,0.198011
121.7000,0.191389
121.7200,0.186194
121.7400,0.182835
121.7600,0.181167
121.7800,0.180829
121.8000,0.182617
121.8200,0.185799
121.8400,0.195611
121.8600,0.216756
121.8800,0.236073
121.9000,0.251998
121.9200,0.265322
121.9400,0.275085
121.9600,0.280845
121.9800,0.282415
122.0000,0.279725
122.0200,0.273337
122.0400,0.264218
122.0600,0.257121
122.0800,0.259401
122.1000,0.270227
122.1200,0.290696
122.1400,0.319897
122.1600,0.360375
122.1800,0.419454
122.2000,0.465925
122.2200,0.508998
122.2400,0.551909
122.2600,0.614507
122.2800,0.659183
122.3000,0.672369
122.3200,0.673964
122.3400,0.665393
122.3600,0.651006
122.3800,0.634082
122.4000,0.616634
122.4200,0.600942
122.4400,0.587457
122.4600,0.598461
122.4800,0.616827
122.5000,0.626752
122.5200,0.629265
122.5400,0.625205
122.5600,0.615377
122.5800,0.600604
122.6000,0.582656
122.6200,0.561487
122.6400,0.539222
122.6600,0.505171
122.6800,0.469583
122.7000,0.437151
122.7200,0.411245
122.7400,0.396190
122.7600,0.389834
122.7800,0.395328
122.8000,0.412655
122.8200,0.441010
122.8400,0.475044
122.8600,0.486161
122.8800,0.500652
122.9000,0.525898
122.9200,0.560609
122.9400,0.603552
122.9600,0.652803
122.9800,0.707781
123.0000,0.766070
123.0200,0.827066
123.0400,0.887901
123.0600,0.936491
123.0800,0.977284
123.1000,1.001675
123.1200,1.029338
123.1400,1.059417
123.1600,1.090518
123.1800,1.122426
123.2000,1.155680
123.2200,1.188183
123.2400,1.219890
123.2600,1.208418
123.2800,1.170783
123.3000,1.141189
123.3200,1.118254
123.3400,1.100540
123.3600,1.086418
123.3800,1.076236
123.4000,1.068487
123.4200,1.062254
123.4400,1.056863
123.4600,1.119142
123.4800,1.232964
123.5000,1.326069
123.5200,1.406287
123.5400,1.477545
123.5600,1.539218
123.5800,1.593488
123.6000,1.639315
123.6200,1.678425
123.6400,1.709164
123.6600,1.734877
123.6800,1.774196
123.7000,1.777161
123.7200,1.760640
123.7400,1.739720
123.7600,1.712725
123.7800,1.680696
123.8000,1.644914
123.8200,1.605087
123.8400,1.562586
123.8600,1.518514
123.8800,1.484416
123.9000,1.460564
123.9200,1.445556
123.9400,1.439160
123.9600,1.439321
123.9800,1.446805
124.0000,1.459469
124.0200,1.482870
124.0400,1.543405
124.0600,1.571722
124.0800,1.496081
124.1000,1.419344
124.1200,1.350913
124.1400,1.296006
124.1600,1.251758
124.1800,1.218537
124.2000,1.194426
124.2200,1.180111
124.2400,1.173167
124.2600,1.170397
124.2800,1.156992
124.3000,1.148559
124.3200,1.146618
124.3400,1.152104
124.3600,1.170066
124.3800,1.215225
124.4000,1.240222
124.4200,1.257259
124.4400,1.278349
124.4600,1.300018
124.4800,1.330702
124.5000,1.361778
124.5200,1.387741
124.5400,1.408203
124.5600,1.441037
124.5800,1.469070
124.6000,1.459097
124.6200,1.437968
124.6400,1.405172
124.6600,1.361763
124.6800,1.295724
124.7000,1.222250
124.7200,1.173700
124.7400,1.141897
124.7600,1.118891
124.7800,1.125859
124.8000,1.150501
124.8200,1.167956
124.8400,1.195547
124.8600,1.233198
124.8800,1.273073
124.9000,1.309403
124.9200,1.348810
124.9400,1.387726
124.9600,1.425304
124.9800,1.460127
125.0000,1.491851
125.0200,1.519843
125.0400,1.543591
125.0600,1.560903
125.0800,1.587615
125.1000,1.638727
125.1200,1.679513
125.1400,1.709493
125.1600,1.728150
125.1800,1.737496
125.2000,1.739002
125.2200,1.733145
125.2400,1.723704
125.2600,1.711259
125.2800,1.692659
125.3000,1.665777
125.3200,1.638154
125.3400,1.611652
125.3600,1.587446
125.3800,1.589259
125.4000,1.596966
125.4200,1.597571
125.4400,1.598208
125.4600,1.600165
125.4800,1.609123
125.5000,1.684610
125.5200,1.719201
125.5400,1.737569
125.5600,1.753550
125.5800,1.768131
125.6000,1.779459
125.6200,1.786353
125.6400,1.788929
125.6600,1.784823
125.6800,1.758633
125.7000,1.676474
125.7200,1.605055
125.7400,1.548352
125.7600,1.504377
125.7800,1.470827
125.8000,1.448328
125.8200,1.433594
125.8400,1.423805
125.8600,1.417024
125.8800,1.409484
125.9000,1.397287
125.9200,1.381039
125.9400,1.359692
125.9600,1.334084
125.9800,1.305785
126.0000,1.275181
126.0200,1.243370
126.0400,1.210835
126.0600,1.178251
126.0800,1.145337
126.1000,1.102531
126.1200,1.062053
126.1400,1.025931
126.1600,0.994828
126.1800,0.968479
126.2000,0.949364
126.2200,0.938577
126.2400,0.919325
126.2600,0.894949
126.2800,0.867697
126.3000,0.828951
126.3200,0.791469
126.3400,0.756533
126.3600,0.720871
126.3800,0.683341
126.4000,0.645303
126.4200,0.608055
126.4400,0.571499
126.4600,0.536233
126.4800,0.505542
126.5000,0.491582
126.5200,0.481408
126.5400,0.473763
126.5600,0.466884
126.5800,0.462889
126.6000,0.460206
126.6200,0.460262
126.6400,0.462558
126.6600,0.466159
126.6800,0.472346
126.7000,0.479773
126.7200,0.485444
126.7400,0.484630
126.7600,0.483623
126.7800,0.483132
126.8000,0.480796
126.8200,0.477219
126.8400,0.471572
126.8600,0.463871
126.8800,0.453874
126.9000,0.428089
126.9200,0.399992
126.9400,0.374779
126.9600,0.351555
126.9800,0.329950
127.0000,0.310521
127.0200,0.294998
127.0400,0.284945
127.0600,0.281811
127.0800,0.287088
127.1000,0.295224
127.1200,0.308128
127.1400,0.329676
127.1600,0.358112
127.1800,0.391985
127.2000,0.430973
127.2200,0.474585
127.2400,0.521894
127.2600,0.571041
127.2800,0.623191
127.3000,0.662445
127.3200,0.687683
127.3400,0.721338
127.3600,0.762389
127.3800,0.811817
127.4000,0.867883
127.4200,0.930224
127.4400,1.000862
127.4600,1.076986
127.4800,1.159473
127.5000,1.257588
127.5200,1.370438
127.5400,1.481178
127.5600,1.589001
127.5800,1.694705
127.6000,1.798975
127.6200,1.898743
127.6400,1.994927
127.6600,2.087598
127.6800,2.174436
127.7000,2.273681
127.7200,2.428494
127.7400,2.573600
127.7600,2.707485
127.7800,2.827425
127.8000,2.934188
127.8200,3.032990
127.8400,3.122644
127.8600,3.200903
127.8800,3.312219
127.9000,3.409791
127.9200,3.384905
127.9400,3.349533
127.9600,3.321806
127.9800,3.301505
128.0000,3.287528
128.0200,3.274905
128.0400,3.268484
128.0600,3.267259
128.0800,3.286803
128.1000,3.356389
128.1200,3.419111
128.1400,3.422599
128.1600,3.433604
128.1800,3.510560
128.2000,3.546779
128.2200,3.538699
128.2400,3.533882
128.2600,3.534276
128.2800,3.536258
128.3000,3.536846
128.3200,3.522805
128.3400,3.506879
128.3600,3.492563
128.3800,3.479860
128.4000,3.467648
128.4200,3.454476
128.4400,3.440635
128.4600,3.425927
128.4800,3.438703
128.5000,3.511888
128.5200,3.600000
128.5400,3.600000
128.5600,3.600000
128.5800,3.600000
128.6000,3.600000
128.6200,3.600000
128.6400,3.600000
128.6600,3.600000
128.6800,3.600000
128.7000,3.600000
128.7200,3.600000
128.7400,3.600000
128.7600,3.589015
128.7800,3.532561
128.8000,3.475629
128.8200,3.422003
128.8400,3.372024
128.8600,3.324374
128.8800,3.280946
128.9000,3.234402
128.9200,3.144135
128.9400,3.084442
128.9600,3.032007
128.9800,2.949873
129.0000,2.874552
129.0200,2.806079
129.0400,2.742833
129.0600,2.683318
129.0800,2.628323
129.1000,2.576886
129.1200,2.602513
129.1400,2.654446
129.1600,2.641928
129.1800,2.623852
129.2000,2.599097
129.2200,2.569637
129.2400,2.537826
129.2600,2.502445
129.2800,2.461393
129.3000,2.415105
129.3200,2.366820
129.3400,2.318147
129.3600,2.264675
129.3800,2.207449
129.4000,2.147136
129.4200,2.082789
129.4400,2.014662
129.4600,1.945168
129.4800,1.873159
129.5000,1.800426
129.5200,1.743965
129.5400,1.722624
129.5600,1.696356
129.5800,1.666655
129.6000,1.632590
129.6200,1.597257
129.6400,1.559574
129.6600,1.519676
129.6800,1.479269
129.7000,1.439620
129.7200,1.399984
129.7400,1.359498
129.7600,1.321009
129.7800,1.284156
129.8000,1.249840
129.8200,1.217957
129.8400,1.188860
129.8600,1.162245
129.8800,1.137226
129.9000,1.112721
129.9200,1.076800
129.9400,1.027671
129.9600,0.982399
129.9800,0.939592
130.0000,0.898647
130.0200,0.859610
130.0400,0.822394
130.0600,0.787030
130.0800,0.753673
130.1000,0.722241
130.1200,0.695295
130.1400,0.679370
130.1600,0.665692
130.1800,0.654486
130.2000,0.645706
130.2200,0.640591
130.2400,0.637562
130.2600,0.639447
130.2800,0.644103
130.3000,0.653584
130.3200,0.662832
130.3400,0.633003
130.3600,0.595416
130.3800,0.560754
130.4000,0.527598
130.4200,0.497615
130.4400,0.469123
130.4600,0.442275
130.4800,0.418302
130.5000,0.397551
130.5200,0.392516
130.5400,0.461914
130.5600,0.525246
130.5800,0.571073
130.6000,0.602505
130.6200,0.622080
130.6400,0.632100
130.6600,0.635008
130.6800,0.634332
130.7000,0.633889
130.7200,0.635355
130.7400,0.618358
130.7600,0.596471
130.7800,0.582439
130.8000,0.574593
130.8200,0.573095
130.8400,0.575841
130.8600,0.582697
130.8800,0.590567
130.9000,0.598606
130.9200,0.604938
130.9400,0.592806
130.9600,0.558982
130.9800,0.527211
131.0000,0.497205
131.0200,0.468471
131.0400,0.441115
131.0600,0.415080
131.0800,0.390881
131.1000,0.369438
131.1200,0.350798
131.1400,0.343371
131.1600,0.364306
131.1800,0.378758
131.2000,0.384614
131.2200,0.381610
131.2400,0.371033
131.2600,0.354849
131.2800,0.335758
131.3000,0.316022
131.3200,0.297269
131.3400,0.279999
131.3600,0.263429
131.3800,0.248575
131.4000,0.234188
131.4200,0.221323
131.4400,0.210448
131.4600,0.202530
131.4800,0.196223
131.5000,0.190608
131.5200,0.185751
131.5400,0.186025
131.5600,0.206824
131.5800,0.211415
131.6000,0.201338
131.6200,0.187394
131.6400,0.174715
131.6600,0.164017
131.6800,0.154125
131.7000,0.145643
131.7200,0.138006
131.7400,0.130773
131.7600,0.149018
131.7800,0.176318
131.8000,0.199783
131.8200,0.220486
131.8400,0.239238
131.8600,0.256920
131.8800,0.273724
131.9000,0.291236
131.9200,0.310625
131.9400,0.329829
131.9600,0.316272
131.9800,0.292154
132.0000,0.270695
132.0200,0.250870
132.0400,0.232867
132.0600,0.216724
132.0800,0.201918
132.1000,0.189134
132.1200,0.179467
132.1400,0.178686
132.1600,0.241607
132.1800,0.307903
132.2000,0.360633
132.2200,0.402473
132.2400,0.434832
132.2600,0.459481
132.2800,0.475914
132.3000,0.485234
132.3200,0.488223
132.3400,0.485460
132.3600,0.507193
132.3800,0.537997
132.4000,0.560439
132.4200,0.574561
132.4400,0.581851
132.4600,0.589157
132.4800,0.592903
132.5000,0.581714
132.5200,0.565982
132.5400,0.547696
132.5600,0.554390
132.5800,0.586515
132.6000,0.608442
132.6200,0.622837
132.6400,0.631835
132.6600,0.637473
132.6800,0.640969
132.7000,0.644683
132.7200,0.647607
132.7400,0.652432
132.7600,0.655735
132.7800,0.648195
132.8000,0.629426
132.8200,0.601772
132.8400,0.566868
132.8600,0.528492
132.8800,0.491437
132.9000,0.457008
132.9200,0.425487
132.9400,0.397841
132.9600,0.384654
132.9800,0.459505
133.0000,0.545561
133.0200,0.620388
133.0400,0.681440
133.0600,0.727742
133.0800,0.760085
133.1000,0.779265
133.1200,0.787393
133.1400,0.785645
133.1600,0.771282
133.1800,0.724955
133.2000,0.675302
133.2200,0.628097
133.2400,0.583921
133.2600,0.543265
133.2800,0.505759
133.3000,0.470912
133.3200,0.439053
133.3400,0.409360
133.3600,0.382939
133.3800,0.372394
133.4000,0.365515
133.4200,0.360770
133.4400,0.355284
133.4600,0.353126
133.4800,0.352481
133.5000,0.353883
133.5200,0.358491
133.5400,0.362599
133.5600,0.366860
133.5800,0.345554
133.6000,0.320469
133.6200,0.299138
133.6400,0.279129
133.6600,0.261745
133.6800,0.246561
133.7000,0.235017
133.7200,0.225383
133.7400,0.218133
133.7600,0.213075
133.7800,0.214009
133.8000,0.217537
133.8200,0.221549
133.8400,0.225883
133.8600,0.231554
133.8800,0.237378
133.9000,0.243629
133.9200,0.249694
133.9400,0.254512
133.9600,0.256437
133.9800,0.243870
134.0000,0.229878
134.0200,0.216716
134.0400,0.203811
134.0600,0.192251
134.0800,0.180563
134.1000,0.170011
134.1200,0.159426
134.1400,0.149582
134.1600,0.140318
134.1800,0.133197
134.2000,0.126117
134.2200,0.119519
134.2400,0.113035
134.2600,0.106768
134.2800,0.100597
134.3000,0.094942
134.3200,0.089449
134.3400,0.085139
134.3600,0.080660
134.3800,0.094934
134.4000,0.123628
134.4200,0.151741
134.4400,0.179185
134.4600,0.205962
134.4800,0.232013
134.5000,0.255631
134.5200,0.277647
134.5400,0.297350
134.5600,0.314001
134.5800,0.330490
134.6000,0.345884
134.6200,0.357379
134.6400,0.364750
134.6600,0.368399
134.6800,0.368149
134.7000,0.364403
134.7200,0.357290
134.7400,0.347293
134.7600,0.334614
134.7800,0.312067
134.8000,0.289222
134.8200,0.268077
134.8400,0.248905
134.8600,0.232263
134.8800,0.219906
134.9000,0.214525
134.9200,0.216748
134.9400,0.227840
134.9600,0.248800
134.9800,0.289238
135.0000,0.331650
135.0200,0.373272
135.0400,0.414765
135.0600,0.457451
135.0800,0.500499
135.1000,0.544127
135.1200,0.585347
135.1400,0.624859
135.1600,0.659787
135.1800,0.676969
135.2000,0.683454
135.2200,0.682552
135.2400,0.674158
135.2600,0.658691
135.2800,0.638432
135.3000,0.614177
135.3200,0.586902
135.3400,0.557475
135.3600,0.527122
135.3800,0.500137
135.4000,0.476398
135.4200,0.454648
135.4400,0.437586
135.4600,0.427614
135.4800,0.426784
135.5000,0.437135
135.5200,0.460528
135.5400,0.497648
135.5600,0.548606
135.5800,0.638343
135.6000,0.732898
135.6200,0.798389
135.6400,0.841566
135.6600,0.867633
135.6800,0.880481
135.7000,0.884904
135.7200,0.893644
135.7400,0.886483
135.7600,0.869832
135.7800,1.007815
135.8000,1.229081
135.8200,1.421012
135.8400,1.583974
135.8600,1.722311
135.8800,1.834218
135.9000,1.921040
135.9200,1.981168
135.9400,2.014108
135.9600,2.022010
135.9800,1.994661
136.0000,1.937853
136.0200,1.862172
136.0400,1.772488
136.0600,1.676871
136.0800,1.573058
136.1000,1.471657
136.1200,1.377592
136.1400,1.294612
136.1600,1.226037
136.1800,1.206002
136.2000,1.227261
136.2200,1.220284
136.2400,1.210054
136.2600,1.198092
136.2800,1.183109
136.3000,1.164307
136.3200,1.140382
136.3400,1.110401
136.3600,1.074948
136.3800,1.042236
136.4000,1.035848
136.4200,1.026979
136.4400,1.017173
136.4600,1.010094
136.4800,1.004793
136.5000,1.005622
136.5200,1.019454
136.5400,1.045666
136.5600,1.084365
136.5800,1.144523
136.6000,1.124649
136.6200,1.078815
136.6400,1.029160
136.6600,0.978089
136.6800,0.927614
136.7000,0.878186
136.7200,0.830151
136.7400,0.785460
136.7600,0.745094
136.7800,0.710480
136.8000,0.682326
136.8200,0.659118
136.8400,0.640784
136.8600,0.628331
136.8800,0.621967
136.9000,0.621032
136.9200,0.623441
136.9400,0.629893
136.9600,0.640849
136.9800,0.663758
137.0000,0.769526
137.0200,0.889842
137.0400,0.997278
137.0600,1.093492
137.0800,1.178759
137.1000,1.255454
137.1200,1.319761
137.1400,1.368957
137.1600,1.398035
137.1800,1.406390
137.2000,1.401499
137.2200,1.382175
137.2400,1.345050
137.2600,1.296055
137.2800,1.241164
137.3000,1.187442
137.3200,1.139633
137.3400,1.099881
137.3600,1.066361
137.3800,1.032375
137.4000,1.002618
137.4200,0.978274
137.4400,0.954881
137.4600,0.933051
137.4800,0.912204
137.5000,0.892887
137.5200,0.872861
137.5400,0.850709
137.5600,0.826333
137.5800,0.798977
137.6000,0.758144
137.6200,0.715748
137.6400,0.682850
137.6600,0.659287
137.6800,0.643434
137.7000,0.633349
137.7200,0.626478
137.7400,0.619389
137.7600,0.610117
137.7800,0.596552
137.8000,0.592379
137.8200,0.619413
137.8400,0.649621
137.8600,0.663251
137.8800,0.675624
137.9000,0.691920
137.9200,0.712034
137.9400,0.734863
137.9600,0.759320
137.9800,0.783591
138.0000,0.800346
138.0200,0.775946
138.0400,0.743346
138.0600,0.710995
138.0800,0.678532
138.1000,0.646705
138.1200,0.617045
138.1400,0.590945
138.1600,0.569099
138.1800,0.553157
138.2000,0.542138
138.2200,0.564218
138.2400,0.594063
138.2600,0.612099
138.2800,0.619574
138.3000,0.619035
138.3200,0.612800
138.3400,0.602682
138.3600,0.589431
138.3800,0.575278
138.4000,0.561922
138.4200,0.553898
138.4400,0.550056
138.4600,0.545215
138.4800,0.539834
138.5000,0.532930
138.5200,0.523248
138.5400,0.509368
138.5600,0.491662
138.5800,0.470654
138.6000,0.448220
138.6200,0.434268
138.6400,0.458651
138.6600,0.485750
138.6800,0.508812
138.7000,0.524843
138.7200,0.531521
138.7400,0.528983
138.7600,0.517818
138.7800,0.175649
138.8000,0.165379
138.8200,0.155317
138.8400,0.146714
138.8600,0.139279
138.8800,0.134414
138.9000,0.129709
138.9200,0.131514
138.9400,0.137596
138.9600,0.144725
138.9800,0.152579
139.0000,0.160827
139.0200,0.169890
139.0400,0.178968
139.0600,0.187281
139.0800,0.195466
139.1000,0.203134
139.1200,0.216321
139.1400,0.231151
139.1600,0.244644
139.1800,0.256823
139.2000,0.268504
139.2200,0.279105
139.2400,0.288159
139.2600,0.295038
139.2800,0.299920
139.3000,0.302997
139.3200,0.304511
139.3400,0.305269
139.3600,0.303955
139.3800,0.301684
139.4000,0.298099
139.4200,0.294877
139.4400,0.293218
139.4600,0.292678
139.4800,0.293709
139.5000,0.295731
139.5200,0.298099
139.5400,0.299992
139.5600,0.302304
139.5800,0.303939
139.6000,0.303609
139.6200,0.301821
139.6400,0.299146
139.6600,0.296214
139.6800,0.294072
139.7000,0.294112
139.7200,0.291880
139.7400,0.290003
139.7600,0.287990
139.7800,0.284945
139.8000,0.279290
139.8200,0.272394
139.8400,0.264798
139.8600,0.258161
139.8800,0.252014
139.9000,0.245828
139.9200,0.240672
139.9400,0.237088
139.9600,0.234631
139.9800,0.231997
140.0000,0.229838
140.0200,0.227236
140.0400,0.225673
140.0600,0.223941
140.0800,0.222040
140.1000,0.224215
140.1200,0.224272
140.1400,0.215217
140.1600,0.205076
140.1800,0.195949
140.2000,0.186508
140.2200,0.177550
140.2400,0.168689
140.2600,0.161045
140.2800,0.153827
140.3000,0.147681
140.3200,0.141438
140.3400,0.133222
140.3600,0.124296
140.3800,0.115959
140.4000,0.108306
140.4200,0.100992
140.4400,0.093839
140.4600,0.087684
140.4800,0.082013
140.5000,0.076890
140.5200,0.071525
140.5400,0.072492
140.5600,0.076383
140.5800,0.078171
140.6000,0.078840
140.6200,0.078767
140.6400,0.078936
140.6600,0.078308
140.6800,0.077712
140.7000,0.077414
140.7200,0.077261
140.7400,0.078936
140.7600,0.084881
140.7800,0.094322
140.8000,0.109426
140.8200,0.132400
140.8400,0.165234
140.8600,0.207524
140.8800,0.259022
140.9000,0.316651
140.9200,0.377123
140.9400,0.430659
140.9600,0.464725
140.9800,0.489673
141.0000,0.500813
141.0200,0.495384
141.0400,0.474384
141.0600,0.443862
141.0800,0.411632
141.1000,0.381626
141.1200,0.354068
141.1400,0.329813
141.1600,0.306590
141.1800,0.284494
141.2000,0.265056
141.2200,0.252183
141.2400,0.257073
141.2600,0.285356
141.2800,0.339617
141.3000,0.416900
141.3200,0.512284
141.3400,0.625632
141.3600,0.775704
141.3800,0.927260
141.4000,1.070726
141.4200,1.203545
141.4400,1.320938
141.4600,1.420657
141.4800,1.502678
141.5000,1.606279
141.5200,1.694061
141.5400,1.729399
141.5600,1.695631
141.5800,1.647823
141.6000,1.626427
141.6200,1.626982
141.6400,1.644213
141.6600,1.671699
141.6800,1.715608
141.7000,1.791194
141.7200,1.826517
141.7400,1.861833
141.7600,1.939424
141.7800,1.987887
141.8000,2.017506
141.8200,2.048585
141.8400,2.079809
141.8600,2.113360
141.8800,2.148975
141.9000,2.185142
141.9200,2.220870
141.9400,2.254589
141.9600,2.269274
141.9800,2.273157
142.0000,2.281639
142.0200,2.297373
142.0400,2.319792
142.0600,2.342857
142.0800,2.363228
142.1000,2.374529
142.1200,2.381273
142.1400,2.388482
142.1600,2.411376
142.1800,2.452693
142.2000,2.487267
142.2200,2.513933
142.2400,2.536012
142.2600,2.550117
142.2800,2.558125
142.3000,2.561718
142.3200,2.559253
142.3400,2.550207
142.3600,2.551560
142.3800,2.566253
142.4000,2.590283
142.4200,2.652288
142.4400,2.659755
142.4600,2.653101
142.4800,2.646609
142.5000,2.639704
142.5200,2.632382
142.5400,2.624625
142.5600,2.604454
142.5800,2.557626
142.6000,2.513892
142.6200,2.473565
142.6400,2.436196
142.6600,2.401469
142.6800,2.369609
142.7000,2.340543
142.7200,2.314436
142.7400,2.292322
142.7600,2.274971
142.7800,2.261767
142.8000,2.247774
142.8200,2.235473
142.8400,2.225251
142.8600,2.218531
142.8800,2.215575
142.9000,2.215664
142.9200,2.217639
142.9400,2.222900
142.9600,2.224188
142.9800,2.201576
143.0000,2.178819
143.0200,2.157157
143.0400,2.135327
143.0600,2.113360
143.0800,2.090893
143.1000,2.068151
143.1200,2.047143
143.1400,2.025964
143.1600,2.002756
143.1800,1.965347
143.2000,1.924553
143.2200,1.878700
143.2400,1.825663
143.2600,1.766995
143.2800,1.703307
143.3000,1.636038
143.3200,1.567242
143.3400,1.498690
143.3600,1.459354
143.3800,1.494711
143.4000,1.513439
143.4200,1.512296
143.4400,1.495356
143.4600,1.467192
143.4800,1.431708
143.5000,1.394299
143.5200,1.356317
143.5400,1.320075
143.5600,1.349882
143.5800,1.505424
143.6000,1.637856
143.6200,1.750787
143.6400,1.848299
143.6600,1.930724
143.6800,1.999856
143.7000,2.055980
143.7200,2.100752
143.7400,2.138405
143.7600,2.109880
143.7800,1.992229
143.8000,1.887635
143.8200,1.793546
143.8400,1.707231
143.8600,1.628505
143.8800,1.556626
143.9000,1.490047
143.9200,1.429470
143.9400,1.374088
143.9600,1.353401
143.9800,1.433748
144.0000,1.544325
144.0200,1.663924
144.0400,1.731663
144.0600,1.786054
144.0800,1.880949
144.1000,1.964058
144.1200,2.007155
144.1400,2.054006
144.1600,2.077447
144.1800,1.983785
144.2000,1.893612
144.2200,1.821208
144.2400,1.764248
144.2600,1.720201
144.2800,1.687350
144.3000,1.662073
144.3200,1.642489
144.3400,1.627256
144.3600,1.618128
144.3800,1.677127
144.4000,1.744864
144.4200,1.803608
144.4400,1.853883
144.4600,1.898493
144.4800,1.936790
144.5000,1.970374
144.5200,1.999913
144.5400,2.027124
144.5600,2.051880
144.5800,2.069158
144.6000,2.082282
144.6200,2.091480
144.6400,2.099326
144.6600,2.107333
144.6800,2.115631
144.7000,2.125653
144.7200,2.139604
144.7400,2.158100
144.7600,2.179124
144.7800,2.114971
144.8000,2.008703
144.8200,1.916852
144.8400,1.838601
144.8600,1.773132
144.8800,1.717896
144.9000,1.673149
144.9200,1.636215
144.9400,1.606047
144.9600,1.582797
144.9800,1.591465
145.0000,1.597958
145.0200,1.588067
145.0400,1.565890
145.0600,1.537993
145.0800,1.505908
145.1000,1.472486
145.1200,1.438676
145.1400,1.404876
145.1600,1.371172
145.1800,1.358880
145.2000,1.372082
145.2200,1.382803
145.2400,1.390456
145.2600,1.392696
145.2800,1.390143
145.3000,1.382377
145.3200,1.367852
145.3400,1.346217
145.3600,1.317845
145.3800,1.277960
145.4000,1.222701
145.4200,1.172233
145.4400,1.126084
145.4600,1.082914
145.4800,1.043057
145.5000,1.006025
145.5200,0.971323
145.5400,0.937917
145.5600,0.905936
145.5800,0.876260
145.6000,0.852167
145.6200,0.827606
145.6400,0.803471
145.6600,0.779724
145.6800,0.756242
145.7000,0.731335
145.7200,0.706194
145.7400,0.681222
145.7600,0.657040
145.7800,0.634670
145.8000,0.615909
145.8200,0.599613
145.8400,0.585983
145.8600,0.573932
145.8800,0.563412
145.9000,0.552199
145.9200,0.540849
145.9400,0.528991
145.9600,0.516715
145.9800,0.504664
146.0000,0.516328
146.0200,0.537578
146.0400,0.554229
146.0600,0.566779
146.0800,0.575044
146.1000,0.580369
146.1200,0.582495
146.1400,0.582761
146.1600,0.581351
146.1800,0.579152
146.2000,0.547180
146.2200,0.510399
146.2400,0.483841
146.2600,0.468946
146.2800,0.465160
146.3000,0.472901
146.3200,0.491050
146.3400,0.517923
146.3600,0.549645
146.3800,0.582519
146.4000,0.602191
146.4200,0.601176
146.4400,0.589616
146.4600,0.569453
146.4800,0.542162
146.5000,0.510238
146.5200,0.476671
146.5400,0.445279
146.5600,0.417053
146.5800,0.391719
146.6000,0.373248
146.6200,0.365909
146.6400,0.353335
146.6600,0.336878
146.6800,0.319035
146.7000,0.301152
146.7200,0.283567
146.7400,0.267183
146.7600,0.251555
146.7800,0.236709
146.8000,0.234003
146.8200,0.268850
146.8400,0.290954
146.8600,0.303770
146.8800,0.313461
146.9000,0.320300
146.9200,0.325125
146.9400,0.328468
146.9600,0.332995
146.9800,0.341872
147.0000,0.342662
147.0200,0.332746
147.0400,0.326615
147.0600,0.327365
147.0800,0.333511
147.1000,0.344482
147.1200,0.359626
147.1400,0.377566
147.1600,0.397124
147.1800,0.416892
147.2000,0.435943
147.2200,0.466417
147.2400,0.501893
147.2600,0.533172
147.2800,0.560697
147.3000,0.583035
147.3200,0.600048
147.3400,0.612252
147.3600,0.618994
147.3800,0.622297
147.4000,0.621685
147.4200,0.606581
147.4400,0.574770
147.4600,0.553729
147.4800,0.540647
147.5000,0.533486
147.5200,0.529394
147.5400,0.526720
147.5600,0.522547
147.5800,0.515490
147.6000,0.504978
147.6200,0.483873
147.6400,0.450749
147.6600,0.419357
147.6800,0.390124
147.7000,0.363420
147.7200,0.338102
147.7400,0.315426
147.7600,0.294458
147.7800,0.279862
147.8000,0.275625
147.8200,0.275174
147.8400,0.257331
147.8600,0.240181
147.8800,0.224578
147.9000,0.212366
147.9200,0.204665
147.9400,0.202828
147.9600,0.205680
147.9800,0.212664
148.0000,0.222628
148.0200,0.243524
148.0400,0.297559
148.0600,0.340382
148.0800,0.379749
148.1000,0.409956
148.1200,0.433655
148.1400,0.450113
148.1600,0.463541
148.1800,0.469703
148.2000,0.466763
148.2200,0.456227
148.2400,0.453270
148.2600,0.454076
148.2800,0.461430
148.3000,0.469913
148.3200,0.484058
148.3400,0.490245
148.3600,0.497277
148.3800,0.506049
148.4000,0.516626
148.4200,0.524609
148.4400,0.500032
148.4600,0.476059
148.4800,0.462760
148.5000,0.452312
148.5200,0.448107
148.5400,0.450185
148.5600,0.457693
148.5800,0.469655
148.6000,0.485275
148.6200,0.501192
148.6400,0.478419
148.6600,0.442097
148.6800,0.409441
148.7000,0.382327
148.7200,0.363646
148.7400,0.356114
148.7600,0.352787
148.7800,0.354495
148.8000,0.359570
148.8200,0.365587
148.8400,0.400781
148.8600,0.445916
148.8800,0.475874
148.9000,0.493169
148.9200,0.501256
148.9400,0.503576
148.9600,0.505558
148.9800,0.506476
149.0000,0.512317
149.0200,0.520034
149.0400,0.527654
149.0600,0.529909
149.0800,0.534219
149.1000,0.541783
149.1200,0.551820
149.1400,0.564934
149.1600,0.581351
149.1800,0.600676
149.2000,0.622788
149.2200,0.645907
149.2400,0.654567
149.2600,0.653471
149.2800,0.655526
149.3000,0.659763
149.3200,0.665893
149.3400,0.674859
149.3600,0.686257
149.3800,0.699822
149.4000,0.715998
149.4200,0.733889
149.4400,0.760697
149.4600,0.800676
149.4800,0.834018
149.5000,0.862365
149.5200,0.887441
149.5400,0.910609
149.5600,0.931360
149.5800,0.949565
149.6000,0.965241
149.6200,0.978307
149.6400,0.987530
149.6600,0.991196
149.6800,0.992106
149.7000,0.990213
149.7200,0.986008
149.7400,0.980159
149.7600,0.973208
149.7800,0.966304
149.8000,0.960633
149.8200,0.958104
149.8400,0.953198
149.8600,0.923361
149.8800,0.898961
149.9000,0.882866
149.9200,0.872128
149.9400,0.866344
149.9600,0.863928
149.9800,0.865498
150.0000,0.888625
150.0200,0.910319
150.0400,0.931561
150.0600,1.026398
150.0800,1.088022
150.1000,1.126447
150.1200,1.160021
150.1400,1.189383
150.1600,1.216490
150.1800,1.244394
150.2000,1.278026
150.2200,1.318440
150.2400,1.352677
150.2600,1.306704
150.2800,1.262496
150.3000,1.227261
150.3200,1.207477
150.3400,1.200654
150.3600,1.205084
150.3800,1.215766
150.4000,1.230509
150.4200,1.247092
150.4400,1.269584
150.4600,1.311963
150.4800,1.355012
150.5000,1.397834
150.5200,1.443075
150.5400,1.491747
150.5600,1.549471
150.5800,1.614561
150.6000,1.683999
150.6200,1.756660
150.6400,1.830658
150.6600,1.957775
150.6800,2.125225
150.7000,2.277548
150.7200,2.413350
150.7400,2.535488
150.7600,2.644523
150.7800,2.740643
150.8000,2.827265
150.8200,2.907008
150.8400,3.036108
150.8600,3.132793
150.8800,3.177567
150.9000,3.203990
150.9200,3.219377
150.9400,3.229727
150.9600,3.233506
150.9800,3.235705
151.0000,3.235350
151.0200,3.235567
151.0400,3.235189
151.0600,3.222551
151.0800,3.198118
151.1000,3.180813
151.1200,3.167304
151.1400,3.154223
151.1600,3.143121
151.1800,3.131085
151.2000,3.118278
151.2200,3.104139
151.2400,3.088599
151.2600,3.075195
151.2800,3.069331
151.3000,3.066969
151.3200,3.069129
151.3400,3.075718
151.3600,3.132559
151.3800,3.216831
151.4000,3.228897
151.4200,3.238259
151.4400,3.314571
151.4600,3.377260
151.4800,3.342121
151.5000,3.302552
151.5200,3.259881
151.5400,3.212932
151.5600,3.162036
151.5800,3.108883
151.6000,3.056876
151.6200,3.004556
151.6400,2.952636
151.6600,2.903987
151.6800,2.862653
151.7000,2.826417
151.7200,2.792375
151.7400,2.759759
151.7600,2.728792
151.7800,2.700261
151.8000,2.671485
151.8200,2.644973
151.8400,2.616675
151.8600,2.619912
151.8800,2.698970
151.9000,2.711433
151.9200,2.704367
151.9400,2.693887
151.9600,2.679321
151.9800,2.660415
152.0000,2.637868
152.0200,2.613428
152.0400,2.587906
152.0600,2.558867
152.0800,2.505876
152.1000,2.457220
152.1200,2.421326
152.1400,2.429155
152.1600,2.411408
152.1800,2.377664
152.2000,2.345603
152.2200,2.316707
152.2400,2.291654
152.2600,2.275438
152.2800,2.311592
152.3000,2.362366
152.3200,2.408025
152.3400,2.450985
152.3600,2.488727
152.3800,2.520619
152.4000,2.549692
152.4200,2.579054
152.4400,2.658668
152.4600,2.705164
152.4800,2.677090
152.5000,2.635547
152.5200,2.601345
152.5400,2.573962
152.5600,2.551817
152.5800,2.533982
152.6000,2.520804
152.6200,2.512330
152.6400,2.507012
152.6600,2.505055
152.6800,2.503840
152.7000,2.503427
152.7200,2.503557
152.7400,2.502236
152.7600,2.499988
152.7800,2.492786
152.8000,2.480606
152.8200,2.462142
152.8400,2.439482
152.8600,2.410997
152.8800,2.360376
152.9000,2.267583
152.9200,2.186400
152.9400,2.115268
152.9600,2.052581
152.9800,1.996683
153.0000,1.945498
153.0200,1.897406
153.0400,1.850692
153.0600,1.804026
153.0800,1.759656
153.1000,1.737456
153.1200,1.711894
153.1400,1.680173
153.1600,1.642424
153.1800,1.601390
153.2000,1.559856
153.2200,1.517491
153.2400,1.475813
153.2600,1.436711
153.2800,1.402604
153.3000,1.402651
153.3200,1.401025
153.3400,1.378833
153.3600,1.358331
153.3800,1.337065
153.4000,1.315452
153.4200,1.300581
153.4400,1.292365
153.4600,1.265274
153.4800,1.239046
153.5000,1.257848
153.5200,1.287515
153.5400,1.310586
153.5600,1.325739
153.5800,1.357614
153.6000,1.383263
153.6200,1.376642
153.6400,1.363711
153.6600,1.345999
153.6800,1.324313
153.7000,1.267771
153.7200,1.179211
153.7400,1.105124
153.7600,1.037845
153.7800,0.975254
153.8000,0.917319
153.8200,0.862768
153.8400,0.812606
153.8600,0.764652
153.8800,0.720654
153.9000,0.698090
153.9200,0.711817
153.9400,0.708562
153.9600,0.702618
153.9800,0.696189
154.0000,0.690470
154.0200,0.686289
154.0400,0.684606
154.0600,0.685000
154.0800,0.688795
154.1000,0.689423
154.1200,0.661027
154.1400,0.636926
154.1600,0.619228
154.1800,0.607169
154.2000,0.599839
154.2200,0.596665
154.2400,0.597736
154.2600,0.601788
154.2800,0.608804
154.3000,0.617359
154.3200,0.615522
154.3400,0.601039
154.3600,0.577509
154.3800,0.550475
154.4000,0.522571
154.4200,0.493426
154.4400,0.464943
154.4600,0.437989
154.4800,0.412921
154.5000,0.402779
154.5200,0.431182
154.5400,0.464346
154.5600,0.481150
154.5800,0.484066
154.6000,0.480925
154.6200,0.473965
154.6400,0.461245
154.6600,0.443878
154.6800,0.423353
154.7000,0.411801
154.7200,0.468302
154.7400,0.520195
154.7600,0.558836
154.7800,0.585750
154.8000,0.603778
154.8200,0.612397
154.8400,0.613195
154.8600,0.607088
154.8800,0.594707
154.9000,0.574295
154.9200,0.545376
154.9400,0.522998
154.9600,0.506984
154.9800,0.496866
155.0000,0.491252
155.0200,0.489318
155.0400,0.493580
155.0600,0.508393
155.0800,0.514040
155.1000,0.515563
155.1200,0.535959
155.1400,0.565474
155.1600,0.597792
155.1800,0.630892
155.2000,0.664209
155.2200,0.697019
155.2400,0.729418
155.2600,0.760117
155.2800,0.789093
155.3000,0.810786
155.3200,0.789673
155.3400,0.764266
155.3600,0.745046
155.3800,0.731343
155.4000,0.723916
155.4200,0.721338
155.4400,0.724657
155.4600,0.733865
155.4800,0.748550
155.5000,0.760359
155.5200,0.721387
155.5400,0.679934
155.5600,0.645682
155.5800,0.617262
155.6000,0.593241
155.6200,0.572708
155.6400,0.555059
155.6600,0.539463
155.6800,0.525278
155.7000,0.511567
155.7200,0.499855
155.7400,0.489874
155.7600,0.479829
155.7800,0.470348
155.8000,0.461801
155.8200,0.452876
155.8400,0.444764
155.8600,0.436048
155.8800,0.426349
155.9000,0.417923
155.9200,0.462631
155.9400,0.523296
155.9600,0.576486
155.9800,0.623377
156.0000,0.666586
156.0200,0.705872
156.0400,0.742017
156.0600,0.774875
156.0800,0.805187
156.1000,0.833236
156.1200,0.856621
156.1400,0.874762
156.1600,0.891187
156.1800,0.905856
156.2000,0.918398
156.2200,0.928073
156.2400,0.934421
156.2600,0.936096
156.2800,0.933969
156.3000,0.928049
156.3200,0.909779
156.3400,0.845956
156.3600,0.784573
156.3800,0.729523
156.4000,0.682374
156.4200,0.648147
156.4400,0.627847
156.4600,0.621137
156.4800,0.625890
156.5000,0.640422
156.5200,0.660246
156.5400,0.660786
156.5600,0.663259
156.5800,0.677533
156.6000,0.703769
156.6200,0.736893
156.6400,0.774101
156.6600,0.810931
156.6800,0.844321
156.7000,0.872442
156.7200,0.894450
156.7400,0.916240
156.7600,0.921653
156.7800,0.909505
156.8000,0.881287
156.8200,0.839842
156.8400,0.789624
156.8600,0.735556
156.8800,0.683776
156.9000,0.635621
156.9200,0.592291
156.9400,0.581335
156.9600,0.594860
156.9800,0.614773
157.0000,0.641469
157.0200,0.686893
157.0400,0.741541
157.0600,0.778556
157.0800,0.816916
157.1000,0.854044
157.1200,0.887562
157.1400,0.864290
157.1600,0.826486
157.1800,0.796149
157.2000,0.769800
157.2200,0.747962
157.2400,0.732286
157.2600,0.722225
157.2800,0.716344
157.3000,0.714169
157.3200,0.717673
157.3400,0.719494
157.3600,0.710568
157.3800,0.697680
157.4000,0.684050
157.4200,0.668672
157.4400,0.651562
157.4600,0.633188
157.4800,0.613919
157.5000,0.594369
157.5200,0.573884
157.5400,0.563960
157.5600,0.554736
157.5800,0.538376
157.6000,0.515619
157.6200,0.487965
157.6400,0.457685
157.6600,0.427558
157.6800,0.399476
157.7000,0.374360
157.7200,0.351652
157.7400,0.334179
157.7600,0.326946
157.7800,0.326511
157.8000,0.333438
157.8200,0.345191
157.8400,0.360681
157.8600,0.378637
157.8800,0.395304
157.9000,0.411423
157.9200,0.426671
157.9400,0.443225
157.9600,0.474504
157.9800,0.518930
158.0000,0.549822
158.0200,0.579998
158.0400,0.611358
158.0600,0.643161
158.0800,0.675189
158.1000,0.707870
158.1200,0.742379
158.1400,0.774794
158.1600,0.786249
158.1800,0.806629
158.2000,0.838271
158.2200,0.880772
158.2400,0.934936
158.2600,0.997639
158.2800,1.068649
158.3000,1.147028
158.3200,1.231781
158.3400,1.338127
158.3600,1.565478
158.3800,1.788987
158.4000,1.987168
158.4200,2.180937
158.4400,2.350814
158.4600,2.531371
158.4800,2.675271
158.5000,2.833041
158.5200,2.952393
158.5400,3.080197
158.5600,3.176786
158.5800,3.270845
158.6000,3.356107
158.6200,3.434965
158.6400,3.493127
158.6600,3.568070
158.6800,3.600000
158.7000,3.600000
158.7200,3.600000
158.7400,3.600000
158.7600,3.558090
158.7800,3.491202
158.8000,3.438606
158.8200,3.396781
158.8400,3.362704
158.8600,3.333841
158.8800,3.309335
158.9000,3.286899
158.9200,3.265158
158.9400,3.244583
158.9600,3.248280
158.9800,3.255933
159.0000,3.259543
159.0200,3.258085
159.0400,3.253404
159.0600,3.249522
159.0800,3.244944
159.1000,3.239386
159.1200,3.234577
159.1400,3.227457
159.1600,3.224734
159.1800,3.228028
159.2000,3.230090
159.2200,3.231919
159.2400,3.230171
159.2600,3.227286
159.2800,3.225990
159.3000,3.225610
159.3200,3.225861
159.3400,3.229679
159.3600,3.241618
159.3800,3.291362
159.4000,3.339987
159.4200,3.383222
159.4400,3.423484
159.4600,3.458512
159.4800,3.493683
159.5000,3.526615
159.5200,3.558008
159.5400,3.588499
159.5600,3.600000
159.5800,3.600000
159.6000,3.595347
159.6200,3.590030
159.6400,3.590071
159.6600,3.594009
159.6800,3.598393
159.7000,3.600000
159.7200,3.600000
159.7400,3.600000
159.7600,3.600000
159.7800,3.600000
159.8000,3.600000
159.8200,3.600000
159.8400,3.600000
159.8600,3.600000
159.8800,3.600000
159.9000,3.600000
159.9200,3.600000
159.9400,3.600000
159.9600,3.600000
159.9800,3.600000
160.0000,3.600000
160.0200,3.600000
160.0400,3.600000
160.0600,3.600000
160.0800,3.600000
160.1000,3.600000
160.1200,3.600000
160.1400,3.600000
160.1600,3.600000
160.1800,3.600000
160.2000,3.600000
160.2200,3.600000
160.2400,3.600000
160.2600,3.600000
160.2800,3.600000
160.3000,3.600000
160.3200,3.600000
160.3400,3.600000
160.3600,3.600000
160.3800,3.600000
160.4000,3.529718
160.4200,3.404973
160.4400,3.291718
160.4600,3.188330
160.4800,3.091226
160.5000,3.001888
160.5200,2.917198
160.5400,2.838380
160.5600,2.764068
160.5800,2.698608
160.6000,2.650378
160.6200,2.585168
160.6400,2.509750
160.6600,2.440593
160.6800,2.377519
160.7000,2.319800
160.7200,2.267584
160.7400,2.220909
160.7600,2.179214
160.7800,2.146992
160.8000,2.151550
160.8200,2.159486
160.8400,2.166308
160.8600,2.171206
160.8800,2.175597
160.9000,2.178110
160.9200,2.180375
160.9400,2.183943
160.9600,2.190041
160.9800,2.198104
161.0000,2.256321
161.0200,2.332464
161.0400,2.398769
161.0600,2.459436
161.0800,2.518034
161.1000,2.574027
161.1200,2.628944
161.1400,2.682368
161.1600,2.734786
161.1800,2.786906
161.2000,2.805144
161.2200,2.780493
161.2400,2.766065
161.2600,2.757148
161.2800,2.751002
161.3000,2.747174
161.3200,2.740851
161.3400,2.729107
161.3600,2.710273
161.3800,2.683874
161.4000,2.653253
161.4200,2.631803
161.4400,2.607474
161.4600,2.581832
161.4800,2.560089
161.5000,2.541860
161.5200,2.529939
161.5400,2.524943
161.5600,2.526015
161.5800,2.530848
161.6000,2.528859
161.6200,2.440247
161.6400,2.340543
161.6600,2.247339
161.6800,2.159429
161.7000,2.076209
161.7200,2.000123
161.7400,1.928436
161.7600,1.861663
161.7800,1.799627
161.8000,1.743247
161.8200,1.707745
161.8400,1.678973
161.8600,1.645624
161.8800,1.610235
161.9000,1.572187
161.9200,1.533505
161.9400,1.493518
161.9600,1.452748
161.9800,1.412222
162.0000,1.371455
162.0200,1.322436
162.0400,1.260319
162.0600,1.202755
162.0800,1.149542
162.1000,1.099838
162.1200,1.054029
162.1400,1.011947
162.1600,0.973047
162.1800,0.936547
162.2000,0.902295
162.2200,0.866014
162.2400,0.817641
162.2600,0.770952
162.2800,0.727251
162.3000,0.686563
162.3200,0.648791
162.3400,0.615538
162.3600,0.588311
162.3800,0.567722
162.4000,0.555115
162.4200,0.547164
162.4400,0.530965
162.4600,0.510254
162.4800,0.486652
162.5000,0.461841
162.5200,0.437079
162.5400,0.413203
162.5600,0.391365
162.5800,0.372612
162.6000,0.357846
162.6200,0.347463
162.6400,0.329523
162.6600,0.310972
162.6800,0.294023
162.7000,0.278839
162.7200,0.266015
162.7400,0.254520
162.7600,0.244120
162.7800,0.234494
162.8000,0.224328
162.8200,0.213808
162.8400,0.202055
162.8600,0.190962
162.8800,0.180474
162.9000,0.170687
162.9200,0.162011
162.9400,0.155640
162.9600,0.155656
162.9800,0.159466
163.0000,0.166498
163.0200,0.176696
163.0400,0.224570
163.0600,0.292428
163.0800,0.345666
163.1000,0.385605
163.1200,0.414814
163.1400,0.433502
163.1600,0.443459
163.1800,0.446141
163.2000,0.442839
163.2200,0.435686
163.2400,0.431223
163.2600,0.425600
163.2800,0.415491
163.3000,0.402376
163.3200,0.387329
163.3400,0.370477
163.3600,0.352223
163.3800,0.332447
163.4000,0.311519
163.4200,0.290559
163.4400,0.272604
163.4600,0.257443
163.4800,0.241607
163.5000,0.225665
163.5200,0.210811
163.5400,0.196714
163.5600,0.183761
163.5800,0.172121
163.6000,0.161278
163.6200,0.151451
163.6400,0.143122
163.6600,0.134913
163.6800,0.127470
163.7000,0.120655
163.7200,0.118819
163.7400,0.126455
163.7600,0.148100
163.7800,0.182561
163.8000,0.226245
163.8200,0.274868
163.8400,0.325753
163.8600,0.377139
163.8800,0.419486
163.9000,0.451716
163.9200,0.473820
163.9400,0.487909
163.9600,0.495424
163.9800,0.499251
164.0000,0.501917
164.0200,0.506807
164.0400,0.513388
164.0600,0.497116
164.0800,0.474110
164.1000,0.451546
164.1200,0.430135
164.1400,0.412172
164.1600,0.395078
164.1800,0.377791
164.2000,0.362365
164.2200,0.350330
164.2400,0.348212
164.2600,0.401998
164.2800,0.457951
164.3000,0.505147
164.3200,0.543539
164.3400,0.571983
164.3600,0.593298
164.3800,0.608530
164.4000,0.619808
164.4200,0.629007
164.4400,0.636346
164.4600,0.613235
164.4800,0.575116
164.5000,0.540261
164.5200,0.507701
164.5400,0.476615
164.5600,0.447108
164.5800,0.418906
164.6000,0.390817
164.6200,0.364629
164.6400,0.339593
164.6600,0.316643
164.6800,0.295465
164.7000,0.275552
164.7200,0.257790
164.7400,0.242171
164.7600,0.230909
164.7800,0.223619
164.8000,0.219535
164.8200,0.217594
164.8400,0.217191
164.8600,0.214992
164.8800,0.200846
164.9000,0.187112
164.9200,0.175134
164.9400,0.163163
164.9600,0.153022
164.9800,0.142936
165.0000,0.134293
165.0200,0.126310
165.0400,0.118384
165.0600,0.112809
165.0800,0.120969
165.1000,0.130990
165.1200,0.137853
165.1400,0.142848
165.1600,0.144539
165.1800,0.144040
165.2000,0.141607
165.2200,0.137733
165.2400,0.132891
165.2600,0.131192
165.2800,0.170880
165.3000,0.222000
165.3200,0.275907
165.3400,0.331328
165.3600,0.387071
165.3800,0.442847
165.4000,0.497277
165.4200,0.549379
165.4400,0.599637
165.4600,0.645835
165.4800,0.664717
165.5000,0.673248
165.5200,0.682689
165.5400,0.692967
165.5600,0.704156
165.5800,0.714967
165.6000,0.725616
165.6200,0.736233
165.6400,0.745569
165.6600,0.753842
165.6800,0.734082
165.7000,0.678669
165.7200,0.629346
165.7400,0.584147
165.7600,0.543378
165.7800,0.505808
165.8000,0.470944
165.8200,0.438875
165.8400,0.408990
165.8600,0.381698
165.8800,0.356307
165.9000,0.336395
165.9200,0.321105
165.9400,0.312494
165.9600,0.309175
165.9800,0.316522
166.0000,0.333599
166.0200,0.348381
166.0400,0.366860
166.0600,0.389874
166.0800,0.414790
166.1000,0.406106
166.1200,0.391381
166.1400,0.387466
166.1600,0.392202
166.1800,0.405574
166.2000,0.426244
166.2200,0.452819
166.2400,0.484807
166.2600,0.521548
166.2800,0.557580
166.3000,0.568986
166.3200,0.582616
166.3400,0.601127
166.3600,0.623256
166.3800,0.647317
166.4000,0.672958
166.4200,0.698799
166.4400,0.723691
166.4600,0.747825
166.4800,0.767778
166.5000,0.769913
166.5200,0.776164
166.5400,0.789141
166.5600,0.807282
166.5800,0.828315
166.6000,0.850322
166.6200,0.872652
166.6400,0.893660
166.6600,0.912454
166.6800,0.926019
166.7000,0.914741
166.7200,0.898131
166.7400,0.881690
166.7600,0.866183
166.7800,0.850499
166.8000,0.835621
166.8200,0.822611
166.8400,0.811003
166.8600,0.801216
166.8800,0.801176
166.9000,0.769808
166.9200,0.728387
166.9400,0.689012
166.9600,0.652368
166.9800,0.618084
167.0000,0.586281
167.0200,0.556404
167.0400,0.528943
167.0600,0.502263
167.0800,0.487506
167.1000,0.593853
167.1200,0.691703
167.1400,0.779595
167.1600,0.887312
167.1800,0.970219
167.2000,1.048945
167.2200,1.096650
167.2400,1.131707
167.2600,1.163744
167.2800,1.192147
167.3000,1.148421
167.3200,1.079282
167.3400,1.024706
167.3600,0.987732
167.3800,0.953617
167.4000,0.919961
167.4200,0.889826
167.4400,0.860069
167.4600,0.829152
167.4800,0.797551
167.5000,0.756903
167.5200,0.705405
167.5400,0.658401
167.5600,0.614507
167.5800,0.574311
167.6000,0.536773
167.6200,0.502151
167.6400,0.469365
167.6600,0.439496
167.6800,0.411237
167.7000,0.388457
167.7200,0.370332
167.7400,0.349646
167.7600,0.328049
167.7800,0.307242
167.8000,0.287780
167.8200,0.269656
167.8400,0.252876
167.8600,0.237547
167.8800,0.222459
167.9000,0.211721
167.9200,0.205221
167.9400,0.198011
167.9600,0.191389
167.9800,0.186194
168.0000,0.182835
168.0200,0.181167
168.0400,0.180829
168.0600,0.182617
168.0800,0.185799
168.1000,0.195611
168.1200,0.216756
168.1400,0.236073
168.1600,0.251998
168.1800,0.265322
168.2000,0.275085
168.2200,0.280845
168.2400,0.282415
168.2600,0.279725
168.2800,0.273337
168.3000,0.264218
168.3200,0.257121
168.3400,0.259401
168.3600,0.270227
168.3800,0.290696
168.4000,0.319897
168.4200,0.360375
168.4400,0.419454
168.4600,0.465925
168.4800,0.508998
168.5000,0.551909
168.5200,0.614507
168.5400,0.659183
168.5600,0.672369
168.5800,0.673964
168.6000,0.665393
168.6200,0.651006
168.6400,0.634082
168.6600,0.616634
168.6800,0.600942
168.7000,0.587457
168.7200,0.598461
168.7400,0.616827
168.7600,0.626752
168.7800,0.629265
168.8000,0.625205
168.8200,0.615377
168.8400,0.600604
168.8600,0.582656
168.8800,0.561487
168.9000,0.539222
168.9200,0.505171
168.9400,0.469583
168.9600,0.437151
168.9800,0.411245
169.0000,0.396190
169.0200,0.389834
169.0400,0.395328
169.0600,0.412655
169.0800,0.441010
169.1000,0.475044
169.1200,0.486161
169.1400,0.500652
169.1600,0.525898
169.1800,0.560609
169.2000,0.603552
169.2200,0.652803
169.2400,0.707781
169.2600,0.766070
169.2800,0.827066
169.3000,0.887901
169.3200,0.936491
169.3400,0.977284
169.3600,1.001675
169.3800,1.029338
169.4000,1.059417
169.4200,1.090518
169.4400,1.122426
169.4600,1.155680
169.4800,1.188183
169.5000,1.219890
169.5200,1.208418
169.5400,1.170783
169.5600,1.141189
169.5800,1.118254
169.6000,1.100540
169.6200,1.086418
169.6400,1.076236
169.6600,1.068487
169.6800,1.062254
169.7000,1.056863
169.7200,1.119142
169.7400,1.232964
169.7600,1.326069
169.7800,1.406287
169.8000,1.477545
169.8200,1.539218
169.8400,1.593488
169.8600,1.639315
169.8800,1.678425
169.9000,1.709164
169.9200,1.734877
169.9400,1.774196
169.9600,1.777161
169.9800,1.760640
170.0000,1.739720
170.0200,1.712725
170.0400,1.680696
170.0600,1.644914
170.0800,1.605087
170.1000,1.562586
170.1200,1.518514
170.1400,1.484416
170.1600,1.460564
170.1800,1.445556
170.2000,1.439160
170.2200,1.439321
170.2400,1.446805
170.2600,1.459469
170.2800,1.482870
170.3000,1.543405
170.3200,1.571722
170.3400,1.496081
170.3600,1.419344
170.3800,1.350913
170.4000,1.296006
170.4200,1.251758
170.4400,1.218537
170.4600,1.194426
170.4800,1.180111
170.5000,1.173167
170.5200,1.170397
170.5400,1.156992
170.5600,1.148559
170.5800,1.146618
170.6000,1.152104
170.6200,1.170066
170.6400,1.215225
170.6600,1.240222
170.6800,1.257259
170.7000,1.278349
170.7200,1.300018
170.7400,1.330702
170.7600,1.361778
170.7800,1.387741
170.8000,1.408203
170.8200,1.441037
170.8400,1.469070
170.8600,1.459097
170.8800,1.437968
170.9000,1.405172
170.9200,1.361763
170.9400,1.295724
170.9600,1.222250
170.9800,1.173700
171.0000,1.141897
171.0200,1.118891
171.0400,1.125859
171.0600,1.150501
171.0800,1.167956
171.1000,1.195547
171.1200,1.233198
171.1400,1.273073
171.1600,1.309403
171.1800,1.348810
171.2000,1.387726
171.2200,1.425304
171.2400,1.460127
171.2600,1.491851
171.2800,1.519843
171.3000,1.543591
171.3200,1.560903
171.3400,1.587615
171.3600,1.638727
171.3800,1.679513
171.4000,1.709493
171.4200,1.728150
171.4400,1.737496
171.4600,1.739002
171.4800,1.733145
171.5000,1.723704
171.5200,1.711259
171.5400,1.692659
171.5600,1.665777
171.5800,1.638154
171.6000,1.611652
171.6200,1.587446
171.6400,1.589259
171.6600,1.596966
171.6800,1.597571
171.7000,1.598208
171.7200,1.600165
171.7400,1.609123
171.7600,1.684610
171.7800,1.719201
171.8000,1.737569
171.8200,1.753550
171.8400,1.768131
171.8600,1.779459
171.8800,1.786353
171.9000,1.788929
171.9200,1.784823
171.9400,1.758633
171.9600,1.676474
171.9800,1.605055
172.0000,1.548352
172.0200,1.504377
172.0400,1.470827
172.0600,1.448328
172.0800,1.433594
172.1000,1.423805
172.1200,1.417024
172.1400,1.409484
172.1600,1.397287
172.1800,1.381039
172.2000,1.359692
172.2200,1.334084
172.2400,1.305785
172.2600,1.275181
172.2800,1.243370
172.3000,1.210835
172.3200,1.178251
172.3400,1.145337
172.3600,1.102531
172.3800,1.062053
172.4000,1.025931
172.4200,0.994828
172.4400,0.968479
172.4600,0.949364
172.4800,0.938577
172.5000,0.919325
172.5200,0.894949
172.5400,0.867697
172.5600,0.828951
172.5800,0.791469
172.6000,0.756533
172.6200,0.720871
172.6400,0.683341
172.6600,0.645303
172.6800,0.608055
172.7000,0.571499
172.7200,0.536233
172.7400,0.505542
172.7600,0.491582
172.7800,0.481408
172.8000,0.473763
172.8200,0.466884
172.8400,0.462889
172.8600,0.460206
172.8800,0.460262
172.9000,0.462558
172.9200,0.466159
172.9400,0.472346
172.9600,0.479773
172.9800,0.485444
173.0000,0.484630
173.0200,0.483623
173.0400,0.483132
173.0600,0.480796
173.0800,0.477219
173.1000,0.471572
173.1200,0.463871
173.1400,0.453874
173.1600,0.428089
173.1800,0.399992
173.2000,0.374779
173.2200,0.351555
173.2400,0.329950
173.2600,0.310521
173.2800,0.294998
173.3000,0.284945
173.3200,0.281811
173.3400,0.287088
173.3600,0.295224
173.3800,0.308128
173.4000,0.329676
173.4200,0.358112
173.4400,0.391985
173.4600,0.430973
173.4800,0.474585
173.5000,0.521894
173.5200,0.571041
173.5400,0.623191
173.5600,0.662445
173.5800,0.687683
173.6000,0.721338
173.6200,0.762389
173.6400,0.811817
173.6600,0.867883
173.6800,0.930224
173.7000,1.000862
173.7200,1.076986
173.7400,1.159473
173.7600,1.257588
173.7800,1.370438
173.8000,1.481178
173.8200,1.589001
173.8400,1.694705
173.8600,1.798975
173.8800,1.898743
173.9000,1.994927
173.9200,2.087598
173.9400,2.174436
173.9600,2.273681
173.9800,2.428494
174.0000,2.573600
174.0200,2.707485
174.0400,2.827425
174.0600,2.934188
174.0800,3.032990
174.1000,3.122644
174.1200,3.200903
174.1400,3.312219
174.1600,3.409791
174.1800,3.384905
174.2000,3.349533
174.2200,3.321806
174.2400,3.301505
174.2600,3.287528
174.2800,3.274905
174.3000,3.268484
174.3200,3.267259
174.3400,3.286803
174.3600,3.356389
174.3800,3.419111
174.4000,3.422599
174.4200,3.433604
174.4400,3.510560
174.4600,3.546779
174.4800,3.538699
174.5000,3.533882
174.5200,3.534276
174.5400,3.536258
174.5600,3.536846
174.5800,3.522805
174.6000,3.506879
174.6200,3.492563
174.6400,3.479860
174.6600,3.467648
174.6800,3.454476
174.7000,3.440635
174.7200,3.425927
174.7400,3.438703
174.7600,3.511888
174.7800,3.600000
174.8000,3.600000
174.8200,3.600000
174.8400,3.600000
174.8600,3.600000
174.8800,3.600000
174.9000,3.600000
174.9200,3.600000
174.9400,3.600000
174.9600,3.600000
174.9800,3.600000
175.0000,3.600000
175.0200,3.589015
175.0400,3.532561
175.0600,3.475629
175.0800,3.422003
175.1000,3.372024
175.1200,3.324374
175.1400,3.280946
175.1600,3.234402
175.1800,3.144135
175.2000,3.084442
175.2200,3.032007
175.2400,2.949873
175.2600,2.874552
175.2800,2.806079
175.3000,2.742833
175.3200,2.683318
175.3400,2.628323
175.3600,2.576886
175.3800,2.602513
175.4000,2.654446
175.4200,2.641928
175.4400,2.623852
175.4600,2.599097
175.4800,2.569637
175.5000,2.537826
175.5200,2.502445
175.5400,2.461393
175.5600,2.415105
175.5800,2.366820
175.6000,2.318147
175.6200,2.264675
175.6400,2.207449
175.6600,2.147136
175.6800,2.082789
175.7000,2.014662
175.7200,1.945168
175.7400,1.873159
175.7600,1.800426
175.7800,1.743965
175.8000,1.722624
175.8200,1.696356
175.8400,1.666655
175.8600,1.632590
175.8800,1.597257
175.9000,1.559574
175.9200,1.519676
175.9400,1.479269
175.9600,1.439620
175.9800,1.399984
176.0000,1.359498
176.0200,1.321009
176.0400,1.284156
176.0600,1.249840
176.0800,1.217957
176.1000,1.188860
176.1200,1.162245
176.1400,1.137226
176.1600,1.112721
176.1800,1.076800
176.2000,1.027671
176.2200,0.982399
176.2400,0.939592
176.2600,0.898647
176.2800,0.859610
176.3000,0.822394
176.3200,0.787030
176.3400,0.753673
176.3600,0.722241
176.3800,0.695295
176.4000,0.679370
176.4200,0.665692
176.4400,0.654486
176.4600,0.645706
176.4800,0.640591
176.5000,0.637562
176.5200,0.639447
176.5400,0.644103
176.5600,0.653584
176.5800,0.662832
176.6000,0.633003
176.6200,0.595416
176.6400,0.560754
176.6600,0.527598
176.6800,0.497615
176.7000,0.469123
176.7200,0.442275
176.7400,0.418302
176.7600,0.397551
176.7800,0.392516
176.8000,0.461914
176.8200,0.525246
176.8400,0.571073
176.8600,0.602505
176.8800,0.622080
176.9000,0.632100
176.9200,0.635008
176.9400,0.634332
176.9600,0.633889
176.9800,0.635355
177.0000,0.618358
177.0200,0.596471
177.0400,0.582439
177.0600,0.574593
177.0800,0.573095
177.1000,0.575841
177.1200,0.582697
177.1400,0.590567
177.1600,0.598606
177.1800,0.604938
177.2000,0.592806
177.2200,0.558982
177.2400,0.527211
177.2600,0.497205
177.2800,0.468471
177.3000,0.441115
177.3200,0.415080
177.3400,0.390881
177.3600,0.369438
177.3800,0.350798
177.4000,0.343371
177.4200,0.364306
177.4400,0.378758
177.4600,0.384614
177.4800,0.381610
177.5000,0.371033
177.5200,0.354849
177.5400,0.335758
177.5600,0.316022
177.5800,0.297269
177.6000,0.279999
177.6200,0.263429
177.6400,0.248575
177.6600,0.234188
177.6800,0.221323
177.7000,0.210448
177.7200,0.202530
177.7400,0.196223
177.7600,0.190608
177.7800,0.185751
177.8000,0.186025
177.8200,0.206824
177.8400,0.211415
177.8600,0.201338
177.8800,0.187394
177.9000,0.174715
177.9200,0.164017
177.9400,0.154125
177.9600,0.145643
177.9800,0.138006
178.0000,0.130773
178.0200,0.149018
178.0400,0.176318
178.0600,0.199783
178.0800,0.220486
178.1000,0.239238
178.1200,0.256920
178.1400,0.273724
178.1600,0.291236
178.1800,0.310625
178.2000,0.329829
178.2200,0.316272
178.2400,0.292154
178.2600,0.270695
178.2800,0.250870
178.3000,0.232867
178.3200,0.216724
178.3400,0.201918
178.3600,0.189134
178.3800,0.179467
178.4000,0.178686
178.4200,0.241607
178.4400,0.307903
178.4600,0.360633
178.4800,0.402473
178.5000,0.434832
178.5200,0.459481
178.5400,0.475914
178.5600,0.485234
178.5800,0.488223
178.6000,0.485460
178.6200,0.507193
178.6400,0.537997
178.6600,0.560439
178.6800,0.574561
178.7000,0.581851
178.7200,0.589157
178.7400,0.592903
178.7600,0.581714
178.7800,0.565982
178.8000,0.547696
178.8200,0.554390
178.8400,0.586515
178.8600,0.608442
178.8800,0.622837
178.9000,0.631835
178.9200,0.637473
178.9400,0.640969
178.9600,0.644683
178.9800,0.647607
179.0000,0.652432
179.0200,0.655735
179.0400,0.648195
179.0600,0.629426
179.0800,0.601772
179.1000,0.566868
179.1200,0.528492
179.1400,0.491437
179.1600,0.457008
179.1800,0.425487
179.2000,0.397841
179.2200,0.384654
179.2400,0.459505
179.2600,0.545561
179.2800,0.620388
179.3000,0.681440
179.3200,0.727742
179.3400,0.760085
179.3600,0.779265
179.3800,0.787393
179.4000,0.785645
179.4200,0.771282
179.4400,0.724955
179.4600,0.675302
179.4800,0.628097
179.5000,0.583921
179.5200,0.543265
179.5400,0.505759
179.5600,0.470912
179.5800,0.439053
179.6000,0.409360
179.6200,0.382939
179.6400,0.372394
179.6600,0.365515
179.6800,0.360770
179.7000,0.355284
179.7200,0.353126
179.7400,0.352481
179.7600,0.353883
179.7800,0.358491
179.8000,0.362599
179.8200,0.366860
179.8400,0.345554
179.8600,0.320469
179.8800,0.299138
179.9000,0.279129
179.9200,0.261745
179.9400,0.246561
179.9600,0.235017
179.9800,0.225383
180.0000,0.218133
180.0200,0.213075
180.0400,0.214009
180.0600,0.217537
180.0800,0.221549
180.1000,0.225883
180.1200,0.231554
180.1400,0.237378
180.1600,0.243629
180.1800,0.249694
180.2000,0.254512
180.2200,0.256437
180.2400,0.243870
180.2600,0.229878
180.2800,0.216716
180.3000,0.203811
180.3200,0.192251
180.3400,0.180563
180.3600,0.170011
180.3800,0.159426
180.4000,0.149582
180.4200,0.140318
180.4400,0.133197
180.4600,0.126117
180.4800,0.119519
180.5000,0.113035
180.5200,0.106768
180.5400,0.100597
180.5600,0.094942
180.5800,0.089449
180.6000,0.085139
180.6200,0.080660
180.6400,0.094934
180.6600,0.123628
180.6800,0.151741
180.7000,0.179185
180.7200,0.205962
180.7400,0.232013
180.7600,0.255631
180.7800,0.277647
180.8000,0.297350
180.8200,0.314001
180.8400,0.330490
180.8600,0.345884
180.8800,0.357379
180.9000,0.364750
180.9200,0.368399
180.9400,0.368149
180.9600,0.364403
180.9800,0.357290
181.0000,0.347293
181.0200,0.334614
181.0400,0.312067
181.0600,0.289222
181.0800,0.268077
181.1000,0.248905
181.1200,0.232263
181.1400,0.219906
181.1600,0.214525
181.1800,0.216748
181.2000,0.227840
181.2200,0.248800
181.2400,0.289238
181.2600,0.331650
181.2800,0.373272
181.3000,0.414765
181.3200,0.457451
181.3400,0.500499
181.3600,0.544127
181.3800,0.585347
181.4000,0.624859
181.4200,0.659787
181.4400,0.676969
181.4600,0.683454
181.4800,0.682552
181.5000,0.674158
181.5200,0.658691
181.5400,0.638432
181.5600,0.614177
181.5800,0.586902
181.6000,0.557475
181.6200,0.527122
181.6400,0.500137
181.6600,0.476398
181.6800,0.454648
181.7000,0.437586
181.7200,0.427614
181.7400,0.426784
181.7600,0.437135
181.7800,0.460528
181.8000,0.497648
181.8200,0.548606
181.8400,0.638343
181.8600,0.732898
181.8800,0.798389
181.9000,0.841566
181.9200,0.867633
181.9400,0.880481
181.9600,0.884904
181.9800,0.893644
182.0000,0.886483
182.0200,0.869832
182.0400,1.007815
182.0600,1.229081
182.0800,1.421012
182.1000,1.583974
182.1200,1.722311
182.1400,1.834218
182.1600,1.921040
182.1800,1.981168
182.2000,2.014108
182.2200,2.022010
182.2400,1.994661
182.2600,1.937853
182.2800,1.862172
182.3000,1.772488
182.3200,1.676871
182.3400,1.573058
182.3600,1.471657
182.3800,1.377592
182.4000,1.294612
182.4200,1.226037
182.4400,1.206002
182.4600,1.227261
182.4800,1.220284
182.5000,1.210054
182.5200,1.198092
182.5400,1.183109
182.5600,1.164307
182.5800,1.140382
182.6000,1.110401
182.6200,1.074948
182.6400,1.042236
182.6600,1.035848
182.6800,1.026979
182.7000,1.017173
182.7200,1.010094
182.7400,1.004793
182.7600,1.005622
182.7800,1.019454
182.8000,1.045666
182.8200,1.084365
182.8400,1.144523
182.8600,1.124649
182.8800,1.078815
182.9000,1.029160
182.9200,0.978089
182.9400,0.927614
182.9600,0.878186
182.9800,0.830151
183.0000,0.785460
183.0200,0.745094
183.0400,0.710480
183.0600,0.682326
183.0800,0.659118
183.1000,0.640784
183.1200,0.628331
183.1400,0.621967
183.1600,0.621032
183.1800,0.623441
183.2000,0.629893
183.2200,0.640849
183.2400,0.663758
183.2600,0.769526
183.2800,0.889842
183.3000,0.997278
183.3200,1.093492
183.3400,1.178759
183.3600,1.255454
183.3800,1.319761
183.4000,1.368957
183.4200,1.398035
183.4400,1.406390
183.4600,1.401499
183.4800,1.382175
183.5000,1.345050
183.5200,1.296055
183.5400,1.241164
183.5600,1.187442
183.5800,1.139633
183.6000,1.099881
183.6200,1.066361
183.6400,1.032375
183.6600,1.002618
183.6800,0.978274
183.7000,0.954881
183.7200,0.933051
183.7400,0.912204
183.7600,0.892887
183.7800,0.872861
183.8000,0.850709
183.8200,0.826333
183.8400,0.798977
183.8600,0.758144
183.8800,0.715748
183.9000,0.682850
183.9200,0.659287
183.9400,0.643434
183.9600,0.633349
183.9800,0.626478
184.0000,0.619389
184.0200,0.610117
184.0400,0.596552
184.0600,0.592379
184.0800,0.619413
184.1000,0.649621
184.1200,0.663251
184.1400,0.675624
184.1600,0.691920
184.1800,0.712034
184.2000,0.734863
184.2200,0.759320
184.2400,0.783591
184.2600,0.800346
184.2800,0.775946
184.3000,0.743346
184.3200,0.710995
184.3400,0.678532
184.3600,0.646705
184.3800,0.617045
184.4000,0.590945
184.4200,0.569099
184.4400,0.553157
184.4600,0.542138
184.4800,0.564218
184.5000,0.594063
184.5200,0.612099
184.5400,0.619574
184.5600,0.619035
184.5800,0.612800
184.6000,0.602682
184.6200,0.589431
184.6400,0.575278
184.6600,0.561922
184.6800,0.553898
184.7000,0.550056
184.7200,0.545215
184.7400,0.539834
184.7600,0.532930
184.7800,0.523248
184.8000,0.509368
184.8200,0.491662
184.8400,0.470654
184.8600,0.448220
184.8800,0.434268
184.9000,0.458651
184.9200,0.485750
184.9400,0.508812
184.9600,0.524843
184.9800,0.531521
185.0000,0.528983
185.0200,0.517818
185.0400,0.175649
185.0600,0.165379
185.0800,0.155317
185.1000,0.146714
185.1200,0.139279
185.1400,0.134414
185.1600,0.129709
185.1800,0.131514
185.2000,0.137596
185.2200,0.144725
185.2400,0.152579
185.2600,0.160827
185.2800,0.169890
185.3000,0.178968
185.3200,0.187281
185.3400,0.195466
185.3600,0.203134
185.3800,0.216321
185.4000,0.231151
185.4200,0.244644
185.4400,0.256823
185.4600,0.268504
185.4800,0.279105
185.5000,0.288159
185.5200,0.295038
185.5400,0.299920
185.5600,0.302997
185.5800,0.304511
185.6000,0.305269
185.6200,0.303955
185.6400,0.301684
185.6600,0.298099
185.6800,0.294877
185.7000,0.293218
185.7200,0.292678
185.7400,0.293709
185.7600,0.295731
185.7800,0.298099
185.8000,0.299992
185.8200,0.302304
185.8400,0.303939
185.8600,0.303609
185.8800,0.301821
185.9000,0.299146
185.9200,0.296214
185.9400,0.294072
185.9600,0.294112
185.9800,0.291880
186.0000,0.290003
186.0200,0.287990
186.0400,0.284945
186.0600,0.279290
186.0800,0.272394
186.1000,0.264798
186.1200,0.258161
186.1400,0.252014
186.1600,0.245828
186.1800,0.240672
186.2000,0.237088
186.2200,0.234631
186.2400,0.231997
186.2600,0.229838
186.2800,0.227236
186.3000,0.225673
186.3200,0.223941
186.3400,0.222040
186.3600,0.224215
186.3800,0.224272
186.4000,0.215217
186.4200,0.205076
186.4400,0.195949
186.4600,0.186508
186.4800,0.177550
186.5000,0.168689
186.5200,0.161045
186.5400,0.153827
186.5600,0.147681
186.5800,0.141438
186.6000,0.133222
186.6200,0.124296
186.6400,0.115959
186.6600,0.108306
186.6800,0.100992
186.7000,0.093839
186.7200,0.087684
186.7400,0.082013
186.7600,0.076890
186.7800,0.071525
186.8000,0.072492
186.8200,0.076383
186.8400,0.078171
186.8600,0.078840
186.8800,0.078767
186.9000,0.078936
186.9200,0.078308
186.9400,0.077712
186.9600,0.077414
186.9800,0.077261
187.0000,0.078936
187.0200,0.084881
187.0400,0.094322
187.0600,0.109426
187.0800,0.132400
187.1000,0.165234
187.1200,0.207524
187.1400,0.259022
187.1600,0.316651
187.1800,0.377123
187.2000,0.430659
187.2200,0.464725
187.2400,0.489673
187.2600,0.500813
187.2800,0.495384
187.3000,0.474384
187.3200,0.443862
187.3400,0.411632
187.3600,0.381626
187.3800,0.354068
187.4000,0.329813
187.4200,0.306590
187.4400,0.284494
187.4600,0.265056
187.4800,0.252183
187.5000,0.257073
187.5200,0.285356
187.5400,0.339617
187.5600,0.416900
187.5800,0.512284
187.6000,0.625632
187.6200,0.775704
187.6400,0.927260
187.6600,1.070726
187.6800,1.203545
187.7000,1.320938
187.7200,1.420657
187.7400,1.502678
187.7600,1.606279
187.7800,1.694061
187.8000,1.729399
187.8200,1.695631
187.8400,1.647823
187.8600,1.626427
187.8800,1.626982
187.9000,1.644213
187.9200,1.671699
187.9400,1.715608
187.9600,1.791194
187.9800,1.826517
188.0000,1.861833
188.0200,1.939424
188.0400,1.987887
188.0600,2.017506
188.0800,2.048585
188.1000,2.079809
188.1200,2.113360
188.1400,2.148975
188.1600,2.185142
188.1800,2.220870
188.2000,2.254589
188.2200,2.269274
188.2400,2.273157
188.2600,2.281639
188.2800,2.297373
188.3000,2.319792
188.3200,2.342857
188.3400,2.363228
188.3600,2.374529
188.3800,2.381273
188.4000,2.388482
188.4200,2.411376
188.4400,2.452693
188.4600,2.487267
188.4800,2.513933
188.5000,2.536012
188.5200,2.550117
188.5400,2.558125
188.5600,2.561718
188.5800,2.559253
188.6000,2.550207
188.6200,2.551560
188.6400,2.566253
188.6600,2.590283
188.6800,2.652288
188.7000,2.659755
188.7200,2.653101
188.7400,2.646609
188.7600,2.639704
188.7800,2.632382
188.8000,2.624625
188.8200,2.604454
188.8400,2.557626
188.8600,2.513892
188.8800,2.473565
188.9000,2.436196
188.9200,2.401469
188.9400,2.369609
188.9600,2.340543
188.9800,2.314436
189.0000,2.292322
189.0200,2.274971
189.0400,2.261767
189.0600,2.247774
189.0800,2.235473
189.1000,2.225251
189.1200,2.218531
189.1400,2.215575
189.1600,2.215664
189.1800,2.217639
189.2000,2.222900
189.2200,2.224188
189.2400,2.201576
189.2600,2.178819
189.2800,2.157157
189.3000,2.135327
189.3200,2.113360
189.3400,2.090893
189.3600,2.068151
189.3800,2.047143
189.4000,2.025964
189.4200,2.002756
189.4400,1.965347
189.4600,1.924553
189.4800,1.878700
189.5000,1.825663
189.5200,1.766995
189.5400,1.703307
189.5600,1.636038
189.5800,1.567242
189.6000,1.498690
189.6200,1.459354
189.6400,1.494711
189.6600,1.513439
189.6800,1.512296
189.7000,1.495356
189.7200,1.467192
189.7400,1.431708
189.7600,1.394299
189.7800,1.356317
189.8000,1.320075
189.8200,1.349882
189.8400,1.505424
189.8600,1.637856
189.8800,1.750787
189.9000,1.848299
189.9200,1.930724
189.9400,1.999856
189.9600,2.055980
189.9800,2.100752
190.0000,2.138405
190.0200,2.109880
190.0400,1.992229
190.0600,1.887635
190.0800,1.793546
190.1000,1.707231
190.1200,1.628505
190.1400,1.556626
190.1600,1.490047
190.1800,1.429470
190.2000,1.374088
190.2200,1.353401
190.2400,1.433748
190.2600,1.544325
190.2800,1.663924
190.3000,1.731663
190.3200,1.786054
190.3400,1.880949
190.3600,1.964058
190.3800,2.007155
190.4000,2.054006
190.4200,2.077447
190.4400,1.983785
190.4600,1.893612
190.4800,1.821208
190.5000,1.764248
190.5200,1.720201
190.5400,1.687350
190.5600,1.662073
190.5800,1.642489
190.6000,1.627256
190.6200,1.618128
190.6400,1.677127
190.6600,1.744864
190.6800,1.803608
190.7000,1.853883
190.7200,1.898493
190.7400,1.936790
190.7600,1.970374
190.7800,1.999913
190.8000,2.027124
190.8200,2.051880
190.8400,2.069158
190.8600,2.082282
190.8800,2.091480
190.9000,2.099326
190.9200,2.107333
190.9400,2.115631
190.9600,2.125653
190.9800,2.139604
191.0000,2.158100
191.0200,2.179124
191.0400,2.114971
191.0600,2.008703
191.0800,1.916852
191.1000,1.838601
191.1200,1.773132
191.1400,1.717896
191.1600,1.673149
191.1800,1.636215
191.2000,1.606047
191.2200,1.582797
191.2400,1.591465
191.2600,1.597958
191.2800,1.588067
191.3000,1.565890
191.3200,1.537993
191.3400,1.505908
191.3600,1.472486
191.3800,1.438676
191.4000,1.404876
191.4200,1.371172
191.4400,1.358880
191.4600,1.372082
191.4800,1.382803
191.5000,1.390456
191.5200,1.392696
191.5400,1.390143
191.5600,1.382377
191.5800,1.367852
191.6000,1.346217
191.6200,1.317845
191.6400,1.277960
191.6600,1.222701
191.6800,1.172233
191.7000,1.126084
191.7200,1.082914
191.7400,1.043057
191.7600,1.006025
191.7800,0.971323
191.8000,0.937917
191.8200,0.905936
191.8400,0.876260
191.8600,0.852167
191.8800,0.827606
191.9000,0.803471
191.9200,0.779724
191.9400,0.756242
191.9600,0.731335
191.9800,0.706194
192.0000,0.681222
192.0200,0.657040
192.0400,0.634670
192.0600,0.615909
192.0800,0.599613
192.1000,0.585983
192.1200,0.573932
192.1400,0.563412
192.1600,0.552199
192.1800,0.540849
192.2000,0.528991
192.2200,0.516715
192.2400,0.504664
192.2600,0.516328
192.2800,0.537578
192.3000,0.554229
192.3200,0.566779
192.3400,0.575044
192.3600,0.580369
192.3800,0.582495
192.4000,0.582761
192.4200,0.581351
192.4400,0.579152
192.4600,0.547180
192.4800,0.510399
192.5000,0.483841
192.5200,0.468946
192.5400,0.465160
192.5600,0.472901
192.5800,0.491050
192.6000,0.517923
192.6200,0.549645
192.6400,0.582519
192.6600,0.602191
192.6800,0.601176
192.7000,0.589616
192.7200,0.569453
192.7400,0.542162
192.7600,0.510238
192.7800,0.476671
192.8000,0.445279
192.8200,0.417053
192.8400,0.391719
192.8600,0.373248
192.8800,0.365909
192.9000,0.353335
192.9200,0.336878
192.9400,0.319035
192.9600,0.301152
192.9800,0.283567
193.0000,0.267183
193.0200,0.251555
193.0400,0.236709
193.0600,0.234003
193.0800,0.268850
193.1000,0.290954
193.1200,0.303770
193.1400,0.313461
193.1600,0.320300
193.1800,0.325125
193.2000,0.328468
193.2200,0.332995
193.2400,0.341872
193.2600,0.342662
193.2800,0.332746
193.3000,0.326615
193.3200,0.327365
193.3400,0.333511
193.3600,0.344482
193.3800,0.359626
193.4000,0.377566
193.4200,0.397124
193.4400,0.416892
193.4600,0.435943
193.4800,0.466417
193.5000,0.501893
193.5200,0.533172
193.5400,0.560697
193.5600,0.583035
193.5800,0.600048
193.6000,0.612252
193.6200,0.618994
193.6400,0.622297
193.6600,0.621685
193.6800,0.606581
193.7000,0.574770
193.7200,0.553729
193.7400,0.540647
193.7600,0.533486
193.7800,0.529394
193.8000,0.526720
193.8200,0.522547
193.8400,0.515490
193.8600,0.504978
193.8800,0.483873
193.9000,0.450749
193.9200,0.419357
193.9400,0.390124
193.9600,0.363420
193.9800,0.338102
194.0000,0.315426
194.0200,0.294458
194.0400,0.279862
194.0600,0.275625
194.0800,0.275174
194.1000,0.257331
194.1200,0.240181
194.1400,0.224578
194.1600,0.212366
194.1800,0.204665
194.2000,0.202828
194.2200,0.205680
194.2400,0.212664
194.2600,0.222628
194.2800,0.243524
194.3000,0.297559
194.3200,0.340382
194.3400,0.379749
194.3600,0.409956
194.3800,0.433655
194.4000,0.450113
194.4200,0.463541
194.4400,0.469703
194.4600,0.466763
194.4800,0.456227
194.5000,0.453270
194.5200,0.454076
194.5400,0.461430
194.5600,0.469913
194.5800,0.484058
194.6000,0.490245
194.6200,0.497277
194.6400,0.506049
194.6600,0.516626
194.6800,0.524609
194.7000,0.500032
194.7200,0.476059
194.7400,0.462760
194.7600,0.452312
194.7800,0.448107
194.8000,0.450185
194.8200,0.457693
194.8400,0.469655
194.8600,0.485275
194.8800,0.501192
194.9000,0.478419
194.9200,0.442097
194.9400,0.409441
194.9600,0.382327
194.9800,0.363646
195.0000,0.356114
195.0200,0.352787
195.0400,0.354495
195.0600,0.359570
195.0800,0.365587
195.1000,0.400781
195.1200,0.445916
195.1400,0.475874
195.1600,0.493169
195.1800,0.501256
195.2000,0.503576
195.2200,0.505558
195.2400,0.506476
195.2600,0.512317
195.2800,0.520034
195.3000,0.527654
195.3200,0.529909
195.3400,0.534219
195.3600,0.541783
195.3800,0.551820
195.4000,0.564934
195.4200,0.581351
195.4400,0.600676
195.4600,0.622788
195.4800,0.645907
195.5000,0.654567
195.5200,0.653471
195.5400,0.655526
195.5600,0.659763
195.5800,0.665893
195.6000,0.674859
195.6200,0.686257
195.6400,0.699822
195.6600,0.715998
195.6800,0.733889
195.7000,0.760697
195.7200,0.800676
195.7400,0.834018
195.7600,0.862365
195.7800,0.887441
195.8000,0.910609
195.8200,0.931360
195.8400,0.949565
195.8600,0.965241
195.8800,0.978307
195.9000,0.987530
195.9200,0.991196
195.9400,0.992106
195.9600,0.990213
195.9800,0.986008
196.0000,0.980159
196.0200,0.973208
196.0400,0.966304
196.0600,0.960633
196.0800,0.958104
196.1000,0.953198
196.1200,0.923361
196.1400,0.898961
196.1600,0.882866
196.1800,0.872128
196.2000,0.866344
196.2200,0.863928
196.2400,0.865498
196.2600,0.888625
196.2800,0.910319
196.3000,0.931561
196.3200,1.026398
196.3400,1.088022
196.3600,1.126447
196.3800,1.160021
196.4000,1.189383
196.4200,1.216490
196.4400,1.244394
196.4600,1.278026
196.4800,1.318440
196.5000,1.352677
196.5200,1.306704
196.5400,1.262496
196.5600,1.227261
196.5800,1.207477
196.6000,1.200654
196.6200,1.205084
196.6400,1.215766
196.6600,1.230509
196.6800,1.247092
196.7000,1.269584
196.7200,1.311963
196.7400,1.355012
196.7600,1.397834
196.7800,1.443075
196.8000,1.491747
196.8200,1.549471
196.8400,1.614561
196.8600,1.683999
196.8800,1.756660
196.9000,1.830658
196.9200,1.957775
196.9400,2.125225
196.9600,2.277548
196.9800,2.413350
197.0000,2.535488
197.0200,2.644523
197.0400,2.740643
197.0600,2.827265
197.0800,2.907008
197.1000,3.036108
197.1200,3.132793
197.1400,3.177567
197.1600,3.203990
197.1800,3.219377
197.2000,3.229727
197.2200,3.233506
197.2400,3.235705
197.2600,3.235350
197.2800,3.235567
197.3000,3.235189
197.3200,3.222551
197.3400,3.198118
197.3600,3.180813
197.3800,3.167304
197.4000,3.154223
197.4200,3.143121
197.4400,3.131085
197.4600,3.118278
197.4800,3.104139
197.5000,3.088599
197.5200,3.075195
197.5400,3.069331
197.5600,3.066969
197.5800,3.069129
197.6000,3.075718
197.6200,3.132559
197.6400,3.216831
197.6600,3.228897
197.6800,3.238259
197.7000,3.314571
197.7200,3.377260
197.7400,3.342121
197.7600,3.302552
197.7800,3.259881
197.8000,3.212932
197.8200,3.162036
197.8400,3.108883
197.8600,3.056876
197.8800,3.004556
197.9000,2.952636
197.9200,2.903987
197.9400,2.862653
197.9600,2.826417
197.9800,2.792375
198.0000,2.759759
198.0200,2.728792
198.0400,2.700261
198.0600,2.671485
198.0800,2.644973
198.1000,2.616675
198.1200,2.619912
198.1400,2.698970
198.1600,2.711433
198.1800,2.704367
198.2000,2.693887
198.2200,2.679321
198.2400,2.660415
198.2600,2.637868
198.2800,2.613428
198.3000,2.587906
198.3200,2.558867
198.3400,2.505876
198.3600,2.457220
198.3800,2.421326
198.4000,2.429155
198.4200,2.411408
198.4400,2.377664
198.4600,2.345603
198.4800,2.316707
198.5000,2.291654
198.5200,2.275438
198.5400,2.311592
198.5600,2.362366
198.5800,2.408025
198.6000,2.450985
198.6200,2.488727
198.6400,2.520619
198.6600,2.549692
198.6800,2.579054
198.7000,2.658668
198.7200,2.705164
198.7400,2.677090
198.7600,2.635547
198.7800,2.601345
198.8000,2.573962
198.8200,2.551817
198.8400,2.533982
198.8600,2.520804
198.8800,2.512330
198.9000,2.507012
198.9200,2.505055
198.9400,2.503840
198.9600,2.503427
198.9800,2.503557
199.0000,2.502236
199.0200,2.499988
199.0400,2.492786
199.0600,2.480606
199.0800,2.462142
199.1000,2.439482
199.1200,2.410997
199.1400,2.360376
199.1600,2.267583
199.1800,2.186400
199.2000,2.115268
199.2200,2.052581
199.2400,1.996683
199.2600,1.945498
199.2800,1.897406
199.3000,1.850692
199.3200,1.804026
199.3400,1.759656
199.3600,1.737456
199.3800,1.711894
199.4000,1.680173
199.4200,1.642424
199.4400,1.601390
199.4600,1.559856
199.4800,1.517491
199.5000,1.475813
199.5200,1.436711
199.5400,1.402604
199.5600,1.402651
199.5800,1.401025
199.6000,1.378833
199.6200,1.358331
199.6400,1.337065
199.6600,1.315452
199.6800,1.300581
199.7000,1.292365
199.7200,1.265274
199.7400,1.239046
199.7600,1.257848
199.7800,1.287515
199.8000,1.310586
199.8200,1.325739
199.8400,1.357614
199.8600,1.383263
199.8800,1.376642
199.9000,1.363711
199.9200,1.345999
199.9400,1.324313
199.9600,1.267771
199.9800,1.179211
200.0000,1.105124
200.0200,1.037845
200.0400,0.975254
200.0600,0.917319
200.0800,0.862768
200.1000,0.812606
200.1200,0.764652
200.1400,0.720654
200.1600,0.698090
200.1800,0.711817
200.2000,0.708562
200.2200,0.702618
200.2400,0.696189
200.2600,0.690470
200.2800,0.686289
200.3000,0.684606
200.3200,0.685000
200.3400,0.688795
200.3600,0.689423
200.3800,0.661027
200.4000,0.636926
200.4200,0.619228
200.4400,0.607169
200.4600,0.599839
200.4800,0.596665
200.5000,0.597736
200.5200,0.601788
200.5400,0.608804
200.5600,0.617359
200.5800,0.615522
200.6000,0.601039
200.6200,0.577509
200.6400,0.550475
200.6600,0.522571
200.6800,0.493426
200.7000,0.464943
200.7200,0.437989
200.7400,0.412921
200.7600,0.402779
200.7800,0.431182
200.8000,0.464346
200.8200,0.481150
200.8400,0.484066
200.8600,0.480925
200.8800,0.473965
200.9000,0.461245
200.9200,0.443878
200.9400,0.423353
200.9600,0.411801
200.9800,0.468302
201.0000,0.520195
201.0200,0.558836
201.0400,0.585750
201.0600,0.603778
201.0800,0.612397
201.1000,0.613195
201.1200,0.607088
201.1400,0.594707
201.1600,0.574295
201.1800,0.545376
201.2000,0.522998
201.2200,0.506984
201.2400,0.496866
201.2600,0.491252
201.2800,0.489318
201.3000,0.493580
201.3200,0.508393
201.3400,0.514040
201.3600,0.515563
201.3800,0.535959
201.4000,0.565474
201.4200,0.597792
201.4400,0.630892
201.4600,0.664209
201.4800,0.697019
201.5000,0.729418
201.5200,0.760117
201.5400,0.789093
201.5600,0.810786
201.5800,0.789673
201.6000,0.764266
201.6200,0.745046
201.6400,0.731343
201.6600,0.723916
201.6800,0.721338
201.7000,0.724657
201.7200,0.733865
201.7400,0.748550
201.7600,0.760359
201.7800,0.721387
201.8000,0.679934
201.8200,0.645682
201.8400,0.617262
201.8600,0.593241
201.8800,0.572708
201.9000,0.555059
201.9200,0.539463
201.9400,0.525278
201.9600,0.511567
201.9800,0.499855
202.0000,0.489874
202.0200,0.479829
202.0400,0.470348
202.0600,0.461801
202.0800,0.452876
202.1000,0.444764
202.1200,0.436048
202.1400,0.426349
202.1600,0.417923
202.1800,0.462631
202.2000,0.523296
202.2200,0.576486
202.2400,0.623377
202.2600,0.666586
202.2800,0.705872
202.3000,0.742017
202.3200,0.774875
202.3400,0.805187
202.3600,0.833236
202.3800,0.856621
202.4000,0.874762
202.4200,0.891187
202.4400,0.905856
202.4600,0.918398
202.4800,0.928073
202.5000,0.934421
202.5200,0.936096
202.5400,0.933969
202.5600,0.928049
202.5800,0.909779
202.6000,0.845956
202.6200,0.784573
202.6400,0.729523
202.6600,0.682374
202.6800,0.648147
202.7000,0.627847
202.7200,0.621137
202.7400,0.625890
202.7600,0.640422
202.7800,0.660246
202.8000,0.660786
202.8200,0.663259
202.8400,0.677533
202.8600,0.703769
202.8800,0.736893
202.9000,0.774101
202.9200,0.810931
202.9400,0.844321
202.9600,0.872442
202.9800,0.894450
203.0000,0.916240
203.0200,0.921653
203.0400,0.909505
203.0600,0.881287
203.0800,0.839842
203.1000,0.789624
203.1200,0.735556
203.1400,0.683776
203.1600,0.635621
203.1800,0.592291
203.2000,0.581335
203.2200,0.594860
203.2400,0.614773
203.2600,0.641469
203.2800,0.686893
203.3000,0.741541
203.3200,0.778556
203.3400,0.816916
203.3600,0.854044
203.3800,0.887562
203.4000,0.864290
203.4200,0.826486
203.4400,0.796149
203.4600,0.769800
203.4800,0.747962
203.5000,0.732286
203.5200,0.722225
203.5400,0.716344
203.5600,0.714169
203.5800,0.717673
203.6000,0.719494
203.6200,0.710568
203.6400,0.697680
203.6600,0.684050
203.6800,0.668672
203.7000,0.651562
203.7200,0.633188
203.7400,0.613919
203.7600,0.594369
203.7800,0.573884
203.8000,0.563960
203.8200,0.554736
203.8400,0.538376
203.8600,0.515619
203.8800,0.487965
203.9000,0.457685
203.9200,0.427558
203.9400,0.399476
203.9600,0.374360
203.9800,0.351652
204.0000,0.334179
204.0200,0.326946
204.0400,0.326511
204.0600,0.333438
204.0800,0.345191
204.1000,0.360681
204.1200,0.378637
204.1400,0.395304
204.1600,0.411423
204.1800,0.426671
204.2000,0.443225
204.2200,0.474504
204.2400,0.518930
204.2600,0.549822
204.2800,0.579998
204.3000,0.611358
204.3200,0.643161
204.3400,0.675189
204.3600,0.707870
204.3800,0.742379
204.4000,0.774794
204.4200,0.786249
204.4400,0.806629
204.4600,0.838271
204.4800,0.880772
204.5000,0.934936
204.5200,0.997639
204.5400,1.068649
204.5600,1.147028
204.5800,1.231781
204.6000,1.338127
204.6200,1.565478
204.6400,1.788987
204.6600,1.987168
204.6800,2.180937
204.7000,2.350814
204.7200,2.531371
204.7400,2.675271
204.7600,2.833041
204.7800,2.952393
204.8000,3.080197
204.8200,3.176786
204.8400,3.270845
204.8600,3.356107
204.8800,3.434965
204.9000,3.493127
204.9200,3.568070
204.9400,3.600000
204.9600,3.600000
204.9800,3.600000
205.0000,3.600000
205.0200,3.558090
205.0400,3.491202
205.0600,3.438606
205.0800,3.396781
205.1000,3.362704
205.1200,3.333841
205.1400,3.309335
205.1600,3.286899
205.1800,3.265158
205.2000,3.244583
205.2200,3.248280
205.2400,3.255933
205.2600,3.259543
205.2800,3.258085
205.3000,3.253404
205.3200,3.249522
205.3400,3.244944
205.3600,3.239386
205.3800,3.234577
205.4000,3.227457
205.4200,3.224734
205.4400,3.228028
205.4600,3.230090
205.4800,3.231919
205.5000,3.230171
205.5200,3.227286
205.5400,3.225990
205.5600,3.225610
205.5800,3.225861
205.6000,3.229679
205.6200,3.241618
205.6400,3.291362
205.6600,3.339987
205.6800,3.383222
205.7000,3.423484
205.7200,3.458512
205.7400,3.493683
205.7600,3.526615
205.7800,3.558008
205.8000,3.588499
205.8200,3.600000
205.8400,3.600000
205.8600,3.595347
205.8800,3.590030
205.9000,3.590071
205.9200,3.594009
205.9400,3.598393
205.9600,3.600000
205.9800,3.600000
206.0000,3.600000
206.0200,3.600000
206.0400,3.600000
206.0600,3.600000
206.0800,3.600000
206.1000,3.600000
206.1200,3.600000
206.1400,3.600000
206.1600,3.600000
206.1800,3.600000
206.2000,3.600000
206.2200,3.600000
206.2400,3.600000
206.2600,3.600000
206.2800,3.600000
206.3000,3.600000
206.3200,3.600000
206.3400,3.600000
206.3600,3.600000
206.3800,3.600000
206.4000,3.600000
206.4200,3.600000
206.4400,3.600000
206.4600,3.600000
206.4800,3.600000
206.5000,3.600000
206.5200,3.600000
206.5400,3.600000
206.5600,3.600000
206.5800,3.600000
206.6000,3.600000
206.6200,3.600000
206.6400,3.600000
206.6600,3.529718
206.6800,3.404973
206.7000,3.291718
206.7200,3.188330
206.7400,3.091226
206.7600,3.001888
206.7800,2.917198
206.8000,2.838380
206.8200,2.764068
206.8400,2.698608
206.8600,2.650378
206.8800,2.585168
206.9000,2.509750
206.9200,2.440593
206.9400,2.377519
206.9600,2.319800
206.9800,2.267584
207.0000,2.220909
207.0200,2.179214
207.0400,2.146992
207.0600,2.151550
207.0800,2.159486
207.1000,2.166308
207.1200,2.171206
207.1400,2.175597
207.1600,2.178110
207.1800,2.180375
207.2000,2.183943
207.2200,2.190041
207.2400,2.198104
207.2600,2.256321
207.2800,2.332464
207.3000,2.398769
207.3200,2.459436
207.3400,2.518034
207.3600,2.574027
207.3800,2.628944
207.4000,2.682368
207.4200,2.734786
207.4400,2.786906
207.4600,2.805144
207.4800,2.780493
207.5000,2.766065
207.5200,2.757148
207.5400,2.751002
207.5600,2.747174
207.5800,2.740851
207.6000,2.729107
207.6200,2.710273
207.6400,2.683874
207.6600,2.653253
207.6800,2.631803
207.7000,2.607474
207.7200,2.581832
207.7400,2.560089
207.7600,2.541860
207.7800,2.529939
207.8000,2.524943
207.8200,2.526015
207.8400,2.530848
207.8600,2.528859
207.8800,2.440247
207.9000,2.340543
207.9200,2.247339
207.9400,2.159429
207.9600,2.076209
207.9800,2.000123
208.0000,1.928436
208.0200,1.861663
208.0400,1.799627
208.0600,1.743247
208.0800,1.707745
208.1000,1.678973
208.1200,1.645624
208.1400,1.610235
208.1600,1.572187
208.1800,1.533505
208.2000,1.493518
208.2200,1.452748
208.2400,1.412222
208.2600,1.371455
208.2800,1.322436
208.3000,1.260319
208.3200,1.202755
208.3400,1.149542
208.3600,1.099838
208.3800,1.054029
208.4000,1.011947
208.4200,0.973047
208.4400,0.936547
208.4600,0.902295
208.4800,0.866014
208.5000,0.817641
208.5200,0.770952
208.5400,0.727251
208.5600,0.686563
208.5800,0.648791
208.6000,0.615538
208.6200,0.588311
208.6400,0.567722
208.6600,0.555115
208.6800,0.547164
208.7000,0.530965
208.7200,0.510254
208.7400,0.486652
208.7600,0.461841
208.7800,0.437079
208.8000,0.413203
208.8200,0.391365
208.8400,0.372612
208.8600,0.357846
208.8800,0.347463
208.9000,0.329523
208.9200,0.310972
208.9400,0.294023
208.9600,0.278839
208.9800,0.266015
209.0000,0.254520
209.0200,0.244120
209.0400,0.234494
209.0600,0.224328
209.0800,0.213808
209.1000,0.202055
209.1200,0.190962
209.1400,0.180474
209.1600,0.170687
209.1800,0.162011
209.2000,0.155640
209.2200,0.155656
209.2400,0.159466
209.2600,0.166498
209.2800,0.176696
209.3000,0.224570
209.3200,0.292428
209.3400,0.345666
209.3600,0.385605
209.3800,0.414814
209.4000,0.433502
209.4200,0.443459
209.4400,0.446141
209.4600,0.442839
209.4800,0.435686
209.5000,0.431223
209.5200,0.425600
209.5400,0.415491
209.5600,0.402376
209.5800,0.387329
209.6000,0.370477
209.6200,0.352223
209.6400,0.332447
209.6600,0.311519
209.6800,0.290559
209.7000,0.272604
209.7200,0.257443
209.7400,0.241607
209.7600,0.225665
209.7800,0.210811
209.8000,0.196714
209.8200,0.183761
209.8400,0.172121
209.8600,0.161278
209.8800,0.151451
209.9000,0.143122
209.9200,0.134913
209.9400,0.127470
209.9600,0.120655
209.9800,0.118819
210.0000,0.126455
210.0200,0.148100
210.0400,0.182561
210.0600,0.226245
210.0800,0.274868
210.1000,0.325753
210.1200,0.377139
210.1400,0.419486
210.1600,0.451716
210.1800,0.473820
210.2000,0.487909
210.2200,0.495424
210.2400,0.499251
210.2600,0.501917
210.2800,0.506807
210.3000,0.513388
210.3200,0.497116
210.3400,0.474110
210.3600,0.451546
210.3800,0.430135
210.4000,0.412172
210.4200,0.395078
210.4400,0.377791
210.4600,0.362365
210.4800,0.350330
210.5000,0.348212
210.5200,0.401998
210.5400,0.457951
210.5600,0.505147
210.5800,0.543539
210.6000,0.571983
210.6200,0.593298
210.6400,0.608530
210.6600,0.619808
210.6800,0.629007
210.7000,0.636346
210.7200,0.613235
210.7400,0.575116
210.7600,0.540261
210.7800,0.507701
210.8000,0.476615
210.8200,0.447108
210.8400,0.418906
210.8600,0.390817
210.8800,0.364629
210.9000,0.339593
210.9200,0.316643
210.9400,0.295465
210.9600,0.275552
210.9800,0.257790
211.0000,0.242171
211.0200,0.230909
211.0400,0.223619
211.0600,0.219535
211.0800,0.217594
211.1000,0.217191
211.1200,0.214992
211.1400,0.200846
211.1600,0.187112
211.1800,0.175134
211.2000,0.163163
211.2200,0.153022
211.2400,0.142936
211.2600,0.134293
211.2800,0.126310
211.3000,0.118384
211.3200,0.112809
211.3400,0.120969
211.3600,0.130990
211.3800,0.137853
211.4000,0.142848
211.4200,0.144539
211.4400,0.144040
211.4600,0.141607
211.4800,0.137733
211.5000,0.132891
211.5200,0.131192
211.5400,0.170880
211.5600,0.222000
211.5800,0.275907
211.6000,0.331328
211.6200,0.387071
211.6400,0.442847
211.6600,0.497277
211.6800,0.549379
211.7000,0.599637
211.7200,0.645835
211.7400,0.664717
211.7600,0.673248
211.7800,0.682689
211.8000,0.692967
211.8200,0.704156
211.8400,0.714967
211.8600,0.725616
211.8800,0.736233
211.9000,0.745569
211.9200,0.753842
211.9400,0.734082
211.9600,0.678669
211.9800,0.629346
212.0000,0.584147
212.0200,0.543378
212.0400,0.505808
212.0600,0.470944
212.0800,0.438875
212.1000,0.408990
212.1200,0.381698
212.1400,0.356307
212.1600,0.336395
212.1800,0.321105
212.2000,0.312494
212.2200,0.309175
212.2400,0.316522
212.2600,0.333599
212.2800,0.348381
212.3000,0.366860
212.3200,0.389874
212.3400,0.414790
212.3600,0.406106
212.3800,0.391381
212.4000,0.387466
212.4200,0.392202
212.4400,0.405574
212.4600,0.426244
212.4800,0.452819
212.5000,0.484807
212.5200,0.521548
212.5400,0.557580
212.5600,0.568986
212.5800,0.582616
212.6000,0.601127
212.6200,0.623256
212.6400,0.647317
212.6600,0.672958
212.6800,0.698799
212.7000,0.723691
212.7200,0.747825
212.7400,0.767778
212.7600,0.769913
212.7800,0.776164
212.8000,0.789141
212.8200,0.807282
212.8400,0.828315
212.8600,0.850322
212.8800,0.872652
212.9000,0.893660
212.9200,0.912454
212.9400,0.926019
212.9600,0.914741
212.9800,0.898131
213.0000,0.881690
213.0200,0.866183
213.0400,0.850499
213.0600,0.835621
213.0800,0.822611
213.1000,0.811003
213.1200,0.801216
213.1400,0.801176
213.1600,0.769808
213.1800,0.728387
213.2000,0.689012
213.2200,0.652368
213.2400,0.618084
213.2600,0.586281
213.2800,0.556404
213.3000,0.528943
213.3200,0.502263
213.3400,0.487506
213.3600,0.593853
213.3800,0.691703
213.4000,0.779595
213.4200,0.887312
213.4400,0.970219
213.4600,1.048945
213.4800,1.096650
213.5000,1.131707
213.5200,1.163744
213.5400,1.192147
213.5600,1.148421
213.5800,1.079282
213.6000,1.024706
213.6200,0.987732
213.6400,0.953617
213.6600,0.919961
213.6800,0.889826
213.7000,0.860069
213.7200,0.829152
213.7400,0.797551
213.7600,0.756903
213.7800,0.705405
213.8000,0.658401
213.8200,0.614507
213.8400,0.574311
213.8600,0.536773
213.8800,0.502151
213.9000,0.469365
213.9200,0.439496
213.9400,0.411237
213.9600,0.388457
213.9800,0.370332
214.0000,0.349646
214.0200,0.328049
214.0400,0.307242
214.0600,0.287780
214.0800,0.269656
214.1000,0.252876
214.1200,0.237547
214.1400,0.222459
214.1600,0.211721
214.1800,0.205221
214.2000,0.198011
214.2200,0.191389
214.2400,0.186194
214.2600,0.182835
214.2800,0.181167
214.3000,0.180829
214.3200,0.182617
214.3400,0.185799
214.3600,0.195611
214.3800,0.216756
214.4000,0.236073
214.4200,0.251998
214.4400,0.265322
214.4600,0.275085
214.4800,0.280845
214.5000,0.282415
214.5200,0.279725
214.5400,0.273337
214.5600,0.264218
214.5800,0.257121
214.6000,0.259401
214.6200,0.270227
214.6400,0.290696
214.6600,0.319897
214.6800,0.360375
214.7000,0.419454
214.7200,0.465925
214.7400,0.508998
214.7600,0.551909
214.7800,0.614507
214.8000,0.659183
214.8200,0.672369
214.8400,0.673964
214.8600,0.665393
214.8800,0.651006
214.9000,0.634082
214.9200,0.616634
214.9400,0.600942
214.9600,0.587457
214.9800,0.598461
215.0000,0.616827
215.0200,0.626752
215.0400,0.629265
215.0600,0.625205
215.0800,0.615377
215.1000,0.600604
215.1200,0.582656
215.1400,0.561487
215.1600,0.539222
215.1800,0.505171
215.2000,0.469583
215.2200,0.437151
215.2400,0.411245
215.2600,0.396190
215.2800,0.389834
215.3000,0.395328
215.3200,0.412655
215.3400,0.441010
215.3600,0.475044
215.3800,0.486161
215.4000,0.500652
215.4200,0.525898
215.4400,0.560609
215.4600,0.603552
215.4800,0.652803
215.5000,0.707781
215.5200,0.766070
215.5400,0.827066
215.5600,0.887901
215.5800,0.936491
215.6000,0.977284
215.6200,1.001675
215.6400,1.029338
215.6600,1.059417
215.6800,1.090518
215.7000,1.122426
215.7200,1.155680
215.7400,1.188183
215.7600,1.219890
215.7800,1.208418
215.8000,1.170783
215.8200,1.141189
215.8400,1.118254
215.8600,1.100540
215.8800,1.086418
215.9000,1.076236
215.9200,1.068487
215.9400,1.062254
215.9600,1.056863
215.9800,1.119142
216.0000,1.232964
216.0200,1.326069
216.0400,1.406287
216.0600,1.477545
216.0800,1.539218
216.1000,1.593488
216.1200,1.639315
216.1400,1.678425
216.1600,1.709164
216.1800,1.734877
216.2000,1.774196
216.2200,1.777161
216.2400,1.760640
216.2600,1.739720
216.2800,1.712725
216.3000,1.680696
216.3200,1.644914
216.3400,1.605087
216.3600,1.562586
216.3800,1.518514
216.4000,1.484416
216.4200,1.460564
216.4400,1.445556
216.4600,1.439160
216.4800,1.439321
216.5000,1.446805
216.5200,1.459469
216.5400,1.482870
216.5600,1.543405
216.5800,1.571722
216.6000,1.496081
216.6200,1.419344
216.6400,1.350913
216.6600,1.296006
216.6800,1.251758
216.7000,1.218537
216.7200,1.194426
216.7400,1.180111
216.7600,1.173167
216.7800,1.170397
216.8000,1.156992
216.8200,1.148559
216.8400,1.146618
216.8600,1.152104
216.8800,1.170066
216.9000,1.215225
216.9200,1.240222
216.9400,1.257259
216.9600,1.278349
216.9800,1.300018
217.0000,1.330702
217.0200,1.361778
217.0400,1.387741
217.0600,1.408203
217.0800,1.441037
217.1000,1.469070
217.1200,1.459097
217.1400,1.437968
217.1600,1.405172
217.1800,1.361763
217.2000,1.295724
217.2200,1.222250
217.2400,1.173700
217.2600,1.141897
217.2800,1.118891
217.3000,1.125859
217.3200,1.150501
217.3400,1.167956
217.3600,1.195547
217.3800,1.233198
217.4000,1.273073
217.4200,1.309403
217.4400,1.348810
217.4600,1.387726
217.4800,1.425304
217.5000,1.460127
217.5200,1.491851
217.5400,1.519843
217.5600,1.543591
217.5800,1.560903
217.6000,1.587615
217.6200,1.638727
217.6400,1.679513
217.6600,1.709493
217.6800,1.728150
217.7000,1.737496
217.7200,1.739002
217.7400,1.733145
217.7600,1.723704
217.7800,1.711259
217.8000,1.692659
217.8200,1.665777
217.8400,1.638154
217.8600,1.611652
217.8800,1.587446
217.9000,1.589259
217.9200,1.596966
217.9400,1.597571
217.9600,1.598208
217.9800,1.600165
218.0000,1.609123
218.0200,1.684610
218.0400,1.719201
218.0600,1.737569
218.0800,1.753550
218.1000,1.768131
218.1200,1.779459
218.1400,1.786353
218.1600,1.788929
218.1800,1.784823
218.2000,1.758633
218.2200,1.676474
218.2400,1.605055
218.2600,1.548352
218.2800,1.504377
218.3000,1.470827
218.3200,1.448328
218.3400,1.433594
218.3600,1.423805
218.3800,1.417024
218.4000,1.409484
218.4200,1.397287
218.4400,1.381039
218.4600,1.359692
218.4800,1.334084
218.5000,1.305785
218.5200,1.275181
218.5400,1.243370
218.5600,1.210835
218.5800,1.178251
218.6000,1.145337
218.6200,1.102531
218.6400,1.062053
218.6600,1.025931
218.6800,0.994828
218.7000,0.968479
218.7200,0.949364
218.7400,0.938577
218.7600,0.919325
218.7800,0.894949
218.8000,0.867697
218.8200,0.828951
218.8400,0.791469
218.8600,0.756533
218.8800,0.720871
218.9000,0.683341
218.9200,0.645303
218.9400,0.608055
218.9600,0.571499
218.9800,0.536233
219.0000,0.505542
219.0200,0.491582
219.0400,0.481408
219.0600,0.473763
219.0800,0.466884
219.1000,0.462889
219.1200,0.460206
219.1400,0.460262
219.1600,0.462558
219.1800,0.466159
219.2000,0.472346
219.2200,0.479773
219.2400,0.485444
219.2600,0.484630
219.2800,0.483623
219.3000,0.483132
219.3200,0.480796
219.3400,0.477219
219.3600,0.471572
219.3800,0.463871
219.4000,0.453874
219.4200,0.428089
219.4400,0.399992
219.4600,0.374779
219.4800,0.351555
219.5000,0.329950
219.5200,0.310521
219.5400,0.294998
219.5600,0.284945
219.5800,0.281811
219.6000,0.287088
219.6200,0.295224
219.6400,0.308128
219.6600,0.329676
219.6800,0.358112
219.7000,0.391985
219.7200,0.430973
219.7400,0.474585
219.7600,0.521894
219.7800,0.571041
219.8000,0.623191
219.8200,0.662445
219.8400,0.687683
219.8600,0.721338
219.8800,0.762389
219.9000,0.811817
219.9200,0.867883
219.9400,0.930224
219.9600,1.000862
219.9800,1.076986
220.0000,1.159473
220.0200,1.257588
220.0400,1.370438
220.0600,1.481178
220.0800,1.589001
220.1000,1.694705
220.1200,1.798975
220.1400,1.898743
220.1600,1.994927
220.1800,2.087598
220.2000,2.174436
220.2200,2.273681
220.2400,2.428494
220.2600,2.573600
220.2800,2.707485
220.3000,2.827425
220.3200,2.934188
220.3400,3.032990
220.3600,3.122644
220.3800,3.200903
220.4000,3.312219
220.4200,3.409791
220.4400,3.384905
220.4600,3.349533
220.4800,3.321806
220.5000,3.301505
220.5200,3.287528
220.5400,3.274905
220.5600,3.268484
220.5800,3.267259
220.6000,3.286803
220.6200,3.356389
220.6400,3.419111
220.6600,3.422599
220.6800,3.433604
220.7000,3.510560
220.7200,3.546779
220.7400,3.538699
220.7600,3.533882
220.7800,3.534276
220.8000,3.536258
220.8200,3.536846
220.8400,3.522805
220.8600,3.506879
220.8800,3.492563
220.9000,3.479860
220.9200,3.467648
220.9400,3.454476
220.9600,3.440635
220.9800,3.425927
221.0000,3.438703
221.0200,3.511888
221.0400,3.600000
221.0600,3.600000
221.0800,3.600000
221.1000,3.600000
221.1200,3.600000
221.1400,3.600000
221.1600,3.600000
221.1800,3.600000
221.2000,3.600000
221.2200,3.600000
221.2400,3.600000
221.2600,3.600000
221.2800,3.589015
221.3000,3.532561
221.3200,3.475629
221.3400,3.422003
221.3600,3.372024
221.3800,3.324374
221.4000,3.280946
221.4200,3.234402
221.4400,3.144135
221.4600,3.084442
221.4800,3.032007
221.5000,2.949873
221.5200,2.874552
221.5400,2.806079
221.5600,2.742833
221.5800,2.683318
221.6000,2.628323
221.6200,2.576886
221.6400,2.602513
221.6600,2.654446
221.6800,2.641928
221.7000,2.623852
221.7200,2.599097
221.7400,2.569637
221.7600,2.537826
221.7800,2.502445
221.8000,2.461393
221.8200,2.415105
221.8400,2.366820
221.8600,2.318147
221.8800,2.264675
221.9000,2.207449
221.9200,2.147136
221.9400,2.082789
221.9600,2.014662
221.9800,1.945168
222.0000,1.873159
222.0200,1.800426
222.0400,1.743965
222.0600,1.722624
222.0800,1.696356
222.1000,1.666655
222.1200,1.632590
222.1400,1.597257
222.1600,1.559574
222.1800,1.519676
222.2000,1.479269
222.2200,1.439620
222.2400,1.399984
222.2600,1.359498
222.2800,1.321009
222.3000,1.284156
222.3200,1.249840
222.3400,1.217957
222.3600,1.188860
222.3800,1.162245
222.4000,1.137226
222.4200,1.112721
222.4400,1.076800
222.4600,1.027671
222.4800,0.982399
222.5000,0.939592
222.5200,0.898647
222.5400,0.859610
222.5600,0.822394
222.5800,0.787030
222.6000,0.753673
222.6200,0.722241
222.6400,0.695295
222.6600,0.679370
222.6800,0.665692
222.7000,0.654486
222.7200,0.645706
222.7400,0.640591
222.7600,0.637562
222.7800,0.639447
222.8000,0.644103
222.8200,0.653584
222.8400,0.662832
222.8600,0.633003
222.8800,0.595416
222.9000,0.560754
222.9200,0.527598
222.9400,0.497615
222.9600,0.469123
222.9800,0.442275
223.0000,0.418302
223.0200,0.397551
223.0400,0.392516
223.0600,0.461914
223.0800,0.525246
223.1000,0.571073
223.1200,0.602505
223.1400,0.622080
223.1600,0.632100
223.1800,0.635008
223.2000,0.634332
223.2200,0.633889
223.2400,0.635355
223.2600,0.618358
223.2800,0.596471
223.3000,0.582439
223.3200,0.574593
223.3400,0.573095
223.3600,0.575841
223.3800,0.582697
223.4000,0.590567
223.4200,0.598606
223.4400,0.604938
223.4600,0.592806
223.4800,0.558982
223.5000,0.527211
223.5200,0.497205
223.5400,0.468471
223.5600,0.441115
223.5800,0.415080
223.6000,0.390881
223.6200,0.369438
223.6400,0.350798
223.6600,0.343371
223.6800,0.364306
223.7000,0.378758
223.7200,0.384614
223.7400,0.381610
223.7600,0.371033
223.7800,0.354849
223.8000,0.335758
223.8200,0.316022
223.8400,0.297269
223.8600,0.279999
223.8800,0.263429
223.9000,0.248575
223.9200,0.234188
223.9400,0.221323
223.9600,0.210448
223.9800,0.202530
224.0000,0.196223
224.0200,0.190608
224.0400,0.185751
224.0600,0.186025
224.0800,0.206824
224.1000,0.211415
224.1200,0.201338
224.1400,0.187394
224.1600,0.174715
224.1800,0.164017
224.2000,0.154125
224.2200,0.145643
224.2400,0.138006
224.2600,0.130773
224.2800,0.149018
224.3000,0.176318
224.3200,0.199783
224.3400,0.220486
224.3600,0.239238
224.3800,0.256920
224.4000,0.273724
224.4200,0.291236
224.4400,0.310625
224.4600,0.329829
224.4800,0.316272
224.5000,0.292154
224.5200,0.270695
224.5400,0.250870
224.5600,0.232867
224.5800,0.216724
224.6000,0.201918
224.6200,0.189134
224.6400,0.179467
224.6600,0.178686
224.6800,0.241607
224.7000,0.307903
224.7200,0.360633
224.7400,0.402473
224.7600,0.434832
224.7800,0.459481
224.8000,0.475914
224.8200,0.485234
224.8400,0.488223
224.8600,0.485460
224.8800,0.507193
224.9000,0.537997
224.9200,0.560439
224.9400,0.574561
224.9600,0.581851
224.9800,0.589157
225.0000,0.592903
225.0200,0.581714
225.0400,0.565982
225.0600,0.547696
225.0800,0.554390
225.1000,0.586515
225.1200,0.608442
225.1400,0.622837
225.1600,0.631835
225.1800,0.637473
225.2000,0.640969
225.2200,0.644683
225.2400,0.647607
225.2600,0.652432
225.2800,0.655735
225.3000,0.648195
225.3200,0.629426
225.3400,0.601772
225.3600,0.566868
225.3800,0.528492
225.4000,0.491437
225.4200,0.457008
225.4400,0.425487
225.4600,0.397841
225.4800,0.384654
225.5000,0.459505
225.5200,0.545561
225.5400,0.620388
225.5600,0.681440
225.5800,0.727742
225.6000,0.760085
225.6200,0.779265
225.6400,0.787393
225.6600,0.785645
225.6800,0.771282
225.7000,0.724955
225.7200,0.675302
225.7400,0.628097
225.7600,0.583921
225.7800,0.543265
225.8000,0.505759
225.8200,0.470912
225.8400,0.439053
225.8600,0.409360
225.8800,0.382939
225.9000,0.372394
225.9200,0.365515
225.9400,0.360770
225.9600,0.355284
225.9800,0.353126
226.0000,0.352481
226.0200,0.353883
226.0400,0.358491
226.0600,0.362599
226.0800,0.366860
226.1000,0.345554
226.1200,0.320469
226.1400,0.299138
226.1600,0.279129
226.1800,0.261745
226.2000,0.246561
226.2200,0.235017
226.2400,0.225383
226.2600,0.218133
226.2800,0.213075
226.3000,0.214009
226.3200,0.217537
226.3400,0.221549
226.3600,0.225883
226.3800,0.231554
226.4000,0.237378
226.4200,0.243629
226.4400,0.249694
226.4600,0.254512
226.4800,0.256437
226.5000,0.243870
226.5200,0.229878
226.5400,0.216716
226.5600,0.203811
226.5800,0.192251
226.6000,0.180563
226.6200,0.170011
226.6400,0.159426
226.6600,0.149582
226.6800,0.140318
226.7000,0.133197
226.7200,0.126117
226.7400,0.119519
226.7600,0.113035
226.7800,0.106768
226.8000,0.100597
226.8200,0.094942
226.8400,0.089449
226.8600,0.085139
226.8800,0.080660
226.9000,0.094934
226.9200,0.123628
226.9400,0.151741
226.9600,0.179185
226.9800,0.205962
227.0000,0.232013
227.0200,0.255631
227.0400,0.277647
227.0600,0.297350
227.0800,0.314001
227.1000,0.330490
227.1200,0.345884
227.1400,0.357379
227.1600,0.364750
227.1800,0.368399
227.2000,0.368149
227.2200,0.364403
227.2400,0.357290
227.2600,0.347293
227.2800,0.334614
227.3000,0.312067
227.3200,0.289222
227.3400,0.268077
227.3600,0.248905
227.3800,0.232263
227.4000,0.219906
227.4200,0.214525
227.4400,0.216748
227.4600,0.227840
227.4800,0.248800
227.5000,0.289238
227.5200,0.331650
227.5400,0.373272
227.5600,0.414765
227.5800,0.457451
227.6000,0.500499
227.6200,0.544127
227.6400,0.585347
227.6600,0.624859
227.6800,0.659787
227.7000,0.676969
227.7200,0.683454
227.7400,0.682552
227.7600,0.674158
227.7800,0.658691
227.8000,0.638432
227.8200,0.614177
227.8400,0.586902
227.8600,0.557475
227.8800,0.527122
227.9000,0.500137
227.9200,0.476398
227.9400,0.454648
227.9600,0.437586
227.9800,0.427614
228.0000,0.426784
228.0200,0.437135
228.0400,0.460528
228.0600,0.497648
228.0800,0.548606
228.1000,0.638343
228.1200,0.732898
228.1400,0.798389
228.1600,0.841566
228.1800,0.867633
228.2000,0.880481
228.2200,0.884904
228.2400,0.893644
228.2600,0.886483
228.2800,0.869832
228.3000,1.007815
228.3200,1.229081
228.3400,1.421012
228.3600,1.583974
228.3800,1.722311
228.4000,1.834218
228.4200,1.921040
228.4400,1.981168
228.4600,2.014108
228.4800,2.022010
228.5000,1.994661
228.5200,1.937853
228.5400,1.862172
228.5600,1.772488
228.5800,1.676871
228.6000,1.573058
228.6200,1.471657
228.6400,1.377592
228.6600,1.294612
228.6800,1.226037
228.7000,1.206002
228.7200,1.227261
228.7400,1.220284
228.7600,1.210054
228.7800,1.198092
228.8000,1.183109
228.8200,1.164307
228.8400,1.140382
228.8600,1.110401
228.8800,1.074948
228.9000,1.042236
228.9200,1.035848
228.9400,1.026979
228.9600,1.017173
228.9800,1.010094
229.0000,1.004793
229.0200,1.005622
229.0400,1.019454
229.0600,1.045666
229.0800,1.084365
229.1000,1.144523
229.1200,1.124649
229.1400,1.078815
229.1600,1.029160
229.1800,0.978089
229.2000,0.927614
229.2200,0.878186
229.2400,0.830151
229.2600,0.785460
229.2800,0.745094
229.3000,0.710480
229.3200,0.682326
229.3400,0.659118
229.3600,0.640784
229.3800,0.628331
229.4000,0.621967
229.4200,0.621032
229.4400,0.623441
229.4600,0.629893
229.4800,0.640849
229.5000,0.663758
229.5200,0.769526
229.5400,0.889842
229.5600,0.997278
229.5800,1.093492
229.6000,1.178759
229.6200,1.255454
229.6400,1.319761
229.6600,1.368957
229.6800,1.398035
229.7000,1.406390
229.7200,1.401499
229.7400,1.382175
229.7600,1.345050
229.7800,1.296055
229.8000,1.241164
229.8200,1.187442
229.8400,1.139633
229.8600,1.099881
229.8800,1.066361
229.9000,1.032375
229.9200,1.002618
229.9400,0.978274
229.9600,0.954881
229.9800,0.933051
230.0000,0.912204
230.0200,0.892887
230.0400,0.872861
230.0600,0.850709
230.0800,0.826333
230.1000,0.798977
230.1200,0.758144
230.1400,0.715748
230.1600,0.682850
230.1800,0.659287
230.2000,0.643434
230.2200,0.633349
230.2400,0.626478
230.2600,0.619389
230.2800,0.610117
230.3000,0.596552
230.3200,0.592379
230.3400,0.619413
230.3600,0.649621
230.3800,0.663251
230.4000,0.675624
230.4200,0.691920
230.4400,0.712034
230.4600,0.734863
230.4800,0.759320
230.5000,0.783591
230.5200,0.800346
230.5400,0.775946
230.5600,0.743346
230.5800,0.710995
230.6000,0.678532
230.6200,0.646705
230.6400,0.617045
230.6600,0.590945
230.6800,0.569099
230.7000,0.553157
230.7200,0.542138
230.7400,0.564218
230.7600,0.594063
230.7800,0.612099
230.8000,0.619574
230.8200,0.619035
230.8400,0.612800
230.8600,0.602682
230.8800,0.589431
230.9000,0.575278
230.9200,0.561922
230.9400,0.553898
230.9600,0.550056
230.9800,0.545215
231.0000,0.539834
231.0200,0.532930
231.0400,0.523248
231.0600,0.509368
231.0800,0.491662
231.1000,0.470654
231.1200,0.448220
231.1400,0.434268
231.1600,0.458651
231.1800,0.485750
231.2000,0.508812
231.2200,0.524843
231.2400,0.531521
231.2600,0.528983
231.2800,0.517818
231.3000,0.175649
231.3200,0.165379
231.3400,0.155317
231.3600,0.146714
231.3800,0.139279
231.4000,0.134414
231.4200,0.129709
231.4400,0.131514
231.4600,0.137596
231.4800,0.144725
231.5000,0.152579
231.5200,0.160827
231.5400,0.169890
231.5600,0.178968
231.5800,0.187281
231.6000,0.195466
231.6200,0.203134
231.6400,0.216321
231.6600,0.231151
231.6800,0.244644
231.7000,0.256823
231.7200,0.268504
231.7400,0.279105
231.7600,0.288159
231.7800,0.295038
231.8000,0.299920
231.8200,0.302997
231.8400,0.304511
231.8600,0.305269
231.8800,0.303955
231.9000,0.301684
231.9200,0.298099
231.9400,0.294877
231.9600,0.293218
231.9800,0.292678
232.0000,0.293709
232.0200,0.295731
232.0400,0.298099
232.0600,0.299992
232.0800,0.302304
232.1000,0.303939
232.1200,0.303609
232.1400,0.301821
232.1600,0.299146
232.1800,0.296214
232.2000,0.294072
232.2200,0.294112
232.2400,0.291880
232.2600,0.290003
232.2800,0.287990
232.3000,0.284945
232.3200,0.279290
232.3400,0.272394
232.3600,0.264798
232.3800,0.258161
232.4000,0.252014
232.4200,0.245828
232.4400,0.240672
232.4600,0.237088
232.4800,0.234631
232.5000,0.231997
232.5200,0.229838
232.5400,0.227236
232.5600,0.225673
232.5800,0.223941
232.6000,0.222040
232.6200,0.224215
232.6400,0.224272
232.6600,0.215217
232.6800,0.205076
232.7000,0.195949
232.7200,0.186508
232.7400,0.177550
232.7600,0.168689
232.7800,0.161045
232.8000,0.153827
232.8200,0.147681
232.8400,0.141438
232.8600,0.133222
232.8800,0.124296
232.9000,0.115959
232.9200,0.108306
232.9400,0.100992
232.9600,0.093839
232.9800,0.087684
233.0000,0.082013
233.0200,0.076890
233.0400,0.071525
233.0600,0.072492
233.0800,0.076383
233.1000,0.078171
233.1200,0.078840
233.1400,0.078767
233.1600,0.078936
233.1800,0.078308
233.2000,0.077712
233.2200,0.077414
233.2400,0.077261
233.2600,0.078936
233.2800,0.084881
233.3000,0.094322
233.3200,0.109426
233.3400,0.132400
233.3600,0.165234
233.3800,0.207524
233.4000,0.259022
233.4200,0.316651
233.4400,0.377123
233.4600,0.430659
233.4800,0.464725
233.5000,0.489673
233.5200,0.500813
233.5400,0.495384
233.5600,0.474384
233.5800,0.443862
233.6000,0.411632
233.6200,0.381626
233.6400,0.354068
233.6600,0.329813
233.6800,0.306590
233.7000,0.284494
233.7200,0.265056
233.7400,0.252183
233.7600,0.257073
233.7800,0.285356
233.8000,0.339617
233.8200,0.416900
233.8400,0.512284
233.8600,0.625632
233.8800,0.775704
233.9000,0.927260
233.9200,1.070726
233.9400,1.203545
233.9600,1.320938
233.9800,1.420657
234.0000,1.502678
234.0200,1.606279
234.0400,1.694061
234.0600,1.729399
234.0800,1.695631
234.1000,1.647823
234.1200,1.626427
234.1400,1.626982
234.1600,1.644213
234.1800,1.671699
234.2000,1.715608
234.2200,1.791194
234.2400,1.826517
234.2600,1.861833
234.2800,1.939424
234.3000,1.987887
234.3200,2.017506
234.3400,2.048585
234.3600,2.079809
234.3800,2.113360
234.4000,2.148975
234.4200,2.185142
234.4400,2.220870
234.4600,2.254589
234.4800,2.269274
234.5000,2.273157
234.5200,2.281639
234.5400,2.297373
234.5600,2.319792
234.5800,2.342857
234.6000,2.363228
234.6200,2.374529
234.6400,2.381273
234.6600,2.388482
234.6800,2.411376
234.7000,2.452693
234.7200,2.487267
234.7400,2.513933
234.7600,2.536012
234.7800,2.550117
234.8000,2.558125
234.8200,2.561718
234.8400,2.559253
234.8600,2.550207
234.8800,2.551560
234.9000,2.566253
234.9200,2.590283
234.9400,2.652288
234.9600,2.659755
234.9800,2.653101
235.0000,2.646609
235.0200,2.639704
235.0400,2.632382
235.0600,2.624625
235.0800,2.604454
235.1000,2.557626
235.1200,2.513892
235.1400,2.473565
235.1600,2.436196
235.1800,2.401469
235.2000,2.369609
235.2200,2.340543
235.2400,2.314436
235.2600,2.292322
235.2800,2.274971
235.3000,2.261767
235.3200,2.247774
235.3400,2.235473
235.3600,2.225251
235.3800,2.218531
235.4000,2.215575
235.4200,2.215664
235.4400,2.217639
235.4600,2.222900
235.4800,2.224188
235.5000,2.201576
235.5200,2.178819
235.5400,2.157157
235.5600,2.135327
235.5800,2.113360
235.6000,2.090893
235.6200,2.068151
235.6400,2.047143
235.6600,2.025964
235.6800,2.002756
235.7000,1.965347
235.7200,1.924553
235.7400,1.878700
235.7600,1.825663
235.7800,1.766995
235.8000,1.703307
235.8200,1.636038
235.8400,1.567242
235.8600,1.498690
235.8800,1.459354
235.9000,1.494711
235.9200,1.513439
235.9400,1.512296
235.9600,1.495356
235.9800,1.467192
236.0000,1.431708
236.0200,1.394299
236.0400,1.356317
236.0600,1.320075
236.0800,1.349882
236.1000,1.505424
236.1200,1.637856
236.1400,1.750787
236.1600,1.848299
236.1800,1.930724
236.2000,1.999856
236.2200,2.055980
236.2400,2.100752
236.2600,2.138405
236.2800,2.109880
236.3000,1.992229
236.3200,1.887635
236.3400,1.793546
236.3600,1.707231
236.3800,1.628505
236.4000,1.556626
236.4200,1.490047
236.4400,1.429470
236.4600,1.374088
236.4800,1.353401
236.5000,1.433748
236.5200,1.544325
236.5400,1.663924
236.5600,1.731663
236.5800,1.786054
236.6000,1.880949
236.6200,1.964058
236.6400,2.007155
236.6600,2.054006
236.6800,2.077447
236.7000,1.983785
236.7200,1.893612
236.7400,1.821208
236.7600,1.764248
236.7800,1.720201
236.8000,1.687350
236.8200,1.662073
236.8400,1.642489
236.8600,1.627256
236.8800,1.618128
236.9000,1.677127
236.9200,1.744864
236.9400,1.803608
236.9600,1.853883
236.9800,1.898493
237.0000,1.936790
237.0200,1.970374
237.0400,1.999913
237.0600,2.027124
237.0800,2.051880
237.1000,2.069158
237.1200,2.082282
237.1400,2.091480
237.1600,2.099326
237.1800,2.107333
237.2000,2.115631
237.2200,2.125653
237.2400,2.139604
237.2600,2.158100
237.2800,2.179124
237.3000,2.114971
237.3200,2.008703
237.3400,1.916852
237.3600,1.838601
237.3800,1.773132
237.4000,1.717896
237.4200,1.673149
237.4400,1.636215
237.4600,1.606047
237.4800,1.582797
237.5000,1.591465
237.5200,1.597958
237.5400,1.588067
237.5600,1.565890
237.5800,1.537993
237.6000,1.505908
237.6200,1.472486
237.6400,1.438676
237.6600,1.404876
237.6800,1.371172
237.7000,1.358880
237.7200,1.372082
237.7400,1.382803
237.7600,1.390456
237.7800,1.392696
237.8000,1.390143
237.8200,1.382377
237.8400,1.367852
237.8600,1.346217
237.8800,1.317845
237.9000,1.277960
237.9200,1.222701
237.9400,1.172233
237.9600,1.126084
237.9800,1.082914
238.0000,1.043057
238.0200,1.006025
238.0400,0.971323
238.0600,0.937917
238.0800,0.905936
238.1000,0.876260
238.1200,0.852167
238.1400,0.827606
238.1600,0.803471
238.1800,0.779724
238.2000,0.756242
238.2200,0.731335
238.2400,0.706194
238.2600,0.681222
238.2800,0.657040
238.3000,0.634670
238.3200,0.615909
238.3400,0.599613
238.3600,0.585983
238.3800,0.573932
238.4000,0.563412
238.4200,0.552199
238.4400,0.540849
238.4600,0.528991
238.4800,0.516715
238.5000,0.504664
238.5200,0.516328
238.5400,0.537578
238.5600,0.554229
238.5800,0.566779
238.6000,0.575044
238.6200,0.580369
238.6400,0.582495
238.6600,0.582761
238.6800,0.581351
238.7000,0.579152
238.7200,0.547180
238.7400,0.510399
238.7600,0.483841
238.7800,0.468946
238.8000,0.465160
238.8200,0.472901
238.8400,0.491050
238.8600,0.517923
238.8800,0.549645
238.9000,0.582519
238.9200,0.602191
238.9400,0.601176
238.9600,0.589616
238.9800,0.569453
239.0000,0.542162
239.0200,0.510238
239.0400,0.476671
239.0600,0.445279
239.0800,0.417053
239.1000,0.391719
239.1200,0.373248
239.1400,0.365909
239.1600,0.353335
239.1800,0.336878
239.2000,0.319035
239.2200,0.301152
239.2400,0.283567
239.2600,0.267183
239.2800,0.251555
239.3000,0.236709
239.3200,0.234003
239.3400,0.268850
239.3600,0.290954
239.3800,0.303770
239.4000,0.313461
239.4200,0.320300
239.4400,0.325125
239.4600,0.328468
239.4800,0.332995
239.5000,0.341872
239.5200,0.342662
239.5400,0.332746
239.5600,0.326615
239.5800,0.327365
239.6000,0.333511
239.6200,0.344482
239.6400,0.359626
239.6600,0.377566
239.6800,0.397124
239.7000,0.416892
239.7200,0.435943
239.7400,0.466417
239.7600,0.501893
239.7800,0.533172
239.8000,0.560697
239.8200,0.583035
239.8400,0.600048
239.8600,0.612252
239.8800,0.618994
239.9000,0.622297
239.9200,0.621685
239.9400,0.606581
239.9600,0.574770
239.9800,0.553729
240.0000,0.540647
240.0200,0.533486
240.0400,0.529394
240.0600,0.526720
240.0800,0.522547
240.1000,0.515490
240.1200,0.504978
240.1400,0.483873
240.1600,0.450749
240.1800,0.419357
240.2000,0.390124
240.2200,0.363420
240.2400,0.338102
240.2600,0.315426
240.2800,0.294458
240.3000,0.279862
240.3200,0.275625
240.3400,0.275174
240.3600,0.257331
240.3800,0.240181
240.4000,0.224578
240.4200,0.212366
240.4400,0.204665
240.4600,0.202828
240.4800,0.205680
240.5000,0.212664
240.5200,0.222628
240.5400,0.243524
240.5600,0.297559
240.5800,0.340382
240.6000,0.379749
240.6200,0.409956
240.6400,0.433655
240.6600,0.450113
240.6800,0.463541
240.7000,0.469703
240.7200,0.466763
240.7400,0.456227
240.7600,0.453270
240.7800,0.454076
240.8000,0.461430
240.8200,0.469913
240.8400,0.484058
240.8600,0.490245
240.8800,0.497277
240.9000,0.506049
240.9200,0.516626
240.9400,0.524609
240.9600,0.500032
240.9800,0.476059
241.0000,0.462760
241.0200,0.452312
241.0400,0.448107
241.0600,0.450185
241.0800,0.457693
241.1000,0.469655
241.1200,0.485275
241.1400,0.501192
241.1600,0.478419
241.1800,0.442097
241.2000,0.409441
241.2200,0.382327
241.2400,0.363646
241.2600,0.356114
241.2800,0.352787
241.3000,0.354495
241.3200,0.359570
241.3400,0.365587
241.3600,0.400781
241.3800,0.445916
241.4000,0.475874
241.4200,0.493169
241.4400,0.501256
241.4600,0.503576
241.4800,0.505558
241.5000,0.506476
241.5200,0.512317
241.5400,0.520034
241.5600,0.527654
241.5800,0.529909
241.6000,0.534219
241.6200,0.541783
241.6400,0.551820
241.6600,0.564934
241.6800,0.581351
241.7000,0.600676
241.7200,0.622788
241.7400,0.645907
241.7600,0.654567
241.7800,0.653471
241.8000,0.655526
241.8200,0.659763
241.8400,0.665893
241.8600,0.674859
241.8800,0.686257
241.9000,0.699822
241.9200,0.715998
241.9400,0.733889
241.9600,0.760697
241.9800,0.800676
242.0000,0.834018
242.0200,0.862365
242.0400,0.887441
242.0600,0.910609
242.0800,0.931360
242.1000,0.949565
242.1200,0.965241
242.1400,0.978307
242.1600,0.987530
242.1800,0.991196
242.2000,0.992106
242.2200,0.990213
242.2400,0.986008
242.2600,0.980159
242.2800,0.973208
242.3000,0.966304
242.3200,0.960633
242.3400,0.958104
242.3600,0.953198
242.3800,0.923361
242.4000,0.898961
242.4200,0.882866
242.4400,0.872128
242.4600,0.866344
242.4800,0.863928
242.5000,0.865498
242.5200,0.888625
242.5400,0.910319
242.5600,0.931561
242.5800,1.026398
242.6000,1.088022
242.6200,1.126447
242.6400,1.160021
242.6600,1.189383
242.6800,1.216490
242.7000,1.244394
242.7200,1.278026
242.7400,1.318440
242.7600,1.352677
242.7800,1.306704
242.8000,1.262496
242.8200,1.227261
242.8400,1.207477
242.8600,1.200654
242.8800,1.205084
242.9000,1.215766
242.9200,1.230509
242.9400,1.247092
242.9600,1.269584
242.9800,1.311963
243.0000,1.355012
243.0200,1.397834
243.0400,1.443075
243.0600,1.491747
243.0800,1.549471
243.1000,1.614561
243.1200,1.683999
243.1400,1.756660
243.1600,1.830658
243.1800,1.957775
243.2000,2.125225
243.2200,2.277548
243.2400,2.413350
243.2600,2.535488
243.2800,2.644523
243.3000,2.740643
243.3200,2.827265
243.3400,2.907008
243.3600,3.036108
243.3800,3.132793
243.4000,3.177567
243.4200,3.203990
243.4400,3.219377
243.4600,3.229727
243.4800,3.233506
243.5000,3.235705
243.5200,3.235350
243.5400,3.235567
243.5600,3.235189
243.5800,3.222551
243.6000,3.198118
243.6200,3.180813
243.6400,3.167304
243.6600,3.154223
243.6800,3.143121
243.7000,3.131085
243.7200,3.118278
243.7400,3.104139
243.7600,3.088599
243.7800,3.075195
243.8000,3.069331
243.8200,3.066969
243.8400,3.069129
243.8600,3.075718
243.8800,3.132559
243.9000,3.216831
243.9200,3.228897
243.9400,3.238259
243.9600,3.314571
243.9800,3.377260
244.0000,3.342121
244.0200,3.302552
244.0400,3.259881
244.0600,3.212932
244.0800,3.162036
244.1000,3.108883
244.1200,3.056876
244.1400,3.004556
244.1600,2.952636
244.1800,2.903987
244.2000,2.862653
244.2200,2.826417
244.2400,2.792375
244.2600,2.759759
244.2800,2.728792
244.3000,2.700261
244.3200,2.671485
244.3400,2.644973
244.3600,2.616675
244.3800,2.619912
244.4000,2.698970
244.4200,2.711433
244.4400,2.704367
244.4600,2.693887
244.4800,2.679321
244.5000,2.660415
244.5200,2.637868
244.5400,2.613428
244.5600,2.587906
244.5800,2.558867
244.6000,2.505876
244.6200,2.457220
244.6400,2.421326
244.6600,2.429155
244.6800,2.411408
244.7000,2.377664
244.7200,2.345603
244.7400,2.316707
244.7600,2.291654
244.7800,2.275438
244.8000,2.311592
244.8200,2.362366
244.8400,2.408025
244.8600,2.450985
244.8800,2.488727
244.9000,2.520619
244.9200,2.549692
244.9400,2.579054
244.9600,2.658668
244.9800,2.705164
245.0000,2.677090
245.0200,2.635547
245.0400,2.601345
245.0600,2.573962
245.0800,2.551817
245.1000,2.533982
245.1200,2.520804
245.1400,2.512330
245.1600,2.507012
245.1800,2.505055
245.2000,2.503840
245.2200,2.503427
245.2400,2.503557
245.2600,2.502236
245.2800,2.499988
245.3000,2.492786
245.3200,2.480606
245.3400,2.462142
245.3600,2.439482
245.3800,2.410997
245.4000,2.360376
245.4200,2.267583
245.4400,2.186400
245.4600,2.115268
245.4800,2.052581
245.5000,1.996683
245.5200,1.945498
245.5400,1.897406
245.5600,1.850692
245.5800,1.804026
245.6000,1.759656
245.6200,1.737456
245.6400,1.711894
245.6600,1.680173
245.6800,1.642424
245.7000,1.601390
245.7200,1.559856
245.7400,1.517491
245.7600,1.475813
245.7800,1.436711
245.8000,1.402604
245.8200,1.402651
245.8400,1.401025
245.8600,1.378833
245.8800,1.358331
245.9000,1.337065
245.9200,1.315452
245.9400,1.300581
245.9600,1.292365
245.9800,1.265274
246.0000,1.239046
246.0200,1.257848
246.0400,1.287515
246.0600,1.310586
246.0800,1.325739
246.1000,1.357614
246.1200,1.383263
246.1400,1.376642
246.1600,1.363711
246.1800,1.345999
246.2000,1.324313
246.2200,1.267771
246.2400,1.179211
246.2600,1.105124
246.2800,1.037845
246.3000,0.975254
246.3200,0.917319
246.3400,0.862768
246.3600,0.812606
246.3800,0.764652
246.4000,0.720654
246.4200,0.698090
246.4400,0.711817
246.4600,0.708562
246.4800,0.702618
246.5000,0.696189
246.5200,0.690470
246.5400,0.686289
246.5600,0.684606
246.5800,0.685000
246.6000,0.688795
246.6200,0.689423
246.6400,0.661027
246.6600,0.636926
246.6800,0.619228
246.7000,0.607169
246.7200,0.599839
246.7400,0.596665
246.7600,0.597736
246.7800,0.601788
246.8000,0.608804
246.8200,0.617359
246.8400,0.615522
246.8600,0.601039
246.8800,0.577509
246.9000,0.550475
246.9200,0.522571
246.9400,0.493426
246.9600,0.464943
246.9800,0.437989
247.0000,0.412921
247.0200,0.402779
247.0400,0.431182
247.0600,0.464346
247.0800,0.481150
247.1000,0.484066
247.1200,0.480925
247.1400,0.473965
247.1600,0.461245
247.1800,0.443878
247.2000,0.423353
247.2200,0.411801
247.2400,0.468302
247.2600,0.520195
247.2800,0.558836
247.3000,0.585750
247.3200,0.603778
247.3400,0.612397
247.3600,0.613195
247.3800,0.607088
247.4000,0.594707
247.4200,0.574295
247.4400,0.545376
247.4600,0.522998
247.4800,0.506984
247.5000,0.496866
247.5200,0.491252
247.5400,0.489318
247.5600,0.493580
247.5800,0.508393
247.6000,0.514040
247.6200,0.515563
247.6400,0.535959
247.6600,0.565474
247.6800,0.597792
247.7000,0.630892
247.7200,0.664209
247.7400,0.697019
247.7600,0.729418
247.7800,0.760117
247.8000,0.789093
247.8200,0.810786
247.8400,0.789673
247.8600,0.764266
247.8800,0.745046
247.9000,0.731343
247.9200,0.723916
247.9400,0.721338
247.9600,0.724657
247.9800,0.733865
248.0000,0.748550
248.0200,0.760359
248.0400,0.721387
248.0600,0.679934
248.0800,0.645682
248.1000,0.617262
248.1200,0.593241
248.1400,0.572708
248.1600,0.555059
248.1800,0.539463
248.2000,0.525278
248.2200,0.511567
248.2400,0.499855
248.2600,0.489874
248.2800,0.479829
248.3000,0.470348
248.3200,0.461801
248.3400,0.452876
248.3600,0.444764
248.3800,0.436048
248.4000,0.426349
248.4200,0.417923
248.4400,0.462631
248.4600,0.523296
248.4800,0.576486
248.5000,0.623377
248.5200,0.666586
248.5400,0.705872
248.5600,0.742017
248.5800,0.774875
248.6000,0.805187
248.6200,0.833236
248.6400,0.856621
248.6600,0.874762
248.6800,0.891187
248.7000,0.905856
248.7200,0.918398
248.7400,0.928073
248.7600,0.934421
248.7800,0.936096
248.8000,0.933969
248.8200,0.928049
248.8400,0.909779
248.8600,0.845956
248.8800,0.784573
248.9000,0.729523
248.9200,0.682374
248.9400,0.648147
248.9600,0.627847
248.9800,0.621137
249.0000,0.625890
249.0200,0.640422
249.0400,0.660246
249.0600,0.660786
249.0800,0.663259
249.1000,0.677533
249.1200,0.703769
249.1400,0.736893
249.1600,0.774101
249.1800,0.810931
249.2000,0.844321
249.2200,0.872442
249.2400,0.894450
249.2600,0.916240
249.2800,0.921653
249.3000,0.909505
249.3200,0.881287
249.3400,0.839842
249.3600,0.789624
249.3800,0.735556
249.4000,0.683776
249.4200,0.635621
249.4400,0.592291
249.4600,0.581335
249.4800,0.594860
249.5000,0.614773
249.5200,0.641469
249.5400,0.686893
249.5600,0.741541
249.5800,0.778556
249.6000,0.816916
249.6200,0.854044
249.6400,0.887562
249.6600,0.864290
249.6800,0.826486
249.7000,0.796149
249.7200,0.769800
249.7400,0.747962
249.7600,0.732286
249.7800,0.722225
249.8000,0.716344
249.8200,0.714169
249.8400,0.717673
249.8600,0.719494
249.8800,0.710568
249.9000,0.697680
249.9200,0.684050
249.9400,0.668672
249.9600,0.651562
249.9800,0.633188
250.0000,0.613919
250.0200,0.594369
250.0400,0.573884
250.0600,0.563960
250.0800,0.554736
250.1000,0.538376
250.1200,0.515619
250.1400,0.487965
250.1600,0.457685
250.1800,0.427558
250.2000,0.399476
250.2200,0.374360
250.2400,0.351652
250.2600,0.334179
250.2800,0.326946
250.3000,0.326511
250.3200,0.333438
250.3400,0.345191
250.3600,0.360681
250.3800,0.378637
250.4000,0.395304
250.4200,0.411423
250.4400,0.426671
250.4600,0.443225
250.4800,0.474504
250.5000,0.518930
250.5200,0.549822
250.5400,0.579998
250.5600,0.611358
250.5800,0.643161
250.6000,0.675189
250.6200,0.707870
250.6400,0.742379
250.6600,0.774794
250.6800,0.786249
250.7000,0.806629
250.7200,0.838271
250.7400,0.880772
250.7600,0.934936
250.7800,0.997639
250.8000,1.068649
250.8200,1.147028
250.8400,1.231781
250.8600,1.338127
250.8800,1.565478
250.9000,1.788987
250.9200,1.987168
250.9400,2.180937
250.9600,2.350814
250.9800,2.531371
251.0000,2.675271
251.0200,2.833041
251.0400,2.952393
251.0600,3.080197
251.0800,3.176786
251.1000,3.270845
251.1200,3.356107
251.1400,3.434965
251.1600,3.493127
251.1800,3.568070
251.2000,3.600000
251.2200,3.600000
251.2400,3.600000
251.2600,3.600000
251.2800,3.558090
251.3000,3.491202
251.3200,3.438606
251.3400,3.396781
251.3600,3.362704
251.3800,3.333841
251.4000,3.309335
251.4200,3.286899
251.4400,3.265158
251.4600,3.244583
251.4800,3.248280
251.5000,3.255933
251.5200,3.259543
251.5400,3.258085
251.5600,3.253404
251.5800,3.249522
251.6000,3.244944
251.6200,3.239386
251.6400,3.234577
251.6600,3.227457
251.6800,3.224734
251.7000,3.228028
251.7200,3.230090
251.7400,3.231919
251.7600,3.230171
251.7800,3.227286
251.8000,3.225990
251.8200,3.225610
251.8400,3.225861
251.8600,3.229679
251.8800,3.241618
251.9000,3.291362
251.9200,3.339987
251.9400,3.383222
251.9600,3.423484
251.9800,3.458512
252.0000,3.493683
252.0200,3.526615
252.0400,3.558008
252.0600,3.588499
252.0800,3.600000
252.1000,3.600000
252.1200,3.595347
252.1400,3.590030
252.1600,3.590071
252.1800,3.594009
252.2000,3.598393
252.2200,3.600000
252.2400,3.600000
252.2600,3.600000
252.2800,3.600000
252.3000,3.600000
252.3200,3.600000
252.3400,3.600000
252.3600,3.600000
252.3800,3.600000
252.4000,3.600000
252.4200,3.600000
252.4400,3.600000
252.4600,3.600000
252.4800,3.600000
252.5000,3.600000
252.5200,3.600000
252.5400,3.600000
252.5600,3.600000
252.5800,3.600000
252.6000,3.600000
252.6200,3.600000
252.6400,3.600000
252.6600,3.600000
252.6800,3.600000
252.7000,3.600000
252.7200,3.600000
252.7400,3.600000
252.7600,3.600000
252.7800,3.600000
252.8000,3.600000
252.8200,3.600000
252.8400,3.600000
252.8600,3.600000
252.8800,3.600000
252.9000,3.600000
252.9200,3.529718
252.9400,3.404973
252.9600,3.291718
252.9800,3.188330
253.0000,3.091226
253.0200,3.001888
253.0400,2.917198
253.0600,2.838380
253.0800,2.764068
253.1000,2.698608
253.1200,2.650378
253.1400,2.585168
253.1600,2.509750
253.1800,2.440593
253.2000,2.377519
253.2200,2.319800
253.2400,2.267584
253.2600,2.220909
253.2800,2.179214
253.3000,2.146992
253.3200,2.151550
253.3400,2.159486
253.3600,2.166308
253.3800,2.171206
253.4000,2.175597
253.4200,2.178110
253.4400,2.180375
253.4600,2.183943
253.4800,2.190041
253.5000,2.198104
253.5200,2.256321
253.5400,2.332464
253.5600,2.398769
253.5800,2.459436
253.6000,2.518034
253.6200,2.574027
253.6400,2.628944
253.6600,2.682368
253.6800,2.734786
253.7000,2.786906
253.7200,2.805144
253.7400,2.780493
253.7600,2.766065
253.7800,2.757148
253.8000,2.751002
253.8200,2.747174
253.8400,2.740851
253.8600,2.729107
253.8800,2.710273
253.9000,2.683874
253.9200,2.653253
253.9400,2.631803
253.9600,2.607474
253.9800,2.581832
254.0000,2.560089
254.0200,2.541860
254.0400,2.529939
254.0600,2.524943
254.0800,2.526015
254.1000,2.530848
254.1200,2.528859
254.1400,2.440247
254.1600,2.340543
254.1800,2.247339
254.2000,2.159429
254.2200,2.076209
254.2400,2.000123
254.2600,1.928436
254.2800,1.861663
254.3000,1.799627
254.3200,1.743247
254.3400,1.707745
254.3600,1.678973
254.3800,1.645624
254.4000,1.610235
254.4200,1.572187
254.4400,1.533505
254.4600,1.493518
254.4800,1.452748
254.5000,1.412222
254.5200,1.371455
254.5400,1.322436
254.5600,1.260319
254.5800,1.202755
254.6000,1.149542
254.6200,1.099838
254.6400,1.054029
254.6600,1.011947
254.6800,0.973047
254.7000,0.936547
254.7200,0.902295
254.7400,0.866014
254.7600,0.817641
254.7800,0.770952
254.8000,0.727251
254.8200,0.686563
254.8400,0.648791
254.8600,0.615538
254.8800,0.588311
254.9000,0.567722
254.9200,0.555115
254.9400,0.547164
254.9600,0.530965
254.9800,0.510254
255.0000,0.486652
255.0200,0.461841
255.0400,0.437079
255.0600,0.413203
255.0800,0.391365
255.1000,0.372612
255.1200,0.357846
255.1400,0.347463
255.1600,0.329523
255.1800,0.310972
255.2000,0.294023
255.2200,0.278839
255.2400,0.266015
255.2600,0.254520
255.2800,0.244120
255.3000,0.234494
255.3200,0.224328
255.3400,0.213808
255.3600,0.202055
255.3800,0.190962
255.4000,0.180474
255.4200,0.170687
255.4400,0.162011
255.4600,0.155640
255.4800,0.155656
255.5000,0.159466
255.5200,0.166498
255.5400,0.176696
255.5600,0.224570
255.5800,0.292428
255.6000,0.345666
255.6200,0.385605
255.6400,0.414814
255.6600,0.433502
255.6800,0.443459
255.7000,0.446141
255.7200,0.442839
255.7400,0.435686
255.7600,0.431223
255.7800,0.425600
255.8000,0.415491
255.8200,0.402376
255.8400,0.387329
255.8600,0.370477
255.8800,0.352223
255.9000,0.332447
255.9200,0.311519
255.9400,0.290559
255.9600,0.272604
255.9800,0.257443
256.0000,0.241607
256.0200,0.225665
256.0400,0.210811
256.0600,0.196714
256.0800,0.183761
256.1000,0.172121
256.1200,0.161278
256.1400,0.151451
256.1600,0.143122
256.1800,0.134913
256.2000,0.127470
256.2200,0.120655
256.2400,0.118819
256.2600,0.126455
256.2800,0.148100
256.3000,0.182561
256.3200,0.226245
256.3400,0.274868
256.3600,0.325753
256.3800,0.377139
256.4000,0.419486
256.4200,0.451716
256.4400,0.473820
256.4600,0.487909
256.4800,0.495424
256.5000,0.499251
256.5200,0.501917
256.5400,0.506807
256.5600,0.513388
256.5800,0.497116
256.6000,0.474110
256.6200,0.451546
256.6400,0.430135
256.6600,0.412172
256.6800,0.395078
256.7000,0.377791
256.7200,0.362365
256.7400,0.350330
256.7600,0.348212
256.7800,0.401998
256.8000,0.457951
256.8200,0.505147
256.8400,0.543539
256.8600,0.571983
256.8800,0.593298
256.9000,0.608530
256.9200,0.619808
256.9400,0.629007
256.9600,0.636346
256.9800,0.613235
257.0000,0.575116
257.0200,0.540261
257.0400,0.507701
257.0600,0.476615
257.0800,0.447108
257.1000,0.418906
257.1200,0.390817
257.1400,0.364629
257.1600,0.339593
257.1800,0.316643
257.2000,0.295465
257.2200,0.275552
257.2400,0.257790
257.2600,0.242171
257.2800,0.230909
257.3000,0.223619
257.3200,0.219535
257.3400,0.217594
257.3600,0.217191
257.3800,0.214992
257.4000,0.200846
257.4200,0.187112
257.4400,0.175134
257.4600,0.163163
257.4800,0.153022
257.5000,0.142936
257.5200,0.134293
257.5400,0.126310
257.5600,0.118384
257.5800,0.112809
257.6000,0.120969
257.6200,0.130990
257.6400,0.137853
257.6600,0.142848
257.6800,0.144539
257.7000,0.144040
257.7200,0.141607
257.7400,0.137733
257.7600,0.132891
257.7800,0.131192
257.8000,0.170880
257.8200,0.222000
257.8400,0.275907
257.8600,0.331328
257.8800,0.387071
257.9000,0.442847
257.9200,0.497277
257.9400,0.549379
257.9600,0.599637
257.9800,0.645835
258.0000,0.664717
258.0200,0.673248
258.0400,0.682689
258.0600,0.692967
258.0800,0.704156
258.1000,0.714967
258.1200,0.725616
258.1400,0.736233
258.1600,0.745569
258.1800,0.753842
258.2000,0.734082
258.2200,0.678669
258.2400,0.629346
258.2600,0.584147
258.2800,0.543378
258.3000,0.505808
258.3200,0.470944
258.3400,0.438875
258.3600,0.408990
258.3800,0.381698
258.4000,0.356307
258.4200,0.336395
258.4400,0.321105
258.4600,0.312494
258.4800,0.309175
258.5000,0.316522
258.5200,0.333599
258.5400,0.348381
258.5600,0.366860
258.5800,0.389874
258.6000,0.414790
258.6200,0.406106
258.6400,0.391381
258.6600,0.387466
258.6800,0.392202
258.7000,0.405574
258.7200,0.426244
258.7400,0.452819
258.7600,0.484807
258.7800,0.521548
258.8000,0.557580
258.8200,0.568986
258.8400,0.582616
258.8600,0.601127
258.8800,0.623256
258.9000,0.647317
258.9200,0.672958
258.9400,0.698799
258.9600,0.723691
258.9800,0.747825
259.0000,0.767778
259.0200,0.769913
259.0400,0.776164
259.0600,0.789141
259.0800,0.807282
259.1000,0.828315
259.1200,0.850322
259.1400,0.872652
259.1600,0.893660
259.1800,0.912454
259.2000,0.926019
259.2200,0.914741
259.2400,0.898131
259.2600,0.881690
259.2800,0.866183
259.3000,0.850499
259.3200,0.835621
259.3400,0.822611
259.3600,0.811003
259.3800,0.801216
259.4000,0.801176
259.4200,0.769808
259.4400,0.728387
259.4600,0.689012
259.4800,0.652368
259.5000,0.618084
259.5200,0.586281
259.5400,0.556404
259.5600,0.528943
259.5800,0.502263
259.6000,0.487506
259.6200,0.593853
259.6400,0.691703
259.6600,0.779595
259.6800,0.887312
259.7000,0.970219
259.7200,1.048945
259.7400,1.096650
259.7600,1.131707
259.7800,1.163744
259.8000,1.192147
259.8200,1.148421
259.8400,1.079282
259.8600,1.024706
259.8800,0.987732
259.9000,0.953617
259.9200,0.919961
259.9400,0.889826
259.9600,0.860069
259.9800,0.829152
260.0000,0.797551
260.0200,0.756903
260.0400,0.705405
260.0600,0.658401
260.0800,0.614507
260.1000,0.574311
260.1200,0.536773
260.1400,0.502151
260.1600,0.469365
260.1800,0.439496
260.2000,0.411237
260.2200,0.388457
260.2400,0.370332
260.2600,0.349646
260.2800,0.328049
260.3000,0.307242
260.3200,0.287780
260.3400,0.269656
260.3600,0.252876
260.3800,0.237547
260.4000,0.222459
260.4200,0.211721
260.4400,0.205221
260.4600,0.198011
260.4800,0.191389
260.5000,0.186194
260.5200,0.182835
260.5400,0.181167
260.5600,0.180829
260.5800,0.182617
260.6000,0.185799
260.6200,0.195611
260.6400,0.216756
260.6600,0.236073
260.6800,0.251998
260.7000,0.265322
260.7200,0.275085
260.7400,0.280845
260.7600,0.282415
260.7800,0.279725
260.8000,0.273337
260.8200,0.264218
260.8400,0.257121
260.8600,0.259401
260.8800,0.270227
260.9000,0.290696
260.9200,0.319897
260.9400,0.360375
260.9600,0.419454
260.9800,0.465925
261.0000,0.508998
261.0200,0.551909
261.0400,0.614507
261.0600,0.659183
261.0800,0.672369
261.1000,0.673964
261.1200,0.665393
261.1400,0.651006
261.1600,0.634082
261.1800,0.616634
261.2000,0.600942
261.2200,0.587457
261.2400,0.598461
261.2600,0.616827
261.2800,0.626752
261.3000,0.629265
261.3200,0.625205
261.3400,0.615377
261.3600,0.600604
261.3800,0.582656
261.4000,0.561487
261.4200,0.539222
261.4400,0.505171
261.4600,0.469583
261.4800,0.437151
261.5000,0.411245
261.5200,0.396190
261.5400,0.389834
261.5600,0.395328
261.5800,0.412655
261.6000,0.441010
261.6200,0.475044
261.6400,0.486161
261.6600,0.500652
261.6800,0.525898
261.7000,0.560609
261.7200,0.603552
261.7400,0.652803
261.7600,0.707781
261.7800,0.766070
261.8000,0.827066
261.8200,0.887901
261.8400,0.936491
261.8600,0.977284
261.8800,1.001675
261.9000,1.029338
261.9200,1.059417
261.9400,1.090518
261.9600,1.122426
261.9800,1.155680
262.0000,1.188183
262.0200,1.219890
262.0400,1.208418
262.0600,1.170783
262.0800,1.141189
262.1000,1.118254
262.1200,1.100540
262.1400,1.086418
262.1600,1.076236
262.1800,1.068487
262.2000,1.062254
262.2200,1.056863
262.2400,1.119142
262.2600,1.232964
262.2800,1.326069
262.3000,1.406287
262.3200,1.477545
262.3400,1.539218
262.3600,1.593488
262.3800,1.639315
262.4000,1.678425
262.4200,1.709164
262.4400,1.734877
262.4600,1.774196
262.4800,1.777161
262.5000,1.760640
262.5200,1.739720
262.5400,1.712725
262.5600,1.680696
262.5800,1.644914
262.6000,1.605087
262.6200,1.562586
262.6400,1.518514
262.6600,1.484416
262.6800,1.460564
262.7000,1.445556
262.7200,1.439160
262.7400,1.439321
262.7600,1.446805
262.7800,1.459469
262.8000,1.482870
262.8200,1.543405
262.8400,1.571722
262.8600,1.496081
262.8800,1.419344
262.9000,1.350913
262.9200,1.296006
262.9400,1.251758
262.9600,1.218537
262.9800,1.194426
263.0000,1.180111
263.0200,1.173167
263.0400,1.170397
263.0600,1.156992
263.0800,1.148559
263.1000,1.146618
263.1200,1.152104
263.1400,1.170066
263.1600,1.215225
263.1800,1.240222
263.2000,1.257259
263.2200,1.278349
263.2400,1.300018
263.2600,1.330702
263.2800,1.361778
263.3000,1.387741
263.3200,1.408203
263.3400,1.441037
263.3600,1.469070
263.3800,1.459097
263.4000,1.437968
263.4200,1.405172
263.4400,1.361763
263.4600,1.295724
263.4800,1.222250
263.5000,1.173700
263.5200,1.141897
263.5400,1.118891
263.5600,1.125859
263.5800,1.150501
263.6000,1.167956
263.6200,1.195547
263.6400,1.233198
263.6600,1.273073
263.6800,1.309403
263.7000,1.348810
263.7200,1.387726
263.7400,1.425304
263.7600,1.460127
263.7800,1.491851
263.8000,1.519843
263.8200,1.543591
263.8400,1.560903
263.8600,1.587615
263.8800,1.638727
263.9000,1.679513
263.9200,1.709493
263.9400,1.728150
263.9600,1.737496
263.9800,1.739002
264.0000,1.733145
264.0200,1.723704
264.0400,1.711259
264.0600,1.692659
264.0800,1.665777
264.1000,1.638154
264.1200,1.611652
264.1400,1.587446
264.1600,1.589259
264.1800,1.596966
264.2000,1.597571
264.2200,1.598208
264.2400,1.600165
264.2600,1.609123
264.2800,1.684610
264.3000,1.719201
264.3200,1.737569
264.3400,1.753550
264.3600,1.768131
264.3800,1.779459
264.4000,1.786353
264.4200,1.788929
264.4400,1.784823
264.4600,1.758633
264.4800,1.676474
264.5000,1.605055
264.5200,1.548352
264.5400,1.504377
264.5600,1.470827
264.5800,1.448328
264.6000,1.433594
264.6200,1.423805
264.6400,1.417024
264.6600,1.409484
264.6800,1.397287
264.7000,1.381039
264.7200,1.359692
264.7400,1.334084
264.7600,1.305785
264.7800,1.275181
264.8000,1.243370
264.8200,1.210835
264.8400,1.178251
264.8600,1.145337
264.8800,1.102531
264.9000,1.062053
264.9200,1.025931
264.9400,0.994828
264.9600,0.968479
264.9800,0.949364
265.0000,0.938577
265.0200,0.919325
265.0400,0.894949
265.0600,0.867697
265.0800,0.828951
265.1000,0.791469
265.1200,0.756533
265.1400,0.720871
265.1600,0.683341
265.1800,0.645303
265.2000,0.608055
265.2200,0.571499
265.2400,0.536233
265.2600,0.505542
265.2800,0.491582
265.3000,0.481408
265.3200,0.473763
265.3400,0.466884
265.3600,0.462889
265.3800,0.460206
265.4000,0.460262
265.4200,0.462558
265.4400,0.466159
265.4600,0.472346
265.4800,0.479773
265.5000,0.485444
265.5200,0.484630
265.5400,0.483623
265.5600,0.483132
265.5800,0.480796
265.6000,0.477219
265.6200,0.471572
265.6400,0.463871
265.6600,0.453874
265.6800,0.428089
265.7000,0.399992
265.7200,0.374779
265.7400,0.351555
265.7600,0.329950
265.7800,0.310521
265.8000,0.294998
265.8200,0.284945
265.8400,0.281811
265.8600,0.287088
265.8800,0.295224
265.9000,0.308128
265.9200,0.329676
265.9400,0.358112
265.9600,0.391985
265.9800,0.430973
266.0000,0.474585
266.0200,0.521894
266.0400,0.571041
266.0600,0.623191
266.0800,0.662445
266.1000,0.687683
266.1200,0.721338
266.1400,0.762389
266.1600,0.811817
266.1800,0.867883
266.2000,0.930224
266.2200,1.000862
266.2400,1.076986
266.2600,1.159473
266.2800,1.257588
266.3000,1.370438
266.3200,1.481178
266.3400,1.589001
266.3600,1.694705
266.3800,1.798975
266.4000,1.898743
266.4200,1.994927
266.4400,2.087598
266.4600,2.174436
266.4800,2.273681
266.5000,2.428494
266.5200,2.573600
266.5400,2.707485
266.5600,2.827425
266.5800,2.934188
266.6000,3.032990
266.6200,3.122644
266.6400,3.200903
266.6600,3.312219
266.6800,3.409791
266.7000,3.384905
266.7200,3.349533
266.7400,3.321806
266.7600,3.301505
266.7800,3.287528
266.8000,3.274905
266.8200,3.268484
266.8400,3.267259
266.8600,3.286803
266.8800,3.356389
266.9000,3.419111
266.9200,3.422599
266.9400,3.433604
266.9600,3.510560
266.9800,3.546779
267.0000,3.538699
267.0200,3.533882
267.0400,3.534276
267.0600,3.536258
267.0800,3.536846
267.1000,3.522805
267.1200,3.506879
267.1400,3.492563
267.1600,3.479860
267.1800,3.467648
267.2000,3.454476
267.2200,3.440635
267.2400,3.425927
267.2600,3.438703
267.2800,3.511888
267.3000,3.600000
267.3200,3.600000
267.3400,3.600000
267.3600,3.600000
267.3800,3.600000
267.4000,3.600000
267.4200,3.600000
267.4400,3.600000
267.4600,3.600000
267.4800,3.600000
267.5000,3.600000
267.5200,3.600000
267.5400,3.589015
267.5600,3.532561
267.5800,3.475629
267.6000,3.422003
267.6200,3.372024
267.6400,3.324374
267.6600,3.280946
267.6800,3.234402
267.7000,3.144135
267.7200,3.084442
267.7400,3.032007
267.7600,2.949873
267.7800,2.874552
267.8000,2.806079
267.8200,2.742833
267.8400,2.683318
267.8600,2.628323
267.8800,2.576886
267.9000,2.602513
267.9200,2.654446
267.9400,2.641928
267.9600,2.623852
267.9800,2.599097
268.0000,2.569637
268.0200,2.537826
268.0400,2.502445
268.0600,2.461393
268.0800,2.415105
268.1000,2.366820
268.1200,2.318147
268.1400,2.264675
268.1600,2.207449
268.1800,2.147136
268.2000,2.082789
268.2200,2.014662
268.2400,1.945168
268.2600,1.873159
268.2800,1.800426
268.3000,1.743965
268.3200,1.722624
268.3400,1.696356
268.3600,1.666655
268.3800,1.632590
268.4000,1.597257
268.4200,1.559574
268.4400,1.519676
268.4600,1.479269
268.4800,1.439620
268.5000,1.399984
268.5200,1.359498
268.5400,1.321009
268.5600,1.284156
268.5800,1.249840
268.6000,1.217957
268.6200,1.188860
268.6400,1.162245
268.6600,1.137226
268.6800,1.112721
268.7000,1.076800
268.7200,1.027671
268.7400,0.982399
268.7600,0.939592
268.7800,0.898647
268.8000,0.859610
268.8200,0.822394
268.8400,0.787030
268.8600,0.753673
268.8800,0.722241
268.9000,0.695295
268.9200,0.679370
268.9400,0.665692
268.9600,0.654486
268.9800,0.645706
269.0000,0.640591
269.0200,0.637562
269.0400,0.639447
269.0600,0.644103
269.0800,0.653584
269.1000,0.662832
269.1200,0.633003
269.1400,0.595416
269.1600,0.560754
269.1800,0.527598
269.2000,0.497615
269.2200,0.469123
269.2400,0.442275
269.2600,0.418302
269.2800,0.397551
269.3000,0.392516
269.3200,0.461914
269.3400,0.525246
269.3600,0.571073
269.3800,0.602505
269.4000,0.622080
269.4200,0.632100
269.4400,0.635008
269.4600,0.634332
269.4800,0.633889
269.5000,0.635355
269.5200,0.618358
269.5400,0.596471
269.5600,0.582439
269.5800,0.574593
269.6000,0.573095
269.6200,0.575841
269.6400,0.582697
269.6600,0.590567
269.6800,0.598606
269.7000,0.604938
269.7200,0.592806
269.7400,0.558982
269.7600,0.527211
269.7800,0.497205
269.8000,0.468471
269.8200,0.441115
269.8400,0.415080
269.8600,0.390881
269.8800,0.369438
269.9000,0.350798
269.9200,0.343371
269.9400,0.364306
269.9600,0.378758
269.9800,0.384614
270.0000,0.381610
270.0200,0.371033
270.0400,0.354849
270.0600,0.335758
270.0800,0.316022
270.1000,0.297269
270.1200,0.279999
270.1400,0.263429
270.1600,0.248575
270.1800,0.234188
270.2000,0.221323
270.2200,0.210448
270.2400,0.202530
270.2600,0.196223
270.2800,0.190608
270.3000,0.185751
270.3200,0.186025
270.3400,0.206824
270.3600,0.211415
270.3800,0.201338
270.4000,0.187394
270.4200,0.174715
270.4400,0.164017
270.4600,0.154125
270.4800,0.145643
270.5000,0.138006
270.5200,0.130773
270.5400,0.149018
270.5600,0.176318
270.5800,0.199783
270.6000,0.220486
270.6200,0.239238
270.6400,0.256920
270.6600,0.273724
270.6800,0.291236
270.7000,0.310625
270.7200,0.329829
270.7400,0.316272
270.7600,0.292154
270.7800,0.270695
270.8000,0.250870
270.8200,0.232867
270.8400,0.216724
270.8600,0.201918
270.8800,0.189134
270.9000,0.179467
270.9200,0.178686
270.9400,0.241607
270.9600,0.307903
270.9800,0.360633
271.0000,0.402473
271.0200,0.434832
271.0400,0.459481
271.0600,0.475914
271.0800,0.485234
271.1000,0.488223
271.1200,0.485460
271.1400,0.507193
271.1600,0.537997
271.1800,0.560439
271.2000,0.574561
271.2200,0.581851
271.2400,0.589157
271.2600,0.592903
271.2800,0.581714
271.3000,0.565982
271.3200,0.547696
271.3400,0.554390
271.3600,0.586515
271.3800,0.608442
271.4000,0.622837
271.4200,0.631835
271.4400,0.637473
271.4600,0.640969
271.4800,0.644683
271.5000,0.647607
271.5200,0.652432
271.5400,0.655735
271.5600,0.648195
271.5800,0.629426
271.6000,0.601772
271.6200,0.566868
271.6400,0.528492
271.6600,0.491437
271.6800,0.457008
271.7000,0.425487
271.7200,0.397841
271.7400,0.384654
271.7600,0.459505
271.7800,0.545561
271.8000,0.620388
271.8200,0.681440
271.8400,0.727742
271.8600,0.760085
271.8800,0.779265
271.9000,0.787393
271.9200,0.785645
271.9400,0.771282
271.9600,0.724955
271.9800,0.675302
272.0000,0.628097
272.0200,0.583921
272.0400,0.543265
272.0600,0.505759
272.0800,0.470912
272.1000,0.439053
272.1200,0.409360
272.1400,0.382939
272.1600,0.372394
272.1800,0.365515
272.2000,0.360770
272.2200,0.355284
272.2400,0.353126
272.2600,0.352481
272.2800,0.353883
272.3000,0.358491
272.3200,0.362599
272.3400,0.366860
272.3600,0.345554
272.3800,0.320469
272.4000,0.299138
272.4200,0.279129
272.4400,0.261745
272.4600,0.246561
272.4800,0.235017
272.5000,0.225383
272.5200,0.218133
272.5400,0.213075
272.5600,0.214009
272.5800,0.217537
272.6000,0.221549
272.6200,0.225883
272.6400,0.231554
272.6600,0.237378
272.6800,0.243629
272.7000,0.249694
272.7200,0.254512
272.7400,0.256437
272.7600,0.243870
272.7800,0.229878
272.8000,0.216716
272.8200,0.203811
272.8400,0.192251
272.8600,0.180563
272.8800,0.170011
272.9000,0.159426
272.9200,0.149582
272.9400,0.140318
272.9600,0.133197
272.9800,0.126117
273.0000,0.119519
273.0200,0.113035
273.0400,0.106768
273.0600,0.100597
273.0800,0.094942
273.1000,0.089449
273.1200,0.085139
273.1400,0.080660
273.1600,0.094934
273.1800,0.123628
273.2000,0.151741
273.2200,0.179185
273.2400,0.205962
273.2600,0.232013
273.2800,0.255631
273.3000,0.277647
273.3200,0.297350
273.3400,0.314001
273.3600,0.330490
273.3800,0.345884
273.4000,0.357379
273.4200,0.364750
273.4400,0.368399
273.4600,0.368149
273.4800,0.364403
273.5000,0.357290
273.5200,0.347293
273.5400,0.334614
273.5600,0.312067
273.5800,0.289222
273.6000,0.268077
273.6200,0.248905
273.6400,0.232263
273.6600,0.219906
273.6800,0.214525
273.7000,0.216748
273.7200,0.227840
273.7400,0.248800
273.7600,0.289238
273.7800,0.331650
273.8000,0.373272
273.8200,0.414765
273.8400,0.457451
273.8600,0.500499
273.8800,0.544127
273.9000,0.585347
273.9200,0.624859
273.9400,0.659787
273.9600,0.676969
273.9800,0.683454
274.0000,0.682552
274.0200,0.674158
274.0400,0.658691
274.0600,0.638432
274.0800,0.614177
274.1000,0.586902
274.1200,0.557475
274.1400,0.527122
274.1600,0.500137
274.1800,0.476398
274.2000,0.454648
274.2200,0.437586
274.2400,0.427614
274.2600,0.426784
274.2800,0.437135
274.3000,0.460528
274.3200,0.497648
274.3400,0.548606
274.3600,0.638343
274.3800,0.732898
274.4000,0.798389
274.4200,0.841566
274.4400,0.867633
274.4600,0.880481
274.4800,0.884904
274.5000,0.893644
274.5200,0.886483
274.5400,0.869832
274.5600,1.007815
274.5800,1.229081
274.6000,1.421012
274.6200,1.583974
274.6400,1.722311
274.6600,1.834218
274.6800,1.921040
274.7000,1.981168
274.7200,2.014108
274.7400,2.022010
274.7600,1.994661
274.7800,1.937853
274.8000,1.862172
274.8200,1.772488
274.8400,1.676871
274.8600,1.573058
274.8800,1.471657
274.9000,1.377592
274.9200,1.294612
274.9400,1.226037
274.9600,1.206002
274.9800,1.227261
275.0000,1.220284
275.0200,1.210054
275.0400,1.198092
275.0600,1.183109
275.0800,1.164307
275.1000,1.140382
275.1200,1.110401
275.1400,1.074948
275.1600,1.042236
275.1800,1.035848
275.2000,1.026979
275.2200,1.017173
275.2400,1.010094
275.2600,1.004793
275.2800,1.005622
275.3000,1.019454
275.3200,1.045666
275.3400,1.084365
275.3600,1.144523
275.3800,1.124649
275.4000,1.078815
275.4200,1.029160
275.4400,0.978089
275.4600,0.927614
275.4800,0.878186
275.5000,0.830151
275.5200,0.785460
275.5400,0.745094
275.5600,0.710480
275.5800,0.682326
275.6000,0.659118
275.6200,0.640784
275.6400,0.628331
275.6600,0.621967
275.6800,0.621032
275.7000,0.623441
275.7200,0.629893
275.7400,0.640849
275.7600,0.663758
275.7800,0.769526
275.8000,0.889842
275.8200,0.997278
275.8400,1.093492
275.8600,1.178759
275.8800,1.255454
275.9000,1.319761
275.9200,1.368957
275.9400,1.398035
275.9600,1.406390
275.9800,1.401499
276.0000,1.382175
276.0200,1.345050
276.0400,1.296055
276.0600,1.241164
276.0800,1.187442
276.1000,1.139633
276.1200,1.099881
276.1400,1.066361
276.1600,1.032375
276.1800,1.002618
276.2000,0.978274
276.2200,0.954881
276.2400,0.933051
276.2600,0.912204
276.2800,0.892887
276.3000,0.872861
276.3200,0.850709
276.3400,0.826333
276.3600,0.798977
276.3800,0.758144
276.4000,0.715748
276.4200,0.682850
276.4400,0.659287
276.4600,0.643434
276.4800,0.633349
276.5000,0.626478
276.5200,0.619389
276.5400,0.610117
276.5600,0.596552
276.5800,0.592379
276.6000,0.619413
276.6200,0.649621
276.6400,0.663251
276.6600,0.675624
276.6800,0.691920
276.7000,0.712034
276.7200,0.734863
276.7400,0.759320
276.7600,0.783591
276.7800,0.800346
276.8000,0.775946
276.8200,0.743346
276.8400,0.710995
276.8600,0.678532
276.8800,0.646705
276.9000,0.617045
276.9200,0.590945
276.9400,0.569099
276.9600,0.553157
276.9800,0.542138
277.0000,0.564218
277.0200,0.594063
277.0400,0.612099
277.0600,0.619574
277.0800,0.619035
277.1000,0.612800
277.1200,0.602682
277.1400,0.589431
277.1600,0.575278
277.1800,0.561922
277.2000,0.553898
277.2200,0.550056
277.2400,0.545215
277.2600,0.539834
277.2800,0.532930
277.3000,0.523248
277.3200,0.509368
277.3400,0.491662
277.3600,0.470654
277.3800,0.448220
277.4000,0.434268
277.4200,0.458651
277.4400,0.485750
277.4600,0.508812
277.4800,0.524843
277.5000,0.531521
277.5200,0.528983
277.5400,0.517818
277.5600,0.175649
277.5800,0.165379
277.6000,0.155317
277.6200,0.146714
277.6400,0.139279
277.6600,0.134414
277.6800,0.129709
277.7000,0.131514
277.7200,0.137596
277.7400,0.144725
277.7600,0.152579
277.7800,0.160827
277.8000,0.169890
277.8200,0.178968
277.8400,0.187281
277.8600,0.195466
277.8800,0.203134
277.9000,0.216321
277.9200,0.231151
277.9400,0.244644
277.9600,0.256823
277.9800,0.268504
278.0000,0.279105
278.0200,0.288159
278.0400,0.295038
278.0600,0.299920
278.0800,0.302997
278.1000,0.304511
278.1200,0.305269
278.1400,0.303955
278.1600,0.301684
278.1800,0.298099
278.2000,0.294877
278.2200,0.293218
278.2400,0.292678
278.2600,0.293709
278.2800,0.295731
278.3000,0.298099
278.3200,0.299992
278.3400,0.302304
278.3600,0.303939
278.3800,0.303609
278.4000,0.301821
278.4200,0.299146
278.4400,0.296214
278.4600,0.294072
278.4800,0.294112
278.5000,0.291880
278.5200,0.290003
278.5400,0.287990
278.5600,0.284945
278.5800,0.279290
278.6000,0.272394
278.6200,0.264798
278.6400,0.258161
278.6600,0.252014
278.6800,0.245828
278.7000,0.240672
278.7200,0.237088
278.7400,0.234631
278.7600,0.231997
278.7800,0.229838
278.8000,0.227236
278.8200,0.225673
278.8400,0.223941
278.8600,0.222040
278.8800,0.224215
278.9000,0.224272
278.9200,0.215217
278.9400,0.205076
278.9600,0.195949
278.9800,0.186508
279.0000,0.177550
279.0200,0.168689
279.0400,0.161045
279.0600,0.153827
279.0800,0.147681
279.1000,0.141438
279.1200,0.133222
279.1400,0.124296
279.1600,0.115959
279.1800,0.108306
279.2000,0.100992
279.2200,0.093839
279.2400,0.087684
279.2600,0.082013
279.2800,0.076890
279.3000,0.071525
279.3200,0.072492
279.3400,0.076383
279.3600,0.078171
279.3800,0.078840
279.4000,0.078767
279.4200,0.078936
279.4400,0.078308
279.4600,0.077712
279.4800,0.077414
279.5000,0.077261
279.5200,0.078936
279.5400,0.084881
279.5600,0.094322
279.5800,0.109426
279.6000,0.132400
279.6200,0.165234
279.6400,0.207524
279.6600,0.259022
279.6800,0.316651
279.7000,0.377123
279.7200,0.430659
279.7400,0.464725
279.7600,0.489673
279.7800,0.500813
279.8000,0.495384
279.8200,0.474384
279.8400,0.443862
279.8600,0.411632
279.8800,0.381626
279.9000,0.354068
279.9200,0.329813
279.9400,0.306590
279.9600,0.284494
279.9800,0.265056
280.0000,0.252183
280.0200,0.257073
280.0400,0.285356
280.0600,0.339617
280.0800,0.416900
280.1000,0.512284
280.1200,0.625632
280.1400,0.775704
280.1600,0.927260
280.1800,1.070726
280.2000,1.203545
280.2200,1.320938
280.2400,1.420657
280.2600,1.502678
280.2800,1.606279
280.3000,1.694061
280.3200,1.729399
280.3400,1.695631
280.3600,1.647823
280.3800,1.626427
280.4000,1.626982
280.4200,1.644213
280.4400,1.671699
280.4600,1.715608
280.4800,1.791194
280.5000,1.826517
280.5200,1.861833
280.5400,1.939424
280.5600,1.987887
280.5800,2.017506
280.6000,2.048585
280.6200,2.079809
280.6400,2.113360
280.6600,2.148975
280.6800,2.185142
280.7000,2.220870
280.7200,2.254589
280.7400,2.269274
280.7600,2.273157
280.7800,2.281639
280.8000,2.297373
280.8200,2.319792
280.8400,2.342857
280.8600,2.363228
280.8800,2.374529
280.9000,2.381273
280.9200,2.388482
280.9400,2.411376
280.9600,2.452693
280.9800,2.487267
281.0000,2.513933
281.0200,2.536012
281.0400,2.550117
281.0600,2.558125
281.0800,2.561718
281.1000,2.559253
281.1200,2.550207
281.1400,2.551560
281.1600,2.566253
281.1800,2.590283
281.2000,2.652288
281.2200,2.659755
281.2400,2.653101
281.2600,2.646609
281.2800,2.639704
281.3000,2.632382
281.3200,2.624625
281.3400,2.604454
281.3600,2.557626
281.3800,2.513892
281.4000,2.473565
281.4200,2.436196
281.4400,2.401469
281.4600,2.369609
281.4800,2.340543
281.5000,2.314436
281.5200,2.292322
281.5400,2.274971
281.5600,2.261767
281.5800,2.247774
281.6000,2.235473
281.6200,2.225251
281.6400,2.218531
281.6600,2.215575
281.6800,2.215664
281.7000,2.217639
281.7200,2.222900
281.7400,2.224188
281.7600,2.201576
281.7800,2.178819
281.8000,2.157157
281.8200,2.135327
281.8400,2.113360
281.8600,2.090893
281.8800,2.068151
281.9000,2.047143
281.9200,2.025964
281.9400,2.002756
281.9600,1.965347
281.9800,1.924553
282.0000,1.878700
282.0200,1.825663
282.0400,1.766995
282.0600,1.703307
282.0800,1.636038
282.1000,1.567242
282.1200,1.498690
282.1400,1.459354
282.1600,1.494711
282.1800,1.513439
282.2000,1.512296
282.2200,1.495356
282.2400,1.467192
282.2600,1.431708
282.2800,1.394299
282.3000,1.356317
282.3200,1.320075
282.3400,1.349882
282.3600,1.505424
282.3800,1.637856
282.4000,1.750787
282.4200,1.848299
282.4400,1.930724
282.4600,1.999856
282.4800,2.055980
282.5000,2.100752
282.5200,2.138405
282.5400,2.109880
282.5600,1.992229
282.5800,1.887635
282.6000,1.793546
282.6200,1.707231
282.6400,1.628505
282.6600,1.556626
282.6800,1.490047
282.7000,1.429470
282.7200,1.374088
282.7400,1.353401
282.7600,1.433748
282.7800,1.544325
282.8000,1.663924
282.8200,1.731663
282.8400,1.786054
282.8600,1.880949
282.8800,1.964058
282.9000,2.007155
282.9200,2.054006
282.9400,2.077447
282.9600,1.983785
282.9800,1.893612
283.0000,1.821208
283.0200,1.764248
283.0400,1.720201
283.0600,1.687350
283.0800,1.662073
283.1000,1.642489
283.1200,1.627256
283.1400,1.618128
283.1600,1.677127
283.1800,1.744864
283.2000,1.803608
283.2200,1.853883
283.2400,1.898493
283.2600,1.936790
283.2800,1.970374
283.3000,1.999913
283.3200,2.027124
283.3400,2.051880
283.3600,2.069158
283.3800,2.082282
283.4000,2.091480
283.4200,2.099326
283.4400,2.107333
283.4600,2.115631
283.4800,2.125653
283.5000,2.139604
283.5200,2.158100
283.5400,2.179124
283.5600,2.114971
283.5800,2.008703
283.6000,1.916852
283.6200,1.838601
283.6400,1.773132
283.6600,1.717896
283.6800,1.673149
283.7000,1.636215
283.7200,1.606047
283.7400,1.582797
283.7600,1.591465
283.7800,1.597958
283.8000,1.588067
283.8200,1.565890
283.8400,1.537993
283.8600,1.505908
283.8800,1.472486
283.9000,1.438676
283.9200,1.404876
283.9400,1.371172
283.9600,1.358880
283.9800,1.372082
284.0000,1.382803
284.0200,1.390456
284.0400,1.392696
284.0600,1.390143
284.0800,1.382377
284.1000,1.367852
284.1200,1.346217
284.1400,1.317845
284.1600,1.277960
284.1800,1.222701
284.2000,1.172233
284.2200,1.126084
284.2400,1.082914
284.2600,1.043057
284.2800,1.006025
284.3000,0.971323
284.3200,0.937917
284.3400,0.905936
284.3600,0.876260
284.3800,0.852167
284.4000,0.827606
284.4200,0.803471
284.4400,0.779724
284.4600,0.756242
284.4800,0.731335
284.5000,0.706194
284.5200,0.681222
284.5400,0.657040
284.5600,0.634670
284.5800,0.615909
284.6000,0.599613
284.6200,0.585983
284.6400,0.573932
284.6600,0.563412
284.6800,0.552199
284.7000,0.540849
284.7200,0.528991
284.7400,0.516715
284.7600,0.504664
284.7800,0.516328
284.8000,0.537578
284.8200,0.554229
284.8400,0.566779
284.8600,0.575044
284.8800,0.580369
284.9000,0.582495
284.9200,0.582761
284.9400,0.581351
284.9600,0.579152
284.9800,0.547180
285.0000,0.510399
285.0200,0.483841
285.0400,0.468946
285.0600,0.465160
285.0800,0.472901
285.1000,0.491050
285.1200,0.517923
285.1400,0.549645
285.1600,0.582519
285.1800,0.602191
285.2000,0.601176
285.2200,0.589616
285.2400,0.569453
285.2600,0.542162
285.2800,0.510238
285.3000,0.476671
285.3200,0.445279
285.3400,0.417053
285.3600,0.391719
285.3800,0.373248
285.4000,0.365909
285.4200,0.353335
285.4400,0.336878
285.4600,0.319035
285.4800,0.301152
285.5000,0.283567
285.5200,0.267183
285.5400,0.251555
285.5600,0.236709
285.5800,0.234003
285.6000,0.268850
285.6200,0.290954
285.6400,0.303770
285.6600,0.313461
285.6800,0.320300
285.7000,0.325125
285.7200,0.328468
285.7400,0.332995
285.7600,0.341872
285.7800,0.342662
285.8000,0.332746
285.8200,0.326615
285.8400,0.327365
285.8600,0.333511
285.8800,0.344482
285.9000,0.359626
285.9200,0.377566
285.9400,0.397124
285.9600,0.416892
285.9800,0.435943
286.0000,0.466417
286.0200,0.501893
286.0400,0.533172
286.0600,0.560697
286.0800,0.583035
286.1000,0.600048
286.1200,0.612252
286.1400,0.618994
286.1600,0.622297
286.1800,0.621685
286.2000,0.606581
286.2200,0.574770
286.2400,0.553729
286.2600,0.540647
286.2800,0.533486
286.3000,0.529394
286.3200,0.526720
286.3400,0.522547
286.3600,0.515490
286.3800,0.504978
286.4000,0.483873
286.4200,0.450749
286.4400,0.419357
286.4600,0.390124
286.4800,0.363420
286.5000,0.338102
286.5200,0.315426
286.5400,0.294458
286.5600,0.279862
286.5800,0.275625
286.6000,0.275174
286.6200,0.257331
286.6400,0.240181
286.6600,0.224578
286.6800,0.212366
286.7000,0.204665
286.7200,0.202828
286.7400,0.205680
286.7600,0.212664
286.7800,0.222628
286.8000,0.243524
286.8200,0.297559
286.8400,0.340382
286.8600,0.379749
286.8800,0.409956
286.9000,0.433655
286.9200,0.450113
286.9400,0.463541
286.9600,0.469703
286.9800,0.466763
287.0000,0.456227
287.0200,0.453270
287.0400,0.454076
287.0600,0.461430
287.0800,0.469913
287.1000,0.484058
287.1200,0.490245
287.1400,0.497277
287.1600,0.506049
287.1800,0.516626
287.2000,0.524609
287.2200,0.500032
287.2400,0.476059
287.2600,0.462760
287.2800,0.452312
287.3000,0.448107
287.3200,0.450185
287.3400,0.457693
287.3600,0.469655
287.3800,0.485275
287.4000,0.501192
287.4200,0.478419
287.4400,0.442097
287.4600,0.409441
287.4800,0.382327
287.5000,0.363646
287.5200,0.356114
287.5400,0.352787
287.5600,0.354495
287.5800,0.359570
287.6000,0.365587
287.6200,0.400781
287.6400,0.445916
287.6600,0.475874
287.6800,0.493169
287.7000,0.501256
287.7200,0.503576
287.7400,0.505558
287.7600,0.506476
287.7800,0.512317
287.8000,0.520034
287.8200,0.527654
287.8400,0.529909
287.8600,0.534219
287.8800,0.541783
287.9000,0.551820
287.9200,0.564934
287.9400,0.581351
287.9600,0.600676
287.9800,0.622788
288.0000,0.645907
288.0200,0.654567
288.0400,0.653471
288.0600,0.655526
288.0800,0.659763
288.1000,0.665893
288.1200,0.674859
288.1400,0.686257
288.1600,0.699822
288.1800,0.715998
288.2000,0.733889
288.2200,0.760697
288.2400,0.800676
288.2600,0.834018
288.2800,0.862365
288.3000,0.887441
288.3200,0.910609
288.3400,0.931360
288.3600,0.949565
288.3800,0.965241
288.4000,0.978307
288.4200,0.987530
288.4400,0.991196
288.4600,0.992106
288.4800,0.990213
288.5000,0.986008
288.5200,0.980159
288.5400,0.973208
288.5600,0.966304
288.5800,0.960633
288.6000,0.958104
288.6200,0.953198
288.6400,0.923361
288.6600,0.898961
288.6800,0.882866
288.7000,0.872128
288.7200,0.866344
288.7400,0.863928
288.7600,0.865498
288.7800,0.888625
288.8000,0.910319
288.8200,0.931561
288.8400,1.026398
288.8600,1.088022
288.8800,1.126447
288.9000,1.160021
288.9200,1.189383
288.9400,1.216490
288.9600,1.244394
288.9800,1.278026
289.0000,1.318440
289.0200,1.352677
289.0400,1.306704
289.0600,1.262496
289.0800,1.227261
289.1000,1.207477
289.1200,1.200654
289.1400,1.205084
289.1600,1.215766
289.1800,1.230509
289.2000,1.247092
289.2200,1.269584
289.2400,1.311963
289.2600,1.355012
289.2800,1.397834
289.3000,1.443075
289.3200,1.491747
289.3400,1.549471
289.3600,1.614561
289.3800,1.683999
289.4000,1.756660
289.4200,1.830658
289.4400,1.957775
289.4600,2.125225
289.4800,2.277548
289.5000,2.413350
289.5200,2.535488
289.5400,2.644523
289.5600,2.740643
289.5800,2.827265
289.6000,2.907008
289.6200,3.036108
289.6400,3.132793
289.6600,3.177567
289.6800,3.203990
289.7000,3.219377
289.7200,3.229727
289.7400,3.233506
289.7600,3.235705
289.7800,3.235350
289.8000,3.235567
289.8200,3.235189
289.8400,3.222551
289.8600,3.198118
289.8800,3.180813
289.9000,3.167304
289.9200,3.154223
289.9400,3.143121
289.9600,3.131085
289.9800,3.118278
290.0000,3.104139
290.0200,3.088599
290.0400,3.075195
290.0600,3.069331
290.0800,3.066969
290.1000,3.069129
290.1200,3.075718
290.1400,3.132559
290.1600,3.216831
290.1800,3.228897
290.2000,3.238259
290.2200,3.314571
290.2400,3.377260
290.2600,3.342121
290.2800,3.302552
290.3000,3.259881
290.3200,3.212932
290.3400,3.162036
290.3600,3.108883
290.3800,3.056876
290.4000,3.004556
290.4200,2.952636
290.4400,2.903987
290.4600,2.862653
290.4800,2.826417
290.5000,2.792375
290.5200,2.759759
290.5400,2.728792
290.5600,2.700261
290.5800,2.671485
290.6000,2.644973
290.6200,2.616675
290.6400,2.619912
290.6600,2.698970
290.6800,2.711433
290.7000,2.704367
290.7200,2.693887
290.7400,2.679321
290.7600,2.660415
290.7800,2.637868
290.8000,2.613428
290.8200,2.587906
290.8400,2.558867
290.8600,2.505876
290.8800,2.457220
290.9000,2.421326
290.9200,2.429155
290.9400,2.411408
290.9600,2.377664
290.9800,2.345603
291.0000,2.316707
291.0200,2.291654
291.0400,2.275438
291.0600,2.311592
291.0800,2.362366
291.1000,2.408025
291.1200,2.450985
291.1400,2.488727
291.1600,2.520619
291.1800,2.549692
291.2000,2.579054
291.2200,2.658668
291.2400,2.705164
291.2600,2.677090
291.2800,2.635547
291.3000,2.601345
291.3200,2.573962
291.3400,2.551817
291.3600,2.533982
291.3800,2.520804
291.4000,2.512330
291.4200,2.507012
291.4400,2.505055
291.4600,2.503840
291.4800,2.503427
291.5000,2.503557
291.5200,2.502236
291.5400,2.499988
291.5600,2.492786
291.5800,2.480606
291.6000,2.462142
291.6200,2.439482
291.6400,2.410997
291.6600,2.360376
291.6800,2.267583
291.7000,2.186400
291.7200,2.115268
291.7400,2.052581
291.7600,1.996683
291.7800,1.945498
291.8000,1.897406
291.8200,1.850692
291.8400,1.804026
291.8600,1.759656
291.8800,1.737456
291.9000,1.711894
291.9200,1.680173
291.9400,1.642424
291.9600,1.601390
291.9800,1.559856
292.0000,1.517491
292.0200,1.475813
292.0400,1.436711
292.0600,1.402604
292.0800,1.402651
292.1000,1.401025
292.1200,1.378833
292.1400,1.358331
292.1600,1.337065
292.1800,1.315452
292.2000,1.300581
292.2200,1.292365
292.2400,1.265274
292.2600,1.239046
292.2800,1.257848
292.3000,1.287515
292.3200,1.310586
292.3400,1.325739
292.3600,1.357614
292.3800,1.383263
292.4000,1.376642
292.4200,1.363711
292.4400,1.345999
292.4600,1.324313
292.4800,1.267771
292.5000,1.179211
292.5200,1.105124
292.5400,1.037845
292.5600,0.975254
292.5800,0.917319
292.6000,0.862768
292.6200,0.812606
292.6400,0.764652
292.6600,0.720654
292.6800,0.698090
292.7000,0.711817
292.7200,0.708562
292.7400,0.702618
292.7600,0.696189
292.7800,0.690470
292.8000,0.686289
292.8200,0.684606
292.8400,0.685000
292.8600,0.688795
292.8800,0.689423
292.9000,0.661027
292.9200,0.636926
292.9400,0.619228
292.9600,0.607169
292.9800,0.599839
293.0000,0.596665
293.0200,0.597736
293.0400,0.601788
293.0600,0.608804
293.0800,0.617359
293.1000,0.615522
293.1200,0.601039
293.1400,0.577509
293.1600,0.550475
293.1800,0.522571
293.2000,0.493426
293.2200,0.464943
293.2400,0.437989
293.2600,0.412921
293.2800,0.402779
293.3000,0.431182
293.3200,0.464346
293.3400,0.481150
293.3600,0.484066
293.3800,0.480925
293.4000,0.473965
293.4200,0.461245
293.4400,0.443878
293.4600,0.423353
293.4800,0.411801
293.5000,0.468302
293.5200,0.520195
293.5400,0.558836
293.5600,0.585750
293.5800,0.603778
293.6000,0.612397
293.6200,0.613195
293.6400,0.607088
293.6600,0.594707
293.6800,0.574295
293.7000,0.545376
293.7200,0.522998
293.7400,0.506984
293.7600,0.496866
293.7800,0.491252
293.8000,0.489318
293.8200,0.493580
293.8400,0.508393
293.8600,0.514040
293.8800,0.515563
293.9000,0.535959
293.9200,0.565474
293.9400,0.597792
293.9600,0.630892
293.9800,0.664209
294.0000,0.697019
294.0200,0.729418
294.0400,0.760117
294.0600,0.789093
294.0800,0.810786
294.1000,0.789673
294.1200,0.764266
294.1400,0.745046
294.1600,0.731343
294.1800,0.723916
294.2000,0.721338
294.2200,0.724657
294.2400,0.733865
294.2600,0.748550
294.2800,0.760359
294.3000,0.721387
294.3200,0.679934
294.3400,0.645682
294.3600,0.617262
294.3800,0.593241
294.4000,0.572708
294.4200,0.555059
294.4400,0.539463
294.4600,0.525278
294.4800,0.511567
294.5000,0.499855
294.5200,0.489874
294.5400,0.479829
294.5600,0.470348
294.5800,0.461801
294.6000,0.452876
294.6200,0.444764
294.6400,0.436048
294.6600,0.426349
294.6800,0.417923
294.7000,0.462631
294.7200,0.523296
294.7400,0.576486
294.7600,0.623377
294.7800,0.666586
294.8000,0.705872
294.8200,0.742017
294.8400,0.774875
294.8600,0.805187
294.8800,0.833236
294.9000,0.856621
294.9200,0.874762
294.9400,0.891187
294.9600,0.905856
294.9800,0.918398
295.0000,0.928073
295.0200,0.934421
295.0400,0.936096
295.0600,0.933969
295.0800,0.928049
295.1000,0.909779
295.1200,0.845956
295.1400,0.784573
295.1600,0.729523
295.1800,0.682374
295.2000,0.648147
295.2200,0.627847
295.2400,0.621137
295.2600,0.625890
295.2800,0.640422
295.3000,0.660246
295.3200,0.660786
295.3400,0.663259
295.3600,0.677533
295.3800,0.703769
295.4000,0.736893
295.4200,0.774101
295.4400,0.810931
295.4600,0.844321
295.4800,0.872442
295.5000,0.894450
295.5200,0.916240
295.5400,0.921653
295.5600,0.909505
295.5800,0.881287
295.6000,0.839842
295.6200,0.789624
295.6400,0.735556
295.6600,0.683776
295.6800,0.635621
295.7000,0.592291
295.7200,0.581335
295.7400,0.594860
295.7600,0.614773
295.7800,0.641469
295.8000,0.686893
295.8200,0.741541
295.8400,0.778556
295.8600,0.816916
295.8800,0.854044
295.9000,0.887562
295.9200,0.864290
295.9400,0.826486
295.9600,0.796149
295.9800,0.769800
296.0000,0.747962
296.0200,0.732286
296.0400,0.722225
296.0600,0.716344
296.0800,0.714169
296.1000,0.717673
296.1200,0.719494
296.1400,0.710568
296.1600,0.697680
296.1800,0.684050
296.2000,0.668672
296.2200,0.651562
296.2400,0.633188
296.2600,0.613919
296.2800,0.594369
296.3000,0.573884
296.3200,0.563960
296.3400,0.554736
296.3600,0.538376
296.3800,0.515619
296.4000,0.487965
296.4200,0.457685
296.4400,0.427558
296.4600,0.399476
296.4800,0.374360
296.5000,0.351652
296.5200,0.334179
296.5400,0.326946
296.5600,0.326511
296.5800,0.333438
296.6000,0.345191
296.6200,0.360681
296.6400,0.378637
296.6600,0.395304
296.6800,0.411423
296.7000,0.426671
296.7200,0.443225
296.7400,0.474504
296.7600,0.518930
296.7800,0.549822
296.8000,0.579998
296.8200,0.611358
296.8400,0.643161
296.8600,0.675189
296.8800,0.707870
296.9000,0.742379
296.9200,0.774794
296.9400,0.786249
296.9600,0.806629
296.9800,0.838271
297.0000,0.880772
297.0200,0.934936
297.0400,0.997639
297.0600,1.068649
297.0800,1.147028
297.1000,1.231781
297.1200,1.338127
297.1400,1.565478
297.1600,1.788987
297.1800,1.987168
297.2000,2.180937
297.2200,2.350814
297.2400,2.531371
297.2600,2.675271
297.2800,2.833041
297.3000,2.952393
297.3200,3.080197
297.3400,3.176786
297.3600,3.270845
297.3800,3.356107
297.4000,3.434965
297.4200,3.493127
297.4400,3.568070
297.4600,3.600000
297.4800,3.600000
297.5000,3.600000
297.5200,3.600000
297.5400,3.558090
297.5600,3.491202
297.5800,3.438606
297.6000,3.396781
297.6200,3.362704
297.6400,3.333841
297.6600,3.309335
297.6800,3.286899
297.7000,3.265158
297.7200,3.244583
297.7400,3.248280
297.7600,3.255933
297.7800,3.259543
297.8000,3.258085
297.8200,3.253404
297.8400,3.249522
297.8600,3.244944
297.8800,3.239386
297.9000,3.234577
297.9200,3.227457
297.9400,3.224734
297.9600,3.228028
297.9800,3.230090
298.0000,3.231919
298.0200,3.230171
298.0400,3.227286
298.0600,3.225990
298.0800,3.225610
298.1000,3.225861
298.1200,3.229679
298.1400,3.241618
298.1600,3.291362
298.1800,3.339987
298.2000,3.383222
298.2200,3.423484
298.2400,3.458512
298.2600,3.493683
298.2800,3.526615
298.3000,3.558008
298.3200,3.588499
298.3400,3.600000
298.3600,3.600000
298.3800,3.595347
298.4000,3.590030
298.4200,3.590071
298.4400,3.594009
298.4600,3.598393
298.4800,3.600000
298.5000,3.600000
298.5200,3.600000
298.5400,3.600000
298.5600,3.600000
298.5800,3.600000
298.6000,3.600000
298.6200,3.600000
298.6400,3.600000
298.6600,3.600000
298.6800,3.600000
298.7000,3.600000
298.7200,3.600000
298.7400,3.600000
298.7600,3.600000
298.7800,3.600000
298.8000,3.600000
298.8200,3.600000
298.8400,3.600000
298.8600,3.600000
298.8800,3.600000
298.9000,3.600000
298.9200,3.600000
298.9400,3.600000
298.9600,3.600000
298.9800,3.600000
299.0000,3.600000
299.0200,3.600000
299.0400,3.600000
299.0600,3.600000
299.0800,3.600000
299.1000,3.600000
299.1200,3.600000
299.1400,3.600000
299.1600,3.600000
299.1800,3.529718
299.2000,3.404973
299.2200,3.291718
299.2400,3.188330
299.2600,3.091226
299.2800,3.001888
299.3000,2.917198
299.3200,2.838380
299.3400,2.764068
299.3600,2.698608
299.3800,2.650378
299.4000,2.585168
299.4200,2.509750
299.4400,2.440593
299.4600,2.377519
299.4800,2.319800
299.5000,2.267584
299.5200,2.220909
299.5400,2.179214
299.5600,2.146992
299.5800,2.151550
299.6000,2.159486
299.6200,2.166308
299.6400,2.171206
299.6600,2.175597
299.6800,2.178110
299.7000,2.180375
299.7200,2.183943
299.7400,2.190041
299.7600,2.198104
299.7800,2.256321
299.8000,2.332464
299.8200,2.398769
299.8400,2.459436
299.8600,2.518034
299.8800,2.574027
299.9000,2.628944
299.9200,2.682368
299.9400,2.734786
299.9600,2.786906
299.9800,2.805144
300.0000,2.780493
300.0200,2.766065
300.0400,2.757148
300.0600,2.751002
300.0800,2.747174
300.1000,2.740851
300.1200,2.729107
300.1400,2.710273
300.1600,2.683874
300.1800,2.653253
300.2000,2.631803
300.2200,2.607474
300.2400,2.581832
300.2600,2.560089
300.2800,2.541860
300.3000,2.529939
300.3200,2.524943
300.3400,2.526015
300.3600,2.530848
300.3800,2.528859
300.4000,2.440247
300.4200,2.340543
300.4400,2.247339
300.4600,2.159429
300.4800,2.076209
300.5000,2.000123
300.5200,1.928436
300.5400,1.861663
300.5600,1.799627
300.5800,1.743247
300.6000,1.707745
300.6200,1.678973
300.6400,1.645624
300.6600,1.610235
300.6800,1.572187
300.7000,1.533505
300.7200,1.493518
300.7400,1.452748
300.7600,1.412222
300.7800,1.371455
300.8000,1.322436
300.8200,1.260319
300.8400,1.202755
300.8600,1.149542
300.8800,1.099838
300.9000,1.054029
300.9200,1.011947
300.9400,0.973047
300.9600,0.936547
300.9800,0.902295
301.0000,0.866014
301.0200,0.817641
301.0400,0.770952
301.0600,0.727251
301.0800,0.686563
301.1000,0.648791
301.1200,0.615538
301.1400,0.588311
301.1600,0.567722
301.1800,0.555115
301.2000,0.547164
301.2200,0.530965
301.2400,0.510254
301.2600,0.486652
301.2800,0.461841
301.3000,0.437079
301.3200,0.413203
301.3400,0.391365
301.3600,0.372612
301.3800,0.357846
301.4000,0.347463
301.4200,0.329523
301.4400,0.310972
301.4600,0.294023
301.4800,0.278839
301.5000,0.266015
301.5200,0.254520
301.5400,0.244120
301.5600,0.234494
301.5800,0.224328
301.6000,0.213808
301.6200,0.202055
301.6400,0.190962
301.6600,0.180474
301.6800,0.170687
301.7000,0.162011
301.7200,0.155640
301.7400,0.155656
301.7600,0.159466
301.7800,0.166498
301.8000,0.176696
301.8200,0.224570
301.8400,0.292428
301.8600,0.345666
301.8800,0.385605
301.9000,0.414814
301.9200,0.433502
301.9400,0.443459
301.9600,0.446141
301.9800,0.442839
302.0000,0.435686
302.0200,0.431223
302.0400,0.425600
302.0600,0.415491
302.0800,0.402376
302.1000,0.387329
302.1200,0.370477
302.1400,0.352223
302.1600,0.332447
302.1800,0.311519
302.2000,0.290559
302.2200,0.272604
302.2400,0.257443
302.2600,0.241607
302.2800,0.225665
302.3000,0.210811
302.3200,0.196714
302.3400,0.183761
302.3600,0.172121
302.3800,0.161278
302.4000,0.151451
302.4200,0.143122
302.4400,0.134913
302.4600,0.127470
302.4800,0.120655
302.5000,0.118819
302.5200,0.126455
302.5400,0.148100
302.5600,0.182561
302.5800,0.226245
302.6000,0.274868
302.6200,0.325753
302.6400,0.377139
302.6600,0.419486
302.6800,0.451716
302.7000,0.473820
302.7200,0.487909
302.7400,0.495424
302.7600,0.499251
302.7800,0.501917
302.8000,0.506807
302.8200,0.513388
302.8400,0.497116
302.8600,0.474110
302.8800,0.451546
302.9000,0.430135
302.9200,0.412172
302.9400,0.395078
302.9600,0.377791
302.9800,0.362365
303.0000,0.350330
303.0200,0.348212
303.0400,0.401998
303.0600,0.457951
303.0800,0.505147
303.1000,0.543539
303.1200,0.571983
303.1400,0.593298
303.1600,0.608530
303.1800,0.619808
303.2000,0.629007
303.2200,0.636346
303.2400,0.613235
303.2600,0.575116
303.2800,0.540261
303.3000,0.507701
303.3200,0.476615
303.3400,0.447108
303.3600,0.418906
303.3800,0.390817
303.4000,0.364629
303.4200,0.339593
303.4400,0.316643
303.4600,0.295465
303.4800,0.275552
303.5000,0.257790
303.5200,0.242171
303.5400,0.230909
303.5600,0.223619
303.5800,0.219535
303.6000,0.217594
303.6200,0.217191
303.6400,0.214992
303.6600,0.200846
303.6800,0.187112
303.7000,0.175134
303.7200,0.163163
303.7400,0.153022
303.7600,0.142936
303.7800,0.134293
303.8000,0.126310
303.8200,0.118384
303.8400,0.112809
303.8600,0.120969
303.8800,0.130990
303.9000,0.137853
303.9200,0.142848
303.9400,0.144539
303.9600,0.144040
303.9800,0.141607
304.0000,0.137733
304.0200,0.132891
304.0400,0.131192
304.0600,0.170880
304.0800,0.222000
304.1000,0.275907
304.1200,0.331328
304.1400,0.387071
304.1600,0.442847
304.1800,0.497277
304.2000,0.549379
304.2200,0.599637
304.2400,0.645835
304.2600,0.664717
304.2800,0.673248
304.3000,0.682689
304.3200,0.692967
304.3400,0.704156
304.3600,0.714967
304.3800,0.725616
304.4000,0.736233
304.4200,0.745569
304.4400,0.753842
304.4600,0.734082
304.4800,0.678669
304.5000,0.629346
304.5200,0.584147
304.5400,0.543378
304.5600,0.505808
304.5800,0.470944
304.6000,0.438875
304.6200,0.408990
304.6400,0.381698
304.6600,0.356307
304.6800,0.336395
304.7000,0.321105
304.7200,0.312494
304.7400,0.309175
304.7600,0.316522
304.7800,0.333599
304.8000,0.348381
304.8200,0.366860
304.8400,0.389874
304.8600,0.414790
304.8800,0.406106
304.9000,0.391381
304.9200,0.387466
304.9400,0.392202
304.9600,0.405574
304.9800,0.426244
305.0000,0.452819
305.0200,0.484807
305.0400,0.521548
305.0600,0.557580
305.0800,0.568986
305.1000,0.582616
305.1200,0.601127
305.1400,0.623256
305.1600,0.647317
305.1800,0.672958
305.2000,0.698799
305.2200,0.723691
305.2400,0.747825
305.2600,0.767778
305.2800,0.769913
305.3000,0.776164
305.3200,0.789141
305.3400,0.807282
305.3600,0.828315
305.3800,0.850322
305.4000,0.872652
305.4200,0.893660
305.4400,0.912454
305.4600,0.926019
305.4800,0.914741
305.5000,0.898131
305.5200,0.881690
305.5400,0.866183
305.5600,0.850499
305.5800,0.835621
305.6000,0.822611
305.6200,0.811003
305.6400,0.801216
305.6600,0.801176
305.6800,0.769808
305.7000,0.728387
305.7200,0.689012
305.7400,0.652368
305.7600,0.618084
305.7800,0.586281
305.8000,0.556404
305.8200,0.528943
305.8400,0.502263
305.8600,0.487506
305.8800,0.593853
305.9000,0.691703
305.9200,0.779595
305.9400,0.887312
305.9600,0.970219
305.9800,1.048945
306.0000,1.096650
306.0200,1.131707
306.0400,1.163744
306.0600,1.192147
306.0800,1.148421
306.1000,1.079282
306.1200,1.024706
306.1400,0.987732
306.1600,0.953617
306.1800,0.919961
306.2000,0.889826
306.2200,0.860069
306.2400,0.829152
306.2600,0.797551
306.2800,0.756903
306.3000,0.705405
306.3200,0.658401
306.3400,0.614507
306.3600,0.574311
306.3800,0.536773
306.4000,0.502151
306.4200,0.469365
306.4400,0.439496
306.4600,0.411237
306.4800,0.388457
306.5000,0.370332
306.5200,0.349646
306.5400,0.328049
306.5600,0.307242
306.5800,0.287780
306.6000,0.269656
306.6200,0.252876
306.6400,0.237547
306.6600,0.222459
306.6800,0.211721
306.7000,0.205221
306.7200,0.198011
306.7400,0.191389
306.7600,0.186194
306.7800,0.182835
306.8000,0.181167
306.8200,0.180829
306.8400,0.182617
306.8600,0.185799
306.8800,0.195611
306.9000,0.216756
306.9200,0.236073
306.9400,0.251998
306.9600,0.265322
306.9800,0.275085
307.0000,0.280845
307.0200,0.282415
307.0400,0.279725
307.0600,0.273337
307.0800,0.264218
307.1000,0.257121
307.1200,0.259401
307.1400,0.270227
307.1600,0.290696
307.1800,0.319897
307.2000,0.360375
307.2200,0.419454
307.2400,0.465925
307.2600,0.508998
307.2800,0.551909
307.3000,0.614507
307.3200,0.659183
307.3400,0.672369
307.3600,0.673964
307.3800,0.665393
307.4000,0.651006
307.4200,0.634082
307.4400,0.616634
307.4600,0.600942
307.4800,0.587457
307.5000,0.598461
307.5200,0.616827
307.5400,0.626752
307.5600,0.629265
307.5800,0.625205
307.6000,0.615377
307.6200,0.600604
307.6400,0.582656
307.6600,0.561487
307.6800,0.539222
307.7000,0.505171
307.7200,0.469583
307.7400,0.437151
307.7600,0.411245
307.7800,0.396190
307.8000,0.389834
307.8200,0.395328
307.8400,0.412655
307.8600,0.441010
307.8800,0.475044
307.9000,0.486161
307.9200,0.500652
307.9400,0.525898
307.9600,0.560609
307.9800,0.603552
308.0000,0.652803
308.0200,0.707781
308.0400,0.766070
308.0600,0.827066
308.0800,0.887901
308.1000,0.936491
308.1200,0.977284
308.1400,1.001675
308.1600,1.029338
308.1800,1.059417
308.2000,1.090518
308.2200,1.122426
308.2400,1.155680
308.2600,1.188183
308.2800,1.219890
308.3000,1.208418
308.3200,1.170783
308.3400,1.141189
308.3600,1.118254
308.3800,1.100540
308.4000,1.086418
308.4200,1.076236
308.4400,1.068487
308.4600,1.062254
308.4800,1.056863
308.5000,1.119142
308.5200,1.232964
308.5400,1.326069
308.5600,1.406287
308.5800,1.477545
308.6000,1.539218
308.6200,1.593488
308.6400,1.639315
308.6600,1.678425
308.6800,1.709164
308.7000,1.734877
308.7200,1.774196
308.7400,1.777161
308.7600,1.760640
308.7800,1.739720
308.8000,1.712725
308.8200,1.680696
308.8400,1.644914
308.8600,1.605087
308.8800,1.562586
308.9000,1.518514
308.9200,1.484416
308.9400,1.460564
308.9600,1.445556
308.9800,1.439160
309.0000,1.439321
309.0200,1.446805
309.0400,1.459469
309.0600,1.482870
309.0800,1.543405
309.1000,1.571722
309.1200,1.496081
309.1400,1.419344
309.1600,1.350913
309.1800,1.296006
309.2000,1.251758
309.2200,1.218537
309.2400,1.194426
309.2600,1.180111
309.2800,1.173167
309.3000,1.170397
309.3200,1.156992
309.3400,1.148559
309.3600,1.146618
309.3800,1.152104
309.4000,1.170066
309.4200,1.215225
309.4400,1.240222
309.4600,1.257259
309.4800,1.278349
309.5000,1.300018
309.5200,1.330702
309.5400,1.361778
309.5600,1.387741
309.5800,1.408203
309.6000,1.441037
309.6200,1.469070
309.6400,1.459097
309.6600,1.437968
309.6800,1.405172
309.7000,1.361763
309.7200,1.295724
309.7400,1.222250
309.7600,1.173700
309.7800,1.141897
309.8000,1.118891
309.8200,1.125859
309.8400,1.150501
309.8600,1.167956
309.8800,1.195547
309.9000,1.233198
309.9200,1.273073
309.9400,1.309403
309.9600,1.348810
309.9800,1.387726
310.0000,1.425304
310.0200,1.460127
310.0400,1.491851
310.0600,1.519843
310.0800,1.543591
310.1000,1.560903
310.1200,1.587615
310.1400,1.638727
310.1600,1.679513
310.1800,1.709493
310.2000,1.728150
310.2200,1.737496
310.2400,1.739002
310.2600,1.733145
310.2800,1.723704
310.3000,1.711259
310.3200,1.692659
310.3400,1.665777
310.3600,1.638154
310.3800,1.611652
310.4000,1.587446
310.4200,1.589259
310.4400,1.596966
310.4600,1.597571
310.4800,1.598208
310.5000,1.600165
310.5200,1.609123
310.5400,1.684610
310.5600,1.719201
310.5800,1.737569
310.6000,1.753550
310.6200,1.768131
310.6400,1.779459
310.6600,1.786353
310.6800,1.788929
310.7000,1.784823
310.7200,1.758633
310.7400,1.676474
310.7600,1.605055
310.7800,1.548352
310.8000,1.504377
310.8200,1.470827
310.8400,1.448328
310.8600,1.433594
310.8800,1.423805
310.9000,1.417024
310.9200,1.409484
310.9400,1.397287
310.9600,1.381039
310.9800,1.359692
311.0000,1.334084
311.0200,1.305785
311.0400,1.275181
311.0600,1.243370
311.0800,1.210835
311.1000,1.178251
311.1200,1.145337
311.1400,1.102531
311.1600,1.062053
311.1800,1.025931
311.2000,0.994828
311.2200,0.968479
311.2400,0.949364
311.2600,0.938577
311.2800,0.919325
311.3000,0.894949
311.3200,0.867697
311.3400,0.828951
311.3600,0.791469
311.3800,0.756533
311.4000,0.720871
311.4200,0.683341
311.4400,0.645303
311.4600,0.608055
311.4800,0.571499
311.5000,0.536233
311.5200,0.505542
311.5400,0.491582
311.5600,0.481408
311.5800,0.473763
311.6000,0.466884
311.6200,0.462889
311.6400,0.460206
311.6600,0.460262
311.6800,0.462558
311.7000,0.466159
311.7200,0.472346
311.7400,0.479773
311.7600,0.485444
311.7800,0.484630
311.8000,0.483623
311.8200,0.483132
311.8400,0.480796
311.8600,0.477219
311.8800,0.471572
311.9000,0.463871
311.9200,0.453874
311.9400,0.428089
311.9600,0.399992
311.9800,0.374779
312.0000,0.351555
312.0200,0.329950
312.0400,0.310521
312.0600,0.294998
312.0800,0.284945
312.1000,0.281811
312.1200,0.287088
312.1400,0.295224
312.1600,0.308128
312.1800,0.329676
312.2000,0.358112
312.2200,0.391985
312.2400,0.430973
312.2600,0.474585
312.2800,0.521894
312.3000,0.571041
312.3200,0.623191
312.3400,0.662445
312.3600,0.687683
312.3800,0.721338
312.4000,0.762389
312.4200,0.811817
312.4400,0.867883
312.4600,0.930224
312.4800,1.000862
312.5000,1.076986
312.5200,1.159473
312.5400,1.257588
312.5600,1.370438
312.5800,1.481178
312.6000,1.589001
312.6200,1.694705
312.6400,1.798975
312.6600,1.898743
312.6800,1.994927
312.7000,2.087598
312.7200,2.174436
312.7400,2.273681
312.7600,2.428494
312.7800,2.573600
312.8000,2.707485
312.8200,2.827425
312.8400,2.934188
312.8600,3.032990
312.8800,3.122644
312.9000,3.200903
312.9200,3.312219
312.9400,3.409791
312.9600,3.384905
312.9800,3.349533
313.0000,3.321806
313.0200,3.301505
313.0400,3.287528
313.0600,3.274905
313.0800,3.268484
313.1000,3.267259
313.1200,3.286803
313.1400,3.356389
313.1600,3.419111
313.1800,3.422599
313.2000,3.433604
313.2200,3.510560
313.2400,3.546779
313.2600,3.538699
313.2800,3.533882
313.3000,3.534276
313.3200,3.536258
313.3400,3.536846
313.3600,3.522805
313.3800,3.506879
313.4000,3.492563
313.4200,3.479860
313.4400,3.467648
313.4600,3.454476
313.4800,3.440635
313.5000,3.425927
313.5200,3.438703
313.5400,3.511888
313.5600,3.600000
313.5800,3.600000
313.6000,3.600000
313.6200,3.600000
313.6400,3.600000
313.6600,3.600000
313.6800,3.600000
313.7000,3.600000
313.7200,3.600000
313.7400,3.600000
313.7600,3.600000
313.7800,3.600000
313.8000,3.589015
313.8200,3.532561
313.8400,3.475629
313.8600,3.422003
313.8800,3.372024
313.9000,3.324374
313.9200,3.280946
313.9400,3.234402
313.9600,3.144135
313.9800,3.084442
314.0000,3.032007
314.0200,2.949873
314.0400,2.874552
314.0600,2.806079
314.0800,2.742833
314.1000,2.683318
314.1200,2.628323
314.1400,2.576886
314.1600,2.602513
314.1800,2.654446
314.2000,2.641928
314.2200,2.623852
314.2400,2.599097
314.2600,2.569637
314.2800,2.537826
314.3000,2.502445
314.3200,2.461393
314.3400,2.415105
314.3600,2.366820
314.3800,2.318147
314.4000,2.264675
314.4200,2.207449
314.4400,2.147136
314.4600,2.082789
314.4800,2.014662
314.5000,1.945168
314.5200,1.873159
314.5400,1.800426
314.5600,1.743965
314.5800,1.722624
314.6000,1.696356
314.6200,1.666655
314.6400,1.632590
314.6600,1.597257
314.6800,1.559574
314.7000,1.519676
314.7200,1.479269
314.7400,1.439620
314.7600,1.399984
314.7800,1.359498
314.8000,1.321009
314.8200,1.284156
314.8400,1.249840
314.8600,1.217957
314.8800,1.188860
314.9000,1.162245
314.9200,1.137226
314.9400,1.112721
314.9600,1.076800
314.9800,1.027671
315.0000,0.982399
315.0200,0.939592
315.0400,0.898647
315.0600,0.859610
315.0800,0.822394
315.1000,0.787030
315.1200,0.753673
315.1400,0.722241
315.1600,0.695295
315.1800,0.679370
315.2000,0.665692
315.2200,0.654486
315.2400,0.645706
315.2600,0.640591
315.2800,0.637562
315.3000,0.639447
315.3200,0.644103
315.3400,0.653584
315.3600,0.662832
315.3800,0.633003
315.4000,0.595416
315.4200,0.560754
315.4400,0.527598
315.4600,0.497615
315.4800,0.469123
315.5000,0.442275
315.5200,0.418302
315.5400,0.397551
315.5600,0.392516
315.5800,0.461914
315.6000,0.525246
315.6200,0.571073
315.6400,0.602505
315.6600,0.622080
315.6800,0.632100
315.7000,0.635008
315.7200,0.634332
315.7400,0.633889
315.7600,0.635355
315.7800,0.618358
315.8000,0.596471
315.8200,0.582439
315.8400,0.574593
315.8600,0.573095
315.8800,0.575841
315.9000,0.582697
315.9200,0.590567
315.9400,0.598606
315.9600,0.604938
315.9800,0.592806
316.0000,0.558982
316.0200,0.527211
316.0400,0.497205
316.0600,0.468471
316.0800,0.441115
316.1000,0.415080
316.1200,0.390881
316.1400,0.369438
316.1600,0.350798
316.1800,0.343371
316.2000,0.364306
316.2200,0.378758
316.2400,0.384614
316.2600,0.381610
316.2800,0.371033
316.3000,0.354849
316.3200,0.335758
316.3400,0.316022
316.3600,0.297269
316.3800,0.279999
316.4000,0.263429
316.4200,0.248575
316.4400,0.234188
316.4600,0.221323
316.4800,0.210448
316.5000,0.202530
316.5200,0.196223
316.5400,0.190608
316.5600,0.185751
316.5800,0.186025
316.6000,0.206824
316.6200,0.211415
316.6400,0.201338
316.6600,0.187394
316.6800,0.174715
316.7000,0.164017
316.7200,0.154125
316.7400,0.145643
316.7600,0.138006
316.7800,0.130773
316.8000,0.149018
316.8200,0.176318
316.8400,0.199783
316.8600,0.220486
316.8800,0.239238
316.9000,0.256920
316.9200,0.273724
316.9400,0.291236
316.9600,0.310625
316.9800,0.329829
317.0000,0.316272
317.0200,0.292154
317.0400,0.270695
317.0600,0.250870
317.0800,0.232867
317.1000,0.216724
317.1200,0.201918
317.1400,0.189134
317.1600,0.179467
317.1800,0.178686
317.2000,0.241607
317.2200,0.307903
317.2400,0.360633
317.2600,0.402473
317.2800,0.434832
317.3000,0.459481
317.3200,0.475914
317.3400,0.485234
317.3600,0.488223
317.3800,0.485460
317.4000,0.507193
317.4200,0.537997
317.4400,0.560439
317.4600,0.574561
317.4800,0.581851
317.5000,0.589157
317.5200,0.592903
317.5400,0.581714
317.5600,0.565982
317.5800,0.547696
317.6000,0.554390
317.6200,0.586515
317.6400,0.608442
317.6600,0.622837
317.6800,0.631835
317.7000,0.637473
317.7200,0.640969
317.7400,0.644683
317.7600,0.647607
317.7800,0.652432
317.8000,0.655735
317.8200,0.648195
317.8400,0.629426
317.8600,0.601772
317.8800,0.566868
317.9000,0.528492
317.9200,0.491437
317.9400,0.457008
317.9600,0.425487
317.9800,0.397841
318.0000,0.384654
318.0200,0.459505
318.0400,0.545561
318.0600,0.620388
318.0800,0.681440
318.1000,0.727742
318.1200,0.760085
318.1400,0.779265
318.1600,0.787393
318.1800,0.785645
318.2000,0.771282
318.2200,0.724955
318.2400,0.675302
318.2600,0.628097
318.2800,0.583921
318.3000,0.543265
318.3200,0.505759
318.3400,0.470912
318.3600,0.439053
318.3800,0.409360
318.4000,0.382939
318.4200,0.372394
318.4400,0.365515
318.4600,0.360770
318.4800,0.355284
318.5000,0.353126
318.5200,0.352481
318.5400,0.353883
318.5600,0.358491
318.5800,0.362599
318.6000,0.366860
318.6200,0.345554
318.6400,0.320469
318.6600,0.299138
318.6800,0.279129
318.7000,0.261745
318.7200,0.246561
318.7400,0.235017
318.7600,0.225383
318.7800,0.218133
318.8000,0.213075
318.8200,0.214009
318.8400,0.217537
318.8600,0.221549
318.8800,0.225883
318.9000,0.231554
318.9200,0.237378
318.9400,0.243629
318.9600,0.249694
318.9800,0.254512
319.0000,0.256437
319.0200,0.243870
319.0400,0.229878
319.0600,0.216716
319.0800,0.203811
319.1000,0.192251
319.1200,0.180563
319.1400,0.170011
319.1600,0.159426
319.1800,0.149582
319.2000,0.140318
319.2200,0.133197
319.2400,0.126117
319.2600,0.119519
319.2800,0.113035
319.3000,0.106768
319.3200,0.100597
319.3400,0.094942
319.3600,0.089449
319.3800,0.085139
319.4000,0.080660
319.4200,0.094934
319.4400,0.123628
319.4600,0.151741
319.4800,0.179185
319.5000,0.205962
319.5200,0.232013
319.5400,0.255631
319.5600,0.277647
319.5800,0.297350
319.6000,0.314001
319.6200,0.330490
319.6400,0.345884
319.6600,0.357379
319.6800,0.364750
319.7000,0.368399
319.7200,0.368149
319.7400,0.364403
319.7600,0.357290
319.7800,0.347293
319.8000,0.334614
319.8200,0.312067
319.8400,0.289222
319.8600,0.268077
319.8800,0.248905
319.9000,0.232263
319.9200,0.219906
319.9400,0.214525
319.9600,0.216748
319.9800,0.227840
320.0000,0.248800
320.0200,0.289238
320.0400,0.331650
320.0600,0.373272
320.0800,0.414765
320.1000,0.457451
320.1200,0.500499
320.1400,0.544127
320.1600,0.585347
320.1800,0.624859
320.2000,0.659787
320.2200,0.676969
320.2400,0.683454
320.2600,0.682552
320.2800,0.674158
320.3000,0.658691
320.3200,0.638432
320.3400,0.614177
320.3600,0.586902
320.3800,0.557475
320.4000,0.527122
320.4200,0.500137
320.4400,0.476398
320.4600,0.454648
320.4800,0.437586
320.5000,0.427614
320.5200,0.426784
320.5400,0.437135
320.5600,0.460528
320.5800,0.497648
320.6000,0.548606
320.6200,0.638343
320.6400,0.732898
320.6600,0.798389
320.6800,0.841566
320.7000,0.867633
320.7200,0.880481
320.7400,0.884904
320.7600,0.893644
320.7800,0.886483
320.8000,0.869832
320.8200,1.007815
320.8400,1.229081
320.8600,1.421012
320.8800,1.583974
320.9000,1.722311
320.9200,1.834218
320.9400,1.921040
320.9600,1.981168
320.9800,2.014108
321.0000,2.022010
321.0200,1.994661
321.0400,1.937853
321.0600,1.862172
321.0800,1.772488
321.1000,1.676871
321.1200,1.573058
321.1400,1.471657
321.1600,1.377592
321.1800,1.294612
321.2000,1.226037
321.2200,1.206002
321.2400,1.227261
321.2600,1.220284
321.2800,1.210054
321.3000,1.198092
321.3200,1.183109
321.3400,1.164307
321.3600,1.140382
321.3800,1.110401
321.4000,1.074948
321.4200,1.042236
321.4400,1.035848
321.4600,1.026979
321.4800,1.017173
321.5000,1.010094
321.5200,1.004793
321.5400,1.005622
321.5600,1.019454
321.5800,1.045666
321.6000,1.084365
321.6200,1.144523
321.6400,1.124649
321.6600,1.078815
321.6800,1.029160
321.7000,0.978089
321.7200,0.927614
321.7400,0.878186
321.7600,0.830151
321.7800,0.785460
321.8000,0.745094
321.8200,0.710480
321.8400,0.682326
321.8600,0.659118
321.8800,0.640784
321.9000,0.628331
321.9200,0.621967
321.9400,0.621032
321.9600,0.623441
321.9800,0.629893
322.0000,0.640849
322.0200,0.663758
322.0400,0.769526
322.0600,0.889842
322.0800,0.997278
322.1000,1.093492
322.1200,1.178759
322.1400,1.255454
322.1600,1.319761
322.1800,1.368957
322.2000,1.398035
322.2200,1.406390
322.2400,1.401499
322.2600,1.382175
322.2800,1.345050
322.3000,1.296055
322.3200,1.241164
322.3400,1.187442
322.3600,1.139633
322.3800,1.099881
322.4000,1.066361
322.4200,1.032375
322.4400,1.002618
322.4600,0.978274
322.4800,0.954881
322.5000,0.933051
322.5200,0.912204
322.5400,0.892887
322.5600,0.872861
322.5800,0.850709
322.6000,0.826333
322.6200,0.798977
322.6400,0.758144
322.6600,0.715748
322.6800,0.682850
322.7000,0.659287
322.7200,0.643434
322.7400,0.633349
322.7600,0.626478
322.7800,0.619389
322.8000,0.610117
322.8200,0.596552
322.8400,0.592379
322.8600,0.619413
322.8800,0.649621
322.9000,0.663251
322.9200,0.675624
322.9400,0.691920
322.9600,0.712034
322.9800,0.734863
323.0000,0.759320
323.0200,0.783591
323.0400,0.800346
323.0600,0.775946
323.0800,0.743346
323.1000,0.710995
323.1200,0.678532
323.1400,0.646705
323.1600,0.617045
323.1800,0.590945
323.2000,0.569099
323.2200,0.553157
323.2400,0.542138
323.2600,0.564218
323.2800,0.594063
323.3000,0.612099
323.3200,0.619574
323.3400,0.619035
323.3600,0.612800
323.3800,0.602682
323.4000,0.589431
323.4200,0.575278
323.4400,0.561922
323.4600,0.553898
323.4800,0.550056
323.5000,0.545215
323.5200,0.539834
323.5400,0.532930
323.5600,0.523248
323.5800,0.509368
323.6000,0.491662
323.6200,0.470654
323.6400,0.448220
323.6600,0.434268
323.6800,0.458651
323.7000,0.485750
323.7200,0.508812
323.7400,0.524843
323.7600,0.531521
323.7800,0.528983
323.8000,0.517818
323.8200,0.175649
323.8400,0.165379
323.8600,0.155317
323.8800,0.146714
323.9000,0.139279
323.9200,0.134414
323.9400,0.129709
323.9600,0.131514
323.9800,0.137596
324.0000,0.144725
324.0200,0.152579
324.0400,0.160827
324.0600,0.169890
324.0800,0.178968
324.1000,0.187281
324.1200,0.195466
324.1400,0.203134
324.1600,0.216321
324.1800,0.231151
324.2000,0.244644
324.2200,0.256823
324.2400,0.268504
324.2600,0.279105
324.2800,0.288159
324.3000,0.295038
324.3200,0.299920
324.3400,0.302997
324.3600,0.304511
324.3800,0.305269
324.4000,0.303955
324.4200,0.301684
324.4400,0.298099
324.4600,0.294877
324.4800,0.293218
324.5000,0.292678
324.5200,0.293709
324.5400,0.295731
324.5600,0.298099
324.5800,0.299992
324.6000,0.302304
324.6200,0.303939
324.6400,0.303609
324.6600,0.301821
324.6800,0.299146
324.7000,0.296214
324.7200,0.294072
324.7400,0.294112
324.7600,0.291880
324.7800,0.290003
324.8000,0.287990
324.8200,0.284945
324.8400,0.279290
324.8600,0.272394
324.8800,0.264798
324.9000,0.258161
324.9200,0.252014
324.9400,0.245828
324.9600,0.240672
324.9800,0.237088
325.0000,0.234631
325.0200,0.231997
325.0400,0.229838
325.0600,0.227236
325.0800,0.225673
325.1000,0.223941
325.1200,0.222040
325.1400,0.224215
325.1600,0.224272
325.1800,0.215217
325.2000,0.205076
325.2200,0.195949
325.2400,0.186508
325.2600,0.177550
325.2800,0.168689
325.3000,0.161045
325.3200,0.153827
325.3400,0.147681
325.3600,0.141438
325.3800,0.133222
325.4000,0.124296
325.4200,0.115959
325.4400,0.108306
325.4600,0.100992
325.4800,0.093839
325.5000,0.087684
325.5200,0.082013
325.5400,0.076890
325.5600,0.071525
325.5800,0.072492
325.6000,0.076383
325.6200,0.078171
325.6400,0.078840
325.6600,0.078767
325.6800,0.078936
325.7000,0.078308
325.7200,0.077712
325.7400,0.077414
325.7600,0.077261
325.7800,0.078936
325.8000,0.084881
325.8200,0.094322
325.8400,0.109426
325.8600,0.132400
325.8800,0.165234
325.9000,0.207524
325.9200,0.259022
325.9400,0.316651
325.9600,0.377123
325.9800,0.430659
326.0000,0.464725
326.0200,0.489673
326.0400,0.500813
326.0600,0.495384
326.0800,0.474384
326.1000,0.443862
326.1200,0.411632
326.1400,0.381626
326.1600,0.354068
326.1800,0.329813
326.2000,0.306590
326.2200,0.284494
326.2400,0.265056
326.2600,0.252183
326.2800,0.257073
326.3000,0.285356
326.3200,0.339617
326.3400,0.416900
326.3600,0.512284
326.3800,0.625632
326.4000,0.775704
326.4200,0.927260
326.4400,1.070726
326.4600,1.203545
326.4800,1.320938
326.5000,1.420657
326.5200,1.502678
326.5400,1.606279
326.5600,1.694061
326.5800,1.729399
326.6000,1.695631
326.6200,1.647823
326.6400,1.626427
326.6600,1.626982
326.6800,1.644213
326.7000,1.671699
326.7200,1.715608
326.7400,1.791194
326.7600,1.826517
326.7800,1.861833
326.8000,1.939424
326.8200,1.987887
326.8400,2.017506
326.8600,2.048585
326.8800,2.079809
326.9000,2.113360
326.9200,2.148975
326.9400,2.185142
326.9600,2.220870
326.9800,2.254589
327.0000,2.269274
327.0200,2.273157
327.0400,2.281639
327.0600,2.297373
327.0800,2.319792
327.1000,2.342857
327.1200,2.363228
327.1400,2.374529
327.1600,2.381273
327.1800,2.388482
327.2000,2.411376
327.2200,2.452693
327.2400,2.487267
327.2600,2.513933
327.2800,2.536012
327.3000,2.550117
327.3200,2.558125
327.3400,2.561718
327.3600,2.559253
327.3800,2.550207
327.4000,2.551560
327.4200,2.566253
327.4400,2.590283
327.4600,2.652288
327.4800,2.659755
327.5000,2.653101
327.5200,2.646609
327.5400,2.639704
327.5600,2.632382
327.5800,2.624625
327.6000,2.604454
327.6200,2.557626
327.6400,2.513892
327.6600,2.473565
327.6800,2.436196
327.7000,2.401469
327.7200,2.369609
327.7400,2.340543
327.7600,2.314436
327.7800,2.292322
327.8000,2.274971
327.8200,2.261767
327.8400,2.247774
327.8600,2.235473
327.8800,2.225251
327.9000,2.218531
327.9200,2.215575
327.9400,2.215664
327.9600,2.217639
327.9800,2.222900
328.0000,2.224188
328.0200,2.201576
328.0400,2.178819
328.0600,2.157157
328.0800,2.135327
328.1000,2.113360
328.1200,2.090893
328.1400,2.068151
328.1600,2.047143
328.1800,2.025964
328.2000,2.002756
328.2200,1.965347
328.2400,1.924553
328.2600,1.878700
328.2800,1.825663
328.3000,1.766995
328.3200,1.703307
328.3400,1.636038
328.3600,1.567242
328.3800,1.498690
328.4000,1.459354
328.4200,1.494711
328.4400,1.513439
328.4600,1.512296
328.4800,1.495356
328.5000,1.467192
328.5200,1.431708
328.5400,1.394299
328.5600,1.356317
328.5800,1.320075
328.6000,1.349882
328.6200,1.505424
328.6400,1.637856
328.6600,1.750787
328.6800,1.848299
328.7000,1.930724
328.7200,1.999856
328.7400,2.055980
328.7600,2.100752
328.7800,2.138405
328.8000,2.109880
328.8200,1.992229
328.8400,1.887635
328.8600,1.793546
328.8800,1.707231
328.9000,1.628505
328.9200,1.556626
328.9400,1.490047
328.9600,1.429470
328.9800,1.374088
329.0000,1.353401
329.0200,1.433748
329.0400,1.544325
329.0600,1.663924
329.0800,1.731663
329.1000,1.786054
329.1200,1.880949
329.1400,1.964058
329.1600,2.007155
329.1800,2.054006
329.2000,2.077447
329.2200,1.983785
329.2400,1.893612
329.2600,1.821208
329.2800,1.764248
329.3000,1.720201
329.3200,1.687350
329.3400,1.662073
329.3600,1.642489
329.3800,1.627256
329.4000,1.618128
329.4200,1.677127
329.4400,1.744864
329.4600,1.803608
329.4800,1.853883
329.5000,1.898493
329.5200,1.936790
329.5400,1.970374
329.5600,1.999913
329.5800,2.027124
329.6000,2.051880
329.6200,2.069158
329.6400,2.082282
329.6600,2.091480
329.6800,2.099326
329.7000,2.107333
329.7200,2.115631
329.7400,2.125653
329.7600,2.139604
329.7800,2.158100
329.8000,2.179124
329.8200,2.114971
329.8400,2.008703
329.8600,1.916852
329.8800,1.838601
329.9000,1.773132
329.9200,1.717896
329.9400,1.673149
329.9600,1.636215
329.9800,1.606047
330.0000,1.582797
330.0200,1.591465
330.0400,1.597958
330.0600,1.588067
330.0800,1.565890
330.1000,1.537993
330.1200,1.505908
330.1400,1.472486
330.1600,1.438676
330.1800,1.404876
330.2000,1.371172
330.2200,1.358880
330.2400,1.372082
330.2600,1.382803
330.2800,1.390456
330.3000,1.392696
330.3200,1.390143
330.3400,1.382377
330.3600,1.367852
330.3800,1.346217
330.4000,1.317845
330.4200,1.277960
330.4400,1.222701
330.4600,1.172233
330.4800,1.126084
330.5000,1.082914
330.5200,1.043057
330.5400,1.006025
330.5600,0.971323
330.5800,0.937917
330.6000,0.905936
330.6200,0.876260
330.6400,0.852167
330.6600,0.827606
330.6800,0.803471
330.7000,0.779724
330.7200,0.756242
330.7400,0.731335
330.7600,0.706194
330.7800,0.681222
330.8000,0.657040
330.8200,0.634670
330.8400,0.615909
330.8600,0.599613
330.8800,0.585983
330.9000,0.573932
330.9200,0.563412
330.9400,0.552199
330.9600,0.540849
330.9800,0.528991
331.0000,0.516715
331.0200,0.504664
331.0400,0.516328
331.0600,0.537578
331.0800,0.554229
331.1000,0.566779
331.1200,0.575044
331.1400,0.580369
331.1600,0.582495
331.1800,0.582761
331.2000,0.581351
331.2200,0.579152
331.2400,0.547180
331.2600,0.510399
331.2800,0.483841
331.3000,0.468946
331.3200,0.465160
331.3400,0.472901
331.3600,0.491050
331.3800,0.517923
331.4000,0.549645
331.4200,0.582519
331.4400,0.602191
331.4600,0.601176
331.4800,0.589616
331.5000,0.569453
331.5200,0.542162
331.5400,0.510238
331.5600,0.476671
331.5800,0.445279
331.6000,0.417053
331.6200,0.391719
331.6400,0.373248
331.6600,0.365909
331.6800,0.353335
331.7000,0.336878
331.7200,0.319035
331.7400,0.301152
331.7600,0.283567
331.7800,0.267183
331.8000,0.251555
331.8200,0.236709
331.8400,0.234003
331.8600,0.268850
331.8800,0.290954
331.9000,0.303770
331.9200,0.313461
331.9400,0.320300
331.9600,0.325125
331.9800,0.328468
332.0000,0.332995
332.0200,0.341872
332.0400,0.342662
332.0600,0.332746
332.0800,0.326615
332.1000,0.327365
332.1200,0.333511
332.1400,0.344482
332.1600,0.359626
332.1800,0.377566
332.2000,0.397124
332.2200,0.416892
332.2400,0.435943
332.2600,0.466417
332.2800,0.501893
332.3000,0.533172
332.3200,0.560697
332.3400,0.583035
332.3600,0.600048
332.3800,0.612252
332.4000,0.618994
332.4200,0.622297
332.4400,0.621685
332.4600,0.606581
332.4800,0.574770
332.5000,0.553729
332.5200,0.540647
332.5400,0.533486
332.5600,0.529394
332.5800,0.526720
332.6000,0.522547
332.6200,0.515490
332.6400,0.504978
332.6600,0.483873
332.6800,0.450749
332.7000,0.419357
332.7200,0.390124
332.7400,0.363420
332.7600,0.338102
332.7800,0.315426
332.8000,0.294458
332.8200,0.279862
332.8400,0.275625
332.8600,0.275174
332.8800,0.257331
332.9000,0.240181
332.9200,0.224578
332.9400,0.212366
332.9600,0.204665
332.9800,0.202828
333.0000,0.205680
333.0200,0.212664
333.0400,0.222628
333.0600,0.243524
333.0800,0.297559
333.1000,0.340382
333.1200,0.379749
333.1400,0.409956
333.1600,0.433655
333.1800,0.450113
333.2000,0.463541
333.2200,0.469703
333.2400,0.466763
333.2600,0.456227
333.2800,0.453270
333.3000,0.454076
333.3200,0.461430
333.3400,0.469913
333.3600,0.484058
333.3800,0.490245
333.4000,0.497277
333.4200,0.506049
333.4400,0.516626
333.4600,0.524609
333.4800,0.500032
333.5000,0.476059
333.5200,0.462760
333.5400,0.452312
333.5600,0.448107
333.5800,0.450185
333.6000,0.457693
333.6200,0.469655
333.6400,0.485275
333.6600,0.501192
333.6800,0.478419
333.7000,0.442097
333.7200,0.409441
333.7400,0.382327
333.7600,0.363646
333.7800,0.356114
333.8000,0.352787
333.8200,0.354495
333.8400,0.359570
333.8600,0.365587
333.8800,0.400781
333.9000,0.445916
333.9200,0.475874
333.9400,0.493169
333.9600,0.501256
333.9800,0.503576
334.0000,0.505558
334.0200,0.506476
334.0400,0.512317
334.0600,0.520034
334.0800,0.527654
334.1000,0.529909
334.1200,0.534219
334.1400,0.541783
334.1600,0.551820
334.1800,0.564934
334.2000,0.581351
334.2200,0.600676
334.2400,0.622788
334.2600,0.645907
334.2800,0.654567
334.3000,0.653471
334.3200,0.655526
334.3400,0.659763
334.3600,0.665893
334.3800,0.674859
334.4000,0.686257
334.4200,0.699822
334.4400,0.715998
334.4600,0.733889
334.4800,0.760697
334.5000,0.800676
334.5200,0.834018
334.5400,0.862365
334.5600,0.887441
334.5800,0.910609
334.6000,0.931360
334.6200,0.949565
334.6400,0.965241
334.6600,0.978307
334.6800,0.987530
334.7000,0.991196
334.7200,0.992106
334.7400,0.990213
334.7600,0.986008
334.7800,0.980159
334.8000,0.973208
334.8200,0.966304
334.8400,0.960633
334.8600,0.958104
334.8800,0.953198
334.9000,0.923361
334.9200,0.898961
334.9400,0.882866
334.9600,0.872128
334.9800,0.866344
335.0000,0.863928
335.0200,0.865498
335.0400,0.888625
335.0600,0.910319
335.0800,0.931561
335.1000,1.026398
335.1200,1.088022
335.1400,1.126447
335.1600,1.160021
335.1800,1.189383
335.2000,1.216490
335.2200,1.244394
335.2400,1.278026
335.2600,1.318440
335.2800,1.352677
335.3000,1.306704
335.3200,1.262496
335.3400,1.227261
335.3600,1.207477
335.3800,1.200654
335.4000,1.205084
335.4200,1.215766
335.4400,1.230509
335.4600,1.247092
335.4800,1.269584
335.5000,1.311963
335.5200,1.355012
335.5400,1.397834
335.5600,1.443075
335.5800,1.491747
335.6000,1.549471
335.6200,1.614561
335.6400,1.683999
335.6600,1.756660
335.6800,1.830658
335.7000,1.957775
335.7200,2.125225
335.7400,2.277548
335.7600,2.413350
335.7800,2.535488
335.8000,2.644523
335.8200,2.740643
335.8400,2.827265
335.8600,2.907008
335.8800,3.036108
335.9000,3.132793
335.9200,3.177567
335.9400,3.203990
335.9600,3.219377
335.9800,3.229727
336.0000,3.233506
336.0200,3.235705
336.0400,3.235350
336.0600,3.235567
336.0800,3.235189
336.1000,3.222551
336.1200,3.198118
336.1400,3.180813
336.1600,3.167304
336.1800,3.154223
336.2000,3.143121
336.2200,3.131085
336.2400,3.118278
336.2600,3.104139
336.2800,3.088599
336.3000,3.075195
336.3200,3.069331
336.3400,3.066969
336.3600,3.069129
336.3800,3.075718
336.4000,3.132559
336.4200,3.216831
336.4400,3.228897
336.4600,3.238259
336.4800,3.314571
336.5000,3.377260
336.5200,3.342121
336.5400,3.302552
336.5600,3.259881
336.5800,3.212932
336.6000,3.162036
336.6200,3.108883
336.6400,3.056876
336.6600,3.004556
336.6800,2.952636
336.7000,2.903987
336.7200,2.862653
336.7400,2.826417
336.7600,2.792375
336.7800,2.759759
336.8000,2.728792
336.8200,2.700261
336.8400,2.671485
336.8600,2.644973
336.8800,2.616675
336.9000,2.619912
336.9200,2.698970
336.9400,2.711433
336.9600,2.704367
336.9800,2.693887
337.0000,2.679321
337.0200,2.660415
337.0400,2.637868
337.0600,2.613428
337.0800,2.587906
337.1000,2.558867
337.1200,2.505876
337.1400,2.457220
337.1600,2.421326
337.1800,2.429155
337.2000,2.411408
337.2200,2.377664
337.2400,2.345603
337.2600,2.316707
337.2800,2.291654
337.3000,2.275438
337.3200,2.311592
337.3400,2.362366
337.3600,2.408025
337.3800,2.450985
337.4000,2.488727
337.4200,2.520619
337.4400,2.549692
337.4600,2.579054
337.4800,2.658668
337.5000,2.705164
337.5200,2.677090
337.5400,2.635547
337.5600,2.601345
337.5800,2.573962
337.6000,2.551817
337.6200,2.533982
337.6400,2.520804
337.6600,2.512330
337.6800,2.507012
337.7000,2.505055
337.7200,2.503840
337.7400,2.503427
337.7600,2.503557
337.7800,2.502236
337.8000,2.499988
337.8200,2.492786
337.8400,2.480606
337.8600,2.462142
337.8800,2.439482
337.9000,2.410997
337.9200,2.360376
337.9400,2.267583
337.9600,2.186400
337.9800,2.115268
338.0000,2.052581
338.0200,1.996683
338.0400,1.945498
338.0600,1.897406
338.0800,1.850692
338.1000,1.804026
338.1200,1.759656
338.1400,1.737456
338.1600,1.711894
338.1800,1.680173
338.2000,1.642424
338.2200,1.601390
338.2400,1.559856
338.2600,1.517491
338.2800,1.475813
338.3000,1.436711
338.3200,1.402604
338.3400,1.402651
338.3600,1.401025
338.3800,1.378833
338.4000,1.358331
338.4200,1.337065
338.4400,1.315452
338.4600,1.300581
338.4800,1.292365
338.5000,1.265274
338.5200,1.239046
338.5400,1.257848
338.5600,1.287515
338.5800,1.310586
338.6000,1.325739
338.6200,1.357614
338.6400,1.383263
338.6600,1.376642
338.6800,1.363711
338.7000,1.345999
338.7200,1.324313
338.7400,1.267771
338.7600,1.179211
338.7800,1.105124
338.8000,1.037845
338.8200,0.975254
338.8400,0.917319
338.8600,0.862768
338.8800,0.812606
338.9000,0.764652
338.9200,0.720654
338.9400,0.698090
338.9600,0.711817
338.9800,0.708562
339.0000,0.702618
339.0200,0.696189
339.0400,0.690470
339.0600,0.686289
339.0800,0.684606
339.1000,0.685000
339.1200,0.688795
339.1400,0.689423
339.1600,0.661027
339.1800,0.636926
339.2000,0.619228
339.2200,0.607169
339.2400,0.599839
339.2600,0.596665
339.2800,0.597736
339.3000,0.601788
339.3200,0.608804
339.3400,0.617359
339.3600,0.615522
339.3800,0.601039
339.4000,0.577509
339.4200,0.550475
339.4400,0.522571
339.4600,0.493426
339.4800,0.464943
339.5000,0.437989
339.5200,0.412921
339.5400,0.402779
339.5600,0.431182
339.5800,0.464346
339.6000,0.481150
339.6200,0.484066
339.6400,0.480925
339.6600,0.473965
339.6800,0.461245
339.7000,0.443878
339.7200,0.423353
339.7400,0.411801
339.7600,0.468302
339.7800,0.520195
339.8000,0.558836
339.8200,0.585750
339.8400,0.603778
339.8600,0.612397
339.8800,0.613195
339.9000,0.607088
339.9200,0.594707
339.9400,0.574295
339.9600,0.545376
339.9800,0.522998
340.0000,0.506984
340.0200,0.496866
340.0400,0.491252
340.0600,0.489318
340.0800,0.493580
340.1000,0.508393
340.1200,0.514040
340.1400,0.515563
340.1600,0.535959
340.1800,0.565474
340.2000,0.597792
340.2200,0.630892
340.2400,0.664209
340.2600,0.697019
340.2800,0.729418
340.3000,0.760117
340.3200,0.789093
340.3400,0.810786
340.3600,0.789673
340.3800,0.764266
340.4000,0.745046
340.4200,0.731343
340.4400,0.723916
340.4600,0.721338
340.4800,0.724657
340.5000,0.733865
340.5200,0.748550
340.5400,0.760359
340.5600,0.721387
340.5800,0.679934
340.6000,0.645682
340.6200,0.617262
340.6400,0.593241
340.6600,0.572708
340.6800,0.555059
340.7000,0.539463
340.7200,0.525278
340.7400,0.511567
340.7600,0.499855
340.7800,0.489874
340.8000,0.479829
340.8200,0.470348
340.8400,0.461801
340.8600,0.452876
340.8800,0.444764
340.9000,0.436048
340.9200,0.426349
340.9400,0.417923
340.9600,0.462631
340.9800,0.523296
341.0000,0.576486
341.0200,0.623377
341.0400,0.666586
341.0600,0.705872
341.0800,0.742017
341.1000,0.774875
341.1200,0.805187
341.1400,0.833236
341.1600,0.856621
341.1800,0.874762
341.2000,0.891187
341.2200,0.905856
341.2400,0.918398
341.2600,0.928073
341.2800,0.934421
341.3000,0.936096
341.3200,0.933969
341.3400,0.928049
341.3600,0.909779
341.3800,0.845956
341.4000,0.784573
341.4200,0.729523
341.4400,0.682374
341.4600,0.648147
341.4800,0.627847
341.5000,0.621137
341.5200,0.625890
341.5400,0.640422
341.5600,0.660246
341.5800,0.660786
341.6000,0.663259
341.6200,0.677533
341.6400,0.703769
341.6600,0.736893
341.6800,0.774101
341.7000,0.810931
341.7200,0.844321
341.7400,0.872442
341.7600,0.894450
341.7800,0.916240
341.8000,0.921653
341.8200,0.909505
341.8400,0.881287
341.8600,0.839842
341.8800,0.789624
341.9000,0.735556
341.9200,0.683776
341.9400,0.635621
341.9600,0.592291
341.9800,0.581335
342.0000,0.594860
342.0200,0.614773
342.0400,0.641469
342.0600,0.686893
342.0800,0.741541
342.1000,0.778556
342.1200,0.816916
342.1400,0.854044
342.1600,0.887562
342.1800,0.864290
342.2000,0.826486
342.2200,0.796149
342.2400,0.769800
342.2600,0.747962
342.2800,0.732286
342.3000,0.722225
342.3200,0.716344
342.3400,0.714169
342.3600,0.717673
342.3800,0.719494
342.4000,0.710568
342.4200,0.697680
342.4400,0.684050
342.4600,0.668672
342.4800,0.651562
342.5000,0.633188
342.5200,0.613919
342.5400,0.594369
342.5600,0.573884
342.5800,0.563960
342.6000,0.554736
342.6200,0.538376
342.6400,0.515619
342.6600,0.487965
342.6800,0.457685
342.7000,0.427558
342.7200,0.399476
342.7400,0.374360
342.7600,0.351652
342.7800,0.334179
342.8000,0.326946
342.8200,0.326511
342.8400,0.333438
342.8600,0.345191
342.8800,0.360681
342.9000,0.378637
342.9200,0.395304
342.9400,0.411423
342.9600,0.426671
342.9800,0.443225
343.0000,0.474504
343.0200,0.518930
343.0400,0.549822
343.0600,0.579998
343.0800,0.611358
343.1000,0.643161
343.1200,0.675189
343.1400,0.707870
343.1600,0.742379
343.1800,0.774794
343.2000,0.786249
343.2200,0.806629
343.2400,0.838271
343.2600,0.880772
343.2800,0.934936
343.3000,0.997639
343.3200,1.068649
343.3400,1.147028
343.3600,1.231781
343.3800,1.338127
343.4000,1.565478
343.4200,1.788987
343.4400,1.987168
343.4600,2.180937
343.4800,2.350814
343.5000,2.531371
343.5200,2.675271
343.5400,2.833041
343.5600,2.952393
343.5800,3.080197
343.6000,3.176786
343.6200,3.270845
343.6400,3.356107
343.6600,3.434965
343.6800,3.493127
343.7000,3.568070
343.7200,3.600000
343.7400,3.600000
343.7600,3.600000
343.7800,3.600000
343.8000,3.558090
343.8200,3.491202
343.8400,3.438606
343.8600,3.396781
343.8800,3.362704
343.9000,3.333841
343.9200,3.309335
343.9400,3.286899
343.9600,3.265158
343.9800,3.244583
344.0000,3.248280
344.0200,3.255933
344.0400,3.259543
344.0600,3.258085
344.0800,3.253404
344.1000,3.249522
344.1200,3.244944
344.1400,3.239386
344.1600,3.234577
344.1800,3.227457
344.2000,3.224734
344.2200,3.228028
344.2400,3.230090
344.2600,3.231919
344.2800,3.230171
344.3000,3.227286
344.3200,3.225990
344.3400,3.225610
344.3600,3.225861
344.3800,3.229679
344.4000,3.241618
344.4200,3.291362
344.4400,3.339987
344.4600,3.383222
344.4800,3.423484
344.5000,3.458512
344.5200,3.493683
344.5400,3.526615
344.5600,3.558008
344.5800,3.588499
344.6000,3.600000
344.6200,3.600000
344.6400,3.595347
344.6600,3.590030
344.6800,3.590071
344.7000,3.594009
344.7200,3.598393
344.7400,3.600000
344.7600,3.600000
344.7800,3.600000
344.8000,3.600000
344.8200,3.600000
344.8400,3.600000
344.8600,3.600000
344.8800,3.600000
344.9000,3.600000
344.9200,3.600000
344.9400,3.600000
344.9600,3.600000
344.9800,3.600000
345.0000,3.600000
345.0200,3.600000
345.0400,3.600000
345.0600,3.600000
345.0800,3.600000
345.1000,3.600000
345.1200,3.600000
345.1400,3.600000
345.1600,3.600000
345.1800,3.600000
345.2000,3.600000
345.2200,3.600000
345.2400,3.600000
345.2600,3.600000
345.2800,3.600000
345.3000,3.600000
345.3200,3.600000
345.3400,3.600000
345.3600,3.600000
345.3800,3.600000
345.4000,3.600000
345.4200,3.600000
345.4400,3.529718
345.4600,3.404973
345.4800,3.291718
345.5000,3.188330
345.5200,3.091226
345.5400,3.001888
345.5600,2.917198
345.5800,2.838380
345.6000,2.764068
345.6200,2.698608
345.6400,2.650378
345.6600,2.585168
345.6800,2.509750
345.7000,2.440593
345.7200,2.377519
345.7400,2.319800
345.7600,2.267584
345.7800,2.220909
345.8000,2.179214
345.8200,2.146992
345.8400,2.151550
345.8600,2.159486
345.8800,2.166308
345.9000,2.171206
345.9200,2.175597
345.9400,2.178110
345.9600,2.180375
345.9800,2.183943
346.0000,2.190041
346.0200,2.198104
346.0400,2.256321
346.0600,2.332464
346.0800,2.398769
346.1000,2.459436
346.1200,2.518034
346.1400,2.574027
346.1600,2.628944
346.1800,2.682368
346.2000,2.734786
346.2200,2.786906
346.2400,2.805144
346.2600,2.780493
346.2800,2.766065
346.3000,2.757148
346.3200,2.751002
346.3400,2.747174
346.3600,2.740851
346.3800,2.729107
346.4000,2.710273
346.4200,2.683874
346.4400,2.653253
346.4600,2.631803
346.4800,2.607474
346.5000,2.581832
346.5200,2.560089
346.5400,2.541860
346.5600,2.529939
346.5800,2.524943
346.6000,2.526015
346.6200,2.530848
346.6400,2.528859
346.6600,2.440247
346.6800,2.340543
346.7000,2.247339
346.7200,2.159429
346.7400,2.076209
346.7600,2.000123
346.7800,1.928436
346.8000,1.861663
346.8200,1.799627
346.8400,1.743247
346.8600,1.707745
346.8800,1.678973
346.9000,1.645624
346.9200,1.610235
346.9400,1.572187
346.9600,1.533505
346.9800,1.493518
347.0000,1.452748
347.0200,1.412222
347.0400,1.371455
347.0600,1.322436
347.0800,1.260319
347.1000,1.202755
347.1200,1.149542
347.1400,1.099838
347.1600,1.054029
347.1800,1.011947
347.2000,0.973047
347.2200,0.936547
347.2400,0.902295
347.2600,0.866014
347.2800,0.817641
347.3000,0.770952
347.3200,0.727251
347.3400,0.686563
347.3600,0.648791
347.3800,0.615538
347.4000,0.588311
347.4200,0.567722
347.4400,0.555115
347.4600,0.547164
347.4800,0.530965
347.5000,0.510254
347.5200,0.486652
347.5400,0.461841
347.5600,0.437079
347.5800,0.413203
347.6000,0.391365
347.6200,0.372612
347.6400,0.357846
347.6600,0.347463
347.6800,0.329523
347.7000,0.310972
347.7200,0.294023
347.7400,0.278839
347.7600,0.266015
347.7800,0.254520
347.8000,0.244120
347.8200,0.234494
347.8400,0.224328
347.8600,0.213808
347.8800,0.202055
347.9000,0.190962
347.9200,0.180474
347.9400,0.170687
347.9600,0.162011
347.9800,0.155640
348.0000,0.155656
348.0200,0.159466
348.0400,0.166498
348.0600,0.176696
348.0800,0.224570
348.1000,0.292428
348.1200,0.345666
348.1400,0.385605
348.1600,0.414814
348.1800,0.433502
348.2000,0.443459
348.2200,0.446141
348.2400,0.442839
348.2600,0.435686
348.2800,0.431223
348.3000,0.425600
348.3200,0.415491
348.3400,0.402376
348.3600,0.387329
348.3800,0.370477
348.4000,0.352223
348.4200,0.332447
348.4400,0.311519
348.4600,0.290559
348.4800,0.272604
348.5000,0.257443
348.5200,0.241607
348.5400,0.225665
348.5600,0.210811
348.5800,0.196714
348.6000,0.183761
348.6200,0.172121
348.6400,0.161278
348.6600,0.151451
348.6800,0.143122
348.7000,0.134913
348.7200,0.127470
348.7400,0.120655
348.7600,0.118819
348.7800,0.126455
348.8000,0.148100
348.8200,0.182561
348.8400,0.226245
348.8600,0.274868
348.8800,0.325753
348.9000,0.377139
348.9200,0.419486
348.9400,0.451716
348.9600,0.473820
348.9800,0.487909
349.0000,0.495424
349.0200,0.499251
349.0400,0.501917
349.0600,0.506807
349.0800,0.513388
349.1000,0.497116
349.1200,0.474110
349.1400,0.451546
349.1600,0.430135
349.1800,0.412172
349.2000,0.395078
349.2200,0.377791
349.2400,0.362365
349.2600,0.350330
349.2800,0.348212
349.3000,0.401998
349.3200,0.457951
349.3400,0.505147
349.3600,0.543539
349.3800,0.571983
349.4000,0.593298
349.4200,0.608530
349.4400,0.619808
349.4600,0.629007
349.4800,0.636346
349.5000,0.613235
349.5200,0.575116
349.5400,0.540261
349.5600,0.507701
349.5800,0.476615
349.6000,0.447108
349.6200,0.418906
349.6400,0.390817
349.6600,0.364629
349.6800,0.339593
349.7000,0.316643
349.7200,0.295465
349.7400,0.275552
349.7600,0.257790
349.7800,0.242171
349.8000,0.230909
349.8200,0.223619
349.8400,0.219535
349.8600,0.217594
349.8800,0.217191
349.9000,0.214992
349.9200,0.200846
349.9400,0.187112
349.9600,0.175134
349.9800,0.163163
350.0000,0.153022
350.0200,0.142936
350.0400,0.134293
350.0600,0.126310
350.0800,0.118384
350.1000,0.112809
350.1200,0.120969
350.1400,0.130990
350.1600,0.137853
350.1800,0.142848
350.2000,0.144539
350.2200,0.144040
350.2400,0.141607
350.2600,0.137733
350.2800,0.132891
350.3000,0.131192
350.3200,0.170880
350.3400,0.222000
350.3600,0.275907
350.3800,0.331328
350.4000,0.387071
350.4200,0.442847
350.4400,0.497277
350.4600,0.549379
350.4800,0.599637
350.5000,0.645835
350.5200,0.664717
350.5400,0.673248
350.5600,0.682689
350.5800,0.692967
350.6000,0.704156
350.6200,0.714967
350.6400,0.725616
350.6600,0.736233
350.6800,0.745569
350.7000,0.753842
350.7200,0.734082
350.7400,0.678669
350.7600,0.629346
350.7800,0.584147
350.8000,0.543378
350.8200,0.505808
350.8400,0.470944
350.8600,0.438875
350.8800,0.408990
350.9000,0.381698
350.9200,0.356307
350.9400,0.336395
350.9600,0.321105
350.9800,0.312494
351.0000,0.309175
351.0200,0.316522
351.0400,0.333599
351.0600,0.348381
351.0800,0.366860
351.1000,0.389874
351.1200,0.414790
351.1400,0.406106
351.1600,0.391381
351.1800,0.387466
351.2000,0.392202
351.2200,0.405574
351.2400,0.426244
351.2600,0.452819
351.2800,0.484807
351.3000,0.521548
351.3200,0.557580
351.3400,0.568986
351.3600,0.582616
351.3800,0.601127
351.4000,0.623256
351.4200,0.647317
351.4400,0.672958
351.4600,0.698799
351.4800,0.723691
351.5000,0.747825
351.5200,0.767778
351.5400,0.769913
351.5600,0.776164
351.5800,0.789141
351.6000,0.807282
351.6200,0.828315
351.6400,0.850322
351.6600,0.872652
351.6800,0.893660
351.7000,0.912454
351.7200,0.926019
351.7400,0.914741
351.7600,0.898131
351.7800,0.881690
351.8000,0.866183
351.8200,0.850499
351.8400,0.835621
351.8600,0.822611
351.8800,0.811003
351.9000,0.801216
351.9200,0.801176
351.9400,0.769808
351.9600,0.728387
351.9800,0.689012
352.0000,0.652368
352.0200,0.618084
352.0400,0.586281
352.0600,0.556404
352.0800,0.528943
352.1000,0.502263
352.1200,0.487506
352.1400,0.593853
352.1600,0.691703
352.1800,0.779595
352.2000,0.887312
352.2200,0.970219
352.2400,1.048945
352.2600,1.096650
352.2800,1.131707
352.3000,1.163744
352.3200,1.192147
352.3400,1.148421
352.3600,1.079282
352.3800,1.024706
352.4000,0.987732
352.4200,0.953617
352.4400,0.919961
352.4600,0.889826
352.4800,0.860069
352.5000,0.829152
352.5200,0.797551
352.5400,0.756903
352.5600,0.705405
352.5800,0.658401
352.6000,0.614507
352.6200,0.574311
352.6400,0.536773
352.6600,0.502151
352.6800,0.469365
352.7000,0.439496
352.7200,0.411237
352.7400,0.388457
352.7600,0.370332
352.7800,0.349646
352.8000,0.328049
352.8200,0.307242
352.8400,0.287780
352.8600,0.269656
352.8800,0.252876
352.9000,0.237547
352.9200,0.222459
352.9400,0.211721
352.9600,0.205221
352.9800,0.198011
353.0000,0.191389
353.0200,0.186194
353.0400,0.182835
353.0600,0.181167
353.0800,0.180829
353.1000,0.182617
353.1200,0.185799
353.1400,0.195611
353.1600,0.216756
353.1800,0.236073
353.2000,0.251998
353.2200,0.265322
353.2400,0.275085
353.2600,0.280845
353.2800,0.282415
353.3000,0.279725
353.3200,0.273337
353.3400,0.264218
353.3600,0.257121
353.3800,0.259401
353.4000,0.270227
353.4200,0.290696
353.4400,0.319897
353.4600,0.360375
353.4800,0.419454
353.5000,0.465925
353.5200,0.508998
353.5400,0.551909
353.5600,0.614507
353.5800,0.659183
353.6000,0.672369
353.6200,0.673964
353.6400,0.665393
353.6600,0.651006
353.6800,0.634082
353.7000,0.616634
353.7200,0.600942
353.7400,0.587457
353.7600,0.598461
353.7800,0.616827
353.8000,0.626752
353.8200,0.629265
353.8400,0.625205
353.8600,0.615377
353.8800,0.600604
353.9000,0.582656
353.9200,0.561487
353.9400,0.539222
353.9600,0.505171
353.9800,0.469583
354.0000,0.437151
354.0200,0.411245
354.0400,0.396190
354.0600,0.389834
354.0800,0.395328
354.1000,0.412655
354.1200,0.441010
354.1400,0.475044
354.1600,0.486161
354.1800,0.500652
354.2000,0.525898
354.2200,0.560609
354.2400,0.603552
354.2600,0.652803
354.2800,0.707781
354.3000,0.766070
354.3200,0.827066
354.3400,0.887901
354.3600,0.936491
354.3800,0.977284
354.4000,1.001675
354.4200,1.029338
354.4400,1.059417
354.4600,1.090518
354.4800,1.122426
354.5000,1.155680
354.5200,1.188183
354.5400,1.219890
354.5600,1.208418
354.5800,1.170783
354.6000,1.141189
354.6200,1.118254
354.6400,1.100540
354.6600,1.086418
354.6800,1.076236
354.7000,1.068487
354.7200,1.062254
354.7400,1.056863
354.7600,1.119142
354.7800,1.232964
354.8000,1.326069
354.8200,1.406287
354.8400,1.477545
354.8600,1.539218
354.8800,1.593488
354.9000,1.639315
354.9200,1.678425
354.9400,1.709164
354.9600,1.734877
354.9800,1.774196
355.0000,1.777161
355.0200,1.760640
355.0400,1.739720
355.0600,1.712725
355.0800,1.680696
355.1000,1.644914
355.1200,1.605087
355.1400,1.562586
355.1600,1.518514
355.1800,1.484416
355.2000,1.460564
355.2200,1.445556
355.2400,1.439160
355.2600,1.439321
355.2800,1.446805
355.3000,1.459469
355.3200,1.482870
355.3400,1.543405
355.3600,1.571722
355.3800,1.496081
355.4000,1.419344
355.4200,1.350913
355.4400,1.296006
355.4600,1.251758
355.4800,1.218537
355.5000,1.194426
355.5200,1.180111
355.5400,1.173167
355.5600,1.170397
355.5800,1.156992
355.6000,1.148559
355.6200,1.146618
355.6400,1.152104
355.6600,1.170066
355.6800,1.215225
355.7000,1.240222
355.7200,1.257259
355.7400,1.278349
355.7600,1.300018
355.7800,1.330702
355.8000,1.361778
355.8200,1.387741
355.8400,1.408203
355.8600,1.441037
355.8800,1.469070
355.9000,1.459097
355.9200,1.437968
355.9400,1.405172
355.9600,1.361763
355.9800,1.295724
356.0000,1.222250
356.0200,1.173700
356.0400,1.141897
356.0600,1.118891
356.0800,1.125859
356.1000,1.150501
356.1200,1.167956
356.1400,1.195547
356.1600,1.233198
356.1800,1.273073
356.2000,1.309403
356.2200,1.348810
356.2400,1.387726
356.2600,1.425304
356.2800,1.460127
356.3000,1.491851
356.3200,1.519843
356.3400,1.543591
356.3600,1.560903
356.3800,1.587615
356.4000,1.638727
356.4200,1.679513
356.4400,1.709493
356.4600,1.728150
356.4800,1.737496
356.5000,1.739002
356.5200,1.733145
356.5400,1.723704
356.5600,1.711259
356.5800,1.692659
356.6000,1.665777
356.6200,1.638154
356.6400,1.611652
356.6600,1.587446
356.6800,1.589259
356.7000,1.596966
356.7200,1.597571
356.7400,1.598208
356.7600,1.600165
356.7800,1.609123
356.8000,1.684610
356.8200,1.719201
356.8400,1.737569
356.8600,1.753550
356.8800,1.768131
356.9000,1.779459
356.9200,1.786353
356.9400,1.788929
356.9600,1.784823
356.9800,1.758633
357.0000,1.676474
357.0200,1.605055
357.0400,1.548352
357.0600,1.504377
357.0800,1.470827
357.1000,1.448328
357.1200,1.433594
357.1400,1.423805
357.1600,1.417024
357.1800,1.409484
357.2000,1.397287
357.2200,1.381039
357.2400,1.359692
357.2600,1.334084
357.2800,1.305785
357.3000,1.275181
357.3200,1.243370
357.3400,1.210835
357.3600,1.178251
357.3800,1.145337
357.4000,1.102531
357.4200,1.062053
357.4400,1.025931
357.4600,0.994828
357.4800,0.968479
357.5000,0.949364
357.5200,0.938577
357.5400,0.919325
357.5600,0.894949
357.5800,0.867697
357.6000,0.828951
357.6200,0.791469
357.6400,0.756533
357.6600,0.720871
357.6800,0.683341
357.7000,0.645303
357.7200,0.608055
357.7400,0.571499
357.7600,0.536233
357.7800,0.505542
357.8000,0.491582
357.8200,0.481408
357.8400,0.473763
357.8600,0.466884
357.8800,0.462889
357.9000,0.460206
357.9200,0.460262
357.9400,0.462558
357.9600,0.466159
357.9800,0.472346
358.0000,0.479773
358.0200,0.485444
358.0400,0.484630
358.0600,0.483623
358.0800,0.483132
358.1000,0.480796
358.1200,0.477219
358.1400,0.471572
358.1600,0.463871
358.1800,0.453874
358.2000,0.428089
358.2200,0.399992
358.2400,0.374779
358.2600,0.351555
358.2800,0.329950
358.3000,0.310521
358.3200,0.294998
358.3400,0.284945
358.3600,0.281811
358.3800,0.287088
358.4000,0.295224
358.4200,0.308128
358.4400,0.329676
358.4600,0.358112
358.4800,0.391985
358.5000,0.430973
358.5200,0.474585
358.5400,0.521894
358.5600,0.571041
358.5800,0.623191
358.6000,0.662445
358.6200,0.687683
358.6400,0.721338
358.6600,0.762389
358.6800,0.811817
358.7000,0.867883
358.7200,0.930224
358.7400,1.000862
358.7600,1.076986
358.7800,1.159473
358.8000,1.257588
358.8200,1.370438
358.8400,1.481178
358.8600,1.589001
358.8800,1.694705
358.9000,1.798975
358.9200,1.898743
358.9400,1.994927
358.9600,2.087598
358.9800,2.174436
359.0000,2.273681
359.0200,2.428494
359.0400,2.573600
359.0600,2.707485
359.0800,2.827425
359.1000,2.934188
359.1200,3.032990
359.1400,3.122644
359.1600,3.200903
359.1800,3.312219
359.2000,3.409791
359.2200,3.384905
359.2400,3.349533
359.2600,3.321806
359.2800,3.301505
359.3000,3.287528
359.3200,3.274905
359.3400,3.268484
359.3600,3.267259
359.3800,3.286803
359.4000,3.356389
359.4200,3.419111
359.4400,3.422599
359.4600,3.433604
359.4800,3.510560
359.5000,3.546779
359.5200,3.538699
359.5400,3.533882
359.5600,3.534276
359.5800,3.536258
359.6000,3.536846
359.6200,3.522805
359.6400,3.506879
359.6600,3.492563
359.6800,3.479860
359.7000,3.467648
359.7200,3.454476
359.7400,3.440635
359.7600,3.425927
359.7800,3.438703
359.8000,3.511888
359.8200,3.600000
359.8400,3.600000
359.8600,3.600000
359.8800,3.600000
359.9000,3.600000
359.9200,3.600000
359.9400,3.600000
359.9600,3.600000
359.9800,3.600000
360.0000,3.600000
360.0200,3.600000
360.0400,3.600000
360.0600,3.589015
360.0800,3.532561
360.1000,3.475629
360.1200,3.422003
360.1400,3.372024
360.1600,3.324374
360.1800,3.280946
360.2000,3.234402
360.2200,3.144135
360.2400,3.084442
360.2600,3.032007
360.2800,2.949873
360.3000,2.874552
360.3200,2.806079
360.3400,2.742833
360.3600,2.683318
360.3800,2.628323
360.4000,2.576886
360.4200,2.602513
360.4400,2.654446
360.4600,2.641928
360.4800,2.623852
360.5000,2.599097
360.5200,2.569637
360.5400,2.537826
360.5600,2.502445
360.5800,2.461393
360.6000,2.415105
360.6200,2.366820
360.6400,2.318147
360.6600,2.264675
360.6800,2.207449
360.7000,2.147136
360.7200,2.082789
360.7400,2.014662
360.7600,1.945168
360.7800,1.873159
360.8000,1.800426
360.8200,1.743965
360.8400,1.722624
360.8600,1.696356
360.8800,1.666655
360.9000,1.632590
360.9200,1.597257
360.9400,1.559574
360.9600,1.519676
360.9800,1.479269
361.0000,1.439620
361.0200,1.399984
361.0400,1.359498
361.0600,1.321009
361.0800,1.284156
361.1000,1.249840
361.1200,1.217957
361.1400,1.188860
361.1600,1.162245
361.1800,1.137226
361.2000,1.112721
361.2200,1.076800
361.2400,1.027671
361.2600,0.982399
361.2800,0.939592
361.3000,0.898647
361.3200,0.859610
361.3400,0.822394
361.3600,0.787030
361.3800,0.753673
361.4000,0.722241
361.4200,0.695295
361.4400,0.679370
361.4600,0.665692
361.4800,0.654486
361.5000,0.645706
361.5200,0.640591
361.5400,0.637562
361.5600,0.639447
361.5800,0.644103
361.6000,0.653584
361.6200,0.662832
361.6400,0.633003
361.6600,0.595416
361.6800,0.560754
361.7000,0.527598
361.7200,0.497615
361.7400,0.469123
361.7600,0.442275
361.7800,0.418302
361.8000,0.397551
361.8200,0.392516
361.8400,0.461914
361.8600,0.525246
361.8800,0.571073
361.9000,0.602505
361.9200,0.622080
361.9400,0.632100
361.9600,0.635008
361.9800,0.634332
362.0000,0.633889
362.0200,0.635355
362.0400,0.618358
362.0600,0.596471
362.0800,0.582439
362.1000,0.574593
362.1200,0.573095
362.1400,0.575841
362.1600,0.582697
362.1800,0.590567
362.2000,0.598606
362.2200,0.604938
362.2400,0.592806
362.2600,0.558982
362.2800,0.527211
362.3000,0.497205
362.3200,0.468471
362.3400,0.441115
362.3600,0.415080
362.3800,0.390881
362.4000,0.369438
362.4200,0.350798
362.4400,0.343371
362.4600,0.364306
362.4800,0.378758
362.5000,0.384614
362.5200,0.381610
362.5400,0.371033
362.5600,0.354849
362.5800,0.335758
362.6000,0.316022
362.6200,0.297269
362.6400,0.279999
362.6600,0.263429
362.6800,0.248575
362.7000,0.234188
362.7200,0.221323
362.7400,0.210448
362.7600,0.202530
362.7800,0.196223
362.8000,0.190608
362.8200,0.185751
362.8400,0.186025
362.8600,0.206824
362.8800,0.211415
362.9000,0.201338
362.9200,0.187394
362.9400,0.174715
362.9600,0.164017
362.9800,0.154125
363.0000,0.145643
363.0200,0.138006
363.0400,0.130773
363.0600,0.149018
363.0800,0.176318
363.1000,0.199783
363.1200,0.220486
363.1400,0.239238
363.1600,0.256920
363.1800,0.273724
363.2000,0.291236
363.2200,0.310625
363.2400,0.329829
363.2600,0.316272
363.2800,0.292154
363.3000,0.270695
363.3200,0.250870
363.3400,0.232867
363.3600,0.216724
363.3800,0.201918
363.4000,0.189134
363.4200,0.179467
363.4400,0.178686
363.4600,0.241607
363.4800,0.307903
363.5000,0.360633
363.5200,0.402473
363.5400,0.434832
363.5600,0.459481
363.5800,0.475914
363.6000,0.485234
363.6200,0.488223
363.6400,0.485460
363.6600,0.507193
363.6800,0.537997
363.7000,0.560439
363.7200,0.574561
363.7400,0.581851
363.7600,0.589157
363.7800,0.592903
363.8000,0.581714
363.8200,0.565982
363.8400,0.547696
363.8600,0.554390
363.8800,0.586515
363.9000,0.608442
363.9200,0.622837
363.9400,0.631835
363.9600,0.637473
363.9800,0.640969
364.0000,0.644683
364.0200,0.647607
364.0400,0.652432
364.0600,0.655735
364.0800,0.648195
364.1000,0.629426
364.1200,0.601772
364.1400,0.566868
364.1600,0.528492
364.1800,0.491437
364.2000,0.457008
364.2200,0.425487
364.2400,0.397841
364.2600,0.384654
364.2800,0.459505
364.3000,0.545561
364.3200,0.620388
364.3400,0.681440
364.3600,0.727742
364.3800,0.760085
364.4000,0.779265
364.4200,0.787393
364.4400,0.785645
364.4600,0.771282
364.4800,0.724955
364.5000,0.675302
364.5200,0.628097
364.5400,0.583921
364.5600,0.543265
364.5800,0.505759
364.6000,0.470912
364.6200,0.439053
364.6400,0.409360
364.6600,0.382939
364.6800,0.372394
364.7000,0.365515
364.7200,0.360770
364.7400,0.355284
364.7600,0.353126
364.7800,0.352481
364.8000,0.353883
364.8200,0.358491
364.8400,0.362599
364.8600,0.366860
364.8800,0.345554
364.9000,0.320469
364.9200,0.299138
364.9400,0.279129
364.9600,0.261745
364.9800,0.246561
365.0000,0.235017
365.0200,0.225383
365.0400,0.218133
365.0600,0.213075
365.0800,0.214009
365.1000,0.217537
365.1200,0.221549
365.1400,0.225883
365.1600,0.231554
365.1800,0.237378
365.2000,0.243629
365.2200,0.249694
365.2400,0.254512
365.2600,0.256437
365.2800,0.243870
365.3000,0.229878
365.3200,0.216716
365.3400,0.203811
365.3600,0.192251
365.3800,0.180563
365.4000,0.170011
365.4200,0.159426
365.4400,0.149582
365.4600,0.140318
365.4800,0.133197
365.5000,0.126117
365.5200,0.119519
365.5400,0.113035
365.5600,0.106768
365.5800,0.100597
365.6000,0.094942
365.6200,0.089449
365.6400,0.085139
365.6600,0.080660
365.6800,0.094934
365.7000,0.123628
365.7200,0.151741
365.7400,0.179185
365.7600,0.205962
365.7800,0.232013
365.8000,0.255631
365.8200,0.277647
365.8400,0.297350
365.8600,0.314001
365.8800,0.330490
365.9000,0.345884
365.9200,0.357379
365.9400,0.364750
365.9600,0.368399
365.9800,0.368149
366.0000,0.364403
366.0200,0.357290
366.0400,0.347293
366.0600,0.334614
366.0800,0.312067
366.1000,0.289222
366.1200,0.268077
366.1400,0.248905
366.1600,0.232263
366.1800,0.219906
366.2000,0.214525
366.2200,0.216748
366.2400,0.227840
366.2600,0.248800
366.2800,0.289238
366.3000,0.331650
366.3200,0.373272
366.3400,0.414765
366.3600,0.457451
366.3800,0.500499
366.4000,0.544127
366.4200,0.585347
366.4400,0.624859
366.4600,0.659787
366.4800,0.676969
366.5000,0.683454
366.5200,0.682552
366.5400,0.674158
366.5600,0.658691
366.5800,0.638432
366.6000,0.614177
366.6200,0.586902
366.6400,0.557475
366.6600,0.527122
366.6800,0.500137
366.7000,0.476398
366.7200,0.454648
366.7400,0.437586
366.7600,0.427614
366.7800,0.426784
366.8000,0.437135
366.8200,0.460528
366.8400,0.497648
366.8600,0.548606
366.8800,0.638343
366.9000,0.732898
366.9200,0.798389
366.9400,0.841566
366.9600,0.867633
366.9800,0.880481
367.0000,0.884904
367.0200,0.893644
367.0400,0.886483
367.0600,0.869832
367.0800,1.007815
367.1000,1.229081
367.1200,1.421012
367.1400,1.583974
367.1600,1.722311
367.1800,1.834218
367.2000,1.921040
367.2200,1.981168
367.2400,2.014108
367.2600,2.022010
367.2800,1.994661
367.3000,1.937853
367.3200,1.862172
367.3400,1.772488
367.3600,1.676871
367.3800,1.573058
367.4000,1.471657
367.4200,1.377592
367.4400,1.294612
367.4600,1.226037
367.4800,1.206002
367.5000,1.227261
367.5200,1.220284
367.5400,1.210054
367.5600,1.198092
367.5800,1.183109
367.6000,1.164307
367.6200,1.140382
367.6400,1.110401
367.6600,1.074948
367.6800,1.042236
367.7000,1.035848
367.7200,1.026979
367.7400,1.017173
367.7600,1.010094
367.7800,1.004793
367.8000,1.005622
367.8200,1.019454
367.8400,1.045666
367.8600,1.084365
367.8800,1.144523
367.9000,1.124649
367.9200,1.078815
367.9400,1.029160
367.9600,0.978089
367.9800,0.927614
368.0000,0.878186
368.0200,0.830151
368.0400,0.785460
368.0600,0.745094
368.0800,0.710480
368.1000,0.682326
368.1200,0.659118
368.1400,0.640784
368.1600,0.628331
368.1800,0.621967
368.2000,0.621032
368.2200,0.623441
368.2400,0.629893
368.2600,0.640849
368.2800,0.663758
368.3000,0.769526
368.3200,0.889842
368.3400,0.997278
368.3600,1.093492
368.3800,1.178759
368.4000,1.255454
368.4200,1.319761
368.4400,1.368957
368.4600,1.398035
368.4800,1.406390
368.5000,1.401499
368.5200,1.382175
368.5400,1.345050
368.5600,1.296055
368.5800,1.241164
368.6000,1.187442
368.6200,1.139633
368.6400,1.099881
368.6600,1.066361
368.6800,1.032375
368.7000,1.002618
368.7200,0.978274
368.7400,0.954881
368.7600,0.933051
368.7800,0.912204
368.8000,0.892887
368.8200,0.872861
368.8400,0.850709
368.8600,0.826333
368.8800,0.798977
368.9000,0.758144
368.9200,0.715748
368.9400,0.682850
368.9600,0.659287
368.9800,0.643434
369.0000,0.633349
369.0200,0.626478
369.0400,0.619389
369.0600,0.610117
369.0800,0.596552
369.1000,0.592379
369.1200,0.619413
369.1400,0.649621
369.1600,0.663251
369.1800,0.675624
369.2000,0.691920
369.2200,0.712034
369.2400,0.734863
369.2600,0.759320
369.2800,0.783591
369.3000,0.800346
369.3200,0.775946
369.3400,0.743346
369.3600,0.710995
369.3800,0.678532
369.4000,0.646705
369.4200,0.617045
369.4400,0.590945
369.4600,0.569099
369.4800,0.553157
369.5000,0.542138
369.5200,0.564218
369.5400,0.594063
369.5600,0.612099
369.5800,0.619574
369.6000,0.619035
369.6200,0.612800
369.6400,0.602682
369.6600,0.589431
369.6800,0.575278
369.7000,0.561922
369.7200,0.553898
369.7400,0.550056
369.7600,0.545215
369.7800,0.539834
369.8000,0.532930
369.8200,0.523248
369.8400,0.509368
369.8600,0.491662
369.8800,0.470654
369.9000,0.448220
369.9200,0.434268
369.9400,0.458651
369.9600,0.485750
369.9800,0.508812
370.0000,0.524843
370.0200,0.531521
370.0400,0.528983
370.0600,0.517818
