time_s,voltage_v
0.0000,0.124883
0.0200,0.097013
0.0400,0.139956
0.0600,0.133710
0.0800,0.320662
0.1000,0.242754
0.1200,0.156258
0.1400,0.230174
0.1600,0.191273
0.1800,0.101019
0.2000,0.099042
0.2200,0.223905
0.2400,0.209084
0.2600,0.162820
0.2800,0.262646
0.3000,0.300027
0.3200,0.677176
0.3400,1.084073
0.3600,1.444872
0.3800,1.380175
0.4000,1.523555
0.4200,1.024203
0.4400,1.007947
0.4600,1.213410
0.4800,1.201827
0.5000,0.828650
0.5200,0.660220
0.5400,0.953960
0.5600,1.464321
0.5800,1.749178
0.6000,2.079545
0.6200,2.343575
0.6400,2.034417
0.6600,1.705975
0.6800,1.441204
0.7000,1.295843
0.7200,0.790802
0.7400,0.982347
0.7600,1.731047
0.7800,2.682341
0.8000,2.843155
0.8200,2.228290
0.8400,1.604539
0.8600,1.082217
0.8800,1.593440
0.9000,2.478548
0.9200,2.009977
0.9400,1.155461
0.9600,0.823965
0.9800,0.528933
1.0000,0.302951
1.0200,0.177932
1.0400,0.153442
1.0600,0.172353
1.0800,0.202739
1.1000,0.231140
1.1200,0.507822
1.1400,0.659881
1.1600,1.304354
1.1800,1.042940
1.2000,0.690721
1.2200,0.763086
1.2400,1.236147
1.2600,1.517985
1.2800,1.392538
1.3000,1.293097
1.3200,1.717025
1.3400,2.634431
1.3600,3.228480
1.3800,2.796718
1.4000,2.557092
1.4200,2.724486
1.4400,2.686326
1.4600,2.878982
1.4800,3.172268
1.5000,2.912671
1.5200,2.469458
1.5400,1.774091
1.5600,0.949571
1.5800,0.613784
1.6000,0.470314
1.6200,0.378206
1.6400,0.813892
1.6600,0.891864
1.6800,0.589639
1.7000,0.384683
1.7200,0.347233
1.7400,0.341383
1.7600,0.309212
1.7800,0.352313
1.8000,0.318822
1.8200,0.464914
1.8400,0.695938
1.8600,0.837264
1.8800,0.820187
1.9000,0.786306
1.9200,1.180264
1.9400,0.844596
1.9600,0.557202
1.9800,0.714152
2.0000,1.060253
2.0200,1.947188
2.0400,2.016136
2.0600,2.104388
2.0800,1.725278
2.1000,1.354504
2.1200,1.353506
2.1400,1.649796
2.1600,2.584883
2.1800,2.873303
2.2000,3.600000
2.2200,3.600000
2.2400,3.600000
2.2600,3.600000
2.2800,3.600000
2.3000,3.464375
2.3200,2.718711
2.3400,1.488334
2.3600,0.848599
2.3800,0.480920
2.4000,0.318351
2.4200,0.399919
2.4400,0.644845
2.4600,0.447999
2.4800,0.339386
2.5000,0.124883
2.5200,0.097013
2.5400,0.139956
2.5600,0.133710
2.5800,0.320662
2.6000,0.242754
2.6200,0.156258
2.6400,0.230174
2.6600,0.191273
2.6800,0.101019
2.7000,0.099042
2.7200,0.223905
2.7400,0.209084
2.7600,0.162820
2.7800,0.262646
2.8000,0.300027
2.8200,0.677176
2.8400,1.084073
2.8600,1.444872
2.8800,1.380175
2.9000,1.523555
2.9200,1.024203
2.9400,1.007947
2.9600,1.213410
2.9800,1.201827
3.0000,0.828650
3.0200,0.660220
3.0400,0.953960
3.0600,1.464321
3.0800,1.749178
3.1000,2.079545
3.1200,2.343575
3.1400,2.034417
3.1600,1.705975
3.1800,1.441204
3.2000,1.295843
3.2200,0.790802
3.2400,0.982347
3.2600,1.731047
3.2800,2.682341
3.3000,2.843155
3.3200,2.228290
3.3400,1.604539
3.3600,1.082217
3.3800,1.593440
3.4000,2.478548
3.4200,2.009977
3.4400,1.155461
3.4600,0.823965
3.4800,0.528933
3.5000,0.302951
3.5200,0.177932
3.5400,0.153442
3.5600,0.172353
3.5800,0.202739
3.6000,0.231140
3.6200,0.507822
3.6400,0.659881
3.6600,1.304354
3.6800,1.042940
3.7000,0.690721
3.7200,0.763086
3.7400,1.236147
3.7600,1.517985
3.7800,1.392538
3.8000,1.293097
3.8200,1.717025
3.8400,2.634431
3.8600,3.228480
3.8800,2.796718
3.9000,2.557092
3.9200,2.724486
3.9400,2.686326
3.9600,2.878982
3.9800,3.172268
4.0000,2.912671
4.0200,2.469458
4.0400,1.774091
4.0600,0.949571
4.0800,0.613784
4.1000,0.470314
4.1200,0.378206
4.1400,0.813892
4.1600,0.891864
4.1800,0.589639
4.2000,0.384683
4.2200,0.347233
4.2400,0.341383
4.2600,0.309212
4.2800,0.352313
4.3000,0.318822
4.3200,0.464914
4.3400,0.695938
4.3600,0.837264
4.3800,0.820187
4.4000,0.786306
4.4200,1.180264
4.4400,0.844596
4.4600,0.557202
4.4800,0.714152
4.5000,1.060253
4.5200,1.947188
4.5400,2.016136
4.5600,2.104388
4.5800,1.725278
4.6000,1.354504
4.6200,1.353506
4.6400,1.649796
4.6600,2.584883
4.6800,2.873303
4.7000,3.600000
4.7200,3.600000
4.7400,3.600000
4.7600,3.600000
4.7800,3.600000
4.8000,3.464375
4.8200,2.718711
4.8400,1.488334
4.8600,0.848599
4.8800,0.480920
4.9000,0.318351
4.9200,0.399919
4.9400,0.644845
4.9600,0.447999
4.9800,0.339386
5.0000,0.124883
5.0200,0.097013
5.0400,0.139956
5.0600,0.133710
5.0800,0.320662
5.1000,0.242754
5.1200,0.156258
5.1400,0.230174
5.1600,0.191273
5.1800,0.101019
5.2000,0.099042
5.2200,0.223905
5.2400,0.209084
5.2600,0.162820
5.2800,0.262646
5.3000,0.300027
5.3200,0.677176
5.3400,1.084073
5.3600,1.444872
5.3800,1.380175
5.4000,1.523555
5.4200,1.024203
5.4400,1.007947
5.4600,1.213410
5.4800,1.201827
5.5000,0.828650
5.5200,0.660220
5.5400,0.953960
5.5600,1.464321
5.5800,1.749178
5.6000,2.079545
5.6200,2.343575
5.6400,2.034417
5.6600,1.705975
5.6800,1.441204
5.7000,1.295843
5.7200,0.790802
5.7400,0.982347
5.7600,1.731047
5.7800,2.682341
5.8000,2.843155
5.8200,2.228290
5.8400,1.604539
5.8600,1.082217
5.8800,1.593440
5.9000,2.478548
5.9200,2.009977
5.9400,1.155461
5.9600,0.823965
5.9800,0.528933
6.0000,0.302951
6.0200,0.177932
6.0400,0.153442
6.0600,0.172353
6.0800,0.202739
6.1000,0.231140
6.1200,0.507822
6.1400,0.659881
6.1600,1.304354
6.1800,1.042940
6.2000,0.690721
6.2200,0.763086
6.2400,1.236147
6.2600,1.517985
6.2800,1.392538
6.3000,1.293097
6.3200,1.717025
6.3400,2.634431
6.3600,3.228480
6.3800,2.796718
6.4000,2.557092
6.4200,2.724486
6.4400,2.686326
6.4600,2.878982
6.4800,3.172268
6.5000,2.912671
6.5200,2.469458
6.5400,1.774091
6.5600,0.949571
6.5800,0.613784
6.6000,0.470314
6.6200,0.378206
6.6400,0.813892
6.6600,0.891864
6.6800,0.589639
6.7000,0.384683
6.7200,0.347233
6.7400,0.341383
6.7600,0.309212
6.7800,0.352313
6.8000,0.318822
6.8200,0.464914
6.8400,0.695938
6.8600,0.837264
6.8800,0.820187
6.9000,0.786306
6.9200,1.180264
6.9400,0.844596
6.9600,0.557202
6.9800,0.714152
7.0000,1.060253
7.0200,1.947188
7.0400,2.016136
7.0600,2.104388
7.0800,1.725278
7.1000,1.354504
7.1200,1.353506
7.1400,1.649796
7.1600,2.584883
7.1800,2.873303
7.2000,3.600000
7.2200,3.600000
7.2400,3.600000
7.2600,3.600000
7.2800,3.600000
7.3000,3.464375
7.3200,2.718711
7.3400,1.488334
7.3600,0.848599
7.3800,0.480920
7.4000,0.318351
7.4200,0.399919
7.4400,0.644845
7.4600,0.447999
7.4800,0.339386
7.5000,0.124883
7.5200,0.097013
7.5400,0.139956
7.5600,0.133710
7.5800,0.320662
7.6000,0.242754
7.6200,0.156258
7.6400,0.230174
7.6600,0.191273
7.6800,0.101019
7.7000,0.099042
7.7200,0.223905
7.7400,0.209084
7.7600,0.162820
7.7800,0.262646
7.8000,0.300027
7.8200,0.677176
7.8400,1.084073
7.8600,1.444872
7.8800,1.380175
7.9000,1.523555
7.9200,1.024203
7.9400,1.007947
7.9600,1.213410
7.9800,1.201827
8.0000,0.828650
8.0200,0.660220
8.0400,0.953960
8.0600,1.464321
8.0800,1.749178
8.1000,2.079545
8.1200,2.343575
8.1400,2.034417
8.1600,1.705975
8.1800,1.441204
8.2000,1.295843
8.2200,0.790802
8.2400,0.982347
8.2600,1.731047
8.2800,2.682341
8.3000,2.843155
8.3200,2.228290
8.3400,1.604539
8.3600,1.082217
8.3800,1.593440
8.4000,2.478548
8.4200,2.009977
8.4400,1.155461
8.4600,0.823965
8.4800,0.528933
8.5000,0.302951
8.5200,0.177932
8.5400,0.153442
8.5600,0.172353
8.5800,0.202739
8.6000,0.231140
8.6200,0.507822
8.6400,0.659881
8.6600,1.304354
8.6800,1.042940
8.7000,0.690721
8.7200,0.763086
8.7400,1.236147
8.7600,1.517985
8.7800,1.392538
8.8000,1.293097
8.8200,1.717025
8.8400,2.634431
8.8600,3.228480
8.8800,2.796718
8.9000,2.557092
8.9200,2.724486
8.9400,2.686326
8.9600,2.878982
8.9800,3.172268
9.0000,2.912671
9.0200,2.469458
9.0400,1.774091
9.0600,0.949571
9.0800,0.613784
9.1000,0.470314
9.1200,0.378206
9.1400,0.813892
9.1600,0.891864
9.1800,0.589639
9.2000,0.384683
9.2200,0.347233
9.2400,0.341383
9.2600,0.309212
9.2800,0.352313
9.3000,0.318822
9.3200,0.464914
9.3400,0.695938
9.3600,0.837264
9.3800,0.820187
9.4000,0.786306
9.4200,1.180264
9.4400,0.844596
9.4600,0.557202
9.4800,0.714152
9.5000,1.060253
9.5200,1.947188
9.5400,2.016136
9.5600,2.104388
9.5800,1.725278
9.6000,1.354504
9.6200,1.353506
9.6400,1.649796
9.6600,2.584883
9.6800,2.873303
9.7000,3.600000
9.7200,3.600000
9.7400,3.600000
9.7600,3.600000
9.7800,3.600000
9.8000,3.464375
9.8200,2.718711
9.8400,1.488334
9.8600,0.848599
9.8800,0.480920
9.9000,0.318351
9.9200,0.399919
9.9400,0.644845
9.9600,0.447999
9.9800,0.339386
10.0000,0.124883
10.0200,0.097013
10.0400,0.139956
10.0600,0.133710
10.0800,0.320662
10.1000,0.242754
10.1200,0.156258
10.1400,0.230174
10.1600,0.191273
10.1800,0.101019
10.2000,0.099042
10.2200,0.223905
10.2400,0.209084
10.2600,0.162820
10.2800,0.262646
10.3000,0.300027
10.3200,0.677176
10.3400,1.084073
10.3600,1.444872
10.3800,1.380175
10.4000,1.523555
10.4200,1.024203
10.4400,1.007947
10.4600,1.213410
10.4800,1.201827
10.5000,0.828650
10.5200,0.660220
10.5400,0.953960
10.5600,1.464321
10.5800,1.749178
10.6000,2.079545
10.6200,2.343575
10.6400,2.034417
10.6600,1.705975
10.6800,1.441204
10.7000,1.295843
10.7200,0.790802
10.7400,0.982347
10.7600,1.731047
10.7800,2.682341
10.8000,2.843155
10.8200,2.228290
10.8400,1.604539
10.8600,1.082217
10.8800,1.593440
10.9000,2.478548
10.9200,2.009977
10.9400,1.155461
10.9600,0.823965
10.9800,0.528933
11.0000,0.302951
11.0200,0.177932
11.0400,0.153442
11.0600,0.172353
11.0800,0.202739
11.1000,0.231140
11.1200,0.507822
11.1400,0.659881
11.1600,1.304354
11.1800,1.042940
11.2000,0.690721
11.2200,0.763086
11.2400,1.236147
11.2600,1.517985
11.2800,1.392538
11.3000,1.293097
11.3200,1.717025
11.3400,2.634431
11.3600,3.228480
11.3800,2.796718
11.4000,2.557092
11.4200,2.724486
11.4400,2.686326
11.4600,2.878982
11.4800,3.172268
11.5000,2.912671
11.5200,2.469458
11.5400,1.774091
11.5600,0.949571
11.5800,0.613784
11.6000,0.470314
11.6200,0.378206
11.6400,0.813892
11.6600,0.891864
11.6800,0.589639
11.7000,0.384683
11.7200,0.347233
11.7400,0.341383
11.7600,0.309212
11.7800,0.352313
11.8000,0.318822
11.8200,0.464914
11.8400,0.695938
11.8600,0.837264
11.8800,0.820187
11.9000,0.786306
11.9200,1.180264
11.9400,0.844596
11.9600,0.557202
11.9800,0.714152
12.0000,1.060253
12.0200,1.947188
12.0400,2.016136
12.0600,2.104388
12.0800,1.725278
12.1000,1.354504
12.1200,1.353506
12.1400,1.649796
12.1600,2.584883
12.1800,2.873303
12.2000,3.600000
12.2200,3.600000
12.2400,3.600000
12.2600,3.600000
12.2800,3.600000
12.3000,3.464375
12.3200,2.718711
12.3400,1.488334
12.3600,0.848599
12.3800,0.480920
12.4000,0.318351
12.4200,0.399919
12.4400,0.644845
12.4600,0.447999
12.4800,0.339386
12.5000,0.124883
12.5200,0.097013
12.5400,0.139956
12.5600,0.133710
12.5800,0.320662
12.6000,0.242754
12.6200,0.156258
12.6400,0.230174
12.6600,0.191273
12.6800,0.101019
12.7000,0.099042
12.7200,0.223905
12.7400,0.209084
12.7600,0.162820
12.7800,0.262646
12.8000,0.300027
12.8200,0.677176
12.8400,1.084073
12.8600,1.444872
12.8800,1.380175
12.9000,1.523555
12.9200,1.024203
12.9400,1.007947
12.9600,1.213410
12.9800,1.201827
13.0000,0.828650
13.0200,0.660220
13.0400,0.953960
13.0600,1.464321
13.0800,1.749178
13.1000,2.079545
13.1200,2.343575
13.1400,2.034417
13.1600,1.705975
13.1800,1.441204
13.2000,1.295843
13.2200,0.790802
13.2400,0.982347
13.2600,1.731047
13.2800,2.682341
13.3000,2.843155
13.3200,2.228290
13.3400,1.604539
13.3600,1.082217
13.3800,1.593440
13.4000,2.478548
13.4200,2.009977
13.4400,1.155461
13.4600,0.823965
13.4800,0.528933
13.5000,0.302951
13.5200,0.177932
13.5400,0.153442
13.5600,0.172353
13.5800,0.202739
13.6000,0.231140
13.6200,0.507822
13.6400,0.659881
13.6600,1.304354
13.6800,1.042940
13.7000,0.690721
13.7200,0.763086
13.7400,1.236147
13.7600,1.517985
13.7800,1.392538
13.8000,1.293097
13.8200,1.717025
13.8400,2.634431
13.8600,3.228480
13.8800,2.796718
13.9000,2.557092
13.9200,2.724486
13.9400,2.686326
13.9600,2.878982
13.9800,3.172268
14.0000,2.912671
14.0200,2.469458
14.0400,1.774091
14.0600,0.949571
14.0800,0.613784
14.1000,0.470314
14.1200,0.378206
14.1400,0.813892
14.1600,0.891864
14.1800,0.589639
14.2000,0.384683
14.2200,0.347233
14.2400,0.341383
14.2600,0.309212
14.2800,0.352313
14.3000,0.318822
14.3200,0.464914
14.3400,0.695938
14.3600,0.837264
14.3800,0.820187
14.4000,0.786306
14.4200,1.180264
14.4400,0.844596
14.4600,0.557202
14.4800,0.714152
14.5000,1.060253
14.5200,1.947188
14.5400,2.016136
14.5600,2.104388
14.5800,1.725278
14.6000,1.354504
14.6200,1.353506
14.6400,1.649796
14.6600,2.584883
14.6800,2.873303
14.7000,3.600000
14.7200,3.600000
14.7400,3.600000
14.7600,3.600000
14.7800,3.600000
14.8000,3.464375
14.8200,2.718711
14.8400,1.488334
14.8600,0.848599
14.8800,0.480920
14.9000,0.318351
14.9200,0.399919
14.9400,0.644845
14.9600,0.447999
14.9800,0.339386
15.0000,0.124883
15.0200,0.097013
15.0400,0.139956
15.0600,0.133710
15.0800,0.320662
15.1000,0.242754
15.1200,0.156258
15.1400,0.230174
15.1600,0.191273
15.1800,0.101019
15.2000,0.099042
15.2200,0.223905
15.2400,0.209084
15.2600,0.162820
15.2800,0.262646
15.3000,0.300027
15.3200,0.677176
15.3400,1.084073
15.3600,1.444872
15.3800,1.380175
15.4000,1.523555
15.4200,1.024203
15.4400,1.007947
15.4600,1.213410
15.4800,1.201827
15.5000,0.828650
15.5200,0.660220
15.5400,0.953960
15.5600,1.464321
15.5800,1.749178
15.6000,2.079545
15.6200,2.343575
15.6400,2.034417
15.6600,1.705975
15.6800,1.441204
15.7000,1.295843
15.7200,0.790802
15.7400,0.982347
15.7600,1.731047
15.7800,2.682341
15.8000,2.843155
15.8200,2.228290
15.8400,1.604539
15.8600,1.082217
15.8800,1.593440
15.9000,2.478548
15.9200,2.009977
15.9400,1.155461
15.9600,0.823965
15.9800,0.528933
16.0000,0.302951
16.0200,0.177932
16.0400,0.153442
16.0600,0.172353
16.0800,0.202739
16.1000,0.231140
16.1200,0.507822
16.1400,0.659881
16.1600,1.304354
16.1800,1.042940
16.2000,0.690721
16.2200,0.763086
16.2400,1.236147
16.2600,1.517985
16.2800,1.392538
16.3000,1.293097
16.3200,1.717025
16.3400,2.634431
16.3600,3.228480
16.3800,2.796718
16.4000,2.557092
16.4200,2.724486
16.4400,2.686326
16.4600,2.878982
16.4800,3.172268
16.5000,2.912671
16.5200,2.469458
16.5400,1.774091
16.5600,0.949571
16.5800,0.613784
16.6000,0.470314
16.6200,0.378206
16.6400,0.813892
16.6600,0.891864
16.6800,0.589639
16.7000,0.384683
16.7200,0.347233
16.7400,0.341383
16.7600,0.309212
16.7800,0.352313
16.8000,0.318822
16.8200,0.464914
16.8400,0.695938
16.8600,0.837264
16.8800,0.820187
16.9000,0.786306
16.9200,1.180264
16.9400,0.844596
16.9600,0.557202
16.9800,0.714152
17.0000,1.060253
17.0200,1.947188
17.0400,2.016136
17.0600,2.104388
17.0800,1.725278
17.1000,1.354504
17.1200,1.353506
17.1400,1.649796
17.1600,2.584883
17.1800,2.873303
17.2000,3.600000
17.2200,3.600000
17.2400,3.600000
17.2600,3.600000
17.2800,3.600000
17.3000,3.464375
17.3200,2.718711
17.3400,1.488334
17.3600,0.848599
17.3800,0.480920
17.4000,0.318351
17.4200,0.399919
17.4400,0.644845
17.4600,0.447999
17.4800,0.339386
17.5000,0.124883
17.5200,0.097013
17.5400,0.139956
17.5600,0.133710
17.5800,0.320662
17.6000,0.242754
17.6200,0.156258
17.6400,0.230174
17.6600,0.191273
17.6800,0.101019
17.7000,0.099042
17.7200,0.223905
17.7400,0.209084
17.7600,0.162820
17.7800,0.262646
17.8000,0.300027
17.8200,0.677176
17.8400,1.084073
17.8600,1.444872
17.8800,1.380175
17.9000,1.523555
17.9200,1.024203
17.9400,1.007947
17.9600,1.213410
17.9800,1.201827
18.0000,0.828650
18.0200,0.660220
18.0400,0.953960
18.0600,1.464321
18.0800,1.749178
18.1000,2.079545
18.1200,2.343575
18.1400,2.034417
18.1600,1.705975
18.1800,1.441204
18.2000,1.295843
18.2200,0.790802
18.2400,0.982347
18.2600,1.731047
18.2800,2.682341
18.3000,2.843155
18.3200,2.228290
18.3400,1.604539
18.3600,1.082217
18.3800,1.593440
18.4000,2.478548
18.4200,2.009977
18.4400,1.155461
18.4600,0.823965
18.4800,0.528933
18.5000,0.302951
18.5200,0.177932
18.5400,0.153442
18.5600,0.172353
18.5800,0.202739
18.6000,0.231140
18.6200,0.507822
18.6400,0.659881
18.6600,1.304354
18.6800,1.042940
18.7000,0.690721
18.7200,0.763086
18.7400,1.236147
18.7600,1.517985
18.7800,1.392538
18.8000,1.293097
18.8200,1.717025
18.8400,2.634431
18.8600,3.228480
18.8800,2.796718
18.9000,2.557092
18.9200,2.724486
18.9400,2.686326
18.9600,2.878982
18.9800,3.172268
19.0000,2.912671
19.0200,2.469458
19.0400,1.774091
19.0600,0.949571
19.0800,0.613784
19.1000,0.470314
19.1200,0.378206
19.1400,0.813892
19.1600,0.891864
19.1800,0.589639
19.2000,0.384683
19.2200,0.347233
19.2400,0.341383
19.2600,0.309212
19.2800,0.352313
19.3000,0.318822
19.3200,0.464914
19.3400,0.695938
19.3600,0.837264
19.3800,0.820187
19.4000,0.786306
19.4200,1.180264
19.4400,0.844596
19.4600,0.557202
19.4800,0.714152
19.5000,1.060253
19.5200,1.947188
19.5400,2.016136
19.5600,2.104388
19.5800,1.725278
19.6000,1.354504
19.6200,1.353506
19.6400,1.649796
19.6600,2.584883
19.6800,2.873303
19.7000,3.600000
19.7200,3.600000
19.7400,3.600000
19.7600,3.600000
19.7800,3.600000
19.8000,3.464375
19.8200,2.718711
19.8400,1.488334
19.8600,0.848599
19.8800,0.480920
19.9000,0.318351
19.9200,0.399919
19.9400,0.644845
19.9600,0.447999
19.9800,0.339386
20.0000,0.124883
20.0200,0.097013
20.0400,0.139956
20.0600,0.133710
20.0800,0.320662
20.1000,0.242754
20.1200,0.156258
20.1400,0.230174
20.1600,0.191273
20.1800,0.101019
20.2000,0.099042
20.2200,0.223905
20.2400,0.209084
20.2600,0.162820
20.2800,0.262646
20.3000,0.300027
20.3200,0.677176
20.3400,1.084073
20.3600,1.444872
20.3800,1.380175
20.4000,1.523555
20.4200,1.024203
20.4400,1.007947
20.4600,1.213410
20.4800,1.201827
20.5000,0.828650
20.5200,0.660220
20.5400,0.953960
20.5600,1.464321
20.5800,1.749178
20.6000,2.079545
20.6200,2.343575
20.6400,2.034417
20.6600,1.705975
20.6800,1.441204
20.7000,1.295843
20.7200,0.790802
20.7400,0.982347
20.7600,1.731047
20.7800,2.682341
20.8000,2.843155
20.8200,2.228290
20.8400,1.604539
20.8600,1.082217
20.8800,1.593440
20.9000,2.478548
20.9200,2.009977
20.9400,1.155461
20.9600,0.823965
20.9800,0.528933
21.0000,0.302951
21.0200,0.177932
21.0400,0.153442
21.0600,0.172353
21.0800,0.202739
21.1000,0.231140
21.1200,0.507822
21.1400,0.659881
21.1600,1.304354
21.1800,1.042940
21.2000,0.690721
21.2200,0.763086
21.2400,1.236147
21.2600,1.517985
21.2800,1.392538
21.3000,1.293097
21.3200,1.717025
21.3400,2.634431
21.3600,3.228480
21.3800,2.796718
21.4000,2.557092
21.4200,2.724486
21.4400,2.686326
21.4600,2.878982
21.4800,3.172268
21.5000,2.912671
21.5200,2.469458
21.5400,1.774091
21.5600,0.949571
21.5800,0.613784
21.6000,0.470314
21.6200,0.378206
21.6400,0.813892
21.6600,0.891864
21.6800,0.589639
21.7000,0.384683
21.7200,0.347233
21.7400,0.341383
21.7600,0.309212
21.7800,0.352313
21.8000,0.318822
21.8200,0.464914
21.8400,0.695938
21.8600,0.837264
21.8800,0.820187
21.9000,0.786306
21.9200,1.180264
21.9400,0.844596
21.9600,0.557202
21.9800,0.714152
22.0000,1.060253
22.0200,1.947188
22.0400,2.016136
22.0600,2.104388
22.0800,1.725278
22.1000,1.354504
22.1200,1.353506
22.1400,1.649796
22.1600,2.584883
22.1800,2.873303
22.2000,3.600000
22.2200,3.600000
22.2400,3.600000
22.2600,3.600000
22.2800,3.600000
22.3000,3.464375
22.3200,2.718711
22.3400,1.488334
22.3600,0.848599
22.3800,0.480920
22.4000,0.318351
22.4200,0.399919
22.4400,0.644845
22.4600,0.447999
22.4800,0.339386
22.5000,0.124883
22.5200,0.097013
22.5400,0.139956
22.5600,0.133710
22.5800,0.320662
22.6000,0.242754
22.6200,0.156258
22.6400,0.230174
22.6600,0.191273
22.6800,0.101019
22.7000,0.099042
22.7200,0.223905
22.7400,0.209084
22.7600,0.162820
22.7800,0.262646
22.8000,0.300027
22.8200,0.677176
22.8400,1.084073
22.8600,1.444872
22.8800,1.380175
22.9000,1.523555
22.9200,1.024203
22.9400,1.007947
22.9600,1.213410
22.9800,1.201827
23.0000,0.828650
23.0200,0.660220
23.0400,0.953960
23.0600,1.464321
23.0800,1.749178
23.1000,2.079545
23.1200,2.343575
23.1400,2.034417
23.1600,1.705975
23.1800,1.441204
23.2000,1.295843
23.2200,0.790802
23.2400,0.982347
23.2600,1.731047
23.2800,2.682341
23.3000,2.843155
23.3200,2.228290
23.3400,1.604539
23.3600,1.082217
23.3800,1.593440
23.4000,2.478548
23.4200,2.009977
23.4400,1.155461
23.4600,0.823965
23.4800,0.528933
23.5000,0.302951
23.5200,0.177932
23.5400,0.153442
23.5600,0.172353
23.5800,0.202739
23.6000,0.231140
23.6200,0.507822
23.6400,0.659881
23.6600,1.304354
23.6800,1.042940
23.7000,0.690721
23.7200,0.763086
23.7400,1.236147
23.7600,1.517985
23.7800,1.392538
23.8000,1.293097
23.8200,1.717025
23.8400,2.634431
23.8600,3.228480
23.8800,2.796718
23.9000,2.557092
23.9200,2.724486
23.9400,2.686326
23.9600,2.878982
23.9800,3.172268
24.0000,2.912671
24.0200,2.469458
24.0400,1.774091
24.0600,0.949571
24.0800,0.613784
24.1000,0.470314
24.1200,0.378206
24.1400,0.813892
24.1600,0.891864
24.1800,0.589639
24.2000,0.384683
24.2200,0.347233
24.2400,0.341383
24.2600,0.309212
24.2800,0.352313
24.3000,0.318822
24.3200,0.464914
24.3400,0.695938
24.3600,0.837264
24.3800,0.820187
24.4000,0.786306
24.4200,1.180264
24.4400,0.844596
24.4600,0.557202
24.4800,0.714152
24.5000,1.060253
24.5200,1.947188
24.5400,2.016136
24.5600,2.104388
24.5800,1.725278
24.6000,1.354504
24.6200,1.353506
24.6400,1.649796
24.6600,2.584883
24.6800,2.873303
24.7000,3.600000
24.7200,3.600000
24.7400,3.600000
24.7600,3.600000
24.7800,3.600000
24.8000,3.464375
24.8200,2.718711
24.8400,1.488334
24.8600,0.848599
24.8800,0.480920
24.9000,0.318351
24.9200,0.399919
24.9400,0.644845
24.9600,0.447999
24.9800,0.339386
25.0000,0.124883
25.0200,0.097013
25.0400,0.139956
25.0600,0.133710
25.0800,0.320662
25.1000,0.242754
25.1200,0.156258
25.1400,0.230174
25.1600,0.191273
25.1800,0.101019
25.2000,0.099042
25.2200,0.223905
25.2400,0.209084
25.2600,0.162820
25.2800,0.262646
25.3000,0.300027
25.3200,0.677176
25.3400,1.084073
25.3600,1.444872
25.3800,1.380175
25.4000,1.523555
25.4200,1.024203
25.4400,1.007947
25.4600,1.213410
25.4800,1.201827
25.5000,0.828650
25.5200,0.660220
25.5400,0.953960
25.5600,1.464321
25.5800,1.749178
25.6000,2.079545
25.6200,2.343575
25.6400,2.034417
25.6600,1.705975
25.6800,1.441204
25.7000,1.295843
25.7200,0.790802
25.7400,0.982347
25.7600,1.731047
25.7800,2.682341
25.8000,2.843155
25.8200,2.228290
25.8400,1.604539
25.8600,1.082217
25.8800,1.593440
25.9000,2.478548
25.9200,2.009977
25.9400,1.155461
25.9600,0.823965
25.9800,0.528933
26.0000,0.302951
26.0200,0.177932
26.0400,0.153442
26.0600,0.172353
26.0800,0.202739
26.1000,0.231140
26.1200,0.507822
26.1400,0.659881
26.1600,1.304354
26.1800,1.042940
26.2000,0.690721
26.2200,0.763086
26.2400,1.236147
26.2600,1.517985
26.2800,1.392538
26.3000,1.293097
26.3200,1.717025
26.3400,2.634431
26.3600,3.228480
26.3800,2.796718
26.4000,2.557092
26.4200,2.724486
26.4400,2.686326
26.4600,2.878982
26.4800,3.172268
26.5000,2.912671
26.5200,2.469458
26.5400,1.774091
26.5600,0.949571
26.5800,0.613784
26.6000,0.470314
26.6200,0.378206
26.6400,0.813892
26.6600,0.891864
26.6800,0.589639
26.7000,0.384683
26.7200,0.347233
26.7400,0.341383
26.7600,0.309212
26.7800,0.352313
26.8000,0.318822
26.8200,0.464914
26.8400,0.695938
26.8600,0.837264
26.8800,0.820187
26.9000,0.786306
26.9200,1.180264
26.9400,0.844596
26.9600,0.557202
26.9800,0.714152
27.0000,1.060253
27.0200,1.947188
27.0400,2.016136
27.0600,2.104388
27.0800,1.725278
27.1000,1.354504
27.1200,1.353506
27.1400,1.649796
27.1600,2.584883
27.1800,2.873303
27.2000,3.600000
27.2200,3.600000
27.2400,3.600000
27.2600,3.600000
27.2800,3.600000
27.3000,3.464375
27.3200,2.718711
27.3400,1.488334
27.3600,0.848599
27.3800,0.480920
27.4000,0.318351
27.4200,0.399919
27.4400,0.644845
27.4600,0.447999
27.4800,0.339386
27.5000,0.124883
27.5200,0.097013
27.5400,0.139956
27.5600,0.133710
27.5800,0.320662
27.6000,0.242754
27.6200,0.156258
27.6400,0.230174
27.6600,0.191273
27.6800,0.101019
27.7000,0.099042
27.7200,0.223905
27.7400,0.209084
27.7600,0.162820
27.7800,0.262646
27.8000,0.300027
27.8200,0.677176
27.8400,1.084073
27.8600,1.444872
27.8800,1.380175
27.9000,1.523555
27.9200,1.024203
27.9400,1.007947
27.9600,1.213410
27.9800,1.201827
28.0000,0.828650
28.0200,0.660220
28.0400,0.953960
28.0600,1.464321
28.0800,1.749178
28.1000,2.079545
28.1200,2.343575
28.1400,2.034417
28.1600,1.705975
28.1800,1.441204
28.2000,1.295843
28.2200,0.790802
28.2400,0.982347
28.2600,1.731047
28.2800,2.682341
28.3000,2.843155
28.3200,2.228290
28.3400,1.604539
28.3600,1.082217
28.3800,1.593440
28.4000,2.478548
28.4200,2.009977
28.4400,1.155461
28.4600,0.823965
28.4800,0.528933
28.5000,0.302951
28.5200,0.177932
28.5400,0.153442
28.5600,0.172353
28.5800,0.202739
28.6000,0.231140
28.6200,0.507822
28.6400,0.659881
28.6600,1.304354
28.6800,1.042940
28.7000,0.690721
28.7200,0.763086
28.7400,1.236147
28.7600,1.517985
28.7800,1.392538
28.8000,1.293097
28.8200,1.717025
28.8400,2.634431
28.8600,3.228480
28.8800,2.796718
28.9000,2.557092
28.9200,2.724486
28.9400,2.686326
28.9600,2.878982
28.9800,3.172268
29.0000,2.912671
29.0200,2.469458
29.0400,1.774091
29.0600,0.949571
29.0800,0.613784
29.1000,0.470314
29.1200,0.378206
29.1400,0.813892
29.1600,0.891864
29.1800,0.589639
29.2000,0.384683
29.2200,0.347233
29.2400,0.341383
29.2600,0.309212
29.2800,0.352313
29.3000,0.318822
29.3200,0.464914
29.3400,0.695938
29.3600,0.837264
29.3800,0.820187
29.4000,0.786306
29.4200,1.180264
29.4400,0.844596
29.4600,0.557202
29.4800,0.714152
29.5000,1.060253
29.5200,1.947188
29.5400,2.016136
29.5600,2.104388
29.5800,1.725278
29.6000,1.354504
29.6200,1.353506
29.6400,1.649796
29.6600,2.584883
29.6800,2.873303
29.7000,3.600000
29.7200,3.600000
29.7400,3.600000
29.7600,3.600000
29.7800,3.600000
29.8000,3.464375
29.8200,2.718711
29.8400,1.488334
29.8600,0.848599
29.8800,0.480920
29.9000,0.318351
29.9200,0.399919
29.9400,0.644845
29.9600,0.447999
29.9800,0.339386
30.0000,0.124883
30.0200,0.097013
30.0400,0.139956
30.0600,0.133710
30.0800,0.320662
30.1000,0.242754
30.1200,0.156258
30.1400,0.230174
30.1600,0.191273
30.1800,0.101019
30.2000,0.099042
30.2200,0.223905
30.2400,0.209084
30.2600,0.162820
30.2800,0.262646
30.3000,0.300027
30.3200,0.677176
30.3400,1.084073
30.3600,1.444872
30.3800,1.380175
30.4000,1.523555
30.4200,1.024203
30.4400,1.007947
30.4600,1.213410
30.4800,1.201827
30.5000,0.828650
30.5200,0.660220
30.5400,0.953960
30.5600,1.464321
30.5800,1.749178
30.6000,2.079545
30.6200,2.343575
30.6400,2.034417
30.6600,1.705975
30.6800,1.441204
30.7000,1.295843
30.7200,0.790802
30.7400,0.982347
30.7600,1.731047
30.7800,2.682341
30.8000,2.843155
30.8200,2.228290
30.8400,1.604539
30.8600,1.082217
30.8800,1.593440
30.9000,2.478548
30.9200,2.009977
30.9400,1.155461
30.9600,0.823965
30.9800,0.528933
31.0000,0.302951
31.0200,0.177932
31.0400,0.153442
31.0600,0.172353
31.0800,0.202739
31.1000,0.231140
31.1200,0.507822
31.1400,0.659881
31.1600,1.304354
31.1800,1.042940
31.2000,0.690721
31.2200,0.763086
31.2400,1.236147
31.2600,1.517985
31.2800,1.392538
31.3000,1.293097
31.3200,1.717025
31.3400,2.634431
31.3600,3.228480
31.3800,2.796718
31.4000,2.557092
31.4200,2.724486
31.4400,2.686326
31.4600,2.878982
31.4800,3.172268
31.5000,2.912671
31.5200,2.469458
31.5400,1.774091
31.5600,0.949571
31.5800,0.613784
31.6000,0.470314
31.6200,0.378206
31.6400,0.813892
31.6600,0.891864
31.6800,0.589639
31.7000,0.384683
31.7200,0.347233
31.7400,0.341383
31.7600,0.309212
31.7800,0.352313
31.8000,0.318822
31.8200,0.464914
31.8400,0.695938
31.8600,0.837264
31.8800,0.820187
31.9000,0.786306
31.9200,1.180264
31.9400,0.844596
31.9600,0.557202
31.9800,0.714152
32.0000,1.060253
32.0200,1.947188
32.0400,2.016136
32.0600,2.104388
32.0800,1.725278
32.1000,1.354504
32.1200,1.353506
32.1400,1.649796
32.1600,2.584883
32.1800,2.873303
32.2000,3.600000
32.2200,3.600000
32.2400,3.600000
32.2600,3.600000
32.2800,3.600000
32.3000,3.464375
32.3200,2.718711
32.3400,1.488334
32.3600,0.848599
32.3800,0.480920
32.4000,0.318351
32.4200,0.399919
32.4400,0.644845
32.4600,0.447999
32.4800,0.339386
32.5000,0.124883
32.5200,0.097013
32.5400,0.139956
32.5600,0.133710
32.5800,0.320662
32.6000,0.242754
32.6200,0.156258
32.6400,0.230174
32.6600,0.191273
32.6800,0.101019
32.7000,0.099042
32.7200,0.223905
32.7400,0.209084
32.7600,0.162820
32.7800,0.262646
32.8000,0.300027
32.8200,0.677176
32.8400,1.084073
32.8600,1.444872
32.8800,1.380175
32.9000,1.523555
32.9200,1.024203
32.9400,1.007947
32.9600,1.213410
32.9800,1.201827
33.0000,0.828650
33.0200,0.660220
33.0400,0.953960
33.0600,1.464321
33.0800,1.749178
33.1000,2.079545
33.1200,2.343575
33.1400,2.034417
33.1600,1.705975
33.1800,1.441204
33.2000,1.295843
33.2200,0.790802
33.2400,0.982347
33.2600,1.731047
33.2800,2.682341
33.3000,2.843155
33.3200,2.228290
33.3400,1.604539
33.3600,1.082217
33.3800,1.593440
33.4000,2.478548
33.4200,2.009977
33.4400,1.155461
33.4600,0.823965
33.4800,0.528933
33.5000,0.302951
33.5200,0.177932
33.5400,0.153442
33.5600,0.172353
33.5800,0.202739
33.6000,0.231140
33.6200,0.507822
33.6400,0.659881
33.6600,1.304354
33.6800,1.042940
33.7000,0.690721
33.7200,0.763086
33.7400,1.236147
33.7600,1.517985
33.7800,1.392538
33.8000,1.293097
33.8200,1.717025
33.8400,2.634431
33.8600,3.228480
33.8800,2.796718
33.9000,2.557092
33.9200,2.724486
33.9400,2.686326
33.9600,2.878982
33.9800,3.172268
34.0000,2.912671
34.0200,2.469458
34.0400,1.774091
34.0600,0.949571
34.0800,0.613784
34.1000,0.470314
34.1200,0.378206
34.1400,0.813892
34.1600,0.891864
34.1800,0.589639
34.2000,0.384683
34.2200,0.347233
34.2400,0.341383
34.2600,0.309212
34.2800,0.352313
34.3000,0.318822
34.3200,0.464914
34.3400,0.695938
34.3600,0.837264
34.3800,0.820187
34.4000,0.786306
34.4200,1.180264
34.4400,0.844596
34.4600,0.557202
34.4800,0.714152
34.5000,1.060253
34.5200,1.947188
34.5400,2.016136
34.5600,2.104388
34.5800,1.725278
34.6000,1.354504
34.6200,1.353506
34.6400,1.649796
34.6600,2.584883
34.6800,2.873303
34.7000,3.600000
34.7200,3.600000
34.7400,3.600000
34.7600,3.600000
34.7800,3.600000
34.8000,3.464375
34.8200,2.718711
34.8400,1.488334
34.8600,0.848599
34.8800,0.480920
34.9000,0.318351
34.9200,0.399919
34.9400,0.644845
34.9600,0.447999
34.9800,0.339386
35.0000,0.124883
35.0200,0.097013
35.0400,0.139956
35.0600,0.133710
35.0800,0.320662
35.1000,0.242754
35.1200,0.156258
35.1400,0.230174
35.1600,0.191273
35.1800,0.101019
35.2000,0.099042
35.2200,0.223905
35.2400,0.209084
35.2600,0.162820
35.2800,0.262646
35.3000,0.300027
35.3200,0.677176
35.3400,1.084073
35.3600,1.444872
35.3800,1.380175
35.4000,1.523555
35.4200,1.024203
35.4400,1.007947
35.4600,1.213410
35.4800,1.201827
35.5000,0.828650
35.5200,0.660220
35.5400,0.953960
35.5600,1.464321
35.5800,1.749178
35.6000,2.079545
35.6200,2.343575
35.6400,2.034417
35.6600,1.705975
35.6800,1.441204
35.7000,1.295843
35.7200,0.790802
35.7400,0.982347
35.7600,1.731047
35.7800,2.682341
35.8000,2.843155
35.8200,2.228290
35.8400,1.604539
35.8600,1.082217
35.8800,1.593440
35.9000,2.478548
35.9200,2.009977
35.9400,1.155461
35.9600,0.823965
35.9800,0.528933
36.0000,0.302951
36.0200,0.177932
36.0400,0.153442
36.0600,0.172353
36.0800,0.202739
36.1000,0.231140
36.1200,0.507822
36.1400,0.659881
36.1600,1.304354
36.1800,1.042940
36.2000,0.690721
36.2200,0.763086
36.2400,1.236147
36.2600,1.517985
36.2800,1.392538
36.3000,1.293097
36.3200,1.717025
36.3400,2.634431
36.3600,3.228480
36.3800,2.796718
36.4000,2.557092
36.4200,2.724486
36.4400,2.686326
36.4600,2.878982
36.4800,3.172268
36.5000,2.912671
36.5200,2.469458
36.5400,1.774091
36.5600,0.949571
36.5800,0.613784
36.6000,0.470314
36.6200,0.378206
36.6400,0.813892
36.6600,0.891864
36.6800,0.589639
36.7000,0.384683
36.7200,0.347233
36.7400,0.341383
36.7600,0.309212
36.7800,0.352313
36.8000,0.318822
36.8200,0.464914
36.8400,0.695938
36.8600,0.837264
36.8800,0.820187
36.9000,0.786306
36.9200,1.180264
36.9400,0.844596
36.9600,0.557202
36.9800,0.714152
37.0000,1.060253
37.0200,1.947188
37.0400,2.016136
37.0600,2.104388
37.0800,1.725278
37.1000,1.354504
37.1200,1.353506
37.1400,1.649796
37.1600,2.584883
37.1800,2.873303
37.2000,3.600000
37.2200,3.600000
37.2400,3.600000
37.2600,3.600000
37.2800,3.600000
37.3000,3.464375
37.3200,2.718711
37.3400,1.488334
37.3600,0.848599
37.3800,0.480920
37.4000,0.318351
37.4200,0.399919
37.4400,0.644845
37.4600,0.447999
37.4800,0.339386
37.5000,0.124883
37.5200,0.097013
37.5400,0.139956
37.5600,0.133710
37.5800,0.320662
37.6000,0.242754
37.6200,0.156258
37.6400,0.230174
37.6600,0.191273
37.6800,0.101019
37.7000,0.099042
37.7200,0.223905
37.7400,0.209084
37.7600,0.162820
37.7800,0.262646
37.8000,0.300027
37.8200,0.677176
37.8400,1.084073
37.8600,1.444872
37.8800,1.380175
37.9000,1.523555
37.9200,1.024203
37.9400,1.007947
37.9600,1.213410
37.9800,1.201827
38.0000,0.828650
38.0200,0.660220
38.0400,0.953960
38.0600,1.464321
38.0800,1.749178
38.1000,2.079545
38.1200,2.343575
38.1400,2.034417
38.1600,1.705975
38.1800,1.441204
38.2000,1.295843
38.2200,0.790802
38.2400,0.982347
38.2600,1.731047
38.2800,2.682341
38.3000,2.843155
38.3200,2.228290
38.3400,1.604539
38.3600,1.082217
38.3800,1.593440
38.4000,2.478548
38.4200,2.009977
38.4400,1.155461
38.4600,0.823965
38.4800,0.528933
38.5000,0.302951
38.5200,0.177932
38.5400,0.153442
38.5600,0.172353
38.5800,0.202739
38.6000,0.231140
38.6200,0.507822
38.6400,0.659881
38.6600,1.304354
38.6800,1.042940
38.7000,0.690721
38.7200,0.763086
38.7400,1.236147
38.7600,1.517985
38.7800,1.392538
38.8000,1.293097
38.8200,1.717025
38.8400,2.634431
38.8600,3.228480
38.8800,2.796718
38.9000,2.557092
38.9200,2.724486
38.9400,2.686326
38.9600,2.878982
38.9800,3.172268
39.0000,2.912671
39.0200,2.469458
39.0400,1.774091
39.0600,0.949571
39.0800,0.613784
39.1000,0.470314
39.1200,0.378206
39.1400,0.813892
39.1600,0.891864
39.1800,0.589639
39.2000,0.384683
39.2200,0.347233
39.2400,0.341383
39.2600,0.309212
39.2800,0.352313
39.3000,0.318822
39.3200,0.464914
39.3400,0.695938
39.3600,0.837264
39.3800,0.820187
39.4000,0.786306
39.4200,1.180264
39.4400,0.844596
39.4600,0.557202
39.4800,0.714152
39.5000,1.060253
39.5200,1.947188
39.5400,2.016136
39.5600,2.104388
39.5800,1.725278
39.6000,1.354504
39.6200,1.353506
39.6400,1.649796
39.6600,2.584883
39.6800,2.873303
39.7000,3.600000
39.7200,3.600000
39.7400,3.600000
39.7600,3.600000
39.7800,3.600000
39.8000,3.464375
39.8200,2.718711
39.8400,1.488334
39.8600,0.848599
39.8800,0.480920
39.9000,0.318351
39.9200,0.399919
39.9400,0.644845
39.9600,0.447999
39.9800,0.339386
40.0000,0.124883
40.0200,0.097013
40.0400,0.139956
40.0600,0.133710
40.0800,0.320662
40.1000,0.242754
40.1200,0.156258
40.1400,0.230174
40.1600,0.191273
40.1800,0.101019
40.2000,0.099042
40.2200,0.223905
40.2400,0.209084
40.2600,0.162820
40.2800,0.262646
40.3000,0.300027
40.3200,0.677176
40.3400,1.084073
40.3600,1.444872
40.3800,1.380175
40.4000,1.523555
40.4200,1.024203
40.4400,1.007947
40.4600,1.213410
40.4800,1.201827
40.5000,0.828650
40.5200,0.660220
40.5400,0.953960
40.5600,1.464321
40.5800,1.749178
40.6000,2.079545
40.6200,2.343575
40.6400,2.034417
40.6600,1.705975
40.6800,1.441204
40.7000,1.295843
40.7200,0.790802
40.7400,0.982347
40.7600,1.731047
40.7800,2.682341
40.8000,2.843155
40.8200,2.228290
40.8400,1.604539
40.8600,1.082217
40.8800,1.593440
40.9000,2.478548
40.9200,2.009977
40.9400,1.155461
40.9600,0.823965
40.9800,0.528933
41.0000,0.302951
41.0200,0.177932
41.0400,0.153442
41.0600,0.172353
41.0800,0.202739
41.1000,0.231140
41.1200,0.507822
41.1400,0.659881
41.1600,1.304354
41.1800,1.042940
41.2000,0.690721
41.2200,0.763086
41.2400,1.236147
41.2600,1.517985
41.2800,1.392538
41.3000,1.293097
41.3200,1.717025
41.3400,2.634431
41.3600,3.228480
41.3800,2.796718
41.4000,2.557092
41.4200,2.724486
41.4400,2.686326
41.4600,2.878982
41.4800,3.172268
41.5000,2.912671
41.5200,2.469458
41.5400,1.774091
41.5600,0.949571
41.5800,0.613784
41.6000,0.470314
41.6200,0.378206
41.6400,0.813892
41.6600,0.891864
41.6800,0.589639
41.7000,0.384683
41.7200,0.347233
41.7400,0.341383
41.7600,0.309212
41.7800,0.352313
41.8000,0.318822
41.8200,0.464914
41.8400,0.695938
41.8600,0.837264
41.8800,0.820187
41.9000,0.786306
41.9200,1.180264
41.9400,0.844596
41.9600,0.557202
41.9800,0.714152
42.0000,1.060253
42.0200,1.947188
42.0400,2.016136
42.0600,2.104388
42.0800,1.725278
42.1000,1.354504
42.1200,1.353506
42.1400,1.649796
42.1600,2.584883
42.1800,2.873303
42.2000,3.600000
42.2200,3.600000
42.2400,3.600000
42.2600,3.600000
42.2800,3.600000
42.3000,3.464375
42.3200,2.718711
42.3400,1.488334
42.3600,0.848599
42.3800,0.480920
42.4000,0.318351
42.4200,0.399919
42.4400,0.644845
42.4600,0.447999
42.4800,0.339386
42.5000,0.124883
42.5200,0.097013
42.5400,0.139956
42.5600,0.133710
42.5800,0.320662
42.6000,0.242754
42.6200,0.156258
42.6400,0.230174
42.6600,0.191273
42.6800,0.101019
42.7000,0.099042
42.7200,0.223905
42.7400,0.209084
42.7600,0.162820
42.7800,0.262646
42.8000,0.300027
42.8200,0.677176
42.8400,1.084073
42.8600,1.444872
42.8800,1.380175
42.9000,1.523555
42.9200,1.024203
42.9400,1.007947
42.9600,1.213410
42.9800,1.201827
43.0000,0.828650
43.0200,0.660220
43.0400,0.953960
43.0600,1.464321
43.0800,1.749178
43.1000,2.079545
43.1200,2.343575
43.1400,2.034417
43.1600,1.705975
43.1800,1.441204
43.2000,1.295843
43.2200,0.790802
43.2400,0.982347
43.2600,1.731047
43.2800,2.682341
43.3000,2.843155
43.3200,2.228290
43.3400,1.604539
43.3600,1.082217
43.3800,1.593440
43.4000,2.478548
43.4200,2.009977
43.4400,1.155461
43.4600,0.823965
43.4800,0.528933
43.5000,0.302951
43.5200,0.177932
43.5400,0.153442
43.5600,0.172353
43.5800,0.202739
43.6000,0.231140
43.6200,0.507822
43.6400,0.659881
43.6600,1.304354
43.6800,1.042940
43.7000,0.690721
43.7200,0.763086
43.7400,1.236147
43.7600,1.517985
43.7800,1.392538
43.8000,1.293097
43.8200,1.717025
43.8400,2.634431
43.8600,3.228480
43.8800,2.796718
43.9000,2.557092
43.9200,2.724486
43.9400,2.686326
43.9600,2.878982
43.9800,3.172268
44.0000,2.912671
44.0200,2.469458
44.0400,1.774091
44.0600,0.949571
44.0800,0.613784
44.1000,0.470314
44.1200,0.378206
44.1400,0.813892
44.1600,0.891864
44.1800,0.589639
44.2000,0.384683
44.2200,0.347233
44.2400,0.341383
44.2600,0.309212
44.2800,0.352313
44.3000,0.318822
44.3200,0.464914
44.3400,0.695938
44.3600,0.837264
44.3800,0.820187
44.4000,0.786306
44.4200,1.180264
44.4400,0.844596
44.4600,0.557202
44.4800,0.714152
44.5000,1.060253
44.5200,1.947188
44.5400,2.016136
44.5600,2.104388
44.5800,1.725278
44.6000,1.354504
44.6200,1.353506
44.6400,1.649796
44.6600,2.584883
44.6800,2.873303
44.7000,3.600000
44.7200,3.600000
44.7400,3.600000
44.7600,3.600000
44.7800,3.600000
44.8000,3.464375
44.8200,2.718711
44.8400,1.488334
44.8600,0.848599
44.8800,0.480920
44.9000,0.318351
44.9200,0.399919
44.9400,0.644845
44.9600,0.447999
44.9800,0.339386
45.0000,0.124883
45.0200,0.097013
45.0400,0.139956
45.0600,0.133710
45.0800,0.320662
45.1000,0.242754
45.1200,0.156258
45.1400,0.230174
45.1600,0.191273
45.1800,0.101019
45.2000,0.099042
45.2200,0.223905
45.2400,0.209084
45.2600,0.162820
45.2800,0.262646
45.3000,0.300027
45.3200,0.677176
45.3400,1.084073
45.3600,1.444872
45.3800,1.380175
45.4000,1.523555
45.4200,1.024203
45.4400,1.007947
45.4600,1.213410
45.4800,1.201827
45.5000,0.828650
45.5200,0.660220
45.5400,0.953960
45.5600,1.464321
45.5800,1.749178
45.6000,2.079545
45.6200,2.343575
45.6400,2.034417
45.6600,1.705975
45.6800,1.441204
45.7000,1.295843
45.7200,0.790802
45.7400,0.982347
45.7600,1.731047
45.7800,2.682341
45.8000,2.843155
45.8200,2.228290
45.8400,1.604539
45.8600,1.082217
45.8800,1.593440
45.9000,2.478548
45.9200,2.009977
45.9400,1.155461
45.9600,0.823965
45.9800,0.528933
46.0000,0.302951
46.0200,0.177932
46.0400,0.153442
46.0600,0.172353
46.0800,0.202739
46.1000,0.231140
46.1200,0.507822
46.1400,0.659881
46.1600,1.304354
46.1800,1.042940
46.2000,0.690721
46.2200,0.763086
46.2400,1.236147
46.2600,1.517985
46.2800,1.392538
46.3000,1.293097
46.3200,1.717025
46.3400,2.634431
46.3600,3.228480
46.3800,2.796718
46.4000,2.557092
46.4200,2.724486
46.4400,2.686326
46.4600,2.878982
46.4800,3.172268
46.5000,2.912671
46.5200,2.469458
46.5400,1.774091
46.5600,0.949571
46.5800,0.613784
46.6000,0.470314
46.6200,0.378206
46.6400,0.813892
46.6600,0.891864
46.6800,0.589639
46.7000,0.384683
46.7200,0.347233
46.7400,0.341383
46.7600,0.309212
46.7800,0.352313
46.8000,0.318822
46.8200,0.464914
46.8400,0.695938
46.8600,0.837264
46.8800,0.820187
46.9000,0.786306
46.9200,1.180264
46.9400,0.844596
46.9600,0.557202
46.9800,0.714152
47.0000,1.060253
47.0200,1.947188
47.0400,2.016136
47.0600,2.104388
47.0800,1.725278
47.1000,1.354504
47.1200,1.353506
47.1400,1.649796
47.1600,2.584883
47.1800,2.873303
47.2000,3.600000
47.2200,3.600000
47.2400,3.600000
47.2600,3.600000
47.2800,3.600000
47.3000,3.464375
47.3200,2.718711
47.3400,1.488334
47.3600,0.848599
47.3800,0.480920
47.4000,0.318351
47.4200,0.399919
47.4400,0.644845
47.4600,0.447999
47.4800,0.339386
47.5000,0.124883
47.5200,0.097013
47.5400,0.139956
47.5600,0.133710
47.5800,0.320662
47.6000,0.242754
47.6200,0.156258
47.6400,0.230174
47.6600,0.191273
47.6800,0.101019
47.7000,0.099042
47.7200,0.223905
47.7400,0.209084
47.7600,0.162820
47.7800,0.262646
47.8000,0.300027
47.8200,0.677176
47.8400,1.084073
47.8600,1.444872
47.8800,1.380175
47.9000,1.523555
47.9200,1.024203
47.9400,1.007947
47.9600,1.213410
47.9800,1.201827
48.0000,0.828650
48.0200,0.660220
48.0400,0.953960
48.0600,1.464321
48.0800,1.749178
48.1000,2.079545
48.1200,2.343575
48.1400,2.034417
48.1600,1.705975
48.1800,1.441204
48.2000,1.295843
48.2200,0.790802
48.2400,0.982347
48.2600,1.731047
48.2800,2.682341
48.3000,2.843155
48.3200,2.228290
48.3400,1.604539
48.3600,1.082217
48.3800,1.593440
48.4000,2.478548
48.4200,2.009977
48.4400,1.155461
48.4600,0.823965
48.4800,0.528933
48.5000,0.302951
48.5200,0.177932
48.5400,0.153442
48.5600,0.172353
48.5800,0.202739
48.6000,0.231140
48.6200,0.507822
48.6400,0.659881
48.6600,1.304354
48.6800,1.042940
48.7000,0.690721
48.7200,0.763086
48.7400,1.236147
48.7600,1.517985
48.7800,1.392538
48.8000,1.293097
48.8200,1.717025
48.8400,2.634431
48.8600,3.228480
48.8800,2.796718
48.9000,2.557092
48.9200,2.724486
48.9400,2.686326
48.9600,2.878982
48.9800,3.172268
49.0000,2.912671
49.0200,2.469458
49.0400,1.774091
49.0600,0.949571
49.0800,0.613784
49.1000,0.470314
49.1200,0.378206
49.1400,0.813892
49.1600,0.891864
49.1800,0.589639
49.2000,0.384683
49.2200,0.347233
49.2400,0.341383
49.2600,0.309212
49.2800,0.352313
49.3000,0.318822
49.3200,0.464914
49.3400,0.695938
49.3600,0.837264
49.3800,0.820187
49.4000,0.786306
49.4200,1.180264
49.4400,0.844596
49.4600,0.557202
49.4800,0.714152
49.5000,1.060253
49.5200,1.947188
49.5400,2.016136
49.5600,2.104388
49.5800,1.725278
49.6000,1.354504
49.6200,1.353506
49.6400,1.649796
49.6600,2.584883
49.6800,2.873303
49.7000,3.600000
49.7200,3.600000
49.7400,3.600000
49.7600,3.600000
49.7800,3.600000
49.8000,3.464375
49.8200,2.718711
49.8400,1.488334
49.8600,0.848599
49.8800,0.480920
49.9000,0.318351
49.9200,0.399919
49.9400,0.644845
49.9600,0.447999
49.9800,0.339386
50.0000,0.124883
50.0200,0.097013
50.0400,0.139956
50.0600,0.133710
50.0800,0.320662
50.1000,0.242754
50.1200,0.156258
50.1400,0.230174
50.1600,0.191273
50.1800,0.101019
50.2000,0.099042
50.2200,0.223905
50.2400,0.209084
50.2600,0.162820
50.2800,0.262646
50.3000,0.300027
50.3200,0.677176
50.3400,1.084073
50.3600,1.444872
50.3800,1.380175
50.4000,1.523555
50.4200,1.024203
50.4400,1.007947
50.4600,1.213410
50.4800,1.201827
50.5000,0.828650
50.5200,0.660220
50.5400,0.953960
50.5600,1.464321
50.5800,1.749178
50.6000,2.079545
50.6200,2.343575
50.6400,2.034417
50.6600,1.705975
50.6800,1.441204
50.7000,1.295843
50.7200,0.790802
50.7400,0.982347
50.7600,1.731047
50.7800,2.682341
50.8000,2.843155
50.8200,2.228290
50.8400,1.604539
50.8600,1.082217
50.8800,1.593440
50.9000,2.478548
50.9200,2.009977
50.9400,1.155461
50.9600,0.823965
50.9800,0.528933
51.0000,0.302951
51.0200,0.177932
51.0400,0.153442
51.0600,0.172353
51.0800,0.202739
51.1000,0.231140
51.1200,0.507822
51.1400,0.659881
51.1600,1.304354
51.1800,1.042940
51.2000,0.690721
51.2200,0.763086
51.2400,1.236147
51.2600,1.517985
51.2800,1.392538
51.3000,1.293097
51.3200,1.717025
51.3400,2.634431
51.3600,3.228480
51.3800,2.796718
51.4000,2.557092
51.4200,2.724486
51.4400,2.686326
51.4600,2.878982
51.4800,3.172268
51.5000,2.912671
51.5200,2.469458
51.5400,1.774091
51.5600,0.949571
51.5800,0.613784
51.6000,0.470314
51.6200,0.378206
51.6400,0.813892
51.6600,0.891864
51.6800,0.589639
51.7000,0.384683
51.7200,0.347233
51.7400,0.341383
51.7600,0.309212
51.7800,0.352313
51.8000,0.318822
51.8200,0.464914
51.8400,0.695938
51.8600,0.837264
51.8800,0.820187
51.9000,0.786306
51.9200,1.180264
51.9400,0.844596
51.9600,0.557202
51.9800,0.714152
52.0000,1.060253
52.0200,1.947188
52.0400,2.016136
52.0600,2.104388
52.0800,1.725278
52.1000,1.354504
52.1200,1.353506
52.1400,1.649796
52.1600,2.584883
52.1800,2.873303
52.2000,3.600000
52.2200,3.600000
52.2400,3.600000
52.2600,3.600000
52.2800,3.600000
52.3000,3.464375
52.3200,2.718711
52.3400,1.488334
52.3600,0.848599
52.3800,0.480920
52.4000,0.318351
52.4200,0.399919
52.4400,0.644845
52.4600,0.447999
52.4800,0.339386
52.5000,0.124883
52.5200,0.097013
52.5400,0.139956
52.5600,0.133710
52.5800,0.320662
52.6000,0.242754
52.6200,0.156258
52.6400,0.230174
52.6600,0.191273
52.6800,0.101019
52.7000,0.099042
52.7200,0.223905
52.7400,0.209084
52.7600,0.162820
52.7800,0.262646
52.8000,0.300027
52.8200,0.677176
52.8400,1.084073
52.8600,1.444872
52.8800,1.380175
52.9000,1.523555
52.9200,1.024203
52.9400,1.007947
52.9600,1.213410
52.9800,1.201827
53.0000,0.828650
53.0200,0.660220
53.0400,0.953960
53.0600,1.464321
53.0800,1.749178
53.1000,2.079545
53.1200,2.343575
53.1400,2.034417
53.1600,1.705975
53.1800,1.441204
53.2000,1.295843
53.2200,0.790802
53.2400,0.982347
53.2600,1.731047
53.2800,2.682341
53.3000,2.843155
53.3200,2.228290
53.3400,1.604539
53.3600,1.082217
53.3800,1.593440
53.4000,2.478548
53.4200,2.009977
53.4400,1.155461
53.4600,0.823965
53.4800,0.528933
53.5000,0.302951
53.5200,0.177932
53.5400,0.153442
53.5600,0.172353
53.5800,0.202739
53.6000,0.231140
53.6200,0.507822
53.6400,0.659881
53.6600,1.304354
53.6800,1.042940
53.7000,0.690721
53.7200,0.763086
53.7400,1.236147
53.7600,1.517985
53.7800,1.392538
53.8000,1.293097
53.8200,1.717025
53.8400,2.634431
53.8600,3.228480
53.8800,2.796718
53.9000,2.557092
53.9200,2.724486
53.9400,2.686326
53.9600,2.878982
53.9800,3.172268
54.0000,2.912671
54.0200,2.469458
54.0400,1.774091
54.0600,0.949571
54.0800,0.613784
54.1000,0.470314
54.1200,0.378206
54.1400,0.813892
54.1600,0.891864
54.1800,0.589639
54.2000,0.384683
54.2200,0.347233
54.2400,0.341383
54.2600,0.309212
54.2800,0.352313
54.3000,0.318822
54.3200,0.464914
54.3400,0.695938
54.3600,0.837264
54.3800,0.820187
54.4000,0.786306
54.4200,1.180264
54.4400,0.844596
54.4600,0.557202
54.4800,0.714152
54.5000,1.060253
54.5200,1.947188
54.5400,2.016136
54.5600,2.104388
54.5800,1.725278
54.6000,1.354504
54.6200,1.353506
54.6400,1.649796
54.6600,2.584883
54.6800,2.873303
54.7000,3.600000
54.7200,3.600000
54.7400,3.600000
54.7600,3.600000
54.7800,3.600000
54.8000,3.464375
54.8200,2.718711
54.8400,1.488334
54.8600,0.848599
54.8800,0.480920
54.9000,0.318351
54.9200,0.399919
54.9400,0.644845
54.9600,0.447999
54.9800,0.339386
55.0000,0.124883
55.0200,0.097013
55.0400,0.139956
55.0600,0.133710
55.0800,0.320662
55.1000,0.242754
55.1200,0.156258
55.1400,0.230174
55.1600,0.191273
55.1800,0.101019
55.2000,0.099042
55.2200,0.223905
55.2400,0.209084
55.2600,0.162820
55.2800,0.262646
55.3000,0.300027
55.3200,0.677176
55.3400,1.084073
55.3600,1.444872
55.3800,1.380175
55.4000,1.523555
55.4200,1.024203
55.4400,1.007947
55.4600,1.213410
55.4800,1.201827
55.5000,0.828650
55.5200,0.660220
55.5400,0.953960
55.5600,1.464321
55.5800,1.749178
55.6000,2.079545
55.6200,2.343575
55.6400,2.034417
55.6600,1.705975
55.6800,1.441204
55.7000,1.295843
55.7200,0.790802
55.7400,0.982347
55.7600,1.731047
55.7800,2.682341
55.8000,2.843155
55.8200,2.228290
55.8400,1.604539
55.8600,1.082217
55.8800,1.593440
55.9000,2.478548
55.9200,2.009977
55.9400,1.155461
55.9600,0.823965
55.9800,0.528933
56.0000,0.302951
56.0200,0.177932
56.0400,0.153442
56.0600,0.172353
56.0800,0.202739
56.1000,0.231140
56.1200,0.507822
56.1400,0.659881
56.1600,1.304354
56.1800,1.042940
56.2000,0.690721
56.2200,0.763086
56.2400,1.236147
56.2600,1.517985
56.2800,1.392538
56.3000,1.293097
56.3200,1.717025
56.3400,2.634431
56.3600,3.228480
56.3800,2.796718
56.4000,2.557092
56.4200,2.724486
56.4400,2.686326
56.4600,2.878982
56.4800,3.172268
56.5000,2.912671
56.5200,2.469458
56.5400,1.774091
56.5600,0.949571
56.5800,0.613784
56.6000,0.470314
56.6200,0.378206
56.6400,0.813892
56.6600,0.891864
56.6800,0.589639
56.7000,0.384683
56.7200,0.347233
56.7400,0.341383
56.7600,0.309212
56.7800,0.352313
56.8000,0.318822
56.8200,0.464914
56.8400,0.695938
56.8600,0.837264
56.8800,0.820187
56.9000,0.786306
56.9200,1.180264
56.9400,0.844596
56.9600,0.557202
56.9800,0.714152
57.0000,1.060253
57.0200,1.947188
57.0400,2.016136
57.0600,2.104388
57.0800,1.725278
57.1000,1.354504
57.1200,1.353506
57.1400,1.649796
57.1600,2.584883
57.1800,2.873303
57.2000,3.600000
57.2200,3.600000
57.2400,3.600000
57.2600,3.600000
57.2800,3.600000
57.3000,3.464375
57.3200,2.718711
57.3400,1.488334
57.3600,0.848599
57.3800,0.480920
57.4000,0.318351
57.4200,0.399919
57.4400,0.644845
57.4600,0.447999
57.4800,0.339386
57.5000,0.124883
57.5200,0.097013
57.5400,0.139956
57.5600,0.133710
57.5800,0.320662
57.6000,0.242754
57.6200,0.156258
57.6400,0.230174
57.6600,0.191273
57.6800,0.101019
57.7000,0.099042
57.7200,0.223905
57.7400,0.209084
57.7600,0.162820
57.7800,0.262646
57.8000,0.300027
57.8200,0.677176
57.8400,1.084073
57.8600,1.444872
57.8800,1.380175
57.9000,1.523555
57.9200,1.024203
57.9400,1.007947
57.9600,1.213410
57.9800,1.201827
58.0000,0.828650
58.0200,0.660220
58.0400,0.953960
58.0600,1.464321
58.0800,1.749178
58.1000,2.079545
58.1200,2.343575
58.1400,2.034417
58.1600,1.705975
58.1800,1.441204
58.2000,1.295843
58.2200,0.790802
58.2400,0.982347
58.2600,1.731047
58.2800,2.682341
58.3000,2.843155
58.3200,2.228290
58.3400,1.604539
58.3600,1.082217
58.3800,1.593440
58.4000,2.478548
58.4200,2.009977
58.4400,1.155461
58.4600,0.823965
58.4800,0.528933
58.5000,0.302951
58.5200,0.177932
58.5400,0.153442
58.5600,0.172353
58.5800,0.202739
58.6000,0.231140
58.6200,0.507822
58.6400,0.659881
58.6600,1.304354
58.6800,1.042940
58.7000,0.690721
58.7200,0.763086
58.7400,1.236147
58.7600,1.517985
58.7800,1.392538
58.8000,1.293097
58.8200,1.717025
58.8400,2.634431
58.8600,3.228480
58.8800,2.796718
58.9000,2.557092
58.9200,2.724486
58.9400,2.686326
58.9600,2.878982
58.9800,3.172268
59.0000,2.912671
59.0200,2.469458
59.0400,1.774091
59.0600,0.949571
59.0800,0.613784
59.1000,0.470314
59.1200,0.378206
59.1400,0.813892
59.1600,0.891864
59.1800,0.589639
59.2000,0.384683
59.2200,0.347233
59.2400,0.341383
59.2600,0.309212
59.2800,0.352313
59.3000,0.318822
59.3200,0.464914
59.3400,0.695938
59.3600,0.837264
59.3800,0.820187
59.4000,0.786306
59.4200,1.180264
59.4400,0.844596
59.4600,0.557202
59.4800,0.714152
59.5000,1.060253
59.5200,1.947188
59.5400,2.016136
59.5600,2.104388
59.5800,1.725278
59.6000,1.354504
59.6200,1.353506
59.6400,1.649796
59.6600,2.584883
59.6800,2.873303
59.7000,3.600000
59.7200,3.600000
59.7400,3.600000
59.7600,3.600000
59.7800,3.600000
59.8000,3.464375
59.8200,2.718711
59.8400,1.488334
59.8600,0.848599
59.8800,0.480920
59.9000,0.318351
59.9200,0.399919
59.9400,0.644845
59.9600,0.447999
59.9800,0.339386
60.0000,0.124883
60.0200,0.097013
60.0400,0.139956
60.0600,0.133710
60.0800,0.320662
60.1000,0.242754
60.1200,0.156258
60.1400,0.230174
60.1600,0.191273
60.1800,0.101019
60.2000,0.099042
60.2200,0.223905
60.2400,0.209084
60.2600,0.162820
60.2800,0.262646
60.3000,0.300027
60.3200,0.677176
60.3400,1.084073
60.3600,1.444872
60.3800,1.380175
60.4000,1.523555
60.4200,1.024203
60.4400,1.007947
60.4600,1.213410
60.4800,1.201827
60.5000,0.828650
60.5200,0.660220
60.5400,0.953960
60.5600,1.464321
60.5800,1.749178
60.6000,2.079545
60.6200,2.343575
60.6400,2.034417
60.6600,1.705975
60.6800,1.441204
60.7000,1.295843
60.7200,0.790802
60.7400,0.982347
60.7600,1.731047
60.7800,2.682341
60.8000,2.843155
60.8200,2.228290
60.8400,1.604539
60.8600,1.082217
60.8800,1.593440
60.9000,2.478548
60.9200,2.009977
60.9400,1.155461
60.9600,0.823965
60.9800,0.528933
61.0000,0.302951
61.0200,0.177932
61.0400,0.153442
61.0600,0.172353
61.0800,0.202739
61.1000,0.231140
61.1200,0.507822
61.1400,0.659881
61.1600,1.304354
61.1800,1.042940
61.2000,0.690721
61.2200,0.763086
61.2400,1.236147
61.2600,1.517985
61.2800,1.392538
61.3000,1.293097
61.3200,1.717025
61.3400,2.634431
61.3600,3.228480
61.3800,2.796718
61.4000,2.557092
61.4200,2.724486
61.4400,2.686326
61.4600,2.878982
61.4800,3.172268
61.5000,2.912671
61.5200,2.469458
61.5400,1.774091
61.5600,0.949571
61.5800,0.613784
61.6000,0.470314
61.6200,0.378206
61.6400,0.813892
61.6600,0.891864
61.6800,0.589639
61.7000,0.384683
61.7200,0.347233
61.7400,0.341383
61.7600,0.309212
61.7800,0.352313
61.8000,0.318822
61.8200,0.464914
61.8400,0.695938
61.8600,0.837264
61.8800,0.820187
61.9000,0.786306
61.9200,1.180264
61.9400,0.844596
61.9600,0.557202
61.9800,0.714152
62.0000,1.060253
62.0200,1.947188
62.0400,2.016136
62.0600,2.104388
62.0800,1.725278
62.1000,1.354504
62.1200,1.353506
62.1400,1.649796
62.1600,2.584883
62.1800,2.873303
62.2000,3.600000
62.2200,3.600000
62.2400,3.600000
62.2600,3.600000
62.2800,3.600000
62.3000,3.464375
62.3200,2.718711
62.3400,1.488334
62.3600,0.848599
62.3800,0.480920
62.4000,0.318351
62.4200,0.399919
62.4400,0.644845
62.4600,0.447999
62.4800,0.339386
62.5000,0.124883
62.5200,0.097013
62.5400,0.139956
62.5600,0.133710
62.5800,0.320662
62.6000,0.242754
62.6200,0.156258
62.6400,0.230174
62.6600,0.191273
62.6800,0.101019
62.7000,0.099042
62.7200,0.223905
62.7400,0.209084
62.7600,0.162820
62.7800,0.262646
62.8000,0.300027
62.8200,0.677176
62.8400,1.084073
62.8600,1.444872
62.8800,1.380175
62.9000,1.523555
62.9200,1.024203
62.9400,1.007947
62.9600,1.213410
62.9800,1.201827
63.0000,0.828650
63.0200,0.660220
63.0400,0.953960
63.0600,1.464321
63.0800,1.749178
63.1000,2.079545
63.1200,2.343575
63.1400,2.034417
63.1600,1.705975
63.1800,1.441204
63.2000,1.295843
63.2200,0.790802
63.2400,0.982347
63.2600,1.731047
63.2800,2.682341
63.3000,2.843155
63.3200,2.228290
63.3400,1.604539
63.3600,1.082217
63.3800,1.593440
63.4000,2.478548
63.4200,2.009977
63.4400,1.155461
63.4600,0.823965
63.4800,0.528933
63.5000,0.302951
63.5200,0.177932
63.5400,0.153442
63.5600,0.172353
63.5800,0.202739
63.6000,0.231140
63.6200,0.507822
63.6400,0.659881
63.6600,1.304354
63.6800,1.042940
63.7000,0.690721
63.7200,0.763086
63.7400,1.236147
63.7600,1.517985
63.7800,1.392538
63.8000,1.293097
63.8200,1.717025
63.8400,2.634431
63.8600,3.228480
63.8800,2.796718
63.9000,2.557092
63.9200,2.724486
63.9400,2.686326
63.9600,2.878982
63.9800,3.172268
64.0000,2.912671
64.0200,2.469458
64.0400,1.774091
64.0600,0.949571
64.0800,0.613784
64.1000,0.470314
64.1200,0.378206
64.1400,0.813892
64.1600,0.891864
64.1800,0.589639
64.2000,0.384683
64.2200,0.347233
64.2400,0.341383
64.2600,0.309212
64.2800,0.352313
64.3000,0.318822
64.3200,0.464914
64.3400,0.695938
64.3600,0.837264
64.3800,0.820187
64.4000,0.786306
64.4200,1.180264
64.4400,0.844596
64.4600,0.557202
64.4800,0.714152
64.5000,1.060253
64.5200,1.947188
64.5400,2.016136
64.5600,2.104388
64.5800,1.725278
64.6000,1.354504
64.6200,1.353506
64.6400,1.649796
64.6600,2.584883
64.6800,2.873303
64.7000,3.600000
64.7200,3.600000
64.7400,3.600000
64.7600,3.600000
64.7800,3.600000
64.8000,3.464375
64.8200,2.718711
64.8400,1.488334
64.8600,0.848599
64.8800,0.480920
64.9000,0.318351
64.9200,0.399919
64.9400,0.644845
64.9600,0.447999
64.9800,0.339386
65.0000,0.124883
65.0200,0.097013
65.0400,0.139956
65.0600,0.133710
65.0800,0.320662
65.1000,0.242754
65.1200,0.156258
65.1400,0.230174
65.1600,0.191273
65.1800,0.101019
65.2000,0.099042
65.2200,0.223905
65.2400,0.209084
65.2600,0.162820
65.2800,0.262646
65.3000,0.300027
65.3200,0.677176
65.3400,1.084073
65.3600,1.444872
65.3800,1.380175
65.4000,1.523555
65.4200,1.024203
65.4400,1.007947
65.4600,1.213410
65.4800,1.201827
65.5000,0.828650
65.5200,0.660220
65.5400,0.953960
65.5600,1.464321
65.5800,1.749178
65.6000,2.079545
65.6200,2.343575
65.6400,2.034417
65.6600,1.705975
65.6800,1.441204
65.7000,1.295843
65.7200,0.790802
65.7400,0.982347
65.7600,1.731047
65.7800,2.682341
65.8000,2.843155
65.8200,2.228290
65.8400,1.604539
65.8600,1.082217
65.8800,1.593440
65.9000,2.478548
65.9200,2.009977
65.9400,1.155461
65.9600,0.823965
65.9800,0.528933
66.0000,0.302951
66.0200,0.177932
66.0400,0.153442
66.0600,0.172353
66.0800,0.202739
66.1000,0.231140
66.1200,0.507822
66.1400,0.659881
66.1600,1.304354
66.1800,1.042940
66.2000,0.690721
66.2200,0.763086
66.2400,1.236147
66.2600,1.517985
66.2800,1.392538
66.3000,1.293097
66.3200,1.717025
66.3400,2.634431
66.3600,3.228480
66.3800,2.796718
66.4000,2.557092
66.4200,2.724486
66.4400,2.686326
66.4600,2.878982
66.4800,3.172268
66.5000,2.912671
66.5200,2.469458
66.5400,1.774091
66.5600,0.949571
66.5800,0.613784
66.6000,0.470314
66.6200,0.378206
66.6400,0.813892
66.6600,0.891864
66.6800,0.589639
66.7000,0.384683
66.7200,0.347233
66.7400,0.341383
66.7600,0.309212
66.7800,0.352313
66.8000,0.318822
66.8200,0.464914
66.8400,0.695938
66.8600,0.837264
66.8800,0.820187
66.9000,0.786306
66.9200,1.180264
66.9400,0.844596
66.9600,0.557202
66.9800,0.714152
67.0000,1.060253
67.0200,1.947188
67.0400,2.016136
67.0600,2.104388
67.0800,1.725278
67.1000,1.354504
67.1200,1.353506
67.1400,1.649796
67.1600,2.584883
67.1800,2.873303
67.2000,3.600000
67.2200,3.600000
67.2400,3.600000
67.2600,3.600000
67.2800,3.600000
67.3000,3.464375
67.3200,2.718711
67.3400,1.488334
67.3600,0.848599
67.3800,0.480920
67.4000,0.318351
67.4200,0.399919
67.4400,0.644845
67.4600,0.447999
67.4800,0.339386
67.5000,0.124883
67.5200,0.097013
67.5400,0.139956
67.5600,0.133710
67.5800,0.320662
67.6000,0.242754
67.6200,0.156258
67.6400,0.230174
67.6600,0.191273
67.6800,0.101019
67.7000,0.099042
67.7200,0.223905
67.7400,0.209084
67.7600,0.162820
67.7800,0.262646
67.8000,0.300027
67.8200,0.677176
67.8400,1.084073
67.8600,1.444872
67.8800,1.380175
67.9000,1.523555
67.9200,1.024203
67.9400,1.007947
67.9600,1.213410
67.9800,1.201827
68.0000,0.828650
68.0200,0.660220
68.0400,0.953960
68.0600,1.464321
68.0800,1.749178
68.1000,2.079545
68.1200,2.343575
68.1400,2.034417
68.1600,1.705975
68.1800,1.441204
68.2000,1.295843
68.2200,0.790802
68.2400,0.982347
68.2600,1.731047
68.2800,2.682341
68.3000,2.843155
68.3200,2.228290
68.3400,1.604539
68.3600,1.082217
68.3800,1.593440
68.4000,2.478548
68.4200,2.009977
68.4400,1.155461
68.4600,0.823965
68.4800,0.528933
68.5000,0.302951
68.5200,0.177932
68.5400,0.153442
68.5600,0.172353
68.5800,0.202739
68.6000,0.231140
68.6200,0.507822
68.6400,0.659881
68.6600,1.304354
68.6800,1.042940
68.7000,0.690721
68.7200,0.763086
68.7400,1.236147
68.7600,1.517985
68.7800,1.392538
68.8000,1.293097
68.8200,1.717025
68.8400,2.634431
68.8600,3.228480
68.8800,2.796718
68.9000,2.557092
68.9200,2.724486
68.9400,2.686326
68.9600,2.878982
68.9800,3.172268
69.0000,2.912671
69.0200,2.469458
69.0400,1.774091
69.0600,0.949571
69.0800,0.613784
69.1000,0.470314
69.1200,0.378206
69.1400,0.813892
69.1600,0.891864
69.1800,0.589639
69.2000,0.384683
69.2200,0.347233
69.2400,0.341383
69.2600,0.309212
69.2800,0.352313
69.3000,0.318822
69.3200,0.464914
69.3400,0.695938
69.3600,0.837264
69.3800,0.820187
69.4000,0.786306
69.4200,1.180264
69.4400,0.844596
69.4600,0.557202
69.4800,0.714152
69.5000,1.060253
69.5200,1.947188
69.5400,2.016136
69.5600,2.104388
69.5800,1.725278
69.6000,1.354504
69.6200,1.353506
69.6400,1.649796
69.6600,2.584883
69.6800,2.873303
69.7000,3.600000
69.7200,3.600000
69.7400,3.600000
69.7600,3.600000
69.7800,3.600000
69.8000,3.464375
69.8200,2.718711
69.8400,1.488334
69.8600,0.848599
69.8800,0.480920
69.9000,0.318351
69.9200,0.399919
69.9400,0.644845
69.9600,0.447999
69.9800,0.339386
70.0000,0.124883
70.0200,0.097013
70.0400,0.139956
70.0600,0.133710
70.0800,0.320662
70.1000,0.242754
70.1200,0.156258
70.1400,0.230174
70.1600,0.191273
70.1800,0.101019
70.2000,0.099042
70.2200,0.223905
70.2400,0.209084
70.2600,0.162820
70.2800,0.262646
70.3000,0.300027
70.3200,0.677176
70.3400,1.084073
70.3600,1.444872
70.3800,1.380175
70.4000,1.523555
70.4200,1.024203
70.4400,1.007947
70.4600,1.213410
70.4800,1.201827
70.5000,0.828650
70.5200,0.660220
70.5400,0.953960
70.5600,1.464321
70.5800,1.749178
70.6000,2.079545
70.6200,2.343575
70.6400,2.034417
70.6600,1.705975
70.6800,1.441204
70.7000,1.295843
70.7200,0.790802
70.7400,0.982347
70.7600,1.731047
70.7800,2.682341
70.8000,2.843155
70.8200,2.228290
70.8400,1.604539
70.8600,1.082217
70.8800,1.593440
70.9000,2.478548
70.9200,2.009977
70.9400,1.155461
70.9600,0.823965
70.9800,0.528933
71.0000,0.302951
71.0200,0.177932
71.0400,0.153442
71.0600,0.172353
71.0800,0.202739
71.1000,0.231140
71.1200,0.507822
71.1400,0.659881
71.1600,1.304354
71.1800,1.042940
71.2000,0.690721
71.2200,0.763086
71.2400,1.236147
71.2600,1.517985
71.2800,1.392538
71.3000,1.293097
71.3200,1.717025
71.3400,2.634431
71.3600,3.228480
71.3800,2.796718
71.4000,2.557092
71.4200,2.724486
71.4400,2.686326
71.4600,2.878982
71.4800,3.172268
71.5000,2.912671
71.5200,2.469458
71.5400,1.774091
71.5600,0.949571
71.5800,0.613784
71.6000,0.470314
71.6200,0.378206
71.6400,0.813892
71.6600,0.891864
71.6800,0.589639
71.7000,0.384683
71.7200,0.347233
71.7400,0.341383
71.7600,0.309212
71.7800,0.352313
71.8000,0.318822
71.8200,0.464914
71.8400,0.695938
71.8600,0.837264
71.8800,0.820187
71.9000,0.786306
71.9200,1.180264
71.9400,0.844596
71.9600,0.557202
71.9800,0.714152
72.0000,1.060253
72.0200,1.947188
72.0400,2.016136
72.0600,2.104388
72.0800,1.725278
72.1000,1.354504
72.1200,1.353506
72.1400,1.649796
72.1600,2.584883
72.1800,2.873303
72.2000,3.600000
72.2200,3.600000
72.2400,3.600000
72.2600,3.600000
72.2800,3.600000
72.3000,3.464375
72.3200,2.718711
72.3400,1.488334
72.3600,0.848599
72.3800,0.480920
72.4000,0.318351
72.4200,0.399919
72.4400,0.644845
72.4600,0.447999
72.4800,0.339386
72.5000,0.124883
72.5200,0.097013
72.5400,0.139956
72.5600,0.133710
72.5800,0.320662
72.6000,0.242754
72.6200,0.156258
72.6400,0.230174
72.6600,0.191273
72.6800,0.101019
72.7000,0.099042
72.7200,0.223905
72.7400,0.209084
72.7600,0.162820
72.7800,0.262646
72.8000,0.300027
72.8200,0.677176
72.8400,1.084073
72.8600,1.444872
72.8800,1.380175
72.9000,1.523555
72.9200,1.024203
72.9400,1.007947
72.9600,1.213410
72.9800,1.201827
73.0000,0.828650
73.0200,0.660220
73.0400,0.953960
73.0600,1.464321
73.0800,1.749178
73.1000,2.079545
73.1200,2.343575
73.1400,2.034417
73.1600,1.705975
73.1800,1.441204
73.2000,1.295843
73.2200,0.790802
73.2400,0.982347
73.2600,1.731047
73.2800,2.682341
73.3000,2.843155
73.3200,2.228290
73.3400,1.604539
73.3600,1.082217
73.3800,1.593440
73.4000,2.478548
73.4200,2.009977
73.4400,1.155461
73.4600,0.823965
73.4800,0.528933
73.5000,0.302951
73.5200,0.177932
73.5400,0.153442
73.5600,0.172353
73.5800,0.202739
73.6000,0.231140
73.6200,0.507822
73.6400,0.659881
73.6600,1.304354
73.6800,1.042940
73.7000,0.690721
73.7200,0.763086
73.7400,1.236147
73.7600,1.517985
73.7800,1.392538
73.8000,1.293097
73.8200,1.717025
73.8400,2.634431
73.8600,3.228480
73.8800,2.796718
73.9000,2.557092
73.9200,2.724486
73.9400,2.686326
73.9600,2.878982
73.9800,3.172268
74.0000,2.912671
74.0200,2.469458
74.0400,1.774091
74.0600,0.949571
74.0800,0.613784
74.1000,0.470314
74.1200,0.378206
74.1400,0.813892
74.1600,0.891864
74.1800,0.589639
74.2000,0.384683
74.2200,0.347233
74.2400,0.341383
74.2600,0.309212
74.2800,0.352313
74.3000,0.318822
74.3200,0.464914
74.3400,0.695938
74.3600,0.837264
74.3800,0.820187
74.4000,0.786306
74.4200,1.180264
74.4400,0.844596
74.4600,0.557202
74.4800,0.714152
74.5000,1.060253
74.5200,1.947188
74.5400,2.016136
74.5600,2.104388
74.5800,1.725278
74.6000,1.354504
74.6200,1.353506
74.6400,1.649796
74.6600,2.584883
74.6800,2.873303
74.7000,3.600000
74.7200,3.600000
74.7400,3.600000
74.7600,3.600000
74.7800,3.600000
74.8000,3.464375
74.8200,2.718711
74.8400,1.488334
74.8600,0.848599
74.8800,0.480920
74.9000,0.318351
74.9200,0.399919
74.9400,0.644845
74.9600,0.447999
74.9800,0.339386
75.0000,0.124883
75.0200,0.097013
75.0400,0.139956
75.0600,0.133710
75.0800,0.320662
75.1000,0.242754
75.1200,0.156258
75.1400,0.230174
75.1600,0.191273
75.1800,0.101019
75.2000,0.099042
75.2200,0.223905
75.2400,0.209084
75.2600,0.162820
75.2800,0.262646
75.3000,0.300027
75.3200,0.677176
75.3400,1.084073
75.3600,1.444872
75.3800,1.380175
75.4000,1.523555
75.4200,1.024203
75.4400,1.007947
75.4600,1.213410
75.4800,1.201827
75.5000,0.828650
75.5200,0.660220
75.5400,0.953960
75.5600,1.464321
75.5800,1.749178
75.6000,2.079545
75.6200,2.343575
75.6400,2.034417
75.6600,1.705975
75.6800,1.441204
75.7000,1.295843
75.7200,0.790802
75.7400,0.982347
75.7600,1.731047
75.7800,2.682341
75.8000,2.843155
75.8200,2.228290
75.8400,1.604539
75.8600,1.082217
75.8800,1.593440
75.9000,2.478548
75.9200,2.009977
75.9400,1.155461
75.9600,0.823965
75.9800,0.528933
76.0000,0.302951
76.0200,0.177932
76.0400,0.153442
76.0600,0.172353
76.0800,0.202739
76.1000,0.231140
76.1200,0.507822
76.1400,0.659881
76.1600,1.304354
76.1800,1.042940
76.2000,0.690721
76.2200,0.763086
76.2400,1.236147
76.2600,1.517985
76.2800,1.392538
76.3000,1.293097
76.3200,1.717025
76.3400,2.634431
76.3600,3.228480
76.3800,2.796718
76.4000,2.557092
76.4200,2.724486
76.4400,2.686326
76.4600,2.878982
76.4800,3.172268
76.5000,2.912671
76.5200,2.469458
76.5400,1.774091
76.5600,0.949571
76.5800,0.613784
76.6000,0.470314
76.6200,0.378206
76.6400,0.813892
76.6600,0.891864
76.6800,0.589639
76.7000,0.384683
76.7200,0.347233
76.7400,0.341383
76.7600,0.309212
76.7800,0.352313
76.8000,0.318822
76.8200,0.464914
76.8400,0.695938
76.8600,0.837264
76.8800,0.820187
76.9000,0.786306
76.9200,1.180264
76.9400,0.844596
76.9600,0.557202
76.9800,0.714152
77.0000,1.060253
77.0200,1.947188
77.0400,2.016136
77.0600,2.104388
77.0800,1.725278
77.1000,1.354504
77.1200,1.353506
77.1400,1.649796
77.1600,2.584883
77.1800,2.873303
77.2000,3.600000
77.2200,3.600000
77.2400,3.600000
77.2600,3.600000
77.2800,3.600000
77.3000,3.464375
77.3200,2.718711
77.3400,1.488334
77.3600,0.848599
77.3800,0.480920
77.4000,0.318351
77.4200,0.399919
77.4400,0.644845
77.4600,0.447999
77.4800,0.339386
77.5000,0.124883
77.5200,0.097013
77.5400,0.139956
77.5600,0.133710
77.5800,0.320662
77.6000,0.242754
77.6200,0.156258
77.6400,0.230174
77.6600,0.191273
77.6800,0.101019
77.7000,0.099042
77.7200,0.223905
77.7400,0.209084
77.7600,0.162820
77.7800,0.262646
77.8000,0.300027
77.8200,0.677176
77.8400,1.084073
77.8600,1.444872
77.8800,1.380175
77.9000,1.523555
77.9200,1.024203
77.9400,1.007947
77.9600,1.213410
77.9800,1.201827
78.0000,0.828650
78.0200,0.660220
78.0400,0.953960
78.0600,1.464321
78.0800,1.749178
78.1000,2.079545
78.1200,2.343575
78.1400,2.034417
78.1600,1.705975
78.1800,1.441204
78.2000,1.295843
78.2200,0.790802
78.2400,0.982347
78.2600,1.731047
78.2800,2.682341
78.3000,2.843155
78.3200,2.228290
78.3400,1.604539
78.3600,1.082217
78.3800,1.593440
78.4000,2.478548
78.4200,2.009977
78.4400,1.155461
78.4600,0.823965
78.4800,0.528933
78.5000,0.302951
78.5200,0.177932
78.5400,0.153442
78.5600,0.172353
78.5800,0.202739
78.6000,0.231140
78.6200,0.507822
78.6400,0.659881
78.6600,1.304354
78.6800,1.042940
78.7000,0.690721
78.7200,0.763086
78.7400,1.236147
78.7600,1.517985
78.7800,1.392538
78.8000,1.293097
78.8200,1.717025
78.8400,2.634431
78.8600,3.228480
78.8800,2.796718
78.9000,2.557092
78.9200,2.724486
78.9400,2.686326
78.9600,2.878982
78.9800,3.172268
79.0000,2.912671
79.0200,2.469458
79.0400,1.774091
79.0600,0.949571
79.0800,0.613784
79.1000,0.470314
79.1200,0.378206
79.1400,0.813892
79.1600,0.891864
79.1800,0.589639
79.2000,0.384683
79.2200,0.347233
79.2400,0.341383
79.2600,0.309212
79.2800,0.352313
79.3000,0.318822
79.3200,0.464914
79.3400,0.695938
79.3600,0.837264
79.3800,0.820187
79.4000,0.786306
79.4200,1.180264
79.4400,0.844596
79.4600,0.557202
79.4800,0.714152
79.5000,1.060253
79.5200,1.947188
79.5400,2.016136
79.5600,2.104388
79.5800,1.725278
79.6000,1.354504
79.6200,1.353506
79.6400,1.649796
79.6600,2.584883
79.6800,2.873303
79.7000,3.600000
79.7200,3.600000
79.7400,3.600000
79.7600,3.600000
79.7800,3.600000
79.8000,3.464375
79.8200,2.718711
79.8400,1.488334
79.8600,0.848599
79.8800,0.480920
79.9000,0.318351
79.9200,0.399919
79.9400,0.644845
79.9600,0.447999
79.9800,0.339386
80.0000,0.124883
80.0200,0.097013
80.0400,0.139956
80.0600,0.133710
80.0800,0.320662
80.1000,0.242754
80.1200,0.156258
80.1400,0.230174
80.1600,0.191273
80.1800,0.101019
80.2000,0.099042
80.2200,0.223905
80.2400,0.209084
80.2600,0.162820
80.2800,0.262646
80.3000,0.300027
80.3200,0.677176
80.3400,1.084073
80.3600,1.444872
80.3800,1.380175
80.4000,1.523555
80.4200,1.024203
80.4400,1.007947
80.4600,1.213410
80.4800,1.201827
80.5000,0.828650
80.5200,0.660220
80.5400,0.953960
80.5600,1.464321
80.5800,1.749178
80.6000,2.079545
80.6200,2.343575
80.6400,2.034417
80.6600,1.705975
80.6800,1.441204
80.7000,1.295843
80.7200,0.790802
80.7400,0.982347
80.7600,1.731047
80.7800,2.682341
80.8000,2.843155
80.8200,2.228290
80.8400,1.604539
80.8600,1.082217
80.8800,1.593440
80.9000,2.478548
80.9200,2.009977
80.9400,1.155461
80.9600,0.823965
80.9800,0.528933
81.0000,0.302951
81.0200,0.177932
81.0400,0.153442
81.0600,0.172353
81.0800,0.202739
81.1000,0.231140
81.1200,0.507822
81.1400,0.659881
81.1600,1.304354
81.1800,1.042940
81.2000,0.690721
81.2200,0.763086
81.2400,1.236147
81.2600,1.517985
81.2800,1.392538
81.3000,1.293097
81.3200,1.717025
81.3400,2.634431
81.3600,3.228480
81.3800,2.796718
81.4000,2.557092
81.4200,2.724486
81.4400,2.686326
81.4600,2.878982
81.4800,3.172268
81.5000,2.912671
81.5200,2.469458
81.5400,1.774091
81.5600,0.949571
81.5800,0.613784
81.6000,0.470314
81.6200,0.378206
81.6400,0.813892
81.6600,0.891864
81.6800,0.589639
81.7000,0.384683
81.7200,0.347233
81.7400,0.341383
81.7600,0.309212
81.7800,0.352313
81.8000,0.318822
81.8200,0.464914
81.8400,0.695938
81.8600,0.837264
81.8800,0.820187
81.9000,0.786306
81.9200,1.180264
81.9400,0.844596
81.9600,0.557202
81.9800,0.714152
82.0000,1.060253
82.0200,1.947188
82.0400,2.016136
82.0600,2.104388
82.0800,1.725278
82.1000,1.354504
82.1200,1.353506
82.1400,1.649796
82.1600,2.584883
82.1800,2.873303
82.2000,3.600000
82.2200,3.600000
82.2400,3.600000
82.2600,3.600000
82.2800,3.600000
82.3000,3.464375
82.3200,2.718711
82.3400,1.488334
82.3600,0.848599
82.3800,0.480920
82.4000,0.318351
82.4200,0.399919
82.4400,0.644845
82.4600,0.447999
82.4800,0.339386
82.5000,0.124883
82.5200,0.097013
82.5400,0.139956
82.5600,0.133710
82.5800,0.320662
82.6000,0.242754
82.6200,0.156258
82.6400,0.230174
82.6600,0.191273
82.6800,0.101019
82.7000,0.099042
82.7200,0.223905
82.7400,0.209084
82.7600,0.162820
82.7800,0.262646
82.8000,0.300027
82.8200,0.677176
82.8400,1.084073
82.8600,1.444872
82.8800,1.380175
82.9000,1.523555
82.9200,1.024203
82.9400,1.007947
82.9600,1.213410
82.9800,1.201827
83.0000,0.828650
83.0200,0.660220
83.0400,0.953960
83.0600,1.464321
83.0800,1.749178
83.1000,2.079545
83.1200,2.343575
83.1400,2.034417
83.1600,1.705975
83.1800,1.441204
83.2000,1.295843
83.2200,0.790802
83.2400,0.982347
83.2600,1.731047
83.2800,2.682341
83.3000,2.843155
83.3200,2.228290
83.3400,1.604539
83.3600,1.082217
83.3800,1.593440
83.4000,2.478548
83.4200,2.009977
83.4400,1.155461
83.4600,0.823965
83.4800,0.528933
83.5000,0.302951
83.5200,0.177932
83.5400,0.153442
83.5600,0.172353
83.5800,0.202739
83.6000,0.231140
83.6200,0.507822
83.6400,0.659881
83.6600,1.304354
83.6800,1.042940
83.7000,0.690721
83.7200,0.763086
83.7400,1.236147
83.7600,1.517985
83.7800,1.392538
83.8000,1.293097
83.8200,1.717025
83.8400,2.634431
83.8600,3.228480
83.8800,2.796718
83.9000,2.557092
83.9200,2.724486
83.9400,2.686326
83.9600,2.878982
83.9800,3.172268
84.0000,2.912671
84.0200,2.469458
84.0400,1.774091
84.0600,0.949571
84.0800,0.613784
84.1000,0.470314
84.1200,0.378206
84.1400,0.813892
84.1600,0.891864
84.1800,0.589639
84.2000,0.384683
84.2200,0.347233
84.2400,0.341383
84.2600,0.309212
84.2800,0.352313
84.3000,0.318822
84.3200,0.464914
84.3400,0.695938
84.3600,0.837264
84.3800,0.820187
84.4000,0.786306
84.4200,1.180264
84.4400,0.844596
84.4600,0.557202
84.4800,0.714152
84.5000,1.060253
84.5200,1.947188
84.5400,2.016136
84.5600,2.104388
84.5800,1.725278
84.6000,1.354504
84.6200,1.353506
84.6400,1.649796
84.6600,2.584883
84.6800,2.873303
84.7000,3.600000
84.7200,3.600000
84.7400,3.600000
84.7600,3.600000
84.7800,3.600000
84.8000,3.464375
84.8200,2.718711
84.8400,1.488334
84.8600,0.848599
84.8800,0.480920
84.9000,0.318351
84.9200,0.399919
84.9400,0.644845
84.9600,0.447999
84.9800,0.339386
85.0000,0.124883
85.0200,0.097013
85.0400,0.139956
85.0600,0.133710
85.0800,0.320662
85.1000,0.242754
85.1200,0.156258
85.1400,0.230174
85.1600,0.191273
85.1800,0.101019
85.2000,0.099042
85.2200,0.223905
85.2400,0.209084
85.2600,0.162820
85.2800,0.262646
85.3000,0.300027
85.3200,0.677176
85.3400,1.084073
85.3600,1.444872
85.3800,1.380175
85.4000,1.523555
85.4200,1.024203
85.4400,1.007947
85.4600,1.213410
85.4800,1.201827
85.5000,0.828650
85.5200,0.660220
85.5400,0.953960
85.5600,1.464321
85.5800,1.749178
85.6000,2.079545
85.6200,2.343575
85.6400,2.034417
85.6600,1.705975
85.6800,1.441204
85.7000,1.295843
85.7200,0.790802
85.7400,0.982347
85.7600,1.731047
85.7800,2.682341
85.8000,2.843155
85.8200,2.228290
85.8400,1.604539
85.8600,1.082217
85.8800,1.593440
85.9000,2.478548
85.9200,2.009977
85.9400,1.155461
85.9600,0.823965
85.9800,0.528933
86.0000,0.302951
86.0200,0.177932
86.0400,0.153442
86.0600,0.172353
86.0800,0.202739
86.1000,0.231140
86.1200,0.507822
86.1400,0.659881
86.1600,1.304354
86.1800,1.042940
86.2000,0.690721
86.2200,0.763086
86.2400,1.236147
86.2600,1.517985
86.2800,1.392538
86.3000,1.293097
86.3200,1.717025
86.3400,2.634431
86.3600,3.228480
86.3800,2.796718
86.4000,2.557092
86.4200,2.724486
86.4400,2.686326
86.4600,2.878982
86.4800,3.172268
86.5000,2.912671
86.5200,2.469458
86.5400,1.774091
86.5600,0.949571
86.5800,0.613784
86.6000,0.470314
86.6200,0.378206
86.6400,0.813892
86.6600,0.891864
86.6800,0.589639
86.7000,0.384683
86.7200,0.347233
86.7400,0.341383
86.7600,0.309212
86.7800,0.352313
86.8000,0.318822
86.8200,0.464914
86.8400,0.695938
86.8600,0.837264
86.8800,0.820187
86.9000,0.786306
86.9200,1.180264
86.9400,0.844596
86.9600,0.557202
86.9800,0.714152
87.0000,1.060253
87.0200,1.947188
87.0400,2.016136
87.0600,2.104388
87.0800,1.725278
87.1000,1.354504
87.1200,1.353506
87.1400,1.649796
87.1600,2.584883
87.1800,2.873303
87.2000,3.600000
87.2200,3.600000
87.2400,3.600000
87.2600,3.600000
87.2800,3.600000
87.3000,3.464375
87.3200,2.718711
87.3400,1.488334
87.3600,0.848599
87.3800,0.480920
87.4000,0.318351
87.4200,0.399919
87.4400,0.644845
87.4600,0.447999
87.4800,0.339386
87.5000,0.124883
87.5200,0.097013
87.5400,0.139956
87.5600,0.133710
87.5800,0.320662
87.6000,0.242754
87.6200,0.156258
87.6400,0.230174
87.6600,0.191273
87.6800,0.101019
87.7000,0.099042
87.7200,0.223905
87.7400,0.209084
87.7600,0.162820
87.7800,0.262646
87.8000,0.300027
87.8200,0.677176
87.8400,1.084073
87.8600,1.444872
87.8800,1.380175
87.9000,1.523555
87.9200,1.024203
87.9400,1.007947
87.9600,1.213410
87.9800,1.201827
88.0000,0.828650
88.0200,0.660220
88.0400,0.953960
88.0600,1.464321
88.0800,1.749178
88.1000,2.079545
88.1200,2.343575
88.1400,2.034417
88.1600,1.705975
88.1800,1.441204
88.2000,1.295843
88.2200,0.790802
88.2400,0.982347
88.2600,1.731047
88.2800,2.682341
88.3000,2.843155
88.3200,2.228290
88.3400,1.604539
88.3600,1.082217
88.3800,1.593440
88.4000,2.478548
88.4200,2.009977
88.4400,1.155461
88.4600,0.823965
88.4800,0.528933
88.5000,0.302951
88.5200,0.177932
88.5400,0.153442
88.5600,0.172353
88.5800,0.202739
88.6000,0.231140
88.6200,0.507822
88.6400,0.659881
88.6600,1.304354
88.6800,1.042940
88.7000,0.690721
88.7200,0.763086
88.7400,1.236147
88.7600,1.517985
88.7800,1.392538
88.8000,1.293097
88.8200,1.717025
88.8400,2.634431
88.8600,3.228480
88.8800,2.796718
88.9000,2.557092
88.9200,2.724486
88.9400,2.686326
88.9600,2.878982
88.9800,3.172268
89.0000,2.912671
89.0200,2.469458
89.0400,1.774091
89.0600,0.949571
89.0800,0.613784
89.1000,0.470314
89.1200,0.378206
89.1400,0.813892
89.1600,0.891864
89.1800,0.589639
89.2000,0.384683
89.2200,0.347233
89.2400,0.341383
89.2600,0.309212
89.2800,0.352313
89.3000,0.318822
89.3200,0.464914
89.3400,0.695938
89.3600,0.837264
89.3800,0.820187
89.4000,0.786306
89.4200,1.180264
89.4400,0.844596
89.4600,0.557202
89.4800,0.714152
89.5000,1.060253
89.5200,1.947188
89.5400,2.016136
89.5600,2.104388
89.5800,1.725278
89.6000,1.354504
89.6200,1.353506
89.6400,1.649796
89.6600,2.584883
89.6800,2.873303
89.7000,3.600000
89.7200,3.600000
89.7400,3.600000
89.7600,3.600000
89.7800,3.600000
89.8000,3.464375
89.8200,2.718711
89.8400,1.488334
89.8600,0.848599
89.8800,0.480920
89.9000,0.318351
89.9200,0.399919
89.9400,0.644845
89.9600,0.447999
89.9800,0.339386
90.0000,0.124883
90.0200,0.097013
90.0400,0.139956
90.0600,0.133710
90.0800,0.320662
90.1000,0.242754
90.1200,0.156258
90.1400,0.230174
90.1600,0.191273
90.1800,0.101019
90.2000,0.099042
90.2200,0.223905
90.2400,0.209084
90.2600,0.162820
90.2800,0.262646
90.3000,0.300027
90.3200,0.677176
90.3400,1.084073
90.3600,1.444872
90.3800,1.380175
90.4000,1.523555
90.4200,1.024203
90.4400,1.007947
90.4600,1.213410
90.4800,1.201827
90.5000,0.828650
90.5200,0.660220
90.5400,0.953960
90.5600,1.464321
90.5800,1.749178
90.6000,2.079545
90.6200,2.343575
90.6400,2.034417
90.6600,1.705975
90.6800,1.441204
90.7000,1.295843
90.7200,0.790802
90.7400,0.982347
90.7600,1.731047
90.7800,2.682341
90.8000,2.843155
90.8200,2.228290
90.8400,1.604539
90.8600,1.082217
90.8800,1.593440
90.9000,2.478548
90.9200,2.009977
90.9400,1.155461
90.9600,0.823965
90.9800,0.528933
91.0000,0.302951
91.0200,0.177932
91.0400,0.153442
91.0600,0.172353
91.0800,0.202739
91.1000,0.231140
91.1200,0.507822
91.1400,0.659881
91.1600,1.304354
91.1800,1.042940
91.2000,0.690721
91.2200,0.763086
91.2400,1.236147
91.2600,1.517985
91.2800,1.392538
91.3000,1.293097
91.3200,1.717025
91.3400,2.634431
91.3600,3.228480
91.3800,2.796718
91.4000,2.557092
91.4200,2.724486
91.4400,2.686326
91.4600,2.878982
91.4800,3.172268
91.5000,2.912671
91.5200,2.469458
91.5400,1.774091
91.5600,0.949571
91.5800,0.613784
91.6000,0.470314
91.6200,0.378206
91.6400,0.813892
91.6600,0.891864
91.6800,0.589639
91.7000,0.384683
91.7200,0.347233
91.7400,0.341383
91.7600,0.309212
91.7800,0.352313
91.8000,0.318822
91.8200,0.464914
91.8400,0.695938
91.8600,0.837264
91.8800,0.820187
91.9000,0.786306
91.9200,1.180264
91.9400,0.844596
91.9600,0.557202
91.9800,0.714152
92.0000,1.060253
92.0200,1.947188
92.0400,2.016136
92.0600,2.104388
92.0800,1.725278
92.1000,1.354504
92.1200,1.353506
92.1400,1.649796
92.1600,2.584883
92.1800,2.873303
92.2000,3.600000
92.2200,3.600000
92.2400,3.600000
92.2600,3.600000
92.2800,3.600000
92.3000,3.464375
92.3200,2.718711
92.3400,1.488334
92.3600,0.848599
92.3800,0.480920
92.4000,0.318351
92.4200,0.399919
92.4400,0.644845
92.4600,0.447999
92.4800,0.339386
92.5000,0.124883
92.5200,0.097013
92.5400,0.139956
92.5600,0.133710
92.5800,0.320662
92.6000,0.242754
92.6200,0.156258
92.6400,0.230174
92.6600,0.191273
92.6800,0.101019
92.7000,0.099042
92.7200,0.223905
92.7400,0.209084
92.7600,0.162820
92.7800,0.262646
92.8000,0.300027
92.8200,0.677176
92.8400,1.084073
92.8600,1.444872
92.8800,1.380175
92.9000,1.523555
92.9200,1.024203
92.9400,1.007947
92.9600,1.213410
92.9800,1.201827
93.0000,0.828650
93.0200,0.660220
93.0400,0.953960
93.0600,1.464321
93.0800,1.749178
93.1000,2.079545
93.1200,2.343575
93.1400,2.034417
93.1600,1.705975
93.1800,1.441204
93.2000,1.295843
93.2200,0.790802
93.2400,0.982347
93.2600,1.731047
93.2800,2.682341
93.3000,2.843155
93.3200,2.228290
93.3400,1.604539
93.3600,1.082217
93.3800,1.593440
93.4000,2.478548
93.4200,2.009977
93.4400,1.155461
93.4600,0.823965
93.4800,0.528933
93.5000,0.302951
93.5200,0.177932
93.5400,0.153442
93.5600,0.172353
93.5800,0.202739
93.6000,0.231140
93.6200,0.507822
93.6400,0.659881
93.6600,1.304354
93.6800,1.042940
93.7000,0.690721
93.7200,0.763086
93.7400,1.236147
93.7600,1.517985
93.7800,1.392538
93.8000,1.293097
93.8200,1.717025
93.8400,2.634431
93.8600,3.228480
93.8800,2.796718
93.9000,2.557092
93.9200,2.724486
93.9400,2.686326
93.9600,2.878982
93.9800,3.172268
94.0000,2.912671
94.0200,2.469458
94.0400,1.774091
94.0600,0.949571
94.0800,0.613784
94.1000,0.470314
94.1200,0.378206
94.1400,0.813892
94.1600,0.891864
94.1800,0.589639
94.2000,0.384683
94.2200,0.347233
94.2400,0.341383
94.2600,0.309212
94.2800,0.352313
94.3000,0.318822
94.3200,0.464914
94.3400,0.695938
94.3600,0.837264
94.3800,0.820187
94.4000,0.786306
94.4200,1.180264
94.4400,0.844596
94.4600,0.557202
94.4800,0.714152
94.5000,1.060253
94.5200,1.947188
94.5400,2.016136
94.5600,2.104388
94.5800,1.725278
94.6000,1.354504
94.6200,1.353506
94.6400,1.649796
94.6600,2.584883
94.6800,2.873303
94.7000,3.600000
94.7200,3.600000
94.7400,3.600000
94.7600,3.600000
94.7800,3.600000
94.8000,3.464375
94.8200,2.718711
94.8400,1.488334
94.8600,0.848599
94.8800,0.480920
94.9000,0.318351
94.9200,0.399919
94.9400,0.644845
94.9600,0.447999
94.9800,0.339386
95.0000,0.124883
95.0200,0.097013
95.0400,0.139956
95.0600,0.133710
95.0800,0.320662
95.1000,0.242754
95.1200,0.156258
95.1400,0.230174
95.1600,0.191273
95.1800,0.101019
95.2000,0.099042
95.2200,0.223905
95.2400,0.209084
95.2600,0.162820
95.2800,0.262646
95.3000,0.300027
95.3200,0.677176
95.3400,1.084073
95.3600,1.444872
95.3800,1.380175
95.4000,1.523555
95.4200,1.024203
95.4400,1.007947
95.4600,1.213410
95.4800,1.201827
95.5000,0.828650
95.5200,0.660220
95.5400,0.953960
95.5600,1.464321
95.5800,1.749178
95.6000,2.079545
95.6200,2.343575
95.6400,2.034417
95.6600,1.705975
95.6800,1.441204
95.7000,1.295843
95.7200,0.790802
95.7400,0.982347
95.7600,1.731047
95.7800,2.682341
95.8000,2.843155
95.8200,2.228290
95.8400,1.604539
95.8600,1.082217
95.8800,1.593440
95.9000,2.478548
95.9200,2.009977
95.9400,1.155461
95.9600,0.823965
95.9800,0.528933
96.0000,0.302951
96.0200,0.177932
96.0400,0.153442
96.0600,0.172353
96.0800,0.202739
96.1000,0.231140
96.1200,0.507822
96.1400,0.659881
96.1600,1.304354
96.1800,1.042940
96.2000,0.690721
96.2200,0.763086
96.2400,1.236147
96.2600,1.517985
96.2800,1.392538
96.3000,1.293097
96.3200,1.717025
96.3400,2.634431
96.3600,3.228480
96.3800,2.796718
96.4000,2.557092
96.4200,2.724486
96.4400,2.686326
96.4600,2.878982
96.4800,3.172268
96.5000,2.912671
96.5200,2.469458
96.5400,1.774091
96.5600,0.949571
96.5800,0.613784
96.6000,0.470314
96.6200,0.378206
96.6400,0.813892
96.6600,0.891864
96.6800,0.589639
96.7000,0.384683
96.7200,0.347233
96.7400,0.341383
96.7600,0.309212
96.7800,0.352313
96.8000,0.318822
96.8200,0.464914
96.8400,0.695938
96.8600,0.837264
96.8800,0.820187
96.9000,0.786306
96.9200,1.180264
96.9400,0.844596
96.9600,0.557202
96.9800,0.714152
97.0000,1.060253
97.0200,1.947188
97.0400,2.016136
97.0600,2.104388
97.0800,1.725278
97.1000,1.354504
97.1200,1.353506
97.1400,1.649796
97.1600,2.584883
97.1800,2.873303
97.2000,3.600000
97.2200,3.600000
97.2400,3.600000
97.2600,3.600000
97.2800,3.600000
97.3000,3.464375
97.3200,2.718711
97.3400,1.488334
97.3600,0.848599
97.3800,0.480920
97.4000,0.318351
97.4200,0.399919
97.4400,0.644845
97.4600,0.447999
97.4800,0.339386
97.5000,0.124883
97.5200,0.097013
97.5400,0.139956
97.5600,0.133710
97.5800,0.320662
97.6000,0.242754
97.6200,0.156258
97.6400,0.230174
97.6600,0.191273
97.6800,0.101019
97.7000,0.099042
97.7200,0.223905
97.7400,0.209084
97.7600,0.162820
97.7800,0.262646
97.8000,0.300027
97.8200,0.677176
97.8400,1.084073
97.8600,1.444872
97.8800,1.380175
97.9000,1.523555
97.9200,1.024203
97.9400,1.007947
97.9600,1.213410
97.9800,1.201827
98.0000,0.828650
98.0200,0.660220
98.0400,0.953960
98.0600,1.464321
98.0800,1.749178
98.1000,2.079545
98.1200,2.343575
98.1400,2.034417
98.1600,1.705975
98.1800,1.441204
98.2000,1.295843
98.2200,0.790802
98.2400,0.982347
98.2600,1.731047
98.2800,2.682341
98.3000,2.843155
98.3200,2.228290
98.3400,1.604539
98.3600,1.082217
98.3800,1.593440
98.4000,2.478548
98.4200,2.009977
98.4400,1.155461
98.4600,0.823965
98.4800,0.528933
98.5000,0.302951
98.5200,0.177932
98.5400,0.153442
98.5600,0.172353
98.5800,0.202739
98.6000,0.231140
98.6200,0.507822
98.6400,0.659881
98.6600,1.304354
98.6800,1.042940
98.7000,0.690721
98.7200,0.763086
98.7400,1.236147
98.7600,1.517985
98.7800,1.392538
98.8000,1.293097
98.8200,1.717025
98.8400,2.634431
98.8600,3.228480
98.8800,2.796718
98.9000,2.557092
98.9200,2.724486
98.9400,2.686326
98.9600,2.878982
98.9800,3.172268
99.0000,2.912671
99.0200,2.469458
99.0400,1.774091
99.0600,0.949571
99.0800,0.613784
99.1000,0.470314
99.1200,0.378206
99.1400,0.813892
99.1600,0.891864
99.1800,0.589639
99.2000,0.384683
99.2200,0.347233
99.2400,0.341383
99.2600,0.309212
99.2800,0.352313
99.3000,0.318822
99.3200,0.464914
99.3400,0.695938
99.3600,0.837264
99.3800,0.820187
99.4000,0.786306
99.4200,1.180264
99.4400,0.844596
99.4600,0.557202
99.4800,0.714152
99.5000,1.060253
99.5200,1.947188
99.5400,2.016136
99.5600,2.104388
99.5800,1.725278
99.6000,1.354504
99.6200,1.353506
99.6400,1.649796
99.6600,2.584883
99.6800,2.873303
99.7000,3.600000
99.7200,3.600000
99.7400,3.600000
99.7600,3.600000
99.7800,3.600000
99.8000,3.464375
99.8200,2.718711
99.8400,1.488334
99.8600,0.848599
99.8800,0.480920
99.9000,0.318351
99.9200,0.399919
99.9400,0.644845
99.9600,0.447999
99.9800,0.339386
100.0000,0.124883
100.0200,0.097013
100.0400,0.139956
100.0600,0.133710
100.0800,0.320662
100.1000,0.242754
100.1200,0.156258
100.1400,0.230174
100.1600,0.191273
100.1800,0.101019
100.2000,0.099042
100.2200,0.223905
100.2400,0.209084
100.2600,0.162820
100.2800,0.262646
100.3000,0.300027
100.3200,0.677176
100.3400,1.084073
100.3600,1.444872
100.3800,1.380175
100.4000,1.523555
100.4200,1.024203
100.4400,1.007947
100.4600,1.213410
100.4800,1.201827
100.5000,0.828650
100.5200,0.660220
100.5400,0.953960
100.5600,1.464321
100.5800,1.749178
100.6000,2.079545
100.6200,2.343575
100.6400,2.034417
100.6600,1.705975
100.6800,1.441204
100.7000,1.295843
100.7200,0.790802
100.7400,0.982347
100.7600,1.731047
100.7800,2.682341
100.8000,2.843155
100.8200,2.228290
100.8400,1.604539
100.8600,1.082217
100.8800,1.593440
100.9000,2.478548
100.9200,2.009977
100.9400,1.155461
100.9600,0.823965
100.9800,0.528933
101.0000,0.302951
101.0200,0.177932
101.0400,0.153442
101.0600,0.172353
101.0800,0.202739
101.1000,0.231140
101.1200,0.507822
101.1400,0.659881
101.1600,1.304354
101.1800,1.042940
101.2000,0.690721
101.2200,0.763086
101.2400,1.236147
101.2600,1.517985
101.2800,1.392538
101.3000,1.293097
101.3200,1.717025
101.3400,2.634431
101.3600,3.228480
101.3800,2.796718
101.4000,2.557092
101.4200,2.724486
101.4400,2.686326
101.4600,2.878982
101.4800,3.172268
101.5000,2.912671
101.5200,2.469458
101.5400,1.774091
101.5600,0.949571
101.5800,0.613784
101.6000,0.470314
101.6200,0.378206
101.6400,0.813892
101.6600,0.891864
101.6800,0.589639
101.7000,0.384683
101.7200,0.347233
101.7400,0.341383
101.7600,0.309212
101.7800,0.352313
101.8000,0.318822
101.8200,0.464914
101.8400,0.695938
101.8600,0.837264
101.8800,0.820187
101.9000,0.786306
101.9200,1.180264
101.9400,0.844596
101.9600,0.557202
101.9800,0.714152
102.0000,1.060253
102.0200,1.947188
102.0400,2.016136
102.0600,2.104388
102.0800,1.725278
102.1000,1.354504
102.1200,1.353506
102.1400,1.649796
102.1600,2.584883
102.1800,2.873303
102.2000,3.600000
102.2200,3.600000
102.2400,3.600000
102.2600,3.600000
102.2800,3.600000
102.3000,3.464375
102.3200,2.718711
102.3400,1.488334
102.3600,0.848599
102.3800,0.480920
102.4000,0.318351
102.4200,0.399919
102.4400,0.644845
102.4600,0.447999
102.4800,0.339386
102.5000,0.124883
102.5200,0.097013
102.5400,0.139956
102.5600,0.133710
102.5800,0.320662
102.6000,0.242754
102.6200,0.156258
102.6400,0.230174
102.6600,0.191273
102.6800,0.101019
102.7000,0.099042
102.7200,0.223905
102.7400,0.209084
102.7600,0.162820
102.7800,0.262646
102.8000,0.300027
102.8200,0.677176
102.8400,1.084073
102.8600,1.444872
102.8800,1.380175
102.9000,1.523555
102.9200,1.024203
102.9400,1.007947
102.9600,1.213410
102.9800,1.201827
103.0000,0.828650
103.0200,0.660220
103.0400,0.953960
103.0600,1.464321
103.0800,1.749178
103.1000,2.079545
103.1200,2.343575
103.1400,2.034417
103.1600,1.705975
103.1800,1.441204
103.2000,1.295843
103.2200,0.790802
103.2400,0.982347
103.2600,1.731047
103.2800,2.682341
103.3000,2.843155
103.3200,2.228290
103.3400,1.604539
103.3600,1.082217
103.3800,1.593440
103.4000,2.478548
103.4200,2.009977
103.4400,1.155461
103.4600,0.823965
103.4800,0.528933
103.5000,0.302951
103.5200,0.177932
103.5400,0.153442
103.5600,0.172353
103.5800,0.202739
103.6000,0.231140
103.6200,0.507822
103.6400,0.659881
103.6600,1.304354
103.6800,1.042940
103.7000,0.690721
103.7200,0.763086
103.7400,1.236147
103.7600,1.517985
103.7800,1.392538
103.8000,1.293097
103.8200,1.717025
103.8400,2.634431
103.8600,3.228480
103.8800,2.796718
103.9000,2.557092
103.9200,2.724486
103.9400,2.686326
103.9600,2.878982
103.9800,3.172268
104.0000,2.912671
104.0200,2.469458
104.0400,1.774091
104.0600,0.949571
104.0800,0.613784
104.1000,0.470314
104.1200,0.378206
104.1400,0.813892
104.1600,0.891864
104.1800,0.589639
104.2000,0.384683
104.2200,0.347233
104.2400,0.341383
104.2600,0.309212
104.2800,0.352313
104.3000,0.318822
104.3200,0.464914
104.3400,0.695938
104.3600,0.837264
104.3800,0.820187
104.4000,0.786306
104.4200,1.180264
104.4400,0.844596
104.4600,0.557202
104.4800,0.714152
104.5000,1.060253
104.5200,1.947188
104.5400,2.016136
104.5600,2.104388
104.5800,1.725278
104.6000,1.354504
104.6200,1.353506
104.6400,1.649796
104.6600,2.584883
104.6800,2.873303
104.7000,3.600000
104.7200,3.600000
104.7400,3.600000
104.7600,3.600000
104.7800,3.600000
104.8000,3.464375
104.8200,2.718711
104.8400,1.488334
104.8600,0.848599
104.8800,0.480920
104.9000,0.318351
104.9200,0.399919
104.9400,0.644845
104.9600,0.447999
104.9800,0.339386
105.0000,0.124883
105.0200,0.097013
105.0400,0.139956
105.0600,0.133710
105.0800,0.320662
105.1000,0.242754
105.1200,0.156258
105.1400,0.230174
105.1600,0.191273
105.1800,0.101019
105.2000,0.099042
105.2200,0.223905
105.2400,0.209084
105.2600,0.162820
105.2800,0.262646
105.3000,0.300027
105.3200,0.677176
105.3400,1.084073
105.3600,1.444872
105.3800,1.380175
105.4000,1.523555
105.4200,1.024203
105.4400,1.007947
105.4600,1.213410
105.4800,1.201827
105.5000,0.828650
105.5200,0.660220
105.5400,0.953960
105.5600,1.464321
105.5800,1.749178
105.6000,2.079545
105.6200,2.343575
105.6400,2.034417
105.6600,1.705975
105.6800,1.441204
105.7000,1.295843
105.7200,0.790802
105.7400,0.982347
105.7600,1.731047
105.7800,2.682341
105.8000,2.843155
105.8200,2.228290
105.8400,1.604539
105.8600,1.082217
105.8800,1.593440
105.9000,2.478548
105.9200,2.009977
105.9400,1.155461
105.9600,0.823965
105.9800,0.528933
106.0000,0.302951
106.0200,0.177932
106.0400,0.153442
106.0600,0.172353
106.0800,0.202739
106.1000,0.231140
106.1200,0.507822
106.1400,0.659881
106.1600,1.304354
106.1800,1.042940
106.2000,0.690721
106.2200,0.763086
106.2400,1.236147
106.2600,1.517985
106.2800,1.392538
106.3000,1.293097
106.3200,1.717025
106.3400,2.634431
106.3600,3.228480
106.3800,2.796718
106.4000,2.557092
106.4200,2.724486
106.4400,2.686326
106.4600,2.878982
106.4800,3.172268
106.5000,2.912671
106.5200,2.469458
106.5400,1.774091
106.5600,0.949571
106.5800,0.613784
106.6000,0.470314
106.6200,0.378206
106.6400,0.813892
106.6600,0.891864
106.6800,0.589639
106.7000,0.384683
106.7200,0.347233
106.7400,0.341383
106.7600,0.309212
106.7800,0.352313
106.8000,0.318822
106.8200,0.464914
106.8400,0.695938
106.8600,0.837264
106.8800,0.820187
106.9000,0.786306
106.9200,1.180264
106.9400,0.844596
106.9600,0.557202
106.9800,0.714152
107.0000,1.060253
107.0200,1.947188
107.0400,2.016136
107.0600,2.104388
107.0800,1.725278
107.1000,1.354504
107.1200,1.353506
107.1400,1.649796
107.1600,2.584883
107.1800,2.873303
107.2000,3.600000
107.2200,3.600000
107.2400,3.600000
107.2600,3.600000
107.2800,3.600000
107.3000,3.464375
107.3200,2.718711
107.3400,1.488334
107.3600,0.848599
107.3800,0.480920
107.4000,0.318351
107.4200,0.399919
107.4400,0.644845
107.4600,0.447999
107.4800,0.339386
107.5000,0.124883
107.5200,0.097013
107.5400,0.139956
107.5600,0.133710
107.5800,0.320662
107.6000,0.242754
107.6200,0.156258
107.6400,0.230174
107.6600,0.191273
107.6800,0.101019
107.7000,0.099042
107.7200,0.223905
107.7400,0.209084
107.7600,0.162820
107.7800,0.262646
107.8000,0.300027
107.8200,0.677176
107.8400,1.084073
107.8600,1.444872
107.8800,1.380175
107.9000,1.523555
107.9200,1.024203
107.9400,1.007947
107.9600,1.213410
107.9800,1.201827
108.0000,0.828650
108.0200,0.660220
108.0400,0.953960
108.0600,1.464321
108.0800,1.749178
108.1000,2.079545
108.1200,2.343575
108.1400,2.034417
108.1600,1.705975
108.1800,1.441204
108.2000,1.295843
108.2200,0.790802
108.2400,0.982347
108.2600,1.731047
108.2800,2.682341
108.3000,2.843155
108.3200,2.228290
108.3400,1.604539
108.3600,1.082217
108.3800,1.593440
108.4000,2.478548
108.4200,2.009977
108.4400,1.155461
108.4600,0.823965
108.4800,0.528933
108.5000,0.302951
108.5200,0.177932
108.5400,0.153442
108.5600,0.172353
108.5800,0.202739
108.6000,0.231140
108.6200,0.507822
108.6400,0.659881
108.6600,1.304354
108.6800,1.042940
108.7000,0.690721
108.7200,0.763086
108.7400,1.236147
108.7600,1.517985
108.7800,1.392538
108.8000,1.293097
108.8200,1.717025
108.8400,2.634431
108.8600,3.228480
108.8800,2.796718
108.9000,2.557092
108.9200,2.724486
108.9400,2.686326
108.9600,2.878982
108.9800,3.172268
109.0000,2.912671
109.0200,2.469458
109.0400,1.774091
109.0600,0.949571
109.0800,0.613784
109.1000,0.470314
109.1200,0.378206
109.1400,0.813892
109.1600,0.891864
109.1800,0.589639
109.2000,0.384683
109.2200,0.347233
109.2400,0.341383
109.2600,0.309212
109.2800,0.352313
109.3000,0.318822
109.3200,0.464914
109.3400,0.695938
109.3600,0.837264
109.3800,0.820187
109.4000,0.786306
109.4200,1.180264
109.4400,0.844596
109.4600,0.557202
109.4800,0.714152
109.5000,1.060253
109.5200,1.947188
109.5400,2.016136
109.5600,2.104388
109.5800,1.725278
109.6000,1.354504
109.6200,1.353506
109.6400,1.649796
109.6600,2.584883
109.6800,2.873303
109.7000,3.600000
109.7200,3.600000
109.7400,3.600000
109.7600,3.600000
109.7800,3.600000
109.8000,3.464375
109.8200,2.718711
109.8400,1.488334
109.8600,0.848599
109.8800,0.480920
109.9000,0.318351
109.9200,0.399919
109.9400,0.644845
109.9600,0.447999
109.9800,0.339386
110.0000,0.124883
110.0200,0.097013
110.0400,0.139956
110.0600,0.133710
110.0800,0.320662
110.1000,0.242754
110.1200,0.156258
110.1400,0.230174
110.1600,0.191273
110.1800,0.101019
110.2000,0.099042
110.2200,0.223905
110.2400,0.209084
110.2600,0.162820
110.2800,0.262646
110.3000,0.300027
110.3200,0.677176
110.3400,1.084073
110.3600,1.444872
110.3800,1.380175
110.4000,1.523555
110.4200,1.024203
110.4400,1.007947
110.4600,1.213410
110.4800,1.201827
110.5000,0.828650
110.5200,0.660220
110.5400,0.953960
110.5600,1.464321
110.5800,1.749178
110.6000,2.079545
110.6200,2.343575
110.6400,2.034417
110.6600,1.705975
110.6800,1.441204
110.7000,1.295843
110.7200,0.790802
110.7400,0.982347
110.7600,1.731047
110.7800,2.682341
110.8000,2.843155
110.8200,2.228290
110.8400,1.604539
110.8600,1.082217
110.8800,1.593440
110.9000,2.478548
110.9200,2.009977
110.9400,1.155461
110.9600,0.823965
110.9800,0.528933
111.0000,0.302951
111.0200,0.177932
111.0400,0.153442
111.0600,0.172353
111.0800,0.202739
111.1000,0.231140
111.1200,0.507822
111.1400,0.659881
111.1600,1.304354
111.1800,1.042940
111.2000,0.690721
111.2200,0.763086
111.2400,1.236147
111.2600,1.517985
111.2800,1.392538
111.3000,1.293097
111.3200,1.717025
111.3400,2.634431
111.3600,3.228480
111.3800,2.796718
111.4000,2.557092
111.4200,2.724486
111.4400,2.686326
111.4600,2.878982
111.4800,3.172268
111.5000,2.912671
111.5200,2.469458
111.5400,1.774091
111.5600,0.949571
111.5800,0.613784
111.6000,0.470314
111.6200,0.378206
111.6400,0.813892
111.6600,0.891864
111.6800,0.589639
111.7000,0.384683
111.7200,0.347233
111.7400,0.341383
111.7600,0.309212
111.7800,0.352313
111.8000,0.318822
111.8200,0.464914
111.8400,0.695938
111.8600,0.837264
111.8800,0.820187
111.9000,0.786306
111.9200,1.180264
111.9400,0.844596
111.9600,0.557202
111.9800,0.714152
112.0000,1.060253
112.0200,1.947188
112.0400,2.016136
112.0600,2.104388
112.0800,1.725278
112.1000,1.354504
112.1200,1.353506
112.1400,1.649796
112.1600,2.584883
112.1800,2.873303
112.2000,3.600000
112.2200,3.600000
112.2400,3.600000
112.2600,3.600000
112.2800,3.600000
112.3000,3.464375
112.3200,2.718711
112.3400,1.488334
112.3600,0.848599
112.3800,0.480920
112.4000,0.318351
112.4200,0.399919
112.4400,0.644845
112.4600,0.447999
112.4800,0.339386
112.5000,0.124883
112.5200,0.097013
112.5400,0.139956
112.5600,0.133710
112.5800,0.320662
112.6000,0.242754
112.6200,0.156258
112.6400,0.230174
112.6600,0.191273
112.6800,0.101019
112.7000,0.099042
112.7200,0.223905
112.7400,0.209084
112.7600,0.162820
112.7800,0.262646
112.8000,0.300027
112.8200,0.677176
112.8400,1.084073
112.8600,1.444872
112.8800,1.380175
112.9000,1.523555
112.9200,1.024203
112.9400,1.007947
112.9600,1.213410
112.9800,1.201827
113.0000,0.828650
113.0200,0.660220
113.0400,0.953960
113.0600,1.464321
113.0800,1.749178
113.1000,2.079545
113.1200,2.343575
113.1400,2.034417
113.1600,1.705975
113.1800,1.441204
113.2000,1.295843
113.2200,0.790802
113.2400,0.982347
113.2600,1.731047
113.2800,2.682341
113.3000,2.843155
113.3200,2.228290
113.3400,1.604539
113.3600,1.082217
113.3800,1.593440
113.4000,2.478548
113.4200,2.009977
113.4400,1.155461
113.4600,0.823965
113.4800,0.528933
113.5000,0.302951
113.5200,0.177932
113.5400,0.153442
113.5600,0.172353
113.5800,0.202739
113.6000,0.231140
113.6200,0.507822
113.6400,0.659881
113.6600,1.304354
113.6800,1.042940
113.7000,0.690721
113.7200,0.763086
113.7400,1.236147
113.7600,1.517985
113.7800,1.392538
113.8000,1.293097
113.8200,1.717025
113.8400,2.634431
113.8600,3.228480
113.8800,2.796718
113.9000,2.557092
113.9200,2.724486
113.9400,2.686326
113.9600,2.878982
113.9800,3.172268
114.0000,2.912671
114.0200,2.469458
114.0400,1.774091
114.0600,0.949571
114.0800,0.613784
114.1000,0.470314
114.1200,0.378206
114.1400,0.813892
114.1600,0.891864
114.1800,0.589639
114.2000,0.384683
114.2200,0.347233
114.2400,0.341383
114.2600,0.309212
114.2800,0.352313
114.3000,0.318822
114.3200,0.464914
114.3400,0.695938
114.3600,0.837264
114.3800,0.820187
114.4000,0.786306
114.4200,1.180264
114.4400,0.844596
114.4600,0.557202
114.4800,0.714152
114.5000,1.060253
114.5200,1.947188
114.5400,2.016136
114.5600,2.104388
114.5800,1.725278
114.6000,1.354504
114.6200,1.353506
114.6400,1.649796
114.6600,2.584883
114.6800,2.873303
114.7000,3.600000
114.7200,3.600000
114.7400,3.600000
114.7600,3.600000
114.7800,3.600000
114.8000,3.464375
114.8200,2.718711
114.8400,1.488334
114.8600,0.848599
114.8800,0.480920
114.9000,0.318351
114.9200,0.399919
114.9400,0.644845
114.9600,0.447999
114.9800,0.339386
115.0000,0.124883
115.0200,0.097013
115.0400,0.139956
115.0600,0.133710
115.0800,0.320662
115.1000,0.242754
115.1200,0.156258
115.1400,0.230174
115.1600,0.191273
115.1800,0.101019
115.2000,0.099042
115.2200,0.223905
115.2400,0.209084
115.2600,0.162820
115.2800,0.262646
115.3000,0.300027
115.3200,0.677176
115.3400,1.084073
115.3600,1.444872
115.3800,1.380175
115.4000,1.523555
115.4200,1.024203
115.4400,1.007947
115.4600,1.213410
115.4800,1.201827
115.5000,0.828650
115.5200,0.660220
115.5400,0.953960
115.5600,1.464321
115.5800,1.749178
115.6000,2.079545
115.6200,2.343575
115.6400,2.034417
115.6600,1.705975
115.6800,1.441204
115.7000,1.295843
115.7200,0.790802
115.7400,0.982347
115.7600,1.731047
115.7800,2.682341
115.8000,2.843155
115.8200,2.228290
115.8400,1.604539
115.8600,1.082217
115.8800,1.593440
115.9000,2.478548
115.9200,2.009977
115.9400,1.155461
115.9600,0.823965
115.9800,0.528933
116.0000,0.302951
116.0200,0.177932
116.0400,0.153442
116.0600,0.172353
116.0800,0.202739
116.1000,0.231140
116.1200,0.507822
116.1400,0.659881
116.1600,1.304354
116.1800,1.042940
116.2000,0.690721
116.2200,0.763086
116.2400,1.236147
116.2600,1.517985
116.2800,1.392538
116.3000,1.293097
116.3200,1.717025
116.3400,2.634431
116.3600,3.228480
116.3800,2.796718
116.4000,2.557092
116.4200,2.724486
116.4400,2.686326
116.4600,2.878982
116.4800,3.172268
116.5000,2.912671
116.5200,2.469458
116.5400,1.774091
116.5600,0.949571
116.5800,0.613784
116.6000,0.470314
116.6200,0.378206
116.6400,0.813892
116.6600,0.891864
116.6800,0.589639
116.7000,0.384683
116.7200,0.347233
116.7400,0.341383
116.7600,0.309212
116.7800,0.352313
116.8000,0.318822
116.8200,0.464914
116.8400,0.695938
116.8600,0.837264
116.8800,0.820187
116.9000,0.786306
116.9200,1.180264
116.9400,0.844596
116.9600,0.557202
116.9800,0.714152
117.0000,1.060253
117.0200,1.947188
117.0400,2.016136
117.0600,2.104388
117.0800,1.725278
117.1000,1.354504
117.1200,1.353506
117.1400,1.649796
117.1600,2.584883
117.1800,2.873303
117.2000,3.600000
117.2200,3.600000
117.2400,3.600000
117.2600,3.600000
117.2800,3.600000
117.3000,3.464375
117.3200,2.718711
117.3400,1.488334
117.3600,0.848599
117.3800,0.480920
117.4000,0.318351
117.4200,0.399919
117.4400,0.644845
117.4600,0.447999
117.4800,0.339386
117.5000,0.124883
117.5200,0.097013
117.5400,0.139956
117.5600,0.133710
117.5800,0.320662
117.6000,0.242754
117.6200,0.156258
117.6400,0.230174
117.6600,0.191273
117.6800,0.101019
117.7000,0.099042
117.7200,0.223905
117.7400,0.209084
117.7600,0.162820
117.7800,0.262646
117.8000,0.300027
117.8200,0.677176
117.8400,1.084073
117.8600,1.444872
117.8800,1.380175
117.9000,1.523555
117.9200,1.024203
117.9400,1.007947
117.9600,1.213410
117.9800,1.201827
118.0000,0.828650
118.0200,0.660220
118.0400,0.953960
118.0600,1.464321
118.0800,1.749178
118.1000,2.079545
118.1200,2.343575
118.1400,2.034417
118.1600,1.705975
118.1800,1.441204
118.2000,1.295843
118.2200,0.790802
118.2400,0.982347
118.2600,1.731047
118.2800,2.682341
118.3000,2.843155
118.3200,2.228290
118.3400,1.604539
118.3600,1.082217
118.3800,1.593440
118.4000,2.478548
118.4200,2.009977
118.4400,1.155461
118.4600,0.823965
118.4800,0.528933
118.5000,0.302951
118.5200,0.177932
118.5400,0.153442
118.5600,0.172353
118.5800,0.202739
118.6000,0.231140
118.6200,0.507822
118.6400,0.659881
118.6600,1.304354
118.6800,1.042940
118.7000,0.690721
118.7200,0.763086
118.7400,1.236147
118.7600,1.517985
118.7800,1.392538
118.8000,1.293097
118.8200,1.717025
118.8400,2.634431
118.8600,3.228480
118.8800,2.796718
118.9000,2.557092
118.9200,2.724486
118.9400,2.686326
118.9600,2.878982
118.9800,3.172268
119.0000,2.912671
119.0200,2.469458
119.0400,1.774091
119.0600,0.949571
119.0800,0.613784
119.1000,0.470314
119.1200,0.378206
119.1400,0.813892
119.1600,0.891864
119.1800,0.589639
119.2000,0.384683
119.2200,0.347233
119.2400,0.341383
119.2600,0.309212
119.2800,0.352313
119.3000,0.318822
119.3200,0.464914
119.3400,0.695938
119.3600,0.837264
119.3800,0.820187
119.4000,0.786306
119.4200,1.180264
119.4400,0.844596
119.4600,0.557202
119.4800,0.714152
119.5000,1.060253
119.5200,1.947188
119.5400,2.016136
119.5600,2.104388
119.5800,1.725278
119.6000,1.354504
119.6200,1.353506
119.6400,1.649796
119.6600,2.584883
119.6800,2.873303
119.7000,3.600000
119.7200,3.600000
119.7400,3.600000
119.7600,3.600000
119.7800,3.600000
119.8000,3.464375
119.8200,2.718711
119.8400,1.488334
119.8600,0.848599
119.8800,0.480920
119.9000,0.318351
119.9200,0.399919
119.9400,0.644845
119.9600,0.447999
119.9800,0.339386
120.0000,0.124883
120.0200,0.097013
120.0400,0.139956
120.0600,0.133710
120.0800,0.320662
120.1000,0.242754
120.1200,0.156258
120.1400,0.230174
120.1600,0.191273
120.1800,0.101019
120.2000,0.099042
120.2200,0.223905
120.2400,0.209084
120.2600,0.162820
120.2800,0.262646
120.3000,0.300027
120.3200,0.677176
120.3400,1.084073
120.3600,1.444872
120.3800,1.380175
120.4000,1.523555
120.4200,1.024203
120.4400,1.007947
120.4600,1.213410
120.4800,1.201827
120.5000,0.828650
120.5200,0.660220
120.5400,0.953960
120.5600,1.464321
120.5800,1.749178
120.6000,2.079545
120.6200,2.343575
120.6400,2.034417
120.6600,1.705975
120.6800,1.441204
120.7000,1.295843
120.7200,0.790802
120.7400,0.982347
120.7600,1.731047
120.7800,2.682341
120.8000,2.843155
120.8200,2.228290
120.8400,1.604539
120.8600,1.082217
120.8800,1.593440
120.9000,2.478548
120.9200,2.009977
120.9400,1.155461
120.9600,0.823965
120.9800,0.528933
121.0000,0.302951
121.0200,0.177932
121.0400,0.153442
121.0600,0.172353
121.0800,0.202739
121.1000,0.231140
121.1200,0.507822
121.1400,0.659881
121.1600,1.304354
121.1800,1.042940
121.2000,0.690721
121.2200,0.763086
121.2400,1.236147
121.2600,1.517985
121.2800,1.392538
121.3000,1.293097
121.3200,1.717025
121.3400,2.634431
121.3600,3.228480
121.3800,2.796718
121.4000,2.557092
121.4200,2.724486
121.4400,2.686326
121.4600,2.878982
121.4800,3.172268
121.5000,2.912671
121.5200,2.469458
121.5400,1.774091
121.5600,0.949571
121.5800,0.613784
121.6000,0.470314
121.6200,0.378206
121.6400,0.813892
121.6600,0.891864
121.6800,0.589639
121.7000,0.384683
121.7200,0.347233
121.7400,0.341383
121.7600,0.309212
121.7800,0.352313
121.8000,0.318822
121.8200,0.464914
121.8400,0.695938
121.8600,0.837264
121.8800,0.820187
121.9000,0.786306
121.9200,1.180264
121.9400,0.844596
121.9600,0.557202
121.9800,0.714152
122.0000,1.060253
122.0200,1.947188
122.0400,2.016136
122.0600,2.104388
122.0800,1.725278
122.1000,1.354504
122.1200,1.353506
122.1400,1.649796
122.1600,2.584883
122.1800,2.873303
122.2000,3.600000
122.2200,3.600000
122.2400,3.600000
122.2600,3.600000
122.2800,3.600000
122.3000,3.464375
122.3200,2.718711
122.3400,1.488334
122.3600,0.848599
122.3800,0.480920
122.4000,0.318351
122.4200,0.399919
122.4400,0.644845
122.4600,0.447999
122.4800,0.339386
122.5000,0.124883
122.5200,0.097013
122.5400,0.139956
122.5600,0.133710
122.5800,0.320662
122.6000,0.242754
122.6200,0.156258
122.6400,0.230174
122.6600,0.191273
122.6800,0.101019
122.7000,0.099042
122.7200,0.223905
122.7400,0.209084
122.7600,0.162820
122.7800,0.262646
122.8000,0.300027
122.8200,0.677176
122.8400,1.084073
122.8600,1.444872
122.8800,1.380175
122.9000,1.523555
122.9200,1.024203
122.9400,1.007947
122.9600,1.213410
122.9800,1.201827
123.0000,0.828650
123.0200,0.660220
123.0400,0.953960
123.0600,1.464321
123.0800,1.749178
123.1000,2.079545
123.1200,2.343575
123.1400,2.034417
123.1600,1.705975
123.1800,1.441204
123.2000,1.295843
123.2200,0.790802
123.2400,0.982347
123.2600,1.731047
123.2800,2.682341
123.3000,2.843155
123.3200,2.228290
123.3400,1.604539
123.3600,1.082217
123.3800,1.593440
123.4000,2.478548
123.4200,2.009977
123.4400,1.155461
123.4600,0.823965
123.4800,0.528933
123.5000,0.302951
123.5200,0.177932
123.5400,0.153442
123.5600,0.172353
123.5800,0.202739
123.6000,0.231140
123.6200,0.507822
123.6400,0.659881
123.6600,1.304354
123.6800,1.042940
123.7000,0.690721
123.7200,0.763086
123.7400,1.236147
123.7600,1.517985
123.7800,1.392538
123.8000,1.293097
123.8200,1.717025
123.8400,2.634431
123.8600,3.228480
123.8800,2.796718
123.9000,2.557092
123.9200,2.724486
123.9400,2.686326
123.9600,2.878982
123.9800,3.172268
124.0000,2.912671
124.0200,2.469458
124.0400,1.774091
124.0600,0.949571
124.0800,0.613784
124.1000,0.470314
124.1200,0.378206
124.1400,0.813892
124.1600,0.891864
124.1800,0.589639
124.2000,0.384683
124.2200,0.347233
124.2400,0.341383
124.2600,0.309212
124.2800,0.352313
124.3000,0.318822
124.3200,0.464914
124.3400,0.695938
124.3600,0.837264
124.3800,0.820187
124.4000,0.786306
124.4200,1.180264
124.4400,0.844596
124.4600,0.557202
124.4800,0.714152
124.5000,1.060253
124.5200,1.947188
124.5400,2.016136
124.5600,2.104388
124.5800,1.725278
124.6000,1.354504
124.6200,1.353506
124.6400,1.649796
124.6600,2.584883
124.6800,2.873303
124.7000,3.600000
124.7200,3.600000
124.7400,3.600000
124.7600,3.600000
124.7800,3.600000
124.8000,3.464375
124.8200,2.718711
124.8400,1.488334
124.8600,0.848599
124.8800,0.480920
124.9000,0.318351
124.9200,0.399919
124.9400,0.644845
124.9600,0.447999
124.9800,0.339386
125.0000,0.124883
125.0200,0.097013
125.0400,0.139956
125.0600,0.133710
125.0800,0.320662
125.1000,0.242754
125.1200,0.156258
125.1400,0.230174
125.1600,0.191273
125.1800,0.101019
125.2000,0.099042
125.2200,0.223905
125.2400,0.209084
125.2600,0.162820
125.2800,0.262646
125.3000,0.300027
125.3200,0.677176
125.3400,1.084073
125.3600,1.444872
125.3800,1.380175
125.4000,1.523555
125.4200,1.024203
125.4400,1.007947
125.4600,1.213410
125.4800,1.201827
125.5000,0.828650
125.5200,0.660220
125.5400,0.953960
125.5600,1.464321
125.5800,1.749178
125.6000,2.079545
125.6200,2.343575
125.6400,2.034417
125.6600,1.705975
125.6800,1.441204
125.7000,1.295843
125.7200,0.790802
125.7400,0.982347
125.7600,1.731047
125.7800,2.682341
125.8000,2.843155
125.8200,2.228290
125.8400,1.604539
125.8600,1.082217
125.8800,1.593440
125.9000,2.478548
125.9200,2.009977
125.9400,1.155461
125.9600,0.823965
125.9800,0.528933
126.0000,0.302951
126.0200,0.177932
126.0400,0.153442
126.0600,0.172353
126.0800,0.202739
126.1000,0.231140
126.1200,0.507822
126.1400,0.659881
126.1600,1.304354
126.1800,1.042940
126.2000,0.690721
126.2200,0.763086
126.2400,1.236147
126.2600,1.517985
126.2800,1.392538
126.3000,1.293097
126.3200,1.717025
126.3400,2.634431
126.3600,3.228480
126.3800,2.796718
126.4000,2.557092
126.4200,2.724486
126.4400,2.686326
126.4600,2.878982
126.4800,3.172268
126.5000,2.912671
126.5200,2.469458
126.5400,1.774091
126.5600,0.949571
126.5800,0.613784
126.6000,0.470314
126.6200,0.378206
126.6400,0.813892
126.6600,0.891864
126.6800,0.589639
126.7000,0.384683
126.7200,0.347233
126.7400,0.341383
126.7600,0.309212
126.7800,0.352313
126.8000,0.318822
126.8200,0.464914
126.8400,0.695938
126.8600,0.837264
126.8800,0.820187
126.9000,0.786306
126.9200,1.180264
126.9400,0.844596
126.9600,0.557202
126.9800,0.714152
127.0000,1.060253
127.0200,1.947188
127.0400,2.016136
127.0600,2.104388
127.0800,1.725278
127.1000,1.354504
127.1200,1.353506
127.1400,1.649796
127.1600,2.584883
127.1800,2.873303
127.2000,3.600000
127.2200,3.600000
127.2400,3.600000
127.2600,3.600000
127.2800,3.600000
127.3000,3.464375
127.3200,2.718711
127.3400,1.488334
127.3600,0.848599
127.3800,0.480920
127.4000,0.318351
127.4200,0.399919
127.4400,0.644845
127.4600,0.447999
127.4800,0.339386
127.5000,0.124883
127.5200,0.097013
127.5400,0.139956
127.5600,0.133710
127.5800,0.320662
127.6000,0.242754
127.6200,0.156258
127.6400,0.230174
127.6600,0.191273
127.6800,0.101019
127.7000,0.099042
127.7200,0.223905
127.7400,0.209084
127.7600,0.162820
127.7800,0.262646
127.8000,0.300027
127.8200,0.677176
127.8400,1.084073
127.8600,1.444872
127.8800,1.380175
127.9000,1.523555
127.9200,1.024203
127.9400,1.007947
127.9600,1.213410
127.9800,1.201827
128.0000,0.828650
128.0200,0.660220
128.0400,0.953960
128.0600,1.464321
128.0800,1.749178
128.1000,2.079545
128.1200,2.343575
128.1400,2.034417
128.1600,1.705975
128.1800,1.441204
128.2000,1.295843
128.2200,0.790802
128.2400,0.982347
128.2600,1.731047
128.2800,2.682341
128.3000,2.843155
128.3200,2.228290
128.3400,1.604539
128.3600,1.082217
128.3800,1.593440
128.4000,2.478548
128.4200,2.009977
128.4400,1.155461
128.4600,0.823965
128.4800,0.528933
128.5000,0.302951
128.5200,0.177932
128.5400,0.153442
128.5600,0.172353
128.5800,0.202739
128.6000,0.231140
128.6200,0.507822
128.6400,0.659881
128.6600,1.304354
128.6800,1.042940
128.7000,0.690721
128.7200,0.763086
128.7400,1.236147
128.7600,1.517985
128.7800,1.392538
128.8000,1.293097
128.8200,1.717025
128.8400,2.634431
128.8600,3.228480
128.8800,2.796718
128.9000,2.557092
128.9200,2.724486
128.9400,2.686326
128.9600,2.878982
128.9800,3.172268
129.0000,2.912671
129.0200,2.469458
129.0400,1.774091
129.0600,0.949571
129.0800,0.613784
129.1000,0.470314
129.1200,0.378206
129.1400,0.813892
129.1600,0.891864
129.1800,0.589639
129.2000,0.384683
129.2200,0.347233
129.2400,0.341383
129.2600,0.309212
129.2800,0.352313
129.3000,0.318822
129.3200,0.464914
129.3400,0.695938
129.3600,0.837264
129.3800,0.820187
129.4000,0.786306
129.4200,1.180264
129.4400,0.844596
129.4600,0.557202
129.4800,0.714152
129.5000,1.060253
129.5200,1.947188
129.5400,2.016136
129.5600,2.104388
129.5800,1.725278
129.6000,1.354504
129.6200,1.353506
129.6400,1.649796
129.6600,2.584883
129.6800,2.873303
129.7000,3.600000
129.7200,3.600000
129.7400,3.600000
129.7600,3.600000
129.7800,3.600000
129.8000,3.464375
129.8200,2.718711
129.8400,1.488334
129.8600,0.848599
129.8800,0.480920
129.9000,0.318351
129.9200,0.399919
129.9400,0.644845
129.9600,0.447999
129.9800,0.339386
130.0000,0.124883
130.0200,0.097013
130.0400,0.139956
130.0600,0.133710
130.0800,0.320662
130.1000,0.242754
130.1200,0.156258
130.1400,0.230174
130.1600,0.191273
130.1800,0.101019
130.2000,0.099042
130.2200,0.223905
130.2400,0.209084
130.2600,0.162820
130.2800,0.262646
130.3000,0.300027
130.3200,0.677176
130.3400,1.084073
130.3600,1.444872
130.3800,1.380175
130.4000,1.523555
130.4200,1.024203
130.4400,1.007947
130.4600,1.213410
130.4800,1.201827
130.5000,0.828650
130.5200,0.660220
130.5400,0.953960
130.5600,1.464321
130.5800,1.749178
130.6000,2.079545
130.6200,2.343575
130.6400,2.034417
130.6600,1.705975
130.6800,1.441204
130.7000,1.295843
130.7200,0.790802
130.7400,0.982347
130.7600,1.731047
130.7800,2.682341
130.8000,2.843155
130.8200,2.228290
130.8400,1.604539
130.8600,1.082217
130.8800,1.593440
130.9000,2.478548
130.9200,2.009977
130.9400,1.155461
130.9600,0.823965
130.9800,0.528933
131.0000,0.302951
131.0200,0.177932
131.0400,0.153442
131.0600,0.172353
131.0800,0.202739
131.1000,0.231140
131.1200,0.507822
131.1400,0.659881
131.1600,1.304354
131.1800,1.042940
131.2000,0.690721
131.2200,0.763086
131.2400,1.236147
131.2600,1.517985
131.2800,1.392538
131.3000,1.293097
131.3200,1.717025
131.3400,2.634431
131.3600,3.228480
131.3800,2.796718
131.4000,2.557092
131.4200,2.724486
131.4400,2.686326
131.4600,2.878982
131.4800,3.172268
131.5000,2.912671
131.5200,2.469458
131.5400,1.774091
131.5600,0.949571
131.5800,0.613784
131.6000,0.470314
131.6200,0.378206
131.6400,0.813892
131.6600,0.891864
131.6800,0.589639
131.7000,0.384683
131.7200,0.347233
131.7400,0.341383
131.7600,0.309212
131.7800,0.352313
131.8000,0.318822
131.8200,0.464914
131.8400,0.695938
131.8600,0.837264
131.8800,0.820187
131.9000,0.786306
131.9200,1.180264
131.9400,0.844596
131.9600,0.557202
131.9800,0.714152
132.0000,1.060253
132.0200,1.947188
132.0400,2.016136
132.0600,2.104388
132.0800,1.725278
132.1000,1.354504
132.1200,1.353506
132.1400,1.649796
132.1600,2.584883
132.1800,2.873303
132.2000,3.600000
132.2200,3.600000
132.2400,3.600000
132.2600,3.600000
132.2800,3.600000
132.3000,3.464375
132.3200,2.718711
132.3400,1.488334
132.3600,0.848599
132.3800,0.480920
132.4000,0.318351
132.4200,0.399919
132.4400,0.644845
132.4600,0.447999
132.4800,0.339386
132.5000,0.124883
132.5200,0.097013
132.5400,0.139956
132.5600,0.133710
132.5800,0.320662
132.6000,0.242754
132.6200,0.156258
132.6400,0.230174
132.6600,0.191273
132.6800,0.101019
132.7000,0.099042
132.7200,0.223905
132.7400,0.209084
132.7600,0.162820
132.7800,0.262646
132.8000,0.300027
132.8200,0.677176
132.8400,1.084073
132.8600,1.444872
132.8800,1.380175
132.9000,1.523555
132.9200,1.024203
132.9400,1.007947
132.9600,1.213410
132.9800,1.201827
133.0000,0.828650
133.0200,0.660220
133.0400,0.953960
133.0600,1.464321
133.0800,1.749178
133.1000,2.079545
133.1200,2.343575
133.1400,2.034417
133.1600,1.705975
133.1800,1.441204
133.2000,1.295843
133.2200,0.790802
133.2400,0.982347
133.2600,1.731047
133.2800,2.682341
133.3000,2.843155
133.3200,2.228290
133.3400,1.604539
133.3600,1.082217
133.3800,1.593440
133.4000,2.478548
133.4200,2.009977
133.4400,1.155461
133.4600,0.823965
133.4800,0.528933
133.5000,0.302951
133.5200,0.177932
133.5400,0.153442
133.5600,0.172353
133.5800,0.202739
133.6000,0.231140
133.6200,0.507822
133.6400,0.659881
133.6600,1.304354
133.6800,1.042940
133.7000,0.690721
133.7200,0.763086
133.7400,1.236147
133.7600,1.517985
133.7800,1.392538
133.8000,1.293097
133.8200,1.717025
133.8400,2.634431
133.8600,3.228480
133.8800,2.796718
133.9000,2.557092
133.9200,2.724486
133.9400,2.686326
133.9600,2.878982
133.9800,3.172268
134.0000,2.912671
134.0200,2.469458
134.0400,1.774091
134.0600,0.949571
134.0800,0.613784
134.1000,0.470314
134.1200,0.378206
134.1400,0.813892
134.1600,0.891864
134.1800,0.589639
134.2000,0.384683
134.2200,0.347233
134.2400,0.341383
134.2600,0.309212
134.2800,0.352313
134.3000,0.318822
134.3200,0.464914
134.3400,0.695938
134.3600,0.837264
134.3800,0.820187
134.4000,0.786306
134.4200,1.180264
134.4400,0.844596
134.4600,0.557202
134.4800,0.714152
134.5000,1.060253
134.5200,1.947188
134.5400,2.016136
134.5600,2.104388
134.5800,1.725278
134.6000,1.354504
134.6200,1.353506
134.6400,1.649796
134.6600,2.584883
134.6800,2.873303
134.7000,3.600000
134.7200,3.600000
134.7400,3.600000
134.7600,3.600000
134.7800,3.600000
134.8000,3.464375
134.8200,2.718711
134.8400,1.488334
134.8600,0.848599
134.8800,0.480920
134.9000,0.318351
134.9200,0.399919
134.9400,0.644845
134.9600,0.447999
134.9800,0.339386
135.0000,0.124883
135.0200,0.097013
135.0400,0.139956
135.0600,0.133710
135.0800,0.320662
135.1000,0.242754
135.1200,0.156258
135.1400,0.230174
135.1600,0.191273
135.1800,0.101019
135.2000,0.099042
135.2200,0.223905
135.2400,0.209084
135.2600,0.162820
135.2800,0.262646
135.3000,0.300027
135.3200,0.677176
135.3400,1.084073
135.3600,1.444872
135.3800,1.380175
135.4000,1.523555
135.4200,1.024203
135.4400,1.007947
135.4600,1.213410
135.4800,1.201827
135.5000,0.828650
135.5200,0.660220
135.5400,0.953960
135.5600,1.464321
135.5800,1.749178
135.6000,2.079545
135.6200,2.343575
135.6400,2.034417
135.6600,1.705975
135.6800,1.441204
135.7000,1.295843
135.7200,0.790802
135.7400,0.982347
135.7600,1.731047
135.7800,2.682341
135.8000,2.843155
135.8200,2.228290
135.8400,1.604539
135.8600,1.082217
135.8800,1.593440
135.9000,2.478548
135.9200,2.009977
135.9400,1.155461
135.9600,0.823965
135.9800,0.528933
136.0000,0.302951
136.0200,0.177932
136.0400,0.153442
136.0600,0.172353
136.0800,0.202739
136.1000,0.231140
136.1200,0.507822
136.1400,0.659881
136.1600,1.304354
136.1800,1.042940
136.2000,0.690721
136.2200,0.763086
136.2400,1.236147
136.2600,1.517985
136.2800,1.392538
136.3000,1.293097
136.3200,1.717025
136.3400,2.634431
136.3600,3.228480
136.3800,2.796718
136.4000,2.557092
136.4200,2.724486
136.4400,2.686326
136.4600,2.878982
136.4800,3.172268
136.5000,2.912671
136.5200,2.469458
136.5400,1.774091
136.5600,0.949571
136.5800,0.613784
136.6000,0.470314
136.6200,0.378206
136.6400,0.813892
136.6600,0.891864
136.6800,0.589639
136.7000,0.384683
136.7200,0.347233
136.7400,0.341383
136.7600,0.309212
136.7800,0.352313
136.8000,0.318822
136.8200,0.464914
136.8400,0.695938
136.8600,0.837264
136.8800,0.820187
136.9000,0.786306
136.9200,1.180264
136.9400,0.844596
136.9600,0.557202
136.9800,0.714152
137.0000,1.060253
137.0200,1.947188
137.0400,2.016136
137.0600,2.104388
137.0800,1.725278
137.1000,1.354504
137.1200,1.353506
137.1400,1.649796
137.1600,2.584883
137.1800,2.873303
137.2000,3.600000
137.2200,3.600000
137.2400,3.600000
137.2600,3.600000
137.2800,3.600000
137.3000,3.464375
137.3200,2.718711
137.3400,1.488334
137.3600,0.848599
137.3800,0.480920
137.4000,0.318351
137.4200,0.399919
137.4400,0.644845
137.4600,0.447999
137.4800,0.339386
137.5000,0.124883
137.5200,0.097013
137.5400,0.139956
137.5600,0.133710
137.5800,0.320662
137.6000,0.242754
137.6200,0.156258
137.6400,0.230174
137.6600,0.191273
137.6800,0.101019
137.7000,0.099042
137.7200,0.223905
137.7400,0.209084
137.7600,0.162820
137.7800,0.262646
137.8000,0.300027
137.8200,0.677176
137.8400,1.084073
137.8600,1.444872
137.8800,1.380175
137.9000,1.523555
137.9200,1.024203
137.9400,1.007947
137.9600,1.213410
137.9800,1.201827
138.0000,0.828650
138.0200,0.660220
138.0400,0.953960
138.0600,1.464321
138.0800,1.749178
138.1000,2.079545
138.1200,2.343575
138.1400,2.034417
138.1600,1.705975
138.1800,1.441204
138.2000,1.295843
138.2200,0.790802
138.2400,0.982347
138.2600,1.731047
138.2800,2.682341
138.3000,2.843155
138.3200,2.228290
138.3400,1.604539
138.3600,1.082217
138.3800,1.593440
138.4000,2.478548
138.4200,2.009977
138.4400,1.155461
138.4600,0.823965
138.4800,0.528933
138.5000,0.302951
138.5200,0.177932
138.5400,0.153442
138.5600,0.172353
138.5800,0.202739
138.6000,0.231140
138.6200,0.507822
138.6400,0.659881
138.6600,1.304354
138.6800,1.042940
138.7000,0.690721
138.7200,0.763086
138.7400,1.236147
138.7600,1.517985
138.7800,1.392538
138.8000,1.293097
138.8200,1.717025
138.8400,2.634431
138.8600,3.228480
138.8800,2.796718
138.9000,2.557092
138.9200,2.724486
138.9400,2.686326
138.9600,2.878982
138.9800,3.172268
139.0000,2.912671
139.0200,2.469458
139.0400,1.774091
139.0600,0.949571
139.0800,0.613784
139.1000,0.470314
139.1200,0.378206
139.1400,0.813892
139.1600,0.891864
139.1800,0.589639
139.2000,0.384683
139.2200,0.347233
139.2400,0.341383
139.2600,0.309212
139.2800,0.352313
139.3000,0.318822
139.3200,0.464914
139.3400,0.695938
139.3600,0.837264
139.3800,0.820187
139.4000,0.786306
139.4200,1.180264
139.4400,0.844596
139.4600,0.557202
139.4800,0.714152
139.5000,1.060253
139.5200,1.947188
139.5400,2.016136
139.5600,2.104388
139.5800,1.725278
139.6000,1.354504
139.6200,1.353506
139.6400,1.649796
139.6600,2.584883
139.6800,2.873303
139.7000,3.600000
139.7200,3.600000
139.7400,3.600000
139.7600,3.600000
139.7800,3.600000
139.8000,3.464375
139.8200,2.718711
139.8400,1.488334
139.8600,0.848599
139.8800,0.480920
139.9000,0.318351
139.9200,0.399919
139.9400,0.644845
139.9600,0.447999
139.9800,0.339386
140.0000,0.124883
140.0200,0.097013
140.0400,0.139956
140.0600,0.133710
140.0800,0.320662
140.1000,0.242754
140.1200,0.156258
140.1400,0.230174
140.1600,0.191273
140.1800,0.101019
140.2000,0.099042
140.2200,0.223905
140.2400,0.209084
140.2600,0.162820
140.2800,0.262646
140.3000,0.300027
140.3200,0.677176
140.3400,1.084073
140.3600,1.444872
140.3800,1.380175
140.4000,1.523555
140.4200,1.024203
140.4400,1.007947
140.4600,1.213410
140.4800,1.201827
140.5000,0.828650
140.5200,0.660220
140.5400,0.953960
140.5600,1.464321
140.5800,1.749178
140.6000,2.079545
140.6200,2.343575
140.6400,2.034417
140.6600,1.705975
140.6800,1.441204
140.7000,1.295843
140.7200,0.790802
140.7400,0.982347
140.7600,1.731047
140.7800,2.682341
140.8000,2.843155
140.8200,2.228290
140.8400,1.604539
140.8600,1.082217
140.8800,1.593440
140.9000,2.478548
140.9200,2.009977
140.9400,1.155461
140.9600,0.823965
140.9800,0.528933
141.0000,0.302951
141.0200,0.177932
141.0400,0.153442
141.0600,0.172353
141.0800,0.202739
141.1000,0.231140
141.1200,0.507822
141.1400,0.659881
141.1600,1.304354
141.1800,1.042940
141.2000,0.690721
141.2200,0.763086
141.2400,1.236147
141.2600,1.517985
141.2800,1.392538
141.3000,1.293097
141.3200,1.717025
141.3400,2.634431
141.3600,3.228480
141.3800,2.796718
141.4000,2.557092
141.4200,2.724486
141.4400,2.686326
141.4600,2.878982
141.4800,3.172268
141.5000,2.912671
141.5200,2.469458
141.5400,1.774091
141.5600,0.949571
141.5800,0.613784
141.6000,0.470314
141.6200,0.378206
141.6400,0.813892
141.6600,0.891864
141.6800,0.589639
141.7000,0.384683
141.7200,0.347233
141.7400,0.341383
141.7600,0.309212
141.7800,0.352313
141.8000,0.318822
141.8200,0.464914
141.8400,0.695938
141.8600,0.837264
141.8800,0.820187
141.9000,0.786306
141.9200,1.180264
141.9400,0.844596
141.9600,0.557202
141.9800,0.714152
142.0000,1.060253
142.0200,1.947188
142.0400,2.016136
142.0600,2.104388
142.0800,1.725278
142.1000,1.354504
142.1200,1.353506
142.1400,1.649796
142.1600,2.584883
142.1800,2.873303
142.2000,3.600000
142.2200,3.600000
142.2400,3.600000
142.2600,3.600000
142.2800,3.600000
142.3000,3.464375
142.3200,2.718711
142.3400,1.488334
142.3600,0.848599
142.3800,0.480920
142.4000,0.318351
142.4200,0.399919
142.4400,0.644845
142.4600,0.447999
142.4800,0.339386
142.5000,0.124883
142.5200,0.097013
142.5400,0.139956
142.5600,0.133710
142.5800,0.320662
142.6000,0.242754
142.6200,0.156258
142.6400,0.230174
142.6600,0.191273
142.6800,0.101019
142.7000,0.099042
142.7200,0.223905
142.7400,0.209084
142.7600,0.162820
142.7800,0.262646
142.8000,0.300027
142.8200,0.677176
142.8400,1.084073
142.8600,1.444872
142.8800,1.380175
142.9000,1.523555
142.9200,1.024203
142.9400,1.007947
142.9600,1.213410
142.9800,1.201827
143.0000,0.828650
143.0200,0.660220
143.0400,0.953960
143.0600,1.464321
143.0800,1.749178
143.1000,2.079545
143.1200,2.343575
143.1400,2.034417
143.1600,1.705975
143.1800,1.441204
143.2000,1.295843
143.2200,0.790802
143.2400,0.982347
143.2600,1.731047
143.2800,2.682341
143.3000,2.843155
143.3200,2.228290
143.3400,1.604539
143.3600,1.082217
143.3800,1.593440
143.4000,2.478548
143.4200,2.009977
143.4400,1.155461
143.4600,0.823965
143.4800,0.528933
143.5000,0.302951
143.5200,0.177932
143.5400,0.153442
143.5600,0.172353
143.5800,0.202739
143.6000,0.231140
143.6200,0.507822
143.6400,0.659881
143.6600,1.304354
143.6800,1.042940
143.7000,0.690721
143.7200,0.763086
143.7400,1.236147
143.7600,1.517985
143.7800,1.392538
143.8000,1.293097
143.8200,1.717025
143.8400,2.634431
143.8600,3.228480
143.8800,2.796718
143.9000,2.557092
143.9200,2.724486
143.9400,2.686326
143.9600,2.878982
143.9800,3.172268
144.0000,2.912671
144.0200,2.469458
144.0400,1.774091
144.0600,0.949571
144.0800,0.613784
144.1000,0.470314
144.1200,0.378206
144.1400,0.813892
144.1600,0.891864
144.1800,0.589639
144.2000,0.384683
144.2200,0.347233
144.2400,0.341383
144.2600,0.309212
144.2800,0.352313
144.3000,0.318822
144.3200,0.464914
144.3400,0.695938
144.3600,0.837264
144.3800,0.820187
144.4000,0.786306
144.4200,1.180264
144.4400,0.844596
144.4600,0.557202
144.4800,0.714152
144.5000,1.060253
144.5200,1.947188
144.5400,2.016136
144.5600,2.104388
144.5800,1.725278
144.6000,1.354504
144.6200,1.353506
144.6400,1.649796
144.6600,2.584883
144.6800,2.873303
144.7000,3.600000
144.7200,3.600000
144.7400,3.600000
144.7600,3.600000
144.7800,3.600000
144.8000,3.464375
144.8200,2.718711
144.8400,1.488334
144.8600,0.848599
144.8800,0.480920
144.9000,0.318351
144.9200,0.399919
144.9400,0.644845
144.9600,0.447999
144.9800,0.339386
145.0000,0.124883
145.0200,0.097013
145.0400,0.139956
145.0600,0.133710
145.0800,0.320662
145.1000,0.242754
145.1200,0.156258
145.1400,0.230174
145.1600,0.191273
145.1800,0.101019
145.2000,0.099042
145.2200,0.223905
145.2400,0.209084
145.2600,0.162820
145.2800,0.262646
145.3000,0.300027
145.3200,0.677176
145.3400,1.084073
145.3600,1.444872
145.3800,1.380175
145.4000,1.523555
145.4200,1.024203
145.4400,1.007947
145.4600,1.213410
145.4800,1.201827
145.5000,0.828650
145.5200,0.660220
145.5400,0.953960
145.5600,1.464321
145.5800,1.749178
145.6000,2.079545
145.6200,2.343575
145.6400,2.034417
145.6600,1.705975
145.6800,1.441204
145.7000,1.295843
145.7200,0.790802
145.7400,0.982347
145.7600,1.731047
145.7800,2.682341
145.8000,2.843155
145.8200,2.228290
145.8400,1.604539
145.8600,1.082217
145.8800,1.593440
145.9000,2.478548
145.9200,2.009977
145.9400,1.155461
145.9600,0.823965
145.9800,0.528933
146.0000,0.302951
146.0200,0.177932
146.0400,0.153442
146.0600,0.172353
146.0800,0.202739
146.1000,0.231140
146.1200,0.507822
146.1400,0.659881
146.1600,1.304354
146.1800,1.042940
146.2000,0.690721
146.2200,0.763086
146.2400,1.236147
146.2600,1.517985
146.2800,1.392538
146.3000,1.293097
146.3200,1.717025
146.3400,2.634431
146.3600,3.228480
146.3800,2.796718
146.4000,2.557092
146.4200,2.724486
146.4400,2.686326
146.4600,2.878982
146.4800,3.172268
146.5000,2.912671
146.5200,2.469458
146.5400,1.774091
146.5600,0.949571
146.5800,0.613784
146.6000,0.470314
146.6200,0.378206
146.6400,0.813892
146.6600,0.891864
146.6800,0.589639
146.7000,0.384683
146.7200,0.347233
146.7400,0.341383
146.7600,0.309212
146.7800,0.352313
146.8000,0.318822
146.8200,0.464914
146.8400,0.695938
146.8600,0.837264
146.8800,0.820187
146.9000,0.786306
146.9200,1.180264
146.9400,0.844596
146.9600,0.557202
146.9800,0.714152
147.0000,1.060253
147.0200,1.947188
147.0400,2.016136
147.0600,2.104388
147.0800,1.725278
147.1000,1.354504
147.1200,1.353506
147.1400,1.649796
147.1600,2.584883
147.1800,2.873303
147.2000,3.600000
147.2200,3.600000
147.2400,3.600000
147.2600,3.600000
147.2800,3.600000
147.3000,3.464375
147.3200,2.718711
147.3400,1.488334
147.3600,0.848599
147.3800,0.480920
147.4000,0.318351
147.4200,0.399919
147.4400,0.644845
147.4600,0.447999
147.4800,0.339386
147.5000,0.124883
147.5200,0.097013
147.5400,0.139956
147.5600,0.133710
147.5800,0.320662
147.6000,0.242754
147.6200,0.156258
147.6400,0.230174
147.6600,0.191273
147.6800,0.101019
147.7000,0.099042
147.7200,0.223905
147.7400,0.209084
147.7600,0.162820
147.7800,0.262646
147.8000,0.300027
147.8200,0.677176
147.8400,1.084073
147.8600,1.444872
147.8800,1.380175
147.9000,1.523555
147.9200,1.024203
147.9400,1.007947
147.9600,1.213410
147.9800,1.201827
148.0000,0.828650
148.0200,0.660220
148.0400,0.953960
148.0600,1.464321
148.0800,1.749178
148.1000,2.079545
148.1200,2.343575
148.1400,2.034417
148.1600,1.705975
148.1800,1.441204
148.2000,1.295843
148.2200,0.790802
148.2400,0.982347
148.2600,1.731047
148.2800,2.682341
148.3000,2.843155
148.3200,2.228290
148.3400,1.604539
148.3600,1.082217
148.3800,1.593440
148.4000,2.478548
148.4200,2.009977
148.4400,1.155461
148.4600,0.823965
148.4800,0.528933
148.5000,0.302951
148.5200,0.177932
148.5400,0.153442
148.5600,0.172353
148.5800,0.202739
148.6000,0.231140
148.6200,0.507822
148.6400,0.659881
148.6600,1.304354
148.6800,1.042940
148.7000,0.690721
148.7200,0.763086
148.7400,1.236147
148.7600,1.517985
148.7800,1.392538
148.8000,1.293097
148.8200,1.717025
148.8400,2.634431
148.8600,3.228480
148.8800,2.796718
148.9000,2.557092
148.9200,2.724486
148.9400,2.686326
148.9600,2.878982
148.9800,3.172268
149.0000,2.912671
149.0200,2.469458
149.0400,1.774091
149.0600,0.949571
149.0800,0.613784
149.1000,0.470314
149.1200,0.378206
149.1400,0.813892
149.1600,0.891864
149.1800,0.589639
149.2000,0.384683
149.2200,0.347233
149.2400,0.341383
149.2600,0.309212
149.2800,0.352313
149.3000,0.318822
149.3200,0.464914
149.3400,0.695938
149.3600,0.837264
149.3800,0.820187
149.4000,0.786306
149.4200,1.180264
149.4400,0.844596
149.4600,0.557202
149.4800,0.714152
149.5000,1.060253
149.5200,1.947188
149.5400,2.016136
149.5600,2.104388
149.5800,1.725278
149.6000,1.354504
149.6200,1.353506
149.6400,1.649796
149.6600,2.584883
149.6800,2.873303
149.7000,3.600000
149.7200,3.600000
149.7400,3.600000
149.7600,3.600000
149.7800,3.600000
149.8000,3.464375
149.8200,2.718711
149.8400,1.488334
149.8600,0.848599
149.8800,0.480920
149.9000,0.318351
149.9200,0.399919
149.9400,0.644845
149.9600,0.447999
149.9800,0.339386
150.0000,0.124883
150.0200,0.097013
150.0400,0.139956
150.0600,0.133710
150.0800,0.320662
150.1000,0.242754
150.1200,0.156258
150.1400,0.230174
150.1600,0.191273
150.1800,0.101019
150.2000,0.099042
150.2200,0.223905
150.2400,0.209084
150.2600,0.162820
150.2800,0.262646
150.3000,0.300027
150.3200,0.677176
150.3400,1.084073
150.3600,1.444872
150.3800,1.380175
150.4000,1.523555
150.4200,1.024203
150.4400,1.007947
150.4600,1.213410
150.4800,1.201827
150.5000,0.828650
150.5200,0.660220
150.5400,0.953960
150.5600,1.464321
150.5800,1.749178
150.6000,2.079545
150.6200,2.343575
150.6400,2.034417
150.6600,1.705975
150.6800,1.441204
150.7000,1.295843
150.7200,0.790802
150.7400,0.982347
150.7600,1.731047
150.7800,2.682341
150.8000,2.843155
150.8200,2.228290
150.8400,1.604539
150.8600,1.082217
150.8800,1.593440
150.9000,2.478548
150.9200,2.009977
150.9400,1.155461
150.9600,0.823965
150.9800,0.528933
151.0000,0.302951
151.0200,0.177932
151.0400,0.153442
151.0600,0.172353
151.0800,0.202739
151.1000,0.231140
151.1200,0.507822
151.1400,0.659881
151.1600,1.304354
151.1800,1.042940
151.2000,0.690721
151.2200,0.763086
151.2400,1.236147
151.2600,1.517985
151.2800,1.392538
151.3000,1.293097
151.3200,1.717025
151.3400,2.634431
151.3600,3.228480
151.3800,2.796718
151.4000,2.557092
151.4200,2.724486
151.4400,2.686326
151.4600,2.878982
151.4800,3.172268
151.5000,2.912671
151.5200,2.469458
151.5400,1.774091
151.5600,0.949571
151.5800,0.613784
151.6000,0.470314
151.6200,0.378206
151.6400,0.813892
151.6600,0.891864
151.6800,0.589639
151.7000,0.384683
151.7200,0.347233
151.7400,0.341383
151.7600,0.309212
151.7800,0.352313
151.8000,0.318822
151.8200,0.464914
151.8400,0.695938
151.8600,0.837264
151.8800,0.820187
151.9000,0.786306
151.9200,1.180264
151.9400,0.844596
151.9600,0.557202
151.9800,0.714152
152.0000,1.060253
152.0200,1.947188
152.0400,2.016136
152.0600,2.104388
152.0800,1.725278
152.1000,1.354504
152.1200,1.353506
152.1400,1.649796
152.1600,2.584883
152.1800,2.873303
152.2000,3.600000
152.2200,3.600000
152.2400,3.600000
152.2600,3.600000
152.2800,3.600000
152.3000,3.464375
152.3200,2.718711
152.3400,1.488334
152.3600,0.848599
152.3800,0.480920
152.4000,0.318351
152.4200,0.399919
152.4400,0.644845
152.4600,0.447999
152.4800,0.339386
152.5000,0.124883
152.5200,0.097013
152.5400,0.139956
152.5600,0.133710
152.5800,0.320662
152.6000,0.242754
152.6200,0.156258
152.6400,0.230174
152.6600,0.191273
152.6800,0.101019
152.7000,0.099042
152.7200,0.223905
152.7400,0.209084
152.7600,0.162820
152.7800,0.262646
152.8000,0.300027
152.8200,0.677176
152.8400,1.084073
152.8600,1.444872
152.8800,1.380175
152.9000,1.523555
152.9200,1.024203
152.9400,1.007947
152.9600,1.213410
152.9800,1.201827
153.0000,0.828650
153.0200,0.660220
153.0400,0.953960
153.0600,1.464321
153.0800,1.749178
153.1000,2.079545
153.1200,2.343575
153.1400,2.034417
153.1600,1.705975
153.1800,1.441204
153.2000,1.295843
153.2200,0.790802
153.2400,0.982347
153.2600,1.731047
153.2800,2.682341
153.3000,2.843155
153.3200,2.228290
153.3400,1.604539
153.3600,1.082217
153.3800,1.593440
153.4000,2.478548
153.4200,2.009977
153.4400,1.155461
153.4600,0.823965
153.4800,0.528933
153.5000,0.302951
153.5200,0.177932
153.5400,0.153442
153.5600,0.172353
153.5800,0.202739
153.6000,0.231140
153.6200,0.507822
153.6400,0.659881
153.6600,1.304354
153.6800,1.042940
153.7000,0.690721
153.7200,0.763086
153.7400,1.236147
153.7600,1.517985
153.7800,1.392538
153.8000,1.293097
153.8200,1.717025
153.8400,2.634431
153.8600,3.228480
153.8800,2.796718
153.9000,2.557092
153.9200,2.724486
153.9400,2.686326
153.9600,2.878982
153.9800,3.172268
154.0000,2.912671
154.0200,2.469458
154.0400,1.774091
154.0600,0.949571
154.0800,0.613784
154.1000,0.470314
154.1200,0.378206
154.1400,0.813892
154.1600,0.891864
154.1800,0.589639
154.2000,0.384683
154.2200,0.347233
154.2400,0.341383
154.2600,0.309212
154.2800,0.352313
154.3000,0.318822
154.3200,0.464914
154.3400,0.695938
154.3600,0.837264
154.3800,0.820187
154.4000,0.786306
154.4200,1.180264
154.4400,0.844596
154.4600,0.557202
154.4800,0.714152
154.5000,1.060253
154.5200,1.947188
154.5400,2.016136
154.5600,2.104388
154.5800,1.725278
154.6000,1.354504
154.6200,1.353506
154.6400,1.649796
154.6600,2.584883
154.6800,2.873303
154.7000,3.600000
154.7200,3.600000
154.7400,3.600000
154.7600,3.600000
154.7800,3.600000
154.8000,3.464375
154.8200,2.718711
154.8400,1.488334
154.8600,0.848599
154.8800,0.480920
154.9000,0.318351
154.9200,0.399919
154.9400,0.644845
154.9600,0.447999
154.9800,0.339386
155.0000,0.124883
155.0200,0.097013
155.0400,0.139956
155.0600,0.133710
155.0800,0.320662
155.1000,0.242754
155.1200,0.156258
155.1400,0.230174
155.1600,0.191273
155.1800,0.101019
155.2000,0.099042
155.2200,0.223905
155.2400,0.209084
155.2600,0.162820
155.2800,0.262646
155.3000,0.300027
155.3200,0.677176
155.3400,1.084073
155.3600,1.444872
155.3800,1.380175
155.4000,1.523555
155.4200,1.024203
155.4400,1.007947
155.4600,1.213410
155.4800,1.201827
155.5000,0.828650
155.5200,0.660220
155.5400,0.953960
155.5600,1.464321
155.5800,1.749178
155.6000,2.079545
155.6200,2.343575
155.6400,2.034417
155.6600,1.705975
155.6800,1.441204
155.7000,1.295843
155.7200,0.790802
155.7400,0.982347
155.7600,1.731047
155.7800,2.682341
155.8000,2.843155
155.8200,2.228290
155.8400,1.604539
155.8600,1.082217
155.8800,1.593440
155.9000,2.478548
155.9200,2.009977
155.9400,1.155461
155.9600,0.823965
155.9800,0.528933
156.0000,0.302951
156.0200,0.177932
156.0400,0.153442
156.0600,0.172353
156.0800,0.202739
156.1000,0.231140
156.1200,0.507822
156.1400,0.659881
156.1600,1.304354
156.1800,1.042940
156.2000,0.690721
156.2200,0.763086
156.2400,1.236147
156.2600,1.517985
156.2800,1.392538
156.3000,1.293097
156.3200,1.717025
156.3400,2.634431
156.3600,3.228480
156.3800,2.796718
156.4000,2.557092
156.4200,2.724486
156.4400,2.686326
156.4600,2.878982
156.4800,3.172268
156.5000,2.912671
156.5200,2.469458
156.5400,1.774091
156.5600,0.949571
156.5800,0.613784
156.6000,0.470314
156.6200,0.378206
156.6400,0.813892
156.6600,0.891864
156.6800,0.589639
156.7000,0.384683
156.7200,0.347233
156.7400,0.341383
156.7600,0.309212
156.7800,0.352313
156.8000,0.318822
156.8200,0.464914
156.8400,0.695938
156.8600,0.837264
156.8800,0.820187
156.9000,0.786306
156.9200,1.180264
156.9400,0.844596
156.9600,0.557202
156.9800,0.714152
157.0000,1.060253
157.0200,1.947188
157.0400,2.016136
157.0600,2.104388
157.0800,1.725278
157.1000,1.354504
157.1200,1.353506
157.1400,1.649796
157.1600,2.584883
157.1800,2.873303
157.2000,3.600000
157.2200,3.600000
157.2400,3.600000
157.2600,3.600000
157.2800,3.600000
157.3000,3.464375
157.3200,2.718711
157.3400,1.488334
157.3600,0.848599
157.3800,0.480920
157.4000,0.318351
157.4200,0.399919
157.4400,0.644845
157.4600,0.447999
157.4800,0.339386
157.5000,0.124883
157.5200,0.097013
157.5400,0.139956
157.5600,0.133710
157.5800,0.320662
157.6000,0.242754
157.6200,0.156258
157.6400,0.230174
157.6600,0.191273
157.6800,0.101019
157.7000,0.099042
157.7200,0.223905
157.7400,0.209084
157.7600,0.162820
157.7800,0.262646
157.8000,0.300027
157.8200,0.677176
157.8400,1.084073
157.8600,1.444872
157.8800,1.380175
157.9000,1.523555
157.9200,1.024203
157.9400,1.007947
157.9600,1.213410
157.9800,1.201827
158.0000,0.828650
158.0200,0.660220
158.0400,0.953960
158.0600,1.464321
158.0800,1.749178
158.1000,2.079545
158.1200,2.343575
158.1400,2.034417
158.1600,1.705975
158.1800,1.441204
158.2000,1.295843
158.2200,0.790802
158.2400,0.982347
158.2600,1.731047
158.2800,2.682341
158.3000,2.843155
158.3200,2.228290
158.3400,1.604539
158.3600,1.082217
158.3800,1.593440
158.4000,2.478548
158.4200,2.009977
158.4400,1.155461
158.4600,0.823965
158.4800,0.528933
158.5000,0.302951
158.5200,0.177932
158.5400,0.153442
158.5600,0.172353
158.5800,0.202739
158.6000,0.231140
158.6200,0.507822
158.6400,0.659881
158.6600,1.304354
158.6800,1.042940
158.7000,0.690721
158.7200,0.763086
158.7400,1.236147
158.7600,1.517985
158.7800,1.392538
158.8000,1.293097
158.8200,1.717025
158.8400,2.634431
158.8600,3.228480
158.8800,2.796718
158.9000,2.557092
158.9200,2.724486
158.9400,2.686326
158.9600,2.878982
158.9800,3.172268
159.0000,2.912671
159.0200,2.469458
159.0400,1.774091
159.0600,0.949571
159.0800,0.613784
159.1000,0.470314
159.1200,0.378206
159.1400,0.813892
159.1600,0.891864
159.1800,0.589639
159.2000,0.384683
159.2200,0.347233
159.2400,0.341383
159.2600,0.309212
159.2800,0.352313
159.3000,0.318822
159.3200,0.464914
159.3400,0.695938
159.3600,0.837264
159.3800,0.820187
159.4000,0.786306
159.4200,1.180264
159.4400,0.844596
159.4600,0.557202
159.4800,0.714152
159.5000,1.060253
159.5200,1.947188
159.5400,2.016136
159.5600,2.104388
159.5800,1.725278
159.6000,1.354504
159.6200,1.353506
159.6400,1.649796
159.6600,2.584883
159.6800,2.873303
159.7000,3.600000
159.7200,3.600000
159.7400,3.600000
159.7600,3.600000
159.7800,3.600000
159.8000,3.464375
159.8200,2.718711
159.8400,1.488334
159.8600,0.848599
159.8800,0.480920
159.9000,0.318351
159.9200,0.399919
159.9400,0.644845
159.9600,0.447999
159.9800,0.339386
160.0000,0.124883
160.0200,0.097013
160.0400,0.139956
160.0600,0.133710
160.0800,0.320662
160.1000,0.242754
160.1200,0.156258
160.1400,0.230174
160.1600,0.191273
160.1800,0.101019
160.2000,0.099042
160.2200,0.223905
160.2400,0.209084
160.2600,0.162820
160.2800,0.262646
160.3000,0.300027
160.3200,0.677176
160.3400,1.084073
160.3600,1.444872
160.3800,1.380175
160.4000,1.523555
160.4200,1.024203
160.4400,1.007947
160.4600,1.213410
160.4800,1.201827
160.5000,0.828650
160.5200,0.660220
160.5400,0.953960
160.5600,1.464321
160.5800,1.749178
160.6000,2.079545
160.6200,2.343575
160.6400,2.034417
160.6600,1.705975
160.6800,1.441204
160.7000,1.295843
160.7200,0.790802
160.7400,0.982347
160.7600,1.731047
160.7800,2.682341
160.8000,2.843155
160.8200,2.228290
160.8400,1.604539
160.8600,1.082217
160.8800,1.593440
160.9000,2.478548
160.9200,2.009977
160.9400,1.155461
160.9600,0.823965
160.9800,0.528933
161.0000,0.302951
161.0200,0.177932
161.0400,0.153442
161.0600,0.172353
161.0800,0.202739
161.1000,0.231140
161.1200,0.507822
161.1400,0.659881
161.1600,1.304354
161.1800,1.042940
161.2000,0.690721
161.2200,0.763086
161.2400,1.236147
161.2600,1.517985
161.2800,1.392538
161.3000,1.293097
161.3200,1.717025
161.3400,2.634431
161.3600,3.228480
161.3800,2.796718
161.4000,2.557092
161.4200,2.724486
161.4400,2.686326
161.4600,2.878982
161.4800,3.172268
161.5000,2.912671
161.5200,2.469458
161.5400,1.774091
161.5600,0.949571
161.5800,0.613784
161.6000,0.470314
161.6200,0.378206
161.6400,0.813892
161.6600,0.891864
161.6800,0.589639
161.7000,0.384683
161.7200,0.347233
161.7400,0.341383
161.7600,0.309212
161.7800,0.352313
161.8000,0.318822
161.8200,0.464914
161.8400,0.695938
161.8600,0.837264
161.8800,0.820187
161.9000,0.786306
161.9200,1.180264
161.9400,0.844596
161.9600,0.557202
161.9800,0.714152
162.0000,1.060253
162.0200,1.947188
162.0400,2.016136
162.0600,2.104388
162.0800,1.725278
162.1000,1.354504
162.1200,1.353506
162.1400,1.649796
162.1600,2.584883
162.1800,2.873303
162.2000,3.600000
162.2200,3.600000
162.2400,3.600000
162.2600,3.600000
162.2800,3.600000
162.3000,3.464375
162.3200,2.718711
162.3400,1.488334
162.3600,0.848599
162.3800,0.480920
162.4000,0.318351
162.4200,0.399919
162.4400,0.644845
162.4600,0.447999
162.4800,0.339386
162.5000,0.124883
162.5200,0.097013
162.5400,0.139956
162.5600,0.133710
162.5800,0.320662
162.6000,0.242754
162.6200,0.156258
162.6400,0.230174
162.6600,0.191273
162.6800,0.101019
162.7000,0.099042
162.7200,0.223905
162.7400,0.209084
162.7600,0.162820
162.7800,0.262646
162.8000,0.300027
162.8200,0.677176
162.8400,1.084073
162.8600,1.444872
162.8800,1.380175
162.9000,1.523555
162.9200,1.024203
162.9400,1.007947
162.9600,1.213410
162.9800,1.201827
163.0000,0.828650
163.0200,0.660220
163.0400,0.953960
163.0600,1.464321
163.0800,1.749178
163.1000,2.079545
163.1200,2.343575
163.1400,2.034417
163.1600,1.705975
163.1800,1.441204
163.2000,1.295843
163.2200,0.790802
163.2400,0.982347
163.2600,1.731047
163.2800,2.682341
163.3000,2.843155
163.3200,2.228290
163.3400,1.604539
163.3600,1.082217
163.3800,1.593440
163.4000,2.478548
163.4200,2.009977
163.4400,1.155461
163.4600,0.823965
163.4800,0.528933
163.5000,0.302951
163.5200,0.177932
163.5400,0.153442
163.5600,0.172353
163.5800,0.202739
163.6000,0.231140
163.6200,0.507822
163.6400,0.659881
163.6600,1.304354
163.6800,1.042940
163.7000,0.690721
163.7200,0.763086
163.7400,1.236147
163.7600,1.517985
163.7800,1.392538
163.8000,1.293097
163.8200,1.717025
163.8400,2.634431
163.8600,3.228480
163.8800,2.796718
163.9000,2.557092
163.9200,2.724486
163.9400,2.686326
163.9600,2.878982
163.9800,3.172268
164.0000,2.912671
164.0200,2.469458
164.0400,1.774091
164.0600,0.949571
164.0800,0.613784
164.1000,0.470314
164.1200,0.378206
164.1400,0.813892
164.1600,0.891864
164.1800,0.589639
164.2000,0.384683
164.2200,0.347233
164.2400,0.341383
164.2600,0.309212
164.2800,0.352313
164.3000,0.318822
164.3200,0.464914
164.3400,0.695938
164.3600,0.837264
164.3800,0.820187
164.4000,0.786306
164.4200,1.180264
164.4400,0.844596
164.4600,0.557202
164.4800,0.714152
164.5000,1.060253
164.5200,1.947188
164.5400,2.016136
164.5600,2.104388
164.5800,1.725278
164.6000,1.354504
164.6200,1.353506
164.6400,1.649796
164.6600,2.584883
164.6800,2.873303
164.7000,3.600000
164.7200,3.600000
164.7400,3.600000
164.7600,3.600000
164.7800,3.600000
164.8000,3.464375
164.8200,2.718711
164.8400,1.488334
164.8600,0.848599
164.8800,0.480920
164.9000,0.318351
164.9200,0.399919
164.9400,0.644845
164.9600,0.447999
164.9800,0.339386
165.0000,0.124883
165.0200,0.097013
165.0400,0.139956
165.0600,0.133710
165.0800,0.320662
165.1000,0.242754
165.1200,0.156258
165.1400,0.230174
165.1600,0.191273
165.1800,0.101019
165.2000,0.099042
165.2200,0.223905
165.2400,0.209084
165.2600,0.162820
165.2800,0.262646
165.3000,0.300027
165.3200,0.677176
165.3400,1.084073
165.3600,1.444872
165.3800,1.380175
165.4000,1.523555
165.4200,1.024203
165.4400,1.007947
165.4600,1.213410
165.4800,1.201827
165.5000,0.828650
165.5200,0.660220
165.5400,0.953960
165.5600,1.464321
165.5800,1.749178
165.6000,2.079545
165.6200,2.343575
165.6400,2.034417
165.6600,1.705975
165.6800,1.441204
165.7000,1.295843
165.7200,0.790802
165.7400,0.982347
165.7600,1.731047
165.7800,2.682341
165.8000,2.843155
165.8200,2.228290
165.8400,1.604539
165.8600,1.082217
165.8800,1.593440
165.9000,2.478548
165.9200,2.009977
165.9400,1.155461
165.9600,0.823965
165.9800,0.528933
166.0000,0.302951
166.0200,0.177932
166.0400,0.153442
166.0600,0.172353
166.0800,0.202739
166.1000,0.231140
166.1200,0.507822
166.1400,0.659881
166.1600,1.304354
166.1800,1.042940
166.2000,0.690721
166.2200,0.763086
166.2400,1.236147
166.2600,1.517985
166.2800,1.392538
166.3000,1.293097
166.3200,1.717025
166.3400,2.634431
166.3600,3.228480
166.3800,2.796718
166.4000,2.557092
166.4200,2.724486
166.4400,2.686326
166.4600,2.878982
166.4800,3.172268
166.5000,2.912671
166.5200,2.469458
166.5400,1.774091
166.5600,0.949571
166.5800,0.613784
166.6000,0.470314
166.6200,0.378206
166.6400,0.813892
166.6600,0.891864
166.6800,0.589639
166.7000,0.384683
166.7200,0.347233
166.7400,0.341383
166.7600,0.309212
166.7800,0.352313
166.8000,0.318822
166.8200,0.464914
166.8400,0.695938
166.8600,0.837264
166.8800,0.820187
166.9000,0.786306
166.9200,1.180264
166.9400,0.844596
166.9600,0.557202
166.9800,0.714152
167.0000,1.060253
167.0200,1.947188
167.0400,2.016136
167.0600,2.104388
167.0800,1.725278
167.1000,1.354504
167.1200,1.353506
167.1400,1.649796
167.1600,2.584883
167.1800,2.873303
167.2000,3.600000
167.2200,3.600000
167.2400,3.600000
167.2600,3.600000
167.2800,3.600000
167.3000,3.464375
167.3200,2.718711
167.3400,1.488334
167.3600,0.848599
167.3800,0.480920
167.4000,0.318351
167.4200,0.399919
167.4400,0.644845
167.4600,0.447999
167.4800,0.339386
167.5000,0.124883
167.5200,0.097013
167.5400,0.139956
167.5600,0.133710
167.5800,0.320662
167.6000,0.242754
167.6200,0.156258
167.6400,0.230174
167.6600,0.191273
167.6800,0.101019
167.7000,0.099042
167.7200,0.223905
167.7400,0.209084
167.7600,0.162820
167.7800,0.262646
167.8000,0.300027
167.8200,0.677176
167.8400,1.084073
167.8600,1.444872
167.8800,1.380175
167.9000,1.523555
167.9200,1.024203
167.9400,1.007947
167.9600,1.213410
167.9800,1.201827
168.0000,0.828650
168.0200,0.660220
168.0400,0.953960
168.0600,1.464321
168.0800,1.749178
168.1000,2.079545
168.1200,2.343575
168.1400,2.034417
168.1600,1.705975
168.1800,1.441204
168.2000,1.295843
168.2200,0.790802
168.2400,0.982347
168.2600,1.731047
168.2800,2.682341
168.3000,2.843155
168.3200,2.228290
168.3400,1.604539
168.3600,1.082217
168.3800,1.593440
168.4000,2.478548
168.4200,2.009977
168.4400,1.155461
168.4600,0.823965
168.4800,0.528933
168.5000,0.302951
168.5200,0.177932
168.5400,0.153442
168.5600,0.172353
168.5800,0.202739
168.6000,0.231140
168.6200,0.507822
168.6400,0.659881
168.6600,1.304354
168.6800,1.042940
168.7000,0.690721
168.7200,0.763086
168.7400,1.236147
168.7600,1.517985
168.7800,1.392538
168.8000,1.293097
168.8200,1.717025
168.8400,2.634431
168.8600,3.228480
168.8800,2.796718
168.9000,2.557092
168.9200,2.724486
168.9400,2.686326
168.9600,2.878982
168.9800,3.172268
169.0000,2.912671
169.0200,2.469458
169.0400,1.774091
169.0600,0.949571
169.0800,0.613784
169.1000,0.470314
169.1200,0.378206
169.1400,0.813892
169.1600,0.891864
169.1800,0.589639
169.2000,0.384683
169.2200,0.347233
169.2400,0.341383
169.2600,0.309212
169.2800,0.352313
169.3000,0.318822
169.3200,0.464914
169.3400,0.695938
169.3600,0.837264
169.3800,0.820187
169.4000,0.786306
169.4200,1.180264
169.4400,0.844596
169.4600,0.557202
169.4800,0.714152
169.5000,1.060253
169.5200,1.947188
169.5400,2.016136
169.5600,2.104388
169.5800,1.725278
169.6000,1.354504
169.6200,1.353506
169.6400,1.649796
169.6600,2.584883
169.6800,2.873303
169.7000,3.600000
169.7200,3.600000
169.7400,3.600000
169.7600,3.600000
169.7800,3.600000
169.8000,3.464375
169.8200,2.718711
169.8400,1.488334
169.8600,0.848599
169.8800,0.480920
169.9000,0.318351
169.9200,0.399919
169.9400,0.644845
169.9600,0.447999
169.9800,0.339386
170.0000,0.124883
170.0200,0.097013
170.0400,0.139956
170.0600,0.133710
170.0800,0.320662
170.1000,0.242754
170.1200,0.156258
170.1400,0.230174
170.1600,0.191273
170.1800,0.101019
170.2000,0.099042
170.2200,0.223905
170.2400,0.209084
170.2600,0.162820
170.2800,0.262646
170.3000,0.300027
170.3200,0.677176
170.3400,1.084073
170.3600,1.444872
170.3800,1.380175
170.4000,1.523555
170.4200,1.024203
170.4400,1.007947
170.4600,1.213410
170.4800,1.201827
170.5000,0.828650
170.5200,0.660220
170.5400,0.953960
170.5600,1.464321
170.5800,1.749178
170.6000,2.079545
170.6200,2.343575
170.6400,2.034417
170.6600,1.705975
170.6800,1.441204
170.7000,1.295843
170.7200,0.790802
170.7400,0.982347
170.7600,1.731047
170.7800,2.682341
170.8000,2.843155
170.8200,2.228290
170.8400,1.604539
170.8600,1.082217
170.8800,1.593440
170.9000,2.478548
170.9200,2.009977
170.9400,1.155461
170.9600,0.823965
170.9800,0.528933
171.0000,0.302951
171.0200,0.177932
171.0400,0.153442
171.0600,0.172353
171.0800,0.202739
171.1000,0.231140
171.1200,0.507822
171.1400,0.659881
171.1600,1.304354
171.1800,1.042940
171.2000,0.690721
171.2200,0.763086
171.2400,1.236147
171.2600,1.517985
171.2800,1.392538
171.3000,1.293097
171.3200,1.717025
171.3400,2.634431
171.3600,3.228480
171.3800,2.796718
171.4000,2.557092
171.4200,2.724486
171.4400,2.686326
171.4600,2.878982
171.4800,3.172268
171.5000,2.912671
171.5200,2.469458
171.5400,1.774091
171.5600,0.949571
171.5800,0.613784
171.6000,0.470314
171.6200,0.378206
171.6400,0.813892
171.6600,0.891864
171.6800,0.589639
171.7000,0.384683
171.7200,0.347233
171.7400,0.341383
171.7600,0.309212
171.7800,0.352313
171.8000,0.318822
171.8200,0.464914
171.8400,0.695938
171.8600,0.837264
171.8800,0.820187
171.9000,0.786306
171.9200,1.180264
171.9400,0.844596
171.9600,0.557202
171.9800,0.714152
172.0000,1.060253
172.0200,1.947188
172.0400,2.016136
172.0600,2.104388
172.0800,1.725278
172.1000,1.354504
172.1200,1.353506
172.1400,1.649796
172.1600,2.584883
172.1800,2.873303
172.2000,3.600000
172.2200,3.600000
172.2400,3.600000
172.2600,3.600000
172.2800,3.600000
172.3000,3.464375
172.3200,2.718711
172.3400,1.488334
172.3600,0.848599
172.3800,0.480920
172.4000,0.318351
172.4200,0.399919
172.4400,0.644845
172.4600,0.447999
172.4800,0.339386
172.5000,0.124883
172.5200,0.097013
172.5400,0.139956
172.5600,0.133710
172.5800,0.320662
172.6000,0.242754
172.6200,0.156258
172.6400,0.230174
172.6600,0.191273
172.6800,0.101019
172.7000,0.099042
172.7200,0.223905
172.7400,0.209084
172.7600,0.162820
172.7800,0.262646
172.8000,0.300027
172.8200,0.677176
172.8400,1.084073
172.8600,1.444872
172.8800,1.380175
172.9000,1.523555
172.9200,1.024203
172.9400,1.007947
172.9600,1.213410
172.9800,1.201827
173.0000,0.828650
173.0200,0.660220
173.0400,0.953960
173.0600,1.464321
173.0800,1.749178
173.1000,2.079545
173.1200,2.343575
173.1400,2.034417
173.1600,1.705975
173.1800,1.441204
173.2000,1.295843
173.2200,0.790802
173.2400,0.982347
173.2600,1.731047
173.2800,2.682341
173.3000,2.843155
173.3200,2.228290
173.3400,1.604539
173.3600,1.082217
173.3800,1.593440
173.4000,2.478548
173.4200,2.009977
173.4400,1.155461
173.4600,0.823965
173.4800,0.528933
173.5000,0.302951
173.5200,0.177932
173.5400,0.153442
173.5600,0.172353
173.5800,0.202739
173.6000,0.231140
173.6200,0.507822
173.6400,0.659881
173.6600,1.304354
173.6800,1.042940
173.7000,0.690721
173.7200,0.763086
173.7400,1.236147
173.7600,1.517985
173.7800,1.392538
173.8000,1.293097
173.8200,1.717025
173.8400,2.634431
173.8600,3.228480
173.8800,2.796718
173.9000,2.557092
173.9200,2.724486
173.9400,2.686326
173.9600,2.878982
173.9800,3.172268
174.0000,2.912671
174.0200,2.469458
174.0400,1.774091
174.0600,0.949571
174.0800,0.613784
174.1000,0.470314
174.1200,0.378206
174.1400,0.813892
174.1600,0.891864
174.1800,0.589639
174.2000,0.384683
174.2200,0.347233
174.2400,0.341383
174.2600,0.309212
174.2800,0.352313
174.3000,0.318822
174.3200,0.464914
174.3400,0.695938
174.3600,0.837264
174.3800,0.820187
174.4000,0.786306
174.4200,1.180264
174.4400,0.844596
174.4600,0.557202
174.4800,0.714152
174.5000,1.060253
174.5200,1.947188
174.5400,2.016136
174.5600,2.104388
174.5800,1.725278
174.6000,1.354504
174.6200,1.353506
174.6400,1.649796
174.6600,2.584883
174.6800,2.873303
174.7000,3.600000
174.7200,3.600000
174.7400,3.600000
174.7600,3.600000
174.7800,3.600000
174.8000,3.464375
174.8200,2.718711
174.8400,1.488334
174.8600,0.848599
174.8800,0.480920
174.9000,0.318351
174.9200,0.399919
174.9400,0.644845
174.9600,0.447999
174.9800,0.339386
175.0000,0.124883
175.0200,0.097013
175.0400,0.139956
175.0600,0.133710
175.0800,0.320662
175.1000,0.242754
175.1200,0.156258
175.1400,0.230174
175.1600,0.191273
175.1800,0.101019
175.2000,0.099042
175.2200,0.223905
175.2400,0.209084
175.2600,0.162820
175.2800,0.262646
175.3000,0.300027
175.3200,0.677176
175.3400,1.084073
175.3600,1.444872
175.3800,1.380175
175.4000,1.523555
175.4200,1.024203
175.4400,1.007947
175.4600,1.213410
175.4800,1.201827
175.5000,0.828650
175.5200,0.660220
175.5400,0.953960
175.5600,1.464321
175.5800,1.749178
175.6000,2.079545
175.6200,2.343575
175.6400,2.034417
175.6600,1.705975
175.6800,1.441204
175.7000,1.295843
175.7200,0.790802
175.7400,0.982347
175.7600,1.731047
175.7800,2.682341
175.8000,2.843155
175.8200,2.228290
175.8400,1.604539
175.8600,1.082217
175.8800,1.593440
175.9000,2.478548
175.9200,2.009977
175.9400,1.155461
175.9600,0.823965
175.9800,0.528933
176.0000,0.302951
176.0200,0.177932
176.0400,0.153442
176.0600,0.172353
176.0800,0.202739
176.1000,0.231140
176.1200,0.507822
176.1400,0.659881
176.1600,1.304354
176.1800,1.042940
176.2000,0.690721
176.2200,0.763086
176.2400,1.236147
176.2600,1.517985
176.2800,1.392538
176.3000,1.293097
176.3200,1.717025
176.3400,2.634431
176.3600,3.228480
176.3800,2.796718
176.4000,2.557092
176.4200,2.724486
176.4400,2.686326
176.4600,2.878982
176.4800,3.172268
176.5000,2.912671
176.5200,2.469458
176.5400,1.774091
176.5600,0.949571
176.5800,0.613784
176.6000,0.470314
176.6200,0.378206
176.6400,0.813892
176.6600,0.891864
176.6800,0.589639
176.7000,0.384683
176.7200,0.347233
176.7400,0.341383
176.7600,0.309212
176.7800,0.352313
176.8000,0.318822
176.8200,0.464914
176.8400,0.695938
176.8600,0.837264
176.8800,0.820187
176.9000,0.786306
176.9200,1.180264
176.9400,0.844596
176.9600,0.557202
176.9800,0.714152
177.0000,1.060253
177.0200,1.947188
177.0400,2.016136
177.0600,2.104388
177.0800,1.725278
177.1000,1.354504
177.1200,1.353506
177.1400,1.649796
177.1600,2.584883
177.1800,2.873303
177.2000,3.600000
177.2200,3.600000
177.2400,3.600000
177.2600,3.600000
177.2800,3.600000
177.3000,3.464375
177.3200,2.718711
177.3400,1.488334
177.3600,0.848599
177.3800,0.480920
177.4000,0.318351
177.4200,0.399919
177.4400,0.644845
177.4600,0.447999
177.4800,0.339386
177.5000,0.124883
177.5200,0.097013
177.5400,0.139956
177.5600,0.133710
177.5800,0.320662
177.6000,0.242754
177.6200,0.156258
177.6400,0.230174
177.6600,0.191273
177.6800,0.101019
177.7000,0.099042
177.7200,0.223905
177.7400,0.209084
177.7600,0.162820
177.7800,0.262646
177.8000,0.300027
177.8200,0.677176
177.8400,1.084073
177.8600,1.444872
177.8800,1.380175
177.9000,1.523555
177.9200,1.024203
177.9400,1.007947
177.9600,1.213410
177.9800,1.201827
178.0000,0.828650
178.0200,0.660220
178.0400,0.953960
178.0600,1.464321
178.0800,1.749178
178.1000,2.079545
178.1200,2.343575
178.1400,2.034417
178.1600,1.705975
178.1800,1.441204
178.2000,1.295843
178.2200,0.790802
178.2400,0.982347
178.2600,1.731047
178.2800,2.682341
178.3000,2.843155
178.3200,2.228290
178.3400,1.604539
178.3600,1.082217
178.3800,1.593440
178.4000,2.478548
178.4200,2.009977
178.4400,1.155461
178.4600,0.823965
178.4800,0.528933
178.5000,0.302951
178.5200,0.177932
178.5400,0.153442
178.5600,0.172353
178.5800,0.202739
178.6000,0.231140
178.6200,0.507822
178.6400,0.659881
178.6600,1.304354
178.6800,1.042940
178.7000,0.690721
178.7200,0.763086
178.7400,1.236147
178.7600,1.517985
178.7800,1.392538
178.8000,1.293097
178.8200,1.717025
178.8400,2.634431
178.8600,3.228480
178.8800,2.796718
178.9000,2.557092
178.9200,2.724486
178.9400,2.686326
178.9600,2.878982
178.9800,3.172268
179.0000,2.912671
179.0200,2.469458
179.0400,1.774091
179.0600,0.949571
179.0800,0.613784
179.1000,0.470314
179.1200,0.378206
179.1400,0.813892
179.1600,0.891864
179.1800,0.589639
179.2000,0.384683
179.2200,0.347233
179.2400,0.341383
179.2600,0.309212
179.2800,0.352313
179.3000,0.318822
179.3200,0.464914
179.3400,0.695938
179.3600,0.837264
179.3800,0.820187
179.4000,0.786306
179.4200,1.180264
179.4400,0.844596
179.4600,0.557202
179.4800,0.714152
179.5000,1.060253
179.5200,1.947188
179.5400,2.016136
179.5600,2.104388
179.5800,1.725278
179.6000,1.354504
179.6200,1.353506
179.6400,1.649796
179.6600,2.584883
179.6800,2.873303
179.7000,3.600000
179.7200,3.600000
179.7400,3.600000
179.7600,3.600000
179.7800,3.600000
179.8000,3.464375
179.8200,2.718711
179.8400,1.488334
179.8600,0.848599
179.8800,0.480920
179.9000,0.318351
179.9200,0.399919
179.9400,0.644845
179.9600,0.447999
179.9800,0.339386
180.0000,0.124883
180.0200,0.097013
180.0400,0.139956
180.0600,0.133710
180.0800,0.320662
180.1000,0.242754
180.1200,0.156258
180.1400,0.230174
180.1600,0.191273
180.1800,0.101019
180.2000,0.099042
180.2200,0.223905
180.2400,0.209084
180.2600,0.162820
180.2800,0.262646
180.3000,0.300027
180.3200,0.677176
180.3400,1.084073
180.3600,1.444872
180.3800,1.380175
180.4000,1.523555
180.4200,1.024203
180.4400,1.007947
180.4600,1.213410
180.4800,1.201827
180.5000,0.828650
180.5200,0.660220
180.5400,0.953960
180.5600,1.464321
180.5800,1.749178
180.6000,2.079545
180.6200,2.343575
180.6400,2.034417
180.6600,1.705975
180.6800,1.441204
180.7000,1.295843
180.7200,0.790802
180.7400,0.982347
180.7600,1.731047
180.7800,2.682341
180.8000,2.843155
180.8200,2.228290
180.8400,1.604539
180.8600,1.082217
180.8800,1.593440
180.9000,2.478548
180.9200,2.009977
180.9400,1.155461
180.9600,0.823965
180.9800,0.528933
181.0000,0.302951
181.0200,0.177932
181.0400,0.153442
181.0600,0.172353
181.0800,0.202739
181.1000,0.231140
181.1200,0.507822
181.1400,0.659881
181.1600,1.304354
181.1800,1.042940
181.2000,0.690721
181.2200,0.763086
181.2400,1.236147
181.2600,1.517985
181.2800,1.392538
181.3000,1.293097
181.3200,1.717025
181.3400,2.634431
181.3600,3.228480
181.3800,2.796718
181.4000,2.557092
181.4200,2.724486
181.4400,2.686326
181.4600,2.878982
181.4800,3.172268
181.5000,2.912671
181.5200,2.469458
181.5400,1.774091
181.5600,0.949571
181.5800,0.613784
181.6000,0.470314
181.6200,0.378206
181.6400,0.813892
181.6600,0.891864
181.6800,0.589639
181.7000,0.384683
181.7200,0.347233
181.7400,0.341383
181.7600,0.309212
181.7800,0.352313
181.8000,0.318822
181.8200,0.464914
181.8400,0.695938
181.8600,0.837264
181.8800,0.820187
181.9000,0.786306
181.9200,1.180264
181.9400,0.844596
181.9600,0.557202
181.9800,0.714152
182.0000,1.060253
182.0200,1.947188
182.0400,2.016136
182.0600,2.104388
182.0800,1.725278
182.1000,1.354504
182.1200,1.353506
182.1400,1.649796
182.1600,2.584883
182.1800,2.873303
182.2000,3.600000
182.2200,3.600000
182.2400,3.600000
182.2600,3.600000
182.2800,3.600000
182.3000,3.464375
182.3200,2.718711
182.3400,1.488334
182.3600,0.848599
182.3800,0.480920
182.4000,0.318351
182.4200,0.399919
182.4400,0.644845
182.4600,0.447999
182.4800,0.339386
182.5000,0.124883
182.5200,0.097013
182.5400,0.139956
182.5600,0.133710
182.5800,0.320662
182.6000,0.242754
182.6200,0.156258
182.6400,0.230174
182.6600,0.191273
182.6800,0.101019
182.7000,0.099042
182.7200,0.223905
182.7400,0.209084
182.7600,0.162820
182.7800,0.262646
182.8000,0.300027
182.8200,0.677176
182.8400,1.084073
182.8600,1.444872
182.8800,1.380175
182.9000,1.523555
182.9200,1.024203
182.9400,1.007947
182.9600,1.213410
182.9800,1.201827
183.0000,0.828650
183.0200,0.660220
183.0400,0.953960
183.0600,1.464321
183.0800,1.749178
183.1000,2.079545
183.1200,2.343575
183.1400,2.034417
183.1600,1.705975
183.1800,1.441204
183.2000,1.295843
183.2200,0.790802
183.2400,0.982347
183.2600,1.731047
183.2800,2.682341
183.3000,2.843155
183.3200,2.228290
183.3400,1.604539
183.3600,1.082217
183.3800,1.593440
183.4000,2.478548
183.4200,2.009977
183.4400,1.155461
183.4600,0.823965
183.4800,0.528933
183.5000,0.302951
183.5200,0.177932
183.5400,0.153442
183.5600,0.172353
183.5800,0.202739
183.6000,0.231140
183.6200,0.507822
183.6400,0.659881
183.6600,1.304354
183.6800,1.042940
183.7000,0.690721
183.7200,0.763086
183.7400,1.236147
183.7600,1.517985
183.7800,1.392538
183.8000,1.293097
183.8200,1.717025
183.8400,2.634431
183.8600,3.228480
183.8800,2.796718
183.9000,2.557092
183.9200,2.724486
183.9400,2.686326
183.9600,2.878982
183.9800,3.172268
184.0000,2.912671
184.0200,2.469458
184.0400,1.774091
184.0600,0.949571
184.0800,0.613784
184.1000,0.470314
184.1200,0.378206
184.1400,0.813892
184.1600,0.891864
184.1800,0.589639
184.2000,0.384683
184.2200,0.347233
184.2400,0.341383
184.2600,0.309212
184.2800,0.352313
184.3000,0.318822
184.3200,0.464914
184.3400,0.695938
184.3600,0.837264
184.3800,0.820187
184.4000,0.786306
184.4200,1.180264
184.4400,0.844596
184.4600,0.557202
184.4800,0.714152
184.5000,1.060253
184.5200,1.947188
184.5400,2.016136
184.5600,2.104388
184.5800,1.725278
184.6000,1.354504
184.6200,1.353506
184.6400,1.649796
184.6600,2.584883
184.6800,2.873303
184.7000,3.600000
184.7200,3.600000
184.7400,3.600000
184.7600,3.600000
184.7800,3.600000
184.8000,3.464375
184.8200,2.718711
184.8400,1.488334
184.8600,0.848599
184.8800,0.480920
184.9000,0.318351
184.9200,0.399919
184.9400,0.644845
184.9600,0.447999
184.9800,0.339386
185.0000,0.124883
185.0200,0.097013
185.0400,0.139956
185.0600,0.133710
185.0800,0.320662
185.1000,0.242754
185.1200,0.156258
185.1400,0.230174
185.1600,0.191273
185.1800,0.101019
185.2000,0.099042
185.2200,0.223905
185.2400,0.209084
185.2600,0.162820
185.2800,0.262646
185.3000,0.300027
185.3200,0.677176
185.3400,1.084073
185.3600,1.444872
185.3800,1.380175
185.4000,1.523555
185.4200,1.024203
185.4400,1.007947
185.4600,1.213410
185.4800,1.201827
185.5000,0.828650
185.5200,0.660220
185.5400,0.953960
185.5600,1.464321
185.5800,1.749178
185.6000,2.079545
185.6200,2.343575
185.6400,2.034417
185.6600,1.705975
185.6800,1.441204
185.7000,1.295843
185.7200,0.790802
185.7400,0.982347
185.7600,1.731047
185.7800,2.682341
185.8000,2.843155
185.8200,2.228290
185.8400,1.604539
185.8600,1.082217
185.8800,1.593440
185.9000,2.478548
185.9200,2.009977
185.9400,1.155461
185.9600,0.823965
185.9800,0.528933
186.0000,0.302951
186.0200,0.177932
186.0400,0.153442
186.0600,0.172353
186.0800,0.202739
186.1000,0.231140
186.1200,0.507822
186.1400,0.659881
186.1600,1.304354
186.1800,1.042940
186.2000,0.690721
186.2200,0.763086
186.2400,1.236147
186.2600,1.517985
186.2800,1.392538
186.3000,1.293097
186.3200,1.717025
186.3400,2.634431
186.3600,3.228480
186.3800,2.796718
186.4000,2.557092
186.4200,2.724486
186.4400,2.686326
186.4600,2.878982
186.4800,3.172268
186.5000,2.912671
186.5200,2.469458
186.5400,1.774091
186.5600,0.949571
186.5800,0.613784
186.6000,0.470314
186.6200,0.378206
186.6400,0.813892
186.6600,0.891864
186.6800,0.589639
186.7000,0.384683
186.7200,0.347233
186.7400,0.341383
186.7600,0.309212
186.7800,0.352313
186.8000,0.318822
186.8200,0.464914
186.8400,0.695938
186.8600,0.837264
186.8800,0.820187
186.9000,0.786306
186.9200,1.180264
186.9400,0.844596
186.9600,0.557202
186.9800,0.714152
187.0000,1.060253
187.0200,1.947188
187.0400,2.016136
187.0600,2.104388
187.0800,1.725278
187.1000,1.354504
187.1200,1.353506
187.1400,1.649796
187.1600,2.584883
187.1800,2.873303
187.2000,3.600000
187.2200,3.600000
187.2400,3.600000
187.2600,3.600000
187.2800,3.600000
187.3000,3.464375
187.3200,2.718711
187.3400,1.488334
187.3600,0.848599
187.3800,0.480920
187.4000,0.318351
187.4200,0.399919
187.4400,0.644845
187.4600,0.447999
187.4800,0.339386
187.5000,0.124883
187.5200,0.097013
187.5400,0.139956
187.5600,0.133710
187.5800,0.320662
187.6000,0.242754
187.6200,0.156258
187.6400,0.230174
187.6600,0.191273
187.6800,0.101019
187.7000,0.099042
187.7200,0.223905
187.7400,0.209084
187.7600,0.162820
187.7800,0.262646
187.8000,0.300027
187.8200,0.677176
187.8400,1.084073
187.8600,1.444872
187.8800,1.380175
187.9000,1.523555
187.9200,1.024203
187.9400,1.007947
187.9600,1.213410
187.9800,1.201827
188.0000,0.828650
188.0200,0.660220
188.0400,0.953960
188.0600,1.464321
188.0800,1.749178
188.1000,2.079545
188.1200,2.343575
188.1400,2.034417
188.1600,1.705975
188.1800,1.441204
188.2000,1.295843
188.2200,0.790802
188.2400,0.982347
188.2600,1.731047
188.2800,2.682341
188.3000,2.843155
188.3200,2.228290
188.3400,1.604539
188.3600,1.082217
188.3800,1.593440
188.4000,2.478548
188.4200,2.009977
188.4400,1.155461
188.4600,0.823965
188.4800,0.528933
188.5000,0.302951
188.5200,0.177932
188.5400,0.153442
188.5600,0.172353
188.5800,0.202739
188.6000,0.231140
188.6200,0.507822
188.6400,0.659881
188.6600,1.304354
188.6800,1.042940
188.7000,0.690721
188.7200,0.763086
188.7400,1.236147
188.7600,1.517985
188.7800,1.392538
188.8000,1.293097
188.8200,1.717025
188.8400,2.634431
188.8600,3.228480
188.8800,2.796718
188.9000,2.557092
188.9200,2.724486
188.9400,2.686326
188.9600,2.878982
188.9800,3.172268
189.0000,2.912671
189.0200,2.469458
189.0400,1.774091
189.0600,0.949571
189.0800,0.613784
189.1000,0.470314
189.1200,0.378206
189.1400,0.813892
189.1600,0.891864
189.1800,0.589639
189.2000,0.384683
189.2200,0.347233
189.2400,0.341383
189.2600,0.309212
189.2800,0.352313
189.3000,0.318822
189.3200,0.464914
189.3400,0.695938
189.3600,0.837264
189.3800,0.820187
189.4000,0.786306
189.4200,1.180264
189.4400,0.844596
189.4600,0.557202
189.4800,0.714152
189.5000,1.060253
189.5200,1.947188
189.5400,2.016136
189.5600,2.104388
189.5800,1.725278
189.6000,1.354504
189.6200,1.353506
189.6400,1.649796
189.6600,2.584883
189.6800,2.873303
189.7000,3.600000
189.7200,3.600000
189.7400,3.600000
189.7600,3.600000
189.7800,3.600000
189.8000,3.464375
189.8200,2.718711
189.8400,1.488334
189.8600,0.848599
189.8800,0.480920
189.9000,0.318351
189.9200,0.399919
189.9400,0.644845
189.9600,0.447999
189.9800,0.339386
190.0000,0.124883
190.0200,0.097013
190.0400,0.139956
190.0600,0.133710
190.0800,0.320662
190.1000,0.242754
190.1200,0.156258
190.1400,0.230174
190.1600,0.191273
190.1800,0.101019
190.2000,0.099042
190.2200,0.223905
190.2400,0.209084
190.2600,0.162820
190.2800,0.262646
190.3000,0.300027
190.3200,0.677176
190.3400,1.084073
190.3600,1.444872
190.3800,1.380175
190.4000,1.523555
190.4200,1.024203
190.4400,1.007947
190.4600,1.213410
190.4800,1.201827
190.5000,0.828650
190.5200,0.660220
190.5400,0.953960
190.5600,1.464321
190.5800,1.749178
190.6000,2.079545
190.6200,2.343575
190.6400,2.034417
190.6600,1.705975
190.6800,1.441204
190.7000,1.295843
190.7200,0.790802
190.7400,0.982347
190.7600,1.731047
190.7800,2.682341
190.8000,2.843155
190.8200,2.228290
190.8400,1.604539
190.8600,1.082217
190.8800,1.593440
190.9000,2.478548
190.9200,2.009977
190.9400,1.155461
190.9600,0.823965
190.9800,0.528933
191.0000,0.302951
191.0200,0.177932
191.0400,0.153442
191.0600,0.172353
191.0800,0.202739
191.1000,0.231140
191.1200,0.507822
191.1400,0.659881
191.1600,1.304354
191.1800,1.042940
191.2000,0.690721
191.2200,0.763086
191.2400,1.236147
191.2600,1.517985
191.2800,1.392538
191.3000,1.293097
191.3200,1.717025
191.3400,2.634431
191.3600,3.228480
191.3800,2.796718
191.4000,2.557092
191.4200,2.724486
191.4400,2.686326
191.4600,2.878982
191.4800,3.172268
191.5000,2.912671
191.5200,2.469458
191.5400,1.774091
191.5600,0.949571
191.5800,0.613784
191.6000,0.470314
191.6200,0.378206
191.6400,0.813892
191.6600,0.891864
191.6800,0.589639
191.7000,0.384683
191.7200,0.347233
191.7400,0.341383
191.7600,0.309212
191.7800,0.352313
191.8000,0.318822
191.8200,0.464914
191.8400,0.695938
191.8600,0.837264
191.8800,0.820187
191.9000,0.786306
191.9200,1.180264
191.9400,0.844596
191.9600,0.557202
191.9800,0.714152
192.0000,1.060253
192.0200,1.947188
192.0400,2.016136
192.0600,2.104388
192.0800,1.725278
192.1000,1.354504
192.1200,1.353506
192.1400,1.649796
192.1600,2.584883
192.1800,2.873303
192.2000,3.600000
192.2200,3.600000
192.2400,3.600000
192.2600,3.600000
192.2800,3.600000
192.3000,3.464375
192.3200,2.718711
192.3400,1.488334
192.3600,0.848599
192.3800,0.480920
192.4000,0.318351
192.4200,0.399919
192.4400,0.644845
192.4600,0.447999
192.4800,0.339386
192.5000,0.124883
192.5200,0.097013
192.5400,0.139956
192.5600,0.133710
192.5800,0.320662
192.6000,0.242754
192.6200,0.156258
192.6400,0.230174
192.6600,0.191273
192.6800,0.101019
192.7000,0.099042
192.7200,0.223905
192.7400,0.209084
192.7600,0.162820
192.7800,0.262646
192.8000,0.300027
192.8200,0.677176
192.8400,1.084073
192.8600,1.444872
192.8800,1.380175
192.9000,1.523555
192.9200,1.024203
192.9400,1.007947
192.9600,1.213410
192.9800,1.201827
193.0000,0.828650
193.0200,0.660220
193.0400,0.953960
193.0600,1.464321
193.0800,1.749178
193.1000,2.079545
193.1200,2.343575
193.1400,2.034417
193.1600,1.705975
193.1800,1.441204
193.2000,1.295843
193.2200,0.790802
193.2400,0.982347
193.2600,1.731047
193.2800,2.682341
193.3000,2.843155
193.3200,2.228290
193.3400,1.604539
193.3600,1.082217
193.3800,1.593440
193.4000,2.478548
193.4200,2.009977
193.4400,1.155461
193.4600,0.823965
193.4800,0.528933
193.5000,0.302951
193.5200,0.177932
193.5400,0.153442
193.5600,0.172353
193.5800,0.202739
193.6000,0.231140
193.6200,0.507822
193.6400,0.659881
193.6600,1.304354
193.6800,1.042940
193.7000,0.690721
193.7200,0.763086
193.7400,1.236147
193.7600,1.517985
193.7800,1.392538
193.8000,1.293097
193.8200,1.717025
193.8400,2.634431
193.8600,3.228480
193.8800,2.796718
193.9000,2.557092
193.9200,2.724486
193.9400,2.686326
193.9600,2.878982
193.9800,3.172268
194.0000,2.912671
194.0200,2.469458
194.0400,1.774091
194.0600,0.949571
194.0800,0.613784
194.1000,0.470314
194.1200,0.378206
194.1400,0.813892
194.1600,0.891864
194.1800,0.589639
194.2000,0.384683
194.2200,0.347233
194.2400,0.341383
194.2600,0.309212
194.2800,0.352313
194.3000,0.318822
194.3200,0.464914
194.3400,0.695938
194.3600,0.837264
194.3800,0.820187
194.4000,0.786306
194.4200,1.180264
194.4400,0.844596
194.4600,0.557202
194.4800,0.714152
194.5000,1.060253
194.5200,1.947188
194.5400,2.016136
194.5600,2.104388
194.5800,1.725278
194.6000,1.354504
194.6200,1.353506
194.6400,1.649796
194.6600,2.584883
194.6800,2.873303
194.7000,3.600000
194.7200,3.600000
194.7400,3.600000
194.7600,3.600000
194.7800,3.600000
194.8000,3.464375
194.8200,2.718711
194.8400,1.488334
194.8600,0.848599
194.8800,0.480920
194.9000,0.318351
194.9200,0.399919
194.9400,0.644845
194.9600,0.447999
194.9800,0.339386
195.0000,0.124883
195.0200,0.097013
195.0400,0.139956
195.0600,0.133710
195.0800,0.320662
195.1000,0.242754
195.1200,0.156258
195.1400,0.230174
195.1600,0.191273
195.1800,0.101019
195.2000,0.099042
195.2200,0.223905
195.2400,0.209084
195.2600,0.162820
195.2800,0.262646
195.3000,0.300027
195.3200,0.677176
195.3400,1.084073
195.3600,1.444872
195.3800,1.380175
195.4000,1.523555
195.4200,1.024203
195.4400,1.007947
195.4600,1.213410
195.4800,1.201827
195.5000,0.828650
195.5200,0.660220
195.5400,0.953960
195.5600,1.464321
195.5800,1.749178
195.6000,2.079545
195.6200,2.343575
195.6400,2.034417
195.6600,1.705975
195.6800,1.441204
195.7000,1.295843
195.7200,0.790802
195.7400,0.982347
195.7600,1.731047
195.7800,2.682341
195.8000,2.843155
195.8200,2.228290
195.8400,1.604539
195.8600,1.082217
195.8800,1.593440
195.9000,2.478548
195.9200,2.009977
195.9400,1.155461
195.9600,0.823965
195.9800,0.528933
196.0000,0.302951
196.0200,0.177932
196.0400,0.153442
196.0600,0.172353
196.0800,0.202739
196.1000,0.231140
196.1200,0.507822
196.1400,0.659881
196.1600,1.304354
196.1800,1.042940
196.2000,0.690721
196.2200,0.763086
196.2400,1.236147
196.2600,1.517985
196.2800,1.392538
196.3000,1.293097
196.3200,1.717025
196.3400,2.634431
196.3600,3.228480
196.3800,2.796718
196.4000,2.557092
196.4200,2.724486
196.4400,2.686326
196.4600,2.878982
196.4800,3.172268
196.5000,2.912671
196.5200,2.469458
196.5400,1.774091
196.5600,0.949571
196.5800,0.613784
196.6000,0.470314
196.6200,0.378206
196.6400,0.813892
196.6600,0.891864
196.6800,0.589639
196.7000,0.384683
196.7200,0.347233
196.7400,0.341383
196.7600,0.309212
196.7800,0.352313
196.8000,0.318822
196.8200,0.464914
196.8400,0.695938
196.8600,0.837264
196.8800,0.820187
196.9000,0.786306
196.9200,1.180264
196.9400,0.844596
196.9600,0.557202
196.9800,0.714152
197.0000,1.060253
197.0200,1.947188
197.0400,2.016136
197.0600,2.104388
197.0800,1.725278
197.1000,1.354504
197.1200,1.353506
197.1400,1.649796
197.1600,2.584883
197.1800,2.873303
197.2000,3.600000
197.2200,3.600000
197.2400,3.600000
197.2600,3.600000
197.2800,3.600000
197.3000,3.464375
197.3200,2.718711
197.3400,1.488334
197.3600,0.848599
197.3800,0.480920
197.4000,0.318351
197.4200,0.399919
197.4400,0.644845
197.4600,0.447999
197.4800,0.339386
197.5000,0.124883
197.5200,0.097013
197.5400,0.139956
197.5600,0.133710
197.5800,0.320662
197.6000,0.242754
197.6200,0.156258
197.6400,0.230174
197.6600,0.191273
197.6800,0.101019
197.7000,0.099042
197.7200,0.223905
197.7400,0.209084
197.7600,0.162820
197.7800,0.262646
197.8000,0.300027
197.8200,0.677176
197.8400,1.084073
197.8600,1.444872
197.8800,1.380175
197.9000,1.523555
197.9200,1.024203
197.9400,1.007947
197.9600,1.213410
197.9800,1.201827
198.0000,0.828650
198.0200,0.660220
198.0400,0.953960
198.0600,1.464321
198.0800,1.749178
198.1000,2.079545
198.1200,2.343575
198.1400,2.034417
198.1600,1.705975
198.1800,1.441204
198.2000,1.295843
198.2200,0.790802
198.2400,0.982347
198.2600,1.731047
198.2800,2.682341
198.3000,2.843155
198.3200,2.228290
198.3400,1.604539
198.3600,1.082217
198.3800,1.593440
198.4000,2.478548
198.4200,2.009977
198.4400,1.155461
198.4600,0.823965
198.4800,0.528933
198.5000,0.302951
198.5200,0.177932
198.5400,0.153442
198.5600,0.172353
198.5800,0.202739
198.6000,0.231140
198.6200,0.507822
198.6400,0.659881
198.6600,1.304354
198.6800,1.042940
198.7000,0.690721
198.7200,0.763086
198.7400,1.236147
198.7600,1.517985
198.7800,1.392538
198.8000,1.293097
198.8200,1.717025
198.8400,2.634431
198.8600,3.228480
198.8800,2.796718
198.9000,2.557092
198.9200,2.724486
198.9400,2.686326
198.9600,2.878982
198.9800,3.172268
199.0000,2.912671
199.0200,2.469458
199.0400,1.774091
199.0600,0.949571
199.0800,0.613784
199.1000,0.470314
199.1200,0.378206
199.1400,0.813892
199.1600,0.891864
199.1800,0.589639
199.2000,0.384683
199.2200,0.347233
199.2400,0.341383
199.2600,0.309212
199.2800,0.352313
199.3000,0.318822
199.3200,0.464914
199.3400,0.695938
199.3600,0.837264
199.3800,0.820187
199.4000,0.786306
199.4200,1.180264
199.4400,0.844596
199.4600,0.557202
199.4800,0.714152
199.5000,1.060253
199.5200,1.947188
199.5400,2.016136
199.5600,2.104388
199.5800,1.725278
199.6000,1.354504
199.6200,1.353506
199.6400,1.649796
199.6600,2.584883
199.6800,2.873303
199.7000,3.600000
199.7200,3.600000
199.7400,3.600000
199.7600,3.600000
199.7800,3.600000
199.8000,3.464375
199.8200,2.718711
199.8400,1.488334
199.8600,0.848599
199.8800,0.480920
199.9000,0.318351
199.9200,0.399919
199.9400,0.644845
199.9600,0.447999
199.9800,0.339386
200.0000,0.124883
200.0200,0.097013
200.0400,0.139956
200.0600,0.133710
200.0800,0.320662
200.1000,0.242754
200.1200,0.156258
200.1400,0.230174
200.1600,0.191273
200.1800,0.101019
200.2000,0.099042
200.2200,0.223905
200.2400,0.209084
200.2600,0.162820
200.2800,0.262646
200.3000,0.300027
200.3200,0.677176
200.3400,1.084073
200.3600,1.444872
200.3800,1.380175
200.4000,1.523555
200.4200,1.024203
200.4400,1.007947
200.4600,1.213410
200.4800,1.201827
200.5000,0.828650
200.5200,0.660220
200.5400,0.953960
200.5600,1.464321
200.5800,1.749178
200.6000,2.079545
200.6200,2.343575
200.6400,2.034417
200.6600,1.705975
200.6800,1.441204
200.7000,1.295843
200.7200,0.790802
200.7400,0.982347
200.7600,1.731047
200.7800,2.682341
200.8000,2.843155
200.8200,2.228290
200.8400,1.604539
200.8600,1.082217
200.8800,1.593440
200.9000,2.478548
200.9200,2.009977
200.9400,1.155461
200.9600,0.823965
200.9800,0.528933
201.0000,0.302951
201.0200,0.177932
201.0400,0.153442
201.0600,0.172353
201.0800,0.202739
201.1000,0.231140
201.1200,0.507822
201.1400,0.659881
201.1600,1.304354
201.1800,1.042940
201.2000,0.690721
201.2200,0.763086
201.2400,1.236147
201.2600,1.517985
201.2800,1.392538
201.3000,1.293097
201.3200,1.717025
201.3400,2.634431
201.3600,3.228480
201.3800,2.796718
201.4000,2.557092
201.4200,2.724486
201.4400,2.686326
201.4600,2.878982
201.4800,3.172268
201.5000,2.912671
201.5200,2.469458
201.5400,1.774091
201.5600,0.949571
201.5800,0.613784
201.6000,0.470314
201.6200,0.378206
201.6400,0.813892
201.6600,0.891864
201.6800,0.589639
201.7000,0.384683
201.7200,0.347233
201.7400,0.341383
201.7600,0.309212
201.7800,0.352313
201.8000,0.318822
201.8200,0.464914
201.8400,0.695938
201.8600,0.837264
201.8800,0.820187
201.9000,0.786306
201.9200,1.180264
201.9400,0.844596
201.9600,0.557202
201.9800,0.714152
202.0000,1.060253
202.0200,1.947188
202.0400,2.016136
202.0600,2.104388
202.0800,1.725278
202.1000,1.354504
202.1200,1.353506
202.1400,1.649796
202.1600,2.584883
202.1800,2.873303
202.2000,3.600000
202.2200,3.600000
202.2400,3.600000
202.2600,3.600000
202.2800,3.600000
202.3000,3.464375
202.3200,2.718711
202.3400,1.488334
202.3600,0.848599
202.3800,0.480920
202.4000,0.318351
202.4200,0.399919
202.4400,0.644845
202.4600,0.447999
202.4800,0.339386
202.5000,0.124883
202.5200,0.097013
202.5400,0.139956
202.5600,0.133710
202.5800,0.320662
202.6000,0.242754
202.6200,0.156258
202.6400,0.230174
202.6600,0.191273
202.6800,0.101019
202.7000,0.099042
202.7200,0.223905
202.7400,0.209084
202.7600,0.162820
202.7800,0.262646
202.8000,0.300027
202.8200,0.677176
202.8400,1.084073
202.8600,1.444872
202.8800,1.380175
202.9000,1.523555
202.9200,1.024203
202.9400,1.007947
202.9600,1.213410
202.9800,1.201827
203.0000,0.828650
203.0200,0.660220
203.0400,0.953960
203.0600,1.464321
203.0800,1.749178
203.1000,2.079545
203.1200,2.343575
203.1400,2.034417
203.1600,1.705975
203.1800,1.441204
203.2000,1.295843
203.2200,0.790802
203.2400,0.982347
203.2600,1.731047
203.2800,2.682341
203.3000,2.843155
203.3200,2.228290
203.3400,1.604539
203.3600,1.082217
203.3800,1.593440
203.4000,2.478548
203.4200,2.009977
203.4400,1.155461
203.4600,0.823965
203.4800,0.528933
203.5000,0.302951
203.5200,0.177932
203.5400,0.153442
203.5600,0.172353
203.5800,0.202739
203.6000,0.231140
203.6200,0.507822
203.6400,0.659881
203.6600,1.304354
203.6800,1.042940
203.7000,0.690721
203.7200,0.763086
203.7400,1.236147
203.7600,1.517985
203.7800,1.392538
203.8000,1.293097
203.8200,1.717025
203.8400,2.634431
203.8600,3.228480
203.8800,2.796718
203.9000,2.557092
203.9200,2.724486
203.9400,2.686326
203.9600,2.878982
203.9800,3.172268
204.0000,2.912671
204.0200,2.469458
204.0400,1.774091
204.0600,0.949571
204.0800,0.613784
204.1000,0.470314
204.1200,0.378206
204.1400,0.813892
204.1600,0.891864
204.1800,0.589639
204.2000,0.384683
204.2200,0.347233
204.2400,0.341383
204.2600,0.309212
204.2800,0.352313
204.3000,0.318822
204.3200,0.464914
204.3400,0.695938
204.3600,0.837264
204.3800,0.820187
204.4000,0.786306
204.4200,1.180264
204.4400,0.844596
204.4600,0.557202
204.4800,0.714152
204.5000,1.060253
204.5200,1.947188
204.5400,2.016136
204.5600,2.104388
204.5800,1.725278
204.6000,1.354504
204.6200,1.353506
204.6400,1.649796
204.6600,2.584883
204.6800,2.873303
204.7000,3.600000
204.7200,3.600000
204.7400,3.600000
204.7600,3.600000
204.7800,3.600000
204.8000,3.464375
204.8200,2.718711
204.8400,1.488334
204.8600,0.848599
204.8800,0.480920
204.9000,0.318351
204.9200,0.399919
204.9400,0.644845
204.9600,0.447999
204.9800,0.339386
205.0000,0.124883
205.0200,0.097013
205.0400,0.139956
205.0600,0.133710
205.0800,0.320662
205.1000,0.242754
205.1200,0.156258
205.1400,0.230174
205.1600,0.191273
205.1800,0.101019
205.2000,0.099042
205.2200,0.223905
205.2400,0.209084
205.2600,0.162820
205.2800,0.262646
205.3000,0.300027
205.3200,0.677176
205.3400,1.084073
205.3600,1.444872
205.3800,1.380175
205.4000,1.523555
205.4200,1.024203
205.4400,1.007947
205.4600,1.213410
205.4800,1.201827
205.5000,0.828650
205.5200,0.660220
205.5400,0.953960
205.5600,1.464321
205.5800,1.749178
205.6000,2.079545
205.6200,2.343575
205.6400,2.034417
205.6600,1.705975
205.6800,1.441204
205.7000,1.295843
205.7200,0.790802
205.7400,0.982347
205.7600,1.731047
205.7800,2.682341
205.8000,2.843155
205.8200,2.228290
205.8400,1.604539
205.8600,1.082217
205.8800,1.593440
205.9000,2.478548
205.9200,2.009977
205.9400,1.155461
205.9600,0.823965
205.9800,0.528933
206.0000,0.302951
206.0200,0.177932
206.0400,0.153442
206.0600,0.172353
206.0800,0.202739
206.1000,0.231140
206.1200,0.507822
206.1400,0.659881
206.1600,1.304354
206.1800,1.042940
206.2000,0.690721
206.2200,0.763086
206.2400,1.236147
206.2600,1.517985
206.2800,1.392538
206.3000,1.293097
206.3200,1.717025
206.3400,2.634431
206.3600,3.228480
206.3800,2.796718
206.4000,2.557092
206.4200,2.724486
206.4400,2.686326
206.4600,2.878982
206.4800,3.172268
206.5000,2.912671
206.5200,2.469458
206.5400,1.774091
206.5600,0.949571
206.5800,0.613784
206.6000,0.470314
206.6200,0.378206
206.6400,0.813892
206.6600,0.891864
206.6800,0.589639
206.7000,0.384683
206.7200,0.347233
206.7400,0.341383
206.7600,0.309212
206.7800,0.352313
206.8000,0.318822
206.8200,0.464914
206.8400,0.695938
206.8600,0.837264
206.8800,0.820187
206.9000,0.786306
206.9200,1.180264
206.9400,0.844596
206.9600,0.557202
206.9800,0.714152
207.0000,1.060253
207.0200,1.947188
207.0400,2.016136
207.0600,2.104388
207.0800,1.725278
207.1000,1.354504
207.1200,1.353506
207.1400,1.649796
207.1600,2.584883
207.1800,2.873303
207.2000,3.600000
207.2200,3.600000
207.2400,3.600000
207.2600,3.600000
207.2800,3.600000
207.3000,3.464375
207.3200,2.718711
207.3400,1.488334
207.3600,0.848599
207.3800,0.480920
207.4000,0.318351
207.4200,0.399919
207.4400,0.644845
207.4600,0.447999
207.4800,0.339386
207.5000,0.124883
207.5200,0.097013
207.5400,0.139956
207.5600,0.133710
207.5800,0.320662
207.6000,0.242754
207.6200,0.156258
207.6400,0.230174
207.6600,0.191273
207.6800,0.101019
207.7000,0.099042
207.7200,0.223905
207.7400,0.209084
207.7600,0.162820
207.7800,0.262646
207.8000,0.300027
207.8200,0.677176
207.8400,1.084073
207.8600,1.444872
207.8800,1.380175
207.9000,1.523555
207.9200,1.024203
207.9400,1.007947
207.9600,1.213410
207.9800,1.201827
208.0000,0.828650
208.0200,0.660220
208.0400,0.953960
208.0600,1.464321
208.0800,1.749178
208.1000,2.079545
208.1200,2.343575
208.1400,2.034417
208.1600,1.705975
208.1800,1.441204
208.2000,1.295843
208.2200,0.790802
208.2400,0.982347
208.2600,1.731047
208.2800,2.682341
208.3000,2.843155
208.3200,2.228290
208.3400,1.604539
208.3600,1.082217
208.3800,1.593440
208.4000,2.478548
208.4200,2.009977
208.4400,1.155461
208.4600,0.823965
208.4800,0.528933
208.5000,0.302951
208.5200,0.177932
208.5400,0.153442
208.5600,0.172353
208.5800,0.202739
208.6000,0.231140
208.6200,0.507822
208.6400,0.659881
208.6600,1.304354
208.6800,1.042940
208.7000,0.690721
208.7200,0.763086
208.7400,1.236147
208.7600,1.517985
208.7800,1.392538
208.8000,1.293097
208.8200,1.717025
208.8400,2.634431
208.8600,3.228480
208.8800,2.796718
208.9000,2.557092
208.9200,2.724486
208.9400,2.686326
208.9600,2.878982
208.9800,3.172268
209.0000,2.912671
209.0200,2.469458
209.0400,1.774091
209.0600,0.949571
209.0800,0.613784
209.1000,0.470314
209.1200,0.378206
209.1400,0.813892
209.1600,0.891864
209.1800,0.589639
209.2000,0.384683
209.2200,0.347233
209.2400,0.341383
209.2600,0.309212
209.2800,0.352313
209.3000,0.318822
209.3200,0.464914
209.3400,0.695938
209.3600,0.837264
209.3800,0.820187
209.4000,0.786306
209.4200,1.180264
209.4400,0.844596
209.4600,0.557202
209.4800,0.714152
209.5000,1.060253
209.5200,1.947188
209.5400,2.016136
209.5600,2.104388
209.5800,1.725278
209.6000,1.354504
209.6200,1.353506
209.6400,1.649796
209.6600,2.584883
209.6800,2.873303
209.7000,3.600000
209.7200,3.600000
209.7400,3.600000
209.7600,3.600000
209.7800,3.600000
209.8000,3.464375
209.8200,2.718711
209.8400,1.488334
209.8600,0.848599
209.8800,0.480920
209.9000,0.318351
209.9200,0.399919
209.9400,0.644845
209.9600,0.447999
209.9800,0.339386
210.0000,0.124883
210.0200,0.097013
210.0400,0.139956
210.0600,0.133710
210.0800,0.320662
210.1000,0.242754
210.1200,0.156258
210.1400,0.230174
210.1600,0.191273
210.1800,0.101019
210.2000,0.099042
210.2200,0.223905
210.2400,0.209084
210.2600,0.162820
210.2800,0.262646
210.3000,0.300027
210.3200,0.677176
210.3400,1.084073
210.3600,1.444872
210.3800,1.380175
210.4000,1.523555
210.4200,1.024203
210.4400,1.007947
210.4600,1.213410
210.4800,1.201827
210.5000,0.828650
210.5200,0.660220
210.5400,0.953960
210.5600,1.464321
210.5800,1.749178
210.6000,2.079545
210.6200,2.343575
210.6400,2.034417
210.6600,1.705975
210.6800,1.441204
210.7000,1.295843
210.7200,0.790802
210.7400,0.982347
210.7600,1.731047
210.7800,2.682341
210.8000,2.843155
210.8200,2.228290
210.8400,1.604539
210.8600,1.082217
210.8800,1.593440
210.9000,2.478548
210.9200,2.009977
210.9400,1.155461
210.9600,0.823965
210.9800,0.528933
211.0000,0.302951
211.0200,0.177932
211.0400,0.153442
211.0600,0.172353
211.0800,0.202739
211.1000,0.231140
211.1200,0.507822
211.1400,0.659881
211.1600,1.304354
211.1800,1.042940
211.2000,0.690721
211.2200,0.763086
211.2400,1.236147
211.2600,1.517985
211.2800,1.392538
211.3000,1.293097
211.3200,1.717025
211.3400,2.634431
211.3600,3.228480
211.3800,2.796718
211.4000,2.557092
211.4200,2.724486
211.4400,2.686326
211.4600,2.878982
211.4800,3.172268
211.5000,2.912671
211.5200,2.469458
211.5400,1.774091
211.5600,0.949571
211.5800,0.613784
211.6000,0.470314
211.6200,0.378206
211.6400,0.813892
211.6600,0.891864
211.6800,0.589639
211.7000,0.384683
211.7200,0.347233
211.7400,0.341383
211.7600,0.309212
211.7800,0.352313
211.8000,0.318822
211.8200,0.464914
211.8400,0.695938
211.8600,0.837264
211.8800,0.820187
211.9000,0.786306
211.9200,1.180264
211.9400,0.844596
211.9600,0.557202
211.9800,0.714152
212.0000,1.060253
212.0200,1.947188
212.0400,2.016136
212.0600,2.104388
212.0800,1.725278
212.1000,1.354504
212.1200,1.353506
212.1400,1.649796
212.1600,2.584883
212.1800,2.873303
212.2000,3.600000
212.2200,3.600000
212.2400,3.600000
212.2600,3.600000
212.2800,3.600000
212.3000,3.464375
212.3200,2.718711
212.3400,1.488334
212.3600,0.848599
212.3800,0.480920
212.4000,0.318351
212.4200,0.399919
212.4400,0.644845
212.4600,0.447999
212.4800,0.339386
212.5000,0.124883
212.5200,0.097013
212.5400,0.139956
212.5600,0.133710
212.5800,0.320662
212.6000,0.242754
212.6200,0.156258
212.6400,0.230174
212.6600,0.191273
212.6800,0.101019
212.7000,0.099042
212.7200,0.223905
212.7400,0.209084
212.7600,0.162820
212.7800,0.262646
212.8000,0.300027
212.8200,0.677176
212.8400,1.084073
212.8600,1.444872
212.8800,1.380175
212.9000,1.523555
212.9200,1.024203
212.9400,1.007947
212.9600,1.213410
212.9800,1.201827
213.0000,0.828650
213.0200,0.660220
213.0400,0.953960
213.0600,1.464321
213.0800,1.749178
213.1000,2.079545
213.1200,2.343575
213.1400,2.034417
213.1600,1.705975
213.1800,1.441204
213.2000,1.295843
213.2200,0.790802
213.2400,0.982347
213.2600,1.731047
213.2800,2.682341
213.3000,2.843155
213.3200,2.228290
213.3400,1.604539
213.3600,1.082217
213.3800,1.593440
213.4000,2.478548
213.4200,2.009977
213.4400,1.155461
213.4600,0.823965
213.4800,0.528933
213.5000,0.302951
213.5200,0.177932
213.5400,0.153442
213.5600,0.172353
213.5800,0.202739
213.6000,0.231140
213.6200,0.507822
213.6400,0.659881
213.6600,1.304354
213.6800,1.042940
213.7000,0.690721
213.7200,0.763086
213.7400,1.236147
213.7600,1.517985
213.7800,1.392538
213.8000,1.293097
213.8200,1.717025
213.8400,2.634431
213.8600,3.228480
213.8800,2.796718
213.9000,2.557092
213.9200,2.724486
213.9400,2.686326
213.9600,2.878982
213.9800,3.172268
214.0000,2.912671
214.0200,2.469458
214.0400,1.774091
214.0600,0.949571
214.0800,0.613784
214.1000,0.470314
214.1200,0.378206
214.1400,0.813892
214.1600,0.891864
214.1800,0.589639
214.2000,0.384683
214.2200,0.347233
214.2400,0.341383
214.2600,0.309212
214.2800,0.352313
214.3000,0.318822
214.3200,0.464914
214.3400,0.695938
214.3600,0.837264
214.3800,0.820187
214.4000,0.786306
214.4200,1.180264
214.4400,0.844596
214.4600,0.557202
214.4800,0.714152
214.5000,1.060253
214.5200,1.947188
214.5400,2.016136
214.5600,2.104388
214.5800,1.725278
214.6000,1.354504
214.6200,1.353506
214.6400,1.649796
214.6600,2.584883
214.6800,2.873303
214.7000,3.600000
214.7200,3.600000
214.7400,3.600000
214.7600,3.600000
214.7800,3.600000
214.8000,3.464375
214.8200,2.718711
214.8400,1.488334
214.8600,0.848599
214.8800,0.480920
214.9000,0.318351
214.9200,0.399919
214.9400,0.644845
214.9600,0.447999
214.9800,0.339386
215.0000,0.124883
215.0200,0.097013
215.0400,0.139956
215.0600,0.133710
215.0800,0.320662
215.1000,0.242754
215.1200,0.156258
215.1400,0.230174
215.1600,0.191273
215.1800,0.101019
215.2000,0.099042
215.2200,0.223905
215.2400,0.209084
215.2600,0.162820
215.2800,0.262646
215.3000,0.300027
215.3200,0.677176
215.3400,1.084073
215.3600,1.444872
215.3800,1.380175
215.4000,1.523555
215.4200,1.024203
215.4400,1.007947
215.4600,1.213410
215.4800,1.201827
215.5000,0.828650
215.5200,0.660220
215.5400,0.953960
215.5600,1.464321
215.5800,1.749178
215.6000,2.079545
215.6200,2.343575
215.6400,2.034417
215.6600,1.705975
215.6800,1.441204
215.7000,1.295843
215.7200,0.790802
215.7400,0.982347
215.7600,1.731047
215.7800,2.682341
215.8000,2.843155
215.8200,2.228290
215.8400,1.604539
215.8600,1.082217
215.8800,1.593440
215.9000,2.478548
215.9200,2.009977
215.9400,1.155461
215.9600,0.823965
215.9800,0.528933
216.0000,0.302951
216.0200,0.177932
216.0400,0.153442
216.0600,0.172353
216.0800,0.202739
216.1000,0.231140
216.1200,0.507822
216.1400,0.659881
216.1600,1.304354
216.1800,1.042940
216.2000,0.690721
216.2200,0.763086
216.2400,1.236147
216.2600,1.517985
216.2800,1.392538
216.3000,1.293097
216.3200,1.717025
216.3400,2.634431
216.3600,3.228480
216.3800,2.796718
216.4000,2.557092
216.4200,2.724486
216.4400,2.686326
216.4600,2.878982
216.4800,3.172268
216.5000,2.912671
216.5200,2.469458
216.5400,1.774091
216.5600,0.949571
216.5800,0.613784
216.6000,0.470314
216.6200,0.378206
216.6400,0.813892
216.6600,0.891864
216.6800,0.589639
216.7000,0.384683
216.7200,0.347233
216.7400,0.341383
216.7600,0.309212
216.7800,0.352313
216.8000,0.318822
216.8200,0.464914
216.8400,0.695938
216.8600,0.837264
216.8800,0.820187
216.9000,0.786306
216.9200,1.180264
216.9400,0.844596
216.9600,0.557202
216.9800,0.714152
217.0000,1.060253
217.0200,1.947188
217.0400,2.016136
217.0600,2.104388
217.0800,1.725278
217.1000,1.354504
217.1200,1.353506
217.1400,1.649796
217.1600,2.584883
217.1800,2.873303
217.2000,3.600000
217.2200,3.600000
217.2400,3.600000
217.2600,3.600000
217.2800,3.600000
217.3000,3.464375
217.3200,2.718711
217.3400,1.488334
217.3600,0.848599
217.3800,0.480920
217.4000,0.318351
217.4200,0.399919
217.4400,0.644845
217.4600,0.447999
217.4800,0.339386
217.5000,0.124883
217.5200,0.097013
217.5400,0.139956
217.5600,0.133710
217.5800,0.320662
217.6000,0.242754
217.6200,0.156258
217.6400,0.230174
217.6600,0.191273
217.6800,0.101019
217.7000,0.099042
217.7200,0.223905
217.7400,0.209084
217.7600,0.162820
217.7800,0.262646
217.8000,0.300027
217.8200,0.677176
217.8400,1.084073
217.8600,1.444872
217.8800,1.380175
217.9000,1.523555
217.9200,1.024203
217.9400,1.007947
217.9600,1.213410
217.9800,1.201827
218.0000,0.828650
218.0200,0.660220
218.0400,0.953960
218.0600,1.464321
218.0800,1.749178
218.1000,2.079545
218.1200,2.343575
218.1400,2.034417
218.1600,1.705975
218.1800,1.441204
218.2000,1.295843
218.2200,0.790802
218.2400,0.982347
218.2600,1.731047
218.2800,2.682341
218.3000,2.843155
218.3200,2.228290
218.3400,1.604539
218.3600,1.082217
218.3800,1.593440
218.4000,2.478548
218.4200,2.009977
218.4400,1.155461
218.4600,0.823965
218.4800,0.528933
218.5000,0.302951
218.5200,0.177932
218.5400,0.153442
218.5600,0.172353
218.5800,0.202739
218.6000,0.231140
218.6200,0.507822
218.6400,0.659881
218.6600,1.304354
218.6800,1.042940
218.7000,0.690721
218.7200,0.763086
218.7400,1.236147
218.7600,1.517985
218.7800,1.392538
218.8000,1.293097
218.8200,1.717025
218.8400,2.634431
218.8600,3.228480
218.8800,2.796718
218.9000,2.557092
218.9200,2.724486
218.9400,2.686326
218.9600,2.878982
218.9800,3.172268
219.0000,2.912671
219.0200,2.469458
219.0400,1.774091
219.0600,0.949571
219.0800,0.613784
219.1000,0.470314
219.1200,0.378206
219.1400,0.813892
219.1600,0.891864
219.1800,0.589639
219.2000,0.384683
219.2200,0.347233
219.2400,0.341383
219.2600,0.309212
219.2800,0.352313
219.3000,0.318822
219.3200,0.464914
219.3400,0.695938
219.3600,0.837264
219.3800,0.820187
219.4000,0.786306
219.4200,1.180264
219.4400,0.844596
219.4600,0.557202
219.4800,0.714152
219.5000,1.060253
219.5200,1.947188
219.5400,2.016136
219.5600,2.104388
219.5800,1.725278
219.6000,1.354504
219.6200,1.353506
219.6400,1.649796
219.6600,2.584883
219.6800,2.873303
219.7000,3.600000
219.7200,3.600000
219.7400,3.600000
219.7600,3.600000
219.7800,3.600000
219.8000,3.464375
219.8200,2.718711
219.8400,1.488334
219.8600,0.848599
219.8800,0.480920
219.9000,0.318351
219.9200,0.399919
219.9400,0.644845
219.9600,0.447999
219.9800,0.339386
220.0000,0.124883
220.0200,0.097013
220.0400,0.139956
220.0600,0.133710
220.0800,0.320662
220.1000,0.242754
220.1200,0.156258
220.1400,0.230174
220.1600,0.191273
220.1800,0.101019
220.2000,0.099042
220.2200,0.223905
220.2400,0.209084
220.2600,0.162820
220.2800,0.262646
220.3000,0.300027
220.3200,0.677176
220.3400,1.084073
220.3600,1.444872
220.3800,1.380175
220.4000,1.523555
220.4200,1.024203
220.4400,1.007947
220.4600,1.213410
220.4800,1.201827
220.5000,0.828650
220.5200,0.660220
220.5400,0.953960
220.5600,1.464321
220.5800,1.749178
220.6000,2.079545
220.6200,2.343575
220.6400,2.034417
220.6600,1.705975
220.6800,1.441204
220.7000,1.295843
220.7200,0.790802
220.7400,0.982347
220.7600,1.731047
220.7800,2.682341
220.8000,2.843155
220.8200,2.228290
220.8400,1.604539
220.8600,1.082217
220.8800,1.593440
220.9000,2.478548
220.9200,2.009977
220.9400,1.155461
220.9600,0.823965
220.9800,0.528933
221.0000,0.302951
221.0200,0.177932
221.0400,0.153442
221.0600,0.172353
221.0800,0.202739
221.1000,0.231140
221.1200,0.507822
221.1400,0.659881
221.1600,1.304354
221.1800,1.042940
221.2000,0.690721
221.2200,0.763086
221.2400,1.236147
221.2600,1.517985
221.2800,1.392538
221.3000,1.293097
221.3200,1.717025
221.3400,2.634431
221.3600,3.228480
221.3800,2.796718
221.4000,2.557092
221.4200,2.724486
221.4400,2.686326
221.4600,2.878982
221.4800,3.172268
221.5000,2.912671
221.5200,2.469458
221.5400,1.774091
221.5600,0.949571
221.5800,0.613784
221.6000,0.470314
221.6200,0.378206
221.6400,0.813892
221.6600,0.891864
221.6800,0.589639
221.7000,0.384683
221.7200,0.347233
221.7400,0.341383
221.7600,0.309212
221.7800,0.352313
221.8000,0.318822
221.8200,0.464914
221.8400,0.695938
221.8600,0.837264
221.8800,0.820187
221.9000,0.786306
221.9200,1.180264
221.9400,0.844596
221.9600,0.557202
221.9800,0.714152
222.0000,1.060253
222.0200,1.947188
222.0400,2.016136
222.0600,2.104388
222.0800,1.725278
222.1000,1.354504
222.1200,1.353506
222.1400,1.649796
222.1600,2.584883
222.1800,2.873303
222.2000,3.600000
222.2200,3.600000
222.2400,3.600000
222.2600,3.600000
222.2800,3.600000
222.3000,3.464375
222.3200,2.718711
222.3400,1.488334
222.3600,0.848599
222.3800,0.480920
222.4000,0.318351
222.4200,0.399919
222.4400,0.644845
222.4600,0.447999
222.4800,0.339386
222.5000,0.124883
222.5200,0.097013
222.5400,0.139956
222.5600,0.133710
222.5800,0.320662
222.6000,0.242754
222.6200,0.156258
222.6400,0.230174
222.6600,0.191273
222.6800,0.101019
222.7000,0.099042
222.7200,0.223905
222.7400,0.209084
222.7600,0.162820
222.7800,0.262646
222.8000,0.300027
222.8200,0.677176
222.8400,1.084073
222.8600,1.444872
222.8800,1.380175
222.9000,1.523555
222.9200,1.024203
222.9400,1.007947
222.9600,1.213410
222.9800,1.201827
223.0000,0.828650
223.0200,0.660220
223.0400,0.953960
223.0600,1.464321
223.0800,1.749178
223.1000,2.079545
223.1200,2.343575
223.1400,2.034417
223.1600,1.705975
223.1800,1.441204
223.2000,1.295843
223.2200,0.790802
223.2400,0.982347
223.2600,1.731047
223.2800,2.682341
223.3000,2.843155
223.3200,2.228290
223.3400,1.604539
223.3600,1.082217
223.3800,1.593440
223.4000,2.478548
223.4200,2.009977
223.4400,1.155461
223.4600,0.823965
223.4800,0.528933
223.5000,0.302951
223.5200,0.177932
223.5400,0.153442
223.5600,0.172353
223.5800,0.202739
223.6000,0.231140
223.6200,0.507822
223.6400,0.659881
223.6600,1.304354
223.6800,1.042940
223.7000,0.690721
223.7200,0.763086
223.7400,1.236147
223.7600,1.517985
223.7800,1.392538
223.8000,1.293097
223.8200,1.717025
223.8400,2.634431
223.8600,3.228480
223.8800,2.796718
223.9000,2.557092
223.9200,2.724486
223.9400,2.686326
223.9600,2.878982
223.9800,3.172268
224.0000,2.912671
224.0200,2.469458
224.0400,1.774091
224.0600,0.949571
224.0800,0.613784
224.1000,0.470314
224.1200,0.378206
224.1400,0.813892
224.1600,0.891864
224.1800,0.589639
224.2000,0.384683
224.2200,0.347233
224.2400,0.341383
224.2600,0.309212
224.2800,0.352313
224.3000,0.318822
224.3200,0.464914
224.3400,0.695938
224.3600,0.837264
224.3800,0.820187
224.4000,0.786306
224.4200,1.180264
224.4400,0.844596
224.4600,0.557202
224.4800,0.714152
224.5000,1.060253
224.5200,1.947188
224.5400,2.016136
224.5600,2.104388
224.5800,1.725278
224.6000,1.354504
224.6200,1.353506
224.6400,1.649796
224.6600,2.584883
224.6800,2.873303
224.7000,3.600000
224.7200,3.600000
224.7400,3.600000
224.7600,3.600000
224.7800,3.600000
224.8000,3.464375
224.8200,2.718711
224.8400,1.488334
224.8600,0.848599
224.8800,0.480920
224.9000,0.318351
224.9200,0.399919
224.9400,0.644845
224.9600,0.447999
224.9800,0.339386
225.0000,0.124883
225.0200,0.097013
225.0400,0.139956
225.0600,0.133710
225.0800,0.320662
225.1000,0.242754
225.1200,0.156258
225.1400,0.230174
225.1600,0.191273
225.1800,0.101019
225.2000,0.099042
225.2200,0.223905
225.2400,0.209084
225.2600,0.162820
225.2800,0.262646
225.3000,0.300027
225.3200,0.677176
225.3400,1.084073
225.3600,1.444872
225.3800,1.380175
225.4000,1.523555
225.4200,1.024203
225.4400,1.007947
225.4600,1.213410
225.4800,1.201827
225.5000,0.828650
225.5200,0.660220
225.5400,0.953960
225.5600,1.464321
225.5800,1.749178
225.6000,2.079545
225.6200,2.343575
225.6400,2.034417
225.6600,1.705975
225.6800,1.441204
225.7000,1.295843
225.7200,0.790802
225.7400,0.982347
225.7600,1.731047
225.7800,2.682341
225.8000,2.843155
225.8200,2.228290
225.8400,1.604539
225.8600,1.082217
225.8800,1.593440
225.9000,2.478548
225.9200,2.009977
225.9400,1.155461
225.9600,0.823965
225.9800,0.528933
226.0000,0.302951
226.0200,0.177932
226.0400,0.153442
226.0600,0.172353
226.0800,0.202739
226.1000,0.231140
226.1200,0.507822
226.1400,0.659881
226.1600,1.304354
226.1800,1.042940
226.2000,0.690721
226.2200,0.763086
226.2400,1.236147
226.2600,1.517985
226.2800,1.392538
226.3000,1.293097
226.3200,1.717025
226.3400,2.634431
226.3600,3.228480
226.3800,2.796718
226.4000,2.557092
226.4200,2.724486
226.4400,2.686326
226.4600,2.878982
226.4800,3.172268
226.5000,2.912671
226.5200,2.469458
226.5400,1.774091
226.5600,0.949571
226.5800,0.613784
226.6000,0.470314
226.6200,0.378206
226.6400,0.813892
226.6600,0.891864
226.6800,0.589639
226.7000,0.384683
226.7200,0.347233
226.7400,0.341383
226.7600,0.309212
226.7800,0.352313
226.8000,0.318822
226.8200,0.464914
226.8400,0.695938
226.8600,0.837264
226.8800,0.820187
226.9000,0.786306
226.9200,1.180264
226.9400,0.844596
226.9600,0.557202
226.9800,0.714152
227.0000,1.060253
227.0200,1.947188
227.0400,2.016136
227.0600,2.104388
227.0800,1.725278
227.1000,1.354504
227.1200,1.353506
227.1400,1.649796
227.1600,2.584883
227.1800,2.873303
227.2000,3.600000
227.2200,3.600000
227.2400,3.600000
227.2600,3.600000
227.2800,3.600000
227.3000,3.464375
227.3200,2.718711
227.3400,1.488334
227.3600,0.848599
227.3800,0.480920
227.4000,0.318351
227.4200,0.399919
227.4400,0.644845
227.4600,0.447999
227.4800,0.339386
227.5000,0.124883
227.5200,0.097013
227.5400,0.139956
227.5600,0.133710
227.5800,0.320662
227.6000,0.242754
227.6200,0.156258
227.6400,0.230174
227.6600,0.191273
227.6800,0.101019
227.7000,0.099042
227.7200,0.223905
227.7400,0.209084
227.7600,0.162820
227.7800,0.262646
227.8000,0.300027
227.8200,0.677176
227.8400,1.084073
227.8600,1.444872
227.8800,1.380175
227.9000,1.523555
227.9200,1.024203
227.9400,1.007947
227.9600,1.213410
227.9800,1.201827
228.0000,0.828650
228.0200,0.660220
228.0400,0.953960
228.0600,1.464321
228.0800,1.749178
228.1000,2.079545
228.1200,2.343575
228.1400,2.034417
228.1600,1.705975
228.1800,1.441204
228.2000,1.295843
228.2200,0.790802
228.2400,0.982347
228.2600,1.731047
228.2800,2.682341
228.3000,2.843155
228.3200,2.228290
228.3400,1.604539
228.3600,1.082217
228.3800,1.593440
228.4000,2.478548
228.4200,2.009977
228.4400,1.155461
228.4600,0.823965
228.4800,0.528933
228.5000,0.302951
228.5200,0.177932
228.5400,0.153442
228.5600,0.172353
228.5800,0.202739
228.6000,0.231140
228.6200,0.507822
228.6400,0.659881
228.6600,1.304354
228.6800,1.042940
228.7000,0.690721
228.7200,0.763086
228.7400,1.236147
228.7600,1.517985
228.7800,1.392538
228.8000,1.293097
228.8200,1.717025
228.8400,2.634431
228.8600,3.228480
228.8800,2.796718
228.9000,2.557092
228.9200,2.724486
228.9400,2.686326
228.9600,2.878982
228.9800,3.172268
229.0000,2.912671
229.0200,2.469458
229.0400,1.774091
229.0600,0.949571
229.0800,0.613784
229.1000,0.470314
229.1200,0.378206
229.1400,0.813892
229.1600,0.891864
229.1800,0.589639
229.2000,0.384683
229.2200,0.347233
229.2400,0.341383
229.2600,0.309212
229.2800,0.352313
229.3000,0.318822
229.3200,0.464914
229.3400,0.695938
229.3600,0.837264
229.3800,0.820187
229.4000,0.786306
229.4200,1.180264
229.4400,0.844596
229.4600,0.557202
229.4800,0.714152
229.5000,1.060253
229.5200,1.947188
229.5400,2.016136
229.5600,2.104388
229.5800,1.725278
229.6000,1.354504
229.6200,1.353506
229.6400,1.649796
229.6600,2.584883
229.6800,2.873303
229.7000,3.600000
229.7200,3.600000
229.7400,3.600000
229.7600,3.600000
229.7800,3.600000
229.8000,3.464375
229.8200,2.718711
229.8400,1.488334
229.8600,0.848599
229.8800,0.480920
229.9000,0.318351
229.9200,0.399919
229.9400,0.644845
229.9600,0.447999
229.9800,0.339386
230.0000,0.124883
230.0200,0.097013
230.0400,0.139956
230.0600,0.133710
230.0800,0.320662
230.1000,0.242754
230.1200,0.156258
230.1400,0.230174
230.1600,0.191273
230.1800,0.101019
230.2000,0.099042
230.2200,0.223905
230.2400,0.209084
230.2600,0.162820
230.2800,0.262646
230.3000,0.300027
230.3200,0.677176
230.3400,1.084073
230.3600,1.444872
230.3800,1.380175
230.4000,1.523555
230.4200,1.024203
230.4400,1.007947
230.4600,1.213410
230.4800,1.201827
230.5000,0.828650
230.5200,0.660220
230.5400,0.953960
230.5600,1.464321
230.5800,1.749178
230.6000,2.079545
230.6200,2.343575
230.6400,2.034417
230.6600,1.705975
230.6800,1.441204
230.7000,1.295843
230.7200,0.790802
230.7400,0.982347
230.7600,1.731047
230.7800,2.682341
230.8000,2.843155
230.8200,2.228290
230.8400,1.604539
230.8600,1.082217
230.8800,1.593440
230.9000,2.478548
230.9200,2.009977
230.9400,1.155461
230.9600,0.823965
230.9800,0.528933
231.0000,0.302951
231.0200,0.177932
231.0400,0.153442
231.0600,0.172353
231.0800,0.202739
231.1000,0.231140
231.1200,0.507822
231.1400,0.659881
231.1600,1.304354
231.1800,1.042940
231.2000,0.690721
231.2200,0.763086
231.2400,1.236147
231.2600,1.517985
231.2800,1.392538
231.3000,1.293097
231.3200,1.717025
231.3400,2.634431
231.3600,3.228480
231.3800,2.796718
231.4000,2.557092
231.4200,2.724486
231.4400,2.686326
231.4600,2.878982
231.4800,3.172268
231.5000,2.912671
231.5200,2.469458
231.5400,1.774091
231.5600,0.949571
231.5800,0.613784
231.6000,0.470314
231.6200,0.378206
231.6400,0.813892
231.6600,0.891864
231.6800,0.589639
231.7000,0.384683
231.7200,0.347233
231.7400,0.341383
231.7600,0.309212
231.7800,0.352313
231.8000,0.318822
231.8200,0.464914
231.8400,0.695938
231.8600,0.837264
231.8800,0.820187
231.9000,0.786306
231.9200,1.180264
231.9400,0.844596
231.9600,0.557202
231.9800,0.714152
232.0000,1.060253
232.0200,1.947188
232.0400,2.016136
232.0600,2.104388
232.0800,1.725278
232.1000,1.354504
232.1200,1.353506
232.1400,1.649796
232.1600,2.584883
232.1800,2.873303
232.2000,3.600000
232.2200,3.600000
232.2400,3.600000
232.2600,3.600000
232.2800,3.600000
232.3000,3.464375
232.3200,2.718711
232.3400,1.488334
232.3600,0.848599
232.3800,0.480920
232.4000,0.318351
232.4200,0.399919
232.4400,0.644845
232.4600,0.447999
232.4800,0.339386
232.5000,0.124883
232.5200,0.097013
232.5400,0.139956
232.5600,0.133710
232.5800,0.320662
232.6000,0.242754
232.6200,0.156258
232.6400,0.230174
232.6600,0.191273
232.6800,0.101019
232.7000,0.099042
232.7200,0.223905
232.7400,0.209084
232.7600,0.162820
232.7800,0.262646
232.8000,0.300027
232.8200,0.677176
232.8400,1.084073
232.8600,1.444872
232.8800,1.380175
232.9000,1.523555
232.9200,1.024203
232.9400,1.007947
232.9600,1.213410
232.9800,1.201827
233.0000,0.828650
233.0200,0.660220
233.0400,0.953960
233.0600,1.464321
233.0800,1.749178
233.1000,2.079545
233.1200,2.343575
233.1400,2.034417
233.1600,1.705975
233.1800,1.441204
233.2000,1.295843
233.2200,0.790802
233.2400,0.982347
233.2600,1.731047
233.2800,2.682341
233.3000,2.843155
233.3200,2.228290
233.3400,1.604539
233.3600,1.082217
233.3800,1.593440
233.4000,2.478548
233.4200,2.009977
233.4400,1.155461
233.4600,0.823965
233.4800,0.528933
233.5000,0.302951
233.5200,0.177932
233.5400,0.153442
233.5600,0.172353
233.5800,0.202739
233.6000,0.231140
233.6200,0.507822
233.6400,0.659881
233.6600,1.304354
233.6800,1.042940
233.7000,0.690721
233.7200,0.763086
233.7400,1.236147
233.7600,1.517985
233.7800,1.392538
233.8000,1.293097
233.8200,1.717025
233.8400,2.634431
233.8600,3.228480
233.8800,2.796718
233.9000,2.557092
233.9200,2.724486
233.9400,2.686326
233.9600,2.878982
233.9800,3.172268
234.0000,2.912671
234.0200,2.469458
234.0400,1.774091
234.0600,0.949571
234.0800,0.613784
234.1000,0.470314
234.1200,0.378206
234.1400,0.813892
234.1600,0.891864
234.1800,0.589639
234.2000,0.384683
234.2200,0.347233
234.2400,0.341383
234.2600,0.309212
234.2800,0.352313
234.3000,0.318822
234.3200,0.464914
234.3400,0.695938
234.3600,0.837264
234.3800,0.820187
234.4000,0.786306
234.4200,1.180264
234.4400,0.844596
234.4600,0.557202
234.4800,0.714152
234.5000,1.060253
234.5200,1.947188
234.5400,2.016136
234.5600,2.104388
234.5800,1.725278
234.6000,1.354504
234.6200,1.353506
234.6400,1.649796
234.6600,2.584883
234.6800,2.873303
234.7000,3.600000
234.7200,3.600000
234.7400,3.600000
234.7600,3.600000
234.7800,3.600000
234.8000,3.464375
234.8200,2.718711
234.8400,1.488334
234.8600,0.848599
234.8800,0.480920
234.9000,0.318351
234.9200,0.399919
234.9400,0.644845
234.9600,0.447999
234.9800,0.339386
235.0000,0.124883
235.0200,0.097013
235.0400,0.139956
235.0600,0.133710
235.0800,0.320662
235.1000,0.242754
235.1200,0.156258
235.1400,0.230174
235.1600,0.191273
235.1800,0.101019
235.2000,0.099042
235.2200,0.223905
235.2400,0.209084
235.2600,0.162820
235.2800,0.262646
235.3000,0.300027
235.3200,0.677176
235.3400,1.084073
235.3600,1.444872
235.3800,1.380175
235.4000,1.523555
235.4200,1.024203
235.4400,1.007947
235.4600,1.213410
235.4800,1.201827
235.5000,0.828650
235.5200,0.660220
235.5400,0.953960
235.5600,1.464321
235.5800,1.749178
235.6000,2.079545
235.6200,2.343575
235.6400,2.034417
235.6600,1.705975
235.6800,1.441204
235.7000,1.295843
235.7200,0.790802
235.7400,0.982347
235.7600,1.731047
235.7800,2.682341
235.8000,2.843155
235.8200,2.228290
235.8400,1.604539
235.8600,1.082217
235.8800,1.593440
235.9000,2.478548
235.9200,2.009977
235.9400,1.155461
235.9600,0.823965
235.9800,0.528933
236.0000,0.302951
236.0200,0.177932
236.0400,0.153442
236.0600,0.172353
236.0800,0.202739
236.1000,0.231140
236.1200,0.507822
236.1400,0.659881
236.1600,1.304354
236.1800,1.042940
236.2000,0.690721
236.2200,0.763086
236.2400,1.236147
236.2600,1.517985
236.2800,1.392538
236.3000,1.293097
236.3200,1.717025
236.3400,2.634431
236.3600,3.228480
236.3800,2.796718
236.4000,2.557092
236.4200,2.724486
236.4400,2.686326
236.4600,2.878982
236.4800,3.172268
236.5000,2.912671
236.5200,2.469458
236.5400,1.774091
236.5600,0.949571
236.5800,0.613784
236.6000,0.470314
236.6200,0.378206
236.6400,0.813892
236.6600,0.891864
236.6800,0.589639
236.7000,0.384683
236.7200,0.347233
236.7400,0.341383
236.7600,0.309212
236.7800,0.352313
236.8000,0.318822
236.8200,0.464914
236.8400,0.695938
236.8600,0.837264
236.8800,0.820187
236.9000,0.786306
236.9200,1.180264
236.9400,0.844596
236.9600,0.557202
236.9800,0.714152
237.0000,1.060253
237.0200,1.947188
237.0400,2.016136
237.0600,2.104388
237.0800,1.725278
237.1000,1.354504
237.1200,1.353506
237.1400,1.649796
237.1600,2.584883
237.1800,2.873303
237.2000,3.600000
237.2200,3.600000
237.2400,3.600000
237.2600,3.600000
237.2800,3.600000
237.3000,3.464375
237.3200,2.718711
237.3400,1.488334
237.3600,0.848599
237.3800,0.480920
237.4000,0.318351
237.4200,0.399919
237.4400,0.644845
237.4600,0.447999
237.4800,0.339386
237.5000,0.124883
237.5200,0.097013
237.5400,0.139956
237.5600,0.133710
237.5800,0.320662
237.6000,0.242754
237.6200,0.156258
237.6400,0.230174
237.6600,0.191273
237.6800,0.101019
237.7000,0.099042
237.7200,0.223905
237.7400,0.209084
237.7600,0.162820
237.7800,0.262646
237.8000,0.300027
237.8200,0.677176
237.8400,1.084073
237.8600,1.444872
237.8800,1.380175
237.9000,1.523555
237.9200,1.024203
237.9400,1.007947
237.9600,1.213410
237.9800,1.201827
238.0000,0.828650
238.0200,0.660220
238.0400,0.953960
238.0600,1.464321
238.0800,1.749178
238.1000,2.079545
238.1200,2.343575
238.1400,2.034417
238.1600,1.705975
238.1800,1.441204
238.2000,1.295843
238.2200,0.790802
238.2400,0.982347
238.2600,1.731047
238.2800,2.682341
238.3000,2.843155
238.3200,2.228290
238.3400,1.604539
238.3600,1.082217
238.3800,1.593440
238.4000,2.478548
238.4200,2.009977
238.4400,1.155461
238.4600,0.823965
238.4800,0.528933
238.5000,0.302951
238.5200,0.177932
238.5400,0.153442
238.5600,0.172353
238.5800,0.202739
238.6000,0.231140
238.6200,0.507822
238.6400,0.659881
238.6600,1.304354
238.6800,1.042940
238.7000,0.690721
238.7200,0.763086
238.7400,1.236147
238.7600,1.517985
238.7800,1.392538
238.8000,1.293097
238.8200,1.717025
238.8400,2.634431
238.8600,3.228480
238.8800,2.796718
238.9000,2.557092
238.9200,2.724486
238.9400,2.686326
238.9600,2.878982
238.9800,3.172268
239.0000,2.912671
239.0200,2.469458
239.0400,1.774091
239.0600,0.949571
239.0800,0.613784
239.1000,0.470314
239.1200,0.378206
239.1400,0.813892
239.1600,0.891864
239.1800,0.589639
239.2000,0.384683
239.2200,0.347233
239.2400,0.341383
239.2600,0.309212
239.2800,0.352313
239.3000,0.318822
239.3200,0.464914
239.3400,0.695938
239.3600,0.837264
239.3800,0.820187
239.4000,0.786306
239.4200,1.180264
239.4400,0.844596
239.4600,0.557202
239.4800,0.714152
239.5000,1.060253
239.5200,1.947188
239.5400,2.016136
239.5600,2.104388
239.5800,1.725278
239.6000,1.354504
239.6200,1.353506
239.6400,1.649796
239.6600,2.584883
239.6800,2.873303
239.7000,3.600000
239.7200,3.600000
239.7400,3.600000
239.7600,3.600000
239.7800,3.600000
239.8000,3.464375
239.8200,2.718711
239.8400,1.488334
239.8600,0.848599
239.8800,0.480920
239.9000,0.318351
239.9200,0.399919
239.9400,0.644845
239.9600,0.447999
239.9800,0.339386
240.0000,0.124883
240.0200,0.097013
240.0400,0.139956
240.0600,0.133710
240.0800,0.320662
240.1000,0.242754
240.1200,0.156258
240.1400,0.230174
240.1600,0.191273
240.1800,0.101019
240.2000,0.099042
240.2200,0.223905
240.2400,0.209084
240.2600,0.162820
240.2800,0.262646
240.3000,0.300027
240.3200,0.677176
240.3400,1.084073
240.3600,1.444872
240.3800,1.380175
240.4000,1.523555
240.4200,1.024203
240.4400,1.007947
240.4600,1.213410
240.4800,1.201827
240.5000,0.828650
240.5200,0.660220
240.5400,0.953960
240.5600,1.464321
240.5800,1.749178
240.6000,2.079545
240.6200,2.343575
240.6400,2.034417
240.6600,1.705975
240.6800,1.441204
240.7000,1.295843
240.7200,0.790802
240.7400,0.982347
240.7600,1.731047
240.7800,2.682341
240.8000,2.843155
240.8200,2.228290
240.8400,1.604539
240.8600,1.082217
240.8800,1.593440
240.9000,2.478548
240.9200,2.009977
240.9400,1.155461
240.9600,0.823965
240.9800,0.528933
241.0000,0.302951
241.0200,0.177932
241.0400,0.153442
241.0600,0.172353
241.0800,0.202739
241.1000,0.231140
241.1200,0.507822
241.1400,0.659881
241.1600,1.304354
241.1800,1.042940
241.2000,0.690721
241.2200,0.763086
241.2400,1.236147
241.2600,1.517985
241.2800,1.392538
241.3000,1.293097
241.3200,1.717025
241.3400,2.634431
241.3600,3.228480
241.3800,2.796718
241.4000,2.557092
241.4200,2.724486
241.4400,2.686326
241.4600,2.878982
241.4800,3.172268
241.5000,2.912671
241.5200,2.469458
241.5400,1.774091
241.5600,0.949571
241.5800,0.613784
241.6000,0.470314
241.6200,0.378206
241.6400,0.813892
241.6600,0.891864
241.6800,0.589639
241.7000,0.384683
241.7200,0.347233
241.7400,0.341383
241.7600,0.309212
241.7800,0.352313
241.8000,0.318822
241.8200,0.464914
241.8400,0.695938
241.8600,0.837264
241.8800,0.820187
241.9000,0.786306
241.9200,1.180264
241.9400,0.844596
241.9600,0.557202
241.9800,0.714152
242.0000,1.060253
242.0200,1.947188
242.0400,2.016136
242.0600,2.104388
242.0800,1.725278
242.1000,1.354504
242.1200,1.353506
242.1400,1.649796
242.1600,2.584883
242.1800,2.873303
242.2000,3.600000
242.2200,3.600000
242.2400,3.600000
242.2600,3.600000
242.2800,3.600000
242.3000,3.464375
242.3200,2.718711
242.3400,1.488334
242.3600,0.848599
242.3800,0.480920
242.4000,0.318351
242.4200,0.399919
242.4400,0.644845
242.4600,0.447999
242.4800,0.339386
242.5000,0.124883
242.5200,0.097013
242.5400,0.139956
242.5600,0.133710
242.5800,0.320662
242.6000,0.242754
242.6200,0.156258
242.6400,0.230174
242.6600,0.191273
242.6800,0.101019
242.7000,0.099042
242.7200,0.223905
242.7400,0.209084
242.7600,0.162820
242.7800,0.262646
242.8000,0.300027
242.8200,0.677176
242.8400,1.084073
242.8600,1.444872
242.8800,1.380175
242.9000,1.523555
242.9200,1.024203
242.9400,1.007947
242.9600,1.213410
242.9800,1.201827
243.0000,0.828650
243.0200,0.660220
243.0400,0.953960
243.0600,1.464321
243.0800,1.749178
243.1000,2.079545
243.1200,2.343575
243.1400,2.034417
243.1600,1.705975
243.1800,1.441204
243.2000,1.295843
243.2200,0.790802
243.2400,0.982347
243.2600,1.731047
243.2800,2.682341
243.3000,2.843155
243.3200,2.228290
243.3400,1.604539
243.3600,1.082217
243.3800,1.593440
243.4000,2.478548
243.4200,2.009977
243.4400,1.155461
243.4600,0.823965
243.4800,0.528933
243.5000,0.302951
243.5200,0.177932
243.5400,0.153442
243.5600,0.172353
243.5800,0.202739
243.6000,0.231140
243.6200,0.507822
243.6400,0.659881
243.6600,1.304354
243.6800,1.042940
243.7000,0.690721
243.7200,0.763086
243.7400,1.236147
243.7600,1.517985
243.7800,1.392538
243.8000,1.293097
243.8200,1.717025
243.8400,2.634431
243.8600,3.228480
243.8800,2.796718
243.9000,2.557092
243.9200,2.724486
243.9400,2.686326
243.9600,2.878982
243.9800,3.172268
244.0000,2.912671
244.0200,2.469458
244.0400,1.774091
244.0600,0.949571
244.0800,0.613784
244.1000,0.470314
244.1200,0.378206
244.1400,0.813892
244.1600,0.891864
244.1800,0.589639
244.2000,0.384683
244.2200,0.347233
244.2400,0.341383
244.2600,0.309212
244.2800,0.352313
244.3000,0.318822
244.3200,0.464914
244.3400,0.695938
244.3600,0.837264
244.3800,0.820187
244.4000,0.786306
244.4200,1.180264
244.4400,0.844596
244.4600,0.557202
244.4800,0.714152
244.5000,1.060253
244.5200,1.947188
244.5400,2.016136
244.5600,2.104388
244.5800,1.725278
244.6000,1.354504
244.6200,1.353506
244.6400,1.649796
244.6600,2.584883
244.6800,2.873303
244.7000,3.600000
244.7200,3.600000
244.7400,3.600000
244.7600,3.600000
244.7800,3.600000
244.8000,3.464375
244.8200,2.718711
244.8400,1.488334
244.8600,0.848599
244.8800,0.480920
244.9000,0.318351
244.9200,0.399919
244.9400,0.644845
244.9600,0.447999
244.9800,0.339386
245.0000,0.124883
245.0200,0.097013
245.0400,0.139956
245.0600,0.133710
245.0800,0.320662
245.1000,0.242754
245.1200,0.156258
245.1400,0.230174
245.1600,0.191273
245.1800,0.101019
245.2000,0.099042
245.2200,0.223905
245.2400,0.209084
245.2600,0.162820
245.2800,0.262646
245.3000,0.300027
245.3200,0.677176
245.3400,1.084073
245.3600,1.444872
245.3800,1.380175
245.4000,1.523555
245.4200,1.024203
245.4400,1.007947
245.4600,1.213410
245.4800,1.201827
245.5000,0.828650
245.5200,0.660220
245.5400,0.953960
245.5600,1.464321
245.5800,1.749178
245.6000,2.079545
245.6200,2.343575
245.6400,2.034417
245.6600,1.705975
245.6800,1.441204
245.7000,1.295843
245.7200,0.790802
245.7400,0.982347
245.7600,1.731047
245.7800,2.682341
245.8000,2.843155
245.8200,2.228290
245.8400,1.604539
245.8600,1.082217
245.8800,1.593440
245.9000,2.478548
245.9200,2.009977
245.9400,1.155461
245.9600,0.823965
245.9800,0.528933
246.0000,0.302951
246.0200,0.177932
246.0400,0.153442
246.0600,0.172353
246.0800,0.202739
246.1000,0.231140
246.1200,0.507822
246.1400,0.659881
246.1600,1.304354
246.1800,1.042940
246.2000,0.690721
246.2200,0.763086
246.2400,1.236147
246.2600,1.517985
246.2800,1.392538
246.3000,1.293097
246.3200,1.717025
246.3400,2.634431
246.3600,3.228480
246.3800,2.796718
246.4000,2.557092
246.4200,2.724486
246.4400,2.686326
246.4600,2.878982
246.4800,3.172268
246.5000,2.912671
246.5200,2.469458
246.5400,1.774091
246.5600,0.949571
246.5800,0.613784
246.6000,0.470314
246.6200,0.378206
246.6400,0.813892
246.6600,0.891864
246.6800,0.589639
246.7000,0.384683
246.7200,0.347233
246.7400,0.341383
246.7600,0.309212
246.7800,0.352313
246.8000,0.318822
246.8200,0.464914
246.8400,0.695938
246.8600,0.837264
246.8800,0.820187
246.9000,0.786306
246.9200,1.180264
246.9400,0.844596
246.9600,0.557202
246.9800,0.714152
247.0000,1.060253
247.0200,1.947188
247.0400,2.016136
247.0600,2.104388
247.0800,1.725278
247.1000,1.354504
247.1200,1.353506
247.1400,1.649796
247.1600,2.584883
247.1800,2.873303
247.2000,3.600000
247.2200,3.600000
247.2400,3.600000
247.2600,3.600000
247.2800,3.600000
247.3000,3.464375
247.3200,2.718711
247.3400,1.488334
247.3600,0.848599
247.3800,0.480920
247.4000,0.318351
247.4200,0.399919
247.4400,0.644845
247.4600,0.447999
247.4800,0.339386
247.5000,0.124883
247.5200,0.097013
247.5400,0.139956
247.5600,0.133710
247.5800,0.320662
247.6000,0.242754
247.6200,0.156258
247.6400,0.230174
247.6600,0.191273
247.6800,0.101019
247.7000,0.099042
247.7200,0.223905
247.7400,0.209084
247.7600,0.162820
247.7800,0.262646
247.8000,0.300027
247.8200,0.677176
247.8400,1.084073
247.8600,1.444872
247.8800,1.380175
247.9000,1.523555
247.9200,1.024203
247.9400,1.007947
247.9600,1.213410
247.9800,1.201827
248.0000,0.828650
248.0200,0.660220
248.0400,0.953960
248.0600,1.464321
248.0800,1.749178
248.1000,2.079545
248.1200,2.343575
248.1400,2.034417
248.1600,1.705975
248.1800,1.441204
248.2000,1.295843
248.2200,0.790802
248.2400,0.982347
248.2600,1.731047
248.2800,2.682341
248.3000,2.843155
248.3200,2.228290
248.3400,1.604539
248.3600,1.082217
248.3800,1.593440
248.4000,2.478548
248.4200,2.009977
248.4400,1.155461
248.4600,0.823965
248.4800,0.528933
248.5000,0.302951
248.5200,0.177932
248.5400,0.153442
248.5600,0.172353
248.5800,0.202739
248.6000,0.231140
248.6200,0.507822
248.6400,0.659881
248.6600,1.304354
248.6800,1.042940
248.7000,0.690721
248.7200,0.763086
248.7400,1.236147
248.7600,1.517985
248.7800,1.392538
248.8000,1.293097
248.8200,1.717025
248.8400,2.634431
248.8600,3.228480
248.8800,2.796718
248.9000,2.557092
248.9200,2.724486
248.9400,2.686326
248.9600,2.878982
248.9800,3.172268
249.0000,2.912671
249.0200,2.469458
249.0400,1.774091
249.0600,0.949571
249.0800,0.613784
249.1000,0.470314
249.1200,0.378206
249.1400,0.813892
249.1600,0.891864
249.1800,0.589639
249.2000,0.384683
249.2200,0.347233
249.2400,0.341383
249.2600,0.309212
249.2800,0.352313
249.3000,0.318822
249.3200,0.464914
249.3400,0.695938
249.3600,0.837264
249.3800,0.820187
249.4000,0.786306
249.4200,1.180264
249.4400,0.844596
249.4600,0.557202
249.4800,0.714152
249.5000,1.060253
249.5200,1.947188
249.5400,2.016136
249.5600,2.104388
249.5800,1.725278
249.6000,1.354504
249.6200,1.353506
249.6400,1.649796
249.6600,2.584883
249.6800,2.873303
249.7000,3.600000
249.7200,3.600000
249.7400,3.600000
249.7600,3.600000
249.7800,3.600000
249.8000,3.464375
249.8200,2.718711
249.8400,1.488334
249.8600,0.848599
249.8800,0.480920
249.9000,0.318351
249.9200,0.399919
249.9400,0.644845
249.9600,0.447999
249.9800,0.339386
250.0000,0.124883
250.0200,0.097013
250.0400,0.139956
250.0600,0.133710
250.0800,0.320662
250.1000,0.242754
250.1200,0.156258
250.1400,0.230174
250.1600,0.191273
250.1800,0.101019
250.2000,0.099042
250.2200,0.223905
250.2400,0.209084
250.2600,0.162820
250.2800,0.262646
250.3000,0.300027
250.3200,0.677176
250.3400,1.084073
250.3600,1.444872
250.3800,1.380175
250.4000,1.523555
250.4200,1.024203
250.4400,1.007947
250.4600,1.213410
250.4800,1.201827
250.5000,0.828650
250.5200,0.660220
250.5400,0.953960
250.5600,1.464321
250.5800,1.749178
250.6000,2.079545
250.6200,2.343575
250.6400,2.034417
250.6600,1.705975
250.6800,1.441204
250.7000,1.295843
250.7200,0.790802
250.7400,0.982347
250.7600,1.731047
250.7800,2.682341
250.8000,2.843155
250.8200,2.228290
250.8400,1.604539
250.8600,1.082217
250.8800,1.593440
250.9000,2.478548
250.9200,2.009977
250.9400,1.155461
250.9600,0.823965
250.9800,0.528933
251.0000,0.302951
251.0200,0.177932
251.0400,0.153442
251.0600,0.172353
251.0800,0.202739
251.1000,0.231140
251.1200,0.507822
251.1400,0.659881
251.1600,1.304354
251.1800,1.042940
251.2000,0.690721
251.2200,0.763086
251.2400,1.236147
251.2600,1.517985
251.2800,1.392538
251.3000,1.293097
251.3200,1.717025
251.3400,2.634431
251.3600,3.228480
251.3800,2.796718
251.4000,2.557092
251.4200,2.724486
251.4400,2.686326
251.4600,2.878982
251.4800,3.172268
251.5000,2.912671
251.5200,2.469458
251.5400,1.774091
251.5600,0.949571
251.5800,0.613784
251.6000,0.470314
251.6200,0.378206
251.6400,0.813892
251.6600,0.891864
251.6800,0.589639
251.7000,0.384683
251.7200,0.347233
251.7400,0.341383
251.7600,0.309212
251.7800,0.352313
251.8000,0.318822
251.8200,0.464914
251.8400,0.695938
251.8600,0.837264
251.8800,0.820187
251.9000,0.786306
251.9200,1.180264
251.9400,0.844596
251.9600,0.557202
251.9800,0.714152
252.0000,1.060253
252.0200,1.947188
252.0400,2.016136
252.0600,2.104388
252.0800,1.725278
252.1000,1.354504
252.1200,1.353506
252.1400,1.649796
252.1600,2.584883
252.1800,2.873303
252.2000,3.600000
252.2200,3.600000
252.2400,3.600000
252.2600,3.600000
252.2800,3.600000
252.3000,3.464375
252.3200,2.718711
252.3400,1.488334
252.3600,0.848599
252.3800,0.480920
252.4000,0.318351
252.4200,0.399919
252.4400,0.644845
252.4600,0.447999
252.4800,0.339386
252.5000,0.124883
252.5200,0.097013
252.5400,0.139956
252.5600,0.133710
252.5800,0.320662
252.6000,0.242754
252.6200,0.156258
252.6400,0.230174
252.6600,0.191273
252.6800,0.101019
252.7000,0.099042
252.7200,0.223905
252.7400,0.209084
252.7600,0.162820
252.7800,0.262646
252.8000,0.300027
252.8200,0.677176
252.8400,1.084073
252.8600,1.444872
252.8800,1.380175
252.9000,1.523555
252.9200,1.024203
252.9400,1.007947
252.9600,1.213410
252.9800,1.201827
253.0000,0.828650
253.0200,0.660220
253.0400,0.953960
253.0600,1.464321
253.0800,1.749178
253.1000,2.079545
253.1200,2.343575
253.1400,2.034417
253.1600,1.705975
253.1800,1.441204
253.2000,1.295843
253.2200,0.790802
253.2400,0.982347
253.2600,1.731047
253.2800,2.682341
253.3000,2.843155
253.3200,2.228290
253.3400,1.604539
253.3600,1.082217
253.3800,1.593440
253.4000,2.478548
253.4200,2.009977
253.4400,1.155461
253.4600,0.823965
253.4800,0.528933
253.5000,0.302951
253.5200,0.177932
253.5400,0.153442
253.5600,0.172353
253.5800,0.202739
253.6000,0.231140
253.6200,0.507822
253.6400,0.659881
253.6600,1.304354
253.6800,1.042940
253.7000,0.690721
253.7200,0.763086
253.7400,1.236147
253.7600,1.517985
253.7800,1.392538
253.8000,1.293097
253.8200,1.717025
253.8400,2.634431
253.8600,3.228480
253.8800,2.796718
253.9000,2.557092
253.9200,2.724486
253.9400,2.686326
253.9600,2.878982
253.9800,3.172268
254.0000,2.912671
254.0200,2.469458
254.0400,1.774091
254.0600,0.949571
254.0800,0.613784
254.1000,0.470314
254.1200,0.378206
254.1400,0.813892
254.1600,0.891864
254.1800,0.589639
254.2000,0.384683
254.2200,0.347233
254.2400,0.341383
254.2600,0.309212
254.2800,0.352313
254.3000,0.318822
254.3200,0.464914
254.3400,0.695938
254.3600,0.837264
254.3800,0.820187
254.4000,0.786306
254.4200,1.180264
254.4400,0.844596
254.4600,0.557202
254.4800,0.714152
254.5000,1.060253
254.5200,1.947188
254.5400,2.016136
254.5600,2.104388
254.5800,1.725278
254.6000,1.354504
254.6200,1.353506
254.6400,1.649796
254.6600,2.584883
254.6800,2.873303
254.7000,3.600000
254.7200,3.600000
254.7400,3.600000
254.7600,3.600000
254.7800,3.600000
254.8000,3.464375
254.8200,2.718711
254.8400,1.488334
254.8600,0.848599
254.8800,0.480920
254.9000,0.318351
254.9200,0.399919
254.9400,0.644845
254.9600,0.447999
254.9800,0.339386
255.0000,0.124883
255.0200,0.097013
255.0400,0.139956
255.0600,0.133710
255.0800,0.320662
255.1000,0.242754
255.1200,0.156258
255.1400,0.230174
255.1600,0.191273
255.1800,0.101019
255.2000,0.099042
255.2200,0.223905
255.2400,0.209084
255.2600,0.162820
255.2800,0.262646
255.3000,0.300027
255.3200,0.677176
255.3400,1.084073
255.3600,1.444872
255.3800,1.380175
255.4000,1.523555
255.4200,1.024203
255.4400,1.007947
255.4600,1.213410
255.4800,1.201827
255.5000,0.828650
255.5200,0.660220
255.5400,0.953960
255.5600,1.464321
255.5800,1.749178
255.6000,2.079545
255.6200,2.343575
255.6400,2.034417
255.6600,1.705975
255.6800,1.441204
255.7000,1.295843
255.7200,0.790802
255.7400,0.982347
255.7600,1.731047
255.7800,2.682341
255.8000,2.843155
255.8200,2.228290
255.8400,1.604539
255.8600,1.082217
255.8800,1.593440
255.9000,2.478548
255.9200,2.009977
255.9400,1.155461
255.9600,0.823965
255.9800,0.528933
256.0000,0.302951
256.0200,0.177932
256.0400,0.153442
256.0600,0.172353
256.0800,0.202739
256.1000,0.231140
256.1200,0.507822
256.1400,0.659881
256.1600,1.304354
256.1800,1.042940
256.2000,0.690721
256.2200,0.763086
256.2400,1.236147
256.2600,1.517985
256.2800,1.392538
256.3000,1.293097
256.3200,1.717025
256.3400,2.634431
256.3600,3.228480
256.3800,2.796718
256.4000,2.557092
256.4200,2.724486
256.4400,2.686326
256.4600,2.878982
256.4800,3.172268
256.5000,2.912671
256.5200,2.469458
256.5400,1.774091
256.5600,0.949571
256.5800,0.613784
256.6000,0.470314
256.6200,0.378206
256.6400,0.813892
256.6600,0.891864
256.6800,0.589639
256.7000,0.384683
256.7200,0.347233
256.7400,0.341383
256.7600,0.309212
256.7800,0.352313
256.8000,0.318822
256.8200,0.464914
256.8400,0.695938
256.8600,0.837264
256.8800,0.820187
256.9000,0.786306
256.9200,1.180264
256.9400,0.844596
256.9600,0.557202
256.9800,0.714152
257.0000,1.060253
257.0200,1.947188
257.0400,2.016136
257.0600,2.104388
257.0800,1.725278
257.1000,1.354504
257.1200,1.353506
257.1400,1.649796
257.1600,2.584883
257.1800,2.873303
257.2000,3.600000
257.2200,3.600000
257.2400,3.600000
257.2600,3.600000
257.2800,3.600000
257.3000,3.464375
257.3200,2.718711
257.3400,1.488334
257.3600,0.848599
257.3800,0.480920
257.4000,0.318351
257.4200,0.399919
257.4400,0.644845
257.4600,0.447999
257.4800,0.339386
257.5000,0.124883
257.5200,0.097013
257.5400,0.139956
257.5600,0.133710
257.5800,0.320662
257.6000,0.242754
257.6200,0.156258
257.6400,0.230174
257.6600,0.191273
257.6800,0.101019
257.7000,0.099042
257.7200,0.223905
257.7400,0.209084
257.7600,0.162820
257.7800,0.262646
257.8000,0.300027
257.8200,0.677176
257.8400,1.084073
257.8600,1.444872
257.8800,1.380175
257.9000,1.523555
257.9200,1.024203
257.9400,1.007947
257.9600,1.213410
257.9800,1.201827
258.0000,0.828650
258.0200,0.660220
258.0400,0.953960
258.0600,1.464321
258.0800,1.749178
258.1000,2.079545
258.1200,2.343575
258.1400,2.034417
258.1600,1.705975
258.1800,1.441204
258.2000,1.295843
258.2200,0.790802
258.2400,0.982347
258.2600,1.731047
258.2800,2.682341
258.3000,2.843155
258.3200,2.228290
258.3400,1.604539
258.3600,1.082217
258.3800,1.593440
258.4000,2.478548
258.4200,2.009977
258.4400,1.155461
258.4600,0.823965
258.4800,0.528933
258.5000,0.302951
258.5200,0.177932
258.5400,0.153442
258.5600,0.172353
258.5800,0.202739
258.6000,0.231140
258.6200,0.507822
258.6400,0.659881
258.6600,1.304354
258.6800,1.042940
258.7000,0.690721
258.7200,0.763086
258.7400,1.236147
258.7600,1.517985
258.7800,1.392538
258.8000,1.293097
258.8200,1.717025
258.8400,2.634431
258.8600,3.228480
258.8800,2.796718
258.9000,2.557092
258.9200,2.724486
258.9400,2.686326
258.9600,2.878982
258.9800,3.172268
259.0000,2.912671
259.0200,2.469458
259.0400,1.774091
259.0600,0.949571
259.0800,0.613784
259.1000,0.470314
259.1200,0.378206
259.1400,0.813892
259.1600,0.891864
259.1800,0.589639
259.2000,0.384683
259.2200,0.347233
259.2400,0.341383
259.2600,0.309212
259.2800,0.352313
259.3000,0.318822
259.3200,0.464914
259.3400,0.695938
259.3600,0.837264
259.3800,0.820187
259.4000,0.786306
259.4200,1.180264
259.4400,0.844596
259.4600,0.557202
259.4800,0.714152
259.5000,1.060253
259.5200,1.947188
259.5400,2.016136
259.5600,2.104388
259.5800,1.725278
259.6000,1.354504
259.6200,1.353506
259.6400,1.649796
259.6600,2.584883
259.6800,2.873303
259.7000,3.600000
259.7200,3.600000
259.7400,3.600000
259.7600,3.600000
259.7800,3.600000
259.8000,3.464375
259.8200,2.718711
259.8400,1.488334
259.8600,0.848599
259.8800,0.480920
259.9000,0.318351
259.9200,0.399919
259.9400,0.644845
259.9600,0.447999
259.9800,0.339386
260.0000,0.124883
260.0200,0.097013
260.0400,0.139956
260.0600,0.133710
260.0800,0.320662
260.1000,0.242754
260.1200,0.156258
260.1400,0.230174
260.1600,0.191273
260.1800,0.101019
260.2000,0.099042
260.2200,0.223905
260.2400,0.209084
260.2600,0.162820
260.2800,0.262646
260.3000,0.300027
260.3200,0.677176
260.3400,1.084073
260.3600,1.444872
260.3800,1.380175
260.4000,1.523555
260.4200,1.024203
260.4400,1.007947
260.4600,1.213410
260.4800,1.201827
260.5000,0.828650
260.5200,0.660220
260.5400,0.953960
260.5600,1.464321
260.5800,1.749178
260.6000,2.079545
260.6200,2.343575
260.6400,2.034417
260.6600,1.705975
260.6800,1.441204
260.7000,1.295843
260.7200,0.790802
260.7400,0.982347
260.7600,1.731047
260.7800,2.682341
260.8000,2.843155
260.8200,2.228290
260.8400,1.604539
260.8600,1.082217
260.8800,1.593440
260.9000,2.478548
260.9200,2.009977
260.9400,1.155461
260.9600,0.823965
260.9800,0.528933
261.0000,0.302951
261.0200,0.177932
261.0400,0.153442
261.0600,0.172353
261.0800,0.202739
261.1000,0.231140
261.1200,0.507822
261.1400,0.659881
261.1600,1.304354
261.1800,1.042940
261.2000,0.690721
261.2200,0.763086
261.2400,1.236147
261.2600,1.517985
261.2800,1.392538
261.3000,1.293097
261.3200,1.717025
261.3400,2.634431
261.3600,3.228480
261.3800,2.796718
261.4000,2.557092
261.4200,2.724486
261.4400,2.686326
261.4600,2.878982
261.4800,3.172268
261.5000,2.912671
261.5200,2.469458
261.5400,1.774091
261.5600,0.949571
261.5800,0.613784
261.6000,0.470314
261.6200,0.378206
261.6400,0.813892
261.6600,0.891864
261.6800,0.589639
261.7000,0.384683
261.7200,0.347233
261.7400,0.341383
261.7600,0.309212
261.7800,0.352313
261.8000,0.318822
261.8200,0.464914
261.8400,0.695938
261.8600,0.837264
261.8800,0.820187
261.9000,0.786306
261.9200,1.180264
261.9400,0.844596
261.9600,0.557202
261.9800,0.714152
262.0000,1.060253
262.0200,1.947188
262.0400,2.016136
262.0600,2.104388
262.0800,1.725278
262.1000,1.354504
262.1200,1.353506
262.1400,1.649796
262.1600,2.584883
262.1800,2.873303
262.2000,3.600000
262.2200,3.600000
262.2400,3.600000
262.2600,3.600000
262.2800,3.600000
262.3000,3.464375
262.3200,2.718711
262.3400,1.488334
262.3600,0.848599
262.3800,0.480920
262.4000,0.318351
262.4200,0.399919
262.4400,0.644845
262.4600,0.447999
262.4800,0.339386
262.5000,0.124883
262.5200,0.097013
262.5400,0.139956
262.5600,0.133710
262.5800,0.320662
262.6000,0.242754
262.6200,0.156258
262.6400,0.230174
262.6600,0.191273
262.6800,0.101019
262.7000,0.099042
262.7200,0.223905
262.7400,0.209084
262.7600,0.162820
262.7800,0.262646
262.8000,0.300027
262.8200,0.677176
262.8400,1.084073
262.8600,1.444872
262.8800,1.380175
262.9000,1.523555
262.9200,1.024203
262.9400,1.007947
262.9600,1.213410
262.9800,1.201827
263.0000,0.828650
263.0200,0.660220
263.0400,0.953960
263.0600,1.464321
263.0800,1.749178
263.1000,2.079545
263.1200,2.343575
263.1400,2.034417
263.1600,1.705975
263.1800,1.441204
263.2000,1.295843
263.2200,0.790802
263.2400,0.982347
263.2600,1.731047
263.2800,2.682341
263.3000,2.843155
263.3200,2.228290
263.3400,1.604539
263.3600,1.082217
263.3800,1.593440
263.4000,2.478548
263.4200,2.009977
263.4400,1.155461
263.4600,0.823965
263.4800,0.528933
263.5000,0.302951
263.5200,0.177932
263.5400,0.153442
263.5600,0.172353
263.5800,0.202739
263.6000,0.231140
263.6200,0.507822
263.6400,0.659881
263.6600,1.304354
263.6800,1.042940
263.7000,0.690721
263.7200,0.763086
263.7400,1.236147
263.7600,1.517985
263.7800,1.392538
263.8000,1.293097
263.8200,1.717025
263.8400,2.634431
263.8600,3.228480
263.8800,2.796718
263.9000,2.557092
263.9200,2.724486
263.9400,2.686326
263.9600,2.878982
263.9800,3.172268
264.0000,2.912671
264.0200,2.469458
264.0400,1.774091
264.0600,0.949571
264.0800,0.613784
264.1000,0.470314
264.1200,0.378206
264.1400,0.813892
264.1600,0.891864
264.1800,0.589639
264.2000,0.384683
264.2200,0.347233
264.2400,0.341383
264.2600,0.309212
264.2800,0.352313
264.3000,0.318822
264.3200,0.464914
264.3400,0.695938
264.3600,0.837264
264.3800,0.820187
264.4000,0.786306
264.4200,1.180264
264.4400,0.844596
264.4600,0.557202
264.4800,0.714152
264.5000,1.060253
264.5200,1.947188
264.5400,2.016136
264.5600,2.104388
264.5800,1.725278
264.6000,1.354504
264.6200,1.353506
264.6400,1.649796
264.6600,2.584883
264.6800,2.873303
264.7000,3.600000
264.7200,3.600000
264.7400,3.600000
264.7600,3.600000
264.7800,3.600000
264.8000,3.464375
264.8200,2.718711
264.8400,1.488334
264.8600,0.848599
264.8800,0.480920
264.9000,0.318351
264.9200,0.399919
264.9400,0.644845
264.9600,0.447999
264.9800,0.339386
265.0000,0.124883
265.0200,0.097013
265.0400,0.139956
265.0600,0.133710
265.0800,0.320662
265.1000,0.242754
265.1200,0.156258
265.1400,0.230174
265.1600,0.191273
265.1800,0.101019
265.2000,0.099042
265.2200,0.223905
265.2400,0.209084
265.2600,0.162820
265.2800,0.262646
265.3000,0.300027
265.3200,0.677176
265.3400,1.084073
265.3600,1.444872
265.3800,1.380175
265.4000,1.523555
265.4200,1.024203
265.4400,1.007947
265.4600,1.213410
265.4800,1.201827
265.5000,0.828650
265.5200,0.660220
265.5400,0.953960
265.5600,1.464321
265.5800,1.749178
265.6000,2.079545
265.6200,2.343575
265.6400,2.034417
265.6600,1.705975
265.6800,1.441204
265.7000,1.295843
265.7200,0.790802
265.7400,0.982347
265.7600,1.731047
265.7800,2.682341
265.8000,2.843155
265.8200,2.228290
265.8400,1.604539
265.8600,1.082217
265.8800,1.593440
265.9000,2.478548
265.9200,2.009977
265.9400,1.155461
265.9600,0.823965
265.9800,0.528933
266.0000,0.302951
266.0200,0.177932
266.0400,0.153442
266.0600,0.172353
266.0800,0.202739
266.1000,0.231140
266.1200,0.507822
266.1400,0.659881
266.1600,1.304354
266.1800,1.042940
266.2000,0.690721
266.2200,0.763086
266.2400,1.236147
266.2600,1.517985
266.2800,1.392538
266.3000,1.293097
266.3200,1.717025
266.3400,2.634431
266.3600,3.228480
266.3800,2.796718
266.4000,2.557092
266.4200,2.724486
266.4400,2.686326
266.4600,2.878982
266.4800,3.172268
266.5000,2.912671
266.5200,2.469458
266.5400,1.774091
266.5600,0.949571
266.5800,0.613784
266.6000,0.470314
266.6200,0.378206
266.6400,0.813892
266.6600,0.891864
266.6800,0.589639
266.7000,0.384683
266.7200,0.347233
266.7400,0.341383
266.7600,0.309212
266.7800,0.352313
266.8000,0.318822
266.8200,0.464914
266.8400,0.695938
266.8600,0.837264
266.8800,0.820187
266.9000,0.786306
266.9200,1.180264
266.9400,0.844596
266.9600,0.557202
266.9800,0.714152
267.0000,1.060253
267.0200,1.947188
267.0400,2.016136
267.0600,2.104388
267.0800,1.725278
267.1000,1.354504
267.1200,1.353506
267.1400,1.649796
267.1600,2.584883
267.1800,2.873303
267.2000,3.600000
267.2200,3.600000
267.2400,3.600000
267.2600,3.600000
267.2800,3.600000
267.3000,3.464375
267.3200,2.718711
267.3400,1.488334
267.3600,0.848599
267.3800,0.480920
267.4000,0.318351
267.4200,0.399919
267.4400,0.644845
267.4600,0.447999
267.4800,0.339386
267.5000,0.124883
267.5200,0.097013
267.5400,0.139956
267.5600,0.133710
267.5800,0.320662
267.6000,0.242754
267.6200,0.156258
267.6400,0.230174
267.6600,0.191273
267.6800,0.101019
267.7000,0.099042
267.7200,0.223905
267.7400,0.209084
267.7600,0.162820
267.7800,0.262646
267.8000,0.300027
267.8200,0.677176
267.8400,1.084073
267.8600,1.444872
267.8800,1.380175
267.9000,1.523555
267.9200,1.024203
267.9400,1.007947
267.9600,1.213410
267.9800,1.201827
268.0000,0.828650
268.0200,0.660220
268.0400,0.953960
268.0600,1.464321
268.0800,1.749178
268.1000,2.079545
268.1200,2.343575
268.1400,2.034417
268.1600,1.705975
268.1800,1.441204
268.2000,1.295843
268.2200,0.790802
268.2400,0.982347
268.2600,1.731047
268.2800,2.682341
268.3000,2.843155
268.3200,2.228290
268.3400,1.604539
268.3600,1.082217
268.3800,1.593440
268.4000,2.478548
268.4200,2.009977
268.4400,1.155461
268.4600,0.823965
268.4800,0.528933
268.5000,0.302951
268.5200,0.177932
268.5400,0.153442
268.5600,0.172353
268.5800,0.202739
268.6000,0.231140
268.6200,0.507822
268.6400,0.659881
268.6600,1.304354
268.6800,1.042940
268.7000,0.690721
268.7200,0.763086
268.7400,1.236147
268.7600,1.517985
268.7800,1.392538
268.8000,1.293097
268.8200,1.717025
268.8400,2.634431
268.8600,3.228480
268.8800,2.796718
268.9000,2.557092
268.9200,2.724486
268.9400,2.686326
268.9600,2.878982
268.9800,3.172268
269.0000,2.912671
269.0200,2.469458
269.0400,1.774091
269.0600,0.949571
269.0800,0.613784
269.1000,0.470314
269.1200,0.378206
269.1400,0.813892
269.1600,0.891864
269.1800,0.589639
269.2000,0.384683
269.2200,0.347233
269.2400,0.341383
269.2600,0.309212
269.2800,0.352313
269.3000,0.318822
269.3200,0.464914
269.3400,0.695938
269.3600,0.837264
269.3800,0.820187
269.4000,0.786306
269.4200,1.180264
269.4400,0.844596
269.4600,0.557202
269.4800,0.714152
269.5000,1.060253
269.5200,1.947188
269.5400,2.016136
269.5600,2.104388
269.5800,1.725278
269.6000,1.354504
269.6200,1.353506
269.6400,1.649796
269.6600,2.584883
269.6800,2.873303
269.7000,3.600000
269.7200,3.600000
269.7400,3.600000
269.7600,3.600000
269.7800,3.600000
269.8000,3.464375
269.8200,2.718711
269.8400,1.488334
269.8600,0.848599
269.8800,0.480920
269.9000,0.318351
269.9200,0.399919
269.9400,0.644845
269.9600,0.447999
269.9800,0.339386
270.0000,0.124883
270.0200,0.097013
270.0400,0.139956
270.0600,0.133710
270.0800,0.320662
270.1000,0.242754
270.1200,0.156258
270.1400,0.230174
270.1600,0.191273
270.1800,0.101019
270.2000,0.099042
270.2200,0.223905
270.2400,0.209084
270.2600,0.162820
270.2800,0.262646
270.3000,0.300027
270.3200,0.677176
270.3400,1.084073
270.3600,1.444872
270.3800,1.380175
270.4000,1.523555
270.4200,1.024203
270.4400,1.007947
270.4600,1.213410
270.4800,1.201827
270.5000,0.828650
270.5200,0.660220
270.5400,0.953960
270.5600,1.464321
270.5800,1.749178
270.6000,2.079545
270.6200,2.343575
270.6400,2.034417
270.6600,1.705975
270.6800,1.441204
270.7000,1.295843
270.7200,0.790802
270.7400,0.982347
270.7600,1.731047
270.7800,2.682341
270.8000,2.843155
270.8200,2.228290
270.8400,1.604539
270.8600,1.082217
270.8800,1.593440
270.9000,2.478548
270.9200,2.009977
270.9400,1.155461
270.9600,0.823965
270.9800,0.528933
271.0000,0.302951
271.0200,0.177932
271.0400,0.153442
271.0600,0.172353
271.0800,0.202739
271.1000,0.231140
271.1200,0.507822
271.1400,0.659881
271.1600,1.304354
271.1800,1.042940
271.2000,0.690721
271.2200,0.763086
271.2400,1.236147
271.2600,1.517985
271.2800,1.392538
271.3000,1.293097
271.3200,1.717025
271.3400,2.634431
271.3600,3.228480
271.3800,2.796718
271.4000,2.557092
271.4200,2.724486
271.4400,2.686326
271.4600,2.878982
271.4800,3.172268
271.5000,2.912671
271.5200,2.469458
271.5400,1.774091
271.5600,0.949571
271.5800,0.613784
271.6000,0.470314
271.6200,0.378206
271.6400,0.813892
271.6600,0.891864
271.6800,0.589639
271.7000,0.384683
271.7200,0.347233
271.7400,0.341383
271.7600,0.309212
271.7800,0.352313
271.8000,0.318822
271.8200,0.464914
271.8400,0.695938
271.8600,0.837264
271.8800,0.820187
271.9000,0.786306
271.9200,1.180264
271.9400,0.844596
271.9600,0.557202
271.9800,0.714152
272.0000,1.060253
272.0200,1.947188
272.0400,2.016136
272.0600,2.104388
272.0800,1.725278
272.1000,1.354504
272.1200,1.353506
272.1400,1.649796
272.1600,2.584883
272.1800,2.873303
272.2000,3.600000
272.2200,3.600000
272.2400,3.600000
272.2600,3.600000
272.2800,3.600000
272.3000,3.464375
272.3200,2.718711
272.3400,1.488334
272.3600,0.848599
272.3800,0.480920
272.4000,0.318351
272.4200,0.399919
272.4400,0.644845
272.4600,0.447999
272.4800,0.339386
272.5000,0.124883
272.5200,0.097013
272.5400,0.139956
272.5600,0.133710
272.5800,0.320662
272.6000,0.242754
272.6200,0.156258
272.6400,0.230174
272.6600,0.191273
272.6800,0.101019
272.7000,0.099042
272.7200,0.223905
272.7400,0.209084
272.7600,0.162820
272.7800,0.262646
272.8000,0.300027
272.8200,0.677176
272.8400,1.084073
272.8600,1.444872
272.8800,1.380175
272.9000,1.523555
272.9200,1.024203
272.9400,1.007947
272.9600,1.213410
272.9800,1.201827
273.0000,0.828650
273.0200,0.660220
273.0400,0.953960
273.0600,1.464321
273.0800,1.749178
273.1000,2.079545
273.1200,2.343575
273.1400,2.034417
273.1600,1.705975
273.1800,1.441204
273.2000,1.295843
273.2200,0.790802
273.2400,0.982347
273.2600,1.731047
273.2800,2.682341
273.3000,2.843155
273.3200,2.228290
273.3400,1.604539
273.3600,1.082217
273.3800,1.593440
273.4000,2.478548
273.4200,2.009977
273.4400,1.155461
273.4600,0.823965
273.4800,0.528933
273.5000,0.302951
273.5200,0.177932
273.5400,0.153442
273.5600,0.172353
273.5800,0.202739
273.6000,0.231140
273.6200,0.507822
273.6400,0.659881
273.6600,1.304354
273.6800,1.042940
273.7000,0.690721
273.7200,0.763086
273.7400,1.236147
273.7600,1.517985
273.7800,1.392538
273.8000,1.293097
273.8200,1.717025
273.8400,2.634431
273.8600,3.228480
273.8800,2.796718
273.9000,2.557092
273.9200,2.724486
273.9400,2.686326
273.9600,2.878982
273.9800,3.172268
274.0000,2.912671
274.0200,2.469458
274.0400,1.774091
274.0600,0.949571
274.0800,0.613784
274.1000,0.470314
274.1200,0.378206
274.1400,0.813892
274.1600,0.891864
274.1800,0.589639
274.2000,0.384683
274.2200,0.347233
274.2400,0.341383
274.2600,0.309212
274.2800,0.352313
274.3000,0.318822
274.3200,0.464914
274.3400,0.695938
274.3600,0.837264
274.3800,0.820187
274.4000,0.786306
274.4200,1.180264
274.4400,0.844596
274.4600,0.557202
274.4800,0.714152
274.5000,1.060253
274.5200,1.947188
274.5400,2.016136
274.5600,2.104388
274.5800,1.725278
274.6000,1.354504
274.6200,1.353506
274.6400,1.649796
274.6600,2.584883
274.6800,2.873303
274.7000,3.600000
274.7200,3.600000
274.7400,3.600000
274.7600,3.600000
274.7800,3.600000
274.8000,3.464375
274.8200,2.718711
274.8400,1.488334
274.8600,0.848599
274.8800,0.480920
274.9000,0.318351
274.9200,0.399919
274.9400,0.644845
274.9600,0.447999
274.9800,0.339386
275.0000,0.124883
275.0200,0.097013
275.0400,0.139956
275.0600,0.133710
275.0800,0.320662
275.1000,0.242754
275.1200,0.156258
275.1400,0.230174
275.1600,0.191273
275.1800,0.101019
275.2000,0.099042
275.2200,0.223905
275.2400,0.209084
275.2600,0.162820
275.2800,0.262646
275.3000,0.300027
275.3200,0.677176
275.3400,1.084073
275.3600,1.444872
275.3800,1.380175
275.4000,1.523555
275.4200,1.024203
275.4400,1.007947
275.4600,1.213410
275.4800,1.201827
275.5000,0.828650
275.5200,0.660220
275.5400,0.953960
275.5600,1.464321
275.5800,1.749178
275.6000,2.079545
275.6200,2.343575
275.6400,2.034417
275.6600,1.705975
275.6800,1.441204
275.7000,1.295843
275.7200,0.790802
275.7400,0.982347
275.7600,1.731047
275.7800,2.682341
275.8000,2.843155
275.8200,2.228290
275.8400,1.604539
275.8600,1.082217
275.8800,1.593440
275.9000,2.478548
275.9200,2.009977
275.9400,1.155461
275.9600,0.823965
275.9800,0.528933
276.0000,0.302951
276.0200,0.177932
276.0400,0.153442
276.0600,0.172353
276.0800,0.202739
276.1000,0.231140
276.1200,0.507822
276.1400,0.659881
276.1600,1.304354
276.1800,1.042940
276.2000,0.690721
276.2200,0.763086
276.2400,1.236147
276.2600,1.517985
276.2800,1.392538
276.3000,1.293097
276.3200,1.717025
276.3400,2.634431
276.3600,3.228480
276.3800,2.796718
276.4000,2.557092
276.4200,2.724486
276.4400,2.686326
276.4600,2.878982
276.4800,3.172268
276.5000,2.912671
276.5200,2.469458
276.5400,1.774091
276.5600,0.949571
276.5800,0.613784
276.6000,0.470314
276.6200,0.378206
276.6400,0.813892
276.6600,0.891864
276.6800,0.589639
276.7000,0.384683
276.7200,0.347233
276.7400,0.341383
276.7600,0.309212
276.7800,0.352313
276.8000,0.318822
276.8200,0.464914
276.8400,0.695938
276.8600,0.837264
276.8800,0.820187
276.9000,0.786306
276.9200,1.180264
276.9400,0.844596
276.9600,0.557202
276.9800,0.714152
277.0000,1.060253
277.0200,1.947188
277.0400,2.016136
277.0600,2.104388
277.0800,1.725278
277.1000,1.354504
277.1200,1.353506
277.1400,1.649796
277.1600,2.584883
277.1800,2.873303
277.2000,3.600000
277.2200,3.600000
277.2400,3.600000
277.2600,3.600000
277.2800,3.600000
277.3000,3.464375
277.3200,2.718711
277.3400,1.488334
277.3600,0.848599
277.3800,0.480920
277.4000,0.318351
277.4200,0.399919
277.4400,0.644845
277.4600,0.447999
277.4800,0.339386
277.5000,0.124883
277.5200,0.097013
277.5400,0.139956
277.5600,0.133710
277.5800,0.320662
277.6000,0.242754
277.6200,0.156258
277.6400,0.230174
277.6600,0.191273
277.6800,0.101019
277.7000,0.099042
277.7200,0.223905
277.7400,0.209084
277.7600,0.162820
277.7800,0.262646
277.8000,0.300027
277.8200,0.677176
277.8400,1.084073
277.8600,1.444872
277.8800,1.380175
277.9000,1.523555
277.9200,1.024203
277.9400,1.007947
277.9600,1.213410
277.9800,1.201827
278.0000,0.828650
278.0200,0.660220
278.0400,0.953960
278.0600,1.464321
278.0800,1.749178
278.1000,2.079545
278.1200,2.343575
278.1400,2.034417
278.1600,1.705975
278.1800,1.441204
278.2000,1.295843
278.2200,0.790802
278.2400,0.982347
278.2600,1.731047
278.2800,2.682341
278.3000,2.843155
278.3200,2.228290
278.3400,1.604539
278.3600,1.082217
278.3800,1.593440
278.4000,2.478548
278.4200,2.009977
278.4400,1.155461
278.4600,0.823965
278.4800,0.528933
278.5000,0.302951
278.5200,0.177932
278.5400,0.153442
278.5600,0.172353
278.5800,0.202739
278.6000,0.231140
278.6200,0.507822
278.6400,0.659881
278.6600,1.304354
278.6800,1.042940
278.7000,0.690721
278.7200,0.763086
278.7400,1.236147
278.7600,1.517985
278.7800,1.392538
278.8000,1.293097
278.8200,1.717025
278.8400,2.634431
278.8600,3.228480
278.8800,2.796718
278.9000,2.557092
278.9200,2.724486
278.9400,2.686326
278.9600,2.878982
278.9800,3.172268
279.0000,2.912671
279.0200,2.469458
279.0400,1.774091
279.0600,0.949571
279.0800,0.613784
279.1000,0.470314
279.1200,0.378206
279.1400,0.813892
279.1600,0.891864
279.1800,0.589639
279.2000,0.384683
279.2200,0.347233
279.2400,0.341383
279.2600,0.309212
279.2800,0.352313
279.3000,0.318822
279.3200,0.464914
279.3400,0.695938
279.3600,0.837264
279.3800,0.820187
279.4000,0.786306
279.4200,1.180264
279.4400,0.844596
279.4600,0.557202
279.4800,0.714152
279.5000,1.060253
279.5200,1.947188
279.5400,2.016136
279.5600,2.104388
279.5800,1.725278
279.6000,1.354504
279.6200,1.353506
279.6400,1.649796
279.6600,2.584883
279.6800,2.873303
279.7000,3.600000
279.7200,3.600000
279.7400,3.600000
279.7600,3.600000
279.7800,3.600000
279.8000,3.464375
279.8200,2.718711
279.8400,1.488334
279.8600,0.848599
279.8800,0.480920
279.9000,0.318351
279.9200,0.399919
279.9400,0.644845
279.9600,0.447999
279.9800,0.339386
280.0000,0.124883
280.0200,0.097013
280.0400,0.139956
280.0600,0.133710
280.0800,0.320662
280.1000,0.242754
280.1200,0.156258
280.1400,0.230174
280.1600,0.191273
280.1800,0.101019
280.2000,0.099042
280.2200,0.223905
280.2400,0.209084
280.2600,0.162820
280.2800,0.262646
280.3000,0.300027
280.3200,0.677176
280.3400,1.084073
280.3600,1.444872
280.3800,1.380175
280.4000,1.523555
280.4200,1.024203
280.4400,1.007947
280.4600,1.213410
280.4800,1.201827
280.5000,0.828650
280.5200,0.660220
280.5400,0.953960
280.5600,1.464321
280.5800,1.749178
280.6000,2.079545
280.6200,2.343575
280.6400,2.034417
280.6600,1.705975
280.6800,1.441204
280.7000,1.295843
280.7200,0.790802
280.7400,0.982347
280.7600,1.731047
280.7800,2.682341
280.8000,2.843155
280.8200,2.228290
280.8400,1.604539
280.8600,1.082217
280.8800,1.593440
280.9000,2.478548
280.9200,2.009977
280.9400,1.155461
280.9600,0.823965
280.9800,0.528933
281.0000,0.302951
281.0200,0.177932
281.0400,0.153442
281.0600,0.172353
281.0800,0.202739
281.1000,0.231140
281.1200,0.507822
281.1400,0.659881
281.1600,1.304354
281.1800,1.042940
281.2000,0.690721
281.2200,0.763086
281.2400,1.236147
281.2600,1.517985
281.2800,1.392538
281.3000,1.293097
281.3200,1.717025
281.3400,2.634431
281.3600,3.228480
281.3800,2.796718
281.4000,2.557092
281.4200,2.724486
281.4400,2.686326
281.4600,2.878982
281.4800,3.172268
281.5000,2.912671
281.5200,2.469458
281.5400,1.774091
281.5600,0.949571
281.5800,0.613784
281.6000,0.470314
281.6200,0.378206
281.6400,0.813892
281.6600,0.891864
281.6800,0.589639
281.7000,0.384683
281.7200,0.347233
281.7400,0.341383
281.7600,0.309212
281.7800,0.352313
281.8000,0.318822
281.8200,0.464914
281.8400,0.695938
281.8600,0.837264
281.8800,0.820187
281.9000,0.786306
281.9200,1.180264
281.9400,0.844596
281.9600,0.557202
281.9800,0.714152
282.0000,1.060253
282.0200,1.947188
282.0400,2.016136
282.0600,2.104388
282.0800,1.725278
282.1000,1.354504
282.1200,1.353506
282.1400,1.649796
282.1600,2.584883
282.1800,2.873303
282.2000,3.600000
282.2200,3.600000
282.2400,3.600000
282.2600,3.600000
282.2800,3.600000
282.3000,3.464375
282.3200,2.718711
282.3400,1.488334
282.3600,0.848599
282.3800,0.480920
282.4000,0.318351
282.4200,0.399919
282.4400,0.644845
282.4600,0.447999
282.4800,0.339386
282.5000,0.124883
282.5200,0.097013
282.5400,0.139956
282.5600,0.133710
282.5800,0.320662
282.6000,0.242754
282.6200,0.156258
282.6400,0.230174
282.6600,0.191273
282.6800,0.101019
282.7000,0.099042
282.7200,0.223905
282.7400,0.209084
282.7600,0.162820
282.7800,0.262646
282.8000,0.300027
282.8200,0.677176
282.8400,1.084073
282.8600,1.444872
282.8800,1.380175
282.9000,1.523555
282.9200,1.024203
282.9400,1.007947
282.9600,1.213410
282.9800,1.201827
283.0000,0.828650
283.0200,0.660220
283.0400,0.953960
283.0600,1.464321
283.0800,1.749178
283.1000,2.079545
283.1200,2.343575
283.1400,2.034417
283.1600,1.705975
283.1800,1.441204
283.2000,1.295843
283.2200,0.790802
283.2400,0.982347
283.2600,1.731047
283.2800,2.682341
283.3000,2.843155
283.3200,2.228290
283.3400,1.604539
283.3600,1.082217
283.3800,1.593440
283.4000,2.478548
283.4200,2.009977
283.4400,1.155461
283.4600,0.823965
283.4800,0.528933
283.5000,0.302951
283.5200,0.177932
283.5400,0.153442
283.5600,0.172353
283.5800,0.202739
283.6000,0.231140
283.6200,0.507822
283.6400,0.659881
283.6600,1.304354
283.6800,1.042940
283.7000,0.690721
283.7200,0.763086
283.7400,1.236147
283.7600,1.517985
283.7800,1.392538
283.8000,1.293097
283.8200,1.717025
283.8400,2.634431
283.8600,3.228480
283.8800,2.796718
283.9000,2.557092
283.9200,2.724486
283.9400,2.686326
283.9600,2.878982
283.9800,3.172268
284.0000,2.912671
284.0200,2.469458
284.0400,1.774091
284.0600,0.949571
284.0800,0.613784
284.1000,0.470314
284.1200,0.378206
284.1400,0.813892
284.1600,0.891864
284.1800,0.589639
284.2000,0.384683
284.2200,0.347233
284.2400,0.341383
284.2600,0.309212
284.2800,0.352313
284.3000,0.318822
284.3200,0.464914
284.3400,0.695938
284.3600,0.837264
284.3800,0.820187
284.4000,0.786306
284.4200,1.180264
284.4400,0.844596
284.4600,0.557202
284.4800,0.714152
284.5000,1.060253
284.5200,1.947188
284.5400,2.016136
284.5600,2.104388
284.5800,1.725278
284.6000,1.354504
284.6200,1.353506
284.6400,1.649796
284.6600,2.584883
284.6800,2.873303
284.7000,3.600000
284.7200,3.600000
284.7400,3.600000
284.7600,3.600000
284.7800,3.600000
284.8000,3.464375
284.8200,2.718711
284.8400,1.488334
284.8600,0.848599
284.8800,0.480920
284.9000,0.318351
284.9200,0.399919
284.9400,0.644845
284.9600,0.447999
284.9800,0.339386
285.0000,0.124883
285.0200,0.097013
285.0400,0.139956
285.0600,0.133710
285.0800,0.320662
285.1000,0.242754
285.1200,0.156258
285.1400,0.230174
285.1600,0.191273
285.1800,0.101019
285.2000,0.099042
285.2200,0.223905
285.2400,0.209084
285.2600,0.162820
285.2800,0.262646
285.3000,0.300027
285.3200,0.677176
285.3400,1.084073
285.3600,1.444872
285.3800,1.380175
285.4000,1.523555
285.4200,1.024203
285.4400,1.007947
285.4600,1.213410
285.4800,1.201827
285.5000,0.828650
285.5200,0.660220
285.5400,0.953960
285.5600,1.464321
285.5800,1.749178
285.6000,2.079545
285.6200,2.343575
285.6400,2.034417
285.6600,1.705975
285.6800,1.441204
285.7000,1.295843
285.7200,0.790802
285.7400,0.982347
285.7600,1.731047
285.7800,2.682341
285.8000,2.843155
285.8200,2.228290
285.8400,1.604539
285.8600,1.082217
285.8800,1.593440
285.9000,2.478548
285.9200,2.009977
285.9400,1.155461
285.9600,0.823965
285.9800,0.528933
286.0000,0.302951
286.0200,0.177932
286.0400,0.153442
286.0600,0.172353
286.0800,0.202739
286.1000,0.231140
286.1200,0.507822
286.1400,0.659881
286.1600,1.304354
286.1800,1.042940
286.2000,0.690721
286.2200,0.763086
286.2400,1.236147
286.2600,1.517985
286.2800,1.392538
286.3000,1.293097
286.3200,1.717025
286.3400,2.634431
286.3600,3.228480
286.3800,2.796718
286.4000,2.557092
286.4200,2.724486
286.4400,2.686326
286.4600,2.878982
286.4800,3.172268
286.5000,2.912671
286.5200,2.469458
286.5400,1.774091
286.5600,0.949571
286.5800,0.613784
286.6000,0.470314
286.6200,0.378206
286.6400,0.813892
286.6600,0.891864
286.6800,0.589639
286.7000,0.384683
286.7200,0.347233
286.7400,0.341383
286.7600,0.309212
286.7800,0.352313
286.8000,0.318822
286.8200,0.464914
286.8400,0.695938
286.8600,0.837264
286.8800,0.820187
286.9000,0.786306
286.9200,1.180264
286.9400,0.844596
286.9600,0.557202
286.9800,0.714152
287.0000,1.060253
287.0200,1.947188
287.0400,2.016136
287.0600,2.104388
287.0800,1.725278
287.1000,1.354504
287.1200,1.353506
287.1400,1.649796
287.1600,2.584883
287.1800,2.873303
287.2000,3.600000
287.2200,3.600000
287.2400,3.600000
287.2600,3.600000
287.2800,3.600000
287.3000,3.464375
287.3200,2.718711
287.3400,1.488334
287.3600,0.848599
287.3800,0.480920
287.4000,0.318351
287.4200,0.399919
287.4400,0.644845
287.4600,0.447999
287.4800,0.339386
287.5000,0.124883
287.5200,0.097013
287.5400,0.139956
287.5600,0.133710
287.5800,0.320662
287.6000,0.242754
287.6200,0.156258
287.6400,0.230174
287.6600,0.191273
287.6800,0.101019
287.7000,0.099042
287.7200,0.223905
287.7400,0.209084
287.7600,0.162820
287.7800,0.262646
287.8000,0.300027
287.8200,0.677176
287.8400,1.084073
287.8600,1.444872
287.8800,1.380175
287.9000,1.523555
287.9200,1.024203
287.9400,1.007947
287.9600,1.213410
287.9800,1.201827
288.0000,0.828650
288.0200,0.660220
288.0400,0.953960
288.0600,1.464321
288.0800,1.749178
288.1000,2.079545
288.1200,2.343575
288.1400,2.034417
288.1600,1.705975
288.1800,1.441204
288.2000,1.295843
288.2200,0.790802
288.2400,0.982347
288.2600,1.731047
288.2800,2.682341
288.3000,2.843155
288.3200,2.228290
288.3400,1.604539
288.3600,1.082217
288.3800,1.593440
288.4000,2.478548
288.4200,2.009977
288.4400,1.155461
288.4600,0.823965
288.4800,0.528933
288.5000,0.302951
288.5200,0.177932
288.5400,0.153442
288.5600,0.172353
288.5800,0.202739
288.6000,0.231140
288.6200,0.507822
288.6400,0.659881
288.6600,1.304354
288.6800,1.042940
288.7000,0.690721
288.7200,0.763086
288.7400,1.236147
288.7600,1.517985
288.7800,1.392538
288.8000,1.293097
288.8200,1.717025
288.8400,2.634431
288.8600,3.228480
288.8800,2.796718
288.9000,2.557092
288.9200,2.724486
288.9400,2.686326
288.9600,2.878982
288.9800,3.172268
289.0000,2.912671
289.0200,2.469458
289.0400,1.774091
289.0600,0.949571
289.0800,0.613784
289.1000,0.470314
289.1200,0.378206
289.1400,0.813892
289.1600,0.891864
289.1800,0.589639
289.2000,0.384683
289.2200,0.347233
289.2400,0.341383
289.2600,0.309212
289.2800,0.352313
289.3000,0.318822
289.3200,0.464914
289.3400,0.695938
289.3600,0.837264
289.3800,0.820187
289.4000,0.786306
289.4200,1.180264
289.4400,0.844596
289.4600,0.557202
289.4800,0.714152
289.5000,1.060253
289.5200,1.947188
289.5400,2.016136
289.5600,2.104388
289.5800,1.725278
289.6000,1.354504
289.6200,1.353506
289.6400,1.649796
289.6600,2.584883
289.6800,2.873303
289.7000,3.600000
289.7200,3.600000
289.7400,3.600000
289.7600,3.600000
289.7800,3.600000
289.8000,3.464375
289.8200,2.718711
289.8400,1.488334
289.8600,0.848599
289.8800,0.480920
289.9000,0.318351
289.9200,0.399919
289.9400,0.644845
289.9600,0.447999
289.9800,0.339386
290.0000,0.124883
290.0200,0.097013
290.0400,0.139956
290.0600,0.133710
290.0800,0.320662
290.1000,0.242754
290.1200,0.156258
290.1400,0.230174
290.1600,0.191273
290.1800,0.101019
290.2000,0.099042
290.2200,0.223905
290.2400,0.209084
290.2600,0.162820
290.2800,0.262646
290.3000,0.300027
290.3200,0.677176
290.3400,1.084073
290.3600,1.444872
290.3800,1.380175
290.4000,1.523555
290.4200,1.024203
290.4400,1.007947
290.4600,1.213410
290.4800,1.201827
290.5000,0.828650
290.5200,0.660220
290.5400,0.953960
290.5600,1.464321
290.5800,1.749178
290.6000,2.079545
290.6200,2.343575
290.6400,2.034417
290.6600,1.705975
290.6800,1.441204
290.7000,1.295843
290.7200,0.790802
290.7400,0.982347
290.7600,1.731047
290.7800,2.682341
290.8000,2.843155
290.8200,2.228290
290.8400,1.604539
290.8600,1.082217
290.8800,1.593440
290.9000,2.478548
290.9200,2.009977
290.9400,1.155461
290.9600,0.823965
290.9800,0.528933
291.0000,0.302951
291.0200,0.177932
291.0400,0.153442
291.0600,0.172353
291.0800,0.202739
291.1000,0.231140
291.1200,0.507822
291.1400,0.659881
291.1600,1.304354
291.1800,1.042940
291.2000,0.690721
291.2200,0.763086
291.2400,1.236147
291.2600,1.517985
291.2800,1.392538
291.3000,1.293097
291.3200,1.717025
291.3400,2.634431
291.3600,3.228480
291.3800,2.796718
291.4000,2.557092
291.4200,2.724486
291.4400,2.686326
291.4600,2.878982
291.4800,3.172268
291.5000,2.912671
291.5200,2.469458
291.5400,1.774091
291.5600,0.949571
291.5800,0.613784
291.6000,0.470314
291.6200,0.378206
291.6400,0.813892
291.6600,0.891864
291.6800,0.589639
291.7000,0.384683
291.7200,0.347233
291.7400,0.341383
291.7600,0.309212
291.7800,0.352313
291.8000,0.318822
291.8200,0.464914
291.8400,0.695938
291.8600,0.837264
291.8800,0.820187
291.9000,0.786306
291.9200,1.180264
291.9400,0.844596
291.9600,0.557202
291.9800,0.714152
292.0000,1.060253
292.0200,1.947188
292.0400,2.016136
292.0600,2.104388
292.0800,1.725278
292.1000,1.354504
292.1200,1.353506
292.1400,1.649796
292.1600,2.584883
292.1800,2.873303
292.2000,3.600000
292.2200,3.600000
292.2400,3.600000
292.2600,3.600000
292.2800,3.600000
292.3000,3.464375
292.3200,2.718711
292.3400,1.488334
292.3600,0.848599
292.3800,0.480920
292.4000,0.318351
292.4200,0.399919
292.4400,0.644845
292.4600,0.447999
292.4800,0.339386
292.5000,0.124883
292.5200,0.097013
292.5400,0.139956
292.5600,0.133710
292.5800,0.320662
292.6000,0.242754
292.6200,0.156258
292.6400,0.230174
292.6600,0.191273
292.6800,0.101019
292.7000,0.099042
292.7200,0.223905
292.7400,0.209084
292.7600,0.162820
292.7800,0.262646
292.8000,0.300027
292.8200,0.677176
292.8400,1.084073
292.8600,1.444872
292.8800,1.380175
292.9000,1.523555
292.9200,1.024203
292.9400,1.007947
292.9600,1.213410
292.9800,1.201827
293.0000,0.828650
293.0200,0.660220
293.0400,0.953960
293.0600,1.464321
293.0800,1.749178
293.1000,2.079545
293.1200,2.343575
293.1400,2.034417
293.1600,1.705975
293.1800,1.441204
293.2000,1.295843
293.2200,0.790802
293.2400,0.982347
293.2600,1.731047
293.2800,2.682341
293.3000,2.843155
293.3200,2.228290
293.3400,1.604539
293.3600,1.082217
293.3800,1.593440
293.4000,2.478548
293.4200,2.009977
293.4400,1.155461
293.4600,0.823965
293.4800,0.528933
293.5000,0.302951
293.5200,0.177932
293.5400,0.153442
293.5600,0.172353
293.5800,0.202739
293.6000,0.231140
293.6200,0.507822
293.6400,0.659881
293.6600,1.304354
293.6800,1.042940
293.7000,0.690721
293.7200,0.763086
293.7400,1.236147
293.7600,1.517985
293.7800,1.392538
293.8000,1.293097
293.8200,1.717025
293.8400,2.634431
293.8600,3.228480
293.8800,2.796718
293.9000,2.557092
293.9200,2.724486
293.9400,2.686326
293.9600,2.878982
293.9800,3.172268
294.0000,2.912671
294.0200,2.469458
294.0400,1.774091
294.0600,0.949571
294.0800,0.613784
294.1000,0.470314
294.1200,0.378206
294.1400,0.813892
294.1600,0.891864
294.1800,0.589639
294.2000,0.384683
294.2200,0.347233
294.2400,0.341383
294.2600,0.309212
294.2800,0.352313
294.3000,0.318822
294.3200,0.464914
294.3400,0.695938
294.3600,0.837264
294.3800,0.820187
294.4000,0.786306
294.4200,1.180264
294.4400,0.844596
294.4600,0.557202
294.4800,0.714152
294.5000,1.060253
294.5200,1.947188
294.5400,2.016136
294.5600,2.104388
294.5800,1.725278
294.6000,1.354504
294.6200,1.353506
294.6400,1.649796
294.6600,2.584883
294.6800,2.873303
294.7000,3.600000
294.7200,3.600000
294.7400,3.600000
294.7600,3.600000
294.7800,3.600000
294.8000,3.464375
294.8200,2.718711
294.8400,1.488334
294.8600,0.848599
294.8800,0.480920
294.9000,0.318351
294.9200,0.399919
294.9400,0.644845
294.9600,0.447999
294.9800,0.339386
295.0000,0.124883
295.0200,0.097013
295.0400,0.139956
295.0600,0.133710
295.0800,0.320662
295.1000,0.242754
295.1200,0.156258
295.1400,0.230174
295.1600,0.191273
295.1800,0.101019
295.2000,0.099042
295.2200,0.223905
295.2400,0.209084
295.2600,0.162820
295.2800,0.262646
295.3000,0.300027
295.3200,0.677176
295.3400,1.084073
295.3600,1.444872
295.3800,1.380175
295.4000,1.523555
295.4200,1.024203
295.4400,1.007947
295.4600,1.213410
295.4800,1.201827
295.5000,0.828650
295.5200,0.660220
295.5400,0.953960
295.5600,1.464321
295.5800,1.749178
295.6000,2.079545
295.6200,2.343575
295.6400,2.034417
295.6600,1.705975
295.6800,1.441204
295.7000,1.295843
295.7200,0.790802
295.7400,0.982347
295.7600,1.731047
295.7800,2.682341
295.8000,2.843155
295.8200,2.228290
295.8400,1.604539
295.8600,1.082217
295.8800,1.593440
295.9000,2.478548
295.9200,2.009977
295.9400,1.155461
295.9600,0.823965
295.9800,0.528933
296.0000,0.302951
296.0200,0.177932
296.0400,0.153442
296.0600,0.172353
296.0800,0.202739
296.1000,0.231140
296.1200,0.507822
296.1400,0.659881
296.1600,1.304354
296.1800,1.042940
296.2000,0.690721
296.2200,0.763086
296.2400,1.236147
296.2600,1.517985
296.2800,1.392538
296.3000,1.293097
296.3200,1.717025
296.3400,2.634431
296.3600,3.228480
296.3800,2.796718
296.4000,2.557092
296.4200,2.724486
296.4400,2.686326
296.4600,2.878982
296.4800,3.172268
296.5000,2.912671
296.5200,2.469458
296.5400,1.774091
296.5600,0.949571
296.5800,0.613784
296.6000,0.470314
296.6200,0.378206
296.6400,0.813892
296.6600,0.891864
296.6800,0.589639
296.7000,0.384683
296.7200,0.347233
296.7400,0.341383
296.7600,0.309212
296.7800,0.352313
296.8000,0.318822
296.8200,0.464914
296.8400,0.695938
296.8600,0.837264
296.8800,0.820187
296.9000,0.786306
296.9200,1.180264
296.9400,0.844596
296.9600,0.557202
296.9800,0.714152
297.0000,1.060253
297.0200,1.947188
297.0400,2.016136
297.0600,2.104388
297.0800,1.725278
297.1000,1.354504
297.1200,1.353506
297.1400,1.649796
297.1600,2.584883
297.1800,2.873303
297.2000,3.600000
297.2200,3.600000
297.2400,3.600000
297.2600,3.600000
297.2800,3.600000
297.3000,3.464375
297.3200,2.718711
297.3400,1.488334
297.3600,0.848599
297.3800,0.480920
297.4000,0.318351
297.4200,0.399919
297.4400,0.644845
297.4600,0.447999
297.4800,0.339386
297.5000,0.124883
297.5200,0.097013
297.5400,0.139956
297.5600,0.133710
297.5800,0.320662
297.6000,0.242754
297.6200,0.156258
297.6400,0.230174
297.6600,0.191273
297.6800,0.101019
297.7000,0.099042
297.7200,0.223905
297.7400,0.209084
297.7600,0.162820
297.7800,0.262646
297.8000,0.300027
297.8200,0.677176
297.8400,1.084073
297.8600,1.444872
297.8800,1.380175
297.9000,1.523555
297.9200,1.024203
297.9400,1.007947
297.9600,1.213410
297.9800,1.201827
298.0000,0.828650
298.0200,0.660220
298.0400,0.953960
298.0600,1.464321
298.0800,1.749178
298.1000,2.079545
298.1200,2.343575
298.1400,2.034417
298.1600,1.705975
298.1800,1.441204
298.2000,1.295843
298.2200,0.790802
298.2400,0.982347
298.2600,1.731047
298.2800,2.682341
298.3000,2.843155
298.3200,2.228290
298.3400,1.604539
298.3600,1.082217
298.3800,1.593440
298.4000,2.478548
298.4200,2.009977
298.4400,1.155461
298.4600,0.823965
298.4800,0.528933
298.5000,0.302951
298.5200,0.177932
298.5400,0.153442
298.5600,0.172353
298.5800,0.202739
298.6000,0.231140
298.6200,0.507822
298.6400,0.659881
298.6600,1.304354
298.6800,1.042940
298.7000,0.690721
298.7200,0.763086
298.7400,1.236147
298.7600,1.517985
298.7800,1.392538
298.8000,1.293097
298.8200,1.717025
298.8400,2.634431
298.8600,3.228480
298.8800,2.796718
298.9000,2.557092
298.9200,2.724486
298.9400,2.686326
298.9600,2.878982
298.9800,3.172268
299.0000,2.912671
299.0200,2.469458
299.0400,1.774091
299.0600,0.949571
299.0800,0.613784
299.1000,0.470314
299.1200,0.378206
299.1400,0.813892
299.1600,0.891864
299.1800,0.589639
299.2000,0.384683
299.2200,0.347233
299.2400,0.341383
299.2600,0.309212
299.2800,0.352313
299.3000,0.318822
299.3200,0.464914
299.3400,0.695938
299.3600,0.837264
299.3800,0.820187
299.4000,0.786306
299.4200,1.180264
299.4400,0.844596
299.4600,0.557202
299.4800,0.714152
299.5000,1.060253
299.5200,1.947188
299.5400,2.016136
299.5600,2.104388
299.5800,1.725278
299.6000,1.354504
299.6200,1.353506
299.6400,1.649796
299.6600,2.584883
299.6800,2.873303
299.7000,3.600000
299.7200,3.600000
299.7400,3.600000
299.7600,3.600000
299.7800,3.600000
299.8000,3.464375
299.8200,2.718711
299.8400,1.488334
299.8600,0.848599
299.8800,0.480920
299.9000,0.318351
299.9200,0.399919
299.9400,0.644845
299.9600,0.447999
299.9800,0.339386
300.0000,0.124883
300.0200,0.097013
300.0400,0.139956
300.0600,0.133710
300.0800,0.320662
300.1000,0.242754
300.1200,0.156258
300.1400,0.230174
300.1600,0.191273
300.1800,0.101019
300.2000,0.099042
300.2200,0.223905
300.2400,0.209084
300.2600,0.162820
300.2800,0.262646
300.3000,0.300027
300.3200,0.677176
300.3400,1.084073
300.3600,1.444872
300.3800,1.380175
300.4000,1.523555
300.4200,1.024203
300.4400,1.007947
300.4600,1.213410
300.4800,1.201827
300.5000,0.828650
300.5200,0.660220
300.5400,0.953960
300.5600,1.464321
300.5800,1.749178
300.6000,2.079545
300.6200,2.343575
300.6400,2.034417
300.6600,1.705975
300.6800,1.441204
300.7000,1.295843
300.7200,0.790802
300.7400,0.982347
300.7600,1.731047
300.7800,2.682341
300.8000,2.843155
300.8200,2.228290
300.8400,1.604539
300.8600,1.082217
300.8800,1.593440
300.9000,2.478548
300.9200,2.009977
300.9400,1.155461
300.9600,0.823965
300.9800,0.528933
301.0000,0.302951
301.0200,0.177932
301.0400,0.153442
301.0600,0.172353
301.0800,0.202739
301.1000,0.231140
301.1200,0.507822
301.1400,0.659881
301.1600,1.304354
301.1800,1.042940
301.2000,0.690721
301.2200,0.763086
301.2400,1.236147
301.2600,1.517985
301.2800,1.392538
301.3000,1.293097
301.3200,1.717025
301.3400,2.634431
301.3600,3.228480
301.3800,2.796718
301.4000,2.557092
301.4200,2.724486
301.4400,2.686326
301.4600,2.878982
301.4800,3.172268
301.5000,2.912671
301.5200,2.469458
301.5400,1.774091
301.5600,0.949571
301.5800,0.613784
301.6000,0.470314
301.6200,0.378206
301.6400,0.813892
301.6600,0.891864
301.6800,0.589639
301.7000,0.384683
301.7200,0.347233
301.7400,0.341383
301.7600,0.309212
301.7800,0.352313
301.8000,0.318822
301.8200,0.464914
301.8400,0.695938
301.8600,0.837264
301.8800,0.820187
301.9000,0.786306
301.9200,1.180264
301.9400,0.844596
301.9600,0.557202
301.9800,0.714152
302.0000,1.060253
302.0200,1.947188
302.0400,2.016136
302.0600,2.104388
302.0800,1.725278
302.1000,1.354504
302.1200,1.353506
302.1400,1.649796
302.1600,2.584883
302.1800,2.873303
302.2000,3.600000
302.2200,3.600000
302.2400,3.600000
302.2600,3.600000
302.2800,3.600000
302.3000,3.464375
302.3200,2.718711
302.3400,1.488334
302.3600,0.848599
302.3800,0.480920
302.4000,0.318351
302.4200,0.399919
302.4400,0.644845
302.4600,0.447999
302.4800,0.339386
302.5000,0.124883
302.5200,0.097013
302.5400,0.139956
302.5600,0.133710
302.5800,0.320662
302.6000,0.242754
302.6200,0.156258
302.6400,0.230174
302.6600,0.191273
302.6800,0.101019
302.7000,0.099042
302.7200,0.223905
302.7400,0.209084
302.7600,0.162820
302.7800,0.262646
302.8000,0.300027
302.8200,0.677176
302.8400,1.084073
302.8600,1.444872
302.8800,1.380175
302.9000,1.523555
302.9200,1.024203
302.9400,1.007947
302.9600,1.213410
302.9800,1.201827
303.0000,0.828650
303.0200,0.660220
303.0400,0.953960
303.0600,1.464321
303.0800,1.749178
303.1000,2.079545
303.1200,2.343575
303.1400,2.034417
303.1600,1.705975
303.1800,1.441204
303.2000,1.295843
303.2200,0.790802
303.2400,0.982347
303.2600,1.731047
303.2800,2.682341
303.3000,2.843155
303.3200,2.228290
303.3400,1.604539
303.3600,1.082217
303.3800,1.593440
303.4000,2.478548
303.4200,2.009977
303.4400,1.155461
303.4600,0.823965
303.4800,0.528933
303.5000,0.302951
303.5200,0.177932
303.5400,0.153442
303.5600,0.172353
303.5800,0.202739
303.6000,0.231140
303.6200,0.507822
303.6400,0.659881
303.6600,1.304354
303.6800,1.042940
303.7000,0.690721
303.7200,0.763086
303.7400,1.236147
303.7600,1.517985
303.7800,1.392538
303.8000,1.293097
303.8200,1.717025
303.8400,2.634431
303.8600,3.228480
303.8800,2.796718
303.9000,2.557092
303.9200,2.724486
303.9400,2.686326
303.9600,2.878982
303.9800,3.172268
304.0000,2.912671
304.0200,2.469458
304.0400,1.774091
304.0600,0.949571
304.0800,0.613784
304.1000,0.470314
304.1200,0.378206
304.1400,0.813892
304.1600,0.891864
304.1800,0.589639
304.2000,0.384683
304.2200,0.347233
304.2400,0.341383
304.2600,0.309212
304.2800,0.352313
304.3000,0.318822
304.3200,0.464914
304.3400,0.695938
304.3600,0.837264
304.3800,0.820187
304.4000,0.786306
304.4200,1.180264
304.4400,0.844596
304.4600,0.557202
304.4800,0.714152
304.5000,1.060253
304.5200,1.947188
304.5400,2.016136
304.5600,2.104388
304.5800,1.725278
304.6000,1.354504
304.6200,1.353506
304.6400,1.649796
304.6600,2.584883
304.6800,2.873303
304.7000,3.600000
304.7200,3.600000
304.7400,3.600000
304.7600,3.600000
304.7800,3.600000
304.8000,3.464375
304.8200,2.718711
304.8400,1.488334
304.8600,0.848599
304.8800,0.480920
304.9000,0.318351
304.9200,0.399919
304.9400,0.644845
304.9600,0.447999
304.9800,0.339386
305.0000,0.124883
305.0200,0.097013
305.0400,0.139956
305.0600,0.133710
305.0800,0.320662
305.1000,0.242754
305.1200,0.156258
305.1400,0.230174
305.1600,0.191273
305.1800,0.101019
305.2000,0.099042
305.2200,0.223905
305.2400,0.209084
305.2600,0.162820
305.2800,0.262646
305.3000,0.300027
305.3200,0.677176
305.3400,1.084073
305.3600,1.444872
305.3800,1.380175
305.4000,1.523555
305.4200,1.024203
305.4400,1.007947
305.4600,1.213410
305.4800,1.201827
305.5000,0.828650
305.5200,0.660220
305.5400,0.953960
305.5600,1.464321
305.5800,1.749178
305.6000,2.079545
305.6200,2.343575
305.6400,2.034417
305.6600,1.705975
305.6800,1.441204
305.7000,1.295843
305.7200,0.790802
305.7400,0.982347
305.7600,1.731047
305.7800,2.682341
305.8000,2.843155
305.8200,2.228290
305.8400,1.604539
305.8600,1.082217
305.8800,1.593440
305.9000,2.478548
305.9200,2.009977
305.9400,1.155461
305.9600,0.823965
305.9800,0.528933
306.0000,0.302951
306.0200,0.177932
306.0400,0.153442
306.0600,0.172353
306.0800,0.202739
306.1000,0.231140
306.1200,0.507822
306.1400,0.659881
306.1600,1.304354
306.1800,1.042940
306.2000,0.690721
306.2200,0.763086
306.2400,1.236147
306.2600,1.517985
306.2800,1.392538
306.3000,1.293097
306.3200,1.717025
306.3400,2.634431
306.3600,3.228480
306.3800,2.796718
306.4000,2.557092
306.4200,2.724486
306.4400,2.686326
306.4600,2.878982
306.4800,3.172268
306.5000,2.912671
306.5200,2.469458
306.5400,1.774091
306.5600,0.949571
306.5800,0.613784
306.6000,0.470314
306.6200,0.378206
306.6400,0.813892
306.6600,0.891864
306.6800,0.589639
306.7000,0.384683
306.7200,0.347233
306.7400,0.341383
306.7600,0.309212
306.7800,0.352313
306.8000,0.318822
306.8200,0.464914
306.8400,0.695938
306.8600,0.837264
306.8800,0.820187
306.9000,0.786306
306.9200,1.180264
306.9400,0.844596
306.9600,0.557202
306.9800,0.714152
307.0000,1.060253
307.0200,1.947188
307.0400,2.016136
307.0600,2.104388
307.0800,1.725278
307.1000,1.354504
307.1200,1.353506
307.1400,1.649796
307.1600,2.584883
307.1800,2.873303
307.2000,3.600000
307.2200,3.600000
307.2400,3.600000
307.2600,3.600000
307.2800,3.600000
307.3000,3.464375
307.3200,2.718711
307.3400,1.488334
307.3600,0.848599
307.3800,0.480920
307.4000,0.318351
307.4200,0.399919
307.4400,0.644845
307.4600,0.447999
307.4800,0.339386
307.5000,0.124883
307.5200,0.097013
307.5400,0.139956
307.5600,0.133710
307.5800,0.320662
307.6000,0.242754
307.6200,0.156258
307.6400,0.230174
307.6600,0.191273
307.6800,0.101019
307.7000,0.099042
307.7200,0.223905
307.7400,0.209084
307.7600,0.162820
307.7800,0.262646
307.8000,0.300027
307.8200,0.677176
307.8400,1.084073
307.8600,1.444872
307.8800,1.380175
307.9000,1.523555
307.9200,1.024203
307.9400,1.007947
307.9600,1.213410
307.9800,1.201827
308.0000,0.828650
308.0200,0.660220
308.0400,0.953960
308.0600,1.464321
308.0800,1.749178
308.1000,2.079545
308.1200,2.343575
308.1400,2.034417
308.1600,1.705975
308.1800,1.441204
308.2000,1.295843
308.2200,0.790802
308.2400,0.982347
308.2600,1.731047
308.2800,2.682341
308.3000,2.843155
308.3200,2.228290
308.3400,1.604539
308.3600,1.082217
308.3800,1.593440
308.4000,2.478548
308.4200,2.009977
308.4400,1.155461
308.4600,0.823965
308.4800,0.528933
308.5000,0.302951
308.5200,0.177932
308.5400,0.153442
308.5600,0.172353
308.5800,0.202739
308.6000,0.231140
308.6200,0.507822
308.6400,0.659881
308.6600,1.304354
308.6800,1.042940
308.7000,0.690721
308.7200,0.763086
308.7400,1.236147
308.7600,1.517985
308.7800,1.392538
308.8000,1.293097
308.8200,1.717025
308.8400,2.634431
308.8600,3.228480
308.8800,2.796718
308.9000,2.557092
308.9200,2.724486
308.9400,2.686326
308.9600,2.878982
308.9800,3.172268
309.0000,2.912671
309.0200,2.469458
309.0400,1.774091
309.0600,0.949571
309.0800,0.613784
309.1000,0.470314
309.1200,0.378206
309.1400,0.813892
309.1600,0.891864
309.1800,0.589639
309.2000,0.384683
309.2200,0.347233
309.2400,0.341383
309.2600,0.309212
309.2800,0.352313
309.3000,0.318822
309.3200,0.464914
309.3400,0.695938
309.3600,0.837264
309.3800,0.820187
309.4000,0.786306
309.4200,1.180264
309.4400,0.844596
309.4600,0.557202
309.4800,0.714152
309.5000,1.060253
309.5200,1.947188
309.5400,2.016136
309.5600,2.104388
309.5800,1.725278
309.6000,1.354504
309.6200,1.353506
309.6400,1.649796
309.6600,2.584883
309.6800,2.873303
309.7000,3.600000
309.7200,3.600000
309.7400,3.600000
309.7600,3.600000
309.7800,3.600000
309.8000,3.464375
309.8200,2.718711
309.8400,1.488334
309.8600,0.848599
309.8800,0.480920
309.9000,0.318351
309.9200,0.399919
309.9400,0.644845
309.9600,0.447999
309.9800,0.339386
310.0000,0.124883
310.0200,0.097013
310.0400,0.139956
310.0600,0.133710
310.0800,0.320662
310.1000,0.242754
310.1200,0.156258
310.1400,0.230174
310.1600,0.191273
310.1800,0.101019
310.2000,0.099042
310.2200,0.223905
310.2400,0.209084
310.2600,0.162820
310.2800,0.262646
310.3000,0.300027
310.3200,0.677176
310.3400,1.084073
310.3600,1.444872
310.3800,1.380175
310.4000,1.523555
310.4200,1.024203
310.4400,1.007947
310.4600,1.213410
310.4800,1.201827
310.5000,0.828650
310.5200,0.660220
310.5400,0.953960
310.5600,1.464321
310.5800,1.749178
310.6000,2.079545
310.6200,2.343575
310.6400,2.034417
310.6600,1.705975
310.6800,1.441204
310.7000,1.295843
310.7200,0.790802
310.7400,0.982347
310.7600,1.731047
310.7800,2.682341
310.8000,2.843155
310.8200,2.228290
310.8400,1.604539
310.8600,1.082217
310.8800,1.593440
310.9000,2.478548
310.9200,2.009977
310.9400,1.155461
310.9600,0.823965
310.9800,0.528933
311.0000,0.302951
311.0200,0.177932
311.0400,0.153442
311.0600,0.172353
311.0800,0.202739
311.1000,0.231140
311.1200,0.507822
311.1400,0.659881
311.1600,1.304354
311.1800,1.042940
311.2000,0.690721
311.2200,0.763086
311.2400,1.236147
311.2600,1.517985
311.2800,1.392538
311.3000,1.293097
311.3200,1.717025
311.3400,2.634431
311.3600,3.228480
311.3800,2.796718
311.4000,2.557092
311.4200,2.724486
311.4400,2.686326
311.4600,2.878982
311.4800,3.172268
311.5000,2.912671
311.5200,2.469458
311.5400,1.774091
311.5600,0.949571
311.5800,0.613784
311.6000,0.470314
311.6200,0.378206
311.6400,0.813892
311.6600,0.891864
311.6800,0.589639
311.7000,0.384683
311.7200,0.347233
311.7400,0.341383
311.7600,0.309212
311.7800,0.352313
311.8000,0.318822
311.8200,0.464914
311.8400,0.695938
311.8600,0.837264
311.8800,0.820187
311.9000,0.786306
311.9200,1.180264
311.9400,0.844596
311.9600,0.557202
311.9800,0.714152
312.0000,1.060253
312.0200,1.947188
312.0400,2.016136
312.0600,2.104388
312.0800,1.725278
312.1000,1.354504
312.1200,1.353506
312.1400,1.649796
312.1600,2.584883
312.1800,2.873303
312.2000,3.600000
312.2200,3.600000
312.2400,3.600000
312.2600,3.600000
312.2800,3.600000
312.3000,3.464375
312.3200,2.718711
312.3400,1.488334
312.3600,0.848599
312.3800,0.480920
312.4000,0.318351
312.4200,0.399919
312.4400,0.644845
312.4600,0.447999
312.4800,0.339386
312.5000,0.124883
312.5200,0.097013
312.5400,0.139956
312.5600,0.133710
312.5800,0.320662
312.6000,0.242754
312.6200,0.156258
312.6400,0.230174
312.6600,0.191273
312.6800,0.101019
312.7000,0.099042
312.7200,0.223905
312.7400,0.209084
312.7600,0.162820
312.7800,0.262646
312.8000,0.300027
312.8200,0.677176
312.8400,1.084073
312.8600,1.444872
312.8800,1.380175
312.9000,1.523555
312.9200,1.024203
312.9400,1.007947
312.9600,1.213410
312.9800,1.201827
313.0000,0.828650
313.0200,0.660220
313.0400,0.953960
313.0600,1.464321
313.0800,1.749178
313.1000,2.079545
313.1200,2.343575
313.1400,2.034417
313.1600,1.705975
313.1800,1.441204
313.2000,1.295843
313.2200,0.790802
313.2400,0.982347
313.2600,1.731047
313.2800,2.682341
313.3000,2.843155
313.3200,2.228290
313.3400,1.604539
313.3600,1.082217
313.3800,1.593440
313.4000,2.478548
313.4200,2.009977
313.4400,1.155461
313.4600,0.823965
313.4800,0.528933
313.5000,0.302951
313.5200,0.177932
313.5400,0.153442
313.5600,0.172353
313.5800,0.202739
313.6000,0.231140
313.6200,0.507822
313.6400,0.659881
313.6600,1.304354
313.6800,1.042940
313.7000,0.690721
313.7200,0.763086
313.7400,1.236147
313.7600,1.517985
313.7800,1.392538
313.8000,1.293097
313.8200,1.717025
313.8400,2.634431
313.8600,3.228480
313.8800,2.796718
313.9000,2.557092
313.9200,2.724486
313.9400,2.686326
313.9600,2.878982
313.9800,3.172268
314.0000,2.912671
314.0200,2.469458
314.0400,1.774091
314.0600,0.949571
314.0800,0.613784
314.1000,0.470314
314.1200,0.378206
314.1400,0.813892
314.1600,0.891864
314.1800,0.589639
314.2000,0.384683
314.2200,0.347233
314.2400,0.341383
314.2600,0.309212
314.2800,0.352313
314.3000,0.318822
314.3200,0.464914
314.3400,0.695938
314.3600,0.837264
314.3800,0.820187
314.4000,0.786306
314.4200,1.180264
314.4400,0.844596
314.4600,0.557202
314.4800,0.714152
314.5000,1.060253
314.5200,1.947188
314.5400,2.016136
314.5600,2.104388
314.5800,1.725278
314.6000,1.354504
314.6200,1.353506
314.6400,1.649796
314.6600,2.584883
314.6800,2.873303
314.7000,3.600000
314.7200,3.600000
314.7400,3.600000
314.7600,3.600000
314.7800,3.600000
314.8000,3.464375
314.8200,2.718711
314.8400,1.488334
314.8600,0.848599
314.8800,0.480920
314.9000,0.318351
314.9200,0.399919
314.9400,0.644845
314.9600,0.447999
314.9800,0.339386
315.0000,0.124883
315.0200,0.097013
315.0400,0.139956
315.0600,0.133710
315.0800,0.320662
315.1000,0.242754
315.1200,0.156258
315.1400,0.230174
315.1600,0.191273
315.1800,0.101019
315.2000,0.099042
315.2200,0.223905
315.2400,0.209084
315.2600,0.162820
315.2800,0.262646
315.3000,0.300027
315.3200,0.677176
315.3400,1.084073
315.3600,1.444872
315.3800,1.380175
315.4000,1.523555
315.4200,1.024203
315.4400,1.007947
315.4600,1.213410
315.4800,1.201827
315.5000,0.828650
315.5200,0.660220
315.5400,0.953960
315.5600,1.464321
315.5800,1.749178
315.6000,2.079545
315.6200,2.343575
315.6400,2.034417
315.6600,1.705975
315.6800,1.441204
315.7000,1.295843
315.7200,0.790802
315.7400,0.982347
315.7600,1.731047
315.7800,2.682341
315.8000,2.843155
315.8200,2.228290
315.8400,1.604539
315.8600,1.082217
315.8800,1.593440
315.9000,2.478548
315.9200,2.009977
315.9400,1.155461
315.9600,0.823965
315.9800,0.528933
316.0000,0.302951
316.0200,0.177932
316.0400,0.153442
316.0600,0.172353
316.0800,0.202739
316.1000,0.231140
316.1200,0.507822
316.1400,0.659881
316.1600,1.304354
316.1800,1.042940
316.2000,0.690721
316.2200,0.763086
316.2400,1.236147
316.2600,1.517985
316.2800,1.392538
316.3000,1.293097
316.3200,1.717025
316.3400,2.634431
316.3600,3.228480
316.3800,2.796718
316.4000,2.557092
316.4200,2.724486
316.4400,2.686326
316.4600,2.878982
316.4800,3.172268
316.5000,2.912671
316.5200,2.469458
316.5400,1.774091
316.5600,0.949571
316.5800,0.613784
316.6000,0.470314
316.6200,0.378206
316.6400,0.813892
316.6600,0.891864
316.6800,0.589639
316.7000,0.384683
316.7200,0.347233
316.7400,0.341383
316.7600,0.309212
316.7800,0.352313
316.8000,0.318822
316.8200,0.464914
316.8400,0.695938
316.8600,0.837264
316.8800,0.820187
316.9000,0.786306
316.9200,1.180264
316.9400,0.844596
316.9600,0.557202
316.9800,0.714152
317.0000,1.060253
317.0200,1.947188
317.0400,2.016136
317.0600,2.104388
317.0800,1.725278
317.1000,1.354504
317.1200,1.353506
317.1400,1.649796
317.1600,2.584883
317.1800,2.873303
317.2000,3.600000
317.2200,3.600000
317.2400,3.600000
317.2600,3.600000
317.2800,3.600000
317.3000,3.464375
317.3200,2.718711
317.3400,1.488334
317.3600,0.848599
317.3800,0.480920
317.4000,0.318351
317.4200,0.399919
317.4400,0.644845
317.4600,0.447999
317.4800,0.339386
317.5000,0.124883
317.5200,0.097013
317.5400,0.139956
317.5600,0.133710
317.5800,0.320662
317.6000,0.242754
317.6200,0.156258
317.6400,0.230174
317.6600,0.191273
317.6800,0.101019
317.7000,0.099042
317.7200,0.223905
317.7400,0.209084
317.7600,0.162820
317.7800,0.262646
317.8000,0.300027
317.8200,0.677176
317.8400,1.084073
317.8600,1.444872
317.8800,1.380175
317.9000,1.523555
317.9200,1.024203
317.9400,1.007947
317.9600,1.213410
317.9800,1.201827
318.0000,0.828650
318.0200,0.660220
318.0400,0.953960
318.0600,1.464321
318.0800,1.749178
318.1000,2.079545
318.1200,2.343575
318.1400,2.034417
318.1600,1.705975
318.1800,1.441204
318.2000,1.295843
318.2200,0.790802
318.2400,0.982347
318.2600,1.731047
318.2800,2.682341
318.3000,2.843155
318.3200,2.228290
318.3400,1.604539
318.3600,1.082217
318.3800,1.593440
318.4000,2.478548
318.4200,2.009977
318.4400,1.155461
318.4600,0.823965
318.4800,0.528933
318.5000,0.302951
318.5200,0.177932
318.5400,0.153442
318.5600,0.172353
318.5800,0.202739
318.6000,0.231140
318.6200,0.507822
318.6400,0.659881
318.6600,1.304354
318.6800,1.042940
318.7000,0.690721
318.7200,0.763086
318.7400,1.236147
318.7600,1.517985
318.7800,1.392538
318.8000,1.293097
318.8200,1.717025
318.8400,2.634431
318.8600,3.228480
318.8800,2.796718
318.9000,2.557092
318.9200,2.724486
318.9400,2.686326
318.9600,2.878982
318.9800,3.172268
319.0000,2.912671
319.0200,2.469458
319.0400,1.774091
319.0600,0.949571
319.0800,0.613784
319.1000,0.470314
319.1200,0.378206
319.1400,0.813892
319.1600,0.891864
319.1800,0.589639
319.2000,0.384683
319.2200,0.347233
319.2400,0.341383
319.2600,0.309212
319.2800,0.352313
319.3000,0.318822
319.3200,0.464914
319.3400,0.695938
319.3600,0.837264
319.3800,0.820187
319.4000,0.786306
319.4200,1.180264
319.4400,0.844596
319.4600,0.557202
319.4800,0.714152
319.5000,1.060253
319.5200,1.947188
319.5400,2.016136
319.5600,2.104388
319.5800,1.725278
319.6000,1.354504
319.6200,1.353506
319.6400,1.649796
319.6600,2.584883
319.6800,2.873303
319.7000,3.600000
319.7200,3.600000
319.7400,3.600000
319.7600,3.600000
319.7800,3.600000
319.8000,3.464375
319.8200,2.718711
319.8400,1.488334
319.8600,0.848599
319.8800,0.480920
319.9000,0.318351
319.9200,0.399919
319.9400,0.644845
319.9600,0.447999
319.9800,0.339386
320.0000,0.124883
320.0200,0.097013
320.0400,0.139956
320.0600,0.133710
320.0800,0.320662
320.1000,0.242754
320.1200,0.156258
320.1400,0.230174
320.1600,0.191273
320.1800,0.101019
320.2000,0.099042
320.2200,0.223905
320.2400,0.209084
320.2600,0.162820
320.2800,0.262646
320.3000,0.300027
320.3200,0.677176
320.3400,1.084073
320.3600,1.444872
320.3800,1.380175
320.4000,1.523555
320.4200,1.024203
320.4400,1.007947
320.4600,1.213410
320.4800,1.201827
320.5000,0.828650
320.5200,0.660220
320.5400,0.953960
320.5600,1.464321
320.5800,1.749178
320.6000,2.079545
320.6200,2.343575
320.6400,2.034417
320.6600,1.705975
320.6800,1.441204
320.7000,1.295843
320.7200,0.790802
320.7400,0.982347
320.7600,1.731047
320.7800,2.682341
320.8000,2.843155
320.8200,2.228290
320.8400,1.604539
320.8600,1.082217
320.8800,1.593440
320.9000,2.478548
320.9200,2.009977
320.9400,1.155461
320.9600,0.823965
320.9800,0.528933
321.0000,0.302951
321.0200,0.177932
321.0400,0.153442
321.0600,0.172353
321.0800,0.202739
321.1000,0.231140
321.1200,0.507822
321.1400,0.659881
321.1600,1.304354
321.1800,1.042940
321.2000,0.690721
321.2200,0.763086
321.2400,1.236147
321.2600,1.517985
321.2800,1.392538
321.3000,1.293097
321.3200,1.717025
321.3400,2.634431
321.3600,3.228480
321.3800,2.796718
321.4000,2.557092
321.4200,2.724486
321.4400,2.686326
321.4600,2.878982
321.4800,3.172268
321.5000,2.912671
321.5200,2.469458
321.5400,1.774091
321.5600,0.949571
321.5800,0.613784
321.6000,0.470314
321.6200,0.378206
321.6400,0.813892
321.6600,0.891864
321.6800,0.589639
321.7000,0.384683
321.7200,0.347233
321.7400,0.341383
321.7600,0.309212
321.7800,0.352313
321.8000,0.318822
321.8200,0.464914
321.8400,0.695938
321.8600,0.837264
321.8800,0.820187
321.9000,0.786306
321.9200,1.180264
321.9400,0.844596
321.9600,0.557202
321.9800,0.714152
322.0000,1.060253
322.0200,1.947188
322.0400,2.016136
322.0600,2.104388
322.0800,1.725278
322.1000,1.354504
322.1200,1.353506
322.1400,1.649796
322.1600,2.584883
322.1800,2.873303
322.2000,3.600000
322.2200,3.600000
322.2400,3.600000
322.2600,3.600000
322.2800,3.600000
322.3000,3.464375
322.3200,2.718711
322.3400,1.488334
322.3600,0.848599
322.3800,0.480920
322.4000,0.318351
322.4200,0.399919
322.4400,0.644845
322.4600,0.447999
322.4800,0.339386
322.5000,0.124883
322.5200,0.097013
322.5400,0.139956
322.5600,0.133710
322.5800,0.320662
322.6000,0.242754
322.6200,0.156258
322.6400,0.230174
322.6600,0.191273
322.6800,0.101019
322.7000,0.099042
322.7200,0.223905
322.7400,0.209084
322.7600,0.162820
322.7800,0.262646
322.8000,0.300027
322.8200,0.677176
322.8400,1.084073
322.8600,1.444872
322.8800,1.380175
322.9000,1.523555
322.9200,1.024203
322.9400,1.007947
322.9600,1.213410
322.9800,1.201827
323.0000,0.828650
323.0200,0.660220
323.0400,0.953960
323.0600,1.464321
323.0800,1.749178
323.1000,2.079545
323.1200,2.343575
323.1400,2.034417
323.1600,1.705975
323.1800,1.441204
323.2000,1.295843
323.2200,0.790802
323.2400,0.982347
323.2600,1.731047
323.2800,2.682341
323.3000,2.843155
323.3200,2.228290
323.3400,1.604539
323.3600,1.082217
323.3800,1.593440
323.4000,2.478548
323.4200,2.009977
323.4400,1.155461
323.4600,0.823965
323.4800,0.528933
323.5000,0.302951
323.5200,0.177932
323.5400,0.153442
323.5600,0.172353
323.5800,0.202739
323.6000,0.231140
323.6200,0.507822
323.6400,0.659881
323.6600,1.304354
323.6800,1.042940
323.7000,0.690721
323.7200,0.763086
323.7400,1.236147
323.7600,1.517985
323.7800,1.392538
323.8000,1.293097
323.8200,1.717025
323.8400,2.634431
323.8600,3.228480
323.8800,2.796718
323.9000,2.557092
323.9200,2.724486
323.9400,2.686326
323.9600,2.878982
323.9800,3.172268
324.0000,2.912671
324.0200,2.469458
324.0400,1.774091
324.0600,0.949571
324.0800,0.613784
324.1000,0.470314
324.1200,0.378206
324.1400,0.813892
324.1600,0.891864
324.1800,0.589639
324.2000,0.384683
324.2200,0.347233
324.2400,0.341383
324.2600,0.309212
324.2800,0.352313
324.3000,0.318822
324.3200,0.464914
324.3400,0.695938
324.3600,0.837264
324.3800,0.820187
324.4000,0.786306
324.4200,1.180264
324.4400,0.844596
324.4600,0.557202
324.4800,0.714152
324.5000,1.060253
324.5200,1.947188
324.5400,2.016136
324.5600,2.104388
324.5800,1.725278
324.6000,1.354504
324.6200,1.353506
324.6400,1.649796
324.6600,2.584883
324.6800,2.873303
324.7000,3.600000
324.7200,3.600000
324.7400,3.600000
324.7600,3.600000
324.7800,3.600000
324.8000,3.464375
324.8200,2.718711
324.8400,1.488334
324.8600,0.848599
324.8800,0.480920
324.9000,0.318351
324.9200,0.399919
324.9400,0.644845
324.9600,0.447999
324.9800,0.339386
325.0000,0.124883
325.0200,0.097013
325.0400,0.139956
325.0600,0.133710
325.0800,0.320662
325.1000,0.242754
325.1200,0.156258
325.1400,0.230174
325.1600,0.191273
325.1800,0.101019
325.2000,0.099042
325.2200,0.223905
325.2400,0.209084
325.2600,0.162820
325.2800,0.262646
325.3000,0.300027
325.3200,0.677176
325.3400,1.084073
325.3600,1.444872
325.3800,1.380175
325.4000,1.523555
325.4200,1.024203
325.4400,1.007947
325.4600,1.213410
325.4800,1.201827
325.5000,0.828650
325.5200,0.660220
325.5400,0.953960
325.5600,1.464321
325.5800,1.749178
325.6000,2.079545
325.6200,2.343575
325.6400,2.034417
325.6600,1.705975
325.6800,1.441204
325.7000,1.295843
325.7200,0.790802
325.7400,0.982347
325.7600,1.731047
325.7800,2.682341
325.8000,2.843155
325.8200,2.228290
325.8400,1.604539
325.8600,1.082217
325.8800,1.593440
325.9000,2.478548
325.9200,2.009977
325.9400,1.155461
325.9600,0.823965
325.9800,0.528933
326.0000,0.302951
326.0200,0.177932
326.0400,0.153442
326.0600,0.172353
326.0800,0.202739
326.1000,0.231140
326.1200,0.507822
326.1400,0.659881
326.1600,1.304354
326.1800,1.042940
326.2000,0.690721
326.2200,0.763086
326.2400,1.236147
326.2600,1.517985
326.2800,1.392538
326.3000,1.293097
326.3200,1.717025
326.3400,2.634431
326.3600,3.228480
326.3800,2.796718
326.4000,2.557092
326.4200,2.724486
326.4400,2.686326
326.4600,2.878982
326.4800,3.172268
326.5000,2.912671
326.5200,2.469458
326.5400,1.774091
326.5600,0.949571
326.5800,0.613784
326.6000,0.470314
326.6200,0.378206
326.6400,0.813892
326.6600,0.891864
326.6800,0.589639
326.7000,0.384683
326.7200,0.347233
326.7400,0.341383
326.7600,0.309212
326.7800,0.352313
326.8000,0.318822
326.8200,0.464914
326.8400,0.695938
326.8600,0.837264
326.8800,0.820187
326.9000,0.786306
326.9200,1.180264
326.9400,0.844596
326.9600,0.557202
326.9800,0.714152
327.0000,1.060253
327.0200,1.947188
327.0400,2.016136
327.0600,2.104388
327.0800,1.725278
327.1000,1.354504
327.1200,1.353506
327.1400,1.649796
327.1600,2.584883
327.1800,2.873303
327.2000,3.600000
327.2200,3.600000
327.2400,3.600000
327.2600,3.600000
327.2800,3.600000
327.3000,3.464375
327.3200,2.718711
327.3400,1.488334
327.3600,0.848599
327.3800,0.480920
327.4000,0.318351
327.4200,0.399919
327.4400,0.644845
327.4600,0.447999
327.4800,0.339386
327.5000,0.124883
327.5200,0.097013
327.5400,0.139956
327.5600,0.133710
327.5800,0.320662
327.6000,0.242754
327.6200,0.156258
327.6400,0.230174
327.6600,0.191273
327.6800,0.101019
327.7000,0.099042
327.7200,0.223905
327.7400,0.209084
327.7600,0.162820
327.7800,0.262646
327.8000,0.300027
327.8200,0.677176
327.8400,1.084073
327.8600,1.444872
327.8800,1.380175
327.9000,1.523555
327.9200,1.024203
327.9400,1.007947
327.9600,1.213410
327.9800,1.201827
328.0000,0.828650
328.0200,0.660220
328.0400,0.953960
328.0600,1.464321
328.0800,1.749178
328.1000,2.079545
328.1200,2.343575
328.1400,2.034417
328.1600,1.705975
328.1800,1.441204
328.2000,1.295843
328.2200,0.790802
328.2400,0.982347
328.2600,1.731047
328.2800,2.682341
328.3000,2.843155
328.3200,2.228290
328.3400,1.604539
328.3600,1.082217
328.3800,1.593440
328.4000,2.478548
328.4200,2.009977
328.4400,1.155461
328.4600,0.823965
328.4800,0.528933
328.5000,0.302951
328.5200,0.177932
328.5400,0.153442
328.5600,0.172353
328.5800,0.202739
328.6000,0.231140
328.6200,0.507822
328.6400,0.659881
328.6600,1.304354
328.6800,1.042940
328.7000,0.690721
328.7200,0.763086
328.7400,1.236147
328.7600,1.517985
328.7800,1.392538
328.8000,1.293097
328.8200,1.717025
328.8400,2.634431
328.8600,3.228480
328.8800,2.796718
328.9000,2.557092
328.9200,2.724486
328.9400,2.686326
328.9600,2.878982
328.9800,3.172268
329.0000,2.912671
329.0200,2.469458
329.0400,1.774091
329.0600,0.949571
329.0800,0.613784
329.1000,0.470314
329.1200,0.378206
329.1400,0.813892
329.1600,0.891864
329.1800,0.589639
329.2000,0.384683
329.2200,0.347233
329.2400,0.341383
329.2600,0.309212
329.2800,0.352313
329.3000,0.318822
329.3200,0.464914
329.3400,0.695938
329.3600,0.837264
329.3800,0.820187
329.4000,0.786306
329.4200,1.180264
329.4400,0.844596
329.4600,0.557202
329.4800,0.714152
329.5000,1.060253
329.5200,1.947188
329.5400,2.016136
329.5600,2.104388
329.5800,1.725278
329.6000,1.354504
329.6200,1.353506
329.6400,1.649796
329.6600,2.584883
329.6800,2.873303
329.7000,3.600000
329.7200,3.600000
329.7400,3.600000
329.7600,3.600000
329.7800,3.600000
329.8000,3.464375
329.8200,2.718711
329.8400,1.488334
329.8600,0.848599
329.8800,0.480920
329.9000,0.318351
329.9200,0.399919
329.9400,0.644845
329.9600,0.447999
329.9800,0.339386
330.0000,0.124883
330.0200,0.097013
330.0400,0.139956
330.0600,0.133710
330.0800,0.320662
330.1000,0.242754
330.1200,0.156258
330.1400,0.230174
330.1600,0.191273
330.1800,0.101019
330.2000,0.099042
330.2200,0.223905
330.2400,0.209084
330.2600,0.162820
330.2800,0.262646
330.3000,0.300027
330.3200,0.677176
330.3400,1.084073
330.3600,1.444872
330.3800,1.380175
330.4000,1.523555
330.4200,1.024203
330.4400,1.007947
330.4600,1.213410
330.4800,1.201827
330.5000,0.828650
330.5200,0.660220
330.5400,0.953960
330.5600,1.464321
330.5800,1.749178
330.6000,2.079545
330.6200,2.343575
330.6400,2.034417
330.6600,1.705975
330.6800,1.441204
330.7000,1.295843
330.7200,0.790802
330.7400,0.982347
330.7600,1.731047
330.7800,2.682341
330.8000,2.843155
330.8200,2.228290
330.8400,1.604539
330.8600,1.082217
330.8800,1.593440
330.9000,2.478548
330.9200,2.009977
330.9400,1.155461
330.9600,0.823965
330.9800,0.528933
331.0000,0.302951
331.0200,0.177932
331.0400,0.153442
331.0600,0.172353
331.0800,0.202739
331.1000,0.231140
331.1200,0.507822
331.1400,0.659881
331.1600,1.304354
331.1800,1.042940
331.2000,0.690721
331.2200,0.763086
331.2400,1.236147
331.2600,1.517985
331.2800,1.392538
331.3000,1.293097
331.3200,1.717025
331.3400,2.634431
331.3600,3.228480
331.3800,2.796718
331.4000,2.557092
331.4200,2.724486
331.4400,2.686326
331.4600,2.878982
331.4800,3.172268
331.5000,2.912671
331.5200,2.469458
331.5400,1.774091
331.5600,0.949571
331.5800,0.613784
331.6000,0.470314
331.6200,0.378206
331.6400,0.813892
331.6600,0.891864
331.6800,0.589639
331.7000,0.384683
331.7200,0.347233
331.7400,0.341383
331.7600,0.309212
331.7800,0.352313
331.8000,0.318822
331.8200,0.464914
331.8400,0.695938
331.8600,0.837264
331.8800,0.820187
331.9000,0.786306
331.9200,1.180264
331.9400,0.844596
331.9600,0.557202
331.9800,0.714152
332.0000,1.060253
332.0200,1.947188
332.0400,2.016136
332.0600,2.104388
332.0800,1.725278
332.1000,1.354504
332.1200,1.353506
332.1400,1.649796
332.1600,2.584883
332.1800,2.873303
332.2000,3.600000
332.2200,3.600000
332.2400,3.600000
332.2600,3.600000
332.2800,3.600000
332.3000,3.464375
332.3200,2.718711
332.3400,1.488334
332.3600,0.848599
332.3800,0.480920
332.4000,0.318351
332.4200,0.399919
332.4400,0.644845
332.4600,0.447999
332.4800,0.339386
332.5000,0.124883
332.5200,0.097013
332.5400,0.139956
332.5600,0.133710
332.5800,0.320662
332.6000,0.242754
332.6200,0.156258
332.6400,0.230174
332.6600,0.191273
332.6800,0.101019
332.7000,0.099042
332.7200,0.223905
332.7400,0.209084
332.7600,0.162820
332.7800,0.262646
332.8000,0.300027
332.8200,0.677176
332.8400,1.084073
332.8600,1.444872
332.8800,1.380175
332.9000,1.523555
332.9200,1.024203
332.9400,1.007947
332.9600,1.213410
332.9800,1.201827
333.0000,0.828650
333.0200,0.660220
333.0400,0.953960
333.0600,1.464321
333.0800,1.749178
333.1000,2.079545
333.1200,2.343575
333.1400,2.034417
333.1600,1.705975
333.1800,1.441204
333.2000,1.295843
333.2200,0.790802
333.2400,0.982347
333.2600,1.731047
333.2800,2.682341
333.3000,2.843155
333.3200,2.228290
333.3400,1.604539
333.3600,1.082217
333.3800,1.593440
333.4000,2.478548
333.4200,2.009977
333.4400,1.155461
333.4600,0.823965
333.4800,0.528933
333.5000,0.302951
333.5200,0.177932
333.5400,0.153442
333.5600,0.172353
333.5800,0.202739
333.6000,0.231140
333.6200,0.507822
333.6400,0.659881
333.6600,1.304354
333.6800,1.042940
333.7000,0.690721
333.7200,0.763086
333.7400,1.236147
333.7600,1.517985
333.7800,1.392538
333.8000,1.293097
333.8200,1.717025
333.8400,2.634431
333.8600,3.228480
333.8800,2.796718
333.9000,2.557092
333.9200,2.724486
333.9400,2.686326
333.9600,2.878982
333.9800,3.172268
334.0000,2.912671
334.0200,2.469458
334.0400,1.774091
334.0600,0.949571
334.0800,0.613784
334.1000,0.470314
334.1200,0.378206
334.1400,0.813892
334.1600,0.891864
334.1800,0.589639
334.2000,0.384683
334.2200,0.347233
334.2400,0.341383
334.2600,0.309212
334.2800,0.352313
334.3000,0.318822
334.3200,0.464914
334.3400,0.695938
334.3600,0.837264
334.3800,0.820187
334.4000,0.786306
334.4200,1.180264
334.4400,0.844596
334.4600,0.557202
334.4800,0.714152
334.5000,1.060253
334.5200,1.947188
334.5400,2.016136
334.5600,2.104388
334.5800,1.725278
334.6000,1.354504
334.6200,1.353506
334.6400,1.649796
334.6600,2.584883
334.6800,2.873303
334.7000,3.600000
334.7200,3.600000
334.7400,3.600000
334.7600,3.600000
334.7800,3.600000
334.8000,3.464375
334.8200,2.718711
334.8400,1.488334
334.8600,0.848599
334.8800,0.480920
334.9000,0.318351
334.9200,0.399919
334.9400,0.644845
334.9600,0.447999
334.9800,0.339386
335.0000,0.124883
335.0200,0.097013
335.0400,0.139956
335.0600,0.133710
335.0800,0.320662
335.1000,0.242754
335.1200,0.156258
335.1400,0.230174
335.1600,0.191273
335.1800,0.101019
335.2000,0.099042
335.2200,0.223905
335.2400,0.209084
335.2600,0.162820
335.2800,0.262646
335.3000,0.300027
335.3200,0.677176
335.3400,1.084073
335.3600,1.444872
335.3800,1.380175
335.4000,1.523555
335.4200,1.024203
335.4400,1.007947
335.4600,1.213410
335.4800,1.201827
335.5000,0.828650
335.5200,0.660220
335.5400,0.953960
335.5600,1.464321
335.5800,1.749178
335.6000,2.079545
335.6200,2.343575
335.6400,2.034417
335.6600,1.705975
335.6800,1.441204
335.7000,1.295843
335.7200,0.790802
335.7400,0.982347
335.7600,1.731047
335.7800,2.682341
335.8000,2.843155
335.8200,2.228290
335.8400,1.604539
335.8600,1.082217
335.8800,1.593440
335.9000,2.478548
335.9200,2.009977
335.9400,1.155461
335.9600,0.823965
335.9800,0.528933
336.0000,0.302951
336.0200,0.177932
336.0400,0.153442
336.0600,0.172353
336.0800,0.202739
336.1000,0.231140
336.1200,0.507822
336.1400,0.659881
336.1600,1.304354
336.1800,1.042940
336.2000,0.690721
336.2200,0.763086
336.2400,1.236147
336.2600,1.517985
336.2800,1.392538
336.3000,1.293097
336.3200,1.717025
336.3400,2.634431
336.3600,3.228480
336.3800,2.796718
336.4000,2.557092
336.4200,2.724486
336.4400,2.686326
336.4600,2.878982
336.4800,3.172268
336.5000,2.912671
336.5200,2.469458
336.5400,1.774091
336.5600,0.949571
336.5800,0.613784
336.6000,0.470314
336.6200,0.378206
336.6400,0.813892
336.6600,0.891864
336.6800,0.589639
336.7000,0.384683
336.7200,0.347233
336.7400,0.341383
336.7600,0.309212
336.7800,0.352313
336.8000,0.318822
336.8200,0.464914
336.8400,0.695938
336.8600,0.837264
336.8800,0.820187
336.9000,0.786306
336.9200,1.180264
336.9400,0.844596
336.9600,0.557202
336.9800,0.714152
337.0000,1.060253
337.0200,1.947188
337.0400,2.016136
337.0600,2.104388
337.0800,1.725278
337.1000,1.354504
337.1200,1.353506
337.1400,1.649796
337.1600,2.584883
337.1800,2.873303
337.2000,3.600000
337.2200,3.600000
337.2400,3.600000
337.2600,3.600000
337.2800,3.600000
337.3000,3.464375
337.3200,2.718711
337.3400,1.488334
337.3600,0.848599
337.3800,0.480920
337.4000,0.318351
337.4200,0.399919
337.4400,0.644845
337.4600,0.447999
337.4800,0.339386
337.5000,0.124883
337.5200,0.097013
337.5400,0.139956
337.5600,0.133710
337.5800,0.320662
337.6000,0.242754
337.6200,0.156258
337.6400,0.230174
337.6600,0.191273
337.6800,0.101019
337.7000,0.099042
337.7200,0.223905
337.7400,0.209084
337.7600,0.162820
337.7800,0.262646
337.8000,0.300027
337.8200,0.677176
337.8400,1.084073
337.8600,1.444872
337.8800,1.380175
337.9000,1.523555
337.9200,1.024203
337.9400,1.007947
337.9600,1.213410
337.9800,1.201827
338.0000,0.828650
338.0200,0.660220
338.0400,0.953960
338.0600,1.464321
338.0800,1.749178
338.1000,2.079545
338.1200,2.343575
338.1400,2.034417
338.1600,1.705975
338.1800,1.441204
338.2000,1.295843
338.2200,0.790802
338.2400,0.982347
338.2600,1.731047
338.2800,2.682341
338.3000,2.843155
338.3200,2.228290
338.3400,1.604539
338.3600,1.082217
338.3800,1.593440
338.4000,2.478548
338.4200,2.009977
338.4400,1.155461
338.4600,0.823965
338.4800,0.528933
338.5000,0.302951
338.5200,0.177932
338.5400,0.153442
338.5600,0.172353
338.5800,0.202739
338.6000,0.231140
338.6200,0.507822
338.6400,0.659881
338.6600,1.304354
338.6800,1.042940
338.7000,0.690721
338.7200,0.763086
338.7400,1.236147
338.7600,1.517985
338.7800,1.392538
338.8000,1.293097
338.8200,1.717025
338.8400,2.634431
338.8600,3.228480
338.8800,2.796718
338.9000,2.557092
338.9200,2.724486
338.9400,2.686326
338.9600,2.878982
338.9800,3.172268
339.0000,2.912671
339.0200,2.469458
339.0400,1.774091
339.0600,0.949571
339.0800,0.613784
339.1000,0.470314
339.1200,0.378206
339.1400,0.813892
339.1600,0.891864
339.1800,0.589639
339.2000,0.384683
339.2200,0.347233
339.2400,0.341383
339.2600,0.309212
339.2800,0.352313
339.3000,0.318822
339.3200,0.464914
339.3400,0.695938
339.3600,0.837264
339.3800,0.820187
339.4000,0.786306
339.4200,1.180264
339.4400,0.844596
339.4600,0.557202
339.4800,0.714152
339.5000,1.060253
339.5200,1.947188
339.5400,2.016136
339.5600,2.104388
339.5800,1.725278
339.6000,1.354504
339.6200,1.353506
339.6400,1.649796
339.6600,2.584883
339.6800,2.873303
339.7000,3.600000
339.7200,3.600000
339.7400,3.600000
339.7600,3.600000
339.7800,3.600000
339.8000,3.464375
339.8200,2.718711
339.8400,1.488334
339.8600,0.848599
339.8800,0.480920
339.9000,0.318351
339.9200,0.399919
339.9400,0.644845
339.9600,0.447999
339.9800,0.339386
340.0000,0.124883
340.0200,0.097013
340.0400,0.139956
340.0600,0.133710
340.0800,0.320662
340.1000,0.242754
340.1200,0.156258
340.1400,0.230174
340.1600,0.191273
340.1800,0.101019
340.2000,0.099042
340.2200,0.223905
340.2400,0.209084
340.2600,0.162820
340.2800,0.262646
340.3000,0.300027
340.3200,0.677176
340.3400,1.084073
340.3600,1.444872
340.3800,1.380175
340.4000,1.523555
340.4200,1.024203
340.4400,1.007947
340.4600,1.213410
340.4800,1.201827
340.5000,0.828650
340.5200,0.660220
340.5400,0.953960
340.5600,1.464321
340.5800,1.749178
340.6000,2.079545
340.6200,2.343575
340.6400,2.034417
340.6600,1.705975
340.6800,1.441204
340.7000,1.295843
340.7200,0.790802
340.7400,0.982347
340.7600,1.731047
340.7800,2.682341
340.8000,2.843155
340.8200,2.228290
340.8400,1.604539
340.8600,1.082217
340.8800,1.593440
340.9000,2.478548
340.9200,2.009977
340.9400,1.155461
340.9600,0.823965
340.9800,0.528933
341.0000,0.302951
341.0200,0.177932
341.0400,0.153442
341.0600,0.172353
341.0800,0.202739
341.1000,0.231140
341.1200,0.507822
341.1400,0.659881
341.1600,1.304354
341.1800,1.042940
341.2000,0.690721
341.2200,0.763086
341.2400,1.236147
341.2600,1.517985
341.2800,1.392538
341.3000,1.293097
341.3200,1.717025
341.3400,2.634431
341.3600,3.228480
341.3800,2.796718
341.4000,2.557092
341.4200,2.724486
341.4400,2.686326
341.4600,2.878982
341.4800,3.172268
341.5000,2.912671
341.5200,2.469458
341.5400,1.774091
341.5600,0.949571
341.5800,0.613784
341.6000,0.470314
341.6200,0.378206
341.6400,0.813892
341.6600,0.891864
341.6800,0.589639
341.7000,0.384683
341.7200,0.347233
341.7400,0.341383
341.7600,0.309212
341.7800,0.352313
341.8000,0.318822
341.8200,0.464914
341.8400,0.695938
341.8600,0.837264
341.8800,0.820187
341.9000,0.786306
341.9200,1.180264
341.9400,0.844596
341.9600,0.557202
341.9800,0.714152
342.0000,1.060253
342.0200,1.947188
342.0400,2.016136
342.0600,2.104388
342.0800,1.725278
342.1000,1.354504
342.1200,1.353506
342.1400,1.649796
342.1600,2.584883
342.1800,2.873303
342.2000,3.600000
342.2200,3.600000
342.2400,3.600000
342.2600,3.600000
342.2800,3.600000
342.3000,3.464375
342.3200,2.718711
342.3400,1.488334
342.3600,0.848599
342.3800,0.480920
342.4000,0.318351
342.4200,0.399919
342.4400,0.644845
342.4600,0.447999
342.4800,0.339386
342.5000,0.124883
342.5200,0.097013
342.5400,0.139956
342.5600,0.133710
342.5800,0.320662
342.6000,0.242754
342.6200,0.156258
342.6400,0.230174
342.6600,0.191273
342.6800,0.101019
342.7000,0.099042
342.7200,0.223905
342.7400,0.209084
342.7600,0.162820
342.7800,0.262646
342.8000,0.300027
342.8200,0.677176
342.8400,1.084073
342.8600,1.444872
342.8800,1.380175
342.9000,1.523555
342.9200,1.024203
342.9400,1.007947
342.9600,1.213410
342.9800,1.201827
343.0000,0.828650
343.0200,0.660220
343.0400,0.953960
343.0600,1.464321
343.0800,1.749178
343.1000,2.079545
343.1200,2.343575
343.1400,2.034417
343.1600,1.705975
343.1800,1.441204
343.2000,1.295843
343.2200,0.790802
343.2400,0.982347
343.2600,1.731047
343.2800,2.682341
343.3000,2.843155
343.3200,2.228290
343.3400,1.604539
343.3600,1.082217
343.3800,1.593440
343.4000,2.478548
343.4200,2.009977
343.4400,1.155461
343.4600,0.823965
343.4800,0.528933
343.5000,0.302951
343.5200,0.177932
343.5400,0.153442
343.5600,0.172353
343.5800,0.202739
343.6000,0.231140
343.6200,0.507822
343.6400,0.659881
343.6600,1.304354
343.6800,1.042940
343.7000,0.690721
343.7200,0.763086
343.7400,1.236147
343.7600,1.517985
343.7800,1.392538
343.8000,1.293097
343.8200,1.717025
343.8400,2.634431
343.8600,3.228480
343.8800,2.796718
343.9000,2.557092
343.9200,2.724486
343.9400,2.686326
343.9600,2.878982
343.9800,3.172268
344.0000,2.912671
344.0200,2.469458
344.0400,1.774091
344.0600,0.949571
344.0800,0.613784
344.1000,0.470314
344.1200,0.378206
344.1400,0.813892
344.1600,0.891864
344.1800,0.589639
344.2000,0.384683
344.2200,0.347233
344.2400,0.341383
344.2600,0.309212
344.2800,0.352313
344.3000,0.318822
344.3200,0.464914
344.3400,0.695938
344.3600,0.837264
344.3800,0.820187
344.4000,0.786306
344.4200,1.180264
344.4400,0.844596
344.4600,0.557202
344.4800,0.714152
344.5000,1.060253
344.5200,1.947188
344.5400,2.016136
344.5600,2.104388
344.5800,1.725278
344.6000,1.354504
344.6200,1.353506
344.6400,1.649796
344.6600,2.584883
344.6800,2.873303
344.7000,3.600000
344.7200,3.600000
344.7400,3.600000
344.7600,3.600000
344.7800,3.600000
344.8000,3.464375
344.8200,2.718711
344.8400,1.488334
344.8600,0.848599
344.8800,0.480920
344.9000,0.318351
344.9200,0.399919
344.9400,0.644845
344.9600,0.447999
344.9800,0.339386
345.0000,0.124883
345.0200,0.097013
345.0400,0.139956
345.0600,0.133710
345.0800,0.320662
345.1000,0.242754
345.1200,0.156258
345.1400,0.230174
345.1600,0.191273
345.1800,0.101019
345.2000,0.099042
345.2200,0.223905
345.2400,0.209084
345.2600,0.162820
345.2800,0.262646
345.3000,0.300027
345.3200,0.677176
345.3400,1.084073
345.3600,1.444872
345.3800,1.380175
345.4000,1.523555
345.4200,1.024203
345.4400,1.007947
345.4600,1.213410
345.4800,1.201827
345.5000,0.828650
345.5200,0.660220
345.5400,0.953960
345.5600,1.464321
345.5800,1.749178
345.6000,2.079545
345.6200,2.343575
345.6400,2.034417
345.6600,1.705975
345.6800,1.441204
345.7000,1.295843
345.7200,0.790802
345.7400,0.982347
345.7600,1.731047
345.7800,2.682341
345.8000,2.843155
345.8200,2.228290
345.8400,1.604539
345.8600,1.082217
345.8800,1.593440
345.9000,2.478548
345.9200,2.009977
345.9400,1.155461
345.9600,0.823965
345.9800,0.528933
346.0000,0.302951
346.0200,0.177932
346.0400,0.153442
346.0600,0.172353
346.0800,0.202739
346.1000,0.231140
346.1200,0.507822
346.1400,0.659881
346.1600,1.304354
346.1800,1.042940
346.2000,0.690721
346.2200,0.763086
346.2400,1.236147
346.2600,1.517985
346.2800,1.392538
346.3000,1.293097
346.3200,1.717025
346.3400,2.634431
346.3600,3.228480
346.3800,2.796718
346.4000,2.557092
346.4200,2.724486
346.4400,2.686326
346.4600,2.878982
346.4800,3.172268
346.5000,2.912671
346.5200,2.469458
346.5400,1.774091
346.5600,0.949571
346.5800,0.613784
346.6000,0.470314
346.6200,0.378206
346.6400,0.813892
346.6600,0.891864
346.6800,0.589639
346.7000,0.384683
346.7200,0.347233
346.7400,0.341383
346.7600,0.309212
346.7800,0.352313
346.8000,0.318822
346.8200,0.464914
346.8400,0.695938
346.8600,0.837264
346.8800,0.820187
346.9000,0.786306
346.9200,1.180264
346.9400,0.844596
346.9600,0.557202
346.9800,0.714152
347.0000,1.060253
347.0200,1.947188
347.0400,2.016136
347.0600,2.104388
347.0800,1.725278
347.1000,1.354504
347.1200,1.353506
347.1400,1.649796
347.1600,2.584883
347.1800,2.873303
347.2000,3.600000
347.2200,3.600000
347.2400,3.600000
347.2600,3.600000
347.2800,3.600000
347.3000,3.464375
347.3200,2.718711
347.3400,1.488334
347.3600,0.848599
347.3800,0.480920
347.4000,0.318351
347.4200,0.399919
347.4400,0.644845
347.4600,0.447999
347.4800,0.339386
347.5000,0.124883
347.5200,0.097013
347.5400,0.139956
347.5600,0.133710
347.5800,0.320662
347.6000,0.242754
347.6200,0.156258
347.6400,0.230174
347.6600,0.191273
347.6800,0.101019
347.7000,0.099042
347.7200,0.223905
347.7400,0.209084
347.7600,0.162820
347.7800,0.262646
347.8000,0.300027
347.8200,0.677176
347.8400,1.084073
347.8600,1.444872
347.8800,1.380175
347.9000,1.523555
347.9200,1.024203
347.9400,1.007947
347.9600,1.213410
347.9800,1.201827
348.0000,0.828650
348.0200,0.660220
348.0400,0.953960
348.0600,1.464321
348.0800,1.749178
348.1000,2.079545
348.1200,2.343575
348.1400,2.034417
348.1600,1.705975
348.1800,1.441204
348.2000,1.295843
348.2200,0.790802
348.2400,0.982347
348.2600,1.731047
348.2800,2.682341
348.3000,2.843155
348.3200,2.228290
348.3400,1.604539
348.3600,1.082217
348.3800,1.593440
348.4000,2.478548
348.4200,2.009977
348.4400,1.155461
348.4600,0.823965
348.4800,0.528933
348.5000,0.302951
348.5200,0.177932
348.5400,0.153442
348.5600,0.172353
348.5800,0.202739
348.6000,0.231140
348.6200,0.507822
348.6400,0.659881
348.6600,1.304354
348.6800,1.042940
348.7000,0.690721
348.7200,0.763086
348.7400,1.236147
348.7600,1.517985
348.7800,1.392538
348.8000,1.293097
348.8200,1.717025
348.8400,2.634431
348.8600,3.228480
348.8800,2.796718
348.9000,2.557092
348.9200,2.724486
348.9400,2.686326
348.9600,2.878982
348.9800,3.172268
349.0000,2.912671
349.0200,2.469458
349.0400,1.774091
349.0600,0.949571
349.0800,0.613784
349.1000,0.470314
349.1200,0.378206
349.1400,0.813892
349.1600,0.891864
349.1800,0.589639
349.2000,0.384683
349.2200,0.347233
349.2400,0.341383
349.2600,0.309212
349.2800,0.352313
349.3000,0.318822
349.3200,0.464914
349.3400,0.695938
349.3600,0.837264
349.3800,0.820187
349.4000,0.786306
349.4200,1.180264
349.4400,0.844596
349.4600,0.557202
349.4800,0.714152
349.5000,1.060253
349.5200,1.947188
349.5400,2.016136
349.5600,2.104388
349.5800,1.725278
349.6000,1.354504
349.6200,1.353506
349.6400,1.649796
349.6600,2.584883
349.6800,2.873303
349.7000,3.600000
349.7200,3.600000
349.7400,3.600000
349.7600,3.600000
349.7800,3.600000
349.8000,3.464375
349.8200,2.718711
349.8400,1.488334
349.8600,0.848599
349.8800,0.480920
349.9000,0.318351
349.9200,0.399919
349.9400,0.644845
349.9600,0.447999
349.9800,0.339386
350.0000,0.124883
350.0200,0.097013
350.0400,0.139956
350.0600,0.133710
350.0800,0.320662
350.1000,0.242754
350.1200,0.156258
350.1400,0.230174
350.1600,0.191273
350.1800,0.101019
350.2000,0.099042
350.2200,0.223905
350.2400,0.209084
350.2600,0.162820
350.2800,0.262646
350.3000,0.300027
350.3200,0.677176
350.3400,1.084073
350.3600,1.444872
350.3800,1.380175
350.4000,1.523555
350.4200,1.024203
350.4400,1.007947
350.4600,1.213410
350.4800,1.201827
350.5000,0.828650
350.5200,0.660220
350.5400,0.953960
350.5600,1.464321
350.5800,1.749178
350.6000,2.079545
350.6200,2.343575
350.6400,2.034417
350.6600,1.705975
350.6800,1.441204
350.7000,1.295843
350.7200,0.790802
350.7400,0.982347
350.7600,1.731047
350.7800,2.682341
350.8000,2.843155
350.8200,2.228290
350.8400,1.604539
350.8600,1.082217
350.8800,1.593440
350.9000,2.478548
350.9200,2.009977
350.9400,1.155461
350.9600,0.823965
350.9800,0.528933
351.0000,0.302951
351.0200,0.177932
351.0400,0.153442
351.0600,0.172353
351.0800,0.202739
351.1000,0.231140
351.1200,0.507822
351.1400,0.659881
351.1600,1.304354
351.1800,1.042940
351.2000,0.690721
351.2200,0.763086
351.2400,1.236147
351.2600,1.517985
351.2800,1.392538
351.3000,1.293097
351.3200,1.717025
351.3400,2.634431
351.3600,3.228480
351.3800,2.796718
351.4000,2.557092
351.4200,2.724486
351.4400,2.686326
351.4600,2.878982
351.4800,3.172268
351.5000,2.912671
351.5200,2.469458
351.5400,1.774091
351.5600,0.949571
351.5800,0.613784
351.6000,0.470314
351.6200,0.378206
351.6400,0.813892
351.6600,0.891864
351.6800,0.589639
351.7000,0.384683
351.7200,0.347233
351.7400,0.341383
351.7600,0.309212
351.7800,0.352313
351.8000,0.318822
351.8200,0.464914
351.8400,0.695938
351.8600,0.837264
351.8800,0.820187
351.9000,0.786306
351.9200,1.180264
351.9400,0.844596
351.9600,0.557202
351.9800,0.714152
352.0000,1.060253
352.0200,1.947188
352.0400,2.016136
352.0600,2.104388
352.0800,1.725278
352.1000,1.354504
352.1200,1.353506
352.1400,1.649796
352.1600,2.584883
352.1800,2.873303
352.2000,3.600000
352.2200,3.600000
352.2400,3.600000
352.2600,3.600000
352.2800,3.600000
352.3000,3.464375
352.3200,2.718711
352.3400,1.488334
352.3600,0.848599
352.3800,0.480920
352.4000,0.318351
352.4200,0.399919
352.4400,0.644845
352.4600,0.447999
352.4800,0.339386
352.5000,0.124883
352.5200,0.097013
352.5400,0.139956
352.5600,0.133710
352.5800,0.320662
352.6000,0.242754
352.6200,0.156258
352.6400,0.230174
352.6600,0.191273
352.6800,0.101019
352.7000,0.099042
352.7200,0.223905
352.7400,0.209084
352.7600,0.162820
352.7800,0.262646
352.8000,0.300027
352.8200,0.677176
352.8400,1.084073
352.8600,1.444872
352.8800,1.380175
352.9000,1.523555
352.9200,1.024203
352.9400,1.007947
352.9600,1.213410
352.9800,1.201827
353.0000,0.828650
353.0200,0.660220
353.0400,0.953960
353.0600,1.464321
353.0800,1.749178
353.1000,2.079545
353.1200,2.343575
353.1400,2.034417
353.1600,1.705975
353.1800,1.441204
353.2000,1.295843
353.2200,0.790802
353.2400,0.982347
353.2600,1.731047
353.2800,2.682341
353.3000,2.843155
353.3200,2.228290
353.3400,1.604539
353.3600,1.082217
353.3800,1.593440
353.4000,2.478548
353.4200,2.009977
353.4400,1.155461
353.4600,0.823965
353.4800,0.528933
353.5000,0.302951
353.5200,0.177932
353.5400,0.153442
353.5600,0.172353
353.5800,0.202739
353.6000,0.231140
353.6200,0.507822
353.6400,0.659881
353.6600,1.304354
353.6800,1.042940
353.7000,0.690721
353.7200,0.763086
353.7400,1.236147
353.7600,1.517985
353.7800,1.392538
353.8000,1.293097
353.8200,1.717025
353.8400,2.634431
353.8600,3.228480
353.8800,2.796718
353.9000,2.557092
353.9200,2.724486
353.9400,2.686326
353.9600,2.878982
353.9800,3.172268
354.0000,2.912671
354.0200,2.469458
354.0400,1.774091
354.0600,0.949571
354.0800,0.613784
354.1000,0.470314
354.1200,0.378206
354.1400,0.813892
354.1600,0.891864
354.1800,0.589639
354.2000,0.384683
354.2200,0.347233
354.2400,0.341383
354.2600,0.309212
354.2800,0.352313
354.3000,0.318822
354.3200,0.464914
354.3400,0.695938
354.3600,0.837264
354.3800,0.820187
354.4000,0.786306
354.4200,1.180264
354.4400,0.844596
354.4600,0.557202
354.4800,0.714152
354.5000,1.060253
354.5200,1.947188
354.5400,2.016136
354.5600,2.104388
354.5800,1.725278
354.6000,1.354504
354.6200,1.353506
354.6400,1.649796
354.6600,2.584883
354.6800,2.873303
354.7000,3.600000
354.7200,3.600000
354.7400,3.600000
354.7600,3.600000
354.7800,3.600000
354.8000,3.464375
354.8200,2.718711
354.8400,1.488334
354.8600,0.848599
354.8800,0.480920
354.9000,0.318351
354.9200,0.399919
354.9400,0.644845
354.9600,0.447999
354.9800,0.339386
355.0000,0.124883
355.0200,0.097013
355.0400,0.139956
355.0600,0.133710
355.0800,0.320662
355.1000,0.242754
355.1200,0.156258
355.1400,0.230174
355.1600,0.191273
355.1800,0.101019
355.2000,0.099042
355.2200,0.223905
355.2400,0.209084
355.2600,0.162820
355.2800,0.262646
355.3000,0.300027
355.3200,0.677176
355.3400,1.084073
355.3600,1.444872
355.3800,1.380175
355.4000,1.523555
355.4200,1.024203
355.4400,1.007947
355.4600,1.213410
355.4800,1.201827
355.5000,0.828650
355.5200,0.660220
355.5400,0.953960
355.5600,1.464321
355.5800,1.749178
355.6000,2.079545
355.6200,2.343575
355.6400,2.034417
355.6600,1.705975
355.6800,1.441204
355.7000,1.295843
355.7200,0.790802
355.7400,0.982347
355.7600,1.731047
355.7800,2.682341
355.8000,2.843155
355.8200,2.228290
355.8400,1.604539
355.8600,1.082217
355.8800,1.593440
355.9000,2.478548
355.9200,2.009977
355.9400,1.155461
355.9600,0.823965
355.9800,0.528933
356.0000,0.302951
356.0200,0.177932
356.0400,0.153442
356.0600,0.172353
356.0800,0.202739
356.1000,0.231140
356.1200,0.507822
356.1400,0.659881
356.1600,1.304354
356.1800,1.042940
356.2000,0.690721
356.2200,0.763086
356.2400,1.236147
356.2600,1.517985
356.2800,1.392538
356.3000,1.293097
356.3200,1.717025
356.3400,2.634431
356.3600,3.228480
356.3800,2.796718
356.4000,2.557092
356.4200,2.724486
356.4400,2.686326
356.4600,2.878982
356.4800,3.172268
356.5000,2.912671
356.5200,2.469458
356.5400,1.774091
356.5600,0.949571
356.5800,0.613784
356.6000,0.470314
356.6200,0.378206
356.6400,0.813892
356.6600,0.891864
356.6800,0.589639
356.7000,0.384683
356.7200,0.347233
356.7400,0.341383
356.7600,0.309212
356.7800,0.352313
356.8000,0.318822
356.8200,0.464914
356.8400,0.695938
356.8600,0.837264
356.8800,0.820187
356.9000,0.786306
356.9200,1.180264
356.9400,0.844596
356.9600,0.557202
356.9800,0.714152
357.0000,1.060253
357.0200,1.947188
357.0400,2.016136
357.0600,2.104388
357.0800,1.725278
357.1000,1.354504
357.1200,1.353506
357.1400,1.649796
357.1600,2.584883
357.1800,2.873303
357.2000,3.600000
357.2200,3.600000
357.2400,3.600000
357.2600,3.600000
357.2800,3.600000
357.3000,3.464375
357.3200,2.718711
357.3400,1.488334
357.3600,0.848599
357.3800,0.480920
357.4000,0.318351
357.4200,0.399919
357.4400,0.644845
357.4600,0.447999
357.4800,0.339386
357.5000,0.124883
357.5200,0.097013
357.5400,0.139956
357.5600,0.133710
357.5800,0.320662
357.6000,0.242754
357.6200,0.156258
357.6400,0.230174
357.6600,0.191273
357.6800,0.101019
357.7000,0.099042
357.7200,0.223905
357.7400,0.209084
357.7600,0.162820
357.7800,0.262646
357.8000,0.300027
357.8200,0.677176
357.8400,1.084073
357.8600,1.444872
357.8800,1.380175
357.9000,1.523555
357.9200,1.024203
357.9400,1.007947
357.9600,1.213410
357.9800,1.201827
358.0000,0.828650
358.0200,0.660220
358.0400,0.953960
358.0600,1.464321
358.0800,1.749178
358.1000,2.079545
358.1200,2.343575
358.1400,2.034417
358.1600,1.705975
358.1800,1.441204
358.2000,1.295843
358.2200,0.790802
358.2400,0.982347
358.2600,1.731047
358.2800,2.682341
358.3000,2.843155
358.3200,2.228290
358.3400,1.604539
358.3600,1.082217
358.3800,1.593440
358.4000,2.478548
358.4200,2.009977
358.4400,1.155461
358.4600,0.823965
358.4800,0.528933
358.5000,0.302951
358.5200,0.177932
358.5400,0.153442
358.5600,0.172353
358.5800,0.202739
358.6000,0.231140
358.6200,0.507822
358.6400,0.659881
358.6600,1.304354
358.6800,1.042940
358.7000,0.690721
358.7200,0.763086
358.7400,1.236147
358.7600,1.517985
358.7800,1.392538
358.8000,1.293097
358.8200,1.717025
358.8400,2.634431
358.8600,3.228480
358.8800,2.796718
358.9000,2.557092
358.9200,2.724486
358.9400,2.686326
358.9600,2.878982
358.9800,3.172268
359.0000,2.912671
359.0200,2.469458
359.0400,1.774091
359.0600,0.949571
359.0800,0.613784
359.1000,0.470314
359.1200,0.378206
359.1400,0.813892
359.1600,0.891864
359.1800,0.589639
359.2000,0.384683
359.2200,0.347233
359.2400,0.341383
359.2600,0.309212
359.2800,0.352313
359.3000,0.318822
359.3200,0.464914
359.3400,0.695938
359.3600,0.837264
359.3800,0.820187
359.4000,0.786306
359.4200,1.180264
359.4400,0.844596
359.4600,0.557202
359.4800,0.714152
359.5000,1.060253
359.5200,1.947188
359.5400,2.016136
359.5600,2.104388
359.5800,1.725278
359.6000,1.354504
359.6200,1.353506
359.6400,1.649796
359.6600,2.584883
359.6800,2.873303
359.7000,3.600000
359.7200,3.600000
359.7400,3.600000
359.7600,3.600000
359.7800,3.600000
359.8000,3.464375
359.8200,2.718711
359.8400,1.488334
359.8600,0.848599
359.8800,0.480920
359.9000,0.318351
359.9200,0.399919
359.9400,0.644845
359.9600,0.447999
359.9800,0.339386
360.0000,0.124883
360.0200,0.097013
360.0400,0.139956
360.0600,0.133710
360.0800,0.320662
360.1000,0.242754
360.1200,0.156258
360.1400,0.230174
360.1600,0.191273
360.1800,0.101019
360.2000,0.099042
360.2200,0.223905
360.2400,0.209084
360.2600,0.162820
360.2800,0.262646
360.3000,0.300027
360.3200,0.677176
360.3400,1.084073
360.3600,1.444872
360.3800,1.380175
360.4000,1.523555
360.4200,1.024203
360.4400,1.007947
360.4600,1.213410
360.4800,1.201827
360.5000,0.828650
360.5200,0.660220
360.5400,0.953960
360.5600,1.464321
360.5800,1.749178
360.6000,2.079545
360.6200,2.343575
360.6400,2.034417
360.6600,1.705975
360.6800,1.441204
360.7000,1.295843
360.7200,0.790802
360.7400,0.982347
360.7600,1.731047
360.7800,2.682341
360.8000,2.843155
360.8200,2.228290
360.8400,1.604539
360.8600,1.082217
360.8800,1.593440
360.9000,2.478548
360.9200,2.009977
360.9400,1.155461
360.9600,0.823965
360.9800,0.528933
361.0000,0.302951
361.0200,0.177932
361.0400,0.153442
361.0600,0.172353
361.0800,0.202739
361.1000,0.231140
361.1200,0.507822
361.1400,0.659881
361.1600,1.304354
361.1800,1.042940
361.2000,0.690721
361.2200,0.763086
361.2400,1.236147
361.2600,1.517985
361.2800,1.392538
361.3000,1.293097
361.3200,1.717025
361.3400,2.634431
361.3600,3.228480
361.3800,2.796718
361.4000,2.557092
361.4200,2.724486
361.4400,2.686326
361.4600,2.878982
361.4800,3.172268
361.5000,2.912671
361.5200,2.469458
361.5400,1.774091
361.5600,0.949571
361.5800,0.613784
361.6000,0.470314
361.6200,0.378206
361.6400,0.813892
361.6600,0.891864
361.6800,0.589639
361.7000,0.384683
361.7200,0.347233
361.7400,0.341383
361.7600,0.309212
361.7800,0.352313
361.8000,0.318822
361.8200,0.464914
361.8400,0.695938
361.8600,0.837264
361.8800,0.820187
361.9000,0.786306
361.9200,1.180264
361.9400,0.844596
361.9600,0.557202
361.9800,0.714152
362.0000,1.060253
362.0200,1.947188
362.0400,2.016136
362.0600,2.104388
362.0800,1.725278
362.1000,1.354504
362.1200,1.353506
362.1400,1.649796
362.1600,2.584883
362.1800,2.873303
362.2000,3.600000
362.2200,3.600000
362.2400,3.600000
362.2600,3.600000
362.2800,3.600000
362.3000,3.464375
362.3200,2.718711
362.3400,1.488334
362.3600,0.848599
362.3800,0.480920
362.4000,0.318351
362.4200,0.399919
362.4400,0.644845
362.4600,0.447999
362.4800,0.339386
362.5000,0.124883
362.5200,0.097013
362.5400,0.139956
362.5600,0.133710
362.5800,0.320662
362.6000,0.242754
362.6200,0.156258
362.6400,0.230174
362.6600,0.191273
362.6800,0.101019
362.7000,0.099042
362.7200,0.223905
362.7400,0.209084
362.7600,0.162820
362.7800,0.262646
362.8000,0.300027
362.8200,0.677176
362.8400,1.084073
362.8600,1.444872
362.8800,1.380175
362.9000,1.523555
362.9200,1.024203
362.9400,1.007947
362.9600,1.213410
362.9800,1.201827
363.0000,0.828650
363.0200,0.660220
363.0400,0.953960
363.0600,1.464321
363.0800,1.749178
363.1000,2.079545
363.1200,2.343575
363.1400,2.034417
363.1600,1.705975
363.1800,1.441204
363.2000,1.295843
363.2200,0.790802
363.2400,0.982347
363.2600,1.731047
363.2800,2.682341
363.3000,2.843155
363.3200,2.228290
363.3400,1.604539
363.3600,1.082217
363.3800,1.593440
363.4000,2.478548
363.4200,2.009977
363.4400,1.155461
363.4600,0.823965
363.4800,0.528933
363.5000,0.302951
363.5200,0.177932
363.5400,0.153442
363.5600,0.172353
363.5800,0.202739
363.6000,0.231140
363.6200,0.507822
363.6400,0.659881
363.6600,1.304354
363.6800,1.042940
363.7000,0.690721
363.7200,0.763086
363.7400,1.236147
363.7600,1.517985
363.7800,1.392538
363.8000,1.293097
363.8200,1.717025
363.8400,2.634431
363.8600,3.228480
363.8800,2.796718
363.9000,2.557092
363.9200,2.724486
363.9400,2.686326
363.9600,2.878982
363.9800,3.172268
364.0000,2.912671
364.0200,2.469458
364.0400,1.774091
364.0600,0.949571
364.0800,0.613784
364.1000,0.470314
364.1200,0.378206
364.1400,0.813892
364.1600,0.891864
364.1800,0.589639
364.2000,0.384683
364.2200,0.347233
364.2400,0.341383
364.2600,0.309212
364.2800,0.352313
364.3000,0.318822
364.3200,0.464914
364.3400,0.695938
364.3600,0.837264
364.3800,0.820187
364.4000,0.786306
364.4200,1.180264
364.4400,0.844596
364.4600,0.557202
364.4800,0.714152
364.5000,1.060253
364.5200,1.947188
364.5400,2.016136
364.5600,2.104388
364.5800,1.725278
364.6000,1.354504
364.6200,1.353506
364.6400,1.649796
364.6600,2.584883
364.6800,2.873303
364.7000,3.600000
364.7200,3.600000
364.7400,3.600000
364.7600,3.600000
364.7800,3.600000
364.8000,3.464375
364.8200,2.718711
364.8400,1.488334
364.8600,0.848599
364.8800,0.480920
364.9000,0.318351
364.9200,0.399919
364.9400,0.644845
364.9600,0.447999
364.9800,0.339386
365.0000,0.124883
365.0200,0.097013
365.0400,0.139956
365.0600,0.133710
365.0800,0.320662
365.1000,0.242754
365.1200,0.156258
365.1400,0.230174
365.1600,0.191273
365.1800,0.101019
365.2000,0.099042
365.2200,0.223905
365.2400,0.209084
365.2600,0.162820
365.2800,0.262646
365.3000,0.300027
365.3200,0.677176
365.3400,1.084073
365.3600,1.444872
365.3800,1.380175
365.4000,1.523555
365.4200,1.024203
365.4400,1.007947
365.4600,1.213410
365.4800,1.201827
365.5000,0.828650
365.5200,0.660220
365.5400,0.953960
365.5600,1.464321
365.5800,1.749178
365.6000,2.079545
365.6200,2.343575
365.6400,2.034417
365.6600,1.705975
365.6800,1.441204
365.7000,1.295843
365.7200,0.790802
365.7400,0.982347
365.7600,1.731047
365.7800,2.682341
365.8000,2.843155
365.8200,2.228290
365.8400,1.604539
365.8600,1.082217
365.8800,1.593440
365.9000,2.478548
365.9200,2.009977
365.9400,1.155461
365.9600,0.823965
365.9800,0.528933
366.0000,0.302951
366.0200,0.177932
366.0400,0.153442
366.0600,0.172353
366.0800,0.202739
366.1000,0.231140
366.1200,0.507822
366.1400,0.659881
366.1600,1.304354
366.1800,1.042940
366.2000,0.690721
366.2200,0.763086
366.2400,1.236147
366.2600,1.517985
366.2800,1.392538
366.3000,1.293097
366.3200,1.717025
366.3400,2.634431
366.3600,3.228480
366.3800,2.796718
366.4000,2.557092
366.4200,2.724486
366.4400,2.686326
366.4600,2.878982
366.4800,3.172268
366.5000,2.912671
366.5200,2.469458
366.5400,1.774091
366.5600,0.949571
366.5800,0.613784
366.6000,0.470314
366.6200,0.378206
366.6400,0.813892
366.6600,0.891864
366.6800,0.589639
366.7000,0.384683
366.7200,0.347233
366.7400,0.341383
366.7600,0.309212
366.7800,0.352313
366.8000,0.318822
366.8200,0.464914
366.8400,0.695938
366.8600,0.837264
366.8800,0.820187
366.9000,0.786306
366.9200,1.180264
366.9400,0.844596
366.9600,0.557202
366.9800,0.714152
367.0000,1.060253
367.0200,1.947188
367.0400,2.016136
367.0600,2.104388
367.0800,1.725278
367.1000,1.354504
367.1200,1.353506
367.1400,1.649796
367.1600,2.584883
367.1800,2.873303
367.2000,3.600000
367.2200,3.600000
367.2400,3.600000
367.2600,3.600000
367.2800,3.600000
367.3000,3.464375
367.3200,2.718711
367.3400,1.488334
367.3600,0.848599
367.3800,0.480920
367.4000,0.318351
367.4200,0.399919
367.4400,0.644845
367.4600,0.447999
367.4800,0.339386
367.5000,0.124883
367.5200,0.097013
367.5400,0.139956
367.5600,0.133710
367.5800,0.320662
367.6000,0.242754
367.6200,0.156258
367.6400,0.230174
367.6600,0.191273
367.6800,0.101019
367.7000,0.099042
367.7200,0.223905
367.7400,0.209084
367.7600,0.162820
367.7800,0.262646
367.8000,0.300027
367.8200,0.677176
367.8400,1.084073
367.8600,1.444872
367.8800,1.380175
367.9000,1.523555
367.9200,1.024203
367.9400,1.007947
367.9600,1.213410
367.9800,1.201827
368.0000,0.828650
368.0200,0.660220
368.0400,0.953960
368.0600,1.464321
368.0800,1.749178
368.1000,2.079545
368.1200,2.343575
368.1400,2.034417
368.1600,1.705975
368.1800,1.441204
368.2000,1.295843
368.2200,0.790802
368.2400,0.982347
368.2600,1.731047
368.2800,2.682341
368.3000,2.843155
368.3200,2.228290
368.3400,1.604539
368.3600,1.082217
368.3800,1.593440
368.4000,2.478548
368.4200,2.009977
368.4400,1.155461
368.4600,0.823965
368.4800,0.528933
368.5000,0.302951
368.5200,0.177932
368.5400,0.153442
368.5600,0.172353
368.5800,0.202739
368.6000,0.231140
368.6200,0.507822
368.6400,0.659881
368.6600,1.304354
368.6800,1.042940
368.7000,0.690721
368.7200,0.763086
368.7400,1.236147
368.7600,1.517985
368.7800,1.392538
368.8000,1.293097
368.8200,1.717025
368.8400,2.634431
368.8600,3.228480
368.8800,2.796718
368.9000,2.557092
368.9200,2.724486
368.9400,2.686326
368.9600,2.878982
368.9800,3.172268
369.0000,2.912671
369.0200,2.469458
369.0400,1.774091
369.0600,0.949571
369.0800,0.613784
369.1000,0.470314
369.1200,0.378206
369.1400,0.813892
369.1600,0.891864
369.1800,0.589639
369.2000,0.384683
369.2200,0.347233
369.2400,0.341383
369.2600,0.309212
369.2800,0.352313
369.3000,0.318822
369.3200,0.464914
369.3400,0.695938
369.3600,0.837264
369.3800,0.820187
369.4000,0.786306
369.4200,1.180264
369.4400,0.844596
369.4600,0.557202
369.4800,0.714152
369.5000,1.060253
369.5200,1.947188
369.5400,2.016136
369.5600,2.104388
369.5800,1.725278
369.6000,1.354504
369.6200,1.353506
369.6400,1.649796
369.6600,2.584883
369.6800,2.873303
369.7000,3.600000
369.7200,3.600000
369.7400,3.600000
369.7600,3.600000
369.7800,3.600000
369.8000,3.464375
369.8200,2.718711
369.8400,1.488334
369.8600,0.848599
369.8800,0.480920
369.9000,0.318351
369.9200,0.399919
369.9400,0.644845
369.9600,0.447999
369.9800,0.339386
370.0000,0.124883
370.0200,0.097013
370.0400,0.139956
370.0600,0.133710
370.0800,0.320662
370.1000,0.242754
370.1200,0.156258
370.1400,0.230174
370.1600,0.191273
370.1800,0.101019
370.2000,0.099042
370.2200,0.223905
370.2400,0.209084
370.2600,0.162820
370.2800,0.262646
370.3000,0.300027
370.3200,0.677176
370.3400,1.084073
370.3600,1.444872
370.3800,1.380175
370.4000,1.523555
370.4200,1.024203
370.4400,1.007947
370.4600,1.213410
370.4800,1.201827
370.5000,0.828650
370.5200,0.660220
370.5400,0.953960
370.5600,1.464321
370.5800,1.749178
370.6000,2.079545
370.6200,2.343575
370.6400,2.034417
370.6600,1.705975
370.6800,1.441204
370.7000,1.295843
370.7200,0.790802
370.7400,0.982347
370.7600,1.731047
370.7800,2.682341
370.8000,2.843155
370.8200,2.228290
370.8400,1.604539
370.8600,1.082217
370.8800,1.593440
370.9000,2.478548
370.9200,2.009977
370.9400,1.155461
370.9600,0.823965
370.9800,0.528933
371.0000,0.302951
371.0200,0.177932
371.0400,0.153442
371.0600,0.172353
371.0800,0.202739
371.1000,0.231140
371.1200,0.507822
371.1400,0.659881
371.1600,1.304354
371.1800,1.042940
371.2000,0.690721
371.2200,0.763086
371.2400,1.236147
371.2600,1.517985
371.2800,1.392538
371.3000,1.293097
371.3200,1.717025
371.3400,2.634431
371.3600,3.228480
371.3800,2.796718
371.4000,2.557092
371.4200,2.724486
371.4400,2.686326
371.4600,2.878982
371.4800,3.172268
371.5000,2.912671
371.5200,2.469458
371.5400,1.774091
371.5600,0.949571
371.5800,0.613784
371.6000,0.470314
371.6200,0.378206
371.6400,0.813892
371.6600,0.891864
371.6800,0.589639
371.7000,0.384683
371.7200,0.347233
371.7400,0.341383
371.7600,0.309212
371.7800,0.352313
371.8000,0.318822
371.8200,0.464914
371.8400,0.695938
371.8600,0.837264
371.8800,0.820187
371.9000,0.786306
371.9200,1.180264
371.9400,0.844596
371.9600,0.557202
371.9800,0.714152
372.0000,1.060253
372.0200,1.947188
372.0400,2.016136
372.0600,2.104388
372.0800,1.725278
372.1000,1.354504
372.1200,1.353506
372.1400,1.649796
372.1600,2.584883
372.1800,2.873303
372.2000,3.600000
372.2200,3.600000
372.2400,3.600000
372.2600,3.600000
372.2800,3.600000
372.3000,3.464375
372.3200,2.718711
372.3400,1.488334
372.3600,0.848599
372.3800,0.480920
372.4000,0.318351
372.4200,0.399919
372.4400,0.644845
372.4600,0.447999
372.4800,0.339386
372.5000,0.124883
372.5200,0.097013
372.5400,0.139956
372.5600,0.133710
372.5800,0.320662
372.6000,0.242754
372.6200,0.156258
372.6400,0.230174
372.6600,0.191273
372.6800,0.101019
372.7000,0.099042
372.7200,0.223905
372.7400,0.209084
372.7600,0.162820
372.7800,0.262646
372.8000,0.300027
372.8200,0.677176
372.8400,1.084073
372.8600,1.444872
372.8800,1.380175
372.9000,1.523555
372.9200,1.024203
372.9400,1.007947
372.9600,1.213410
372.9800,1.201827
373.0000,0.828650
373.0200,0.660220
373.0400,0.953960
373.0600,1.464321
373.0800,1.749178
373.1000,2.079545
373.1200,2.343575
373.1400,2.034417
373.1600,1.705975
373.1800,1.441204
373.2000,1.295843
373.2200,0.790802
373.2400,0.982347
373.2600,1.731047
373.2800,2.682341
373.3000,2.843155
373.3200,2.228290
373.3400,1.604539
373.3600,1.082217
373.3800,1.593440
373.4000,2.478548
373.4200,2.009977
373.4400,1.155461
373.4600,0.823965
373.4800,0.528933
373.5000,0.302951
373.5200,0.177932
373.5400,0.153442
373.5600,0.172353
373.5800,0.202739
373.6000,0.231140
373.6200,0.507822
373.6400,0.659881
373.6600,1.304354
373.6800,1.042940
373.7000,0.690721
373.7200,0.763086
373.7400,1.236147
373.7600,1.517985
373.7800,1.392538
373.8000,1.293097
373.8200,1.717025
373.8400,2.634431
373.8600,3.228480
373.8800,2.796718
373.9000,2.557092
373.9200,2.724486
373.9400,2.686326
373.9600,2.878982
373.9800,3.172268
374.0000,2.912671
374.0200,2.469458
374.0400,1.774091
374.0600,0.949571
374.0800,0.613784
374.1000,0.470314
374.1200,0.378206
374.1400,0.813892
374.1600,0.891864
374.1800,0.589639
374.2000,0.384683
374.2200,0.347233
374.2400,0.341383
374.2600,0.309212
374.2800,0.352313
374.3000,0.318822
374.3200,0.464914
374.3400,0.695938
374.3600,0.837264
374.3800,0.820187
374.4000,0.786306
374.4200,1.180264
374.4400,0.844596
374.4600,0.557202
374.4800,0.714152
374.5000,1.060253
374.5200,1.947188
374.5400,2.016136
374.5600,2.104388
374.5800,1.725278
374.6000,1.354504
374.6200,1.353506
374.6400,1.649796
374.6600,2.584883
374.6800,2.873303
374.7000,3.600000
374.7200,3.600000
374.7400,3.600000
374.7600,3.600000
374.7800,3.600000
374.8000,3.464375
374.8200,2.718711
374.8400,1.488334
374.8600,0.848599
374.8800,0.480920
374.9000,0.318351
374.9200,0.399919
374.9400,0.644845
374.9600,0.447999
374.9800,0.339386
375.0000,0.124883
375.0200,0.097013
375.0400,0.139956
375.0600,0.133710
375.0800,0.320662
375.1000,0.242754
375.1200,0.156258
375.1400,0.230174
375.1600,0.191273
375.1800,0.101019
375.2000,0.099042
375.2200,0.223905
375.2400,0.209084
375.2600,0.162820
375.2800,0.262646
375.3000,0.300027
375.3200,0.677176
375.3400,1.084073
375.3600,1.444872
375.3800,1.380175
375.4000,1.523555
375.4200,1.024203
375.4400,1.007947
375.4600,1.213410
375.4800,1.201827
375.5000,0.828650
375.5200,0.660220
375.5400,0.953960
375.5600,1.464321
375.5800,1.749178
375.6000,2.079545
375.6200,2.343575
375.6400,2.034417
375.6600,1.705975
375.6800,1.441204
375.7000,1.295843
375.7200,0.790802
375.7400,0.982347
375.7600,1.731047
375.7800,2.682341
375.8000,2.843155
375.8200,2.228290
375.8400,1.604539
375.8600,1.082217
375.8800,1.593440
375.9000,2.478548
375.9200,2.009977
375.9400,1.155461
375.9600,0.823965
375.9800,0.528933
376.0000,0.302951
376.0200,0.177932
376.0400,0.153442
376.0600,0.172353
376.0800,0.202739
376.1000,0.231140
376.1200,0.507822
376.1400,0.659881
376.1600,1.304354
376.1800,1.042940
376.2000,0.690721
376.2200,0.763086
376.2400,1.236147
376.2600,1.517985
376.2800,1.392538
376.3000,1.293097
376.3200,1.717025
376.3400,2.634431
376.3600,3.228480
376.3800,2.796718
376.4000,2.557092
376.4200,2.724486
376.4400,2.686326
376.4600,2.878982
376.4800,3.172268
376.5000,2.912671
376.5200,2.469458
376.5400,1.774091
376.5600,0.949571
376.5800,0.613784
376.6000,0.470314
376.6200,0.378206
376.6400,0.813892
376.6600,0.891864
376.6800,0.589639
376.7000,0.384683
376.7200,0.347233
376.7400,0.341383
376.7600,0.309212
376.7800,0.352313
376.8000,0.318822
376.8200,0.464914
376.8400,0.695938
376.8600,0.837264
376.8800,0.820187
376.9000,0.786306
376.9200,1.180264
376.9400,0.844596
376.9600,0.557202
376.9800,0.714152
377.0000,1.060253
377.0200,1.947188
377.0400,2.016136
377.0600,2.104388
377.0800,1.725278
377.1000,1.354504
377.1200,1.353506
377.1400,1.649796
377.1600,2.584883
377.1800,2.873303
377.2000,3.600000
377.2200,3.600000
377.2400,3.600000
377.2600,3.600000
377.2800,3.600000
377.3000,3.464375
377.3200,2.718711
377.3400,1.488334
377.3600,0.848599
377.3800,0.480920
377.4000,0.318351
377.4200,0.399919
377.4400,0.644845
377.4600,0.447999
377.4800,0.339386
377.5000,0.124883
377.5200,0.097013
377.5400,0.139956
377.5600,0.133710
377.5800,0.320662
377.6000,0.242754
377.6200,0.156258
377.6400,0.230174
377.6600,0.191273
377.6800,0.101019
377.7000,0.099042
377.7200,0.223905
377.7400,0.209084
377.7600,0.162820
377.7800,0.262646
377.8000,0.300027
377.8200,0.677176
377.8400,1.084073
377.8600,1.444872
377.8800,1.380175
377.9000,1.523555
377.9200,1.024203
377.9400,1.007947
377.9600,1.213410
377.9800,1.201827
378.0000,0.828650
378.0200,0.660220
378.0400,0.953960
378.0600,1.464321
378.0800,1.749178
378.1000,2.079545
378.1200,2.343575
378.1400,2.034417
378.1600,1.705975
378.1800,1.441204
378.2000,1.295843
378.2200,0.790802
378.2400,0.982347
378.2600,1.731047
378.2800,2.682341
378.3000,2.843155
378.3200,2.228290
378.3400,1.604539
378.3600,1.082217
378.3800,1.593440
378.4000,2.478548
378.4200,2.009977
378.4400,1.155461
378.4600,0.823965
378.4800,0.528933
378.5000,0.302951
378.5200,0.177932
378.5400,0.153442
378.5600,0.172353
378.5800,0.202739
378.6000,0.231140
378.6200,0.507822
378.6400,0.659881
378.6600,1.304354
378.6800,1.042940
378.7000,0.690721
378.7200,0.763086
378.7400,1.236147
378.7600,1.517985
378.7800,1.392538
378.8000,1.293097
378.8200,1.717025
378.8400,2.634431
378.8600,3.228480
378.8800,2.796718
378.9000,2.557092
378.9200,2.724486
378.9400,2.686326
378.9600,2.878982
378.9800,3.172268
379.0000,2.912671
379.0200,2.469458
379.0400,1.774091
379.0600,0.949571
379.0800,0.613784
379.1000,0.470314
379.1200,0.378206
379.1400,0.813892
379.1600,0.891864
379.1800,0.589639
379.2000,0.384683
379.2200,0.347233
379.2400,0.341383
379.2600,0.309212
379.2800,0.352313
379.3000,0.318822
379.3200,0.464914
379.3400,0.695938
379.3600,0.837264
379.3800,0.820187
379.4000,0.786306
379.4200,1.180264
379.4400,0.844596
379.4600,0.557202
379.4800,0.714152
379.5000,1.060253
379.5200,1.947188
379.5400,2.016136
379.5600,2.104388
379.5800,1.725278
379.6000,1.354504
379.6200,1.353506
379.6400,1.649796
379.6600,2.584883
379.6800,2.873303
379.7000,3.600000
379.7200,3.600000
379.7400,3.600000
379.7600,3.600000
379.7800,3.600000
379.8000,3.464375
379.8200,2.718711
379.8400,1.488334
379.8600,0.848599
379.8800,0.480920
379.9000,0.318351
379.9200,0.399919
379.9400,0.644845
379.9600,0.447999
379.9800,0.339386
380.0000,0.124883
380.0200,0.097013
380.0400,0.139956
380.0600,0.133710
380.0800,0.320662
380.1000,0.242754
380.1200,0.156258
380.1400,0.230174
380.1600,0.191273
380.1800,0.101019
380.2000,0.099042
380.2200,0.223905
380.2400,0.209084
380.2600,0.162820
380.2800,0.262646
380.3000,0.300027
380.3200,0.677176
380.3400,1.084073
380.3600,1.444872
380.3800,1.380175
380.4000,1.523555
380.4200,1.024203
380.4400,1.007947
380.4600,1.213410
380.4800,1.201827
380.5000,0.828650
380.5200,0.660220
380.5400,0.953960
380.5600,1.464321
380.5800,1.749178
380.6000,2.079545
380.6200,2.343575
380.6400,2.034417
380.6600,1.705975
380.6800,1.441204
380.7000,1.295843
380.7200,0.790802
380.7400,0.982347
380.7600,1.731047
380.7800,2.682341
380.8000,2.843155
380.8200,2.228290
380.8400,1.604539
380.8600,1.082217
380.8800,1.593440
380.9000,2.478548
380.9200,2.009977
380.9400,1.155461
380.9600,0.823965
380.9800,0.528933
381.0000,0.302951
381.0200,0.177932
381.0400,0.153442
381.0600,0.172353
381.0800,0.202739
381.1000,0.231140
381.1200,0.507822
381.1400,0.659881
381.1600,1.304354
381.1800,1.042940
381.2000,0.690721
381.2200,0.763086
381.2400,1.236147
381.2600,1.517985
381.2800,1.392538
381.3000,1.293097
381.3200,1.717025
381.3400,2.634431
381.3600,3.228480
381.3800,2.796718
381.4000,2.557092
381.4200,2.724486
381.4400,2.686326
381.4600,2.878982
381.4800,3.172268
381.5000,2.912671
381.5200,2.469458
381.5400,1.774091
381.5600,0.949571
381.5800,0.613784
381.6000,0.470314
381.6200,0.378206
381.6400,0.813892
381.6600,0.891864
381.6800,0.589639
381.7000,0.384683
381.7200,0.347233
381.7400,0.341383
381.7600,0.309212
381.7800,0.352313
381.8000,0.318822
381.8200,0.464914
381.8400,0.695938
381.8600,0.837264
381.8800,0.820187
381.9000,0.786306
381.9200,1.180264
381.9400,0.844596
381.9600,0.557202
381.9800,0.714152
382.0000,1.060253
382.0200,1.947188
382.0400,2.016136
382.0600,2.104388
382.0800,1.725278
382.1000,1.354504
382.1200,1.353506
382.1400,1.649796
382.1600,2.584883
382.1800,2.873303
382.2000,3.600000
382.2200,3.600000
382.2400,3.600000
382.2600,3.600000
382.2800,3.600000
382.3000,3.464375
382.3200,2.718711
382.3400,1.488334
382.3600,0.848599
382.3800,0.480920
382.4000,0.318351
382.4200,0.399919
382.4400,0.644845
382.4600,0.447999
382.4800,0.339386
382.5000,0.124883
382.5200,0.097013
382.5400,0.139956
382.5600,0.133710
382.5800,0.320662
382.6000,0.242754
382.6200,0.156258
382.6400,0.230174
382.6600,0.191273
382.6800,0.101019
382.7000,0.099042
382.7200,0.223905
382.7400,0.209084
382.7600,0.162820
382.7800,0.262646
382.8000,0.300027
382.8200,0.677176
382.8400,1.084073
382.8600,1.444872
382.8800,1.380175
382.9000,1.523555
382.9200,1.024203
382.9400,1.007947
382.9600,1.213410
382.9800,1.201827
383.0000,0.828650
383.0200,0.660220
383.0400,0.953960
383.0600,1.464321
383.0800,1.749178
383.1000,2.079545
383.1200,2.343575
383.1400,2.034417
383.1600,1.705975
383.1800,1.441204
383.2000,1.295843
383.2200,0.790802
383.2400,0.982347
383.2600,1.731047
383.2800,2.682341
383.3000,2.843155
383.3200,2.228290
383.3400,1.604539
383.3600,1.082217
383.3800,1.593440
383.4000,2.478548
383.4200,2.009977
383.4400,1.155461
383.4600,0.823965
383.4800,0.528933
383.5000,0.302951
383.5200,0.177932
383.5400,0.153442
383.5600,0.172353
383.5800,0.202739
383.6000,0.231140
383.6200,0.507822
383.6400,0.659881
383.6600,1.304354
383.6800,1.042940
383.7000,0.690721
383.7200,0.763086
383.7400,1.236147
383.7600,1.517985
383.7800,1.392538
383.8000,1.293097
383.8200,1.717025
383.8400,2.634431
383.8600,3.228480
383.8800,2.796718
383.9000,2.557092
383.9200,2.724486
383.9400,2.686326
383.9600,2.878982
383.9800,3.172268
384.0000,2.912671
384.0200,2.469458
384.0400,1.774091
384.0600,0.949571
384.0800,0.613784
384.1000,0.470314
384.1200,0.378206
384.1400,0.813892
384.1600,0.891864
384.1800,0.589639
384.2000,0.384683
384.2200,0.347233
384.2400,0.341383
384.2600,0.309212
384.2800,0.352313
384.3000,0.318822
384.3200,0.464914
384.3400,0.695938
384.3600,0.837264
384.3800,0.820187
384.4000,0.786306
384.4200,1.180264
384.4400,0.844596
384.4600,0.557202
384.4800,0.714152
384.5000,1.060253
384.5200,1.947188
384.5400,2.016136
384.5600,2.104388
384.5800,1.725278
384.6000,1.354504
384.6200,1.353506
384.6400,1.649796
384.6600,2.584883
384.6800,2.873303
384.7000,3.600000
384.7200,3.600000
384.7400,3.600000
384.7600,3.600000
384.7800,3.600000
384.8000,3.464375
384.8200,2.718711
384.8400,1.488334
384.8600,0.848599
384.8800,0.480920
384.9000,0.318351
384.9200,0.399919
384.9400,0.644845
384.9600,0.447999
384.9800,0.339386
385.0000,0.124883
385.0200,0.097013
385.0400,0.139956
385.0600,0.133710
385.0800,0.320662
385.1000,0.242754
385.1200,0.156258
385.1400,0.230174
385.1600,0.191273
385.1800,0.101019
385.2000,0.099042
385.2200,0.223905
385.2400,0.209084
385.2600,0.162820
385.2800,0.262646
385.3000,0.300027
385.3200,0.677176
385.3400,1.084073
385.3600,1.444872
385.3800,1.380175
385.4000,1.523555
385.4200,1.024203
385.4400,1.007947
385.4600,1.213410
385.4800,1.201827
385.5000,0.828650
385.5200,0.660220
385.5400,0.953960
385.5600,1.464321
385.5800,1.749178
385.6000,2.079545
385.6200,2.343575
385.6400,2.034417
385.6600,1.705975
385.6800,1.441204
385.7000,1.295843
385.7200,0.790802
385.7400,0.982347
385.7600,1.731047
385.7800,2.682341
385.8000,2.843155
385.8200,2.228290
385.8400,1.604539
385.8600,1.082217
385.8800,1.593440
385.9000,2.478548
385.9200,2.009977
385.9400,1.155461
385.9600,0.823965
385.9800,0.528933
386.0000,0.302951
386.0200,0.177932
386.0400,0.153442
386.0600,0.172353
386.0800,0.202739
386.1000,0.231140
386.1200,0.507822
386.1400,0.659881
386.1600,1.304354
386.1800,1.042940
386.2000,0.690721
386.2200,0.763086
386.2400,1.236147
386.2600,1.517985
386.2800,1.392538
386.3000,1.293097
386.3200,1.717025
386.3400,2.634431
386.3600,3.228480
386.3800,2.796718
386.4000,2.557092
386.4200,2.724486
386.4400,2.686326
386.4600,2.878982
386.4800,3.172268
386.5000,2.912671
386.5200,2.469458
386.5400,1.774091
386.5600,0.949571
386.5800,0.613784
386.6000,0.470314
386.6200,0.378206
386.6400,0.813892
386.6600,0.891864
386.6800,0.589639
386.7000,0.384683
386.7200,0.347233
386.7400,0.341383
386.7600,0.309212
386.7800,0.352313
386.8000,0.318822
386.8200,0.464914
386.8400,0.695938
386.8600,0.837264
386.8800,0.820187
386.9000,0.786306
386.9200,1.180264
386.9400,0.844596
386.9600,0.557202
386.9800,0.714152
387.0000,1.060253
387.0200,1.947188
387.0400,2.016136
387.0600,2.104388
387.0800,1.725278
387.1000,1.354504
387.1200,1.353506
387.1400,1.649796
387.1600,2.584883
387.1800,2.873303
387.2000,3.600000
387.2200,3.600000
387.2400,3.600000
387.2600,3.600000
387.2800,3.600000
387.3000,3.464375
387.3200,2.718711
387.3400,1.488334
387.3600,0.848599
387.3800,0.480920
387.4000,0.318351
387.4200,0.399919
387.4400,0.644845
387.4600,0.447999
387.4800,0.339386
387.5000,0.124883
387.5200,0.097013
387.5400,0.139956
387.5600,0.133710
387.5800,0.320662
387.6000,0.242754
387.6200,0.156258
387.6400,0.230174
387.6600,0.191273
387.6800,0.101019
387.7000,0.099042
387.7200,0.223905
387.7400,0.209084
387.7600,0.162820
387.7800,0.262646
387.8000,0.300027
387.8200,0.677176
387.8400,1.084073
387.8600,1.444872
387.8800,1.380175
387.9000,1.523555
387.9200,1.024203
387.9400,1.007947
387.9600,1.213410
387.9800,1.201827
388.0000,0.828650
388.0200,0.660220
388.0400,0.953960
388.0600,1.464321
388.0800,1.749178
388.1000,2.079545
388.1200,2.343575
388.1400,2.034417
388.1600,1.705975
388.1800,1.441204
388.2000,1.295843
388.2200,0.790802
388.2400,0.982347
388.2600,1.731047
388.2800,2.682341
388.3000,2.843155
388.3200,2.228290
388.3400,1.604539
388.3600,1.082217
388.3800,1.593440
388.4000,2.478548
388.4200,2.009977
388.4400,1.155461
388.4600,0.823965
388.4800,0.528933
388.5000,0.302951
388.5200,0.177932
388.5400,0.153442
388.5600,0.172353
388.5800,0.202739
388.6000,0.231140
388.6200,0.507822
388.6400,0.659881
388.6600,1.304354
388.6800,1.042940
388.7000,0.690721
388.7200,0.763086
388.7400,1.236147
388.7600,1.517985
388.7800,1.392538
388.8000,1.293097
388.8200,1.717025
388.8400,2.634431
388.8600,3.228480
388.8800,2.796718
388.9000,2.557092
388.9200,2.724486
388.9400,2.686326
388.9600,2.878982
388.9800,3.172268
389.0000,2.912671
389.0200,2.469458
389.0400,1.774091
389.0600,0.949571
389.0800,0.613784
389.1000,0.470314
389.1200,0.378206
389.1400,0.813892
389.1600,0.891864
389.1800,0.589639
389.2000,0.384683
389.2200,0.347233
389.2400,0.341383
389.2600,0.309212
389.2800,0.352313
389.3000,0.318822
389.3200,0.464914
389.3400,0.695938
389.3600,0.837264
389.3800,0.820187
389.4000,0.786306
389.4200,1.180264
389.4400,0.844596
389.4600,0.557202
389.4800,0.714152
389.5000,1.060253
389.5200,1.947188
389.5400,2.016136
389.5600,2.104388
389.5800,1.725278
389.6000,1.354504
389.6200,1.353506
389.6400,1.649796
389.6600,2.584883
389.6800,2.873303
389.7000,3.600000
389.7200,3.600000
389.7400,3.600000
389.7600,3.600000
389.7800,3.600000
389.8000,3.464375
389.8200,2.718711
389.8400,1.488334
389.8600,0.848599
389.8800,0.480920
389.9000,0.318351
389.9200,0.399919
389.9400,0.644845
389.9600,0.447999
389.9800,0.339386
390.0000,0.124883
390.0200,0.097013
390.0400,0.139956
390.0600,0.133710
390.0800,0.320662
390.1000,0.242754
390.1200,0.156258
390.1400,0.230174
390.1600,0.191273
390.1800,0.101019
390.2000,0.099042
390.2200,0.223905
390.2400,0.209084
390.2600,0.162820
390.2800,0.262646
390.3000,0.300027
390.3200,0.677176
390.3400,1.084073
390.3600,1.444872
390.3800,1.380175
390.4000,1.523555
390.4200,1.024203
390.4400,1.007947
390.4600,1.213410
390.4800,1.201827
390.5000,0.828650
390.5200,0.660220
390.5400,0.953960
390.5600,1.464321
390.5800,1.749178
390.6000,2.079545
390.6200,2.343575
390.6400,2.034417
390.6600,1.705975
390.6800,1.441204
390.7000,1.295843
390.7200,0.790802
390.7400,0.982347
390.7600,1.731047
390.7800,2.682341
390.8000,2.843155
390.8200,2.228290
390.8400,1.604539
390.8600,1.082217
390.8800,1.593440
390.9000,2.478548
390.9200,2.009977
390.9400,1.155461
390.9600,0.823965
390.9800,0.528933
391.0000,0.302951
391.0200,0.177932
391.0400,0.153442
391.0600,0.172353
391.0800,0.202739
391.1000,0.231140
391.1200,0.507822
391.1400,0.659881
391.1600,1.304354
391.1800,1.042940
391.2000,0.690721
391.2200,0.763086
391.2400,1.236147
391.2600,1.517985
391.2800,1.392538
391.3000,1.293097
391.3200,1.717025
391.3400,2.634431
391.3600,3.228480
391.3800,2.796718
391.4000,2.557092
391.4200,2.724486
391.4400,2.686326
391.4600,2.878982
391.4800,3.172268
391.5000,2.912671
391.5200,2.469458
391.5400,1.774091
391.5600,0.949571
391.5800,0.613784
391.6000,0.470314
391.6200,0.378206
391.6400,0.813892
391.6600,0.891864
391.6800,0.589639
391.7000,0.384683
391.7200,0.347233
391.7400,0.341383
391.7600,0.309212
391.7800,0.352313
391.8000,0.318822
391.8200,0.464914
391.8400,0.695938
391.8600,0.837264
391.8800,0.820187
391.9000,0.786306
391.9200,1.180264
391.9400,0.844596
391.9600,0.557202
391.9800,0.714152
392.0000,1.060253
392.0200,1.947188
392.0400,2.016136
392.0600,2.104388
392.0800,1.725278
392.1000,1.354504
392.1200,1.353506
392.1400,1.649796
392.1600,2.584883
392.1800,2.873303
392.2000,3.600000
392.2200,3.600000
392.2400,3.600000
392.2600,3.600000
392.2800,3.600000
392.3000,3.464375
392.3200,2.718711
392.3400,1.488334
392.3600,0.848599
392.3800,0.480920
392.4000,0.318351
392.4200,0.399919
392.4400,0.644845
392.4600,0.447999
392.4800,0.339386
392.5000,0.124883
392.5200,0.097013
392.5400,0.139956
392.5600,0.133710
392.5800,0.320662
392.6000,0.242754
392.6200,0.156258
392.6400,0.230174
392.6600,0.191273
392.6800,0.101019
392.7000,0.099042
392.7200,0.223905
392.7400,0.209084
392.7600,0.162820
392.7800,0.262646
392.8000,0.300027
392.8200,0.677176
392.8400,1.084073
392.8600,1.444872
392.8800,1.380175
392.9000,1.523555
392.9200,1.024203
392.9400,1.007947
392.9600,1.213410
392.9800,1.201827
393.0000,0.828650
393.0200,0.660220
393.0400,0.953960
393.0600,1.464321
393.0800,1.749178
393.1000,2.079545
393.1200,2.343575
393.1400,2.034417
393.1600,1.705975
393.1800,1.441204
393.2000,1.295843
393.2200,0.790802
393.2400,0.982347
393.2600,1.731047
393.2800,2.682341
393.3000,2.843155
393.3200,2.228290
393.3400,1.604539
393.3600,1.082217
393.3800,1.593440
393.4000,2.478548
393.4200,2.009977
393.4400,1.155461
393.4600,0.823965
393.4800,0.528933
393.5000,0.302951
393.5200,0.177932
393.5400,0.153442
393.5600,0.172353
393.5800,0.202739
393.6000,0.231140
393.6200,0.507822
393.6400,0.659881
393.6600,1.304354
393.6800,1.042940
393.7000,0.690721
393.7200,0.763086
393.7400,1.236147
393.7600,1.517985
393.7800,1.392538
393.8000,1.293097
393.8200,1.717025
393.8400,2.634431
393.8600,3.228480
393.8800,2.796718
393.9000,2.557092
393.9200,2.724486
393.9400,2.686326
393.9600,2.878982
393.9800,3.172268
394.0000,2.912671
394.0200,2.469458
394.0400,1.774091
394.0600,0.949571
394.0800,0.613784
394.1000,0.470314
394.1200,0.378206
394.1400,0.813892
394.1600,0.891864
394.1800,0.589639
394.2000,0.384683
394.2200,0.347233
394.2400,0.341383
394.2600,0.309212
394.2800,0.352313
394.3000,0.318822
394.3200,0.464914
394.3400,0.695938
394.3600,0.837264
394.3800,0.820187
394.4000,0.786306
394.4200,1.180264
394.4400,0.844596
394.4600,0.557202
394.4800,0.714152
394.5000,1.060253
394.5200,1.947188
394.5400,2.016136
394.5600,2.104388
394.5800,1.725278
394.6000,1.354504
394.6200,1.353506
394.6400,1.649796
394.6600,2.584883
394.6800,2.873303
394.7000,3.600000
394.7200,3.600000
394.7400,3.600000
394.7600,3.600000
394.7800,3.600000
394.8000,3.464375
394.8200,2.718711
394.8400,1.488334
394.8600,0.848599
394.8800,0.480920
394.9000,0.318351
394.9200,0.399919
394.9400,0.644845
394.9600,0.447999
394.9800,0.339386
395.0000,0.124883
395.0200,0.097013
395.0400,0.139956
395.0600,0.133710
395.0800,0.320662
395.1000,0.242754
395.1200,0.156258
395.1400,0.230174
395.1600,0.191273
395.1800,0.101019
395.2000,0.099042
395.2200,0.223905
395.2400,0.209084
395.2600,0.162820
395.2800,0.262646
395.3000,0.300027
395.3200,0.677176
395.3400,1.084073
395.3600,1.444872
395.3800,1.380175
395.4000,1.523555
395.4200,1.024203
395.4400,1.007947
395.4600,1.213410
395.4800,1.201827
395.5000,0.828650
395.5200,0.660220
395.5400,0.953960
395.5600,1.464321
395.5800,1.749178
395.6000,2.079545
395.6200,2.343575
395.6400,2.034417
395.6600,1.705975
395.6800,1.441204
395.7000,1.295843
395.7200,0.790802
395.7400,0.982347
395.7600,1.731047
395.7800,2.682341
395.8000,2.843155
395.8200,2.228290
395.8400,1.604539
395.8600,1.082217
395.8800,1.593440
395.9000,2.478548
395.9200,2.009977
395.9400,1.155461
395.9600,0.823965
395.9800,0.528933
396.0000,0.302951
396.0200,0.177932
396.0400,0.153442
396.0600,0.172353
396.0800,0.202739
396.1000,0.231140
396.1200,0.507822
396.1400,0.659881
396.1600,1.304354
396.1800,1.042940
396.2000,0.690721
396.2200,0.763086
396.2400,1.236147
396.2600,1.517985
396.2800,1.392538
396.3000,1.293097
396.3200,1.717025
396.3400,2.634431
396.3600,3.228480
396.3800,2.796718
396.4000,2.557092
396.4200,2.724486
396.4400,2.686326
396.4600,2.878982
396.4800,3.172268
396.5000,2.912671
396.5200,2.469458
396.5400,1.774091
396.5600,0.949571
396.5800,0.613784
396.6000,0.470314
396.6200,0.378206
396.6400,0.813892
396.6600,0.891864
396.6800,0.589639
396.7000,0.384683
396.7200,0.347233
396.7400,0.341383
396.7600,0.309212
396.7800,0.352313
396.8000,0.318822
396.8200,0.464914
396.8400,0.695938
396.8600,0.837264
396.8800,0.820187
396.9000,0.786306
396.9200,1.180264
396.9400,0.844596
396.9600,0.557202
396.9800,0.714152
397.0000,1.060253
397.0200,1.947188
397.0400,2.016136
397.0600,2.104388
397.0800,1.725278
397.1000,1.354504
397.1200,1.353506
397.1400,1.649796
397.1600,2.584883
397.1800,2.873303
397.2000,3.600000
397.2200,3.600000
397.2400,3.600000
397.2600,3.600000
397.2800,3.600000
397.3000,3.464375
397.3200,2.718711
397.3400,1.488334
397.3600,0.848599
397.3800,0.480920
397.4000,0.318351
397.4200,0.399919
397.4400,0.644845
397.4600,0.447999
397.4800,0.339386
397.5000,0.124883
397.5200,0.097013
397.5400,0.139956
397.5600,0.133710
397.5800,0.320662
397.6000,0.242754
397.6200,0.156258
397.6400,0.230174
397.6600,0.191273
397.6800,0.101019
397.7000,0.099042
397.7200,0.223905
397.7400,0.209084
397.7600,0.162820
397.7800,0.262646
397.8000,0.300027
397.8200,0.677176
397.8400,1.084073
397.8600,1.444872
397.8800,1.380175
397.9000,1.523555
397.9200,1.024203
397.9400,1.007947
397.9600,1.213410
397.9800,1.201827
398.0000,0.828650
398.0200,0.660220
398.0400,0.953960
398.0600,1.464321
398.0800,1.749178
398.1000,2.079545
398.1200,2.343575
398.1400,2.034417
398.1600,1.705975
398.1800,1.441204
398.2000,1.295843
398.2200,0.790802
398.2400,0.982347
398.2600,1.731047
398.2800,2.682341
398.3000,2.843155
398.3200,2.228290
398.3400,1.604539
398.3600,1.082217
398.3800,1.593440
398.4000,2.478548
398.4200,2.009977
398.4400,1.155461
398.4600,0.823965
398.4800,0.528933
398.5000,0.302951
398.5200,0.177932
398.5400,0.153442
398.5600,0.172353
398.5800,0.202739
398.6000,0.231140
398.6200,0.507822
398.6400,0.659881
398.6600,1.304354
398.6800,1.042940
398.7000,0.690721
398.7200,0.763086
398.7400,1.236147
398.7600,1.517985
398.7800,1.392538
398.8000,1.293097
398.8200,1.717025
398.8400,2.634431
398.8600,3.228480
398.8800,2.796718
398.9000,2.557092
398.9200,2.724486
398.9400,2.686326
398.9600,2.878982
398.9800,3.172268
399.0000,2.912671
399.0200,2.469458
399.0400,1.774091
399.0600,0.949571
399.0800,0.613784
399.1000,0.470314
399.1200,0.378206
399.1400,0.813892
399.1600,0.891864
399.1800,0.589639
399.2000,0.384683
399.2200,0.347233
399.2400,0.341383
399.2600,0.309212
399.2800,0.352313
399.3000,0.318822
399.3200,0.464914
399.3400,0.695938
399.3600,0.837264
399.3800,0.820187
399.4000,0.786306
399.4200,1.180264
399.4400,0.844596
399.4600,0.557202
399.4800,0.714152
399.5000,1.060253
399.5200,1.947188
399.5400,2.016136
399.5600,2.104388
399.5800,1.725278
399.6000,1.354504
399.6200,1.353506
399.6400,1.649796
399.6600,2.584883
399.6800,2.873303
399.7000,3.600000
399.7200,3.600000
399.7400,3.600000
399.7600,3.600000
399.7800,3.600000
399.8000,3.464375
399.8200,2.718711
399.8400,1.488334
399.8600,0.848599
399.8800,0.480920
399.9000,0.318351
399.9200,0.399919
399.9400,0.644845
399.9600,0.447999
399.9800,0.339386
400.0000,0.124883
400.0200,0.097013
400.0400,0.139956
400.0600,0.133710
400.0800,0.320662
400.1000,0.242754
400.1200,0.156258
400.1400,0.230174
400.1600,0.191273
400.1800,0.101019
400.2000,0.099042
400.2200,0.223905
400.2400,0.209084
400.2600,0.162820
400.2800,0.262646
400.3000,0.300027
400.3200,0.677176
400.3400,1.084073
400.3600,1.444872
400.3800,1.380175
400.4000,1.523555
400.4200,1.024203
400.4400,1.007947
400.4600,1.213410
400.4800,1.201827
400.5000,0.828650
400.5200,0.660220
400.5400,0.953960
400.5600,1.464321
400.5800,1.749178
400.6000,2.079545
400.6200,2.343575
400.6400,2.034417
400.6600,1.705975
400.6800,1.441204
400.7000,1.295843
400.7200,0.790802
400.7400,0.982347
400.7600,1.731047
400.7800,2.682341
400.8000,2.843155
400.8200,2.228290
400.8400,1.604539
400.8600,1.082217
400.8800,1.593440
400.9000,2.478548
400.9200,2.009977
400.9400,1.155461
400.9600,0.823965
400.9800,0.528933
401.0000,0.302951
401.0200,0.177932
401.0400,0.153442
401.0600,0.172353
401.0800,0.202739
401.1000,0.231140
401.1200,0.507822
401.1400,0.659881
401.1600,1.304354
401.1800,1.042940
401.2000,0.690721
401.2200,0.763086
401.2400,1.236147
401.2600,1.517985
401.2800,1.392538
401.3000,1.293097
401.3200,1.717025
401.3400,2.634431
401.3600,3.228480
401.3800,2.796718
401.4000,2.557092
401.4200,2.724486
401.4400,2.686326
401.4600,2.878982
401.4800,3.172268
401.5000,2.912671
401.5200,2.469458
401.5400,1.774091
401.5600,0.949571
401.5800,0.613784
401.6000,0.470314
401.6200,0.378206
401.6400,0.813892
401.6600,0.891864
401.6800,0.589639
401.7000,0.384683
401.7200,0.347233
401.7400,0.341383
401.7600,0.309212
401.7800,0.352313
401.8000,0.318822
401.8200,0.464914
401.8400,0.695938
401.8600,0.837264
401.8800,0.820187
401.9000,0.786306
401.9200,1.180264
401.9400,0.844596
401.9600,0.557202
401.9800,0.714152
402.0000,1.060253
402.0200,1.947188
402.0400,2.016136
402.0600,2.104388
402.0800,1.725278
402.1000,1.354504
402.1200,1.353506
402.1400,1.649796
402.1600,2.584883
402.1800,2.873303
402.2000,3.600000
402.2200,3.600000
402.2400,3.600000
402.2600,3.600000
402.2800,3.600000
402.3000,3.464375
402.3200,2.718711
402.3400,1.488334
402.3600,0.848599
402.3800,0.480920
402.4000,0.318351
402.4200,0.399919
402.4400,0.644845
402.4600,0.447999
402.4800,0.339386
402.5000,0.124883
402.5200,0.097013
402.5400,0.139956
402.5600,0.133710
402.5800,0.320662
402.6000,0.242754
402.6200,0.156258
402.6400,0.230174
402.6600,0.191273
402.6800,0.101019
402.7000,0.099042
402.7200,0.223905
402.7400,0.209084
402.7600,0.162820
402.7800,0.262646
402.8000,0.300027
402.8200,0.677176
402.8400,1.084073
402.8600,1.444872
402.8800,1.380175
402.9000,1.523555
402.9200,1.024203
402.9400,1.007947
402.9600,1.213410
402.9800,1.201827
403.0000,0.828650
403.0200,0.660220
403.0400,0.953960
403.0600,1.464321
403.0800,1.749178
403.1000,2.079545
403.1200,2.343575
403.1400,2.034417
403.1600,1.705975
403.1800,1.441204
403.2000,1.295843
403.2200,0.790802
403.2400,0.982347
403.2600,1.731047
403.2800,2.682341
403.3000,2.843155
403.3200,2.228290
403.3400,1.604539
403.3600,1.082217
403.3800,1.593440
403.4000,2.478548
403.4200,2.009977
403.4400,1.155461
403.4600,0.823965
403.4800,0.528933
403.5000,0.302951
403.5200,0.177932
403.5400,0.153442
403.5600,0.172353
403.5800,0.202739
403.6000,0.231140
403.6200,0.507822
403.6400,0.659881
403.6600,1.304354
403.6800,1.042940
403.7000,0.690721
403.7200,0.763086
403.7400,1.236147
403.7600,1.517985
403.7800,1.392538
403.8000,1.293097
403.8200,1.717025
403.8400,2.634431
403.8600,3.228480
403.8800,2.796718
403.9000,2.557092
403.9200,2.724486
403.9400,2.686326
403.9600,2.878982
403.9800,3.172268
404.0000,2.912671
404.0200,2.469458
404.0400,1.774091
404.0600,0.949571
404.0800,0.613784
404.1000,0.470314
404.1200,0.378206
404.1400,0.813892
404.1600,0.891864
404.1800,0.589639
404.2000,0.384683
404.2200,0.347233
404.2400,0.341383
404.2600,0.309212
404.2800,0.352313
404.3000,0.318822
404.3200,0.464914
404.3400,0.695938
404.3600,0.837264
404.3800,0.820187
404.4000,0.786306
404.4200,1.180264
404.4400,0.844596
404.4600,0.557202
404.4800,0.714152
404.5000,1.060253
404.5200,1.947188
404.5400,2.016136
404.5600,2.104388
404.5800,1.725278
404.6000,1.354504
404.6200,1.353506
404.6400,1.649796
404.6600,2.584883
404.6800,2.873303
404.7000,3.600000
404.7200,3.600000
404.7400,3.600000
404.7600,3.600000
404.7800,3.600000
404.8000,3.464375
404.8200,2.718711
404.8400,1.488334
404.8600,0.848599
404.8800,0.480920
404.9000,0.318351
404.9200,0.399919
404.9400,0.644845
404.9600,0.447999
404.9800,0.339386
405.0000,0.124883
405.0200,0.097013
405.0400,0.139956
405.0600,0.133710
405.0800,0.320662
405.1000,0.242754
405.1200,0.156258
405.1400,0.230174
405.1600,0.191273
405.1800,0.101019
405.2000,0.099042
405.2200,0.223905
405.2400,0.209084
405.2600,0.162820
405.2800,0.262646
405.3000,0.300027
405.3200,0.677176
405.3400,1.084073
405.3600,1.444872
405.3800,1.380175
405.4000,1.523555
405.4200,1.024203
405.4400,1.007947
405.4600,1.213410
405.4800,1.201827
405.5000,0.828650
405.5200,0.660220
405.5400,0.953960
405.5600,1.464321
405.5800,1.749178
405.6000,2.079545
405.6200,2.343575
405.6400,2.034417
405.6600,1.705975
405.6800,1.441204
405.7000,1.295843
405.7200,0.790802
405.7400,0.982347
405.7600,1.731047
405.7800,2.682341
405.8000,2.843155
405.8200,2.228290
405.8400,1.604539
405.8600,1.082217
405.8800,1.593440
405.9000,2.478548
405.9200,2.009977
405.9400,1.155461
405.9600,0.823965
405.9800,0.528933
406.0000,0.302951
406.0200,0.177932
406.0400,0.153442
406.0600,0.172353
406.0800,0.202739
406.1000,0.231140
406.1200,0.507822
406.1400,0.659881
406.1600,1.304354
406.1800,1.042940
406.2000,0.690721
406.2200,0.763086
406.2400,1.236147
406.2600,1.517985
406.2800,1.392538
406.3000,1.293097
406.3200,1.717025
406.3400,2.634431
406.3600,3.228480
406.3800,2.796718
406.4000,2.557092
406.4200,2.724486
406.4400,2.686326
406.4600,2.878982
406.4800,3.172268
406.5000,2.912671
406.5200,2.469458
406.5400,1.774091
406.5600,0.949571
406.5800,0.613784
406.6000,0.470314
406.6200,0.378206
406.6400,0.813892
406.6600,0.891864
406.6800,0.589639
406.7000,0.384683
406.7200,0.347233
406.7400,0.341383
406.7600,0.309212
406.7800,0.352313
406.8000,0.318822
406.8200,0.464914
406.8400,0.695938
406.8600,0.837264
406.8800,0.820187
406.9000,0.786306
406.9200,1.180264
406.9400,0.844596
406.9600,0.557202
406.9800,0.714152
407.0000,1.060253
407.0200,1.947188
407.0400,2.016136
407.0600,2.104388
407.0800,1.725278
407.1000,1.354504
407.1200,1.353506
407.1400,1.649796
407.1600,2.584883
407.1800,2.873303
407.2000,3.600000
407.2200,3.600000
407.2400,3.600000
407.2600,3.600000
407.2800,3.600000
407.3000,3.464375
407.3200,2.718711
407.3400,1.488334
407.3600,0.848599
407.3800,0.480920
407.4000,0.318351
407.4200,0.399919
407.4400,0.644845
407.4600,0.447999
407.4800,0.339386
407.5000,0.124883
407.5200,0.097013
407.5400,0.139956
407.5600,0.133710
407.5800,0.320662
407.6000,0.242754
407.6200,0.156258
407.6400,0.230174
407.6600,0.191273
407.6800,0.101019
407.7000,0.099042
407.7200,0.223905
407.7400,0.209084
407.7600,0.162820
407.7800,0.262646
407.8000,0.300027
407.8200,0.677176
407.8400,1.084073
407.8600,1.444872
407.8800,1.380175
407.9000,1.523555
407.9200,1.024203
407.9400,1.007947
407.9600,1.213410
407.9800,1.201827
408.0000,0.828650
408.0200,0.660220
408.0400,0.953960
408.0600,1.464321
408.0800,1.749178
408.1000,2.079545
408.1200,2.343575
408.1400,2.034417
408.1600,1.705975
408.1800,1.441204
408.2000,1.295843
408.2200,0.790802
408.2400,0.982347
408.2600,1.731047
408.2800,2.682341
408.3000,2.843155
408.3200,2.228290
408.3400,1.604539
408.3600,1.082217
408.3800,1.593440
408.4000,2.478548
408.4200,2.009977
408.4400,1.155461
408.4600,0.823965
408.4800,0.528933
408.5000,0.302951
408.5200,0.177932
408.5400,0.153442
408.5600,0.172353
408.5800,0.202739
408.6000,0.231140
408.6200,0.507822
408.6400,0.659881
408.6600,1.304354
408.6800,1.042940
408.7000,0.690721
408.7200,0.763086
408.7400,1.236147
408.7600,1.517985
408.7800,1.392538
408.8000,1.293097
408.8200,1.717025
408.8400,2.634431
408.8600,3.228480
408.8800,2.796718
408.9000,2.557092
408.9200,2.724486
408.9400,2.686326
408.9600,2.878982
408.9800,3.172268
409.0000,2.912671
409.0200,2.469458
409.0400,1.774091
409.0600,0.949571
409.0800,0.613784
409.1000,0.470314
409.1200,0.378206
409.1400,0.813892
409.1600,0.891864
409.1800,0.589639
409.2000,0.384683
409.2200,0.347233
409.2400,0.341383
409.2600,0.309212
409.2800,0.352313
409.3000,0.318822
409.3200,0.464914
409.3400,0.695938
409.3600,0.837264
409.3800,0.820187
409.4000,0.786306
409.4200,1.180264
409.4400,0.844596
409.4600,0.557202
409.4800,0.714152
409.5000,1.060253
409.5200,1.947188
409.5400,2.016136
409.5600,2.104388
409.5800,1.725278
409.6000,1.354504
409.6200,1.353506
409.6400,1.649796
409.6600,2.584883
409.6800,2.873303
409.7000,3.600000
409.7200,3.600000
409.7400,3.600000
409.7600,3.600000
409.7800,3.600000
409.8000,3.464375
409.8200,2.718711
409.8400,1.488334
409.8600,0.848599
409.8800,0.480920
409.9000,0.318351
409.9200,0.399919
409.9400,0.644845
409.9600,0.447999
409.9800,0.339386
410.0000,0.124883
410.0200,0.097013
410.0400,0.139956
410.0600,0.133710
410.0800,0.320662
410.1000,0.242754
410.1200,0.156258
410.1400,0.230174
410.1600,0.191273
410.1800,0.101019
410.2000,0.099042
410.2200,0.223905
410.2400,0.209084
410.2600,0.162820
410.2800,0.262646
410.3000,0.300027
410.3200,0.677176
410.3400,1.084073
410.3600,1.444872
410.3800,1.380175
410.4000,1.523555
410.4200,1.024203
410.4400,1.007947
410.4600,1.213410
410.4800,1.201827
410.5000,0.828650
410.5200,0.660220
410.5400,0.953960
410.5600,1.464321
410.5800,1.749178
410.6000,2.079545
410.6200,2.343575
410.6400,2.034417
410.6600,1.705975
410.6800,1.441204
410.7000,1.295843
410.7200,0.790802
410.7400,0.982347
410.7600,1.731047
410.7800,2.682341
410.8000,2.843155
410.8200,2.228290
410.8400,1.604539
410.8600,1.082217
410.8800,1.593440
410.9000,2.478548
410.9200,2.009977
410.9400,1.155461
410.9600,0.823965
410.9800,0.528933
411.0000,0.302951
411.0200,0.177932
411.0400,0.153442
411.0600,0.172353
411.0800,0.202739
411.1000,0.231140
411.1200,0.507822
411.1400,0.659881
411.1600,1.304354
411.1800,1.042940
411.2000,0.690721
411.2200,0.763086
411.2400,1.236147
411.2600,1.517985
411.2800,1.392538
411.3000,1.293097
411.3200,1.717025
411.3400,2.634431
411.3600,3.228480
411.3800,2.796718
411.4000,2.557092
411.4200,2.724486
411.4400,2.686326
411.4600,2.878982
411.4800,3.172268
411.5000,2.912671
411.5200,2.469458
411.5400,1.774091
411.5600,0.949571
411.5800,0.613784
411.6000,0.470314
411.6200,0.378206
411.6400,0.813892
411.6600,0.891864
411.6800,0.589639
411.7000,0.384683
411.7200,0.347233
411.7400,0.341383
411.7600,0.309212
411.7800,0.352313
411.8000,0.318822
411.8200,0.464914
411.8400,0.695938
411.8600,0.837264
411.8800,0.820187
411.9000,0.786306
411.9200,1.180264
411.9400,0.844596
411.9600,0.557202
411.9800,0.714152
412.0000,1.060253
412.0200,1.947188
412.0400,2.016136
412.0600,2.104388
412.0800,1.725278
412.1000,1.354504
412.1200,1.353506
412.1400,1.649796
412.1600,2.584883
412.1800,2.873303
412.2000,3.600000
412.2200,3.600000
412.2400,3.600000
412.2600,3.600000
412.2800,3.600000
412.3000,3.464375
412.3200,2.718711
412.3400,1.488334
412.3600,0.848599
412.3800,0.480920
412.4000,0.318351
412.4200,0.399919
412.4400,0.644845
412.4600,0.447999
412.4800,0.339386
412.5000,0.124883
412.5200,0.097013
412.5400,0.139956
412.5600,0.133710
412.5800,0.320662
412.6000,0.242754
412.6200,0.156258
412.6400,0.230174
412.6600,0.191273
412.6800,0.101019
412.7000,0.099042
412.7200,0.223905
412.7400,0.209084
412.7600,0.162820
412.7800,0.262646
412.8000,0.300027
412.8200,0.677176
412.8400,1.084073
412.8600,1.444872
412.8800,1.380175
412.9000,1.523555
412.9200,1.024203
412.9400,1.007947
412.9600,1.213410
412.9800,1.201827
413.0000,0.828650
413.0200,0.660220
413.0400,0.953960
413.0600,1.464321
413.0800,1.749178
413.1000,2.079545
413.1200,2.343575
413.1400,2.034417
413.1600,1.705975
413.1800,1.441204
413.2000,1.295843
413.2200,0.790802
413.2400,0.982347
413.2600,1.731047
413.2800,2.682341
413.3000,2.843155
413.3200,2.228290
413.3400,1.604539
413.3600,1.082217
413.3800,1.593440
413.4000,2.478548
413.4200,2.009977
413.4400,1.155461
413.4600,0.823965
413.4800,0.528933
413.5000,0.302951
413.5200,0.177932
413.5400,0.153442
413.5600,0.172353
413.5800,0.202739
413.6000,0.231140
413.6200,0.507822
413.6400,0.659881
413.6600,1.304354
413.6800,1.042940
413.7000,0.690721
413.7200,0.763086
413.7400,1.236147
413.7600,1.517985
413.7800,1.392538
413.8000,1.293097
413.8200,1.717025
413.8400,2.634431
413.8600,3.228480
413.8800,2.796718
413.9000,2.557092
413.9200,2.724486
413.9400,2.686326
413.9600,2.878982
413.9800,3.172268
414.0000,2.912671
414.0200,2.469458
414.0400,1.774091
414.0600,0.949571
414.0800,0.613784
414.1000,0.470314
414.1200,0.378206
414.1400,0.813892
414.1600,0.891864
414.1800,0.589639
414.2000,0.384683
414.2200,0.347233
414.2400,0.341383
414.2600,0.309212
414.2800,0.352313
414.3000,0.318822
414.3200,0.464914
414.3400,0.695938
414.3600,0.837264
414.3800,0.820187
414.4000,0.786306
414.4200,1.180264
414.4400,0.844596
414.4600,0.557202
414.4800,0.714152
414.5000,1.060253
414.5200,1.947188
414.5400,2.016136
414.5600,2.104388
414.5800,1.725278
414.6000,1.354504
414.6200,1.353506
414.6400,1.649796
414.6600,2.584883
414.6800,2.873303
414.7000,3.600000
414.7200,3.600000
414.7400,3.600000
414.7600,3.600000
414.7800,3.600000
414.8000,3.464375
414.8200,2.718711
414.8400,1.488334
414.8600,0.848599
414.8800,0.480920
414.9000,0.318351
414.9200,0.399919
414.9400,0.644845
414.9600,0.447999
414.9800,0.339386
415.0000,0.124883
415.0200,0.097013
415.0400,0.139956
415.0600,0.133710
415.0800,0.320662
415.1000,0.242754
415.1200,0.156258
415.1400,0.230174
415.1600,0.191273
415.1800,0.101019
415.2000,0.099042
415.2200,0.223905
415.2400,0.209084
415.2600,0.162820
415.2800,0.262646
415.3000,0.300027
415.3200,0.677176
415.3400,1.084073
415.3600,1.444872
415.3800,1.380175
415.4000,1.523555
415.4200,1.024203
415.4400,1.007947
415.4600,1.213410
415.4800,1.201827
415.5000,0.828650
415.5200,0.660220
415.5400,0.953960
415.5600,1.464321
415.5800,1.749178
415.6000,2.079545
415.6200,2.343575
415.6400,2.034417
415.6600,1.705975
415.6800,1.441204
415.7000,1.295843
415.7200,0.790802
415.7400,0.982347
415.7600,1.731047
415.7800,2.682341
415.8000,2.843155
415.8200,2.228290
415.8400,1.604539
415.8600,1.082217
415.8800,1.593440
415.9000,2.478548
415.9200,2.009977
415.9400,1.155461
415.9600,0.823965
415.9800,0.528933
416.0000,0.302951
416.0200,0.177932
416.0400,0.153442
416.0600,0.172353
416.0800,0.202739
416.1000,0.231140
416.1200,0.507822
416.1400,0.659881
416.1600,1.304354
416.1800,1.042940
416.2000,0.690721
416.2200,0.763086
416.2400,1.236147
416.2600,1.517985
416.2800,1.392538
416.3000,1.293097
416.3200,1.717025
416.3400,2.634431
416.3600,3.228480
416.3800,2.796718
416.4000,2.557092
416.4200,2.724486
416.4400,2.686326
416.4600,2.878982
416.4800,3.172268
416.5000,2.912671
416.5200,2.469458
416.5400,1.774091
416.5600,0.949571
416.5800,0.613784
416.6000,0.470314
416.6200,0.378206
416.6400,0.813892
416.6600,0.891864
416.6800,0.589639
416.7000,0.384683
416.7200,0.347233
416.7400,0.341383
416.7600,0.309212
416.7800,0.352313
416.8000,0.318822
416.8200,0.464914
416.8400,0.695938
416.8600,0.837264
416.8800,0.820187
416.9000,0.786306
416.9200,1.180264
416.9400,0.844596
416.9600,0.557202
416.9800,0.714152
417.0000,1.060253
417.0200,1.947188
417.0400,2.016136
417.0600,2.104388
417.0800,1.725278
417.1000,1.354504
417.1200,1.353506
417.1400,1.649796
417.1600,2.584883
417.1800,2.873303
417.2000,3.600000
417.2200,3.600000
417.2400,3.600000
417.2600,3.600000
417.2800,3.600000
417.3000,3.464375
417.3200,2.718711
417.3400,1.488334
417.3600,0.848599
417.3800,0.480920
417.4000,0.318351
417.4200,0.399919
417.4400,0.644845
417.4600,0.447999
417.4800,0.339386
417.5000,0.124883
417.5200,0.097013
417.5400,0.139956
417.5600,0.133710
417.5800,0.320662
417.6000,0.242754
417.6200,0.156258
417.6400,0.230174
417.6600,0.191273
417.6800,0.101019
417.7000,0.099042
417.7200,0.223905
417.7400,0.209084
417.7600,0.162820
417.7800,0.262646
417.8000,0.300027
417.8200,0.677176
417.8400,1.084073
417.8600,1.444872
417.8800,1.380175
417.9000,1.523555
417.9200,1.024203
417.9400,1.007947
417.9600,1.213410
417.9800,1.201827
418.0000,0.828650
418.0200,0.660220
418.0400,0.953960
418.0600,1.464321
418.0800,1.749178
418.1000,2.079545
418.1200,2.343575
418.1400,2.034417
418.1600,1.705975
418.1800,1.441204
418.2000,1.295843
418.2200,0.790802
418.2400,0.982347
418.2600,1.731047
418.2800,2.682341
418.3000,2.843155
418.3200,2.228290
418.3400,1.604539
418.3600,1.082217
418.3800,1.593440
418.4000,2.478548
418.4200,2.009977
418.4400,1.155461
418.4600,0.823965
418.4800,0.528933
418.5000,0.302951
418.5200,0.177932
418.5400,0.153442
418.5600,0.172353
418.5800,0.202739
418.6000,0.231140
418.6200,0.507822
418.6400,0.659881
418.6600,1.304354
418.6800,1.042940
418.7000,0.690721
418.7200,0.763086
418.7400,1.236147
418.7600,1.517985
418.7800,1.392538
418.8000,1.293097
418.8200,1.717025
418.8400,2.634431
418.8600,3.228480
418.8800,2.796718
418.9000,2.557092
418.9200,2.724486
418.9400,2.686326
418.9600,2.878982
418.9800,3.172268
419.0000,2.912671
419.0200,2.469458
419.0400,1.774091
419.0600,0.949571
419.0800,0.613784
419.1000,0.470314
419.1200,0.378206
419.1400,0.813892
419.1600,0.891864
419.1800,0.589639
419.2000,0.384683
419.2200,0.347233
419.2400,0.341383
419.2600,0.309212
419.2800,0.352313
419.3000,0.318822
419.3200,0.464914
419.3400,0.695938
419.3600,0.837264
419.3800,0.820187
419.4000,0.786306
419.4200,1.180264
419.4400,0.844596
419.4600,0.557202
419.4800,0.714152
419.5000,1.060253
419.5200,1.947188
419.5400,2.016136
419.5600,2.104388
419.5800,1.725278
419.6000,1.354504
419.6200,1.353506
419.6400,1.649796
419.6600,2.584883
419.6800,2.873303
419.7000,3.600000
419.7200,3.600000
419.7400,3.600000
419.7600,3.600000
419.7800,3.600000
419.8000,3.464375
419.8200,2.718711
419.8400,1.488334
419.8600,0.848599
419.8800,0.480920
419.9000,0.318351
419.9200,0.399919
419.9400,0.644845
419.9600,0.447999
419.9800,0.339386
420.0000,0.124883
420.0200,0.097013
420.0400,0.139956
420.0600,0.133710
420.0800,0.320662
420.1000,0.242754
420.1200,0.156258
420.1400,0.230174
420.1600,0.191273
420.1800,0.101019
420.2000,0.099042
420.2200,0.223905
420.2400,0.209084
420.2600,0.162820
420.2800,0.262646
420.3000,0.300027
420.3200,0.677176
420.3400,1.084073
420.3600,1.444872
420.3800,1.380175
420.4000,1.523555
420.4200,1.024203
420.4400,1.007947
420.4600,1.213410
420.4800,1.201827
420.5000,0.828650
420.5200,0.660220
420.5400,0.953960
420.5600,1.464321
420.5800,1.749178
420.6000,2.079545
420.6200,2.343575
420.6400,2.034417
420.6600,1.705975
420.6800,1.441204
420.7000,1.295843
420.7200,0.790802
420.7400,0.982347
420.7600,1.731047
420.7800,2.682341
420.8000,2.843155
420.8200,2.228290
420.8400,1.604539
420.8600,1.082217
420.8800,1.593440
420.9000,2.478548
420.9200,2.009977
420.9400,1.155461
420.9600,0.823965
420.9800,0.528933
421.0000,0.302951
421.0200,0.177932
421.0400,0.153442
421.0600,0.172353
421.0800,0.202739
421.1000,0.231140
421.1200,0.507822
421.1400,0.659881
421.1600,1.304354
421.1800,1.042940
421.2000,0.690721
421.2200,0.763086
421.2400,1.236147
421.2600,1.517985
421.2800,1.392538
421.3000,1.293097
421.3200,1.717025
421.3400,2.634431
421.3600,3.228480
421.3800,2.796718
421.4000,2.557092
421.4200,2.724486
421.4400,2.686326
421.4600,2.878982
421.4800,3.172268
421.5000,2.912671
421.5200,2.469458
421.5400,1.774091
421.5600,0.949571
421.5800,0.613784
421.6000,0.470314
421.6200,0.378206
421.6400,0.813892
421.6600,0.891864
421.6800,0.589639
421.7000,0.384683
421.7200,0.347233
421.7400,0.341383
421.7600,0.309212
421.7800,0.352313
421.8000,0.318822
421.8200,0.464914
421.8400,0.695938
421.8600,0.837264
421.8800,0.820187
421.9000,0.786306
421.9200,1.180264
421.9400,0.844596
421.9600,0.557202
421.9800,0.714152
422.0000,1.060253
422.0200,1.947188
422.0400,2.016136
422.0600,2.104388
422.0800,1.725278
422.1000,1.354504
422.1200,1.353506
422.1400,1.649796
422.1600,2.584883
422.1800,2.873303
422.2000,3.600000
422.2200,3.600000
422.2400,3.600000
422.2600,3.600000
422.2800,3.600000
422.3000,3.464375
422.3200,2.718711
422.3400,1.488334
422.3600,0.848599
422.3800,0.480920
422.4000,0.318351
422.4200,0.399919
422.4400,0.644845
422.4600,0.447999
422.4800,0.339386
422.5000,0.124883
422.5200,0.097013
422.5400,0.139956
422.5600,0.133710
422.5800,0.320662
422.6000,0.242754
422.6200,0.156258
422.6400,0.230174
422.6600,0.191273
422.6800,0.101019
422.7000,0.099042
422.7200,0.223905
422.7400,0.209084
422.7600,0.162820
422.7800,0.262646
422.8000,0.300027
422.8200,0.677176
422.8400,1.084073
422.8600,1.444872
422.8800,1.380175
422.9000,1.523555
422.9200,1.024203
422.9400,1.007947
422.9600,1.213410
422.9800,1.201827
423.0000,0.828650
423.0200,0.660220
423.0400,0.953960
423.0600,1.464321
423.0800,1.749178
423.1000,2.079545
423.1200,2.343575
423.1400,2.034417
423.1600,1.705975
423.1800,1.441204
423.2000,1.295843
423.2200,0.790802
423.2400,0.982347
423.2600,1.731047
423.2800,2.682341
423.3000,2.843155
423.3200,2.228290
423.3400,1.604539
423.3600,1.082217
423.3800,1.593440
423.4000,2.478548
423.4200,2.009977
423.4400,1.155461
423.4600,0.823965
423.4800,0.528933
423.5000,0.302951
423.5200,0.177932
423.5400,0.153442
423.5600,0.172353
423.5800,0.202739
423.6000,0.231140
423.6200,0.507822
423.6400,0.659881
423.6600,1.304354
423.6800,1.042940
423.7000,0.690721
423.7200,0.763086
423.7400,1.236147
423.7600,1.517985
423.7800,1.392538
423.8000,1.293097
423.8200,1.717025
423.8400,2.634431
423.8600,3.228480
423.8800,2.796718
423.9000,2.557092
423.9200,2.724486
423.9400,2.686326
423.9600,2.878982
423.9800,3.172268
424.0000,2.912671
424.0200,2.469458
424.0400,1.774091
424.0600,0.949571
424.0800,0.613784
424.1000,0.470314
424.1200,0.378206
424.1400,0.813892
424.1600,0.891864
424.1800,0.589639
424.2000,0.384683
424.2200,0.347233
424.2400,0.341383
424.2600,0.309212
424.2800,0.352313
424.3000,0.318822
424.3200,0.464914
424.3400,0.695938
424.3600,0.837264
424.3800,0.820187
424.4000,0.786306
424.4200,1.180264
424.4400,0.844596
424.4600,0.557202
424.4800,0.714152
424.5000,1.060253
424.5200,1.947188
424.5400,2.016136
424.5600,2.104388
424.5800,1.725278
424.6000,1.354504
424.6200,1.353506
424.6400,1.649796
424.6600,2.584883
424.6800,2.873303
424.7000,3.600000
424.7200,3.600000
424.7400,3.600000
424.7600,3.600000
424.7800,3.600000
424.8000,3.464375
424.8200,2.718711
424.8400,1.488334
424.8600,0.848599
424.8800,0.480920
424.9000,0.318351
424.9200,0.399919
424.9400,0.644845
424.9600,0.447999
424.9800,0.339386
425.0000,0.124883
425.0200,0.097013
425.0400,0.139956
425.0600,0.133710
425.0800,0.320662
425.1000,0.242754
425.1200,0.156258
425.1400,0.230174
425.1600,0.191273
425.1800,0.101019
425.2000,0.099042
425.2200,0.223905
425.2400,0.209084
425.2600,0.162820
425.2800,0.262646
425.3000,0.300027
425.3200,0.677176
425.3400,1.084073
425.3600,1.444872
425.3800,1.380175
425.4000,1.523555
425.4200,1.024203
425.4400,1.007947
425.4600,1.213410
425.4800,1.201827
425.5000,0.828650
425.5200,0.660220
425.5400,0.953960
425.5600,1.464321
425.5800,1.749178
425.6000,2.079545
425.6200,2.343575
425.6400,2.034417
425.6600,1.705975
425.6800,1.441204
425.7000,1.295843
425.7200,0.790802
425.7400,0.982347
425.7600,1.731047
425.7800,2.682341
425.8000,2.843155
425.8200,2.228290
425.8400,1.604539
425.8600,1.082217
425.8800,1.593440
425.9000,2.478548
425.9200,2.009977
425.9400,1.155461
425.9600,0.823965
425.9800,0.528933
426.0000,0.302951
426.0200,0.177932
426.0400,0.153442
426.0600,0.172353
426.0800,0.202739
426.1000,0.231140
426.1200,0.507822
426.1400,0.659881
426.1600,1.304354
426.1800,1.042940
426.2000,0.690721
426.2200,0.763086
426.2400,1.236147
426.2600,1.517985
426.2800,1.392538
426.3000,1.293097
426.3200,1.717025
426.3400,2.634431
426.3600,3.228480
426.3800,2.796718
426.4000,2.557092
426.4200,2.724486
426.4400,2.686326
426.4600,2.878982
426.4800,3.172268
426.5000,2.912671
426.5200,2.469458
426.5400,1.774091
426.5600,0.949571
426.5800,0.613784
426.6000,0.470314
426.6200,0.378206
426.6400,0.813892
426.6600,0.891864
426.6800,0.589639
426.7000,0.384683
426.7200,0.347233
426.7400,0.341383
426.7600,0.309212
426.7800,0.352313
426.8000,0.318822
426.8200,0.464914
426.8400,0.695938
426.8600,0.837264
426.8800,0.820187
426.9000,0.786306
426.9200,1.180264
426.9400,0.844596
426.9600,0.557202
426.9800,0.714152
427.0000,1.060253
427.0200,1.947188
427.0400,2.016136
427.0600,2.104388
427.0800,1.725278
427.1000,1.354504
427.1200,1.353506
427.1400,1.649796
427.1600,2.584883
427.1800,2.873303
427.2000,3.600000
427.2200,3.600000
427.2400,3.600000
427.2600,3.600000
427.2800,3.600000
427.3000,3.464375
427.3200,2.718711
427.3400,1.488334
427.3600,0.848599
427.3800,0.480920
427.4000,0.318351
427.4200,0.399919
427.4400,0.644845
427.4600,0.447999
427.4800,0.339386
427.5000,0.124883
427.5200,0.097013
427.5400,0.139956
427.5600,0.133710
427.5800,0.320662
427.6000,0.242754
427.6200,0.156258
427.6400,0.230174
427.6600,0.191273
427.6800,0.101019
427.7000,0.099042
427.7200,0.223905
427.7400,0.209084
427.7600,0.162820
427.7800,0.262646
427.8000,0.300027
427.8200,0.677176
427.8400,1.084073
427.8600,1.444872
427.8800,1.380175
427.9000,1.523555
427.9200,1.024203
427.9400,1.007947
427.9600,1.213410
427.9800,1.201827
428.0000,0.828650
428.0200,0.660220
428.0400,0.953960
428.0600,1.464321
428.0800,1.749178
428.1000,2.079545
428.1200,2.343575
428.1400,2.034417
428.1600,1.705975
428.1800,1.441204
428.2000,1.295843
428.2200,0.790802
428.2400,0.982347
428.2600,1.731047
428.2800,2.682341
428.3000,2.843155
428.3200,2.228290
428.3400,1.604539
428.3600,1.082217
428.3800,1.593440
428.4000,2.478548
428.4200,2.009977
428.4400,1.155461
428.4600,0.823965
428.4800,0.528933
428.5000,0.302951
428.5200,0.177932
428.5400,0.153442
428.5600,0.172353
428.5800,0.202739
428.6000,0.231140
428.6200,0.507822
428.6400,0.659881
428.6600,1.304354
428.6800,1.042940
428.7000,0.690721
428.7200,0.763086
428.7400,1.236147
428.7600,1.517985
428.7800,1.392538
428.8000,1.293097
428.8200,1.717025
428.8400,2.634431
428.8600,3.228480
428.8800,2.796718
428.9000,2.557092
428.9200,2.724486
428.9400,2.686326
428.9600,2.878982
428.9800,3.172268
429.0000,2.912671
429.0200,2.469458
429.0400,1.774091
429.0600,0.949571
429.0800,0.613784
429.1000,0.470314
429.1200,0.378206
429.1400,0.813892
429.1600,0.891864
429.1800,0.589639
429.2000,0.384683
429.2200,0.347233
429.2400,0.341383
429.2600,0.309212
429.2800,0.352313
429.3000,0.318822
429.3200,0.464914
429.3400,0.695938
429.3600,0.837264
429.3800,0.820187
429.4000,0.786306
429.4200,1.180264
429.4400,0.844596
429.4600,0.557202
429.4800,0.714152
429.5000,1.060253
429.5200,1.947188
429.5400,2.016136
429.5600,2.104388
429.5800,1.725278
429.6000,1.354504
429.6200,1.353506
429.6400,1.649796
429.6600,2.584883
429.6800,2.873303
429.7000,3.600000
429.7200,3.600000
429.7400,3.600000
429.7600,3.600000
429.7800,3.600000
429.8000,3.464375
429.8200,2.718711
429.8400,1.488334
429.8600,0.848599
429.8800,0.480920
429.9000,0.318351
429.9200,0.399919
429.9400,0.644845
429.9600,0.447999
429.9800,0.339386
430.0000,0.124883
430.0200,0.097013
430.0400,0.139956
430.0600,0.133710
430.0800,0.320662
430.1000,0.242754
430.1200,0.156258
430.1400,0.230174
430.1600,0.191273
430.1800,0.101019
430.2000,0.099042
430.2200,0.223905
430.2400,0.209084
430.2600,0.162820
430.2800,0.262646
430.3000,0.300027
430.3200,0.677176
430.3400,1.084073
430.3600,1.444872
430.3800,1.380175
430.4000,1.523555
430.4200,1.024203
430.4400,1.007947
430.4600,1.213410
430.4800,1.201827
430.5000,0.828650
430.5200,0.660220
430.5400,0.953960
430.5600,1.464321
430.5800,1.749178
430.6000,2.079545
430.6200,2.343575
430.6400,2.034417
430.6600,1.705975
430.6800,1.441204
430.7000,1.295843
430.7200,0.790802
430.7400,0.982347
430.7600,1.731047
430.7800,2.682341
430.8000,2.843155
430.8200,2.228290
430.8400,1.604539
430.8600,1.082217
430.8800,1.593440
430.9000,2.478548
430.9200,2.009977
430.9400,1.155461
430.9600,0.823965
430.9800,0.528933
431.0000,0.302951
431.0200,0.177932
431.0400,0.153442
431.0600,0.172353
431.0800,0.202739
431.1000,0.231140
431.1200,0.507822
431.1400,0.659881
431.1600,1.304354
431.1800,1.042940
431.2000,0.690721
431.2200,0.763086
431.2400,1.236147
431.2600,1.517985
431.2800,1.392538
431.3000,1.293097
431.3200,1.717025
431.3400,2.634431
431.3600,3.228480
431.3800,2.796718
431.4000,2.557092
431.4200,2.724486
431.4400,2.686326
431.4600,2.878982
431.4800,3.172268
431.5000,2.912671
431.5200,2.469458
431.5400,1.774091
431.5600,0.949571
431.5800,0.613784
431.6000,0.470314
431.6200,0.378206
431.6400,0.813892
431.6600,0.891864
431.6800,0.589639
431.7000,0.384683
431.7200,0.347233
431.7400,0.341383
431.7600,0.309212
431.7800,0.352313
431.8000,0.318822
431.8200,0.464914
431.8400,0.695938
431.8600,0.837264
431.8800,0.820187
431.9000,0.786306
431.9200,1.180264
431.9400,0.844596
431.9600,0.557202
431.9800,0.714152
432.0000,1.060253
432.0200,1.947188
432.0400,2.016136
432.0600,2.104388
432.0800,1.725278
432.1000,1.354504
432.1200,1.353506
432.1400,1.649796
432.1600,2.584883
432.1800,2.873303
432.2000,3.600000
432.2200,3.600000
432.2400,3.600000
432.2600,3.600000
432.2800,3.600000
432.3000,3.464375
432.3200,2.718711
432.3400,1.488334
432.3600,0.848599
432.3800,0.480920
432.4000,0.318351
432.4200,0.399919
432.4400,0.644845
432.4600,0.447999
432.4800,0.339386
432.5000,0.124883
432.5200,0.097013
432.5400,0.139956
432.5600,0.133710
432.5800,0.320662
432.6000,0.242754
432.6200,0.156258
432.6400,0.230174
432.6600,0.191273
432.6800,0.101019
432.7000,0.099042
432.7200,0.223905
432.7400,0.209084
432.7600,0.162820
432.7800,0.262646
432.8000,0.300027
432.8200,0.677176
432.8400,1.084073
432.8600,1.444872
432.8800,1.380175
432.9000,1.523555
432.9200,1.024203
432.9400,1.007947
432.9600,1.213410
432.9800,1.201827
433.0000,0.828650
433.0200,0.660220
433.0400,0.953960
433.0600,1.464321
433.0800,1.749178
433.1000,2.079545
433.1200,2.343575
433.1400,2.034417
433.1600,1.705975
433.1800,1.441204
433.2000,1.295843
433.2200,0.790802
433.2400,0.982347
433.2600,1.731047
433.2800,2.682341
433.3000,2.843155
433.3200,2.228290
433.3400,1.604539
433.3600,1.082217
433.3800,1.593440
433.4000,2.478548
433.4200,2.009977
433.4400,1.155461
433.4600,0.823965
433.4800,0.528933
433.5000,0.302951
433.5200,0.177932
433.5400,0.153442
433.5600,0.172353
433.5800,0.202739
433.6000,0.231140
433.6200,0.507822
433.6400,0.659881
433.6600,1.304354
433.6800,1.042940
433.7000,0.690721
433.7200,0.763086
433.7400,1.236147
433.7600,1.517985
433.7800,1.392538
433.8000,1.293097
433.8200,1.717025
433.8400,2.634431
433.8600,3.228480
433.8800,2.796718
433.9000,2.557092
433.9200,2.724486
433.9400,2.686326
433.9600,2.878982
433.9800,3.172268
434.0000,2.912671
434.0200,2.469458
434.0400,1.774091
434.0600,0.949571
434.0800,0.613784
434.1000,0.470314
434.1200,0.378206
434.1400,0.813892
434.1600,0.891864
434.1800,0.589639
434.2000,0.384683
434.2200,0.347233
434.2400,0.341383
434.2600,0.309212
434.2800,0.352313
434.3000,0.318822
434.3200,0.464914
434.3400,0.695938
434.3600,0.837264
434.3800,0.820187
434.4000,0.786306
434.4200,1.180264
434.4400,0.844596
434.4600,0.557202
434.4800,0.714152
434.5000,1.060253
434.5200,1.947188
434.5400,2.016136
434.5600,2.104388
434.5800,1.725278
434.6000,1.354504
434.6200,1.353506
434.6400,1.649796
434.6600,2.584883
434.6800,2.873303
434.7000,3.600000
434.7200,3.600000
434.7400,3.600000
434.7600,3.600000
434.7800,3.600000
434.8000,3.464375
434.8200,2.718711
434.8400,1.488334
434.8600,0.848599
434.8800,0.480920
434.9000,0.318351
434.9200,0.399919
434.9400,0.644845
434.9600,0.447999
434.9800,0.339386
435.0000,0.124883
435.0200,0.097013
435.0400,0.139956
435.0600,0.133710
435.0800,0.320662
435.1000,0.242754
435.1200,0.156258
435.1400,0.230174
435.1600,0.191273
435.1800,0.101019
435.2000,0.099042
435.2200,0.223905
435.2400,0.209084
435.2600,0.162820
435.2800,0.262646
435.3000,0.300027
435.3200,0.677176
435.3400,1.084073
435.3600,1.444872
435.3800,1.380175
435.4000,1.523555
435.4200,1.024203
435.4400,1.007947
435.4600,1.213410
435.4800,1.201827
435.5000,0.828650
435.5200,0.660220
435.5400,0.953960
435.5600,1.464321
435.5800,1.749178
435.6000,2.079545
435.6200,2.343575
435.6400,2.034417
435.6600,1.705975
435.6800,1.441204
435.7000,1.295843
435.7200,0.790802
435.7400,0.982347
435.7600,1.731047
435.7800,2.682341
435.8000,2.843155
435.8200,2.228290
435.8400,1.604539
435.8600,1.082217
435.8800,1.593440
435.9000,2.478548
435.9200,2.009977
435.9400,1.155461
435.9600,0.823965
435.9800,0.528933
436.0000,0.302951
436.0200,0.177932
436.0400,0.153442
436.0600,0.172353
436.0800,0.202739
436.1000,0.231140
436.1200,0.507822
436.1400,0.659881
436.1600,1.304354
436.1800,1.042940
436.2000,0.690721
436.2200,0.763086
436.2400,1.236147
436.2600,1.517985
436.2800,1.392538
436.3000,1.293097
436.3200,1.717025
436.3400,2.634431
436.3600,3.228480
436.3800,2.796718
436.4000,2.557092
436.4200,2.724486
436.4400,2.686326
436.4600,2.878982
436.4800,3.172268
436.5000,2.912671
436.5200,2.469458
436.5400,1.774091
436.5600,0.949571
436.5800,0.613784
436.6000,0.470314
436.6200,0.378206
436.6400,0.813892
436.6600,0.891864
436.6800,0.589639
436.7000,0.384683
436.7200,0.347233
436.7400,0.341383
436.7600,0.309212
436.7800,0.352313
436.8000,0.318822
436.8200,0.464914
436.8400,0.695938
436.8600,0.837264
436.8800,0.820187
436.9000,0.786306
436.9200,1.180264
436.9400,0.844596
436.9600,0.557202
436.9800,0.714152
437.0000,1.060253
437.0200,1.947188
437.0400,2.016136
437.0600,2.104388
437.0800,1.725278
437.1000,1.354504
437.1200,1.353506
437.1400,1.649796
437.1600,2.584883
437.1800,2.873303
437.2000,3.600000
437.2200,3.600000
437.2400,3.600000
437.2600,3.600000
437.2800,3.600000
437.3000,3.464375
437.3200,2.718711
437.3400,1.488334
437.3600,0.848599
437.3800,0.480920
437.4000,0.318351
437.4200,0.399919
437.4400,0.644845
437.4600,0.447999
437.4800,0.339386
437.5000,0.124883
437.5200,0.097013
437.5400,0.139956
437.5600,0.133710
437.5800,0.320662
437.6000,0.242754
437.6200,0.156258
437.6400,0.230174
437.6600,0.191273
437.6800,0.101019
437.7000,0.099042
437.7200,0.223905
437.7400,0.209084
437.7600,0.162820
437.7800,0.262646
437.8000,0.300027
437.8200,0.677176
437.8400,1.084073
437.8600,1.444872
437.8800,1.380175
437.9000,1.523555
437.9200,1.024203
437.9400,1.007947
437.9600,1.213410
437.9800,1.201827
438.0000,0.828650
438.0200,0.660220
438.0400,0.953960
438.0600,1.464321
438.0800,1.749178
438.1000,2.079545
438.1200,2.343575
438.1400,2.034417
438.1600,1.705975
438.1800,1.441204
438.2000,1.295843
438.2200,0.790802
438.2400,0.982347
438.2600,1.731047
438.2800,2.682341
438.3000,2.843155
438.3200,2.228290
438.3400,1.604539
438.3600,1.082217
438.3800,1.593440
438.4000,2.478548
438.4200,2.009977
438.4400,1.155461
438.4600,0.823965
438.4800,0.528933
438.5000,0.302951
438.5200,0.177932
438.5400,0.153442
438.5600,0.172353
438.5800,0.202739
438.6000,0.231140
438.6200,0.507822
438.6400,0.659881
438.6600,1.304354
438.6800,1.042940
438.7000,0.690721
438.7200,0.763086
438.7400,1.236147
438.7600,1.517985
438.7800,1.392538
438.8000,1.293097
438.8200,1.717025
438.8400,2.634431
438.8600,3.228480
438.8800,2.796718
438.9000,2.557092
438.9200,2.724486
438.9400,2.686326
438.9600,2.878982
438.9800,3.172268
439.0000,2.912671
439.0200,2.469458
439.0400,1.774091
439.0600,0.949571
439.0800,0.613784
439.1000,0.470314
439.1200,0.378206
439.1400,0.813892
439.1600,0.891864
439.1800,0.589639
439.2000,0.384683
439.2200,0.347233
439.2400,0.341383
439.2600,0.309212
439.2800,0.352313
439.3000,0.318822
439.3200,0.464914
439.3400,0.695938
439.3600,0.837264
439.3800,0.820187
439.4000,0.786306
439.4200,1.180264
439.4400,0.844596
439.4600,0.557202
439.4800,0.714152
439.5000,1.060253
439.5200,1.947188
439.5400,2.016136
439.5600,2.104388
439.5800,1.725278
439.6000,1.354504
439.6200,1.353506
439.6400,1.649796
439.6600,2.584883
439.6800,2.873303
439.7000,3.600000
439.7200,3.600000
439.7400,3.600000
439.7600,3.600000
439.7800,3.600000
439.8000,3.464375
439.8200,2.718711
439.8400,1.488334
439.8600,0.848599
439.8800,0.480920
439.9000,0.318351
439.9200,0.399919
439.9400,0.644845
439.9600,0.447999
439.9800,0.339386
440.0000,0.124883
440.0200,0.097013
440.0400,0.139956
440.0600,0.133710
440.0800,0.320662
440.1000,0.242754
440.1200,0.156258
440.1400,0.230174
440.1600,0.191273
440.1800,0.101019
440.2000,0.099042
440.2200,0.223905
440.2400,0.209084
440.2600,0.162820
440.2800,0.262646
440.3000,0.300027
440.3200,0.677176
440.3400,1.084073
440.3600,1.444872
440.3800,1.380175
440.4000,1.523555
440.4200,1.024203
440.4400,1.007947
440.4600,1.213410
440.4800,1.201827
440.5000,0.828650
440.5200,0.660220
440.5400,0.953960
440.5600,1.464321
440.5800,1.749178
440.6000,2.079545
440.6200,2.343575
440.6400,2.034417
440.6600,1.705975
440.6800,1.441204
440.7000,1.295843
440.7200,0.790802
440.7400,0.982347
440.7600,1.731047
440.7800,2.682341
440.8000,2.843155
440.8200,2.228290
440.8400,1.604539
440.8600,1.082217
440.8800,1.593440
440.9000,2.478548
440.9200,2.009977
440.9400,1.155461
440.9600,0.823965
440.9800,0.528933
441.0000,0.302951
441.0200,0.177932
441.0400,0.153442
441.0600,0.172353
441.0800,0.202739
441.1000,0.231140
441.1200,0.507822
441.1400,0.659881
441.1600,1.304354
441.1800,1.042940
441.2000,0.690721
441.2200,0.763086
441.2400,1.236147
441.2600,1.517985
441.2800,1.392538
441.3000,1.293097
441.3200,1.717025
441.3400,2.634431
441.3600,3.228480
441.3800,2.796718
441.4000,2.557092
441.4200,2.724486
441.4400,2.686326
441.4600,2.878982
441.4800,3.172268
441.5000,2.912671
441.5200,2.469458
441.5400,1.774091
441.5600,0.949571
441.5800,0.613784
441.6000,0.470314
441.6200,0.378206
441.6400,0.813892
441.6600,0.891864
441.6800,0.589639
441.7000,0.384683
441.7200,0.347233
441.7400,0.341383
441.7600,0.309212
441.7800,0.352313
441.8000,0.318822
441.8200,0.464914
441.8400,0.695938
441.8600,0.837264
441.8800,0.820187
441.9000,0.786306
441.9200,1.180264
441.9400,0.844596
441.9600,0.557202
441.9800,0.714152
442.0000,1.060253
442.0200,1.947188
442.0400,2.016136
442.0600,2.104388
442.0800,1.725278
442.1000,1.354504
442.1200,1.353506
442.1400,1.649796
442.1600,2.584883
442.1800,2.873303
442.2000,3.600000
442.2200,3.600000
442.2400,3.600000
442.2600,3.600000
442.2800,3.600000
442.3000,3.464375
442.3200,2.718711
442.3400,1.488334
442.3600,0.848599
442.3800,0.480920
442.4000,0.318351
442.4200,0.399919
442.4400,0.644845
442.4600,0.447999
442.4800,0.339386
442.5000,0.124883
442.5200,0.097013
442.5400,0.139956
442.5600,0.133710
442.5800,0.320662
442.6000,0.242754
442.6200,0.156258
442.6400,0.230174
442.6600,0.191273
442.6800,0.101019
442.7000,0.099042
442.7200,0.223905
442.7400,0.209084
442.7600,0.162820
442.7800,0.262646
442.8000,0.300027
442.8200,0.677176
442.8400,1.084073
442.8600,1.444872
442.8800,1.380175
442.9000,1.523555
442.9200,1.024203
442.9400,1.007947
442.9600,1.213410
442.9800,1.201827
443.0000,0.828650
443.0200,0.660220
443.0400,0.953960
443.0600,1.464321
443.0800,1.749178
443.1000,2.079545
443.1200,2.343575
443.1400,2.034417
443.1600,1.705975
443.1800,1.441204
443.2000,1.295843
443.2200,0.790802
443.2400,0.982347
443.2600,1.731047
443.2800,2.682341
443.3000,2.843155
443.3200,2.228290
443.3400,1.604539
443.3600,1.082217
443.3800,1.593440
443.4000,2.478548
443.4200,2.009977
443.4400,1.155461
443.4600,0.823965
443.4800,0.528933
443.5000,0.302951
443.5200,0.177932
443.5400,0.153442
443.5600,0.172353
443.5800,0.202739
443.6000,0.231140
443.6200,0.507822
443.6400,0.659881
443.6600,1.304354
443.6800,1.042940
443.7000,0.690721
443.7200,0.763086
443.7400,1.236147
443.7600,1.517985
443.7800,1.392538
443.8000,1.293097
443.8200,1.717025
443.8400,2.634431
443.8600,3.228480
443.8800,2.796718
443.9000,2.557092
443.9200,2.724486
443.9400,2.686326
443.9600,2.878982
443.9800,3.172268
444.0000,2.912671
444.0200,2.469458
444.0400,1.774091
444.0600,0.949571
444.0800,0.613784
444.1000,0.470314
444.1200,0.378206
444.1400,0.813892
444.1600,0.891864
444.1800,0.589639
444.2000,0.384683
444.2200,0.347233
444.2400,0.341383
444.2600,0.309212
444.2800,0.352313
444.3000,0.318822
444.3200,0.464914
444.3400,0.695938
444.3600,0.837264
444.3800,0.820187
444.4000,0.786306
444.4200,1.180264
444.4400,0.844596
444.4600,0.557202
444.4800,0.714152
444.5000,1.060253
444.5200,1.947188
444.5400,2.016136
444.5600,2.104388
444.5800,1.725278
444.6000,1.354504
444.6200,1.353506
444.6400,1.649796
444.6600,2.584883
444.6800,2.873303
444.7000,3.600000
444.7200,3.600000
444.7400,3.600000
444.7600,3.600000
444.7800,3.600000
444.8000,3.464375
444.8200,2.718711
444.8400,1.488334
444.8600,0.848599
444.8800,0.480920
444.9000,0.318351
444.9200,0.399919
444.9400,0.644845
444.9600,0.447999
444.9800,0.339386
445.0000,0.124883
445.0200,0.097013
445.0400,0.139956
445.0600,0.133710
445.0800,0.320662
445.1000,0.242754
445.1200,0.156258
445.1400,0.230174
445.1600,0.191273
445.1800,0.101019
445.2000,0.099042
445.2200,0.223905
445.2400,0.209084
445.2600,0.162820
445.2800,0.262646
445.3000,0.300027
445.3200,0.677176
445.3400,1.084073
445.3600,1.444872
445.3800,1.380175
445.4000,1.523555
445.4200,1.024203
445.4400,1.007947
445.4600,1.213410
445.4800,1.201827
445.5000,0.828650
445.5200,0.660220
445.5400,0.953960
445.5600,1.464321
445.5800,1.749178
445.6000,2.079545
445.6200,2.343575
445.6400,2.034417
445.6600,1.705975
445.6800,1.441204
445.7000,1.295843
445.7200,0.790802
445.7400,0.982347
445.7600,1.731047
445.7800,2.682341
445.8000,2.843155
445.8200,2.228290
445.8400,1.604539
445.8600,1.082217
445.8800,1.593440
445.9000,2.478548
445.9200,2.009977
445.9400,1.155461
445.9600,0.823965
445.9800,0.528933
446.0000,0.302951
446.0200,0.177932
446.0400,0.153442
446.0600,0.172353
446.0800,0.202739
446.1000,0.231140
446.1200,0.507822
446.1400,0.659881
446.1600,1.304354
446.1800,1.042940
446.2000,0.690721
446.2200,0.763086
446.2400,1.236147
446.2600,1.517985
446.2800,1.392538
446.3000,1.293097
446.3200,1.717025
446.3400,2.634431
446.3600,3.228480
446.3800,2.796718
446.4000,2.557092
446.4200,2.724486
446.4400,2.686326
446.4600,2.878982
446.4800,3.172268
446.5000,2.912671
446.5200,2.469458
446.5400,1.774091
446.5600,0.949571
446.5800,0.613784
446.6000,0.470314
446.6200,0.378206
446.6400,0.813892
446.6600,0.891864
446.6800,0.589639
446.7000,0.384683
446.7200,0.347233
446.7400,0.341383
446.7600,0.309212
446.7800,0.352313
446.8000,0.318822
446.8200,0.464914
446.8400,0.695938
446.8600,0.837264
446.8800,0.820187
446.9000,0.786306
446.9200,1.180264
446.9400,0.844596
446.9600,0.557202
446.9800,0.714152
447.0000,1.060253
447.0200,1.947188
447.0400,2.016136
447.0600,2.104388
447.0800,1.725278
447.1000,1.354504
447.1200,1.353506
447.1400,1.649796
447.1600,2.584883
447.1800,2.873303
447.2000,3.600000
447.2200,3.600000
447.2400,3.600000
447.2600,3.600000
447.2800,3.600000
447.3000,3.464375
447.3200,2.718711
447.3400,1.488334
447.3600,0.848599
447.3800,0.480920
447.4000,0.318351
447.4200,0.399919
447.4400,0.644845
447.4600,0.447999
447.4800,0.339386
447.5000,0.124883
447.5200,0.097013
447.5400,0.139956
447.5600,0.133710
447.5800,0.320662
447.6000,0.242754
447.6200,0.156258
447.6400,0.230174
447.6600,0.191273
447.6800,0.101019
447.7000,0.099042
447.7200,0.223905
447.7400,0.209084
447.7600,0.162820
447.7800,0.262646
447.8000,0.300027
447.8200,0.677176
447.8400,1.084073
447.8600,1.444872
447.8800,1.380175
447.9000,1.523555
447.9200,1.024203
447.9400,1.007947
447.9600,1.213410
447.9800,1.201827
448.0000,0.828650
448.0200,0.660220
448.0400,0.953960
448.0600,1.464321
448.0800,1.749178
448.1000,2.079545
448.1200,2.343575
448.1400,2.034417
448.1600,1.705975
448.1800,1.441204
448.2000,1.295843
448.2200,0.790802
448.2400,0.982347
448.2600,1.731047
448.2800,2.682341
448.3000,2.843155
448.3200,2.228290
448.3400,1.604539
448.3600,1.082217
448.3800,1.593440
448.4000,2.478548
448.4200,2.009977
448.4400,1.155461
448.4600,0.823965
448.4800,0.528933
448.5000,0.302951
448.5200,0.177932
448.5400,0.153442
448.5600,0.172353
448.5800,0.202739
448.6000,0.231140
448.6200,0.507822
448.6400,0.659881
448.6600,1.304354
448.6800,1.042940
448.7000,0.690721
448.7200,0.763086
448.7400,1.236147
448.7600,1.517985
448.7800,1.392538
448.8000,1.293097
448.8200,1.717025
448.8400,2.634431
448.8600,3.228480
448.8800,2.796718
448.9000,2.557092
448.9200,2.724486
448.9400,2.686326
448.9600,2.878982
448.9800,3.172268
449.0000,2.912671
449.0200,2.469458
449.0400,1.774091
449.0600,0.949571
449.0800,0.613784
449.1000,0.470314
449.1200,0.378206
449.1400,0.813892
449.1600,0.891864
449.1800,0.589639
449.2000,0.384683
449.2200,0.347233
449.2400,0.341383
449.2600,0.309212
449.2800,0.352313
449.3000,0.318822
449.3200,0.464914
449.3400,0.695938
449.3600,0.837264
449.3800,0.820187
449.4000,0.786306
449.4200,1.180264
449.4400,0.844596
449.4600,0.557202
449.4800,0.714152
449.5000,1.060253
449.5200,1.947188
449.5400,2.016136
449.5600,2.104388
449.5800,1.725278
449.6000,1.354504
449.6200,1.353506
449.6400,1.649796
449.6600,2.584883
449.6800,2.873303
449.7000,3.600000
449.7200,3.600000
449.7400,3.600000
449.7600,3.600000
449.7800,3.600000
449.8000,3.464375
449.8200,2.718711
449.8400,1.488334
449.8600,0.848599
449.8800,0.480920
449.9000,0.318351
449.9200,0.399919
449.9400,0.644845
449.9600,0.447999
449.9800,0.339386
450.0000,0.124883
450.0200,0.097013
450.0400,0.139956
450.0600,0.133710
450.0800,0.320662
450.1000,0.242754
450.1200,0.156258
450.1400,0.230174
450.1600,0.191273
450.1800,0.101019
450.2000,0.099042
450.2200,0.223905
450.2400,0.209084
450.2600,0.162820
450.2800,0.262646
450.3000,0.300027
450.3200,0.677176
450.3400,1.084073
450.3600,1.444872
450.3800,1.380175
450.4000,1.523555
450.4200,1.024203
450.4400,1.007947
450.4600,1.213410
450.4800,1.201827
450.5000,0.828650
450.5200,0.660220
450.5400,0.953960
450.5600,1.464321
450.5800,1.749178
450.6000,2.079545
450.6200,2.343575
450.6400,2.034417
450.6600,1.705975
450.6800,1.441204
450.7000,1.295843
450.7200,0.790802
450.7400,0.982347
450.7600,1.731047
450.7800,2.682341
450.8000,2.843155
450.8200,2.228290
450.8400,1.604539
450.8600,1.082217
450.8800,1.593440
450.9000,2.478548
450.9200,2.009977
450.9400,1.155461
450.9600,0.823965
450.9800,0.528933
451.0000,0.302951
451.0200,0.177932
451.0400,0.153442
451.0600,0.172353
451.0800,0.202739
451.1000,0.231140
451.1200,0.507822
451.1400,0.659881
451.1600,1.304354
451.1800,1.042940
451.2000,0.690721
451.2200,0.763086
451.2400,1.236147
451.2600,1.517985
451.2800,1.392538
451.3000,1.293097
451.3200,1.717025
451.3400,2.634431
451.3600,3.228480
451.3800,2.796718
451.4000,2.557092
451.4200,2.724486
451.4400,2.686326
451.4600,2.878982
451.4800,3.172268
451.5000,2.912671
451.5200,2.469458
451.5400,1.774091
451.5600,0.949571
451.5800,0.613784
451.6000,0.470314
451.6200,0.378206
451.6400,0.813892
451.6600,0.891864
451.6800,0.589639
451.7000,0.384683
451.7200,0.347233
451.7400,0.341383
451.7600,0.309212
451.7800,0.352313
451.8000,0.318822
451.8200,0.464914
451.8400,0.695938
451.8600,0.837264
451.8800,0.820187
451.9000,0.786306
451.9200,1.180264
451.9400,0.844596
451.9600,0.557202
451.9800,0.714152
452.0000,1.060253
452.0200,1.947188
452.0400,2.016136
452.0600,2.104388
452.0800,1.725278
452.1000,1.354504
452.1200,1.353506
452.1400,1.649796
452.1600,2.584883
452.1800,2.873303
452.2000,3.600000
452.2200,3.600000
452.2400,3.600000
452.2600,3.600000
452.2800,3.600000
452.3000,3.464375
452.3200,2.718711
452.3400,1.488334
452.3600,0.848599
452.3800,0.480920
452.4000,0.318351
452.4200,0.399919
452.4400,0.644845
452.4600,0.447999
452.4800,0.339386
452.5000,0.124883
452.5200,0.097013
452.5400,0.139956
452.5600,0.133710
452.5800,0.320662
452.6000,0.242754
452.6200,0.156258
452.6400,0.230174
452.6600,0.191273
452.6800,0.101019
452.7000,0.099042
452.7200,0.223905
452.7400,0.209084
452.7600,0.162820
452.7800,0.262646
452.8000,0.300027
452.8200,0.677176
452.8400,1.084073
452.8600,1.444872
452.8800,1.380175
452.9000,1.523555
452.9200,1.024203
452.9400,1.007947
452.9600,1.213410
452.9800,1.201827
453.0000,0.828650
453.0200,0.660220
453.0400,0.953960
453.0600,1.464321
453.0800,1.749178
453.1000,2.079545
453.1200,2.343575
453.1400,2.034417
453.1600,1.705975
453.1800,1.441204
453.2000,1.295843
453.2200,0.790802
453.2400,0.982347
453.2600,1.731047
453.2800,2.682341
453.3000,2.843155
453.3200,2.228290
453.3400,1.604539
453.3600,1.082217
453.3800,1.593440
453.4000,2.478548
453.4200,2.009977
453.4400,1.155461
453.4600,0.823965
453.4800,0.528933
453.5000,0.302951
453.5200,0.177932
453.5400,0.153442
453.5600,0.172353
453.5800,0.202739
453.6000,0.231140
453.6200,0.507822
453.6400,0.659881
453.6600,1.304354
453.6800,1.042940
453.7000,0.690721
453.7200,0.763086
453.7400,1.236147
453.7600,1.517985
453.7800,1.392538
453.8000,1.293097
453.8200,1.717025
453.8400,2.634431
453.8600,3.228480
453.8800,2.796718
453.9000,2.557092
453.9200,2.724486
453.9400,2.686326
453.9600,2.878982
453.9800,3.172268
454.0000,2.912671
454.0200,2.469458
454.0400,1.774091
454.0600,0.949571
454.0800,0.613784
454.1000,0.470314
454.1200,0.378206
454.1400,0.813892
454.1600,0.891864
454.1800,0.589639
454.2000,0.384683
454.2200,0.347233
454.2400,0.341383
454.2600,0.309212
454.2800,0.352313
454.3000,0.318822
454.3200,0.464914
454.3400,0.695938
454.3600,0.837264
454.3800,0.820187
454.4000,0.786306
454.4200,1.180264
454.4400,0.844596
454.4600,0.557202
454.4800,0.714152
454.5000,1.060253
454.5200,1.947188
454.5400,2.016136
454.5600,2.104388
454.5800,1.725278
454.6000,1.354504
454.6200,1.353506
454.6400,1.649796
454.6600,2.584883
454.6800,2.873303
454.7000,3.600000
454.7200,3.600000
454.7400,3.600000
454.7600,3.600000
454.7800,3.600000
454.8000,3.464375
454.8200,2.718711
454.8400,1.488334
454.8600,0.848599
454.8800,0.480920
454.9000,0.318351
454.9200,0.399919
454.9400,0.644845
454.9600,0.447999
454.9800,0.339386
455.0000,0.124883
455.0200,0.097013
455.0400,0.139956
455.0600,0.133710
455.0800,0.320662
455.1000,0.242754
455.1200,0.156258
455.1400,0.230174
455.1600,0.191273
455.1800,0.101019
455.2000,0.099042
455.2200,0.223905
455.2400,0.209084
455.2600,0.162820
455.2800,0.262646
455.3000,0.300027
455.3200,0.677176
455.3400,1.084073
455.3600,1.444872
455.3800,1.380175
455.4000,1.523555
455.4200,1.024203
455.4400,1.007947
455.4600,1.213410
455.4800,1.201827
455.5000,0.828650
455.5200,0.660220
455.5400,0.953960
455.5600,1.464321
455.5800,1.749178
455.6000,2.079545
455.6200,2.343575
455.6400,2.034417
455.6600,1.705975
455.6800,1.441204
455.7000,1.295843
455.7200,0.790802
455.7400,0.982347
455.7600,1.731047
455.7800,2.682341
455.8000,2.843155
455.8200,2.228290
455.8400,1.604539
455.8600,1.082217
455.8800,1.593440
455.9000,2.478548
455.9200,2.009977
455.9400,1.155461
455.9600,0.823965
455.9800,0.528933
456.0000,0.302951
456.0200,0.177932
456.0400,0.153442
456.0600,0.172353
456.0800,0.202739
456.1000,0.231140
456.1200,0.507822
456.1400,0.659881
456.1600,1.304354
456.1800,1.042940
456.2000,0.690721
456.2200,0.763086
456.2400,1.236147
456.2600,1.517985
456.2800,1.392538
456.3000,1.293097
456.3200,1.717025
456.3400,2.634431
456.3600,3.228480
456.3800,2.796718
456.4000,2.557092
456.4200,2.724486
456.4400,2.686326
456.4600,2.878982
456.4800,3.172268
456.5000,2.912671
456.5200,2.469458
456.5400,1.774091
456.5600,0.949571
456.5800,0.613784
456.6000,0.470314
456.6200,0.378206
456.6400,0.813892
456.6600,0.891864
456.6800,0.589639
456.7000,0.384683
456.7200,0.347233
456.7400,0.341383
456.7600,0.309212
456.7800,0.352313
456.8000,0.318822
456.8200,0.464914
456.8400,0.695938
456.8600,0.837264
456.8800,0.820187
456.9000,0.786306
456.9200,1.180264
456.9400,0.844596
456.9600,0.557202
456.9800,0.714152
457.0000,1.060253
457.0200,1.947188
457.0400,2.016136
457.0600,2.104388
457.0800,1.725278
457.1000,1.354504
457.1200,1.353506
457.1400,1.649796
457.1600,2.584883
457.1800,2.873303
457.2000,3.600000
457.2200,3.600000
457.2400,3.600000
457.2600,3.600000
457.2800,3.600000
457.3000,3.464375
457.3200,2.718711
457.3400,1.488334
457.3600,0.848599
457.3800,0.480920
457.4000,0.318351
457.4200,0.399919
457.4400,0.644845
457.4600,0.447999
457.4800,0.339386
457.5000,0.124883
457.5200,0.097013
457.5400,0.139956
457.5600,0.133710
457.5800,0.320662
457.6000,0.242754
457.6200,0.156258
457.6400,0.230174
457.6600,0.191273
457.6800,0.101019
457.7000,0.099042
457.7200,0.223905
457.7400,0.209084
457.7600,0.162820
457.7800,0.262646
457.8000,0.300027
457.8200,0.677176
457.8400,1.084073
457.8600,1.444872
457.8800,1.380175
457.9000,1.523555
457.9200,1.024203
457.9400,1.007947
457.9600,1.213410
457.9800,1.201827
458.0000,0.828650
458.0200,0.660220
458.0400,0.953960
458.0600,1.464321
458.0800,1.749178
458.1000,2.079545
458.1200,2.343575
458.1400,2.034417
458.1600,1.705975
458.1800,1.441204
458.2000,1.295843
458.2200,0.790802
458.2400,0.982347
458.2600,1.731047
458.2800,2.682341
458.3000,2.843155
458.3200,2.228290
458.3400,1.604539
458.3600,1.082217
458.3800,1.593440
458.4000,2.478548
458.4200,2.009977
458.4400,1.155461
458.4600,0.823965
458.4800,0.528933
458.5000,0.302951
458.5200,0.177932
458.5400,0.153442
458.5600,0.172353
458.5800,0.202739
458.6000,0.231140
458.6200,0.507822
458.6400,0.659881
458.6600,1.304354
458.6800,1.042940
458.7000,0.690721
458.7200,0.763086
458.7400,1.236147
458.7600,1.517985
458.7800,1.392538
458.8000,1.293097
458.8200,1.717025
458.8400,2.634431
458.8600,3.228480
458.8800,2.796718
458.9000,2.557092
458.9200,2.724486
458.9400,2.686326
458.9600,2.878982
458.9800,3.172268
459.0000,2.912671
459.0200,2.469458
459.0400,1.774091
459.0600,0.949571
459.0800,0.613784
459.1000,0.470314
459.1200,0.378206
459.1400,0.813892
459.1600,0.891864
459.1800,0.589639
459.2000,0.384683
459.2200,0.347233
459.2400,0.341383
459.2600,0.309212
459.2800,0.352313
459.3000,0.318822
459.3200,0.464914
459.3400,0.695938
459.3600,0.837264
459.3800,0.820187
459.4000,0.786306
459.4200,1.180264
459.4400,0.844596
459.4600,0.557202
459.4800,0.714152
459.5000,1.060253
459.5200,1.947188
459.5400,2.016136
459.5600,2.104388
459.5800,1.725278
459.6000,1.354504
459.6200,1.353506
459.6400,1.649796
459.6600,2.584883
459.6800,2.873303
459.7000,3.600000
459.7200,3.600000
459.7400,3.600000
459.7600,3.600000
459.7800,3.600000
459.8000,3.464375
459.8200,2.718711
459.8400,1.488334
459.8600,0.848599
459.8800,0.480920
459.9000,0.318351
459.9200,0.399919
459.9400,0.644845
459.9600,0.447999
459.9800,0.339386
460.0000,0.124883
460.0200,0.097013
460.0400,0.139956
460.0600,0.133710
460.0800,0.320662
460.1000,0.242754
460.1200,0.156258
460.1400,0.230174
460.1600,0.191273
460.1800,0.101019
460.2000,0.099042
460.2200,0.223905
460.2400,0.209084
460.2600,0.162820
460.2800,0.262646
460.3000,0.300027
460.3200,0.677176
460.3400,1.084073
460.3600,1.444872
460.3800,1.380175
460.4000,1.523555
460.4200,1.024203
460.4400,1.007947
460.4600,1.213410
460.4800,1.201827
460.5000,0.828650
460.5200,0.660220
460.5400,0.953960
460.5600,1.464321
460.5800,1.749178
460.6000,2.079545
460.6200,2.343575
460.6400,2.034417
460.6600,1.705975
460.6800,1.441204
460.7000,1.295843
460.7200,0.790802
460.7400,0.982347
460.7600,1.731047
460.7800,2.682341
460.8000,2.843155
460.8200,2.228290
460.8400,1.604539
460.8600,1.082217
460.8800,1.593440
460.9000,2.478548
460.9200,2.009977
460.9400,1.155461
460.9600,0.823965
460.9800,0.528933
461.0000,0.302951
461.0200,0.177932
461.0400,0.153442
461.0600,0.172353
461.0800,0.202739
461.1000,0.231140
461.1200,0.507822
461.1400,0.659881
461.1600,1.304354
461.1800,1.042940
461.2000,0.690721
461.2200,0.763086
461.2400,1.236147
461.2600,1.517985
461.2800,1.392538
461.3000,1.293097
461.3200,1.717025
461.3400,2.634431
461.3600,3.228480
461.3800,2.796718
461.4000,2.557092
461.4200,2.724486
461.4400,2.686326
461.4600,2.878982
461.4800,3.172268
461.5000,2.912671
461.5200,2.469458
461.5400,1.774091
461.5600,0.949571
461.5800,0.613784
461.6000,0.470314
461.6200,0.378206
461.6400,0.813892
461.6600,0.891864
461.6800,0.589639
461.7000,0.384683
461.7200,0.347233
461.7400,0.341383
461.7600,0.309212
461.7800,0.352313
461.8000,0.318822
461.8200,0.464914
461.8400,0.695938
461.8600,0.837264
461.8800,0.820187
461.9000,0.786306
461.9200,1.180264
461.9400,0.844596
461.9600,0.557202
461.9800,0.714152
462.0000,1.060253
462.0200,1.947188
462.0400,2.016136
462.0600,2.104388
462.0800,1.725278
462.1000,1.354504
462.1200,1.353506
462.1400,1.649796
462.1600,2.584883
462.1800,2.873303
462.2000,3.600000
462.2200,3.600000
462.2400,3.600000
462.2600,3.600000
462.2800,3.600000
462.3000,3.464375
462.3200,2.718711
462.3400,1.488334
462.3600,0.848599
462.3800,0.480920
462.4000,0.318351
462.4200,0.399919
462.4400,0.644845
462.4600,0.447999
462.4800,0.339386
462.5000,0.124883
462.5200,0.097013
462.5400,0.139956
462.5600,0.133710
462.5800,0.320662
462.6000,0.242754
462.6200,0.156258
462.6400,0.230174
462.6600,0.191273
462.6800,0.101019
462.7000,0.099042
462.7200,0.223905
462.7400,0.209084
462.7600,0.162820
462.7800,0.262646
462.8000,0.300027
462.8200,0.677176
462.8400,1.084073
462.8600,1.444872
462.8800,1.380175
462.9000,1.523555
462.9200,1.024203
462.9400,1.007947
462.9600,1.213410
462.9800,1.201827
463.0000,0.828650
463.0200,0.660220
463.0400,0.953960
463.0600,1.464321
463.0800,1.749178
463.1000,2.079545
463.1200,2.343575
463.1400,2.034417
463.1600,1.705975
463.1800,1.441204
463.2000,1.295843
463.2200,0.790802
463.2400,0.982347
463.2600,1.731047
463.2800,2.682341
463.3000,2.843155
463.3200,2.228290
463.3400,1.604539
463.3600,1.082217
463.3800,1.593440
463.4000,2.478548
463.4200,2.009977
463.4400,1.155461
463.4600,0.823965
463.4800,0.528933
463.5000,0.302951
463.5200,0.177932
463.5400,0.153442
463.5600,0.172353
463.5800,0.202739
463.6000,0.231140
463.6200,0.507822
463.6400,0.659881
463.6600,1.304354
463.6800,1.042940
463.7000,0.690721
463.7200,0.763086
463.7400,1.236147
463.7600,1.517985
463.7800,1.392538
463.8000,1.293097
463.8200,1.717025
463.8400,2.634431
463.8600,3.228480
463.8800,2.796718
463.9000,2.557092
463.9200,2.724486
463.9400,2.686326
463.9600,2.878982
463.9800,3.172268
464.0000,2.912671
464.0200,2.469458
464.0400,1.774091
464.0600,0.949571
464.0800,0.613784
464.1000,0.470314
464.1200,0.378206
464.1400,0.813892
464.1600,0.891864
464.1800,0.589639
464.2000,0.384683
464.2200,0.347233
464.2400,0.341383
464.2600,0.309212
464.2800,0.352313
464.3000,0.318822
464.3200,0.464914
464.3400,0.695938
464.3600,0.837264
464.3800,0.820187
464.4000,0.786306
464.4200,1.180264
464.4400,0.844596
464.4600,0.557202
464.4800,0.714152
464.5000,1.060253
464.5200,1.947188
464.5400,2.016136
464.5600,2.104388
464.5800,1.725278
464.6000,1.354504
464.6200,1.353506
464.6400,1.649796
464.6600,2.584883
464.6800,2.873303
464.7000,3.600000
464.7200,3.600000
464.7400,3.600000
464.7600,3.600000
464.7800,3.600000
464.8000,3.464375
464.8200,2.718711
464.8400,1.488334
464.8600,0.848599
464.8800,0.480920
464.9000,0.318351
464.9200,0.399919
464.9400,0.644845
464.9600,0.447999
464.9800,0.339386
465.0000,0.124883
465.0200,0.097013
465.0400,0.139956
465.0600,0.133710
465.0800,0.320662
465.1000,0.242754
465.1200,0.156258
465.1400,0.230174
465.1600,0.191273
465.1800,0.101019
465.2000,0.099042
465.2200,0.223905
465.2400,0.209084
465.2600,0.162820
465.2800,0.262646
465.3000,0.300027
465.3200,0.677176
465.3400,1.084073
465.3600,1.444872
465.3800,1.380175
465.4000,1.523555
465.4200,1.024203
465.4400,1.007947
465.4600,1.213410
465.4800,1.201827
465.5000,0.828650
465.5200,0.660220
465.5400,0.953960
465.5600,1.464321
465.5800,1.749178
465.6000,2.079545
465.6200,2.343575
465.6400,2.034417
465.6600,1.705975
465.6800,1.441204
465.7000,1.295843
465.7200,0.790802
465.7400,0.982347
465.7600,1.731047
465.7800,2.682341
465.8000,2.843155
465.8200,2.228290
465.8400,1.604539
465.8600,1.082217
465.8800,1.593440
465.9000,2.478548
465.9200,2.009977
465.9400,1.155461
465.9600,0.823965
465.9800,0.528933
466.0000,0.302951
466.0200,0.177932
466.0400,0.153442
466.0600,0.172353
466.0800,0.202739
466.1000,0.231140
466.1200,0.507822
466.1400,0.659881
466.1600,1.304354
466.1800,1.042940
466.2000,0.690721
466.2200,0.763086
466.2400,1.236147
466.2600,1.517985
466.2800,1.392538
466.3000,1.293097
466.3200,1.717025
466.3400,2.634431
466.3600,3.228480
466.3800,2.796718
466.4000,2.557092
466.4200,2.724486
466.4400,2.686326
466.4600,2.878982
466.4800,3.172268
466.5000,2.912671
466.5200,2.469458
466.5400,1.774091
466.5600,0.949571
466.5800,0.613784
466.6000,0.470314
466.6200,0.378206
466.6400,0.813892
466.6600,0.891864
466.6800,0.589639
466.7000,0.384683
466.7200,0.347233
466.7400,0.341383
466.7600,0.309212
466.7800,0.352313
466.8000,0.318822
466.8200,0.464914
466.8400,0.695938
466.8600,0.837264
466.8800,0.820187
466.9000,0.786306
466.9200,1.180264
466.9400,0.844596
466.9600,0.557202
466.9800,0.714152
467.0000,1.060253
467.0200,1.947188
467.0400,2.016136
467.0600,2.104388
467.0800,1.725278
467.1000,1.354504
467.1200,1.353506
467.1400,1.649796
467.1600,2.584883
467.1800,2.873303
467.2000,3.600000
467.2200,3.600000
467.2400,3.600000
467.2600,3.600000
467.2800,3.600000
467.3000,3.464375
467.3200,2.718711
467.3400,1.488334
467.3600,0.848599
467.3800,0.480920
467.4000,0.318351
467.4200,0.399919
467.4400,0.644845
467.4600,0.447999
467.4800,0.339386
467.5000,0.124883
467.5200,0.097013
467.5400,0.139956
467.5600,0.133710
467.5800,0.320662
467.6000,0.242754
467.6200,0.156258
467.6400,0.230174
467.6600,0.191273
467.6800,0.101019
467.7000,0.099042
467.7200,0.223905
467.7400,0.209084
467.7600,0.162820
467.7800,0.262646
467.8000,0.300027
467.8200,0.677176
467.8400,1.084073
467.8600,1.444872
467.8800,1.380175
467.9000,1.523555
467.9200,1.024203
467.9400,1.007947
467.9600,1.213410
467.9800,1.201827
468.0000,0.828650
468.0200,0.660220
468.0400,0.953960
468.0600,1.464321
468.0800,1.749178
468.1000,2.079545
468.1200,2.343575
468.1400,2.034417
468.1600,1.705975
468.1800,1.441204
468.2000,1.295843
468.2200,0.790802
468.2400,0.982347
468.2600,1.731047
468.2800,2.682341
468.3000,2.843155
468.3200,2.228290
468.3400,1.604539
468.3600,1.082217
468.3800,1.593440
468.4000,2.478548
468.4200,2.009977
468.4400,1.155461
468.4600,0.823965
468.4800,0.528933
468.5000,0.302951
468.5200,0.177932
468.5400,0.153442
468.5600,0.172353
468.5800,0.202739
468.6000,0.231140
468.6200,0.507822
468.6400,0.659881
468.6600,1.304354
468.6800,1.042940
468.7000,0.690721
468.7200,0.763086
468.7400,1.236147
468.7600,1.517985
468.7800,1.392538
468.8000,1.293097
468.8200,1.717025
468.8400,2.634431
468.8600,3.228480
468.8800,2.796718
468.9000,2.557092
468.9200,2.724486
468.9400,2.686326
468.9600,2.878982
468.9800,3.172268
469.0000,2.912671
469.0200,2.469458
469.0400,1.774091
469.0600,0.949571
469.0800,0.613784
469.1000,0.470314
469.1200,0.378206
469.1400,0.813892
469.1600,0.891864
469.1800,0.589639
469.2000,0.384683
469.2200,0.347233
469.2400,0.341383
469.2600,0.309212
469.2800,0.352313
469.3000,0.318822
469.3200,0.464914
469.3400,0.695938
469.3600,0.837264
469.3800,0.820187
469.4000,0.786306
469.4200,1.180264
469.4400,0.844596
469.4600,0.557202
469.4800,0.714152
469.5000,1.060253
469.5200,1.947188
469.5400,2.016136
469.5600,2.104388
469.5800,1.725278
469.6000,1.354504
469.6200,1.353506
469.6400,1.649796
469.6600,2.584883
469.6800,2.873303
469.7000,3.600000
469.7200,3.600000
469.7400,3.600000
469.7600,3.600000
469.7800,3.600000
469.8000,3.464375
469.8200,2.718711
469.8400,1.488334
469.8600,0.848599
469.8800,0.480920
469.9000,0.318351
469.9200,0.399919
469.9400,0.644845
469.9600,0.447999
469.9800,0.339386
470.0000,0.124883
470.0200,0.097013
470.0400,0.139956
470.0600,0.133710
470.0800,0.320662
470.1000,0.242754
470.1200,0.156258
470.1400,0.230174
470.1600,0.191273
470.1800,0.101019
470.2000,0.099042
470.2200,0.223905
470.2400,0.209084
470.2600,0.162820
470.2800,0.262646
470.3000,0.300027
470.3200,0.677176
470.3400,1.084073
470.3600,1.444872
470.3800,1.380175
470.4000,1.523555
470.4200,1.024203
470.4400,1.007947
470.4600,1.213410
470.4800,1.201827
470.5000,0.828650
470.5200,0.660220
470.5400,0.953960
470.5600,1.464321
470.5800,1.749178
470.6000,2.079545
470.6200,2.343575
470.6400,2.034417
470.6600,1.705975
470.6800,1.441204
470.7000,1.295843
470.7200,0.790802
470.7400,0.982347
470.7600,1.731047
470.7800,2.682341
470.8000,2.843155
470.8200,2.228290
470.8400,1.604539
470.8600,1.082217
470.8800,1.593440
470.9000,2.478548
470.9200,2.009977
470.9400,1.155461
470.9600,0.823965
470.9800,0.528933
471.0000,0.302951
471.0200,0.177932
471.0400,0.153442
471.0600,0.172353
471.0800,0.202739
471.1000,0.231140
471.1200,0.507822
471.1400,0.659881
471.1600,1.304354
471.1800,1.042940
471.2000,0.690721
471.2200,0.763086
471.2400,1.236147
471.2600,1.517985
471.2800,1.392538
471.3000,1.293097
471.3200,1.717025
471.3400,2.634431
471.3600,3.228480
471.3800,2.796718
471.4000,2.557092
471.4200,2.724486
471.4400,2.686326
471.4600,2.878982
471.4800,3.172268
471.5000,2.912671
471.5200,2.469458
471.5400,1.774091
471.5600,0.949571
471.5800,0.613784
471.6000,0.470314
471.6200,0.378206
471.6400,0.813892
471.6600,0.891864
471.6800,0.589639
471.7000,0.384683
471.7200,0.347233
471.7400,0.341383
471.7600,0.309212
471.7800,0.352313
471.8000,0.318822
471.8200,0.464914
471.8400,0.695938
471.8600,0.837264
471.8800,0.820187
471.9000,0.786306
471.9200,1.180264
471.9400,0.844596
471.9600,0.557202
471.9800,0.714152
472.0000,1.060253
472.0200,1.947188
472.0400,2.016136
472.0600,2.104388
472.0800,1.725278
472.1000,1.354504
472.1200,1.353506
472.1400,1.649796
472.1600,2.584883
472.1800,2.873303
472.2000,3.600000
472.2200,3.600000
472.2400,3.600000
472.2600,3.600000
472.2800,3.600000
472.3000,3.464375
472.3200,2.718711
472.3400,1.488334
472.3600,0.848599
472.3800,0.480920
472.4000,0.318351
472.4200,0.399919
472.4400,0.644845
472.4600,0.447999
472.4800,0.339386
472.5000,0.124883
472.5200,0.097013
472.5400,0.139956
472.5600,0.133710
472.5800,0.320662
472.6000,0.242754
472.6200,0.156258
472.6400,0.230174
472.6600,0.191273
472.6800,0.101019
472.7000,0.099042
472.7200,0.223905
472.7400,0.209084
472.7600,0.162820
472.7800,0.262646
472.8000,0.300027
472.8200,0.677176
472.8400,1.084073
472.8600,1.444872
472.8800,1.380175
472.9000,1.523555
472.9200,1.024203
472.9400,1.007947
472.9600,1.213410
472.9800,1.201827
473.0000,0.828650
473.0200,0.660220
473.0400,0.953960
473.0600,1.464321
473.0800,1.749178
473.1000,2.079545
473.1200,2.343575
473.1400,2.034417
473.1600,1.705975
473.1800,1.441204
473.2000,1.295843
473.2200,0.790802
473.2400,0.982347
473.2600,1.731047
473.2800,2.682341
473.3000,2.843155
473.3200,2.228290
473.3400,1.604539
473.3600,1.082217
473.3800,1.593440
473.4000,2.478548
473.4200,2.009977
473.4400,1.155461
473.4600,0.823965
473.4800,0.528933
473.5000,0.302951
473.5200,0.177932
473.5400,0.153442
473.5600,0.172353
473.5800,0.202739
473.6000,0.231140
473.6200,0.507822
473.6400,0.659881
473.6600,1.304354
473.6800,1.042940
473.7000,0.690721
473.7200,0.763086
473.7400,1.236147
473.7600,1.517985
473.7800,1.392538
473.8000,1.293097
473.8200,1.717025
473.8400,2.634431
473.8600,3.228480
473.8800,2.796718
473.9000,2.557092
473.9200,2.724486
473.9400,2.686326
473.9600,2.878982
473.9800,3.172268
474.0000,2.912671
474.0200,2.469458
474.0400,1.774091
474.0600,0.949571
474.0800,0.613784
474.1000,0.470314
474.1200,0.378206
474.1400,0.813892
474.1600,0.891864
474.1800,0.589639
474.2000,0.384683
474.2200,0.347233
474.2400,0.341383
474.2600,0.309212
474.2800,0.352313
474.3000,0.318822
474.3200,0.464914
474.3400,0.695938
474.3600,0.837264
474.3800,0.820187
474.4000,0.786306
474.4200,1.180264
474.4400,0.844596
474.4600,0.557202
474.4800,0.714152
474.5000,1.060253
474.5200,1.947188
474.5400,2.016136
474.5600,2.104388
474.5800,1.725278
474.6000,1.354504
474.6200,1.353506
474.6400,1.649796
474.6600,2.584883
474.6800,2.873303
474.7000,3.600000
474.7200,3.600000
474.7400,3.600000
474.7600,3.600000
474.7800,3.600000
474.8000,3.464375
474.8200,2.718711
474.8400,1.488334
474.8600,0.848599
474.8800,0.480920
474.9000,0.318351
474.9200,0.399919
474.9400,0.644845
474.9600,0.447999
474.9800,0.339386
475.0000,0.124883
475.0200,0.097013
475.0400,0.139956
475.0600,0.133710
475.0800,0.320662
475.1000,0.242754
475.1200,0.156258
475.1400,0.230174
475.1600,0.191273
475.1800,0.101019
475.2000,0.099042
475.2200,0.223905
475.2400,0.209084
475.2600,0.162820
475.2800,0.262646
475.3000,0.300027
475.3200,0.677176
475.3400,1.084073
475.3600,1.444872
475.3800,1.380175
475.4000,1.523555
475.4200,1.024203
475.4400,1.007947
475.4600,1.213410
475.4800,1.201827
475.5000,0.828650
475.5200,0.660220
475.5400,0.953960
475.5600,1.464321
475.5800,1.749178
475.6000,2.079545
475.6200,2.343575
475.6400,2.034417
475.6600,1.705975
475.6800,1.441204
475.7000,1.295843
475.7200,0.790802
475.7400,0.982347
475.7600,1.731047
475.7800,2.682341
475.8000,2.843155
475.8200,2.228290
475.8400,1.604539
475.8600,1.082217
475.8800,1.593440
475.9000,2.478548
475.9200,2.009977
475.9400,1.155461
475.9600,0.823965
475.9800,0.528933
476.0000,0.302951
476.0200,0.177932
476.0400,0.153442
476.0600,0.172353
476.0800,0.202739
476.1000,0.231140
476.1200,0.507822
476.1400,0.659881
476.1600,1.304354
476.1800,1.042940
476.2000,0.690721
476.2200,0.763086
476.2400,1.236147
476.2600,1.517985
476.2800,1.392538
476.3000,1.293097
476.3200,1.717025
476.3400,2.634431
476.3600,3.228480
476.3800,2.796718
476.4000,2.557092
476.4200,2.724486
476.4400,2.686326
476.4600,2.878982
476.4800,3.172268
476.5000,2.912671
476.5200,2.469458
476.5400,1.774091
476.5600,0.949571
476.5800,0.613784
476.6000,0.470314
476.6200,0.378206
476.6400,0.813892
476.6600,0.891864
476.6800,0.589639
476.7000,0.384683
476.7200,0.347233
476.7400,0.341383
476.7600,0.309212
476.7800,0.352313
476.8000,0.318822
476.8200,0.464914
476.8400,0.695938
476.8600,0.837264
476.8800,0.820187
476.9000,0.786306
476.9200,1.180264
476.9400,0.844596
476.9600,0.557202
476.9800,0.714152
477.0000,1.060253
477.0200,1.947188
477.0400,2.016136
477.0600,2.104388
477.0800,1.725278
477.1000,1.354504
477.1200,1.353506
477.1400,1.649796
477.1600,2.584883
477.1800,2.873303
477.2000,3.600000
477.2200,3.600000
477.2400,3.600000
477.2600,3.600000
477.2800,3.600000
477.3000,3.464375
477.3200,2.718711
477.3400,1.488334
477.3600,0.848599
477.3800,0.480920
477.4000,0.318351
477.4200,0.399919
477.4400,0.644845
477.4600,0.447999
477.4800,0.339386
477.5000,0.124883
477.5200,0.097013
477.5400,0.139956
477.5600,0.133710
477.5800,0.320662
477.6000,0.242754
477.6200,0.156258
477.6400,0.230174
477.6600,0.191273
477.6800,0.101019
477.7000,0.099042
477.7200,0.223905
477.7400,0.209084
477.7600,0.162820
477.7800,0.262646
477.8000,0.300027
477.8200,0.677176
477.8400,1.084073
477.8600,1.444872
477.8800,1.380175
477.9000,1.523555
477.9200,1.024203
477.9400,1.007947
477.9600,1.213410
477.9800,1.201827
478.0000,0.828650
478.0200,0.660220
478.0400,0.953960
478.0600,1.464321
478.0800,1.749178
478.1000,2.079545
478.1200,2.343575
478.1400,2.034417
478.1600,1.705975
478.1800,1.441204
478.2000,1.295843
478.2200,0.790802
478.2400,0.982347
478.2600,1.731047
478.2800,2.682341
478.3000,2.843155
478.3200,2.228290
478.3400,1.604539
478.3600,1.082217
478.3800,1.593440
478.4000,2.478548
478.4200,2.009977
478.4400,1.155461
478.4600,0.823965
478.4800,0.528933
478.5000,0.302951
478.5200,0.177932
478.5400,0.153442
478.5600,0.172353
478.5800,0.202739
478.6000,0.231140
478.6200,0.507822
478.6400,0.659881
478.6600,1.304354
478.6800,1.042940
478.7000,0.690721
478.7200,0.763086
478.7400,1.236147
478.7600,1.517985
478.7800,1.392538
478.8000,1.293097
478.8200,1.717025
478.8400,2.634431
478.8600,3.228480
478.8800,2.796718
478.9000,2.557092
478.9200,2.724486
478.9400,2.686326
478.9600,2.878982
478.9800,3.172268
479.0000,2.912671
479.0200,2.469458
479.0400,1.774091
479.0600,0.949571
479.0800,0.613784
479.1000,0.470314
479.1200,0.378206
479.1400,0.813892
479.1600,0.891864
479.1800,0.589639
479.2000,0.384683
479.2200,0.347233
479.2400,0.341383
479.2600,0.309212
479.2800,0.352313
479.3000,0.318822
479.3200,0.464914
479.3400,0.695938
479.3600,0.837264
479.3800,0.820187
479.4000,0.786306
479.4200,1.180264
479.4400,0.844596
479.4600,0.557202
479.4800,0.714152
479.5000,1.060253
479.5200,1.947188
479.5400,2.016136
479.5600,2.104388
479.5800,1.725278
479.6000,1.354504
479.6200,1.353506
479.6400,1.649796
479.6600,2.584883
479.6800,2.873303
479.7000,3.600000
479.7200,3.600000
479.7400,3.600000
479.7600,3.600000
479.7800,3.600000
479.8000,3.464375
479.8200,2.718711
479.8400,1.488334
479.8600,0.848599
479.8800,0.480920
479.9000,0.318351
479.9200,0.399919
479.9400,0.644845
479.9600,0.447999
479.9800,0.339386
480.0000,0.124883
480.0200,0.097013
480.0400,0.139956
480.0600,0.133710
480.0800,0.320662
480.1000,0.242754
480.1200,0.156258
480.1400,0.230174
480.1600,0.191273
480.1800,0.101019
480.2000,0.099042
480.2200,0.223905
480.2400,0.209084
480.2600,0.162820
480.2800,0.262646
480.3000,0.300027
480.3200,0.677176
480.3400,1.084073
480.3600,1.444872
480.3800,1.380175
480.4000,1.523555
480.4200,1.024203
480.4400,1.007947
480.4600,1.213410
480.4800,1.201827
480.5000,0.828650
480.5200,0.660220
480.5400,0.953960
480.5600,1.464321
480.5800,1.749178
480.6000,2.079545
480.6200,2.343575
480.6400,2.034417
480.6600,1.705975
480.6800,1.441204
480.7000,1.295843
480.7200,0.790802
480.7400,0.982347
480.7600,1.731047
480.7800,2.682341
480.8000,2.843155
480.8200,2.228290
480.8400,1.604539
480.8600,1.082217
480.8800,1.593440
480.9000,2.478548
480.9200,2.009977
480.9400,1.155461
480.9600,0.823965
480.9800,0.528933
481.0000,0.302951
481.0200,0.177932
481.0400,0.153442
481.0600,0.172353
481.0800,0.202739
481.1000,0.231140
481.1200,0.507822
481.1400,0.659881
481.1600,1.304354
481.1800,1.042940
481.2000,0.690721
481.2200,0.763086
481.2400,1.236147
481.2600,1.517985
481.2800,1.392538
481.3000,1.293097
481.3200,1.717025
481.3400,2.634431
481.3600,3.228480
481.3800,2.796718
481.4000,2.557092
481.4200,2.724486
481.4400,2.686326
481.4600,2.878982
481.4800,3.172268
481.5000,2.912671
481.5200,2.469458
481.5400,1.774091
481.5600,0.949571
481.5800,0.613784
481.6000,0.470314
481.6200,0.378206
481.6400,0.813892
481.6600,0.891864
481.6800,0.589639
481.7000,0.384683
481.7200,0.347233
481.7400,0.341383
481.7600,0.309212
481.7800,0.352313
481.8000,0.318822
481.8200,0.464914
481.8400,0.695938
481.8600,0.837264
481.8800,0.820187
481.9000,0.786306
481.9200,1.180264
481.9400,0.844596
481.9600,0.557202
481.9800,0.714152
482.0000,1.060253
482.0200,1.947188
482.0400,2.016136
482.0600,2.104388
482.0800,1.725278
482.1000,1.354504
482.1200,1.353506
482.1400,1.649796
482.1600,2.584883
482.1800,2.873303
482.2000,3.600000
482.2200,3.600000
482.2400,3.600000
482.2600,3.600000
482.2800,3.600000
482.3000,3.464375
482.3200,2.718711
482.3400,1.488334
482.3600,0.848599
482.3800,0.480920
482.4000,0.318351
482.4200,0.399919
482.4400,0.644845
482.4600,0.447999
482.4800,0.339386
482.5000,0.124883
482.5200,0.097013
482.5400,0.139956
482.5600,0.133710
482.5800,0.320662
482.6000,0.242754
482.6200,0.156258
482.6400,0.230174
482.6600,0.191273
482.6800,0.101019
482.7000,0.099042
482.7200,0.223905
482.7400,0.209084
482.7600,0.162820
482.7800,0.262646
482.8000,0.300027
482.8200,0.677176
482.8400,1.084073
482.8600,1.444872
482.8800,1.380175
482.9000,1.523555
482.9200,1.024203
482.9400,1.007947
482.9600,1.213410
482.9800,1.201827
483.0000,0.828650
483.0200,0.660220
483.0400,0.953960
483.0600,1.464321
483.0800,1.749178
483.1000,2.079545
483.1200,2.343575
483.1400,2.034417
483.1600,1.705975
483.1800,1.441204
483.2000,1.295843
483.2200,0.790802
483.2400,0.982347
483.2600,1.731047
483.2800,2.682341
483.3000,2.843155
483.3200,2.228290
483.3400,1.604539
483.3600,1.082217
483.3800,1.593440
483.4000,2.478548
483.4200,2.009977
483.4400,1.155461
483.4600,0.823965
483.4800,0.528933
483.5000,0.302951
483.5200,0.177932
483.5400,0.153442
483.5600,0.172353
483.5800,0.202739
483.6000,0.231140
483.6200,0.507822
483.6400,0.659881
483.6600,1.304354
483.6800,1.042940
483.7000,0.690721
483.7200,0.763086
483.7400,1.236147
483.7600,1.517985
483.7800,1.392538
483.8000,1.293097
483.8200,1.717025
483.8400,2.634431
483.8600,3.228480
483.8800,2.796718
483.9000,2.557092
483.9200,2.724486
483.9400,2.686326
483.9600,2.878982
483.9800,3.172268
484.0000,2.912671
484.0200,2.469458
484.0400,1.774091
484.0600,0.949571
484.0800,0.613784
484.1000,0.470314
484.1200,0.378206
484.1400,0.813892
484.1600,0.891864
484.1800,0.589639
484.2000,0.384683
484.2200,0.347233
484.2400,0.341383
484.2600,0.309212
484.2800,0.352313
484.3000,0.318822
484.3200,0.464914
484.3400,0.695938
484.3600,0.837264
484.3800,0.820187
484.4000,0.786306
484.4200,1.180264
484.4400,0.844596
484.4600,0.557202
484.4800,0.714152
484.5000,1.060253
484.5200,1.947188
484.5400,2.016136
484.5600,2.104388
484.5800,1.725278
484.6000,1.354504
484.6200,1.353506
484.6400,1.649796
484.6600,2.584883
484.6800,2.873303
484.7000,3.600000
484.7200,3.600000
484.7400,3.600000
484.7600,3.600000
484.7800,3.600000
484.8000,3.464375
484.8200,2.718711
484.8400,1.488334
484.8600,0.848599
484.8800,0.480920
484.9000,0.318351
484.9200,0.399919
484.9400,0.644845
484.9600,0.447999
484.9800,0.339386
485.0000,0.124883
485.0200,0.097013
485.0400,0.139956
485.0600,0.133710
485.0800,0.320662
485.1000,0.242754
485.1200,0.156258
485.1400,0.230174
485.1600,0.191273
485.1800,0.101019
485.2000,0.099042
485.2200,0.223905
485.2400,0.209084
485.2600,0.162820
485.2800,0.262646
485.3000,0.300027
485.3200,0.677176
485.3400,1.084073
485.3600,1.444872
485.3800,1.380175
485.4000,1.523555
485.4200,1.024203
485.4400,1.007947
485.4600,1.213410
485.4800,1.201827
485.5000,0.828650
485.5200,0.660220
485.5400,0.953960
485.5600,1.464321
485.5800,1.749178
485.6000,2.079545
485.6200,2.343575
485.6400,2.034417
485.6600,1.705975
485.6800,1.441204
485.7000,1.295843
485.7200,0.790802
485.7400,0.982347
485.7600,1.731047
485.7800,2.682341
485.8000,2.843155
485.8200,2.228290
485.8400,1.604539
485.8600,1.082217
485.8800,1.593440
485.9000,2.478548
485.9200,2.009977
485.9400,1.155461
485.9600,0.823965
485.9800,0.528933
486.0000,0.302951
486.0200,0.177932
486.0400,0.153442
486.0600,0.172353
486.0800,0.202739
486.1000,0.231140
486.1200,0.507822
486.1400,0.659881
486.1600,1.304354
486.1800,1.042940
486.2000,0.690721
486.2200,0.763086
486.2400,1.236147
486.2600,1.517985
486.2800,1.392538
486.3000,1.293097
486.3200,1.717025
486.3400,2.634431
486.3600,3.228480
486.3800,2.796718
486.4000,2.557092
486.4200,2.724486
486.4400,2.686326
486.4600,2.878982
486.4800,3.172268
486.5000,2.912671
486.5200,2.469458
486.5400,1.774091
486.5600,0.949571
486.5800,0.613784
486.6000,0.470314
486.6200,0.378206
486.6400,0.813892
486.6600,0.891864
486.6800,0.589639
486.7000,0.384683
486.7200,0.347233
486.7400,0.341383
486.7600,0.309212
486.7800,0.352313
486.8000,0.318822
486.8200,0.464914
486.8400,0.695938
486.8600,0.837264
486.8800,0.820187
486.9000,0.786306
486.9200,1.180264
486.9400,0.844596
486.9600,0.557202
486.9800,0.714152
487.0000,1.060253
487.0200,1.947188
487.0400,2.016136
487.0600,2.104388
487.0800,1.725278
487.1000,1.354504
487.1200,1.353506
487.1400,1.649796
487.1600,2.584883
487.1800,2.873303
487.2000,3.600000
487.2200,3.600000
487.2400,3.600000
487.2600,3.600000
487.2800,3.600000
487.3000,3.464375
487.3200,2.718711
487.3400,1.488334
487.3600,0.848599
487.3800,0.480920
487.4000,0.318351
487.4200,0.399919
487.4400,0.644845
487.4600,0.447999
487.4800,0.339386
487.5000,0.124883
487.5200,0.097013
487.5400,0.139956
487.5600,0.133710
487.5800,0.320662
487.6000,0.242754
487.6200,0.156258
487.6400,0.230174
487.6600,0.191273
487.6800,0.101019
487.7000,0.099042
487.7200,0.223905
487.7400,0.209084
487.7600,0.162820
487.7800,0.262646
487.8000,0.300027
487.8200,0.677176
487.8400,1.084073
487.8600,1.444872
487.8800,1.380175
487.9000,1.523555
487.9200,1.024203
487.9400,1.007947
487.9600,1.213410
487.9800,1.201827
488.0000,0.828650
488.0200,0.660220
488.0400,0.953960
488.0600,1.464321
488.0800,1.749178
488.1000,2.079545
488.1200,2.343575
488.1400,2.034417
488.1600,1.705975
488.1800,1.441204
488.2000,1.295843
488.2200,0.790802
488.2400,0.982347
488.2600,1.731047
488.2800,2.682341
488.3000,2.843155
488.3200,2.228290
488.3400,1.604539
488.3600,1.082217
488.3800,1.593440
488.4000,2.478548
488.4200,2.009977
488.4400,1.155461
488.4600,0.823965
488.4800,0.528933
488.5000,0.302951
488.5200,0.177932
488.5400,0.153442
488.5600,0.172353
488.5800,0.202739
488.6000,0.231140
488.6200,0.507822
488.6400,0.659881
488.6600,1.304354
488.6800,1.042940
488.7000,0.690721
488.7200,0.763086
488.7400,1.236147
488.7600,1.517985
488.7800,1.392538
488.8000,1.293097
488.8200,1.717025
488.8400,2.634431
488.8600,3.228480
488.8800,2.796718
488.9000,2.557092
488.9200,2.724486
488.9400,2.686326
488.9600,2.878982
488.9800,3.172268
489.0000,2.912671
489.0200,2.469458
489.0400,1.774091
489.0600,0.949571
489.0800,0.613784
489.1000,0.470314
489.1200,0.378206
489.1400,0.813892
489.1600,0.891864
489.1800,0.589639
489.2000,0.384683
489.2200,0.347233
489.2400,0.341383
489.2600,0.309212
489.2800,0.352313
489.3000,0.318822
489.3200,0.464914
489.3400,0.695938
489.3600,0.837264
489.3800,0.820187
489.4000,0.786306
489.4200,1.180264
489.4400,0.844596
489.4600,0.557202
489.4800,0.714152
489.5000,1.060253
489.5200,1.947188
489.5400,2.016136
489.5600,2.104388
489.5800,1.725278
489.6000,1.354504
489.6200,1.353506
489.6400,1.649796
489.6600,2.584883
489.6800,2.873303
489.7000,3.600000
489.7200,3.600000
489.7400,3.600000
489.7600,3.600000
489.7800,3.600000
489.8000,3.464375
489.8200,2.718711
489.8400,1.488334
489.8600,0.848599
489.8800,0.480920
489.9000,0.318351
489.9200,0.399919
489.9400,0.644845
489.9600,0.447999
489.9800,0.339386
490.0000,0.124883
490.0200,0.097013
490.0400,0.139956
490.0600,0.133710
490.0800,0.320662
490.1000,0.242754
490.1200,0.156258
490.1400,0.230174
490.1600,0.191273
490.1800,0.101019
490.2000,0.099042
490.2200,0.223905
490.2400,0.209084
490.2600,0.162820
490.2800,0.262646
490.3000,0.300027
490.3200,0.677176
490.3400,1.084073
490.3600,1.444872
490.3800,1.380175
490.4000,1.523555
490.4200,1.024203
490.4400,1.007947
490.4600,1.213410
490.4800,1.201827
490.5000,0.828650
490.5200,0.660220
490.5400,0.953960
490.5600,1.464321
490.5800,1.749178
490.6000,2.079545
490.6200,2.343575
490.6400,2.034417
490.6600,1.705975
490.6800,1.441204
490.7000,1.295843
490.7200,0.790802
490.7400,0.982347
490.7600,1.731047
490.7800,2.682341
490.8000,2.843155
490.8200,2.228290
490.8400,1.604539
490.8600,1.082217
490.8800,1.593440
490.9000,2.478548
490.9200,2.009977
490.9400,1.155461
490.9600,0.823965
490.9800,0.528933
491.0000,0.302951
491.0200,0.177932
491.0400,0.153442
491.0600,0.172353
491.0800,0.202739
491.1000,0.231140
491.1200,0.507822
491.1400,0.659881
491.1600,1.304354
491.1800,1.042940
491.2000,0.690721
491.2200,0.763086
491.2400,1.236147
491.2600,1.517985
491.2800,1.392538
491.3000,1.293097
491.3200,1.717025
491.3400,2.634431
491.3600,3.228480
491.3800,2.796718
491.4000,2.557092
491.4200,2.724486
491.4400,2.686326
491.4600,2.878982
491.4800,3.172268
491.5000,2.912671
491.5200,2.469458
491.5400,1.774091
491.5600,0.949571
491.5800,0.613784
491.6000,0.470314
491.6200,0.378206
491.6400,0.813892
491.6600,0.891864
491.6800,0.589639
491.7000,0.384683
491.7200,0.347233
491.7400,0.341383
491.7600,0.309212
491.7800,0.352313
491.8000,0.318822
491.8200,0.464914
491.8400,0.695938
491.8600,0.837264
491.8800,0.820187
491.9000,0.786306
491.9200,1.180264
491.9400,0.844596
491.9600,0.557202
491.9800,0.714152
492.0000,1.060253
492.0200,1.947188
492.0400,2.016136
492.0600,2.104388
492.0800,1.725278
492.1000,1.354504
492.1200,1.353506
492.1400,1.649796
492.1600,2.584883
492.1800,2.873303
492.2000,3.600000
492.2200,3.600000
492.2400,3.600000
492.2600,3.600000
492.2800,3.600000
492.3000,3.464375
492.3200,2.718711
492.3400,1.488334
492.3600,0.848599
492.3800,0.480920
492.4000,0.318351
492.4200,0.399919
492.4400,0.644845
492.4600,0.447999
492.4800,0.339386
492.5000,0.124883
492.5200,0.097013
492.5400,0.139956
492.5600,0.133710
492.5800,0.320662
492.6000,0.242754
492.6200,0.156258
492.6400,0.230174
492.6600,0.191273
492.6800,0.101019
492.7000,0.099042
492.7200,0.223905
492.7400,0.209084
492.7600,0.162820
492.7800,0.262646
492.8000,0.300027
492.8200,0.677176
492.8400,1.084073
492.8600,1.444872
492.8800,1.380175
492.9000,1.523555
492.9200,1.024203
492.9400,1.007947
492.9600,1.213410
492.9800,1.201827
493.0000,0.828650
493.0200,0.660220
493.0400,0.953960
493.0600,1.464321
493.0800,1.749178
493.1000,2.079545
493.1200,2.343575
493.1400,2.034417
493.1600,1.705975
493.1800,1.441204
493.2000,1.295843
493.2200,0.790802
493.2400,0.982347
493.2600,1.731047
493.2800,2.682341
493.3000,2.843155
493.3200,2.228290
493.3400,1.604539
493.3600,1.082217
493.3800,1.593440
493.4000,2.478548
493.4200,2.009977
493.4400,1.155461
493.4600,0.823965
493.4800,0.528933
493.5000,0.302951
493.5200,0.177932
493.5400,0.153442
493.5600,0.172353
493.5800,0.202739
493.6000,0.231140
493.6200,0.507822
493.6400,0.659881
493.6600,1.304354
493.6800,1.042940
493.7000,0.690721
493.7200,0.763086
493.7400,1.236147
493.7600,1.517985
493.7800,1.392538
493.8000,1.293097
493.8200,1.717025
493.8400,2.634431
493.8600,3.228480
493.8800,2.796718
493.9000,2.557092
493.9200,2.724486
493.9400,2.686326
493.9600,2.878982
493.9800,3.172268
494.0000,2.912671
494.0200,2.469458
494.0400,1.774091
494.0600,0.949571
494.0800,0.613784
494.1000,0.470314
494.1200,0.378206
494.1400,0.813892
494.1600,0.891864
494.1800,0.589639
494.2000,0.384683
494.2200,0.347233
494.2400,0.341383
494.2600,0.309212
494.2800,0.352313
494.3000,0.318822
494.3200,0.464914
494.3400,0.695938
494.3600,0.837264
494.3800,0.820187
494.4000,0.786306
494.4200,1.180264
494.4400,0.844596
494.4600,0.557202
494.4800,0.714152
494.5000,1.060253
494.5200,1.947188
494.5400,2.016136
494.5600,2.104388
494.5800,1.725278
494.6000,1.354504
494.6200,1.353506
494.6400,1.649796
494.6600,2.584883
494.6800,2.873303
494.7000,3.600000
494.7200,3.600000
494.7400,3.600000
494.7600,3.600000
494.7800,3.600000
494.8000,3.464375
494.8200,2.718711
494.8400,1.488334
494.8600,0.848599
494.8800,0.480920
494.9000,0.318351
494.9200,0.399919
494.9400,0.644845
494.9600,0.447999
494.9800,0.339386
495.0000,0.124883
495.0200,0.097013
495.0400,0.139956
495.0600,0.133710
495.0800,0.320662
495.1000,0.242754
495.1200,0.156258
495.1400,0.230174
495.1600,0.191273
495.1800,0.101019
495.2000,0.099042
495.2200,0.223905
495.2400,0.209084
495.2600,0.162820
495.2800,0.262646
495.3000,0.300027
495.3200,0.677176
495.3400,1.084073
495.3600,1.444872
495.3800,1.380175
495.4000,1.523555
495.4200,1.024203
495.4400,1.007947
495.4600,1.213410
495.4800,1.201827
495.5000,0.828650
495.5200,0.660220
495.5400,0.953960
495.5600,1.464321
495.5800,1.749178
495.6000,2.079545
495.6200,2.343575
495.6400,2.034417
495.6600,1.705975
495.6800,1.441204
495.7000,1.295843
495.7200,0.790802
495.7400,0.982347
495.7600,1.731047
495.7800,2.682341
495.8000,2.843155
495.8200,2.228290
495.8400,1.604539
495.8600,1.082217
495.8800,1.593440
495.9000,2.478548
495.9200,2.009977
495.9400,1.155461
495.9600,0.823965
495.9800,0.528933
496.0000,0.302951
496.0200,0.177932
496.0400,0.153442
496.0600,0.172353
496.0800,0.202739
496.1000,0.231140
496.1200,0.507822
496.1400,0.659881
496.1600,1.304354
496.1800,1.042940
496.2000,0.690721
496.2200,0.763086
496.2400,1.236147
496.2600,1.517985
496.2800,1.392538
496.3000,1.293097
496.3200,1.717025
496.3400,2.634431
496.3600,3.228480
496.3800,2.796718
496.4000,2.557092
496.4200,2.724486
496.4400,2.686326
496.4600,2.878982
496.4800,3.172268
496.5000,2.912671
496.5200,2.469458
496.5400,1.774091
496.5600,0.949571
496.5800,0.613784
496.6000,0.470314
496.6200,0.378206
496.6400,0.813892
496.6600,0.891864
496.6800,0.589639
496.7000,0.384683
496.7200,0.347233
496.7400,0.341383
496.7600,0.309212
496.7800,0.352313
496.8000,0.318822
496.8200,0.464914
496.8400,0.695938
496.8600,0.837264
496.8800,0.820187
496.9000,0.786306
496.9200,1.180264
496.9400,0.844596
496.9600,0.557202
496.9800,0.714152
497.0000,1.060253
497.0200,1.947188
497.0400,2.016136
497.0600,2.104388
497.0800,1.725278
497.1000,1.354504
497.1200,1.353506
497.1400,1.649796
497.1600,2.584883
497.1800,2.873303
497.2000,3.600000
497.2200,3.600000
497.2400,3.600000
497.2600,3.600000
497.2800,3.600000
497.3000,3.464375
497.3200,2.718711
497.3400,1.488334
497.3600,0.848599
497.3800,0.480920
497.4000,0.318351
497.4200,0.399919
497.4400,0.644845
497.4600,0.447999
497.4800,0.339386
497.5000,0.124883
497.5200,0.097013
497.5400,0.139956
497.5600,0.133710
497.5800,0.320662
497.6000,0.242754
497.6200,0.156258
497.6400,0.230174
497.6600,0.191273
497.6800,0.101019
497.7000,0.099042
497.7200,0.223905
497.7400,0.209084
497.7600,0.162820
497.7800,0.262646
497.8000,0.300027
497.8200,0.677176
497.8400,1.084073
497.8600,1.444872
497.8800,1.380175
497.9000,1.523555
497.9200,1.024203
497.9400,1.007947
497.9600,1.213410
497.9800,1.201827
498.0000,0.828650
498.0200,0.660220
498.0400,0.953960
498.0600,1.464321
498.0800,1.749178
498.1000,2.079545
498.1200,2.343575
498.1400,2.034417
498.1600,1.705975
498.1800,1.441204
498.2000,1.295843
498.2200,0.790802
498.2400,0.982347
498.2600,1.731047
498.2800,2.682341
498.3000,2.843155
498.3200,2.228290
498.3400,1.604539
498.3600,1.082217
498.3800,1.593440
498.4000,2.478548
498.4200,2.009977
498.4400,1.155461
498.4600,0.823965
498.4800,0.528933
498.5000,0.302951
498.5200,0.177932
498.5400,0.153442
498.5600,0.172353
498.5800,0.202739
498.6000,0.231140
498.6200,0.507822
498.6400,0.659881
498.6600,1.304354
498.6800,1.042940
498.7000,0.690721
498.7200,0.763086
498.7400,1.236147
498.7600,1.517985
498.7800,1.392538
498.8000,1.293097
498.8200,1.717025
498.8400,2.634431
498.8600,3.228480
498.8800,2.796718
498.9000,2.557092
498.9200,2.724486
498.9400,2.686326
498.9600,2.878982
498.9800,3.172268
499.0000,2.912671
499.0200,2.469458
499.0400,1.774091
499.0600,0.949571
499.0800,0.613784
499.1000,0.470314
499.1200,0.378206
499.1400,0.813892
499.1600,0.891864
499.1800,0.589639
499.2000,0.384683
499.2200,0.347233
499.2400,0.341383
499.2600,0.309212
499.2800,0.352313
499.3000,0.318822
499.3200,0.464914
499.3400,0.695938
499.3600,0.837264
499.3800,0.820187
499.4000,0.786306
499.4200,1.180264
499.4400,0.844596
499.4600,0.557202
499.4800,0.714152
499.5000,1.060253
499.5200,1.947188
499.5400,2.016136
499.5600,2.104388
499.5800,1.725278
499.6000,1.354504
499.6200,1.353506
499.6400,1.649796
499.6600,2.584883
499.6800,2.873303
499.7000,3.600000
499.7200,3.600000
499.7400,3.600000
499.7600,3.600000
499.7800,3.600000
499.8000,3.464375
499.8200,2.718711
499.8400,1.488334
499.8600,0.848599
499.8800,0.480920
499.9000,0.318351
499.9200,0.399919
499.9400,0.644845
499.9600,0.447999
499.9800,0.339386
500.0000,0.124883
500.0200,0.097013
500.0400,0.139956
500.0600,0.133710
500.0800,0.320662
500.1000,0.242754
500.1200,0.156258
500.1400,0.230174
500.1600,0.191273
500.1800,0.101019
500.2000,0.099042
500.2200,0.223905
500.2400,0.209084
500.2600,0.162820
500.2800,0.262646
500.3000,0.300027
500.3200,0.677176
500.3400,1.084073
500.3600,1.444872
500.3800,1.380175
500.4000,1.523555
500.4200,1.024203
500.4400,1.007947
500.4600,1.213410
500.4800,1.201827
500.5000,0.828650
500.5200,0.660220
500.5400,0.953960
500.5600,1.464321
500.5800,1.749178
500.6000,2.079545
500.6200,2.343575
500.6400,2.034417
500.6600,1.705975
500.6800,1.441204
500.7000,1.295843
500.7200,0.790802
500.7400,0.982347
500.7600,1.731047
500.7800,2.682341
500.8000,2.843155
500.8200,2.228290
500.8400,1.604539
500.8600,1.082217
500.8800,1.593440
500.9000,2.478548
500.9200,2.009977
500.9400,1.155461
500.9600,0.823965
500.9800,0.528933
501.0000,0.302951
501.0200,0.177932
501.0400,0.153442
501.0600,0.172353
501.0800,0.202739
501.1000,0.231140
501.1200,0.507822
501.1400,0.659881
501.1600,1.304354
501.1800,1.042940
501.2000,0.690721
501.2200,0.763086
501.2400,1.236147
501.2600,1.517985
501.2800,1.392538
501.3000,1.293097
501.3200,1.717025
501.3400,2.634431
501.3600,3.228480
501.3800,2.796718
501.4000,2.557092
501.4200,2.724486
501.4400,2.686326
501.4600,2.878982
501.4800,3.172268
501.5000,2.912671
501.5200,2.469458
501.5400,1.774091
501.5600,0.949571
501.5800,0.613784
501.6000,0.470314
501.6200,0.378206
501.6400,0.813892
501.6600,0.891864
501.6800,0.589639
501.7000,0.384683
501.7200,0.347233
501.7400,0.341383
501.7600,0.309212
501.7800,0.352313
501.8000,0.318822
501.8200,0.464914
501.8400,0.695938
501.8600,0.837264
501.8800,0.820187
501.9000,0.786306
501.9200,1.180264
501.9400,0.844596
501.9600,0.557202
501.9800,0.714152
502.0000,1.060253
502.0200,1.947188
502.0400,2.016136
502.0600,2.104388
502.0800,1.725278
502.1000,1.354504
502.1200,1.353506
502.1400,1.649796
502.1600,2.584883
502.1800,2.873303
502.2000,3.600000
502.2200,3.600000
502.2400,3.600000
502.2600,3.600000
502.2800,3.600000
502.3000,3.464375
502.3200,2.718711
502.3400,1.488334
502.3600,0.848599
502.3800,0.480920
502.4000,0.318351
502.4200,0.399919
502.4400,0.644845
502.4600,0.447999
502.4800,0.339386
502.5000,0.124883
502.5200,0.097013
502.5400,0.139956
502.5600,0.133710
502.5800,0.320662
502.6000,0.242754
502.6200,0.156258
502.6400,0.230174
502.6600,0.191273
502.6800,0.101019
502.7000,0.099042
502.7200,0.223905
502.7400,0.209084
502.7600,0.162820
502.7800,0.262646
502.8000,0.300027
502.8200,0.677176
502.8400,1.084073
502.8600,1.444872
502.8800,1.380175
502.9000,1.523555
502.9200,1.024203
502.9400,1.007947
502.9600,1.213410
502.9800,1.201827
503.0000,0.828650
503.0200,0.660220
503.0400,0.953960
503.0600,1.464321
503.0800,1.749178
503.1000,2.079545
503.1200,2.343575
503.1400,2.034417
503.1600,1.705975
503.1800,1.441204
503.2000,1.295843
503.2200,0.790802
503.2400,0.982347
503.2600,1.731047
503.2800,2.682341
503.3000,2.843155
503.3200,2.228290
503.3400,1.604539
503.3600,1.082217
503.3800,1.593440
503.4000,2.478548
503.4200,2.009977
503.4400,1.155461
503.4600,0.823965
503.4800,0.528933
503.5000,0.302951
503.5200,0.177932
503.5400,0.153442
503.5600,0.172353
503.5800,0.202739
503.6000,0.231140
503.6200,0.507822
503.6400,0.659881
503.6600,1.304354
503.6800,1.042940
503.7000,0.690721
503.7200,0.763086
503.7400,1.236147
503.7600,1.517985
503.7800,1.392538
503.8000,1.293097
503.8200,1.717025
503.8400,2.634431
503.8600,3.228480
503.8800,2.796718
503.9000,2.557092
503.9200,2.724486
503.9400,2.686326
503.9600,2.878982
503.9800,3.172268
504.0000,2.912671
504.0200,2.469458
504.0400,1.774091
504.0600,0.949571
504.0800,0.613784
504.1000,0.470314
504.1200,0.378206
504.1400,0.813892
504.1600,0.891864
504.1800,0.589639
504.2000,0.384683
504.2200,0.347233
504.2400,0.341383
504.2600,0.309212
504.2800,0.352313
504.3000,0.318822
504.3200,0.464914
504.3400,0.695938
504.3600,0.837264
504.3800,0.820187
504.4000,0.786306
504.4200,1.180264
504.4400,0.844596
504.4600,0.557202
504.4800,0.714152
504.5000,1.060253
504.5200,1.947188
504.5400,2.016136
504.5600,2.104388
504.5800,1.725278
504.6000,1.354504
504.6200,1.353506
504.6400,1.649796
504.6600,2.584883
504.6800,2.873303
504.7000,3.600000
504.7200,3.600000
504.7400,3.600000
504.7600,3.600000
504.7800,3.600000
504.8000,3.464375
504.8200,2.718711
504.8400,1.488334
504.8600,0.848599
504.8800,0.480920
504.9000,0.318351
504.9200,0.399919
504.9400,0.644845
504.9600,0.447999
504.9800,0.339386
505.0000,0.124883
505.0200,0.097013
505.0400,0.139956
505.0600,0.133710
505.0800,0.320662
505.1000,0.242754
505.1200,0.156258
505.1400,0.230174
505.1600,0.191273
505.1800,0.101019
505.2000,0.099042
505.2200,0.223905
505.2400,0.209084
505.2600,0.162820
505.2800,0.262646
505.3000,0.300027
505.3200,0.677176
505.3400,1.084073
505.3600,1.444872
505.3800,1.380175
505.4000,1.523555
505.4200,1.024203
505.4400,1.007947
505.4600,1.213410
505.4800,1.201827
505.5000,0.828650
505.5200,0.660220
505.5400,0.953960
505.5600,1.464321
505.5800,1.749178
505.6000,2.079545
505.6200,2.343575
505.6400,2.034417
505.6600,1.705975
505.6800,1.441204
505.7000,1.295843
505.7200,0.790802
505.7400,0.982347
505.7600,1.731047
505.7800,2.682341
505.8000,2.843155
505.8200,2.228290
505.8400,1.604539
505.8600,1.082217
505.8800,1.593440
505.9000,2.478548
505.9200,2.009977
505.9400,1.155461
505.9600,0.823965
505.9800,0.528933
506.0000,0.302951
506.0200,0.177932
506.0400,0.153442
506.0600,0.172353
506.0800,0.202739
506.1000,0.231140
506.1200,0.507822
506.1400,0.659881
506.1600,1.304354
506.1800,1.042940
506.2000,0.690721
506.2200,0.763086
506.2400,1.236147
506.2600,1.517985
506.2800,1.392538
506.3000,1.293097
506.3200,1.717025
506.3400,2.634431
506.3600,3.228480
506.3800,2.796718
506.4000,2.557092
506.4200,2.724486
506.4400,2.686326
506.4600,2.878982
506.4800,3.172268
506.5000,2.912671
506.5200,2.469458
506.5400,1.774091
506.5600,0.949571
506.5800,0.613784
506.6000,0.470314
506.6200,0.378206
506.6400,0.813892
506.6600,0.891864
506.6800,0.589639
506.7000,0.384683
506.7200,0.347233
506.7400,0.341383
506.7600,0.309212
506.7800,0.352313
506.8000,0.318822
506.8200,0.464914
506.8400,0.695938
506.8600,0.837264
506.8800,0.820187
506.9000,0.786306
506.9200,1.180264
506.9400,0.844596
506.9600,0.557202
506.9800,0.714152
507.0000,1.060253
507.0200,1.947188
507.0400,2.016136
507.0600,2.104388
507.0800,1.725278
507.1000,1.354504
507.1200,1.353506
507.1400,1.649796
507.1600,2.584883
507.1800,2.873303
507.2000,3.600000
507.2200,3.600000
507.2400,3.600000
507.2600,3.600000
507.2800,3.600000
507.3000,3.464375
507.3200,2.718711
507.3400,1.488334
507.3600,0.848599
507.3800,0.480920
507.4000,0.318351
507.4200,0.399919
507.4400,0.644845
507.4600,0.447999
507.4800,0.339386
507.5000,0.124883
507.5200,0.097013
507.5400,0.139956
507.5600,0.133710
507.5800,0.320662
507.6000,0.242754
507.6200,0.156258
507.6400,0.230174
507.6600,0.191273
507.6800,0.101019
507.7000,0.099042
507.7200,0.223905
507.7400,0.209084
507.7600,0.162820
507.7800,0.262646
507.8000,0.300027
507.8200,0.677176
507.8400,1.084073
507.8600,1.444872
507.8800,1.380175
507.9000,1.523555
507.9200,1.024203
507.9400,1.007947
507.9600,1.213410
507.9800,1.201827
508.0000,0.828650
508.0200,0.660220
508.0400,0.953960
508.0600,1.464321
508.0800,1.749178
508.1000,2.079545
508.1200,2.343575
508.1400,2.034417
508.1600,1.705975
508.1800,1.441204
508.2000,1.295843
508.2200,0.790802
508.2400,0.982347
508.2600,1.731047
508.2800,2.682341
508.3000,2.843155
508.3200,2.228290
508.3400,1.604539
508.3600,1.082217
508.3800,1.593440
508.4000,2.478548
508.4200,2.009977
508.4400,1.155461
508.4600,0.823965
508.4800,0.528933
508.5000,0.302951
508.5200,0.177932
508.5400,0.153442
508.5600,0.172353
508.5800,0.202739
508.6000,0.231140
508.6200,0.507822
508.6400,0.659881
508.6600,1.304354
508.6800,1.042940
508.7000,0.690721
508.7200,0.763086
508.7400,1.236147
508.7600,1.517985
508.7800,1.392538
508.8000,1.293097
508.8200,1.717025
508.8400,2.634431
508.8600,3.228480
508.8800,2.796718
508.9000,2.557092
508.9200,2.724486
508.9400,2.686326
508.9600,2.878982
508.9800,3.172268
509.0000,2.912671
509.0200,2.469458
509.0400,1.774091
509.0600,0.949571
509.0800,0.613784
509.1000,0.470314
509.1200,0.378206
509.1400,0.813892
509.1600,0.891864
509.1800,0.589639
509.2000,0.384683
509.2200,0.347233
509.2400,0.341383
509.2600,0.309212
509.2800,0.352313
509.3000,0.318822
509.3200,0.464914
509.3400,0.695938
509.3600,0.837264
509.3800,0.820187
509.4000,0.786306
509.4200,1.180264
509.4400,0.844596
509.4600,0.557202
509.4800,0.714152
509.5000,1.060253
509.5200,1.947188
509.5400,2.016136
509.5600,2.104388
509.5800,1.725278
509.6000,1.354504
509.6200,1.353506
509.6400,1.649796
509.6600,2.584883
509.6800,2.873303
509.7000,3.600000
509.7200,3.600000
509.7400,3.600000
509.7600,3.600000
509.7800,3.600000
509.8000,3.464375
509.8200,2.718711
509.8400,1.488334
509.8600,0.848599
509.8800,0.480920
509.9000,0.318351
509.9200,0.399919
509.9400,0.644845
509.9600,0.447999
509.9800,0.339386
510.0000,0.124883
510.0200,0.097013
510.0400,0.139956
510.0600,0.133710
510.0800,0.320662
510.1000,0.242754
510.1200,0.156258
510.1400,0.230174
510.1600,0.191273
510.1800,0.101019
510.2000,0.099042
510.2200,0.223905
510.2400,0.209084
510.2600,0.162820
510.2800,0.262646
510.3000,0.300027
510.3200,0.677176
510.3400,1.084073
510.3600,1.444872
510.3800,1.380175
510.4000,1.523555
510.4200,1.024203
510.4400,1.007947
510.4600,1.213410
510.4800,1.201827
510.5000,0.828650
510.5200,0.660220
510.5400,0.953960
510.5600,1.464321
510.5800,1.749178
510.6000,2.079545
510.6200,2.343575
510.6400,2.034417
510.6600,1.705975
510.6800,1.441204
510.7000,1.295843
510.7200,0.790802
510.7400,0.982347
510.7600,1.731047
510.7800,2.682341
510.8000,2.843155
510.8200,2.228290
510.8400,1.604539
510.8600,1.082217
510.8800,1.593440
510.9000,2.478548
510.9200,2.009977
510.9400,1.155461
510.9600,0.823965
510.9800,0.528933
511.0000,0.302951
511.0200,0.177932
511.0400,0.153442
511.0600,0.172353
511.0800,0.202739
511.1000,0.231140
511.1200,0.507822
511.1400,0.659881
511.1600,1.304354
511.1800,1.042940
511.2000,0.690721
511.2200,0.763086
511.2400,1.236147
511.2600,1.517985
511.2800,1.392538
511.3000,1.293097
511.3200,1.717025
511.3400,2.634431
511.3600,3.228480
511.3800,2.796718
511.4000,2.557092
511.4200,2.724486
511.4400,2.686326
511.4600,2.878982
511.4800,3.172268
511.5000,2.912671
511.5200,2.469458
511.5400,1.774091
511.5600,0.949571
511.5800,0.613784
511.6000,0.470314
511.6200,0.378206
511.6400,0.813892
511.6600,0.891864
511.6800,0.589639
511.7000,0.384683
511.7200,0.347233
511.7400,0.341383
511.7600,0.309212
511.7800,0.352313
511.8000,0.318822
511.8200,0.464914
511.8400,0.695938
511.8600,0.837264
511.8800,0.820187
511.9000,0.786306
511.9200,1.180264
511.9400,0.844596
511.9600,0.557202
511.9800,0.714152
512.0000,1.060253
512.0200,1.947188
512.0400,2.016136
512.0600,2.104388
512.0800,1.725278
512.1000,1.354504
512.1200,1.353506
512.1400,1.649796
512.1600,2.584883
512.1800,2.873303
512.2000,3.600000
512.2200,3.600000
512.2400,3.600000
512.2600,3.600000
512.2800,3.600000
512.3000,3.464375
512.3200,2.718711
512.3400,1.488334
512.3600,0.848599
512.3800,0.480920
512.4000,0.318351
512.4200,0.399919
512.4400,0.644845
512.4600,0.447999
512.4800,0.339386
512.5000,0.124883
512.5200,0.097013
512.5400,0.139956
512.5600,0.133710
512.5800,0.320662
512.6000,0.242754
512.6200,0.156258
512.6400,0.230174
512.6600,0.191273
512.6800,0.101019
512.7000,0.099042
512.7200,0.223905
512.7400,0.209084
512.7600,0.162820
512.7800,0.262646
512.8000,0.300027
512.8200,0.677176
512.8400,1.084073
512.8600,1.444872
512.8800,1.380175
512.9000,1.523555
512.9200,1.024203
512.9400,1.007947
512.9600,1.213410
512.9800,1.201827
513.0000,0.828650
513.0200,0.660220
513.0400,0.953960
513.0600,1.464321
513.0800,1.749178
513.1000,2.079545
513.1200,2.343575
513.1400,2.034417
513.1600,1.705975
513.1800,1.441204
513.2000,1.295843
513.2200,0.790802
513.2400,0.982347
513.2600,1.731047
513.2800,2.682341
513.3000,2.843155
513.3200,2.228290
513.3400,1.604539
513.3600,1.082217
513.3800,1.593440
513.4000,2.478548
513.4200,2.009977
513.4400,1.155461
513.4600,0.823965
513.4800,0.528933
513.5000,0.302951
513.5200,0.177932
513.5400,0.153442
513.5600,0.172353
513.5800,0.202739
513.6000,0.231140
513.6200,0.507822
513.6400,0.659881
513.6600,1.304354
513.6800,1.042940
513.7000,0.690721
513.7200,0.763086
513.7400,1.236147
513.7600,1.517985
513.7800,1.392538
513.8000,1.293097
513.8200,1.717025
513.8400,2.634431
513.8600,3.228480
513.8800,2.796718
513.9000,2.557092
513.9200,2.724486
513.9400,2.686326
513.9600,2.878982
513.9800,3.172268
514.0000,2.912671
514.0200,2.469458
514.0400,1.774091
514.0600,0.949571
514.0800,0.613784
514.1000,0.470314
514.1200,0.378206
514.1400,0.813892
514.1600,0.891864
514.1800,0.589639
514.2000,0.384683
514.2200,0.347233
514.2400,0.341383
514.2600,0.309212
514.2800,0.352313
514.3000,0.318822
514.3200,0.464914
514.3400,0.695938
514.3600,0.837264
514.3800,0.820187
514.4000,0.786306
514.4200,1.180264
514.4400,0.844596
514.4600,0.557202
514.4800,0.714152
514.5000,1.060253
514.5200,1.947188
514.5400,2.016136
514.5600,2.104388
514.5800,1.725278
514.6000,1.354504
514.6200,1.353506
514.6400,1.649796
514.6600,2.584883
514.6800,2.873303
514.7000,3.600000
514.7200,3.600000
514.7400,3.600000
514.7600,3.600000
514.7800,3.600000
514.8000,3.464375
514.8200,2.718711
514.8400,1.488334
514.8600,0.848599
514.8800,0.480920
514.9000,0.318351
514.9200,0.399919
514.9400,0.644845
514.9600,0.447999
514.9800,0.339386
515.0000,0.124883
515.0200,0.097013
515.0400,0.139956
515.0600,0.133710
515.0800,0.320662
515.1000,0.242754
515.1200,0.156258
515.1400,0.230174
515.1600,0.191273
515.1800,0.101019
515.2000,0.099042
515.2200,0.223905
515.2400,0.209084
515.2600,0.162820
515.2800,0.262646
515.3000,0.300027
515.3200,0.677176
515.3400,1.084073
515.3600,1.444872
515.3800,1.380175
515.4000,1.523555
515.4200,1.024203
515.4400,1.007947
515.4600,1.213410
515.4800,1.201827
515.5000,0.828650
515.5200,0.660220
515.5400,0.953960
515.5600,1.464321
515.5800,1.749178
515.6000,2.079545
515.6200,2.343575
515.6400,2.034417
515.6600,1.705975
515.6800,1.441204
515.7000,1.295843
515.7200,0.790802
515.7400,0.982347
515.7600,1.731047
515.7800,2.682341
515.8000,2.843155
515.8200,2.228290
515.8400,1.604539
515.8600,1.082217
515.8800,1.593440
515.9000,2.478548
515.9200,2.009977
515.9400,1.155461
515.9600,0.823965
515.9800,0.528933
516.0000,0.302951
516.0200,0.177932
516.0400,0.153442
516.0600,0.172353
516.0800,0.202739
516.1000,0.231140
516.1200,0.507822
516.1400,0.659881
516.1600,1.304354
516.1800,1.042940
516.2000,0.690721
516.2200,0.763086
516.2400,1.236147
516.2600,1.517985
516.2800,1.392538
516.3000,1.293097
516.3200,1.717025
516.3400,2.634431
516.3600,3.228480
516.3800,2.796718
516.4000,2.557092
516.4200,2.724486
516.4400,2.686326
516.4600,2.878982
516.4800,3.172268
516.5000,2.912671
516.5200,2.469458
516.5400,1.774091
516.5600,0.949571
516.5800,0.613784
516.6000,0.470314
516.6200,0.378206
516.6400,0.813892
516.6600,0.891864
516.6800,0.589639
516.7000,0.384683
516.7200,0.347233
516.7400,0.341383
516.7600,0.309212
516.7800,0.352313
516.8000,0.318822
516.8200,0.464914
516.8400,0.695938
516.8600,0.837264
516.8800,0.820187
516.9000,0.786306
516.9200,1.180264
516.9400,0.844596
516.9600,0.557202
516.9800,0.714152
517.0000,1.060253
517.0200,1.947188
517.0400,2.016136
517.0600,2.104388
517.0800,1.725278
517.1000,1.354504
517.1200,1.353506
517.1400,1.649796
517.1600,2.584883
517.1800,2.873303
517.2000,3.600000
517.2200,3.600000
517.2400,3.600000
517.2600,3.600000
517.2800,3.600000
517.3000,3.464375
517.3200,2.718711
517.3400,1.488334
517.3600,0.848599
517.3800,0.480920
517.4000,0.318351
517.4200,0.399919
517.4400,0.644845
517.4600,0.447999
517.4800,0.339386
517.5000,0.124883
517.5200,0.097013
517.5400,0.139956
517.5600,0.133710
517.5800,0.320662
517.6000,0.242754
517.6200,0.156258
517.6400,0.230174
517.6600,0.191273
517.6800,0.101019
517.7000,0.099042
517.7200,0.223905
517.7400,0.209084
517.7600,0.162820
517.7800,0.262646
517.8000,0.300027
517.8200,0.677176
517.8400,1.084073
517.8600,1.444872
517.8800,1.380175
517.9000,1.523555
517.9200,1.024203
517.9400,1.007947
517.9600,1.213410
517.9800,1.201827
518.0000,0.828650
518.0200,0.660220
518.0400,0.953960
518.0600,1.464321
518.0800,1.749178
518.1000,2.079545
518.1200,2.343575
518.1400,2.034417
518.1600,1.705975
518.1800,1.441204
518.2000,1.295843
518.2200,0.790802
518.2400,0.982347
518.2600,1.731047
518.2800,2.682341
518.3000,2.843155
518.3200,2.228290
518.3400,1.604539
518.3600,1.082217
518.3800,1.593440
518.4000,2.478548
518.4200,2.009977
518.4400,1.155461
518.4600,0.823965
518.4800,0.528933
518.5000,0.302951
518.5200,0.177932
518.5400,0.153442
518.5600,0.172353
518.5800,0.202739
518.6000,0.231140
518.6200,0.507822
518.6400,0.659881
518.6600,1.304354
518.6800,1.042940
518.7000,0.690721
518.7200,0.763086
518.7400,1.236147
518.7600,1.517985
518.7800,1.392538
518.8000,1.293097
518.8200,1.717025
518.8400,2.634431
518.8600,3.228480
518.8800,2.796718
518.9000,2.557092
518.9200,2.724486
518.9400,2.686326
518.9600,2.878982
518.9800,3.172268
519.0000,2.912671
519.0200,2.469458
519.0400,1.774091
519.0600,0.949571
519.0800,0.613784
519.1000,0.470314
519.1200,0.378206
519.1400,0.813892
519.1600,0.891864
519.1800,0.589639
519.2000,0.384683
519.2200,0.347233
519.2400,0.341383
519.2600,0.309212
519.2800,0.352313
519.3000,0.318822
519.3200,0.464914
519.3400,0.695938
519.3600,0.837264
519.3800,0.820187
519.4000,0.786306
519.4200,1.180264
519.4400,0.844596
519.4600,0.557202
519.4800,0.714152
519.5000,1.060253
519.5200,1.947188
519.5400,2.016136
519.5600,2.104388
519.5800,1.725278
519.6000,1.354504
519.6200,1.353506
519.6400,1.649796
519.6600,2.584883
519.6800,2.873303
519.7000,3.600000
519.7200,3.600000
519.7400,3.600000
519.7600,3.600000
519.7800,3.600000
519.8000,3.464375
519.8200,2.718711
519.8400,1.488334
519.8600,0.848599
519.8800,0.480920
519.9000,0.318351
519.9200,0.399919
519.9400,0.644845
519.9600,0.447999
519.9800,0.339386
520.0000,0.124883
520.0200,0.097013
520.0400,0.139956
520.0600,0.133710
520.0800,0.320662
520.1000,0.242754
520.1200,0.156258
520.1400,0.230174
520.1600,0.191273
520.1800,0.101019
520.2000,0.099042
520.2200,0.223905
520.2400,0.209084
520.2600,0.162820
520.2800,0.262646
520.3000,0.300027
520.3200,0.677176
520.3400,1.084073
520.3600,1.444872
520.3800,1.380175
520.4000,1.523555
520.4200,1.024203
520.4400,1.007947
520.4600,1.213410
520.4800,1.201827
520.5000,0.828650
520.5200,0.660220
520.5400,0.953960
520.5600,1.464321
520.5800,1.749178
520.6000,2.079545
520.6200,2.343575
520.6400,2.034417
520.6600,1.705975
520.6800,1.441204
520.7000,1.295843
520.7200,0.790802
520.7400,0.982347
520.7600,1.731047
520.7800,2.682341
520.8000,2.843155
520.8200,2.228290
520.8400,1.604539
520.8600,1.082217
520.8800,1.593440
520.9000,2.478548
520.9200,2.009977
520.9400,1.155461
520.9600,0.823965
520.9800,0.528933
521.0000,0.302951
521.0200,0.177932
521.0400,0.153442
521.0600,0.172353
521.0800,0.202739
521.1000,0.231140
521.1200,0.507822
521.1400,0.659881
521.1600,1.304354
521.1800,1.042940
521.2000,0.690721
521.2200,0.763086
521.2400,1.236147
521.2600,1.517985
521.2800,1.392538
521.3000,1.293097
521.3200,1.717025
521.3400,2.634431
521.3600,3.228480
521.3800,2.796718
521.4000,2.557092
521.4200,2.724486
521.4400,2.686326
521.4600,2.878982
521.4800,3.172268
521.5000,2.912671
521.5200,2.469458
521.5400,1.774091
521.5600,0.949571
521.5800,0.613784
521.6000,0.470314
521.6200,0.378206
521.6400,0.813892
521.6600,0.891864
521.6800,0.589639
521.7000,0.384683
521.7200,0.347233
521.7400,0.341383
521.7600,0.309212
521.7800,0.352313
521.8000,0.318822
521.8200,0.464914
521.8400,0.695938
521.8600,0.837264
521.8800,0.820187
521.9000,0.786306
521.9200,1.180264
521.9400,0.844596
521.9600,0.557202
521.9800,0.714152
522.0000,1.060253
522.0200,1.947188
522.0400,2.016136
522.0600,2.104388
522.0800,1.725278
522.1000,1.354504
522.1200,1.353506
522.1400,1.649796
522.1600,2.584883
522.1800,2.873303
522.2000,3.600000
522.2200,3.600000
522.2400,3.600000
522.2600,3.600000
522.2800,3.600000
522.3000,3.464375
522.3200,2.718711
522.3400,1.488334
522.3600,0.848599
522.3800,0.480920
522.4000,0.318351
522.4200,0.399919
522.4400,0.644845
522.4600,0.447999
522.4800,0.339386
522.5000,0.124883
522.5200,0.097013
522.5400,0.139956
522.5600,0.133710
522.5800,0.320662
522.6000,0.242754
522.6200,0.156258
522.6400,0.230174
522.6600,0.191273
522.6800,0.101019
522.7000,0.099042
522.7200,0.223905
522.7400,0.209084
522.7600,0.162820
522.7800,0.262646
522.8000,0.300027
522.8200,0.677176
522.8400,1.084073
522.8600,1.444872
522.8800,1.380175
522.9000,1.523555
522.9200,1.024203
522.9400,1.007947
522.9600,1.213410
522.9800,1.201827
523.0000,0.828650
523.0200,0.660220
523.0400,0.953960
523.0600,1.464321
523.0800,1.749178
523.1000,2.079545
523.1200,2.343575
523.1400,2.034417
523.1600,1.705975
523.1800,1.441204
523.2000,1.295843
523.2200,0.790802
523.2400,0.982347
523.2600,1.731047
523.2800,2.682341
523.3000,2.843155
523.3200,2.228290
523.3400,1.604539
523.3600,1.082217
523.3800,1.593440
523.4000,2.478548
523.4200,2.009977
523.4400,1.155461
523.4600,0.823965
523.4800,0.528933
523.5000,0.302951
523.5200,0.177932
523.5400,0.153442
523.5600,0.172353
523.5800,0.202739
523.6000,0.231140
523.6200,0.507822
523.6400,0.659881
523.6600,1.304354
523.6800,1.042940
523.7000,0.690721
523.7200,0.763086
523.7400,1.236147
523.7600,1.517985
523.7800,1.392538
523.8000,1.293097
523.8200,1.717025
523.8400,2.634431
523.8600,3.228480
523.8800,2.796718
523.9000,2.557092
523.9200,2.724486
523.9400,2.686326
523.9600,2.878982
523.9800,3.172268
524.0000,2.912671
524.0200,2.469458
524.0400,1.774091
524.0600,0.949571
524.0800,0.613784
524.1000,0.470314
524.1200,0.378206
524.1400,0.813892
524.1600,0.891864
524.1800,0.589639
524.2000,0.384683
524.2200,0.347233
524.2400,0.341383
524.2600,0.309212
524.2800,0.352313
524.3000,0.318822
524.3200,0.464914
524.3400,0.695938
524.3600,0.837264
524.3800,0.820187
524.4000,0.786306
524.4200,1.180264
524.4400,0.844596
524.4600,0.557202
524.4800,0.714152
524.5000,1.060253
524.5200,1.947188
524.5400,2.016136
524.5600,2.104388
524.5800,1.725278
524.6000,1.354504
524.6200,1.353506
524.6400,1.649796
524.6600,2.584883
524.6800,2.873303
524.7000,3.600000
524.7200,3.600000
524.7400,3.600000
524.7600,3.600000
524.7800,3.600000
524.8000,3.464375
524.8200,2.718711
524.8400,1.488334
524.8600,0.848599
524.8800,0.480920
524.9000,0.318351
524.9200,0.399919
524.9400,0.644845
524.9600,0.447999
524.9800,0.339386
525.0000,0.124883
525.0200,0.097013
525.0400,0.139956
525.0600,0.133710
525.0800,0.320662
525.1000,0.242754
525.1200,0.156258
525.1400,0.230174
525.1600,0.191273
525.1800,0.101019
525.2000,0.099042
525.2200,0.223905
525.2400,0.209084
525.2600,0.162820
525.2800,0.262646
525.3000,0.300027
525.3200,0.677176
525.3400,1.084073
525.3600,1.444872
525.3800,1.380175
525.4000,1.523555
525.4200,1.024203
525.4400,1.007947
525.4600,1.213410
525.4800,1.201827
525.5000,0.828650
525.5200,0.660220
525.5400,0.953960
525.5600,1.464321
525.5800,1.749178
525.6000,2.079545
525.6200,2.343575
525.6400,2.034417
525.6600,1.705975
525.6800,1.441204
525.7000,1.295843
525.7200,0.790802
525.7400,0.982347
525.7600,1.731047
525.7800,2.682341
525.8000,2.843155
525.8200,2.228290
525.8400,1.604539
525.8600,1.082217
525.8800,1.593440
525.9000,2.478548
525.9200,2.009977
525.9400,1.155461
525.9600,0.823965
525.9800,0.528933
526.0000,0.302951
526.0200,0.177932
526.0400,0.153442
526.0600,0.172353
526.0800,0.202739
526.1000,0.231140
526.1200,0.507822
526.1400,0.659881
526.1600,1.304354
526.1800,1.042940
526.2000,0.690721
526.2200,0.763086
526.2400,1.236147
526.2600,1.517985
526.2800,1.392538
526.3000,1.293097
526.3200,1.717025
526.3400,2.634431
526.3600,3.228480
526.3800,2.796718
526.4000,2.557092
526.4200,2.724486
526.4400,2.686326
526.4600,2.878982
526.4800,3.172268
526.5000,2.912671
526.5200,2.469458
526.5400,1.774091
526.5600,0.949571
526.5800,0.613784
526.6000,0.470314
526.6200,0.378206
526.6400,0.813892
526.6600,0.891864
526.6800,0.589639
526.7000,0.384683
526.7200,0.347233
526.7400,0.341383
526.7600,0.309212
526.7800,0.352313
526.8000,0.318822
526.8200,0.464914
526.8400,0.695938
526.8600,0.837264
526.8800,0.820187
526.9000,0.786306
526.9200,1.180264
526.9400,0.844596
526.9600,0.557202
526.9800,0.714152
527.0000,1.060253
527.0200,1.947188
527.0400,2.016136
527.0600,2.104388
527.0800,1.725278
527.1000,1.354504
527.1200,1.353506
527.1400,1.649796
527.1600,2.584883
527.1800,2.873303
527.2000,3.600000
527.2200,3.600000
527.2400,3.600000
527.2600,3.600000
527.2800,3.600000
527.3000,3.464375
527.3200,2.718711
527.3400,1.488334
527.3600,0.848599
527.3800,0.480920
527.4000,0.318351
527.4200,0.399919
527.4400,0.644845
527.4600,0.447999
527.4800,0.339386
527.5000,0.124883
527.5200,0.097013
527.5400,0.139956
527.5600,0.133710
527.5800,0.320662
527.6000,0.242754
527.6200,0.156258
527.6400,0.230174
527.6600,0.191273
527.6800,0.101019
527.7000,0.099042
527.7200,0.223905
527.7400,0.209084
527.7600,0.162820
527.7800,0.262646
527.8000,0.300027
527.8200,0.677176
527.8400,1.084073
527.8600,1.444872
527.8800,1.380175
527.9000,1.523555
527.9200,1.024203
527.9400,1.007947
527.9600,1.213410
527.9800,1.201827
528.0000,0.828650
528.0200,0.660220
528.0400,0.953960
528.0600,1.464321
528.0800,1.749178
528.1000,2.079545
528.1200,2.343575
528.1400,2.034417
528.1600,1.705975
528.1800,1.441204
528.2000,1.295843
528.2200,0.790802
528.2400,0.982347
528.2600,1.731047
528.2800,2.682341
528.3000,2.843155
528.3200,2.228290
528.3400,1.604539
528.3600,1.082217
528.3800,1.593440
528.4000,2.478548
528.4200,2.009977
528.4400,1.155461
528.4600,0.823965
528.4800,0.528933
528.5000,0.302951
528.5200,0.177932
528.5400,0.153442
528.5600,0.172353
528.5800,0.202739
528.6000,0.231140
528.6200,0.507822
528.6400,0.659881
528.6600,1.304354
528.6800,1.042940
528.7000,0.690721
528.7200,0.763086
528.7400,1.236147
528.7600,1.517985
528.7800,1.392538
528.8000,1.293097
528.8200,1.717025
528.8400,2.634431
528.8600,3.228480
528.8800,2.796718
528.9000,2.557092
528.9200,2.724486
528.9400,2.686326
528.9600,2.878982
528.9800,3.172268
529.0000,2.912671
529.0200,2.469458
529.0400,1.774091
529.0600,0.949571
529.0800,0.613784
529.1000,0.470314
529.1200,0.378206
529.1400,0.813892
529.1600,0.891864
529.1800,0.589639
529.2000,0.384683
529.2200,0.347233
529.2400,0.341383
529.2600,0.309212
529.2800,0.352313
529.3000,0.318822
529.3200,0.464914
529.3400,0.695938
529.3600,0.837264
529.3800,0.820187
529.4000,0.786306
529.4200,1.180264
529.4400,0.844596
529.4600,0.557202
529.4800,0.714152
529.5000,1.060253
529.5200,1.947188
529.5400,2.016136
529.5600,2.104388
529.5800,1.725278
529.6000,1.354504
529.6200,1.353506
529.6400,1.649796
529.6600,2.584883
529.6800,2.873303
529.7000,3.600000
529.7200,3.600000
529.7400,3.600000
529.7600,3.600000
529.7800,3.600000
529.8000,3.464375
529.8200,2.718711
529.8400,1.488334
529.8600,0.848599
529.8800,0.480920
529.9000,0.318351
529.9200,0.399919
529.9400,0.644845
529.9600,0.447999
529.9800,0.339386
530.0000,0.124883
530.0200,0.097013
530.0400,0.139956
530.0600,0.133710
530.0800,0.320662
530.1000,0.242754
530.1200,0.156258
530.1400,0.230174
530.1600,0.191273
530.1800,0.101019
530.2000,0.099042
530.2200,0.223905
530.2400,0.209084
530.2600,0.162820
530.2800,0.262646
530.3000,0.300027
530.3200,0.677176
530.3400,1.084073
530.3600,1.444872
530.3800,1.380175
530.4000,1.523555
530.4200,1.024203
530.4400,1.007947
530.4600,1.213410
530.4800,1.201827
530.5000,0.828650
530.5200,0.660220
530.5400,0.953960
530.5600,1.464321
530.5800,1.749178
530.6000,2.079545
530.6200,2.343575
530.6400,2.034417
530.6600,1.705975
530.6800,1.441204
530.7000,1.295843
530.7200,0.790802
530.7400,0.982347
530.7600,1.731047
530.7800,2.682341
530.8000,2.843155
530.8200,2.228290
530.8400,1.604539
530.8600,1.082217
530.8800,1.593440
530.9000,2.478548
530.9200,2.009977
530.9400,1.155461
530.9600,0.823965
530.9800,0.528933
531.0000,0.302951
531.0200,0.177932
531.0400,0.153442
531.0600,0.172353
531.0800,0.202739
531.1000,0.231140
531.1200,0.507822
531.1400,0.659881
531.1600,1.304354
531.1800,1.042940
531.2000,0.690721
531.2200,0.763086
531.2400,1.236147
531.2600,1.517985
531.2800,1.392538
531.3000,1.293097
531.3200,1.717025
531.3400,2.634431
531.3600,3.228480
531.3800,2.796718
531.4000,2.557092
531.4200,2.724486
531.4400,2.686326
531.4600,2.878982
531.4800,3.172268
531.5000,2.912671
531.5200,2.469458
531.5400,1.774091
531.5600,0.949571
531.5800,0.613784
531.6000,0.470314
531.6200,0.378206
531.6400,0.813892
531.6600,0.891864
531.6800,0.589639
531.7000,0.384683
531.7200,0.347233
531.7400,0.341383
531.7600,0.309212
531.7800,0.352313
531.8000,0.318822
531.8200,0.464914
531.8400,0.695938
531.8600,0.837264
531.8800,0.820187
531.9000,0.786306
531.9200,1.180264
531.9400,0.844596
531.9600,0.557202
531.9800,0.714152
532.0000,1.060253
532.0200,1.947188
532.0400,2.016136
532.0600,2.104388
532.0800,1.725278
532.1000,1.354504
532.1200,1.353506
532.1400,1.649796
532.1600,2.584883
532.1800,2.873303
532.2000,3.600000
532.2200,3.600000
532.2400,3.600000
532.2600,3.600000
532.2800,3.600000
532.3000,3.464375
532.3200,2.718711
532.3400,1.488334
532.3600,0.848599
532.3800,0.480920
532.4000,0.318351
532.4200,0.399919
532.4400,0.644845
532.4600,0.447999
532.4800,0.339386
532.5000,0.124883
532.5200,0.097013
532.5400,0.139956
532.5600,0.133710
532.5800,0.320662
532.6000,0.242754
532.6200,0.156258
532.6400,0.230174
532.6600,0.191273
532.6800,0.101019
532.7000,0.099042
532.7200,0.223905
532.7400,0.209084
532.7600,0.162820
532.7800,0.262646
532.8000,0.300027
532.8200,0.677176
532.8400,1.084073
532.8600,1.444872
532.8800,1.380175
532.9000,1.523555
532.9200,1.024203
532.9400,1.007947
532.9600,1.213410
532.9800,1.201827
533.0000,0.828650
533.0200,0.660220
533.0400,0.953960
533.0600,1.464321
533.0800,1.749178
533.1000,2.079545
533.1200,2.343575
533.1400,2.034417
533.1600,1.705975
533.1800,1.441204
533.2000,1.295843
533.2200,0.790802
533.2400,0.982347
533.2600,1.731047
533.2800,2.682341
533.3000,2.843155
533.3200,2.228290
533.3400,1.604539
533.3600,1.082217
533.3800,1.593440
533.4000,2.478548
533.4200,2.009977
533.4400,1.155461
533.4600,0.823965
533.4800,0.528933
533.5000,0.302951
533.5200,0.177932
533.5400,0.153442
533.5600,0.172353
533.5800,0.202739
533.6000,0.231140
533.6200,0.507822
533.6400,0.659881
533.6600,1.304354
533.6800,1.042940
533.7000,0.690721
533.7200,0.763086
533.7400,1.236147
533.7600,1.517985
533.7800,1.392538
533.8000,1.293097
533.8200,1.717025
533.8400,2.634431
533.8600,3.228480
533.8800,2.796718
533.9000,2.557092
533.9200,2.724486
533.9400,2.686326
533.9600,2.878982
533.9800,3.172268
534.0000,2.912671
534.0200,2.469458
534.0400,1.774091
534.0600,0.949571
534.0800,0.613784
534.1000,0.470314
534.1200,0.378206
534.1400,0.813892
534.1600,0.891864
534.1800,0.589639
534.2000,0.384683
534.2200,0.347233
534.2400,0.341383
534.2600,0.309212
534.2800,0.352313
534.3000,0.318822
534.3200,0.464914
534.3400,0.695938
534.3600,0.837264
534.3800,0.820187
534.4000,0.786306
534.4200,1.180264
534.4400,0.844596
534.4600,0.557202
534.4800,0.714152
534.5000,1.060253
534.5200,1.947188
534.5400,2.016136
534.5600,2.104388
534.5800,1.725278
534.6000,1.354504
534.6200,1.353506
534.6400,1.649796
534.6600,2.584883
534.6800,2.873303
534.7000,3.600000
534.7200,3.600000
534.7400,3.600000
534.7600,3.600000
534.7800,3.600000
534.8000,3.464375
534.8200,2.718711
534.8400,1.488334
534.8600,0.848599
534.8800,0.480920
534.9000,0.318351
534.9200,0.399919
534.9400,0.644845
534.9600,0.447999
534.9800,0.339386
535.0000,0.124883
535.0200,0.097013
535.0400,0.139956
535.0600,0.133710
535.0800,0.320662
535.1000,0.242754
535.1200,0.156258
535.1400,0.230174
535.1600,0.191273
535.1800,0.101019
535.2000,0.099042
535.2200,0.223905
535.2400,0.209084
535.2600,0.162820
535.2800,0.262646
535.3000,0.300027
535.3200,0.677176
535.3400,1.084073
535.3600,1.444872
535.3800,1.380175
535.4000,1.523555
535.4200,1.024203
535.4400,1.007947
535.4600,1.213410
535.4800,1.201827
535.5000,0.828650
535.5200,0.660220
535.5400,0.953960
535.5600,1.464321
535.5800,1.749178
535.6000,2.079545
535.6200,2.343575
535.6400,2.034417
535.6600,1.705975
535.6800,1.441204
535.7000,1.295843
535.7200,0.790802
535.7400,0.982347
535.7600,1.731047
535.7800,2.682341
535.8000,2.843155
535.8200,2.228290
535.8400,1.604539
535.8600,1.082217
535.8800,1.593440
535.9000,2.478548
535.9200,2.009977
535.9400,1.155461
535.9600,0.823965
535.9800,0.528933
536.0000,0.302951
536.0200,0.177932
536.0400,0.153442
536.0600,0.172353
536.0800,0.202739
536.1000,0.231140
536.1200,0.507822
536.1400,0.659881
536.1600,1.304354
536.1800,1.042940
536.2000,0.690721
536.2200,0.763086
536.2400,1.236147
536.2600,1.517985
536.2800,1.392538
536.3000,1.293097
536.3200,1.717025
536.3400,2.634431
536.3600,3.228480
536.3800,2.796718
536.4000,2.557092
536.4200,2.724486
536.4400,2.686326
536.4600,2.878982
536.4800,3.172268
536.5000,2.912671
536.5200,2.469458
536.5400,1.774091
536.5600,0.949571
536.5800,0.613784
536.6000,0.470314
536.6200,0.378206
536.6400,0.813892
536.6600,0.891864
536.6800,0.589639
536.7000,0.384683
536.7200,0.347233
536.7400,0.341383
536.7600,0.309212
536.7800,0.352313
536.8000,0.318822
536.8200,0.464914
536.8400,0.695938
536.8600,0.837264
536.8800,0.820187
536.9000,0.786306
536.9200,1.180264
536.9400,0.844596
536.9600,0.557202
536.9800,0.714152
537.0000,1.060253
537.0200,1.947188
537.0400,2.016136
537.0600,2.104388
537.0800,1.725278
537.1000,1.354504
537.1200,1.353506
537.1400,1.649796
537.1600,2.584883
537.1800,2.873303
537.2000,3.600000
537.2200,3.600000
537.2400,3.600000
537.2600,3.600000
537.2800,3.600000
537.3000,3.464375
537.3200,2.718711
537.3400,1.488334
537.3600,0.848599
537.3800,0.480920
537.4000,0.318351
537.4200,0.399919
537.4400,0.644845
537.4600,0.447999
537.4800,0.339386
537.5000,0.124883
537.5200,0.097013
537.5400,0.139956
537.5600,0.133710
537.5800,0.320662
537.6000,0.242754
537.6200,0.156258
537.6400,0.230174
537.6600,0.191273
537.6800,0.101019
537.7000,0.099042
537.7200,0.223905
537.7400,0.209084
537.7600,0.162820
537.7800,0.262646
537.8000,0.300027
537.8200,0.677176
537.8400,1.084073
537.8600,1.444872
537.8800,1.380175
537.9000,1.523555
537.9200,1.024203
537.9400,1.007947
537.9600,1.213410
537.9800,1.201827
538.0000,0.828650
538.0200,0.660220
538.0400,0.953960
538.0600,1.464321
538.0800,1.749178
538.1000,2.079545
538.1200,2.343575
538.1400,2.034417
538.1600,1.705975
538.1800,1.441204
538.2000,1.295843
538.2200,0.790802
538.2400,0.982347
538.2600,1.731047
538.2800,2.682341
538.3000,2.843155
538.3200,2.228290
538.3400,1.604539
538.3600,1.082217
538.3800,1.593440
538.4000,2.478548
538.4200,2.009977
538.4400,1.155461
538.4600,0.823965
538.4800,0.528933
538.5000,0.302951
538.5200,0.177932
538.5400,0.153442
538.5600,0.172353
538.5800,0.202739
538.6000,0.231140
538.6200,0.507822
538.6400,0.659881
538.6600,1.304354
538.6800,1.042940
538.7000,0.690721
538.7200,0.763086
538.7400,1.236147
538.7600,1.517985
538.7800,1.392538
538.8000,1.293097
538.8200,1.717025
538.8400,2.634431
538.8600,3.228480
538.8800,2.796718
538.9000,2.557092
538.9200,2.724486
538.9400,2.686326
538.9600,2.878982
538.9800,3.172268
539.0000,2.912671
539.0200,2.469458
539.0400,1.774091
539.0600,0.949571
539.0800,0.613784
539.1000,0.470314
539.1200,0.378206
539.1400,0.813892
539.1600,0.891864
539.1800,0.589639
539.2000,0.384683
539.2200,0.347233
539.2400,0.341383
539.2600,0.309212
539.2800,0.352313
539.3000,0.318822
539.3200,0.464914
539.3400,0.695938
539.3600,0.837264
539.3800,0.820187
539.4000,0.786306
539.4200,1.180264
539.4400,0.844596
539.4600,0.557202
539.4800,0.714152
539.5000,1.060253
539.5200,1.947188
539.5400,2.016136
539.5600,2.104388
539.5800,1.725278
539.6000,1.354504
539.6200,1.353506
539.6400,1.649796
539.6600,2.584883
539.6800,2.873303
539.7000,3.600000
539.7200,3.600000
539.7400,3.600000
539.7600,3.600000
539.7800,3.600000
539.8000,3.464375
539.8200,2.718711
539.8400,1.488334
539.8600,0.848599
539.8800,0.480920
539.9000,0.318351
539.9200,0.399919
539.9400,0.644845
539.9600,0.447999
539.9800,0.339386
540.0000,0.124883
540.0200,0.097013
540.0400,0.139956
540.0600,0.133710
540.0800,0.320662
540.1000,0.242754
540.1200,0.156258
540.1400,0.230174
540.1600,0.191273
540.1800,0.101019
540.2000,0.099042
540.2200,0.223905
540.2400,0.209084
540.2600,0.162820
540.2800,0.262646
540.3000,0.300027
540.3200,0.677176
540.3400,1.084073
540.3600,1.444872
540.3800,1.380175
540.4000,1.523555
540.4200,1.024203
540.4400,1.007947
540.4600,1.213410
540.4800,1.201827
540.5000,0.828650
540.5200,0.660220
540.5400,0.953960
540.5600,1.464321
540.5800,1.749178
540.6000,2.079545
540.6200,2.343575
540.6400,2.034417
540.6600,1.705975
540.6800,1.441204
540.7000,1.295843
540.7200,0.790802
540.7400,0.982347
540.7600,1.731047
540.7800,2.682341
540.8000,2.843155
540.8200,2.228290
540.8400,1.604539
540.8600,1.082217
540.8800,1.593440
540.9000,2.478548
540.9200,2.009977
540.9400,1.155461
540.9600,0.823965
540.9800,0.528933
541.0000,0.302951
541.0200,0.177932
541.0400,0.153442
541.0600,0.172353
541.0800,0.202739
541.1000,0.231140
541.1200,0.507822
541.1400,0.659881
541.1600,1.304354
541.1800,1.042940
541.2000,0.690721
541.2200,0.763086
541.2400,1.236147
541.2600,1.517985
541.2800,1.392538
541.3000,1.293097
541.3200,1.717025
541.3400,2.634431
541.3600,3.228480
541.3800,2.796718
541.4000,2.557092
541.4200,2.724486
541.4400,2.686326
541.4600,2.878982
541.4800,3.172268
541.5000,2.912671
541.5200,2.469458
541.5400,1.774091
541.5600,0.949571
541.5800,0.613784
541.6000,0.470314
541.6200,0.378206
541.6400,0.813892
541.6600,0.891864
541.6800,0.589639
541.7000,0.384683
541.7200,0.347233
541.7400,0.341383
541.7600,0.309212
541.7800,0.352313
541.8000,0.318822
541.8200,0.464914
541.8400,0.695938
541.8600,0.837264
541.8800,0.820187
541.9000,0.786306
541.9200,1.180264
541.9400,0.844596
541.9600,0.557202
541.9800,0.714152
542.0000,1.060253
542.0200,1.947188
542.0400,2.016136
542.0600,2.104388
542.0800,1.725278
542.1000,1.354504
542.1200,1.353506
542.1400,1.649796
542.1600,2.584883
542.1800,2.873303
542.2000,3.600000
542.2200,3.600000
542.2400,3.600000
542.2600,3.600000
542.2800,3.600000
542.3000,3.464375
542.3200,2.718711
542.3400,1.488334
542.3600,0.848599
542.3800,0.480920
542.4000,0.318351
542.4200,0.399919
542.4400,0.644845
542.4600,0.447999
542.4800,0.339386
542.5000,0.124883
542.5200,0.097013
542.5400,0.139956
542.5600,0.133710
542.5800,0.320662
542.6000,0.242754
542.6200,0.156258
542.6400,0.230174
542.6600,0.191273
542.6800,0.101019
542.7000,0.099042
542.7200,0.223905
542.7400,0.209084
542.7600,0.162820
542.7800,0.262646
542.8000,0.300027
542.8200,0.677176
542.8400,1.084073
542.8600,1.444872
542.8800,1.380175
542.9000,1.523555
542.9200,1.024203
542.9400,1.007947
542.9600,1.213410
542.9800,1.201827
543.0000,0.828650
543.0200,0.660220
543.0400,0.953960
543.0600,1.464321
543.0800,1.749178
543.1000,2.079545
543.1200,2.343575
543.1400,2.034417
543.1600,1.705975
543.1800,1.441204
543.2000,1.295843
543.2200,0.790802
543.2400,0.982347
543.2600,1.731047
543.2800,2.682341
543.3000,2.843155
543.3200,2.228290
543.3400,1.604539
543.3600,1.082217
543.3800,1.593440
543.4000,2.478548
543.4200,2.009977
543.4400,1.155461
543.4600,0.823965
543.4800,0.528933
543.5000,0.302951
543.5200,0.177932
543.5400,0.153442
543.5600,0.172353
543.5800,0.202739
543.6000,0.231140
543.6200,0.507822
543.6400,0.659881
543.6600,1.304354
543.6800,1.042940
543.7000,0.690721
543.7200,0.763086
543.7400,1.236147
543.7600,1.517985
543.7800,1.392538
543.8000,1.293097
543.8200,1.717025
543.8400,2.634431
543.8600,3.228480
543.8800,2.796718
543.9000,2.557092
543.9200,2.724486
543.9400,2.686326
543.9600,2.878982
543.9800,3.172268
544.0000,2.912671
544.0200,2.469458
544.0400,1.774091
544.0600,0.949571
544.0800,0.613784
544.1000,0.470314
544.1200,0.378206
544.1400,0.813892
544.1600,0.891864
544.1800,0.589639
544.2000,0.384683
544.2200,0.347233
544.2400,0.341383
544.2600,0.309212
544.2800,0.352313
544.3000,0.318822
544.3200,0.464914
544.3400,0.695938
544.3600,0.837264
544.3800,0.820187
544.4000,0.786306
544.4200,1.180264
544.4400,0.844596
544.4600,0.557202
544.4800,0.714152
544.5000,1.060253
544.5200,1.947188
544.5400,2.016136
544.5600,2.104388
544.5800,1.725278
544.6000,1.354504
544.6200,1.353506
544.6400,1.649796
544.6600,2.584883
544.6800,2.873303
544.7000,3.600000
544.7200,3.600000
544.7400,3.600000
544.7600,3.600000
544.7800,3.600000
544.8000,3.464375
544.8200,2.718711
544.8400,1.488334
544.8600,0.848599
544.8800,0.480920
544.9000,0.318351
544.9200,0.399919
544.9400,0.644845
544.9600,0.447999
544.9800,0.339386
545.0000,0.124883
545.0200,0.097013
545.0400,0.139956
545.0600,0.133710
545.0800,0.320662
545.1000,0.242754
545.1200,0.156258
545.1400,0.230174
545.1600,0.191273
545.1800,0.101019
545.2000,0.099042
545.2200,0.223905
545.2400,0.209084
545.2600,0.162820
545.2800,0.262646
545.3000,0.300027
545.3200,0.677176
545.3400,1.084073
545.3600,1.444872
545.3800,1.380175
545.4000,1.523555
545.4200,1.024203
545.4400,1.007947
545.4600,1.213410
545.4800,1.201827
545.5000,0.828650
545.5200,0.660220
545.5400,0.953960
545.5600,1.464321
545.5800,1.749178
545.6000,2.079545
545.6200,2.343575
545.6400,2.034417
545.6600,1.705975
545.6800,1.441204
545.7000,1.295843
545.7200,0.790802
545.7400,0.982347
545.7600,1.731047
545.7800,2.682341
545.8000,2.843155
545.8200,2.228290
545.8400,1.604539
545.8600,1.082217
545.8800,1.593440
545.9000,2.478548
545.9200,2.009977
545.9400,1.155461
545.9600,0.823965
545.9800,0.528933
546.0000,0.302951
546.0200,0.177932
546.0400,0.153442
546.0600,0.172353
546.0800,0.202739
546.1000,0.231140
546.1200,0.507822
546.1400,0.659881
546.1600,1.304354
546.1800,1.042940
546.2000,0.690721
546.2200,0.763086
546.2400,1.236147
546.2600,1.517985
546.2800,1.392538
546.3000,1.293097
546.3200,1.717025
546.3400,2.634431
546.3600,3.228480
546.3800,2.796718
546.4000,2.557092
546.4200,2.724486
546.4400,2.686326
546.4600,2.878982
546.4800,3.172268
546.5000,2.912671
546.5200,2.469458
546.5400,1.774091
546.5600,0.949571
546.5800,0.613784
546.6000,0.470314
546.6200,0.378206
546.6400,0.813892
546.6600,0.891864
546.6800,0.589639
546.7000,0.384683
546.7200,0.347233
546.7400,0.341383
546.7600,0.309212
546.7800,0.352313
546.8000,0.318822
546.8200,0.464914
546.8400,0.695938
546.8600,0.837264
546.8800,0.820187
546.9000,0.786306
546.9200,1.180264
546.9400,0.844596
546.9600,0.557202
546.9800,0.714152
547.0000,1.060253
547.0200,1.947188
547.0400,2.016136
547.0600,2.104388
547.0800,1.725278
547.1000,1.354504
547.1200,1.353506
547.1400,1.649796
547.1600,2.584883
547.1800,2.873303
547.2000,3.600000
547.2200,3.600000
547.2400,3.600000
547.2600,3.600000
547.2800,3.600000
547.3000,3.464375
547.3200,2.718711
547.3400,1.488334
547.3600,0.848599
547.3800,0.480920
547.4000,0.318351
547.4200,0.399919
547.4400,0.644845
547.4600,0.447999
547.4800,0.339386
547.5000,0.124883
547.5200,0.097013
547.5400,0.139956
547.5600,0.133710
547.5800,0.320662
547.6000,0.242754
547.6200,0.156258
547.6400,0.230174
547.6600,0.191273
547.6800,0.101019
547.7000,0.099042
547.7200,0.223905
547.7400,0.209084
547.7600,0.162820
547.7800,0.262646
547.8000,0.300027
547.8200,0.677176
547.8400,1.084073
547.8600,1.444872
547.8800,1.380175
547.9000,1.523555
547.9200,1.024203
547.9400,1.007947
547.9600,1.213410
547.9800,1.201827
548.0000,0.828650
548.0200,0.660220
548.0400,0.953960
548.0600,1.464321
548.0800,1.749178
548.1000,2.079545
548.1200,2.343575
548.1400,2.034417
548.1600,1.705975
548.1800,1.441204
548.2000,1.295843
548.2200,0.790802
548.2400,0.982347
548.2600,1.731047
548.2800,2.682341
548.3000,2.843155
548.3200,2.228290
548.3400,1.604539
548.3600,1.082217
548.3800,1.593440
548.4000,2.478548
548.4200,2.009977
548.4400,1.155461
548.4600,0.823965
548.4800,0.528933
548.5000,0.302951
548.5200,0.177932
548.5400,0.153442
548.5600,0.172353
548.5800,0.202739
548.6000,0.231140
548.6200,0.507822
548.6400,0.659881
548.6600,1.304354
548.6800,1.042940
548.7000,0.690721
548.7200,0.763086
548.7400,1.236147
548.7600,1.517985
548.7800,1.392538
548.8000,1.293097
548.8200,1.717025
548.8400,2.634431
548.8600,3.228480
548.8800,2.796718
548.9000,2.557092
548.9200,2.724486
548.9400,2.686326
548.9600,2.878982
548.9800,3.172268
549.0000,2.912671
549.0200,2.469458
549.0400,1.774091
549.0600,0.949571
549.0800,0.613784
549.1000,0.470314
549.1200,0.378206
549.1400,0.813892
549.1600,0.891864
549.1800,0.589639
549.2000,0.384683
549.2200,0.347233
549.2400,0.341383
549.2600,0.309212
549.2800,0.352313
549.3000,0.318822
549.3200,0.464914
549.3400,0.695938
549.3600,0.837264
549.3800,0.820187
549.4000,0.786306
549.4200,1.180264
549.4400,0.844596
549.4600,0.557202
549.4800,0.714152
549.5000,1.060253
549.5200,1.947188
549.5400,2.016136
549.5600,2.104388
549.5800,1.725278
549.6000,1.354504
549.6200,1.353506
549.6400,1.649796
549.6600,2.584883
549.6800,2.873303
549.7000,3.600000
549.7200,3.600000
549.7400,3.600000
549.7600,3.600000
549.7800,3.600000
549.8000,3.464375
549.8200,2.718711
549.8400,1.488334
549.8600,0.848599
549.8800,0.480920
549.9000,0.318351
549.9200,0.399919
549.9400,0.644845
549.9600,0.447999
549.9800,0.339386
550.0000,0.124883
550.0200,0.097013
550.0400,0.139956
550.0600,0.133710
550.0800,0.320662
550.1000,0.242754
550.1200,0.156258
550.1400,0.230174
550.1600,0.191273
550.1800,0.101019
550.2000,0.099042
550.2200,0.223905
550.2400,0.209084
550.2600,0.162820
550.2800,0.262646
550.3000,0.300027
550.3200,0.677176
550.3400,1.084073
550.3600,1.444872
550.3800,1.380175
550.4000,1.523555
550.4200,1.024203
550.4400,1.007947
550.4600,1.213410
550.4800,1.201827
550.5000,0.828650
550.5200,0.660220
550.5400,0.953960
550.5600,1.464321
550.5800,1.749178
550.6000,2.079545
550.6200,2.343575
550.6400,2.034417
550.6600,1.705975
550.6800,1.441204
550.7000,1.295843
550.7200,0.790802
550.7400,0.982347
550.7600,1.731047
550.7800,2.682341
550.8000,2.843155
550.8200,2.228290
550.8400,1.604539
550.8600,1.082217
550.8800,1.593440
550.9000,2.478548
550.9200,2.009977
550.9400,1.155461
550.9600,0.823965
550.9800,0.528933
551.0000,0.302951
551.0200,0.177932
551.0400,0.153442
551.0600,0.172353
551.0800,0.202739
551.1000,0.231140
551.1200,0.507822
551.1400,0.659881
551.1600,1.304354
551.1800,1.042940
551.2000,0.690721
551.2200,0.763086
551.2400,1.236147
551.2600,1.517985
551.2800,1.392538
551.3000,1.293097
551.3200,1.717025
551.3400,2.634431
551.3600,3.228480
551.3800,2.796718
551.4000,2.557092
551.4200,2.724486
551.4400,2.686326
551.4600,2.878982
551.4800,3.172268
551.5000,2.912671
551.5200,2.469458
551.5400,1.774091
551.5600,0.949571
551.5800,0.613784
551.6000,0.470314
551.6200,0.378206
551.6400,0.813892
551.6600,0.891864
551.6800,0.589639
551.7000,0.384683
551.7200,0.347233
551.7400,0.341383
551.7600,0.309212
551.7800,0.352313
551.8000,0.318822
551.8200,0.464914
551.8400,0.695938
551.8600,0.837264
551.8800,0.820187
551.9000,0.786306
551.9200,1.180264
551.9400,0.844596
551.9600,0.557202
551.9800,0.714152
552.0000,1.060253
552.0200,1.947188
552.0400,2.016136
552.0600,2.104388
552.0800,1.725278
552.1000,1.354504
552.1200,1.353506
552.1400,1.649796
552.1600,2.584883
552.1800,2.873303
552.2000,3.600000
552.2200,3.600000
552.2400,3.600000
552.2600,3.600000
552.2800,3.600000
552.3000,3.464375
552.3200,2.718711
552.3400,1.488334
552.3600,0.848599
552.3800,0.480920
552.4000,0.318351
552.4200,0.399919
552.4400,0.644845
552.4600,0.447999
552.4800,0.339386
552.5000,0.124883
552.5200,0.097013
552.5400,0.139956
552.5600,0.133710
552.5800,0.320662
552.6000,0.242754
552.6200,0.156258
552.6400,0.230174
552.6600,0.191273
552.6800,0.101019
552.7000,0.099042
552.7200,0.223905
552.7400,0.209084
552.7600,0.162820
552.7800,0.262646
552.8000,0.300027
552.8200,0.677176
552.8400,1.084073
552.8600,1.444872
552.8800,1.380175
552.9000,1.523555
552.9200,1.024203
552.9400,1.007947
552.9600,1.213410
552.9800,1.201827
553.0000,0.828650
553.0200,0.660220
553.0400,0.953960
553.0600,1.464321
553.0800,1.749178
553.1000,2.079545
553.1200,2.343575
553.1400,2.034417
553.1600,1.705975
553.1800,1.441204
553.2000,1.295843
553.2200,0.790802
553.2400,0.982347
553.2600,1.731047
553.2800,2.682341
553.3000,2.843155
553.3200,2.228290
553.3400,1.604539
553.3600,1.082217
553.3800,1.593440
553.4000,2.478548
553.4200,2.009977
553.4400,1.155461
553.4600,0.823965
553.4800,0.528933
553.5000,0.302951
553.5200,0.177932
553.5400,0.153442
553.5600,0.172353
553.5800,0.202739
553.6000,0.231140
553.6200,0.507822
553.6400,0.659881
553.6600,1.304354
553.6800,1.042940
553.7000,0.690721
553.7200,0.763086
553.7400,1.236147
553.7600,1.517985
553.7800,1.392538
553.8000,1.293097
553.8200,1.717025
553.8400,2.634431
553.8600,3.228480
553.8800,2.796718
553.9000,2.557092
553.9200,2.724486
553.9400,2.686326
553.9600,2.878982
553.9800,3.172268
554.0000,2.912671
554.0200,2.469458
554.0400,1.774091
554.0600,0.949571
554.0800,0.613784
554.1000,0.470314
554.1200,0.378206
554.1400,0.813892
554.1600,0.891864
554.1800,0.589639
554.2000,0.384683
554.2200,0.347233
554.2400,0.341383
554.2600,0.309212
554.2800,0.352313
554.3000,0.318822
554.3200,0.464914
554.3400,0.695938
554.3600,0.837264
554.3800,0.820187
554.4000,0.786306
554.4200,1.180264
554.4400,0.844596
554.4600,0.557202
554.4800,0.714152
554.5000,1.060253
554.5200,1.947188
554.5400,2.016136
554.5600,2.104388
554.5800,1.725278
554.6000,1.354504
554.6200,1.353506
554.6400,1.649796
554.6600,2.584883
554.6800,2.873303
554.7000,3.600000
554.7200,3.600000
554.7400,3.600000
554.7600,3.600000
554.7800,3.600000
554.8000,3.464375
554.8200,2.718711
554.8400,1.488334
554.8600,0.848599
554.8800,0.480920
554.9000,0.318351
554.9200,0.399919
554.9400,0.644845
554.9600,0.447999
554.9800,0.339386
555.0000,0.124883
555.0200,0.097013
555.0400,0.139956
555.0600,0.133710
555.0800,0.320662
555.1000,0.242754
555.1200,0.156258
555.1400,0.230174
555.1600,0.191273
555.1800,0.101019
555.2000,0.099042
555.2200,0.223905
555.2400,0.209084
555.2600,0.162820
555.2800,0.262646
555.3000,0.300027
555.3200,0.677176
555.3400,1.084073
555.3600,1.444872
555.3800,1.380175
555.4000,1.523555
555.4200,1.024203
555.4400,1.007947
555.4600,1.213410
555.4800,1.201827
555.5000,0.828650
555.5200,0.660220
555.5400,0.953960
555.5600,1.464321
555.5800,1.749178
555.6000,2.079545
555.6200,2.343575
555.6400,2.034417
555.6600,1.705975
555.6800,1.441204
555.7000,1.295843
555.7200,0.790802
555.7400,0.982347
555.7600,1.731047
555.7800,2.682341
555.8000,2.843155
555.8200,2.228290
555.8400,1.604539
555.8600,1.082217
555.8800,1.593440
555.9000,2.478548
555.9200,2.009977
555.9400,1.155461
555.9600,0.823965
555.9800,0.528933
556.0000,0.302951
556.0200,0.177932
556.0400,0.153442
556.0600,0.172353
556.0800,0.202739
556.1000,0.231140
556.1200,0.507822
556.1400,0.659881
556.1600,1.304354
556.1800,1.042940
556.2000,0.690721
556.2200,0.763086
556.2400,1.236147
556.2600,1.517985
556.2800,1.392538
556.3000,1.293097
556.3200,1.717025
556.3400,2.634431
556.3600,3.228480
556.3800,2.796718
556.4000,2.557092
556.4200,2.724486
556.4400,2.686326
556.4600,2.878982
556.4800,3.172268
556.5000,2.912671
556.5200,2.469458
556.5400,1.774091
556.5600,0.949571
556.5800,0.613784
556.6000,0.470314
556.6200,0.378206
556.6400,0.813892
556.6600,0.891864
556.6800,0.589639
556.7000,0.384683
556.7200,0.347233
556.7400,0.341383
556.7600,0.309212
556.7800,0.352313
556.8000,0.318822
556.8200,0.464914
556.8400,0.695938
556.8600,0.837264
556.8800,0.820187
556.9000,0.786306
556.9200,1.180264
556.9400,0.844596
556.9600,0.557202
556.9800,0.714152
557.0000,1.060253
557.0200,1.947188
557.0400,2.016136
557.0600,2.104388
557.0800,1.725278
557.1000,1.354504
557.1200,1.353506
557.1400,1.649796
557.1600,2.584883
557.1800,2.873303
557.2000,3.600000
557.2200,3.600000
557.2400,3.600000
557.2600,3.600000
557.2800,3.600000
557.3000,3.464375
557.3200,2.718711
557.3400,1.488334
557.3600,0.848599
557.3800,0.480920
557.4000,0.318351
557.4200,0.399919
557.4400,0.644845
557.4600,0.447999
557.4800,0.339386
557.5000,0.124883
557.5200,0.097013
557.5400,0.139956
557.5600,0.133710
557.5800,0.320662
557.6000,0.242754
557.6200,0.156258
557.6400,0.230174
557.6600,0.191273
557.6800,0.101019
557.7000,0.099042
557.7200,0.223905
557.7400,0.209084
557.7600,0.162820
557.7800,0.262646
557.8000,0.300027
557.8200,0.677176
557.8400,1.084073
557.8600,1.444872
557.8800,1.380175
557.9000,1.523555
557.9200,1.024203
557.9400,1.007947
557.9600,1.213410
557.9800,1.201827
558.0000,0.828650
558.0200,0.660220
558.0400,0.953960
558.0600,1.464321
558.0800,1.749178
558.1000,2.079545
558.1200,2.343575
558.1400,2.034417
558.1600,1.705975
558.1800,1.441204
558.2000,1.295843
558.2200,0.790802
558.2400,0.982347
558.2600,1.731047
558.2800,2.682341
558.3000,2.843155
558.3200,2.228290
558.3400,1.604539
558.3600,1.082217
558.3800,1.593440
558.4000,2.478548
558.4200,2.009977
558.4400,1.155461
558.4600,0.823965
558.4800,0.528933
558.5000,0.302951
558.5200,0.177932
558.5400,0.153442
558.5600,0.172353
558.5800,0.202739
558.6000,0.231140
558.6200,0.507822
558.6400,0.659881
558.6600,1.304354
558.6800,1.042940
558.7000,0.690721
558.7200,0.763086
558.7400,1.236147
558.7600,1.517985
558.7800,1.392538
558.8000,1.293097
558.8200,1.717025
558.8400,2.634431
558.8600,3.228480
558.8800,2.796718
558.9000,2.557092
558.9200,2.724486
558.9400,2.686326
558.9600,2.878982
558.9800,3.172268
559.0000,2.912671
559.0200,2.469458
559.0400,1.774091
559.0600,0.949571
559.0800,0.613784
559.1000,0.470314
559.1200,0.378206
559.1400,0.813892
559.1600,0.891864
559.1800,0.589639
559.2000,0.384683
559.2200,0.347233
559.2400,0.341383
559.2600,0.309212
559.2800,0.352313
559.3000,0.318822
559.3200,0.464914
559.3400,0.695938
559.3600,0.837264
559.3800,0.820187
559.4000,0.786306
559.4200,1.180264
559.4400,0.844596
559.4600,0.557202
559.4800,0.714152
559.5000,1.060253
559.5200,1.947188
559.5400,2.016136
559.5600,2.104388
559.5800,1.725278
559.6000,1.354504
559.6200,1.353506
559.6400,1.649796
559.6600,2.584883
559.6800,2.873303
559.7000,3.600000
559.7200,3.600000
559.7400,3.600000
559.7600,3.600000
559.7800,3.600000
559.8000,3.464375
559.8200,2.718711
559.8400,1.488334
559.8600,0.848599
559.8800,0.480920
559.9000,0.318351
559.9200,0.399919
559.9400,0.644845
559.9600,0.447999
559.9800,0.339386
560.0000,0.124883
560.0200,0.097013
560.0400,0.139956
560.0600,0.133710
560.0800,0.320662
560.1000,0.242754
560.1200,0.156258
560.1400,0.230174
560.1600,0.191273
560.1800,0.101019
560.2000,0.099042
560.2200,0.223905
560.2400,0.209084
560.2600,0.162820
560.2800,0.262646
560.3000,0.300027
560.3200,0.677176
560.3400,1.084073
560.3600,1.444872
560.3800,1.380175
560.4000,1.523555
560.4200,1.024203
560.4400,1.007947
560.4600,1.213410
560.4800,1.201827
560.5000,0.828650
560.5200,0.660220
560.5400,0.953960
560.5600,1.464321
560.5800,1.749178
560.6000,2.079545
560.6200,2.343575
560.6400,2.034417
560.6600,1.705975
560.6800,1.441204
560.7000,1.295843
560.7200,0.790802
560.7400,0.982347
560.7600,1.731047
560.7800,2.682341
560.8000,2.843155
560.8200,2.228290
560.8400,1.604539
560.8600,1.082217
560.8800,1.593440
560.9000,2.478548
560.9200,2.009977
560.9400,1.155461
560.9600,0.823965
560.9800,0.528933
561.0000,0.302951
561.0200,0.177932
561.0400,0.153442
561.0600,0.172353
561.0800,0.202739
561.1000,0.231140
561.1200,0.507822
561.1400,0.659881
561.1600,1.304354
561.1800,1.042940
561.2000,0.690721
561.2200,0.763086
561.2400,1.236147
561.2600,1.517985
561.2800,1.392538
561.3000,1.293097
561.3200,1.717025
561.3400,2.634431
561.3600,3.228480
561.3800,2.796718
561.4000,2.557092
561.4200,2.724486
561.4400,2.686326
561.4600,2.878982
561.4800,3.172268
561.5000,2.912671
561.5200,2.469458
561.5400,1.774091
561.5600,0.949571
561.5800,0.613784
561.6000,0.470314
561.6200,0.378206
561.6400,0.813892
561.6600,0.891864
561.6800,0.589639
561.7000,0.384683
561.7200,0.347233
561.7400,0.341383
561.7600,0.309212
561.7800,0.352313
561.8000,0.318822
561.8200,0.464914
561.8400,0.695938
561.8600,0.837264
561.8800,0.820187
561.9000,0.786306
561.9200,1.180264
561.9400,0.844596
561.9600,0.557202
561.9800,0.714152
562.0000,1.060253
562.0200,1.947188
562.0400,2.016136
562.0600,2.104388
562.0800,1.725278
562.1000,1.354504
562.1200,1.353506
562.1400,1.649796
562.1600,2.584883
562.1800,2.873303
562.2000,3.600000
562.2200,3.600000
562.2400,3.600000
562.2600,3.600000
562.2800,3.600000
562.3000,3.464375
562.3200,2.718711
562.3400,1.488334
562.3600,0.848599
562.3800,0.480920
562.4000,0.318351
562.4200,0.399919
562.4400,0.644845
562.4600,0.447999
562.4800,0.339386
562.5000,0.124883
562.5200,0.097013
562.5400,0.139956
562.5600,0.133710
562.5800,0.320662
562.6000,0.242754
562.6200,0.156258
562.6400,0.230174
562.6600,0.191273
562.6800,0.101019
562.7000,0.099042
562.7200,0.223905
562.7400,0.209084
562.7600,0.162820
562.7800,0.262646
562.8000,0.300027
562.8200,0.677176
562.8400,1.084073
562.8600,1.444872
562.8800,1.380175
562.9000,1.523555
562.9200,1.024203
562.9400,1.007947
562.9600,1.213410
562.9800,1.201827
563.0000,0.828650
563.0200,0.660220
563.0400,0.953960
563.0600,1.464321
563.0800,1.749178
563.1000,2.079545
563.1200,2.343575
563.1400,2.034417
563.1600,1.705975
563.1800,1.441204
563.2000,1.295843
563.2200,0.790802
563.2400,0.982347
563.2600,1.731047
563.2800,2.682341
563.3000,2.843155
563.3200,2.228290
563.3400,1.604539
563.3600,1.082217
563.3800,1.593440
563.4000,2.478548
563.4200,2.009977
563.4400,1.155461
563.4600,0.823965
563.4800,0.528933
563.5000,0.302951
563.5200,0.177932
563.5400,0.153442
563.5600,0.172353
563.5800,0.202739
563.6000,0.231140
563.6200,0.507822
563.6400,0.659881
563.6600,1.304354
563.6800,1.042940
563.7000,0.690721
563.7200,0.763086
563.7400,1.236147
563.7600,1.517985
563.7800,1.392538
563.8000,1.293097
563.8200,1.717025
563.8400,2.634431
563.8600,3.228480
563.8800,2.796718
563.9000,2.557092
563.9200,2.724486
563.9400,2.686326
563.9600,2.878982
563.9800,3.172268
564.0000,2.912671
564.0200,2.469458
564.0400,1.774091
564.0600,0.949571
564.0800,0.613784
564.1000,0.470314
564.1200,0.378206
564.1400,0.813892
564.1600,0.891864
564.1800,0.589639
564.2000,0.384683
564.2200,0.347233
564.2400,0.341383
564.2600,0.309212
564.2800,0.352313
564.3000,0.318822
564.3200,0.464914
564.3400,0.695938
564.3600,0.837264
564.3800,0.820187
564.4000,0.786306
564.4200,1.180264
564.4400,0.844596
564.4600,0.557202
564.4800,0.714152
564.5000,1.060253
564.5200,1.947188
564.5400,2.016136
564.5600,2.104388
564.5800,1.725278
564.6000,1.354504
564.6200,1.353506
564.6400,1.649796
564.6600,2.584883
564.6800,2.873303
564.7000,3.600000
564.7200,3.600000
564.7400,3.600000
564.7600,3.600000
564.7800,3.600000
564.8000,3.464375
564.8200,2.718711
564.8400,1.488334
564.8600,0.848599
564.8800,0.480920
564.9000,0.318351
564.9200,0.399919
564.9400,0.644845
564.9600,0.447999
564.9800,0.339386
565.0000,0.124883
565.0200,0.097013
565.0400,0.139956
565.0600,0.133710
565.0800,0.320662
565.1000,0.242754
565.1200,0.156258
565.1400,0.230174
565.1600,0.191273
565.1800,0.101019
565.2000,0.099042
565.2200,0.223905
565.2400,0.209084
565.2600,0.162820
565.2800,0.262646
565.3000,0.300027
565.3200,0.677176
565.3400,1.084073
565.3600,1.444872
565.3800,1.380175
565.4000,1.523555
565.4200,1.024203
565.4400,1.007947
565.4600,1.213410
565.4800,1.201827
565.5000,0.828650
565.5200,0.660220
565.5400,0.953960
565.5600,1.464321
565.5800,1.749178
565.6000,2.079545
565.6200,2.343575
565.6400,2.034417
565.6600,1.705975
565.6800,1.441204
565.7000,1.295843
565.7200,0.790802
565.7400,0.982347
565.7600,1.731047
565.7800,2.682341
565.8000,2.843155
565.8200,2.228290
565.8400,1.604539
565.8600,1.082217
565.8800,1.593440
565.9000,2.478548
565.9200,2.009977
565.9400,1.155461
565.9600,0.823965
565.9800,0.528933
566.0000,0.302951
566.0200,0.177932
566.0400,0.153442
566.0600,0.172353
566.0800,0.202739
566.1000,0.231140
566.1200,0.507822
566.1400,0.659881
566.1600,1.304354
566.1800,1.042940
566.2000,0.690721
566.2200,0.763086
566.2400,1.236147
566.2600,1.517985
566.2800,1.392538
566.3000,1.293097
566.3200,1.717025
566.3400,2.634431
566.3600,3.228480
566.3800,2.796718
566.4000,2.557092
566.4200,2.724486
566.4400,2.686326
566.4600,2.878982
566.4800,3.172268
566.5000,2.912671
566.5200,2.469458
566.5400,1.774091
566.5600,0.949571
566.5800,0.613784
566.6000,0.470314
566.6200,0.378206
566.6400,0.813892
566.6600,0.891864
566.6800,0.589639
566.7000,0.384683
566.7200,0.347233
566.7400,0.341383
566.7600,0.309212
566.7800,0.352313
566.8000,0.318822
566.8200,0.464914
566.8400,0.695938
566.8600,0.837264
566.8800,0.820187
566.9000,0.786306
566.9200,1.180264
566.9400,0.844596
566.9600,0.557202
566.9800,0.714152
567.0000,1.060253
567.0200,1.947188
567.0400,2.016136
567.0600,2.104388
567.0800,1.725278
567.1000,1.354504
567.1200,1.353506
567.1400,1.649796
567.1600,2.584883
567.1800,2.873303
567.2000,3.600000
567.2200,3.600000
567.2400,3.600000
567.2600,3.600000
567.2800,3.600000
567.3000,3.464375
567.3200,2.718711
567.3400,1.488334
567.3600,0.848599
567.3800,0.480920
567.4000,0.318351
567.4200,0.399919
567.4400,0.644845
567.4600,0.447999
567.4800,0.339386
567.5000,0.124883
567.5200,0.097013
567.5400,0.139956
567.5600,0.133710
567.5800,0.320662
567.6000,0.242754
567.6200,0.156258
567.6400,0.230174
567.6600,0.191273
567.6800,0.101019
567.7000,0.099042
567.7200,0.223905
567.7400,0.209084
567.7600,0.162820
567.7800,0.262646
567.8000,0.300027
567.8200,0.677176
567.8400,1.084073
567.8600,1.444872
567.8800,1.380175
567.9000,1.523555
567.9200,1.024203
567.9400,1.007947
567.9600,1.213410
567.9800,1.201827
568.0000,0.828650
568.0200,0.660220
568.0400,0.953960
568.0600,1.464321
568.0800,1.749178
568.1000,2.079545
568.1200,2.343575
568.1400,2.034417
568.1600,1.705975
568.1800,1.441204
568.2000,1.295843
568.2200,0.790802
568.2400,0.982347
568.2600,1.731047
568.2800,2.682341
568.3000,2.843155
568.3200,2.228290
568.3400,1.604539
568.3600,1.082217
568.3800,1.593440
568.4000,2.478548
568.4200,2.009977
568.4400,1.155461
568.4600,0.823965
568.4800,0.528933
568.5000,0.302951
568.5200,0.177932
568.5400,0.153442
568.5600,0.172353
568.5800,0.202739
568.6000,0.231140
568.6200,0.507822
568.6400,0.659881
568.6600,1.304354
568.6800,1.042940
568.7000,0.690721
568.7200,0.763086
568.7400,1.236147
568.7600,1.517985
568.7800,1.392538
568.8000,1.293097
568.8200,1.717025
568.8400,2.634431
568.8600,3.228480
568.8800,2.796718
568.9000,2.557092
568.9200,2.724486
568.9400,2.686326
568.9600,2.878982
568.9800,3.172268
569.0000,2.912671
569.0200,2.469458
569.0400,1.774091
569.0600,0.949571
569.0800,0.613784
569.1000,0.470314
569.1200,0.378206
569.1400,0.813892
569.1600,0.891864
569.1800,0.589639
569.2000,0.384683
569.2200,0.347233
569.2400,0.341383
569.2600,0.309212
569.2800,0.352313
569.3000,0.318822
569.3200,0.464914
569.3400,0.695938
569.3600,0.837264
569.3800,0.820187
569.4000,0.786306
569.4200,1.180264
569.4400,0.844596
569.4600,0.557202
569.4800,0.714152
569.5000,1.060253
569.5200,1.947188
569.5400,2.016136
569.5600,2.104388
569.5800,1.725278
569.6000,1.354504
569.6200,1.353506
569.6400,1.649796
569.6600,2.584883
569.6800,2.873303
569.7000,3.600000
569.7200,3.600000
569.7400,3.600000
569.7600,3.600000
569.7800,3.600000
569.8000,3.464375
569.8200,2.718711
569.8400,1.488334
569.8600,0.848599
569.8800,0.480920
569.9000,0.318351
569.9200,0.399919
569.9400,0.644845
569.9600,0.447999
569.9800,0.339386
570.0000,0.124883
570.0200,0.097013
570.0400,0.139956
570.0600,0.133710
570.0800,0.320662
570.1000,0.242754
570.1200,0.156258
570.1400,0.230174
570.1600,0.191273
570.1800,0.101019
570.2000,0.099042
570.2200,0.223905
570.2400,0.209084
570.2600,0.162820
570.2800,0.262646
570.3000,0.300027
570.3200,0.677176
570.3400,1.084073
570.3600,1.444872
570.3800,1.380175
570.4000,1.523555
570.4200,1.024203
570.4400,1.007947
570.4600,1.213410
570.4800,1.201827
570.5000,0.828650
570.5200,0.660220
570.5400,0.953960
570.5600,1.464321
570.5800,1.749178
570.6000,2.079545
570.6200,2.343575
570.6400,2.034417
570.6600,1.705975
570.6800,1.441204
570.7000,1.295843
570.7200,0.790802
570.7400,0.982347
570.7600,1.731047
570.7800,2.682341
570.8000,2.843155
570.8200,2.228290
570.8400,1.604539
570.8600,1.082217
570.8800,1.593440
570.9000,2.478548
570.9200,2.009977
570.9400,1.155461
570.9600,0.823965
570.9800,0.528933
571.0000,0.302951
571.0200,0.177932
571.0400,0.153442
571.0600,0.172353
571.0800,0.202739
571.1000,0.231140
571.1200,0.507822
571.1400,0.659881
571.1600,1.304354
571.1800,1.042940
571.2000,0.690721
571.2200,0.763086
571.2400,1.236147
571.2600,1.517985
571.2800,1.392538
571.3000,1.293097
571.3200,1.717025
571.3400,2.634431
571.3600,3.228480
571.3800,2.796718
571.4000,2.557092
571.4200,2.724486
571.4400,2.686326
571.4600,2.878982
571.4800,3.172268
571.5000,2.912671
571.5200,2.469458
571.5400,1.774091
571.5600,0.949571
571.5800,0.613784
571.6000,0.470314
571.6200,0.378206
571.6400,0.813892
571.6600,0.891864
571.6800,0.589639
571.7000,0.384683
571.7200,0.347233
571.7400,0.341383
571.7600,0.309212
571.7800,0.352313
571.8000,0.318822
571.8200,0.464914
571.8400,0.695938
571.8600,0.837264
571.8800,0.820187
571.9000,0.786306
571.9200,1.180264
571.9400,0.844596
571.9600,0.557202
571.9800,0.714152
572.0000,1.060253
572.0200,1.947188
572.0400,2.016136
572.0600,2.104388
572.0800,1.725278
572.1000,1.354504
572.1200,1.353506
572.1400,1.649796
572.1600,2.584883
572.1800,2.873303
572.2000,3.600000
572.2200,3.600000
572.2400,3.600000
572.2600,3.600000
572.2800,3.600000
572.3000,3.464375
572.3200,2.718711
572.3400,1.488334
572.3600,0.848599
572.3800,0.480920
572.4000,0.318351
572.4200,0.399919
572.4400,0.644845
572.4600,0.447999
572.4800,0.339386
572.5000,0.124883
572.5200,0.097013
572.5400,0.139956
572.5600,0.133710
572.5800,0.320662
572.6000,0.242754
572.6200,0.156258
572.6400,0.230174
572.6600,0.191273
572.6800,0.101019
572.7000,0.099042
572.7200,0.223905
572.7400,0.209084
572.7600,0.162820
572.7800,0.262646
572.8000,0.300027
572.8200,0.677176
572.8400,1.084073
572.8600,1.444872
572.8800,1.380175
572.9000,1.523555
572.9200,1.024203
572.9400,1.007947
572.9600,1.213410
572.9800,1.201827
573.0000,0.828650
573.0200,0.660220
573.0400,0.953960
573.0600,1.464321
573.0800,1.749178
573.1000,2.079545
573.1200,2.343575
573.1400,2.034417
573.1600,1.705975
573.1800,1.441204
573.2000,1.295843
573.2200,0.790802
573.2400,0.982347
573.2600,1.731047
573.2800,2.682341
573.3000,2.843155
573.3200,2.228290
573.3400,1.604539
573.3600,1.082217
573.3800,1.593440
573.4000,2.478548
573.4200,2.009977
573.4400,1.155461
573.4600,0.823965
573.4800,0.528933
573.5000,0.302951
573.5200,0.177932
573.5400,0.153442
573.5600,0.172353
573.5800,0.202739
573.6000,0.231140
573.6200,0.507822
573.6400,0.659881
573.6600,1.304354
573.6800,1.042940
573.7000,0.690721
573.7200,0.763086
573.7400,1.236147
573.7600,1.517985
573.7800,1.392538
573.8000,1.293097
573.8200,1.717025
573.8400,2.634431
573.8600,3.228480
573.8800,2.796718
573.9000,2.557092
573.9200,2.724486
573.9400,2.686326
573.9600,2.878982
573.9800,3.172268
574.0000,2.912671
574.0200,2.469458
574.0400,1.774091
574.0600,0.949571
574.0800,0.613784
574.1000,0.470314
574.1200,0.378206
574.1400,0.813892
574.1600,0.891864
574.1800,0.589639
574.2000,0.384683
574.2200,0.347233
574.2400,0.341383
574.2600,0.309212
574.2800,0.352313
574.3000,0.318822
574.3200,0.464914
574.3400,0.695938
574.3600,0.837264
574.3800,0.820187
574.4000,0.786306
574.4200,1.180264
574.4400,0.844596
574.4600,0.557202
574.4800,0.714152
574.5000,1.060253
574.5200,1.947188
574.5400,2.016136
574.5600,2.104388
574.5800,1.725278
574.6000,1.354504
574.6200,1.353506
574.6400,1.649796
574.6600,2.584883
574.6800,2.873303
574.7000,3.600000
574.7200,3.600000
574.7400,3.600000
574.7600,3.600000
574.7800,3.600000
574.8000,3.464375
574.8200,2.718711
574.8400,1.488334
574.8600,0.848599
574.8800,0.480920
574.9000,0.318351
574.9200,0.399919
574.9400,0.644845
574.9600,0.447999
574.9800,0.339386
575.0000,0.124883
575.0200,0.097013
575.0400,0.139956
575.0600,0.133710
575.0800,0.320662
575.1000,0.242754
575.1200,0.156258
575.1400,0.230174
575.1600,0.191273
575.1800,0.101019
575.2000,0.099042
575.2200,0.223905
575.2400,0.209084
575.2600,0.162820
575.2800,0.262646
575.3000,0.300027
575.3200,0.677176
575.3400,1.084073
575.3600,1.444872
575.3800,1.380175
575.4000,1.523555
575.4200,1.024203
575.4400,1.007947
575.4600,1.213410
575.4800,1.201827
575.5000,0.828650
575.5200,0.660220
575.5400,0.953960
575.5600,1.464321
575.5800,1.749178
575.6000,2.079545
575.6200,2.343575
575.6400,2.034417
575.6600,1.705975
575.6800,1.441204
575.7000,1.295843
575.7200,0.790802
575.7400,0.982347
575.7600,1.731047
575.7800,2.682341
575.8000,2.843155
575.8200,2.228290
575.8400,1.604539
575.8600,1.082217
575.8800,1.593440
575.9000,2.478548
575.9200,2.009977
575.9400,1.155461
575.9600,0.823965
575.9800,0.528933
576.0000,0.302951
576.0200,0.177932
576.0400,0.153442
576.0600,0.172353
576.0800,0.202739
576.1000,0.231140
576.1200,0.507822
576.1400,0.659881
576.1600,1.304354
576.1800,1.042940
576.2000,0.690721
576.2200,0.763086
576.2400,1.236147
576.2600,1.517985
576.2800,1.392538
576.3000,1.293097
576.3200,1.717025
576.3400,2.634431
576.3600,3.228480
576.3800,2.796718
576.4000,2.557092
576.4200,2.724486
576.4400,2.686326
576.4600,2.878982
576.4800,3.172268
576.5000,2.912671
576.5200,2.469458
576.5400,1.774091
576.5600,0.949571
576.5800,0.613784
576.6000,0.470314
576.6200,0.378206
576.6400,0.813892
576.6600,0.891864
576.6800,0.589639
576.7000,0.384683
576.7200,0.347233
576.7400,0.341383
576.7600,0.309212
576.7800,0.352313
576.8000,0.318822
576.8200,0.464914
576.8400,0.695938
576.8600,0.837264
576.8800,0.820187
576.9000,0.786306
576.9200,1.180264
576.9400,0.844596
576.9600,0.557202
576.9800,0.714152
577.0000,1.060253
577.0200,1.947188
577.0400,2.016136
577.0600,2.104388
577.0800,1.725278
577.1000,1.354504
577.1200,1.353506
577.1400,1.649796
577.1600,2.584883
577.1800,2.873303
577.2000,3.600000
577.2200,3.600000
577.2400,3.600000
577.2600,3.600000
577.2800,3.600000
577.3000,3.464375
577.3200,2.718711
577.3400,1.488334
577.3600,0.848599
577.3800,0.480920
577.4000,0.318351
577.4200,0.399919
577.4400,0.644845
577.4600,0.447999
577.4800,0.339386
577.5000,0.124883
577.5200,0.097013
577.5400,0.139956
577.5600,0.133710
577.5800,0.320662
577.6000,0.242754
577.6200,0.156258
577.6400,0.230174
577.6600,0.191273
577.6800,0.101019
577.7000,0.099042
577.7200,0.223905
577.7400,0.209084
577.7600,0.162820
577.7800,0.262646
577.8000,0.300027
577.8200,0.677176
577.8400,1.084073
577.8600,1.444872
577.8800,1.380175
577.9000,1.523555
577.9200,1.024203
577.9400,1.007947
577.9600,1.213410
577.9800,1.201827
578.0000,0.828650
578.0200,0.660220
578.0400,0.953960
578.0600,1.464321
578.0800,1.749178
578.1000,2.079545
578.1200,2.343575
578.1400,2.034417
578.1600,1.705975
578.1800,1.441204
578.2000,1.295843
578.2200,0.790802
578.2400,0.982347
578.2600,1.731047
578.2800,2.682341
578.3000,2.843155
578.3200,2.228290
578.3400,1.604539
578.3600,1.082217
578.3800,1.593440
578.4000,2.478548
578.4200,2.009977
578.4400,1.155461
578.4600,0.823965
578.4800,0.528933
578.5000,0.302951
578.5200,0.177932
578.5400,0.153442
578.5600,0.172353
578.5800,0.202739
578.6000,0.231140
578.6200,0.507822
578.6400,0.659881
578.6600,1.304354
578.6800,1.042940
578.7000,0.690721
578.7200,0.763086
578.7400,1.236147
578.7600,1.517985
578.7800,1.392538
578.8000,1.293097
578.8200,1.717025
578.8400,2.634431
578.8600,3.228480
578.8800,2.796718
578.9000,2.557092
578.9200,2.724486
578.9400,2.686326
578.9600,2.878982
578.9800,3.172268
579.0000,2.912671
579.0200,2.469458
579.0400,1.774091
579.0600,0.949571
579.0800,0.613784
579.1000,0.470314
579.1200,0.378206
579.1400,0.813892
579.1600,0.891864
579.1800,0.589639
579.2000,0.384683
579.2200,0.347233
579.2400,0.341383
579.2600,0.309212
579.2800,0.352313
579.3000,0.318822
579.3200,0.464914
579.3400,0.695938
579.3600,0.837264
579.3800,0.820187
579.4000,0.786306
579.4200,1.180264
579.4400,0.844596
579.4600,0.557202
579.4800,0.714152
579.5000,1.060253
579.5200,1.947188
579.5400,2.016136
579.5600,2.104388
579.5800,1.725278
579.6000,1.354504
579.6200,1.353506
579.6400,1.649796
579.6600,2.584883
579.6800,2.873303
579.7000,3.600000
579.7200,3.600000
579.7400,3.600000
579.7600,3.600000
579.7800,3.600000
579.8000,3.464375
579.8200,2.718711
579.8400,1.488334
579.8600,0.848599
579.8800,0.480920
579.9000,0.318351
579.9200,0.399919
579.9400,0.644845
579.9600,0.447999
579.9800,0.339386
580.0000,0.124883
580.0200,0.097013
580.0400,0.139956
580.0600,0.133710
580.0800,0.320662
580.1000,0.242754
580.1200,0.156258
580.1400,0.230174
580.1600,0.191273
580.1800,0.101019
580.2000,0.099042
580.2200,0.223905
580.2400,0.209084
580.2600,0.162820
580.2800,0.262646
580.3000,0.300027
580.3200,0.677176
580.3400,1.084073
580.3600,1.444872
580.3800,1.380175
580.4000,1.523555
580.4200,1.024203
580.4400,1.007947
580.4600,1.213410
580.4800,1.201827
580.5000,0.828650
580.5200,0.660220
580.5400,0.953960
580.5600,1.464321
580.5800,1.749178
580.6000,2.079545
580.6200,2.343575
580.6400,2.034417
580.6600,1.705975
580.6800,1.441204
580.7000,1.295843
580.7200,0.790802
580.7400,0.982347
580.7600,1.731047
580.7800,2.682341
580.8000,2.843155
580.8200,2.228290
580.8400,1.604539
580.8600,1.082217
580.8800,1.593440
580.9000,2.478548
580.9200,2.009977
580.9400,1.155461
580.9600,0.823965
580.9800,0.528933
581.0000,0.302951
581.0200,0.177932
581.0400,0.153442
581.0600,0.172353
581.0800,0.202739
581.1000,0.231140
581.1200,0.507822
581.1400,0.659881
581.1600,1.304354
581.1800,1.042940
581.2000,0.690721
581.2200,0.763086
581.2400,1.236147
581.2600,1.517985
581.2800,1.392538
581.3000,1.293097
581.3200,1.717025
581.3400,2.634431
581.3600,3.228480
581.3800,2.796718
581.4000,2.557092
581.4200,2.724486
581.4400,2.686326
581.4600,2.878982
581.4800,3.172268
581.5000,2.912671
581.5200,2.469458
581.5400,1.774091
581.5600,0.949571
581.5800,0.613784
581.6000,0.470314
581.6200,0.378206
581.6400,0.813892
581.6600,0.891864
581.6800,0.589639
581.7000,0.384683
581.7200,0.347233
581.7400,0.341383
581.7600,0.309212
581.7800,0.352313
581.8000,0.318822
581.8200,0.464914
581.8400,0.695938
581.8600,0.837264
581.8800,0.820187
581.9000,0.786306
581.9200,1.180264
581.9400,0.844596
581.9600,0.557202
581.9800,0.714152
582.0000,1.060253
582.0200,1.947188
582.0400,2.016136
582.0600,2.104388
582.0800,1.725278
582.1000,1.354504
582.1200,1.353506
582.1400,1.649796
582.1600,2.584883
582.1800,2.873303
582.2000,3.600000
582.2200,3.600000
582.2400,3.600000
582.2600,3.600000
582.2800,3.600000
582.3000,3.464375
582.3200,2.718711
582.3400,1.488334
582.3600,0.848599
582.3800,0.480920
582.4000,0.318351
582.4200,0.399919
582.4400,0.644845
582.4600,0.447999
582.4800,0.339386
582.5000,0.124883
582.5200,0.097013
582.5400,0.139956
582.5600,0.133710
582.5800,0.320662
582.6000,0.242754
582.6200,0.156258
582.6400,0.230174
582.6600,0.191273
582.6800,0.101019
582.7000,0.099042
582.7200,0.223905
582.7400,0.209084
582.7600,0.162820
582.7800,0.262646
582.8000,0.300027
582.8200,0.677176
582.8400,1.084073
582.8600,1.444872
582.8800,1.380175
582.9000,1.523555
582.9200,1.024203
582.9400,1.007947
582.9600,1.213410
582.9800,1.201827
583.0000,0.828650
583.0200,0.660220
583.0400,0.953960
583.0600,1.464321
583.0800,1.749178
583.1000,2.079545
583.1200,2.343575
583.1400,2.034417
583.1600,1.705975
583.1800,1.441204
583.2000,1.295843
583.2200,0.790802
583.2400,0.982347
583.2600,1.731047
583.2800,2.682341
583.3000,2.843155
583.3200,2.228290
583.3400,1.604539
583.3600,1.082217
583.3800,1.593440
583.4000,2.478548
583.4200,2.009977
583.4400,1.155461
583.4600,0.823965
583.4800,0.528933
583.5000,0.302951
583.5200,0.177932
583.5400,0.153442
583.5600,0.172353
583.5800,0.202739
583.6000,0.231140
583.6200,0.507822
583.6400,0.659881
583.6600,1.304354
583.6800,1.042940
583.7000,0.690721
583.7200,0.763086
583.7400,1.236147
583.7600,1.517985
583.7800,1.392538
583.8000,1.293097
583.8200,1.717025
583.8400,2.634431
583.8600,3.228480
583.8800,2.796718
583.9000,2.557092
583.9200,2.724486
583.9400,2.686326
583.9600,2.878982
583.9800,3.172268
584.0000,2.912671
584.0200,2.469458
584.0400,1.774091
584.0600,0.949571
584.0800,0.613784
584.1000,0.470314
584.1200,0.378206
584.1400,0.813892
584.1600,0.891864
584.1800,0.589639
584.2000,0.384683
584.2200,0.347233
584.2400,0.341383
584.2600,0.309212
584.2800,0.352313
584.3000,0.318822
584.3200,0.464914
584.3400,0.695938
584.3600,0.837264
584.3800,0.820187
584.4000,0.786306
584.4200,1.180264
584.4400,0.844596
584.4600,0.557202
584.4800,0.714152
584.5000,1.060253
584.5200,1.947188
584.5400,2.016136
584.5600,2.104388
584.5800,1.725278
584.6000,1.354504
584.6200,1.353506
584.6400,1.649796
584.6600,2.584883
584.6800,2.873303
584.7000,3.600000
584.7200,3.600000
584.7400,3.600000
584.7600,3.600000
584.7800,3.600000
584.8000,3.464375
584.8200,2.718711
584.8400,1.488334
584.8600,0.848599
584.8800,0.480920
584.9000,0.318351
584.9200,0.399919
584.9400,0.644845
584.9600,0.447999
584.9800,0.339386
585.0000,0.124883
585.0200,0.097013
585.0400,0.139956
585.0600,0.133710
585.0800,0.320662
585.1000,0.242754
585.1200,0.156258
585.1400,0.230174
585.1600,0.191273
585.1800,0.101019
585.2000,0.099042
585.2200,0.223905
585.2400,0.209084
585.2600,0.162820
585.2800,0.262646
585.3000,0.300027
585.3200,0.677176
585.3400,1.084073
585.3600,1.444872
585.3800,1.380175
585.4000,1.523555
585.4200,1.024203
585.4400,1.007947
585.4600,1.213410
585.4800,1.201827
585.5000,0.828650
585.5200,0.660220
585.5400,0.953960
585.5600,1.464321
585.5800,1.749178
585.6000,2.079545
585.6200,2.343575
585.6400,2.034417
585.6600,1.705975
585.6800,1.441204
585.7000,1.295843
585.7200,0.790802
585.7400,0.982347
585.7600,1.731047
585.7800,2.682341
585.8000,2.843155
585.8200,2.228290
585.8400,1.604539
585.8600,1.082217
585.8800,1.593440
585.9000,2.478548
585.9200,2.009977
585.9400,1.155461
585.9600,0.823965
585.9800,0.528933
586.0000,0.302951
586.0200,0.177932
586.0400,0.153442
586.0600,0.172353
586.0800,0.202739
586.1000,0.231140
586.1200,0.507822
586.1400,0.659881
586.1600,1.304354
586.1800,1.042940
586.2000,0.690721
586.2200,0.763086
586.2400,1.236147
586.2600,1.517985
586.2800,1.392538
586.3000,1.293097
586.3200,1.717025
586.3400,2.634431
586.3600,3.228480
586.3800,2.796718
586.4000,2.557092
586.4200,2.724486
586.4400,2.686326
586.4600,2.878982
586.4800,3.172268
586.5000,2.912671
586.5200,2.469458
586.5400,1.774091
586.5600,0.949571
586.5800,0.613784
586.6000,0.470314
586.6200,0.378206
586.6400,0.813892
586.6600,0.891864
586.6800,0.589639
586.7000,0.384683
586.7200,0.347233
586.7400,0.341383
586.7600,0.309212
586.7800,0.352313
586.8000,0.318822
586.8200,0.464914
586.8400,0.695938
586.8600,0.837264
586.8800,0.820187
586.9000,0.786306
586.9200,1.180264
586.9400,0.844596
586.9600,0.557202
586.9800,0.714152
587.0000,1.060253
587.0200,1.947188
587.0400,2.016136
587.0600,2.104388
587.0800,1.725278
587.1000,1.354504
587.1200,1.353506
587.1400,1.649796
587.1600,2.584883
587.1800,2.873303
587.2000,3.600000
587.2200,3.600000
587.2400,3.600000
587.2600,3.600000
587.2800,3.600000
587.3000,3.464375
587.3200,2.718711
587.3400,1.488334
587.3600,0.848599
587.3800,0.480920
587.4000,0.318351
587.4200,0.399919
587.4400,0.644845
587.4600,0.447999
587.4800,0.339386
587.5000,0.124883
587.5200,0.097013
587.5400,0.139956
587.5600,0.133710
587.5800,0.320662
587.6000,0.242754
587.6200,0.156258
587.6400,0.230174
587.6600,0.191273
587.6800,0.101019
587.7000,0.099042
587.7200,0.223905
587.7400,0.209084
587.7600,0.162820
587.7800,0.262646
587.8000,0.300027
587.8200,0.677176
587.8400,1.084073
587.8600,1.444872
587.8800,1.380175
587.9000,1.523555
587.9200,1.024203
587.9400,1.007947
587.9600,1.213410
587.9800,1.201827
588.0000,0.828650
588.0200,0.660220
588.0400,0.953960
588.0600,1.464321
588.0800,1.749178
588.1000,2.079545
588.1200,2.343575
588.1400,2.034417
588.1600,1.705975
588.1800,1.441204
588.2000,1.295843
588.2200,0.790802
588.2400,0.982347
588.2600,1.731047
588.2800,2.682341
588.3000,2.843155
588.3200,2.228290
588.3400,1.604539
588.3600,1.082217
588.3800,1.593440
588.4000,2.478548
588.4200,2.009977
588.4400,1.155461
588.4600,0.823965
588.4800,0.528933
588.5000,0.302951
588.5200,0.177932
588.5400,0.153442
588.5600,0.172353
588.5800,0.202739
588.6000,0.231140
588.6200,0.507822
588.6400,0.659881
588.6600,1.304354
588.6800,1.042940
588.7000,0.690721
588.7200,0.763086
588.7400,1.236147
588.7600,1.517985
588.7800,1.392538
588.8000,1.293097
588.8200,1.717025
588.8400,2.634431
588.8600,3.228480
588.8800,2.796718
588.9000,2.557092
588.9200,2.724486
588.9400,2.686326
588.9600,2.878982
588.9800,3.172268
589.0000,2.912671
589.0200,2.469458
589.0400,1.774091
589.0600,0.949571
589.0800,0.613784
589.1000,0.470314
589.1200,0.378206
589.1400,0.813892
589.1600,0.891864
589.1800,0.589639
589.2000,0.384683
589.2200,0.347233
589.2400,0.341383
589.2600,0.309212
589.2800,0.352313
589.3000,0.318822
589.3200,0.464914
589.3400,0.695938
589.3600,0.837264
589.3800,0.820187
589.4000,0.786306
589.4200,1.180264
589.4400,0.844596
589.4600,0.557202
589.4800,0.714152
589.5000,1.060253
589.5200,1.947188
589.5400,2.016136
589.5600,2.104388
589.5800,1.725278
589.6000,1.354504
589.6200,1.353506
589.6400,1.649796
589.6600,2.584883
589.6800,2.873303
589.7000,3.600000
589.7200,3.600000
589.7400,3.600000
589.7600,3.600000
589.7800,3.600000
589.8000,3.464375
589.8200,2.718711
589.8400,1.488334
589.8600,0.848599
589.8800,0.480920
589.9000,0.318351
589.9200,0.399919
589.9400,0.644845
589.9600,0.447999
589.9800,0.339386
590.0000,0.124883
590.0200,0.097013
590.0400,0.139956
590.0600,0.133710
590.0800,0.320662
590.1000,0.242754
590.1200,0.156258
590.1400,0.230174
590.1600,0.191273
590.1800,0.101019
590.2000,0.099042
590.2200,0.223905
590.2400,0.209084
590.2600,0.162820
590.2800,0.262646
590.3000,0.300027
590.3200,0.677176
590.3400,1.084073
590.3600,1.444872
590.3800,1.380175
590.4000,1.523555
590.4200,1.024203
590.4400,1.007947
590.4600,1.213410
590.4800,1.201827
590.5000,0.828650
590.5200,0.660220
590.5400,0.953960
590.5600,1.464321
590.5800,1.749178
590.6000,2.079545
590.6200,2.343575
590.6400,2.034417
590.6600,1.705975
590.6800,1.441204
590.7000,1.295843
590.7200,0.790802
590.7400,0.982347
590.7600,1.731047
590.7800,2.682341
590.8000,2.843155
590.8200,2.228290
590.8400,1.604539
590.8600,1.082217
590.8800,1.593440
590.9000,2.478548
590.9200,2.009977
590.9400,1.155461
590.9600,0.823965
590.9800,0.528933
591.0000,0.302951
591.0200,0.177932
591.0400,0.153442
591.0600,0.172353
591.0800,0.202739
591.1000,0.231140
591.1200,0.507822
591.1400,0.659881
591.1600,1.304354
591.1800,1.042940
591.2000,0.690721
591.2200,0.763086
591.2400,1.236147
591.2600,1.517985
591.2800,1.392538
591.3000,1.293097
591.3200,1.717025
591.3400,2.634431
591.3600,3.228480
591.3800,2.796718
591.4000,2.557092
591.4200,2.724486
591.4400,2.686326
591.4600,2.878982
591.4800,3.172268
591.5000,2.912671
591.5200,2.469458
591.5400,1.774091
591.5600,0.949571
591.5800,0.613784
591.6000,0.470314
591.6200,0.378206
591.6400,0.813892
591.6600,0.891864
591.6800,0.589639
591.7000,0.384683
591.7200,0.347233
591.7400,0.341383
591.7600,0.309212
591.7800,0.352313
591.8000,0.318822
591.8200,0.464914
591.8400,0.695938
591.8600,0.837264
591.8800,0.820187
591.9000,0.786306
591.9200,1.180264
591.9400,0.844596
591.9600,0.557202
591.9800,0.714152
592.0000,1.060253
592.0200,1.947188
592.0400,2.016136
592.0600,2.104388
592.0800,1.725278
592.1000,1.354504
592.1200,1.353506
592.1400,1.649796
592.1600,2.584883
592.1800,2.873303
592.2000,3.600000
592.2200,3.600000
592.2400,3.600000
592.2600,3.600000
592.2800,3.600000
592.3000,3.464375
592.3200,2.718711
592.3400,1.488334
592.3600,0.848599
592.3800,0.480920
592.4000,0.318351
592.4200,0.399919
592.4400,0.644845
592.4600,0.447999
592.4800,0.339386
592.5000,0.124883
592.5200,0.097013
592.5400,0.139956
592.5600,0.133710
592.5800,0.320662
592.6000,0.242754
592.6200,0.156258
592.6400,0.230174
592.6600,0.191273
592.6800,0.101019
592.7000,0.099042
592.7200,0.223905
592.7400,0.209084
592.7600,0.162820
592.7800,0.262646
592.8000,0.300027
592.8200,0.677176
592.8400,1.084073
592.8600,1.444872
592.8800,1.380175
592.9000,1.523555
592.9200,1.024203
592.9400,1.007947
592.9600,1.213410
592.9800,1.201827
593.0000,0.828650
593.0200,0.660220
593.0400,0.953960
593.0600,1.464321
593.0800,1.749178
593.1000,2.079545
593.1200,2.343575
593.1400,2.034417
593.1600,1.705975
593.1800,1.441204
593.2000,1.295843
593.2200,0.790802
593.2400,0.982347
593.2600,1.731047
593.2800,2.682341
593.3000,2.843155
593.3200,2.228290
593.3400,1.604539
593.3600,1.082217
593.3800,1.593440
593.4000,2.478548
593.4200,2.009977
593.4400,1.155461
593.4600,0.823965
593.4800,0.528933
593.5000,0.302951
593.5200,0.177932
593.5400,0.153442
593.5600,0.172353
593.5800,0.202739
593.6000,0.231140
593.6200,0.507822
593.6400,0.659881
593.6600,1.304354
593.6800,1.042940
593.7000,0.690721
593.7200,0.763086
593.7400,1.236147
593.7600,1.517985
593.7800,1.392538
593.8000,1.293097
593.8200,1.717025
593.8400,2.634431
593.8600,3.228480
593.8800,2.796718
593.9000,2.557092
593.9200,2.724486
593.9400,2.686326
593.9600,2.878982
593.9800,3.172268
594.0000,2.912671
594.0200,2.469458
594.0400,1.774091
594.0600,0.949571
594.0800,0.613784
594.1000,0.470314
594.1200,0.378206
594.1400,0.813892
594.1600,0.891864
594.1800,0.589639
594.2000,0.384683
594.2200,0.347233
594.2400,0.341383
594.2600,0.309212
594.2800,0.352313
594.3000,0.318822
594.3200,0.464914
594.3400,0.695938
594.3600,0.837264
594.3800,0.820187
594.4000,0.786306
594.4200,1.180264
594.4400,0.844596
594.4600,0.557202
594.4800,0.714152
594.5000,1.060253
594.5200,1.947188
594.5400,2.016136
594.5600,2.104388
594.5800,1.725278
594.6000,1.354504
594.6200,1.353506
594.6400,1.649796
594.6600,2.584883
594.6800,2.873303
594.7000,3.600000
594.7200,3.600000
594.7400,3.600000
594.7600,3.600000
594.7800,3.600000
594.8000,3.464375
594.8200,2.718711
594.8400,1.488334
594.8600,0.848599
594.8800,0.480920
594.9000,0.318351
594.9200,0.399919
594.9400,0.644845
594.9600,0.447999
594.9800,0.339386
595.0000,0.124883
595.0200,0.097013
595.0400,0.139956
595.0600,0.133710
595.0800,0.320662
595.1000,0.242754
595.1200,0.156258
595.1400,0.230174
595.1600,0.191273
595.1800,0.101019
595.2000,0.099042
595.2200,0.223905
595.2400,0.209084
595.2600,0.162820
595.2800,0.262646
595.3000,0.300027
595.3200,0.677176
595.3400,1.084073
595.3600,1.444872
595.3800,1.380175
595.4000,1.523555
595.4200,1.024203
595.4400,1.007947
595.4600,1.213410
595.4800,1.201827
595.5000,0.828650
595.5200,0.660220
595.5400,0.953960
595.5600,1.464321
595.5800,1.749178
595.6000,2.079545
595.6200,2.343575
595.6400,2.034417
595.6600,1.705975
595.6800,1.441204
595.7000,1.295843
595.7200,0.790802
595.7400,0.982347
595.7600,1.731047
595.7800,2.682341
595.8000,2.843155
595.8200,2.228290
595.8400,1.604539
595.8600,1.082217
595.8800,1.593440
595.9000,2.478548
595.9200,2.009977
595.9400,1.155461
595.9600,0.823965
595.9800,0.528933
596.0000,0.302951
596.0200,0.177932
596.0400,0.153442
596.0600,0.172353
596.0800,0.202739
596.1000,0.231140
596.1200,0.507822
596.1400,0.659881
596.1600,1.304354
596.1800,1.042940
596.2000,0.690721
596.2200,0.763086
596.2400,1.236147
596.2600,1.517985
596.2800,1.392538
596.3000,1.293097
596.3200,1.717025
596.3400,2.634431
596.3600,3.228480
596.3800,2.796718
596.4000,2.557092
596.4200,2.724486
596.4400,2.686326
596.4600,2.878982
596.4800,3.172268
596.5000,2.912671
596.5200,2.469458
596.5400,1.774091
596.5600,0.949571
596.5800,0.613784
596.6000,0.470314
596.6200,0.378206
596.6400,0.813892
596.6600,0.891864
596.6800,0.589639
596.7000,0.384683
596.7200,0.347233
596.7400,0.341383
596.7600,0.309212
596.7800,0.352313
596.8000,0.318822
596.8200,0.464914
596.8400,0.695938
596.8600,0.837264
596.8800,0.820187
596.9000,0.786306
596.9200,1.180264
596.9400,0.844596
596.9600,0.557202
596.9800,0.714152
597.0000,1.060253
597.0200,1.947188
597.0400,2.016136
597.0600,2.104388
597.0800,1.725278
597.1000,1.354504
597.1200,1.353506
597.1400,1.649796
597.1600,2.584883
597.1800,2.873303
597.2000,3.600000
597.2200,3.600000
597.2400,3.600000
597.2600,3.600000
597.2800,3.600000
597.3000,3.464375
597.3200,2.718711
597.3400,1.488334
597.3600,0.848599
597.3800,0.480920
597.4000,0.318351
597.4200,0.399919
597.4400,0.644845
597.4600,0.447999
597.4800,0.339386
597.5000,0.124883
597.5200,0.097013
597.5400,0.139956
597.5600,0.133710
597.5800,0.320662
597.6000,0.242754
597.6200,0.156258
597.6400,0.230174
597.6600,0.191273
597.6800,0.101019
597.7000,0.099042
597.7200,0.223905
597.7400,0.209084
597.7600,0.162820
597.7800,0.262646
597.8000,0.300027
597.8200,0.677176
597.8400,1.084073
597.8600,1.444872
597.8800,1.380175
597.9000,1.523555
597.9200,1.024203
597.9400,1.007947
597.9600,1.213410
597.9800,1.201827
598.0000,0.828650
598.0200,0.660220
598.0400,0.953960
598.0600,1.464321
598.0800,1.749178
598.1000,2.079545
598.1200,2.343575
598.1400,2.034417
598.1600,1.705975
598.1800,1.441204
598.2000,1.295843
598.2200,0.790802
598.2400,0.982347
598.2600,1.731047
598.2800,2.682341
598.3000,2.843155
598.3200,2.228290
598.3400,1.604539
598.3600,1.082217
598.3800,1.593440
598.4000,2.478548
598.4200,2.009977
598.4400,1.155461
598.4600,0.823965
598.4800,0.528933
598.5000,0.302951
598.5200,0.177932
598.5400,0.153442
598.5600,0.172353
598.5800,0.202739
598.6000,0.231140
598.6200,0.507822
598.6400,0.659881
598.6600,1.304354
598.6800,1.042940
598.7000,0.690721
598.7200,0.763086
598.7400,1.236147
598.7600,1.517985
598.7800,1.392538
598.8000,1.293097
598.8200,1.717025
598.8400,2.634431
598.8600,3.228480
598.8800,2.796718
598.9000,2.557092
598.9200,2.724486
598.9400,2.686326
598.9600,2.878982
598.9800,3.172268
599.0000,2.912671
599.0200,2.469458
599.0400,1.774091
599.0600,0.949571
599.0800,0.613784
599.1000,0.470314
599.1200,0.378206
599.1400,0.813892
599.1600,0.891864
599.1800,0.589639
599.2000,0.384683
599.2200,0.347233
599.2400,0.341383
599.2600,0.309212
599.2800,0.352313
599.3000,0.318822
599.3200,0.464914
599.3400,0.695938
599.3600,0.837264
599.3800,0.820187
599.4000,0.786306
599.4200,1.180264
599.4400,0.844596
599.4600,0.557202
599.4800,0.714152
599.5000,1.060253
599.5200,1.947188
599.5400,2.016136
599.5600,2.104388
599.5800,1.725278
599.6000,1.354504
599.6200,1.353506
599.6400,1.649796
599.6600,2.584883
599.6800,2.873303
599.7000,3.600000
599.7200,3.600000
599.7400,3.600000
599.7600,3.600000
599.7800,3.600000
599.8000,3.464375
599.8200,2.718711
599.8400,1.488334
599.8600,0.848599
599.8800,0.480920
599.9000,0.318351
599.9200,0.399919
599.9400,0.644845
599.9600,0.447999
599.9800,0.339386
600.0000,0.124883
600.0200,0.097013
600.0400,0.139956
600.0600,0.133710
600.0800,0.320662
600.1000,0.242754
600.1200,0.156258
600.1400,0.230174
600.1600,0.191273
600.1800,0.101019
600.2000,0.099042
600.2200,0.223905
600.2400,0.209084
600.2600,0.162820
600.2800,0.262646
600.3000,0.300027
600.3200,0.677176
600.3400,1.084073
600.3600,1.444872
600.3800,1.380175
600.4000,1.523555
600.4200,1.024203
600.4400,1.007947
600.4600,1.213410
600.4800,1.201827
600.5000,0.828650
600.5200,0.660220
600.5400,0.953960
600.5600,1.464321
600.5800,1.749178
600.6000,2.079545
600.6200,2.343575
600.6400,2.034417
600.6600,1.705975
600.6800,1.441204
600.7000,1.295843
600.7200,0.790802
600.7400,0.982347
600.7600,1.731047
600.7800,2.682341
600.8000,2.843155
600.8200,2.228290
600.8400,1.604539
600.8600,1.082217
600.8800,1.593440
600.9000,2.478548
600.9200,2.009977
600.9400,1.155461
600.9600,0.823965
600.9800,0.528933
601.0000,0.302951
601.0200,0.177932
601.0400,0.153442
601.0600,0.172353
601.0800,0.202739
601.1000,0.231140
601.1200,0.507822
601.1400,0.659881
601.1600,1.304354
601.1800,1.042940
601.2000,0.690721
601.2200,0.763086
601.2400,1.236147
601.2600,1.517985
601.2800,1.392538
601.3000,1.293097
601.3200,1.717025
601.3400,2.634431
601.3600,3.228480
601.3800,2.796718
601.4000,2.557092
601.4200,2.724486
601.4400,2.686326
601.4600,2.878982
601.4800,3.172268
601.5000,2.912671
601.5200,2.469458
601.5400,1.774091
601.5600,0.949571
601.5800,0.613784
601.6000,0.470314
601.6200,0.378206
601.6400,0.813892
601.6600,0.891864
601.6800,0.589639
601.7000,0.384683
601.7200,0.347233
601.7400,0.341383
601.7600,0.309212
601.7800,0.352313
601.8000,0.318822
601.8200,0.464914
601.8400,0.695938
601.8600,0.837264
601.8800,0.820187
601.9000,0.786306
601.9200,1.180264
601.9400,0.844596
601.9600,0.557202
601.9800,0.714152
602.0000,1.060253
602.0200,1.947188
602.0400,2.016136
602.0600,2.104388
602.0800,1.725278
602.1000,1.354504
602.1200,1.353506
602.1400,1.649796
602.1600,2.584883
602.1800,2.873303
602.2000,3.600000
602.2200,3.600000
602.2400,3.600000
602.2600,3.600000
602.2800,3.600000
602.3000,3.464375
602.3200,2.718711
602.3400,1.488334
602.3600,0.848599
602.3800,0.480920
602.4000,0.318351
602.4200,0.399919
602.4400,0.644845
602.4600,0.447999
602.4800,0.339386
602.5000,0.124883
602.5200,0.097013
602.5400,0.139956
602.5600,0.133710
602.5800,0.320662
602.6000,0.242754
602.6200,0.156258
602.6400,0.230174
602.6600,0.191273
602.6800,0.101019
602.7000,0.099042
602.7200,0.223905
602.7400,0.209084
602.7600,0.162820
602.7800,0.262646
602.8000,0.300027
602.8200,0.677176
602.8400,1.084073
602.8600,1.444872
602.8800,1.380175
602.9000,1.523555
602.9200,1.024203
602.9400,1.007947
602.9600,1.213410
602.9800,1.201827
603.0000,0.828650
603.0200,0.660220
603.0400,0.953960
603.0600,1.464321
603.0800,1.749178
603.1000,2.079545
603.1200,2.343575
603.1400,2.034417
603.1600,1.705975
603.1800,1.441204
603.2000,1.295843
603.2200,0.790802
603.2400,0.982347
603.2600,1.731047
603.2800,2.682341
603.3000,2.843155
603.3200,2.228290
603.3400,1.604539
603.3600,1.082217
603.3800,1.593440
603.4000,2.478548
603.4200,2.009977
603.4400,1.155461
603.4600,0.823965
603.4800,0.528933
603.5000,0.302951
603.5200,0.177932
603.5400,0.153442
603.5600,0.172353
603.5800,0.202739
603.6000,0.231140
603.6200,0.507822
603.6400,0.659881
603.6600,1.304354
603.6800,1.042940
603.7000,0.690721
603.7200,0.763086
603.7400,1.236147
603.7600,1.517985
603.7800,1.392538
603.8000,1.293097
603.8200,1.717025
603.8400,2.634431
603.8600,3.228480
603.8800,2.796718
603.9000,2.557092
603.9200,2.724486
603.9400,2.686326
603.9600,2.878982
603.9800,3.172268
604.0000,2.912671
604.0200,2.469458
604.0400,1.774091
604.0600,0.949571
604.0800,0.613784
604.1000,0.470314
604.1200,0.378206
604.1400,0.813892
604.1600,0.891864
604.1800,0.589639
604.2000,0.384683
604.2200,0.347233
604.2400,0.341383
604.2600,0.309212
604.2800,0.352313
604.3000,0.318822
604.3200,0.464914
604.3400,0.695938
604.3600,0.837264
604.3800,0.820187
604.4000,0.786306
604.4200,1.180264
604.4400,0.844596
604.4600,0.557202
604.4800,0.714152
604.5000,1.060253
604.5200,1.947188
604.5400,2.016136
604.5600,2.104388
604.5800,1.725278
604.6000,1.354504
604.6200,1.353506
604.6400,1.649796
604.6600,2.584883
604.6800,2.873303
604.7000,3.600000
604.7200,3.600000
604.7400,3.600000
604.7600,3.600000
604.7800,3.600000
604.8000,3.464375
604.8200,2.718711
604.8400,1.488334
604.8600,0.848599
604.8800,0.480920
604.9000,0.318351
604.9200,0.399919
604.9400,0.644845
604.9600,0.447999
604.9800,0.339386
605.0000,0.124883
605.0200,0.097013
605.0400,0.139956
605.0600,0.133710
605.0800,0.320662
605.1000,0.242754
605.1200,0.156258
605.1400,0.230174
605.1600,0.191273
605.1800,0.101019
605.2000,0.099042
605.2200,0.223905
605.2400,0.209084
605.2600,0.162820
605.2800,0.262646
605.3000,0.300027
605.3200,0.677176
605.3400,1.084073
605.3600,1.444872
605.3800,1.380175
605.4000,1.523555
605.4200,1.024203
605.4400,1.007947
605.4600,1.213410
605.4800,1.201827
605.5000,0.828650
605.5200,0.660220
605.5400,0.953960
605.5600,1.464321
605.5800,1.749178
605.6000,2.079545
605.6200,2.343575
605.6400,2.034417
605.6600,1.705975
605.6800,1.441204
605.7000,1.295843
605.7200,0.790802
605.7400,0.982347
605.7600,1.731047
605.7800,2.682341
605.8000,2.843155
605.8200,2.228290
605.8400,1.604539
605.8600,1.082217
605.8800,1.593440
605.9000,2.478548
605.9200,2.009977
605.9400,1.155461
605.9600,0.823965
605.9800,0.528933
606.0000,0.302951
606.0200,0.177932
606.0400,0.153442
606.0600,0.172353
606.0800,0.202739
606.1000,0.231140
606.1200,0.507822
606.1400,0.659881
606.1600,1.304354
606.1800,1.042940
606.2000,0.690721
606.2200,0.763086
606.2400,1.236147
606.2600,1.517985
606.2800,1.392538
606.3000,1.293097
606.3200,1.717025
606.3400,2.634431
606.3600,3.228480
606.3800,2.796718
606.4000,2.557092
606.4200,2.724486
606.4400,2.686326
606.4600,2.878982
606.4800,3.172268
606.5000,2.912671
606.5200,2.469458
606.5400,1.774091
606.5600,0.949571
606.5800,0.613784
606.6000,0.470314
606.6200,0.378206
606.6400,0.813892
606.6600,0.891864
606.6800,0.589639
606.7000,0.384683
606.7200,0.347233
606.7400,0.341383
606.7600,0.309212
606.7800,0.352313
606.8000,0.318822
606.8200,0.464914
606.8400,0.695938
606.8600,0.837264
606.8800,0.820187
606.9000,0.786306
606.9200,1.180264
606.9400,0.844596
606.9600,0.557202
606.9800,0.714152
607.0000,1.060253
607.0200,1.947188
607.0400,2.016136
607.0600,2.104388
607.0800,1.725278
607.1000,1.354504
607.1200,1.353506
607.1400,1.649796
607.1600,2.584883
607.1800,2.873303
607.2000,3.600000
607.2200,3.600000
607.2400,3.600000
607.2600,3.600000
607.2800,3.600000
607.3000,3.464375
607.3200,2.718711
607.3400,1.488334
607.3600,0.848599
607.3800,0.480920
607.4000,0.318351
607.4200,0.399919
607.4400,0.644845
607.4600,0.447999
607.4800,0.339386
607.5000,0.124883
607.5200,0.097013
607.5400,0.139956
607.5600,0.133710
607.5800,0.320662
607.6000,0.242754
607.6200,0.156258
607.6400,0.230174
607.6600,0.191273
607.6800,0.101019
607.7000,0.099042
607.7200,0.223905
607.7400,0.209084
607.7600,0.162820
607.7800,0.262646
607.8000,0.300027
607.8200,0.677176
607.8400,1.084073
607.8600,1.444872
607.8800,1.380175
607.9000,1.523555
607.9200,1.024203
607.9400,1.007947
607.9600,1.213410
607.9800,1.201827
608.0000,0.828650
608.0200,0.660220
608.0400,0.953960
608.0600,1.464321
608.0800,1.749178
608.1000,2.079545
608.1200,2.343575
608.1400,2.034417
608.1600,1.705975
608.1800,1.441204
608.2000,1.295843
608.2200,0.790802
608.2400,0.982347
608.2600,1.731047
608.2800,2.682341
608.3000,2.843155
608.3200,2.228290
608.3400,1.604539
608.3600,1.082217
608.3800,1.593440
608.4000,2.478548
608.4200,2.009977
608.4400,1.155461
608.4600,0.823965
608.4800,0.528933
608.5000,0.302951
608.5200,0.177932
608.5400,0.153442
608.5600,0.172353
608.5800,0.202739
608.6000,0.231140
608.6200,0.507822
608.6400,0.659881
608.6600,1.304354
608.6800,1.042940
608.7000,0.690721
608.7200,0.763086
608.7400,1.236147
608.7600,1.517985
608.7800,1.392538
608.8000,1.293097
608.8200,1.717025
608.8400,2.634431
608.8600,3.228480
608.8800,2.796718
608.9000,2.557092
608.9200,2.724486
608.9400,2.686326
608.9600,2.878982
608.9800,3.172268
609.0000,2.912671
609.0200,2.469458
609.0400,1.774091
609.0600,0.949571
609.0800,0.613784
609.1000,0.470314
609.1200,0.378206
609.1400,0.813892
609.1600,0.891864
609.1800,0.589639
609.2000,0.384683
609.2200,0.347233
609.2400,0.341383
609.2600,0.309212
609.2800,0.352313
609.3000,0.318822
609.3200,0.464914
609.3400,0.695938
609.3600,0.837264
609.3800,0.820187
609.4000,0.786306
609.4200,1.180264
609.4400,0.844596
609.4600,0.557202
609.4800,0.714152
609.5000,1.060253
609.5200,1.947188
609.5400,2.016136
609.5600,2.104388
609.5800,1.725278
609.6000,1.354504
609.6200,1.353506
609.6400,1.649796
609.6600,2.584883
609.6800,2.873303
609.7000,3.600000
609.7200,3.600000
609.7400,3.600000
609.7600,3.600000
609.7800,3.600000
609.8000,3.464375
609.8200,2.718711
609.8400,1.488334
609.8600,0.848599
609.8800,0.480920
609.9000,0.318351
609.9200,0.399919
609.9400,0.644845
609.9600,0.447999
609.9800,0.339386
610.0000,0.124883
610.0200,0.097013
610.0400,0.139956
610.0600,0.133710
610.0800,0.320662
610.1000,0.242754
610.1200,0.156258
610.1400,0.230174
610.1600,0.191273
610.1800,0.101019
610.2000,0.099042
610.2200,0.223905
610.2400,0.209084
610.2600,0.162820
610.2800,0.262646
610.3000,0.300027
610.3200,0.677176
610.3400,1.084073
610.3600,1.444872
610.3800,1.380175
610.4000,1.523555
610.4200,1.024203
610.4400,1.007947
610.4600,1.213410
610.4800,1.201827
610.5000,0.828650
610.5200,0.660220
610.5400,0.953960
610.5600,1.464321
610.5800,1.749178
610.6000,2.079545
610.6200,2.343575
610.6400,2.034417
610.6600,1.705975
610.6800,1.441204
610.7000,1.295843
610.7200,0.790802
610.7400,0.982347
610.7600,1.731047
610.7800,2.682341
610.8000,2.843155
610.8200,2.228290
610.8400,1.604539
610.8600,1.082217
610.8800,1.593440
610.9000,2.478548
610.9200,2.009977
610.9400,1.155461
610.9600,0.823965
610.9800,0.528933
611.0000,0.302951
611.0200,0.177932
611.0400,0.153442
611.0600,0.172353
611.0800,0.202739
611.1000,0.231140
611.1200,0.507822
611.1400,0.659881
611.1600,1.304354
611.1800,1.042940
611.2000,0.690721
611.2200,0.763086
611.2400,1.236147
611.2600,1.517985
611.2800,1.392538
611.3000,1.293097
611.3200,1.717025
611.3400,2.634431
611.3600,3.228480
611.3800,2.796718
611.4000,2.557092
611.4200,2.724486
611.4400,2.686326
611.4600,2.878982
611.4800,3.172268
611.5000,2.912671
611.5200,2.469458
611.5400,1.774091
611.5600,0.949571
611.5800,0.613784
611.6000,0.470314
611.6200,0.378206
611.6400,0.813892
611.6600,0.891864
611.6800,0.589639
611.7000,0.384683
611.7200,0.347233
611.7400,0.341383
611.7600,0.309212
611.7800,0.352313
611.8000,0.318822
611.8200,0.464914
611.8400,0.695938
611.8600,0.837264
611.8800,0.820187
611.9000,0.786306
611.9200,1.180264
611.9400,0.844596
611.9600,0.557202
611.9800,0.714152
612.0000,1.060253
612.0200,1.947188
612.0400,2.016136
612.0600,2.104388
612.0800,1.725278
612.1000,1.354504
612.1200,1.353506
612.1400,1.649796
612.1600,2.584883
612.1800,2.873303
612.2000,3.600000
612.2200,3.600000
612.2400,3.600000
612.2600,3.600000
612.2800,3.600000
612.3000,3.464375
612.3200,2.718711
612.3400,1.488334
612.3600,0.848599
612.3800,0.480920
612.4000,0.318351
612.4200,0.399919
612.4400,0.644845
612.4600,0.447999
612.4800,0.339386
612.5000,0.124883
612.5200,0.097013
612.5400,0.139956
612.5600,0.133710
612.5800,0.320662
612.6000,0.242754
612.6200,0.156258
612.6400,0.230174
612.6600,0.191273
612.6800,0.101019
612.7000,0.099042
612.7200,0.223905
612.7400,0.209084
612.7600,0.162820
612.7800,0.262646
612.8000,0.300027
612.8200,0.677176
612.8400,1.084073
612.8600,1.444872
612.8800,1.380175
612.9000,1.523555
612.9200,1.024203
612.9400,1.007947
612.9600,1.213410
612.9800,1.201827
613.0000,0.828650
613.0200,0.660220
613.0400,0.953960
613.0600,1.464321
613.0800,1.749178
613.1000,2.079545
613.1200,2.343575
613.1400,2.034417
613.1600,1.705975
613.1800,1.441204
613.2000,1.295843
613.2200,0.790802
613.2400,0.982347
613.2600,1.731047
613.2800,2.682341
613.3000,2.843155
613.3200,2.228290
613.3400,1.604539
613.3600,1.082217
613.3800,1.593440
613.4000,2.478548
613.4200,2.009977
613.4400,1.155461
613.4600,0.823965
613.4800,0.528933
613.5000,0.302951
613.5200,0.177932
613.5400,0.153442
613.5600,0.172353
613.5800,0.202739
613.6000,0.231140
613.6200,0.507822
613.6400,0.659881
613.6600,1.304354
613.6800,1.042940
613.7000,0.690721
613.7200,0.763086
613.7400,1.236147
613.7600,1.517985
613.7800,1.392538
613.8000,1.293097
613.8200,1.717025
613.8400,2.634431
613.8600,3.228480
613.8800,2.796718
613.9000,2.557092
613.9200,2.724486
613.9400,2.686326
613.9600,2.878982
613.9800,3.172268
614.0000,2.912671
614.0200,2.469458
614.0400,1.774091
614.0600,0.949571
614.0800,0.613784
614.1000,0.470314
614.1200,0.378206
614.1400,0.813892
614.1600,0.891864
614.1800,0.589639
614.2000,0.384683
614.2200,0.347233
614.2400,0.341383
614.2600,0.309212
614.2800,0.352313
614.3000,0.318822
614.3200,0.464914
614.3400,0.695938
614.3600,0.837264
614.3800,0.820187
614.4000,0.786306
614.4200,1.180264
614.4400,0.844596
614.4600,0.557202
614.4800,0.714152
614.5000,1.060253
614.5200,1.947188
614.5400,2.016136
614.5600,2.104388
614.5800,1.725278
614.6000,1.354504
614.6200,1.353506
614.6400,1.649796
614.6600,2.584883
614.6800,2.873303
614.7000,3.600000
614.7200,3.600000
614.7400,3.600000
614.7600,3.600000
614.7800,3.600000
614.8000,3.464375
614.8200,2.718711
614.8400,1.488334
614.8600,0.848599
614.8800,0.480920
614.9000,0.318351
614.9200,0.399919
614.9400,0.644845
614.9600,0.447999
614.9800,0.339386
615.0000,0.124883
615.0200,0.097013
615.0400,0.139956
615.0600,0.133710
615.0800,0.320662
615.1000,0.242754
615.1200,0.156258
615.1400,0.230174
615.1600,0.191273
615.1800,0.101019
615.2000,0.099042
615.2200,0.223905
615.2400,0.209084
615.2600,0.162820
615.2800,0.262646
615.3000,0.300027
615.3200,0.677176
615.3400,1.084073
615.3600,1.444872
615.3800,1.380175
615.4000,1.523555
615.4200,1.024203
615.4400,1.007947
615.4600,1.213410
615.4800,1.201827
615.5000,0.828650
615.5200,0.660220
615.5400,0.953960
615.5600,1.464321
615.5800,1.749178
615.6000,2.079545
615.6200,2.343575
615.6400,2.034417
615.6600,1.705975
615.6800,1.441204
615.7000,1.295843
615.7200,0.790802
615.7400,0.982347
615.7600,1.731047
615.7800,2.682341
615.8000,2.843155
615.8200,2.228290
615.8400,1.604539
615.8600,1.082217
615.8800,1.593440
615.9000,2.478548
615.9200,2.009977
615.9400,1.155461
615.9600,0.823965
615.9800,0.528933
616.0000,0.302951
616.0200,0.177932
616.0400,0.153442
616.0600,0.172353
616.0800,0.202739
616.1000,0.231140
616.1200,0.507822
616.1400,0.659881
616.1600,1.304354
616.1800,1.042940
616.2000,0.690721
616.2200,0.763086
616.2400,1.236147
616.2600,1.517985
616.2800,1.392538
616.3000,1.293097
616.3200,1.717025
616.3400,2.634431
616.3600,3.228480
616.3800,2.796718
616.4000,2.557092
616.4200,2.724486
616.4400,2.686326
616.4600,2.878982
616.4800,3.172268
616.5000,2.912671
616.5200,2.469458
616.5400,1.774091
616.5600,0.949571
616.5800,0.613784
616.6000,0.470314
616.6200,0.378206
616.6400,0.813892
616.6600,0.891864
616.6800,0.589639
616.7000,0.384683
616.7200,0.347233
616.7400,0.341383
616.7600,0.309212
616.7800,0.352313
616.8000,0.318822
616.8200,0.464914
616.8400,0.695938
616.8600,0.837264
616.8800,0.820187
616.9000,0.786306
616.9200,1.180264
616.9400,0.844596
616.9600,0.557202
616.9800,0.714152
617.0000,1.060253
617.0200,1.947188
617.0400,2.016136
617.0600,2.104388
617.0800,1.725278
617.1000,1.354504
617.1200,1.353506
617.1400,1.649796
617.1600,2.584883
617.1800,2.873303
617.2000,3.600000
617.2200,3.600000
617.2400,3.600000
617.2600,3.600000
617.2800,3.600000
617.3000,3.464375
617.3200,2.718711
617.3400,1.488334
617.3600,0.848599
617.3800,0.480920
617.4000,0.318351
617.4200,0.399919
617.4400,0.644845
617.4600,0.447999
617.4800,0.339386
617.5000,0.124883
617.5200,0.097013
617.5400,0.139956
617.5600,0.133710
617.5800,0.320662
617.6000,0.242754
617.6200,0.156258
617.6400,0.230174
617.6600,0.191273
617.6800,0.101019
617.7000,0.099042
617.7200,0.223905
617.7400,0.209084
617.7600,0.162820
617.7800,0.262646
617.8000,0.300027
617.8200,0.677176
617.8400,1.084073
617.8600,1.444872
617.8800,1.380175
617.9000,1.523555
617.9200,1.024203
617.9400,1.007947
617.9600,1.213410
617.9800,1.201827
618.0000,0.828650
618.0200,0.660220
618.0400,0.953960
618.0600,1.464321
618.0800,1.749178
618.1000,2.079545
618.1200,2.343575
618.1400,2.034417
618.1600,1.705975
618.1800,1.441204
618.2000,1.295843
618.2200,0.790802
618.2400,0.982347
618.2600,1.731047
618.2800,2.682341
618.3000,2.843155
618.3200,2.228290
618.3400,1.604539
618.3600,1.082217
618.3800,1.593440
618.4000,2.478548
618.4200,2.009977
618.4400,1.155461
618.4600,0.823965
618.4800,0.528933
618.5000,0.302951
618.5200,0.177932
618.5400,0.153442
618.5600,0.172353
618.5800,0.202739
618.6000,0.231140
618.6200,0.507822
618.6400,0.659881
618.6600,1.304354
618.6800,1.042940
618.7000,0.690721
618.7200,0.763086
618.7400,1.236147
618.7600,1.517985
618.7800,1.392538
618.8000,1.293097
618.8200,1.717025
618.8400,2.634431
618.8600,3.228480
618.8800,2.796718
618.9000,2.557092
618.9200,2.724486
618.9400,2.686326
618.9600,2.878982
618.9800,3.172268
619.0000,2.912671
619.0200,2.469458
619.0400,1.774091
619.0600,0.949571
619.0800,0.613784
619.1000,0.470314
619.1200,0.378206
619.1400,0.813892
619.1600,0.891864
619.1800,0.589639
619.2000,0.384683
619.2200,0.347233
619.2400,0.341383
619.2600,0.309212
619.2800,0.352313
619.3000,0.318822
619.3200,0.464914
619.3400,0.695938
619.3600,0.837264
619.3800,0.820187
619.4000,0.786306
619.4200,1.180264
619.4400,0.844596
619.4600,0.557202
619.4800,0.714152
619.5000,1.060253
619.5200,1.947188
619.5400,2.016136
619.5600,2.104388
619.5800,1.725278
619.6000,1.354504
619.6200,1.353506
619.6400,1.649796
619.6600,2.584883
619.6800,2.873303
619.7000,3.600000
619.7200,3.600000
619.7400,3.600000
619.7600,3.600000
619.7800,3.600000
619.8000,3.464375
619.8200,2.718711
619.8400,1.488334
619.8600,0.848599
619.8800,0.480920
619.9000,0.318351
619.9200,0.399919
619.9400,0.644845
619.9600,0.447999
619.9800,0.339386
620.0000,0.124883
620.0200,0.097013
620.0400,0.139956
620.0600,0.133710
620.0800,0.320662
620.1000,0.242754
620.1200,0.156258
620.1400,0.230174
620.1600,0.191273
620.1800,0.101019
620.2000,0.099042
620.2200,0.223905
620.2400,0.209084
620.2600,0.162820
620.2800,0.262646
620.3000,0.300027
620.3200,0.677176
620.3400,1.084073
620.3600,1.444872
620.3800,1.380175
620.4000,1.523555
620.4200,1.024203
620.4400,1.007947
620.4600,1.213410
620.4800,1.201827
620.5000,0.828650
620.5200,0.660220
620.5400,0.953960
620.5600,1.464321
620.5800,1.749178
620.6000,2.079545
620.6200,2.343575
620.6400,2.034417
620.6600,1.705975
620.6800,1.441204
620.7000,1.295843
620.7200,0.790802
620.7400,0.982347
620.7600,1.731047
620.7800,2.682341
620.8000,2.843155
620.8200,2.228290
620.8400,1.604539
620.8600,1.082217
620.8800,1.593440
620.9000,2.478548
620.9200,2.009977
620.9400,1.155461
620.9600,0.823965
620.9800,0.528933
621.0000,0.302951
621.0200,0.177932
621.0400,0.153442
621.0600,0.172353
621.0800,0.202739
621.1000,0.231140
621.1200,0.507822
621.1400,0.659881
621.1600,1.304354
621.1800,1.042940
621.2000,0.690721
621.2200,0.763086
621.2400,1.236147
621.2600,1.517985
621.2800,1.392538
621.3000,1.293097
621.3200,1.717025
621.3400,2.634431
621.3600,3.228480
621.3800,2.796718
621.4000,2.557092
621.4200,2.724486
621.4400,2.686326
621.4600,2.878982
621.4800,3.172268
621.5000,2.912671
621.5200,2.469458
621.5400,1.774091
621.5600,0.949571
621.5800,0.613784
621.6000,0.470314
621.6200,0.378206
621.6400,0.813892
621.6600,0.891864
621.6800,0.589639
621.7000,0.384683
621.7200,0.347233
621.7400,0.341383
621.7600,0.309212
621.7800,0.352313
621.8000,0.318822
621.8200,0.464914
621.8400,0.695938
621.8600,0.837264
621.8800,0.820187
621.9000,0.786306
621.9200,1.180264
621.9400,0.844596
621.9600,0.557202
621.9800,0.714152
622.0000,1.060253
622.0200,1.947188
622.0400,2.016136
622.0600,2.104388
622.0800,1.725278
622.1000,1.354504
622.1200,1.353506
622.1400,1.649796
622.1600,2.584883
622.1800,2.873303
622.2000,3.600000
622.2200,3.600000
622.2400,3.600000
622.2600,3.600000
622.2800,3.600000
622.3000,3.464375
622.3200,2.718711
622.3400,1.488334
622.3600,0.848599
622.3800,0.480920
622.4000,0.318351
622.4200,0.399919
622.4400,0.644845
622.4600,0.447999
622.4800,0.339386
622.5000,0.124883
622.5200,0.097013
622.5400,0.139956
622.5600,0.133710
622.5800,0.320662
622.6000,0.242754
622.6200,0.156258
622.6400,0.230174
622.6600,0.191273
622.6800,0.101019
622.7000,0.099042
622.7200,0.223905
622.7400,0.209084
622.7600,0.162820
622.7800,0.262646
622.8000,0.300027
622.8200,0.677176
622.8400,1.084073
622.8600,1.444872
622.8800,1.380175
622.9000,1.523555
622.9200,1.024203
622.9400,1.007947
622.9600,1.213410
622.9800,1.201827
623.0000,0.828650
623.0200,0.660220
623.0400,0.953960
623.0600,1.464321
623.0800,1.749178
623.1000,2.079545
623.1200,2.343575
623.1400,2.034417
623.1600,1.705975
623.1800,1.441204
623.2000,1.295843
623.2200,0.790802
623.2400,0.982347
623.2600,1.731047
623.2800,2.682341
623.3000,2.843155
623.3200,2.228290
623.3400,1.604539
623.3600,1.082217
623.3800,1.593440
623.4000,2.478548
623.4200,2.009977
623.4400,1.155461
623.4600,0.823965
623.4800,0.528933
623.5000,0.302951
623.5200,0.177932
623.5400,0.153442
623.5600,0.172353
623.5800,0.202739
623.6000,0.231140
623.6200,0.507822
623.6400,0.659881
623.6600,1.304354
623.6800,1.042940
623.7000,0.690721
623.7200,0.763086
623.7400,1.236147
623.7600,1.517985
623.7800,1.392538
623.8000,1.293097
623.8200,1.717025
623.8400,2.634431
623.8600,3.228480
623.8800,2.796718
623.9000,2.557092
623.9200,2.724486
623.9400,2.686326
623.9600,2.878982
623.9800,3.172268
624.0000,2.912671
624.0200,2.469458
624.0400,1.774091
624.0600,0.949571
624.0800,0.613784
624.1000,0.470314
624.1200,0.378206
624.1400,0.813892
624.1600,0.891864
624.1800,0.589639
624.2000,0.384683
624.2200,0.347233
624.2400,0.341383
624.2600,0.309212
624.2800,0.352313
624.3000,0.318822
624.3200,0.464914
624.3400,0.695938
624.3600,0.837264
624.3800,0.820187
624.4000,0.786306
624.4200,1.180264
624.4400,0.844596
624.4600,0.557202
624.4800,0.714152
624.5000,1.060253
624.5200,1.947188
624.5400,2.016136
624.5600,2.104388
624.5800,1.725278
624.6000,1.354504
624.6200,1.353506
624.6400,1.649796
624.6600,2.584883
624.6800,2.873303
624.7000,3.600000
624.7200,3.600000
624.7400,3.600000
624.7600,3.600000
624.7800,3.600000
624.8000,3.464375
624.8200,2.718711
624.8400,1.488334
624.8600,0.848599
624.8800,0.480920
624.9000,0.318351
624.9200,0.399919
624.9400,0.644845
624.9600,0.447999
624.9800,0.339386
625.0000,0.124883
625.0200,0.097013
625.0400,0.139956
625.0600,0.133710
625.0800,0.320662
625.1000,0.242754
625.1200,0.156258
625.1400,0.230174
625.1600,0.191273
625.1800,0.101019
625.2000,0.099042
625.2200,0.223905
625.2400,0.209084
625.2600,0.162820
625.2800,0.262646
625.3000,0.300027
625.3200,0.677176
625.3400,1.084073
625.3600,1.444872
625.3800,1.380175
625.4000,1.523555
625.4200,1.024203
625.4400,1.007947
625.4600,1.213410
625.4800,1.201827
625.5000,0.828650
625.5200,0.660220
625.5400,0.953960
625.5600,1.464321
625.5800,1.749178
625.6000,2.079545
625.6200,2.343575
625.6400,2.034417
625.6600,1.705975
625.6800,1.441204
625.7000,1.295843
625.7200,0.790802
625.7400,0.982347
625.7600,1.731047
625.7800,2.682341
625.8000,2.843155
625.8200,2.228290
625.8400,1.604539
625.8600,1.082217
625.8800,1.593440
625.9000,2.478548
625.9200,2.009977
625.9400,1.155461
625.9600,0.823965
625.9800,0.528933
626.0000,0.302951
626.0200,0.177932
626.0400,0.153442
626.0600,0.172353
626.0800,0.202739
626.1000,0.231140
626.1200,0.507822
626.1400,0.659881
626.1600,1.304354
626.1800,1.042940
626.2000,0.690721
626.2200,0.763086
626.2400,1.236147
626.2600,1.517985
626.2800,1.392538
626.3000,1.293097
626.3200,1.717025
626.3400,2.634431
626.3600,3.228480
626.3800,2.796718
626.4000,2.557092
626.4200,2.724486
626.4400,2.686326
626.4600,2.878982
626.4800,3.172268
626.5000,2.912671
626.5200,2.469458
626.5400,1.774091
626.5600,0.949571
626.5800,0.613784
626.6000,0.470314
626.6200,0.378206
626.6400,0.813892
626.6600,0.891864
626.6800,0.589639
626.7000,0.384683
626.7200,0.347233
626.7400,0.341383
626.7600,0.309212
626.7800,0.352313
626.8000,0.318822
626.8200,0.464914
626.8400,0.695938
626.8600,0.837264
626.8800,0.820187
626.9000,0.786306
626.9200,1.180264
626.9400,0.844596
626.9600,0.557202
626.9800,0.714152
627.0000,1.060253
627.0200,1.947188
627.0400,2.016136
627.0600,2.104388
627.0800,1.725278
627.1000,1.354504
627.1200,1.353506
627.1400,1.649796
627.1600,2.584883
627.1800,2.873303
627.2000,3.600000
627.2200,3.600000
627.2400,3.600000
627.2600,3.600000
627.2800,3.600000
627.3000,3.464375
627.3200,2.718711
627.3400,1.488334
627.3600,0.848599
627.3800,0.480920
627.4000,0.318351
627.4200,0.399919
627.4400,0.644845
627.4600,0.447999
627.4800,0.339386
627.5000,0.124883
627.5200,0.097013
627.5400,0.139956
627.5600,0.133710
627.5800,0.320662
627.6000,0.242754
627.6200,0.156258
627.6400,0.230174
627.6600,0.191273
627.6800,0.101019
627.7000,0.099042
627.7200,0.223905
627.7400,0.209084
627.7600,0.162820
627.7800,0.262646
627.8000,0.300027
627.8200,0.677176
627.8400,1.084073
627.8600,1.444872
627.8800,1.380175
627.9000,1.523555
627.9200,1.024203
627.9400,1.007947
627.9600,1.213410
627.9800,1.201827
628.0000,0.828650
628.0200,0.660220
628.0400,0.953960
628.0600,1.464321
628.0800,1.749178
628.1000,2.079545
628.1200,2.343575
628.1400,2.034417
628.1600,1.705975
628.1800,1.441204
628.2000,1.295843
628.2200,0.790802
628.2400,0.982347
628.2600,1.731047
628.2800,2.682341
628.3000,2.843155
628.3200,2.228290
628.3400,1.604539
628.3600,1.082217
628.3800,1.593440
628.4000,2.478548
628.4200,2.009977
628.4400,1.155461
628.4600,0.823965
628.4800,0.528933
628.5000,0.302951
628.5200,0.177932
628.5400,0.153442
628.5600,0.172353
628.5800,0.202739
628.6000,0.231140
628.6200,0.507822
628.6400,0.659881
628.6600,1.304354
628.6800,1.042940
628.7000,0.690721
628.7200,0.763086
628.7400,1.236147
628.7600,1.517985
628.7800,1.392538
628.8000,1.293097
628.8200,1.717025
628.8400,2.634431
628.8600,3.228480
628.8800,2.796718
628.9000,2.557092
628.9200,2.724486
628.9400,2.686326
628.9600,2.878982
628.9800,3.172268
629.0000,2.912671
629.0200,2.469458
629.0400,1.774091
629.0600,0.949571
629.0800,0.613784
629.1000,0.470314
629.1200,0.378206
629.1400,0.813892
629.1600,0.891864
629.1800,0.589639
629.2000,0.384683
629.2200,0.347233
629.2400,0.341383
629.2600,0.309212
629.2800,0.352313
629.3000,0.318822
629.3200,0.464914
629.3400,0.695938
629.3600,0.837264
629.3800,0.820187
629.4000,0.786306
629.4200,1.180264
629.4400,0.844596
629.4600,0.557202
629.4800,0.714152
629.5000,1.060253
629.5200,1.947188
629.5400,2.016136
629.5600,2.104388
629.5800,1.725278
629.6000,1.354504
629.6200,1.353506
629.6400,1.649796
629.6600,2.584883
629.6800,2.873303
629.7000,3.600000
629.7200,3.600000
629.7400,3.600000
629.7600,3.600000
629.7800,3.600000
629.8000,3.464375
629.8200,2.718711
629.8400,1.488334
629.8600,0.848599
629.8800,0.480920
629.9000,0.318351
629.9200,0.399919
629.9400,0.644845
629.9600,0.447999
629.9800,0.339386
630.0000,0.124883
630.0200,0.097013
630.0400,0.139956
630.0600,0.133710
630.0800,0.320662
630.1000,0.242754
630.1200,0.156258
630.1400,0.230174
630.1600,0.191273
630.1800,0.101019
630.2000,0.099042
630.2200,0.223905
630.2400,0.209084
630.2600,0.162820
630.2800,0.262646
630.3000,0.300027
630.3200,0.677176
630.3400,1.084073
630.3600,1.444872
630.3800,1.380175
630.4000,1.523555
630.4200,1.024203
630.4400,1.007947
630.4600,1.213410
630.4800,1.201827
630.5000,0.828650
630.5200,0.660220
630.5400,0.953960
630.5600,1.464321
630.5800,1.749178
630.6000,2.079545
630.6200,2.343575
630.6400,2.034417
630.6600,1.705975
630.6800,1.441204
630.7000,1.295843
630.7200,0.790802
630.7400,0.982347
630.7600,1.731047
630.7800,2.682341
630.8000,2.843155
630.8200,2.228290
630.8400,1.604539
630.8600,1.082217
630.8800,1.593440
630.9000,2.478548
630.9200,2.009977
630.9400,1.155461
630.9600,0.823965
630.9800,0.528933
631.0000,0.302951
631.0200,0.177932
631.0400,0.153442
631.0600,0.172353
631.0800,0.202739
631.1000,0.231140
631.1200,0.507822
631.1400,0.659881
631.1600,1.304354
631.1800,1.042940
631.2000,0.690721
631.2200,0.763086
631.2400,1.236147
631.2600,1.517985
631.2800,1.392538
631.3000,1.293097
631.3200,1.717025
631.3400,2.634431
631.3600,3.228480
631.3800,2.796718
631.4000,2.557092
631.4200,2.724486
631.4400,2.686326
631.4600,2.878982
631.4800,3.172268
631.5000,2.912671
631.5200,2.469458
631.5400,1.774091
631.5600,0.949571
631.5800,0.613784
631.6000,0.470314
631.6200,0.378206
631.6400,0.813892
631.6600,0.891864
631.6800,0.589639
631.7000,0.384683
631.7200,0.347233
631.7400,0.341383
631.7600,0.309212
631.7800,0.352313
631.8000,0.318822
631.8200,0.464914
631.8400,0.695938
631.8600,0.837264
631.8800,0.820187
631.9000,0.786306
631.9200,1.180264
631.9400,0.844596
631.9600,0.557202
631.9800,0.714152
632.0000,1.060253
632.0200,1.947188
632.0400,2.016136
632.0600,2.104388
632.0800,1.725278
632.1000,1.354504
632.1200,1.353506
632.1400,1.649796
632.1600,2.584883
632.1800,2.873303
632.2000,3.600000
632.2200,3.600000
632.2400,3.600000
632.2600,3.600000
632.2800,3.600000
632.3000,3.464375
632.3200,2.718711
632.3400,1.488334
632.3600,0.848599
632.3800,0.480920
632.4000,0.318351
632.4200,0.399919
632.4400,0.644845
632.4600,0.447999
632.4800,0.339386
632.5000,0.124883
632.5200,0.097013
632.5400,0.139956
632.5600,0.133710
632.5800,0.320662
632.6000,0.242754
632.6200,0.156258
632.6400,0.230174
632.6600,0.191273
632.6800,0.101019
632.7000,0.099042
632.7200,0.223905
632.7400,0.209084
632.7600,0.162820
632.7800,0.262646
632.8000,0.300027
632.8200,0.677176
632.8400,1.084073
632.8600,1.444872
632.8800,1.380175
632.9000,1.523555
632.9200,1.024203
632.9400,1.007947
632.9600,1.213410
632.9800,1.201827
633.0000,0.828650
633.0200,0.660220
633.0400,0.953960
633.0600,1.464321
633.0800,1.749178
633.1000,2.079545
633.1200,2.343575
633.1400,2.034417
633.1600,1.705975
633.1800,1.441204
633.2000,1.295843
633.2200,0.790802
633.2400,0.982347
633.2600,1.731047
633.2800,2.682341
633.3000,2.843155
633.3200,2.228290
633.3400,1.604539
633.3600,1.082217
633.3800,1.593440
633.4000,2.478548
633.4200,2.009977
633.4400,1.155461
633.4600,0.823965
633.4800,0.528933
633.5000,0.302951
633.5200,0.177932
633.5400,0.153442
633.5600,0.172353
633.5800,0.202739
633.6000,0.231140
633.6200,0.507822
633.6400,0.659881
633.6600,1.304354
633.6800,1.042940
633.7000,0.690721
633.7200,0.763086
633.7400,1.236147
633.7600,1.517985
633.7800,1.392538
633.8000,1.293097
633.8200,1.717025
633.8400,2.634431
633.8600,3.228480
633.8800,2.796718
633.9000,2.557092
633.9200,2.724486
633.9400,2.686326
633.9600,2.878982
633.9800,3.172268
634.0000,2.912671
634.0200,2.469458
634.0400,1.774091
634.0600,0.949571
634.0800,0.613784
634.1000,0.470314
634.1200,0.378206
634.1400,0.813892
634.1600,0.891864
634.1800,0.589639
634.2000,0.384683
634.2200,0.347233
634.2400,0.341383
634.2600,0.309212
634.2800,0.352313
634.3000,0.318822
634.3200,0.464914
634.3400,0.695938
634.3600,0.837264
634.3800,0.820187
634.4000,0.786306
634.4200,1.180264
634.4400,0.844596
634.4600,0.557202
634.4800,0.714152
634.5000,1.060253
634.5200,1.947188
634.5400,2.016136
634.5600,2.104388
634.5800,1.725278
634.6000,1.354504
634.6200,1.353506
634.6400,1.649796
634.6600,2.584883
634.6800,2.873303
634.7000,3.600000
634.7200,3.600000
634.7400,3.600000
634.7600,3.600000
634.7800,3.600000
634.8000,3.464375
634.8200,2.718711
634.8400,1.488334
634.8600,0.848599
634.8800,0.480920
634.9000,0.318351
634.9200,0.399919
634.9400,0.644845
634.9600,0.447999
634.9800,0.339386
635.0000,0.124883
635.0200,0.097013
635.0400,0.139956
635.0600,0.133710
635.0800,0.320662
635.1000,0.242754
635.1200,0.156258
635.1400,0.230174
635.1600,0.191273
635.1800,0.101019
635.2000,0.099042
635.2200,0.223905
635.2400,0.209084
635.2600,0.162820
635.2800,0.262646
635.3000,0.300027
635.3200,0.677176
635.3400,1.084073
635.3600,1.444872
635.3800,1.380175
635.4000,1.523555
635.4200,1.024203
635.4400,1.007947
635.4600,1.213410
635.4800,1.201827
635.5000,0.828650
635.5200,0.660220
635.5400,0.953960
635.5600,1.464321
635.5800,1.749178
635.6000,2.079545
635.6200,2.343575
635.6400,2.034417
635.6600,1.705975
635.6800,1.441204
635.7000,1.295843
635.7200,0.790802
635.7400,0.982347
635.7600,1.731047
635.7800,2.682341
635.8000,2.843155
635.8200,2.228290
635.8400,1.604539
635.8600,1.082217
635.8800,1.593440
635.9000,2.478548
635.9200,2.009977
635.9400,1.155461
635.9600,0.823965
635.9800,0.528933
636.0000,0.302951
636.0200,0.177932
636.0400,0.153442
636.0600,0.172353
636.0800,0.202739
636.1000,0.231140
636.1200,0.507822
636.1400,0.659881
636.1600,1.304354
636.1800,1.042940
636.2000,0.690721
636.2200,0.763086
636.2400,1.236147
636.2600,1.517985
636.2800,1.392538
636.3000,1.293097
636.3200,1.717025
636.3400,2.634431
636.3600,3.228480
636.3800,2.796718
636.4000,2.557092
636.4200,2.724486
636.4400,2.686326
636.4600,2.878982
636.4800,3.172268
636.5000,2.912671
636.5200,2.469458
636.5400,1.774091
636.5600,0.949571
636.5800,0.613784
636.6000,0.470314
636.6200,0.378206
636.6400,0.813892
636.6600,0.891864
636.6800,0.589639
636.7000,0.384683
636.7200,0.347233
636.7400,0.341383
636.7600,0.309212
636.7800,0.352313
636.8000,0.318822
636.8200,0.464914
636.8400,0.695938
636.8600,0.837264
636.8800,0.820187
636.9000,0.786306
636.9200,1.180264
636.9400,0.844596
636.9600,0.557202
636.9800,0.714152
637.0000,1.060253
637.0200,1.947188
637.0400,2.016136
637.0600,2.104388
637.0800,1.725278
637.1000,1.354504
637.1200,1.353506
637.1400,1.649796
637.1600,2.584883
637.1800,2.873303
637.2000,3.600000
637.2200,3.600000
637.2400,3.600000
637.2600,3.600000
637.2800,3.600000
637.3000,3.464375
637.3200,2.718711
637.3400,1.488334
637.3600,0.848599
637.3800,0.480920
637.4000,0.318351
637.4200,0.399919
637.4400,0.644845
637.4600,0.447999
637.4800,0.339386
637.5000,0.124883
637.5200,0.097013
637.5400,0.139956
637.5600,0.133710
637.5800,0.320662
637.6000,0.242754
637.6200,0.156258
637.6400,0.230174
637.6600,0.191273
637.6800,0.101019
637.7000,0.099042
637.7200,0.223905
637.7400,0.209084
637.7600,0.162820
637.7800,0.262646
637.8000,0.300027
637.8200,0.677176
637.8400,1.084073
637.8600,1.444872
637.8800,1.380175
637.9000,1.523555
637.9200,1.024203
637.9400,1.007947
637.9600,1.213410
637.9800,1.201827
638.0000,0.828650
638.0200,0.660220
638.0400,0.953960
638.0600,1.464321
638.0800,1.749178
638.1000,2.079545
638.1200,2.343575
638.1400,2.034417
638.1600,1.705975
638.1800,1.441204
638.2000,1.295843
638.2200,0.790802
638.2400,0.982347
638.2600,1.731047
638.2800,2.682341
638.3000,2.843155
638.3200,2.228290
638.3400,1.604539
638.3600,1.082217
638.3800,1.593440
638.4000,2.478548
638.4200,2.009977
638.4400,1.155461
638.4600,0.823965
638.4800,0.528933
638.5000,0.302951
638.5200,0.177932
638.5400,0.153442
638.5600,0.172353
638.5800,0.202739
638.6000,0.231140
638.6200,0.507822
638.6400,0.659881
638.6600,1.304354
638.6800,1.042940
638.7000,0.690721
638.7200,0.763086
638.7400,1.236147
638.7600,1.517985
638.7800,1.392538
638.8000,1.293097
638.8200,1.717025
638.8400,2.634431
638.8600,3.228480
638.8800,2.796718
638.9000,2.557092
638.9200,2.724486
638.9400,2.686326
638.9600,2.878982
638.9800,3.172268
639.0000,2.912671
639.0200,2.469458
639.0400,1.774091
639.0600,0.949571
639.0800,0.613784
639.1000,0.470314
639.1200,0.378206
639.1400,0.813892
639.1600,0.891864
639.1800,0.589639
639.2000,0.384683
639.2200,0.347233
639.2400,0.341383
639.2600,0.309212
639.2800,0.352313
639.3000,0.318822
639.3200,0.464914
639.3400,0.695938
639.3600,0.837264
639.3800,0.820187
639.4000,0.786306
639.4200,1.180264
639.4400,0.844596
639.4600,0.557202
639.4800,0.714152
639.5000,1.060253
639.5200,1.947188
639.5400,2.016136
639.5600,2.104388
639.5800,1.725278
639.6000,1.354504
639.6200,1.353506
639.6400,1.649796
639.6600,2.584883
639.6800,2.873303
639.7000,3.600000
639.7200,3.600000
639.7400,3.600000
639.7600,3.600000
639.7800,3.600000
639.8000,3.464375
639.8200,2.718711
639.8400,1.488334
639.8600,0.848599
639.8800,0.480920
639.9000,0.318351
639.9200,0.399919
639.9400,0.644845
639.9600,0.447999
639.9800,0.339386
640.0000,0.124883
640.0200,0.097013
640.0400,0.139956
640.0600,0.133710
640.0800,0.320662
640.1000,0.242754
640.1200,0.156258
640.1400,0.230174
640.1600,0.191273
640.1800,0.101019
640.2000,0.099042
640.2200,0.223905
640.2400,0.209084
640.2600,0.162820
640.2800,0.262646
640.3000,0.300027
640.3200,0.677176
640.3400,1.084073
640.3600,1.444872
640.3800,1.380175
640.4000,1.523555
640.4200,1.024203
640.4400,1.007947
640.4600,1.213410
640.4800,1.201827
640.5000,0.828650
640.5200,0.660220
640.5400,0.953960
640.5600,1.464321
640.5800,1.749178
640.6000,2.079545
640.6200,2.343575
640.6400,2.034417
640.6600,1.705975
640.6800,1.441204
640.7000,1.295843
640.7200,0.790802
640.7400,0.982347
640.7600,1.731047
640.7800,2.682341
640.8000,2.843155
640.8200,2.228290
640.8400,1.604539
640.8600,1.082217
640.8800,1.593440
640.9000,2.478548
640.9200,2.009977
640.9400,1.155461
640.9600,0.823965
640.9800,0.528933
641.0000,0.302951
641.0200,0.177932
641.0400,0.153442
641.0600,0.172353
641.0800,0.202739
641.1000,0.231140
641.1200,0.507822
641.1400,0.659881
641.1600,1.304354
641.1800,1.042940
641.2000,0.690721
641.2200,0.763086
641.2400,1.236147
641.2600,1.517985
641.2800,1.392538
641.3000,1.293097
641.3200,1.717025
641.3400,2.634431
641.3600,3.228480
641.3800,2.796718
641.4000,2.557092
641.4200,2.724486
641.4400,2.686326
641.4600,2.878982
641.4800,3.172268
641.5000,2.912671
641.5200,2.469458
641.5400,1.774091
641.5600,0.949571
641.5800,0.613784
641.6000,0.470314
641.6200,0.378206
641.6400,0.813892
641.6600,0.891864
641.6800,0.589639
641.7000,0.384683
641.7200,0.347233
641.7400,0.341383
641.7600,0.309212
641.7800,0.352313
641.8000,0.318822
641.8200,0.464914
641.8400,0.695938
641.8600,0.837264
641.8800,0.820187
641.9000,0.786306
641.9200,1.180264
641.9400,0.844596
641.9600,0.557202
641.9800,0.714152
642.0000,1.060253
642.0200,1.947188
642.0400,2.016136
642.0600,2.104388
642.0800,1.725278
642.1000,1.354504
642.1200,1.353506
642.1400,1.649796
642.1600,2.584883
642.1800,2.873303
642.2000,3.600000
642.2200,3.600000
642.2400,3.600000
642.2600,3.600000
642.2800,3.600000
642.3000,3.464375
642.3200,2.718711
642.3400,1.488334
642.3600,0.848599
642.3800,0.480920
642.4000,0.318351
642.4200,0.399919
642.4400,0.644845
642.4600,0.447999
642.4800,0.339386
642.5000,0.124883
642.5200,0.097013
642.5400,0.139956
642.5600,0.133710
642.5800,0.320662
642.6000,0.242754
642.6200,0.156258
642.6400,0.230174
642.6600,0.191273
642.6800,0.101019
642.7000,0.099042
642.7200,0.223905
642.7400,0.209084
642.7600,0.162820
642.7800,0.262646
642.8000,0.300027
642.8200,0.677176
642.8400,1.084073
642.8600,1.444872
642.8800,1.380175
642.9000,1.523555
642.9200,1.024203
642.9400,1.007947
642.9600,1.213410
642.9800,1.201827
643.0000,0.828650
643.0200,0.660220
643.0400,0.953960
643.0600,1.464321
643.0800,1.749178
643.1000,2.079545
643.1200,2.343575
643.1400,2.034417
643.1600,1.705975
643.1800,1.441204
643.2000,1.295843
643.2200,0.790802
643.2400,0.982347
643.2600,1.731047
643.2800,2.682341
643.3000,2.843155
643.3200,2.228290
643.3400,1.604539
643.3600,1.082217
643.3800,1.593440
643.4000,2.478548
643.4200,2.009977
643.4400,1.155461
643.4600,0.823965
643.4800,0.528933
643.5000,0.302951
643.5200,0.177932
643.5400,0.153442
643.5600,0.172353
643.5800,0.202739
643.6000,0.231140
643.6200,0.507822
643.6400,0.659881
643.6600,1.304354
643.6800,1.042940
643.7000,0.690721
643.7200,0.763086
643.7400,1.236147
643.7600,1.517985
643.7800,1.392538
643.8000,1.293097
643.8200,1.717025
643.8400,2.634431
643.8600,3.228480
643.8800,2.796718
643.9000,2.557092
643.9200,2.724486
643.9400,2.686326
643.9600,2.878982
643.9800,3.172268
644.0000,2.912671
644.0200,2.469458
644.0400,1.774091
644.0600,0.949571
644.0800,0.613784
644.1000,0.470314
644.1200,0.378206
644.1400,0.813892
644.1600,0.891864
644.1800,0.589639
644.2000,0.384683
644.2200,0.347233
644.2400,0.341383
644.2600,0.309212
644.2800,0.352313
644.3000,0.318822
644.3200,0.464914
644.3400,0.695938
644.3600,0.837264
644.3800,0.820187
644.4000,0.786306
644.4200,1.180264
644.4400,0.844596
644.4600,0.557202
644.4800,0.714152
644.5000,1.060253
644.5200,1.947188
644.5400,2.016136
644.5600,2.104388
644.5800,1.725278
644.6000,1.354504
644.6200,1.353506
644.6400,1.649796
644.6600,2.584883
644.6800,2.873303
644.7000,3.600000
644.7200,3.600000
644.7400,3.600000
644.7600,3.600000
644.7800,3.600000
644.8000,3.464375
644.8200,2.718711
644.8400,1.488334
644.8600,0.848599
644.8800,0.480920
644.9000,0.318351
644.9200,0.399919
644.9400,0.644845
644.9600,0.447999
644.9800,0.339386
645.0000,0.124883
645.0200,0.097013
645.0400,0.139956
645.0600,0.133710
645.0800,0.320662
645.1000,0.242754
645.1200,0.156258
645.1400,0.230174
645.1600,0.191273
645.1800,0.101019
645.2000,0.099042
645.2200,0.223905
645.2400,0.209084
645.2600,0.162820
645.2800,0.262646
645.3000,0.300027
645.3200,0.677176
645.3400,1.084073
645.3600,1.444872
645.3800,1.380175
645.4000,1.523555
645.4200,1.024203
645.4400,1.007947
645.4600,1.213410
645.4800,1.201827
645.5000,0.828650
645.5200,0.660220
645.5400,0.953960
645.5600,1.464321
645.5800,1.749178
645.6000,2.079545
645.6200,2.343575
645.6400,2.034417
645.6600,1.705975
645.6800,1.441204
645.7000,1.295843
645.7200,0.790802
645.7400,0.982347
645.7600,1.731047
645.7800,2.682341
645.8000,2.843155
645.8200,2.228290
645.8400,1.604539
645.8600,1.082217
645.8800,1.593440
645.9000,2.478548
645.9200,2.009977
645.9400,1.155461
645.9600,0.823965
645.9800,0.528933
646.0000,0.302951
646.0200,0.177932
646.0400,0.153442
646.0600,0.172353
646.0800,0.202739
646.1000,0.231140
646.1200,0.507822
646.1400,0.659881
646.1600,1.304354
646.1800,1.042940
646.2000,0.690721
646.2200,0.763086
646.2400,1.236147
646.2600,1.517985
646.2800,1.392538
646.3000,1.293097
646.3200,1.717025
646.3400,2.634431
646.3600,3.228480
646.3800,2.796718
646.4000,2.557092
646.4200,2.724486
646.4400,2.686326
646.4600,2.878982
646.4800,3.172268
646.5000,2.912671
646.5200,2.469458
646.5400,1.774091
646.5600,0.949571
646.5800,0.613784
646.6000,0.470314
646.6200,0.378206
646.6400,0.813892
646.6600,0.891864
646.6800,0.589639
646.7000,0.384683
646.7200,0.347233
646.7400,0.341383
646.7600,0.309212
646.7800,0.352313
646.8000,0.318822
646.8200,0.464914
646.8400,0.695938
646.8600,0.837264
646.8800,0.820187
646.9000,0.786306
646.9200,1.180264
646.9400,0.844596
646.9600,0.557202
646.9800,0.714152
647.0000,1.060253
647.0200,1.947188
647.0400,2.016136
647.0600,2.104388
647.0800,1.725278
647.1000,1.354504
647.1200,1.353506
647.1400,1.649796
647.1600,2.584883
647.1800,2.873303
647.2000,3.600000
647.2200,3.600000
647.2400,3.600000
647.2600,3.600000
647.2800,3.600000
647.3000,3.464375
647.3200,2.718711
647.3400,1.488334
647.3600,0.848599
647.3800,0.480920
647.4000,0.318351
647.4200,0.399919
647.4400,0.644845
647.4600,0.447999
647.4800,0.339386
647.5000,0.124883
647.5200,0.097013
647.5400,0.139956
647.5600,0.133710
647.5800,0.320662
647.6000,0.242754
647.6200,0.156258
647.6400,0.230174
647.6600,0.191273
647.6800,0.101019
647.7000,0.099042
647.7200,0.223905
647.7400,0.209084
647.7600,0.162820
647.7800,0.262646
647.8000,0.300027
647.8200,0.677176
647.8400,1.084073
647.8600,1.444872
647.8800,1.380175
647.9000,1.523555
647.9200,1.024203
647.9400,1.007947
647.9600,1.213410
647.9800,1.201827
648.0000,0.828650
648.0200,0.660220
648.0400,0.953960
648.0600,1.464321
648.0800,1.749178
648.1000,2.079545
648.1200,2.343575
648.1400,2.034417
648.1600,1.705975
648.1800,1.441204
648.2000,1.295843
648.2200,0.790802
648.2400,0.982347
648.2600,1.731047
648.2800,2.682341
648.3000,2.843155
648.3200,2.228290
648.3400,1.604539
648.3600,1.082217
648.3800,1.593440
648.4000,2.478548
648.4200,2.009977
648.4400,1.155461
648.4600,0.823965
648.4800,0.528933
648.5000,0.302951
648.5200,0.177932
648.5400,0.153442
648.5600,0.172353
648.5800,0.202739
648.6000,0.231140
648.6200,0.507822
648.6400,0.659881
648.6600,1.304354
648.6800,1.042940
648.7000,0.690721
648.7200,0.763086
648.7400,1.236147
648.7600,1.517985
648.7800,1.392538
648.8000,1.293097
648.8200,1.717025
648.8400,2.634431
648.8600,3.228480
648.8800,2.796718
648.9000,2.557092
648.9200,2.724486
648.9400,2.686326
648.9600,2.878982
648.9800,3.172268
649.0000,2.912671
649.0200,2.469458
649.0400,1.774091
649.0600,0.949571
649.0800,0.613784
649.1000,0.470314
649.1200,0.378206
649.1400,0.813892
649.1600,0.891864
649.1800,0.589639
649.2000,0.384683
649.2200,0.347233
649.2400,0.341383
649.2600,0.309212
649.2800,0.352313
649.3000,0.318822
649.3200,0.464914
649.3400,0.695938
649.3600,0.837264
649.3800,0.820187
649.4000,0.786306
649.4200,1.180264
649.4400,0.844596
649.4600,0.557202
649.4800,0.714152
649.5000,1.060253
649.5200,1.947188
649.5400,2.016136
649.5600,2.104388
649.5800,1.725278
649.6000,1.354504
649.6200,1.353506
649.6400,1.649796
649.6600,2.584883
649.6800,2.873303
649.7000,3.600000
649.7200,3.600000
649.7400,3.600000
649.7600,3.600000
649.7800,3.600000
649.8000,3.464375
649.8200,2.718711
649.8400,1.488334
649.8600,0.848599
649.8800,0.480920
649.9000,0.318351
649.9200,0.399919
649.9400,0.644845
649.9600,0.447999
649.9800,0.339386
650.0000,0.124883
650.0200,0.097013
650.0400,0.139956
650.0600,0.133710
650.0800,0.320662
650.1000,0.242754
650.1200,0.156258
650.1400,0.230174
650.1600,0.191273
650.1800,0.101019
650.2000,0.099042
650.2200,0.223905
650.2400,0.209084
650.2600,0.162820
650.2800,0.262646
650.3000,0.300027
650.3200,0.677176
650.3400,1.084073
650.3600,1.444872
650.3800,1.380175
650.4000,1.523555
650.4200,1.024203
650.4400,1.007947
650.4600,1.213410
650.4800,1.201827
650.5000,0.828650
650.5200,0.660220
650.5400,0.953960
650.5600,1.464321
650.5800,1.749178
650.6000,2.079545
650.6200,2.343575
650.6400,2.034417
650.6600,1.705975
650.6800,1.441204
650.7000,1.295843
650.7200,0.790802
650.7400,0.982347
650.7600,1.731047
650.7800,2.682341
650.8000,2.843155
650.8200,2.228290
650.8400,1.604539
650.8600,1.082217
650.8800,1.593440
650.9000,2.478548
650.9200,2.009977
650.9400,1.155461
650.9600,0.823965
650.9800,0.528933
651.0000,0.302951
651.0200,0.177932
651.0400,0.153442
651.0600,0.172353
651.0800,0.202739
651.1000,0.231140
651.1200,0.507822
651.1400,0.659881
651.1600,1.304354
651.1800,1.042940
651.2000,0.690721
651.2200,0.763086
651.2400,1.236147
651.2600,1.517985
651.2800,1.392538
651.3000,1.293097
651.3200,1.717025
651.3400,2.634431
651.3600,3.228480
651.3800,2.796718
651.4000,2.557092
651.4200,2.724486
651.4400,2.686326
651.4600,2.878982
651.4800,3.172268
651.5000,2.912671
651.5200,2.469458
651.5400,1.774091
651.5600,0.949571
651.5800,0.613784
651.6000,0.470314
651.6200,0.378206
651.6400,0.813892
651.6600,0.891864
651.6800,0.589639
651.7000,0.384683
651.7200,0.347233
651.7400,0.341383
651.7600,0.309212
651.7800,0.352313
651.8000,0.318822
651.8200,0.464914
651.8400,0.695938
651.8600,0.837264
651.8800,0.820187
651.9000,0.786306
651.9200,1.180264
651.9400,0.844596
651.9600,0.557202
651.9800,0.714152
652.0000,1.060253
652.0200,1.947188
652.0400,2.016136
652.0600,2.104388
652.0800,1.725278
652.1000,1.354504
652.1200,1.353506
652.1400,1.649796
652.1600,2.584883
652.1800,2.873303
652.2000,3.600000
652.2200,3.600000
652.2400,3.600000
652.2600,3.600000
652.2800,3.600000
652.3000,3.464375
652.3200,2.718711
652.3400,1.488334
652.3600,0.848599
652.3800,0.480920
652.4000,0.318351
652.4200,0.399919
652.4400,0.644845
652.4600,0.447999
652.4800,0.339386
652.5000,0.124883
652.5200,0.097013
652.5400,0.139956
652.5600,0.133710
652.5800,0.320662
652.6000,0.242754
652.6200,0.156258
652.6400,0.230174
652.6600,0.191273
652.6800,0.101019
652.7000,0.099042
652.7200,0.223905
652.7400,0.209084
652.7600,0.162820
652.7800,0.262646
652.8000,0.300027
652.8200,0.677176
652.8400,1.084073
652.8600,1.444872
652.8800,1.380175
652.9000,1.523555
652.9200,1.024203
652.9400,1.007947
652.9600,1.213410
652.9800,1.201827
653.0000,0.828650
653.0200,0.660220
653.0400,0.953960
653.0600,1.464321
653.0800,1.749178
653.1000,2.079545
653.1200,2.343575
653.1400,2.034417
653.1600,1.705975
653.1800,1.441204
653.2000,1.295843
653.2200,0.790802
653.2400,0.982347
653.2600,1.731047
653.2800,2.682341
653.3000,2.843155
653.3200,2.228290
653.3400,1.604539
653.3600,1.082217
653.3800,1.593440
653.4000,2.478548
653.4200,2.009977
653.4400,1.155461
653.4600,0.823965
653.4800,0.528933
653.5000,0.302951
653.5200,0.177932
653.5400,0.153442
653.5600,0.172353
653.5800,0.202739
653.6000,0.231140
653.6200,0.507822
653.6400,0.659881
653.6600,1.304354
653.6800,1.042940
653.7000,0.690721
653.7200,0.763086
653.7400,1.236147
653.7600,1.517985
653.7800,1.392538
653.8000,1.293097
653.8200,1.717025
653.8400,2.634431
653.8600,3.228480
653.8800,2.796718
653.9000,2.557092
653.9200,2.724486
653.9400,2.686326
653.9600,2.878982
653.9800,3.172268
654.0000,2.912671
654.0200,2.469458
654.0400,1.774091
654.0600,0.949571
654.0800,0.613784
654.1000,0.470314
654.1200,0.378206
654.1400,0.813892
654.1600,0.891864
654.1800,0.589639
654.2000,0.384683
654.2200,0.347233
654.2400,0.341383
654.2600,0.309212
654.2800,0.352313
654.3000,0.318822
654.3200,0.464914
654.3400,0.695938
654.3600,0.837264
654.3800,0.820187
654.4000,0.786306
654.4200,1.180264
654.4400,0.844596
654.4600,0.557202
654.4800,0.714152
654.5000,1.060253
654.5200,1.947188
654.5400,2.016136
654.5600,2.104388
654.5800,1.725278
654.6000,1.354504
654.6200,1.353506
654.6400,1.649796
654.6600,2.584883
654.6800,2.873303
654.7000,3.600000
654.7200,3.600000
654.7400,3.600000
654.7600,3.600000
654.7800,3.600000
654.8000,3.464375
654.8200,2.718711
654.8400,1.488334
654.8600,0.848599
654.8800,0.480920
654.9000,0.318351
654.9200,0.399919
654.9400,0.644845
654.9600,0.447999
654.9800,0.339386
655.0000,0.124883
655.0200,0.097013
655.0400,0.139956
655.0600,0.133710
655.0800,0.320662
655.1000,0.242754
655.1200,0.156258
655.1400,0.230174
655.1600,0.191273
655.1800,0.101019
655.2000,0.099042
655.2200,0.223905
655.2400,0.209084
655.2600,0.162820
655.2800,0.262646
655.3000,0.300027
655.3200,0.677176
655.3400,1.084073
655.3600,1.444872
655.3800,1.380175
655.4000,1.523555
655.4200,1.024203
655.4400,1.007947
655.4600,1.213410
655.4800,1.201827
655.5000,0.828650
655.5200,0.660220
655.5400,0.953960
655.5600,1.464321
655.5800,1.749178
655.6000,2.079545
655.6200,2.343575
655.6400,2.034417
655.6600,1.705975
655.6800,1.441204
655.7000,1.295843
655.7200,0.790802
655.7400,0.982347
655.7600,1.731047
655.7800,2.682341
655.8000,2.843155
655.8200,2.228290
655.8400,1.604539
655.8600,1.082217
655.8800,1.593440
655.9000,2.478548
655.9200,2.009977
655.9400,1.155461
655.9600,0.823965
655.9800,0.528933
656.0000,0.302951
656.0200,0.177932
656.0400,0.153442
656.0600,0.172353
656.0800,0.202739
656.1000,0.231140
656.1200,0.507822
656.1400,0.659881
656.1600,1.304354
656.1800,1.042940
656.2000,0.690721
656.2200,0.763086
656.2400,1.236147
656.2600,1.517985
656.2800,1.392538
656.3000,1.293097
656.3200,1.717025
656.3400,2.634431
656.3600,3.228480
656.3800,2.796718
656.4000,2.557092
656.4200,2.724486
656.4400,2.686326
656.4600,2.878982
656.4800,3.172268
656.5000,2.912671
656.5200,2.469458
656.5400,1.774091
656.5600,0.949571
656.5800,0.613784
656.6000,0.470314
656.6200,0.378206
656.6400,0.813892
656.6600,0.891864
656.6800,0.589639
656.7000,0.384683
656.7200,0.347233
656.7400,0.341383
656.7600,0.309212
656.7800,0.352313
656.8000,0.318822
656.8200,0.464914
656.8400,0.695938
656.8600,0.837264
656.8800,0.820187
656.9000,0.786306
656.9200,1.180264
656.9400,0.844596
656.9600,0.557202
656.9800,0.714152
657.0000,1.060253
657.0200,1.947188
657.0400,2.016136
657.0600,2.104388
657.0800,1.725278
657.1000,1.354504
657.1200,1.353506
657.1400,1.649796
657.1600,2.584883
657.1800,2.873303
657.2000,3.600000
657.2200,3.600000
657.2400,3.600000
657.2600,3.600000
657.2800,3.600000
657.3000,3.464375
657.3200,2.718711
657.3400,1.488334
657.3600,0.848599
657.3800,0.480920
657.4000,0.318351
657.4200,0.399919
657.4400,0.644845
657.4600,0.447999
657.4800,0.339386
657.5000,0.124883
657.5200,0.097013
657.5400,0.139956
657.5600,0.133710
657.5800,0.320662
657.6000,0.242754
657.6200,0.156258
657.6400,0.230174
657.6600,0.191273
657.6800,0.101019
657.7000,0.099042
657.7200,0.223905
657.7400,0.209084
657.7600,0.162820
657.7800,0.262646
657.8000,0.300027
657.8200,0.677176
657.8400,1.084073
657.8600,1.444872
657.8800,1.380175
657.9000,1.523555
657.9200,1.024203
657.9400,1.007947
657.9600,1.213410
657.9800,1.201827
658.0000,0.828650
658.0200,0.660220
658.0400,0.953960
658.0600,1.464321
658.0800,1.749178
658.1000,2.079545
658.1200,2.343575
658.1400,2.034417
658.1600,1.705975
658.1800,1.441204
658.2000,1.295843
658.2200,0.790802
658.2400,0.982347
658.2600,1.731047
658.2800,2.682341
658.3000,2.843155
658.3200,2.228290
658.3400,1.604539
658.3600,1.082217
658.3800,1.593440
658.4000,2.478548
658.4200,2.009977
658.4400,1.155461
658.4600,0.823965
658.4800,0.528933
658.5000,0.302951
658.5200,0.177932
658.5400,0.153442
658.5600,0.172353
658.5800,0.202739
658.6000,0.231140
658.6200,0.507822
658.6400,0.659881
658.6600,1.304354
658.6800,1.042940
658.7000,0.690721
658.7200,0.763086
658.7400,1.236147
658.7600,1.517985
658.7800,1.392538
658.8000,1.293097
658.8200,1.717025
658.8400,2.634431
658.8600,3.228480
658.8800,2.796718
658.9000,2.557092
658.9200,2.724486
658.9400,2.686326
658.9600,2.878982
658.9800,3.172268
659.0000,2.912671
659.0200,2.469458
659.0400,1.774091
659.0600,0.949571
659.0800,0.613784
659.1000,0.470314
659.1200,0.378206
659.1400,0.813892
659.1600,0.891864
659.1800,0.589639
659.2000,0.384683
659.2200,0.347233
659.2400,0.341383
659.2600,0.309212
659.2800,0.352313
659.3000,0.318822
659.3200,0.464914
659.3400,0.695938
659.3600,0.837264
659.3800,0.820187
659.4000,0.786306
659.4200,1.180264
659.4400,0.844596
659.4600,0.557202
659.4800,0.714152
659.5000,1.060253
659.5200,1.947188
659.5400,2.016136
659.5600,2.104388
659.5800,1.725278
659.6000,1.354504
659.6200,1.353506
659.6400,1.649796
659.6600,2.584883
659.6800,2.873303
659.7000,3.600000
659.7200,3.600000
659.7400,3.600000
659.7600,3.600000
659.7800,3.600000
659.8000,3.464375
659.8200,2.718711
659.8400,1.488334
659.8600,0.848599
659.8800,0.480920
659.9000,0.318351
659.9200,0.399919
659.9400,0.644845
659.9600,0.447999
659.9800,0.339386
660.0000,0.124883
660.0200,0.097013
660.0400,0.139956
660.0600,0.133710
660.0800,0.320662
660.1000,0.242754
660.1200,0.156258
660.1400,0.230174
660.1600,0.191273
660.1800,0.101019
660.2000,0.099042
660.2200,0.223905
660.2400,0.209084
660.2600,0.162820
660.2800,0.262646
660.3000,0.300027
660.3200,0.677176
660.3400,1.084073
660.3600,1.444872
660.3800,1.380175
660.4000,1.523555
660.4200,1.024203
660.4400,1.007947
660.4600,1.213410
660.4800,1.201827
660.5000,0.828650
660.5200,0.660220
660.5400,0.953960
660.5600,1.464321
660.5800,1.749178
660.6000,2.079545
660.6200,2.343575
660.6400,2.034417
660.6600,1.705975
660.6800,1.441204
660.7000,1.295843
660.7200,0.790802
660.7400,0.982347
660.7600,1.731047
660.7800,2.682341
660.8000,2.843155
660.8200,2.228290
660.8400,1.604539
660.8600,1.082217
660.8800,1.593440
660.9000,2.478548
660.9200,2.009977
660.9400,1.155461
660.9600,0.823965
660.9800,0.528933
661.0000,0.302951
661.0200,0.177932
661.0400,0.153442
661.0600,0.172353
661.0800,0.202739
661.1000,0.231140
661.1200,0.507822
661.1400,0.659881
661.1600,1.304354
661.1800,1.042940
661.2000,0.690721
661.2200,0.763086
661.2400,1.236147
661.2600,1.517985
661.2800,1.392538
661.3000,1.293097
661.3200,1.717025
661.3400,2.634431
661.3600,3.228480
661.3800,2.796718
661.4000,2.557092
661.4200,2.724486
661.4400,2.686326
661.4600,2.878982
661.4800,3.172268
661.5000,2.912671
661.5200,2.469458
661.5400,1.774091
661.5600,0.949571
661.5800,0.613784
661.6000,0.470314
661.6200,0.378206
661.6400,0.813892
661.6600,0.891864
661.6800,0.589639
661.7000,0.384683
661.7200,0.347233
661.7400,0.341383
661.7600,0.309212
661.7800,0.352313
661.8000,0.318822
661.8200,0.464914
661.8400,0.695938
661.8600,0.837264
661.8800,0.820187
661.9000,0.786306
661.9200,1.180264
661.9400,0.844596
661.9600,0.557202
661.9800,0.714152
662.0000,1.060253
662.0200,1.947188
662.0400,2.016136
662.0600,2.104388
662.0800,1.725278
662.1000,1.354504
662.1200,1.353506
662.1400,1.649796
662.1600,2.584883
662.1800,2.873303
662.2000,3.600000
662.2200,3.600000
662.2400,3.600000
662.2600,3.600000
662.2800,3.600000
662.3000,3.464375
662.3200,2.718711
662.3400,1.488334
662.3600,0.848599
662.3800,0.480920
662.4000,0.318351
662.4200,0.399919
662.4400,0.644845
662.4600,0.447999
662.4800,0.339386
662.5000,0.124883
662.5200,0.097013
662.5400,0.139956
662.5600,0.133710
662.5800,0.320662
662.6000,0.242754
662.6200,0.156258
662.6400,0.230174
662.6600,0.191273
662.6800,0.101019
662.7000,0.099042
662.7200,0.223905
662.7400,0.209084
662.7600,0.162820
662.7800,0.262646
662.8000,0.300027
662.8200,0.677176
662.8400,1.084073
662.8600,1.444872
662.8800,1.380175
662.9000,1.523555
662.9200,1.024203
662.9400,1.007947
662.9600,1.213410
662.9800,1.201827
663.0000,0.828650
663.0200,0.660220
663.0400,0.953960
663.0600,1.464321
663.0800,1.749178
663.1000,2.079545
663.1200,2.343575
663.1400,2.034417
663.1600,1.705975
663.1800,1.441204
663.2000,1.295843
663.2200,0.790802
663.2400,0.982347
663.2600,1.731047
663.2800,2.682341
663.3000,2.843155
663.3200,2.228290
663.3400,1.604539
663.3600,1.082217
663.3800,1.593440
663.4000,2.478548
663.4200,2.009977
663.4400,1.155461
663.4600,0.823965
663.4800,0.528933
663.5000,0.302951
663.5200,0.177932
663.5400,0.153442
663.5600,0.172353
663.5800,0.202739
663.6000,0.231140
663.6200,0.507822
663.6400,0.659881
663.6600,1.304354
663.6800,1.042940
663.7000,0.690721
663.7200,0.763086
663.7400,1.236147
663.7600,1.517985
663.7800,1.392538
663.8000,1.293097
663.8200,1.717025
663.8400,2.634431
663.8600,3.228480
663.8800,2.796718
663.9000,2.557092
663.9200,2.724486
663.9400,2.686326
663.9600,2.878982
663.9800,3.172268
664.0000,2.912671
664.0200,2.469458
664.0400,1.774091
664.0600,0.949571
664.0800,0.613784
664.1000,0.470314
664.1200,0.378206
664.1400,0.813892
664.1600,0.891864
664.1800,0.589639
664.2000,0.384683
664.2200,0.347233
664.2400,0.341383
664.2600,0.309212
664.2800,0.352313
664.3000,0.318822
664.3200,0.464914
664.3400,0.695938
664.3600,0.837264
664.3800,0.820187
664.4000,0.786306
664.4200,1.180264
664.4400,0.844596
664.4600,0.557202
664.4800,0.714152
664.5000,1.060253
664.5200,1.947188
664.5400,2.016136
664.5600,2.104388
664.5800,1.725278
664.6000,1.354504
664.6200,1.353506
664.6400,1.649796
664.6600,2.584883
664.6800,2.873303
664.7000,3.600000
664.7200,3.600000
664.7400,3.600000
664.7600,3.600000
664.7800,3.600000
664.8000,3.464375
664.8200,2.718711
664.8400,1.488334
664.8600,0.848599
664.8800,0.480920
664.9000,0.318351
664.9200,0.399919
664.9400,0.644845
664.9600,0.447999
664.9800,0.339386
665.0000,0.124883
665.0200,0.097013
665.0400,0.139956
665.0600,0.133710
665.0800,0.320662
665.1000,0.242754
665.1200,0.156258
665.1400,0.230174
665.1600,0.191273
665.1800,0.101019
665.2000,0.099042
665.2200,0.223905
665.2400,0.209084
665.2600,0.162820
665.2800,0.262646
665.3000,0.300027
665.3200,0.677176
665.3400,1.084073
665.3600,1.444872
665.3800,1.380175
665.4000,1.523555
665.4200,1.024203
665.4400,1.007947
665.4600,1.213410
665.4800,1.201827
665.5000,0.828650
665.5200,0.660220
665.5400,0.953960
665.5600,1.464321
665.5800,1.749178
665.6000,2.079545
665.6200,2.343575
665.6400,2.034417
665.6600,1.705975
665.6800,1.441204
665.7000,1.295843
665.7200,0.790802
665.7400,0.982347
665.7600,1.731047
665.7800,2.682341
665.8000,2.843155
665.8200,2.228290
665.8400,1.604539
665.8600,1.082217
665.8800,1.593440
665.9000,2.478548
665.9200,2.009977
665.9400,1.155461
665.9600,0.823965
665.9800,0.528933
666.0000,0.302951
666.0200,0.177932
666.0400,0.153442
666.0600,0.172353
666.0800,0.202739
666.1000,0.231140
666.1200,0.507822
666.1400,0.659881
666.1600,1.304354
666.1800,1.042940
666.2000,0.690721
666.2200,0.763086
666.2400,1.236147
666.2600,1.517985
666.2800,1.392538
666.3000,1.293097
666.3200,1.717025
666.3400,2.634431
666.3600,3.228480
666.3800,2.796718
666.4000,2.557092
666.4200,2.724486
666.4400,2.686326
666.4600,2.878982
666.4800,3.172268
666.5000,2.912671
666.5200,2.469458
666.5400,1.774091
666.5600,0.949571
666.5800,0.613784
666.6000,0.470314
666.6200,0.378206
666.6400,0.813892
666.6600,0.891864
666.6800,0.589639
666.7000,0.384683
666.7200,0.347233
666.7400,0.341383
666.7600,0.309212
666.7800,0.352313
666.8000,0.318822
666.8200,0.464914
666.8400,0.695938
666.8600,0.837264
666.8800,0.820187
666.9000,0.786306
666.9200,1.180264
666.9400,0.844596
666.9600,0.557202
666.9800,0.714152
667.0000,1.060253
667.0200,1.947188
667.0400,2.016136
667.0600,2.104388
667.0800,1.725278
667.1000,1.354504
667.1200,1.353506
667.1400,1.649796
667.1600,2.584883
667.1800,2.873303
667.2000,3.600000
667.2200,3.600000
667.2400,3.600000
667.2600,3.600000
667.2800,3.600000
667.3000,3.464375
667.3200,2.718711
667.3400,1.488334
667.3600,0.848599
667.3800,0.480920
667.4000,0.318351
667.4200,0.399919
667.4400,0.644845
667.4600,0.447999
667.4800,0.339386
667.5000,0.124883
667.5200,0.097013
667.5400,0.139956
667.5600,0.133710
667.5800,0.320662
667.6000,0.242754
667.6200,0.156258
667.6400,0.230174
667.6600,0.191273
667.6800,0.101019
667.7000,0.099042
667.7200,0.223905
667.7400,0.209084
667.7600,0.162820
667.7800,0.262646
667.8000,0.300027
667.8200,0.677176
667.8400,1.084073
667.8600,1.444872
667.8800,1.380175
667.9000,1.523555
667.9200,1.024203
667.9400,1.007947
667.9600,1.213410
667.9800,1.201827
668.0000,0.828650
668.0200,0.660220
668.0400,0.953960
668.0600,1.464321
668.0800,1.749178
668.1000,2.079545
668.1200,2.343575
668.1400,2.034417
668.1600,1.705975
668.1800,1.441204
668.2000,1.295843
668.2200,0.790802
668.2400,0.982347
668.2600,1.731047
668.2800,2.682341
668.3000,2.843155
668.3200,2.228290
668.3400,1.604539
668.3600,1.082217
668.3800,1.593440
668.4000,2.478548
668.4200,2.009977
668.4400,1.155461
668.4600,0.823965
668.4800,0.528933
668.5000,0.302951
668.5200,0.177932
668.5400,0.153442
668.5600,0.172353
668.5800,0.202739
668.6000,0.231140
668.6200,0.507822
668.6400,0.659881
668.6600,1.304354
668.6800,1.042940
668.7000,0.690721
668.7200,0.763086
668.7400,1.236147
668.7600,1.517985
668.7800,1.392538
668.8000,1.293097
668.8200,1.717025
668.8400,2.634431
668.8600,3.228480
668.8800,2.796718
668.9000,2.557092
668.9200,2.724486
668.9400,2.686326
668.9600,2.878982
668.9800,3.172268
669.0000,2.912671
669.0200,2.469458
669.0400,1.774091
669.0600,0.949571
669.0800,0.613784
669.1000,0.470314
669.1200,0.378206
669.1400,0.813892
669.1600,0.891864
669.1800,0.589639
669.2000,0.384683
669.2200,0.347233
669.2400,0.341383
669.2600,0.309212
669.2800,0.352313
669.3000,0.318822
669.3200,0.464914
669.3400,0.695938
669.3600,0.837264
669.3800,0.820187
669.4000,0.786306
669.4200,1.180264
669.4400,0.844596
669.4600,0.557202
669.4800,0.714152
669.5000,1.060253
669.5200,1.947188
669.5400,2.016136
669.5600,2.104388
669.5800,1.725278
669.6000,1.354504
669.6200,1.353506
669.6400,1.649796
669.6600,2.584883
669.6800,2.873303
669.7000,3.600000
669.7200,3.600000
669.7400,3.600000
669.7600,3.600000
669.7800,3.600000
669.8000,3.464375
669.8200,2.718711
669.8400,1.488334
669.8600,0.848599
669.8800,0.480920
669.9000,0.318351
669.9200,0.399919
669.9400,0.644845
669.9600,0.447999
669.9800,0.339386
670.0000,0.124883
670.0200,0.097013
670.0400,0.139956
670.0600,0.133710
670.0800,0.320662
670.1000,0.242754
670.1200,0.156258
670.1400,0.230174
670.1600,0.191273
670.1800,0.101019
670.2000,0.099042
670.2200,0.223905
670.2400,0.209084
670.2600,0.162820
670.2800,0.262646
670.3000,0.300027
670.3200,0.677176
670.3400,1.084073
670.3600,1.444872
670.3800,1.380175
670.4000,1.523555
670.4200,1.024203
670.4400,1.007947
670.4600,1.213410
670.4800,1.201827
670.5000,0.828650
670.5200,0.660220
670.5400,0.953960
670.5600,1.464321
670.5800,1.749178
670.6000,2.079545
670.6200,2.343575
670.6400,2.034417
670.6600,1.705975
670.6800,1.441204
670.7000,1.295843
670.7200,0.790802
670.7400,0.982347
670.7600,1.731047
670.7800,2.682341
670.8000,2.843155
670.8200,2.228290
670.8400,1.604539
670.8600,1.082217
670.8800,1.593440
670.9000,2.478548
670.9200,2.009977
670.9400,1.155461
670.9600,0.823965
670.9800,0.528933
671.0000,0.302951
671.0200,0.177932
671.0400,0.153442
671.0600,0.172353
671.0800,0.202739
671.1000,0.231140
671.1200,0.507822
671.1400,0.659881
671.1600,1.304354
671.1800,1.042940
671.2000,0.690721
671.2200,0.763086
671.2400,1.236147
671.2600,1.517985
671.2800,1.392538
671.3000,1.293097
671.3200,1.717025
671.3400,2.634431
671.3600,3.228480
671.3800,2.796718
671.4000,2.557092
671.4200,2.724486
671.4400,2.686326
671.4600,2.878982
671.4800,3.172268
671.5000,2.912671
671.5200,2.469458
671.5400,1.774091
671.5600,0.949571
671.5800,0.613784
671.6000,0.470314
671.6200,0.378206
671.6400,0.813892
671.6600,0.891864
671.6800,0.589639
671.7000,0.384683
671.7200,0.347233
671.7400,0.341383
671.7600,0.309212
671.7800,0.352313
671.8000,0.318822
671.8200,0.464914
671.8400,0.695938
671.8600,0.837264
671.8800,0.820187
671.9000,0.786306
671.9200,1.180264
671.9400,0.844596
671.9600,0.557202
671.9800,0.714152
672.0000,1.060253
672.0200,1.947188
672.0400,2.016136
672.0600,2.104388
672.0800,1.725278
672.1000,1.354504
672.1200,1.353506
672.1400,1.649796
672.1600,2.584883
672.1800,2.873303
672.2000,3.600000
672.2200,3.600000
672.2400,3.600000
672.2600,3.600000
672.2800,3.600000
672.3000,3.464375
672.3200,2.718711
672.3400,1.488334
672.3600,0.848599
672.3800,0.480920
672.4000,0.318351
672.4200,0.399919
672.4400,0.644845
672.4600,0.447999
672.4800,0.339386
672.5000,0.124883
672.5200,0.097013
672.5400,0.139956
672.5600,0.133710
672.5800,0.320662
672.6000,0.242754
672.6200,0.156258
672.6400,0.230174
672.6600,0.191273
672.6800,0.101019
672.7000,0.099042
672.7200,0.223905
672.7400,0.209084
672.7600,0.162820
672.7800,0.262646
672.8000,0.300027
672.8200,0.677176
672.8400,1.084073
672.8600,1.444872
672.8800,1.380175
672.9000,1.523555
672.9200,1.024203
672.9400,1.007947
672.9600,1.213410
672.9800,1.201827
673.0000,0.828650
673.0200,0.660220
673.0400,0.953960
673.0600,1.464321
673.0800,1.749178
673.1000,2.079545
673.1200,2.343575
673.1400,2.034417
673.1600,1.705975
673.1800,1.441204
673.2000,1.295843
673.2200,0.790802
673.2400,0.982347
673.2600,1.731047
673.2800,2.682341
673.3000,2.843155
673.3200,2.228290
673.3400,1.604539
673.3600,1.082217
673.3800,1.593440
673.4000,2.478548
673.4200,2.009977
673.4400,1.155461
673.4600,0.823965
673.4800,0.528933
673.5000,0.302951
673.5200,0.177932
673.5400,0.153442
673.5600,0.172353
673.5800,0.202739
673.6000,0.231140
673.6200,0.507822
673.6400,0.659881
673.6600,1.304354
673.6800,1.042940
673.7000,0.690721
673.7200,0.763086
673.7400,1.236147
673.7600,1.517985
673.7800,1.392538
673.8000,1.293097
673.8200,1.717025
673.8400,2.634431
673.8600,3.228480
673.8800,2.796718
673.9000,2.557092
673.9200,2.724486
673.9400,2.686326
673.9600,2.878982
673.9800,3.172268
674.0000,2.912671
674.0200,2.469458
674.0400,1.774091
674.0600,0.949571
674.0800,0.613784
674.1000,0.470314
674.1200,0.378206
674.1400,0.813892
674.1600,0.891864
674.1800,0.589639
674.2000,0.384683
674.2200,0.347233
674.2400,0.341383
674.2600,0.309212
674.2800,0.352313
674.3000,0.318822
674.3200,0.464914
674.3400,0.695938
674.3600,0.837264
674.3800,0.820187
674.4000,0.786306
674.4200,1.180264
674.4400,0.844596
674.4600,0.557202
674.4800,0.714152
674.5000,1.060253
674.5200,1.947188
674.5400,2.016136
674.5600,2.104388
674.5800,1.725278
674.6000,1.354504
674.6200,1.353506
674.6400,1.649796
674.6600,2.584883
674.6800,2.873303
674.7000,3.600000
674.7200,3.600000
674.7400,3.600000
674.7600,3.600000
674.7800,3.600000
674.8000,3.464375
674.8200,2.718711
674.8400,1.488334
674.8600,0.848599
674.8800,0.480920
674.9000,0.318351
674.9200,0.399919
674.9400,0.644845
674.9600,0.447999
674.9800,0.339386
675.0000,0.124883
675.0200,0.097013
675.0400,0.139956
675.0600,0.133710
675.0800,0.320662
675.1000,0.242754
675.1200,0.156258
675.1400,0.230174
675.1600,0.191273
675.1800,0.101019
675.2000,0.099042
675.2200,0.223905
675.2400,0.209084
675.2600,0.162820
675.2800,0.262646
675.3000,0.300027
675.3200,0.677176
675.3400,1.084073
675.3600,1.444872
675.3800,1.380175
675.4000,1.523555
675.4200,1.024203
675.4400,1.007947
675.4600,1.213410
675.4800,1.201827
675.5000,0.828650
675.5200,0.660220
675.5400,0.953960
675.5600,1.464321
675.5800,1.749178
675.6000,2.079545
675.6200,2.343575
675.6400,2.034417
675.6600,1.705975
675.6800,1.441204
675.7000,1.295843
675.7200,0.790802
675.7400,0.982347
675.7600,1.731047
675.7800,2.682341
675.8000,2.843155
675.8200,2.228290
675.8400,1.604539
675.8600,1.082217
675.8800,1.593440
675.9000,2.478548
675.9200,2.009977
675.9400,1.155461
675.9600,0.823965
675.9800,0.528933
676.0000,0.302951
676.0200,0.177932
676.0400,0.153442
676.0600,0.172353
676.0800,0.202739
676.1000,0.231140
676.1200,0.507822
676.1400,0.659881
676.1600,1.304354
676.1800,1.042940
676.2000,0.690721
676.2200,0.763086
676.2400,1.236147
676.2600,1.517985
676.2800,1.392538
676.3000,1.293097
676.3200,1.717025
676.3400,2.634431
676.3600,3.228480
676.3800,2.796718
676.4000,2.557092
676.4200,2.724486
676.4400,2.686326
676.4600,2.878982
676.4800,3.172268
676.5000,2.912671
676.5200,2.469458
676.5400,1.774091
676.5600,0.949571
676.5800,0.613784
676.6000,0.470314
676.6200,0.378206
676.6400,0.813892
676.6600,0.891864
676.6800,0.589639
676.7000,0.384683
676.7200,0.347233
676.7400,0.341383
676.7600,0.309212
676.7800,0.352313
676.8000,0.318822
676.8200,0.464914
676.8400,0.695938
676.8600,0.837264
676.8800,0.820187
676.9000,0.786306
676.9200,1.180264
676.9400,0.844596
676.9600,0.557202
676.9800,0.714152
677.0000,1.060253
677.0200,1.947188
677.0400,2.016136
677.0600,2.104388
677.0800,1.725278
677.1000,1.354504
677.1200,1.353506
677.1400,1.649796
677.1600,2.584883
677.1800,2.873303
677.2000,3.600000
677.2200,3.600000
677.2400,3.600000
677.2600,3.600000
677.2800,3.600000
677.3000,3.464375
677.3200,2.718711
677.3400,1.488334
677.3600,0.848599
677.3800,0.480920
677.4000,0.318351
677.4200,0.399919
677.4400,0.644845
677.4600,0.447999
677.4800,0.339386
677.5000,0.124883
677.5200,0.097013
677.5400,0.139956
677.5600,0.133710
677.5800,0.320662
677.6000,0.242754
677.6200,0.156258
677.6400,0.230174
677.6600,0.191273
677.6800,0.101019
677.7000,0.099042
677.7200,0.223905
677.7400,0.209084
677.7600,0.162820
677.7800,0.262646
677.8000,0.300027
677.8200,0.677176
677.8400,1.084073
677.8600,1.444872
677.8800,1.380175
677.9000,1.523555
677.9200,1.024203
677.9400,1.007947
677.9600,1.213410
677.9800,1.201827
678.0000,0.828650
678.0200,0.660220
678.0400,0.953960
678.0600,1.464321
678.0800,1.749178
678.1000,2.079545
678.1200,2.343575
678.1400,2.034417
678.1600,1.705975
678.1800,1.441204
678.2000,1.295843
678.2200,0.790802
678.2400,0.982347
678.2600,1.731047
678.2800,2.682341
678.3000,2.843155
678.3200,2.228290
678.3400,1.604539
678.3600,1.082217
678.3800,1.593440
678.4000,2.478548
678.4200,2.009977
678.4400,1.155461
678.4600,0.823965
678.4800,0.528933
678.5000,0.302951
678.5200,0.177932
678.5400,0.153442
678.5600,0.172353
678.5800,0.202739
678.6000,0.231140
678.6200,0.507822
678.6400,0.659881
678.6600,1.304354
678.6800,1.042940
678.7000,0.690721
678.7200,0.763086
678.7400,1.236147
678.7600,1.517985
678.7800,1.392538
678.8000,1.293097
678.8200,1.717025
678.8400,2.634431
678.8600,3.228480
678.8800,2.796718
678.9000,2.557092
678.9200,2.724486
678.9400,2.686326
678.9600,2.878982
678.9800,3.172268
679.0000,2.912671
679.0200,2.469458
679.0400,1.774091
679.0600,0.949571
679.0800,0.613784
679.1000,0.470314
679.1200,0.378206
679.1400,0.813892
679.1600,0.891864
679.1800,0.589639
679.2000,0.384683
679.2200,0.347233
679.2400,0.341383
679.2600,0.309212
679.2800,0.352313
679.3000,0.318822
679.3200,0.464914
679.3400,0.695938
679.3600,0.837264
679.3800,0.820187
679.4000,0.786306
679.4200,1.180264
679.4400,0.844596
679.4600,0.557202
679.4800,0.714152
679.5000,1.060253
679.5200,1.947188
679.5400,2.016136
679.5600,2.104388
679.5800,1.725278
679.6000,1.354504
679.6200,1.353506
679.6400,1.649796
679.6600,2.584883
679.6800,2.873303
679.7000,3.600000
679.7200,3.600000
679.7400,3.600000
679.7600,3.600000
679.7800,3.600000
679.8000,3.464375
679.8200,2.718711
679.8400,1.488334
679.8600,0.848599
679.8800,0.480920
679.9000,0.318351
679.9200,0.399919
679.9400,0.644845
679.9600,0.447999
679.9800,0.339386
680.0000,0.124883
680.0200,0.097013
680.0400,0.139956
680.0600,0.133710
680.0800,0.320662
680.1000,0.242754
680.1200,0.156258
680.1400,0.230174
680.1600,0.191273
680.1800,0.101019
680.2000,0.099042
680.2200,0.223905
680.2400,0.209084
680.2600,0.162820
680.2800,0.262646
680.3000,0.300027
680.3200,0.677176
680.3400,1.084073
680.3600,1.444872
680.3800,1.380175
680.4000,1.523555
680.4200,1.024203
680.4400,1.007947
680.4600,1.213410
680.4800,1.201827
680.5000,0.828650
680.5200,0.660220
680.5400,0.953960
680.5600,1.464321
680.5800,1.749178
680.6000,2.079545
680.6200,2.343575
680.6400,2.034417
680.6600,1.705975
680.6800,1.441204
680.7000,1.295843
680.7200,0.790802
680.7400,0.982347
680.7600,1.731047
680.7800,2.682341
680.8000,2.843155
680.8200,2.228290
680.8400,1.604539
680.8600,1.082217
680.8800,1.593440
680.9000,2.478548
680.9200,2.009977
680.9400,1.155461
680.9600,0.823965
680.9800,0.528933
681.0000,0.302951
681.0200,0.177932
681.0400,0.153442
681.0600,0.172353
681.0800,0.202739
681.1000,0.231140
681.1200,0.507822
681.1400,0.659881
681.1600,1.304354
681.1800,1.042940
681.2000,0.690721
681.2200,0.763086
681.2400,1.236147
681.2600,1.517985
681.2800,1.392538
681.3000,1.293097
681.3200,1.717025
681.3400,2.634431
681.3600,3.228480
681.3800,2.796718
681.4000,2.557092
681.4200,2.724486
681.4400,2.686326
681.4600,2.878982
681.4800,3.172268
681.5000,2.912671
681.5200,2.469458
681.5400,1.774091
681.5600,0.949571
681.5800,0.613784
681.6000,0.470314
681.6200,0.378206
681.6400,0.813892
681.6600,0.891864
681.6800,0.589639
681.7000,0.384683
681.7200,0.347233
681.7400,0.341383
681.7600,0.309212
681.7800,0.352313
681.8000,0.318822
681.8200,0.464914
681.8400,0.695938
681.8600,0.837264
681.8800,0.820187
681.9000,0.786306
681.9200,1.180264
681.9400,0.844596
681.9600,0.557202
681.9800,0.714152
682.0000,1.060253
682.0200,1.947188
682.0400,2.016136
682.0600,2.104388
682.0800,1.725278
682.1000,1.354504
682.1200,1.353506
682.1400,1.649796
682.1600,2.584883
682.1800,2.873303
682.2000,3.600000
682.2200,3.600000
682.2400,3.600000
682.2600,3.600000
682.2800,3.600000
682.3000,3.464375
682.3200,2.718711
682.3400,1.488334
682.3600,0.848599
682.3800,0.480920
682.4000,0.318351
682.4200,0.399919
682.4400,0.644845
682.4600,0.447999
682.4800,0.339386
682.5000,0.124883
682.5200,0.097013
682.5400,0.139956
682.5600,0.133710
682.5800,0.320662
682.6000,0.242754
682.6200,0.156258
682.6400,0.230174
682.6600,0.191273
682.6800,0.101019
682.7000,0.099042
682.7200,0.223905
682.7400,0.209084
682.7600,0.162820
682.7800,0.262646
682.8000,0.300027
682.8200,0.677176
682.8400,1.084073
682.8600,1.444872
682.8800,1.380175
682.9000,1.523555
682.9200,1.024203
682.9400,1.007947
682.9600,1.213410
682.9800,1.201827
683.0000,0.828650
683.0200,0.660220
683.0400,0.953960
683.0600,1.464321
683.0800,1.749178
683.1000,2.079545
683.1200,2.343575
683.1400,2.034417
683.1600,1.705975
683.1800,1.441204
683.2000,1.295843
683.2200,0.790802
683.2400,0.982347
683.2600,1.731047
683.2800,2.682341
683.3000,2.843155
683.3200,2.228290
683.3400,1.604539
683.3600,1.082217
683.3800,1.593440
683.4000,2.478548
683.4200,2.009977
683.4400,1.155461
683.4600,0.823965
683.4800,0.528933
683.5000,0.302951
683.5200,0.177932
683.5400,0.153442
683.5600,0.172353
683.5800,0.202739
683.6000,0.231140
683.6200,0.507822
683.6400,0.659881
683.6600,1.304354
683.6800,1.042940
683.7000,0.690721
683.7200,0.763086
683.7400,1.236147
683.7600,1.517985
683.7800,1.392538
683.8000,1.293097
683.8200,1.717025
683.8400,2.634431
683.8600,3.228480
683.8800,2.796718
683.9000,2.557092
683.9200,2.724486
683.9400,2.686326
683.9600,2.878982
683.9800,3.172268
684.0000,2.912671
684.0200,2.469458
684.0400,1.774091
684.0600,0.949571
684.0800,0.613784
684.1000,0.470314
684.1200,0.378206
684.1400,0.813892
684.1600,0.891864
684.1800,0.589639
684.2000,0.384683
684.2200,0.347233
684.2400,0.341383
684.2600,0.309212
684.2800,0.352313
684.3000,0.318822
684.3200,0.464914
684.3400,0.695938
684.3600,0.837264
684.3800,0.820187
684.4000,0.786306
684.4200,1.180264
684.4400,0.844596
684.4600,0.557202
684.4800,0.714152
684.5000,1.060253
684.5200,1.947188
684.5400,2.016136
684.5600,2.104388
684.5800,1.725278
684.6000,1.354504
684.6200,1.353506
684.6400,1.649796
684.6600,2.584883
684.6800,2.873303
684.7000,3.600000
684.7200,3.600000
684.7400,3.600000
684.7600,3.600000
684.7800,3.600000
684.8000,3.464375
684.8200,2.718711
684.8400,1.488334
684.8600,0.848599
684.8800,0.480920
684.9000,0.318351
684.9200,0.399919
684.9400,0.644845
684.9600,0.447999
684.9800,0.339386
685.0000,0.124883
685.0200,0.097013
685.0400,0.139956
685.0600,0.133710
685.0800,0.320662
685.1000,0.242754
685.1200,0.156258
685.1400,0.230174
685.1600,0.191273
685.1800,0.101019
685.2000,0.099042
685.2200,0.223905
685.2400,0.209084
685.2600,0.162820
685.2800,0.262646
685.3000,0.300027
685.3200,0.677176
685.3400,1.084073
685.3600,1.444872
685.3800,1.380175
685.4000,1.523555
685.4200,1.024203
685.4400,1.007947
685.4600,1.213410
685.4800,1.201827
685.5000,0.828650
685.5200,0.660220
685.5400,0.953960
685.5600,1.464321
685.5800,1.749178
685.6000,2.079545
685.6200,2.343575
685.6400,2.034417
685.6600,1.705975
685.6800,1.441204
685.7000,1.295843
685.7200,0.790802
685.7400,0.982347
685.7600,1.731047
685.7800,2.682341
685.8000,2.843155
685.8200,2.228290
685.8400,1.604539
685.8600,1.082217
685.8800,1.593440
685.9000,2.478548
685.9200,2.009977
685.9400,1.155461
685.9600,0.823965
685.9800,0.528933
686.0000,0.302951
686.0200,0.177932
686.0400,0.153442
686.0600,0.172353
686.0800,0.202739
686.1000,0.231140
686.1200,0.507822
686.1400,0.659881
686.1600,1.304354
686.1800,1.042940
686.2000,0.690721
686.2200,0.763086
686.2400,1.236147
686.2600,1.517985
686.2800,1.392538
686.3000,1.293097
686.3200,1.717025
686.3400,2.634431
686.3600,3.228480
686.3800,2.796718
686.4000,2.557092
686.4200,2.724486
686.4400,2.686326
686.4600,2.878982
686.4800,3.172268
686.5000,2.912671
686.5200,2.469458
686.5400,1.774091
686.5600,0.949571
686.5800,0.613784
686.6000,0.470314
686.6200,0.378206
686.6400,0.813892
686.6600,0.891864
686.6800,0.589639
686.7000,0.384683
686.7200,0.347233
686.7400,0.341383
686.7600,0.309212
686.7800,0.352313
686.8000,0.318822
686.8200,0.464914
686.8400,0.695938
686.8600,0.837264
686.8800,0.820187
686.9000,0.786306
686.9200,1.180264
686.9400,0.844596
686.9600,0.557202
686.9800,0.714152
687.0000,1.060253
687.0200,1.947188
687.0400,2.016136
687.0600,2.104388
687.0800,1.725278
687.1000,1.354504
687.1200,1.353506
687.1400,1.649796
687.1600,2.584883
687.1800,2.873303
687.2000,3.600000
687.2200,3.600000
687.2400,3.600000
687.2600,3.600000
687.2800,3.600000
687.3000,3.464375
687.3200,2.718711
687.3400,1.488334
687.3600,0.848599
687.3800,0.480920
687.4000,0.318351
687.4200,0.399919
687.4400,0.644845
687.4600,0.447999
687.4800,0.339386
687.5000,0.124883
687.5200,0.097013
687.5400,0.139956
687.5600,0.133710
687.5800,0.320662
687.6000,0.242754
687.6200,0.156258
687.6400,0.230174
687.6600,0.191273
687.6800,0.101019
687.7000,0.099042
687.7200,0.223905
687.7400,0.209084
687.7600,0.162820
687.7800,0.262646
687.8000,0.300027
687.8200,0.677176
687.8400,1.084073
687.8600,1.444872
687.8800,1.380175
687.9000,1.523555
687.9200,1.024203
687.9400,1.007947
687.9600,1.213410
687.9800,1.201827
688.0000,0.828650
688.0200,0.660220
688.0400,0.953960
688.0600,1.464321
688.0800,1.749178
688.1000,2.079545
688.1200,2.343575
688.1400,2.034417
688.1600,1.705975
688.1800,1.441204
688.2000,1.295843
688.2200,0.790802
688.2400,0.982347
688.2600,1.731047
688.2800,2.682341
688.3000,2.843155
688.3200,2.228290
688.3400,1.604539
688.3600,1.082217
688.3800,1.593440
688.4000,2.478548
688.4200,2.009977
688.4400,1.155461
688.4600,0.823965
688.4800,0.528933
688.5000,0.302951
688.5200,0.177932
688.5400,0.153442
688.5600,0.172353
688.5800,0.202739
688.6000,0.231140
688.6200,0.507822
688.6400,0.659881
688.6600,1.304354
688.6800,1.042940
688.7000,0.690721
688.7200,0.763086
688.7400,1.236147
688.7600,1.517985
688.7800,1.392538
688.8000,1.293097
688.8200,1.717025
688.8400,2.634431
688.8600,3.228480
688.8800,2.796718
688.9000,2.557092
688.9200,2.724486
688.9400,2.686326
688.9600,2.878982
688.9800,3.172268
689.0000,2.912671
689.0200,2.469458
689.0400,1.774091
689.0600,0.949571
689.0800,0.613784
689.1000,0.470314
689.1200,0.378206
689.1400,0.813892
689.1600,0.891864
689.1800,0.589639
689.2000,0.384683
689.2200,0.347233
689.2400,0.341383
689.2600,0.309212
689.2800,0.352313
689.3000,0.318822
689.3200,0.464914
689.3400,0.695938
689.3600,0.837264
689.3800,0.820187
689.4000,0.786306
689.4200,1.180264
689.4400,0.844596
689.4600,0.557202
689.4800,0.714152
689.5000,1.060253
689.5200,1.947188
689.5400,2.016136
689.5600,2.104388
689.5800,1.725278
689.6000,1.354504
689.6200,1.353506
689.6400,1.649796
689.6600,2.584883
689.6800,2.873303
689.7000,3.600000
689.7200,3.600000
689.7400,3.600000
689.7600,3.600000
689.7800,3.600000
689.8000,3.464375
689.8200,2.718711
689.8400,1.488334
689.8600,0.848599
689.8800,0.480920
689.9000,0.318351
689.9200,0.399919
689.9400,0.644845
689.9600,0.447999
689.9800,0.339386
690.0000,0.124883
690.0200,0.097013
690.0400,0.139956
690.0600,0.133710
690.0800,0.320662
690.1000,0.242754
690.1200,0.156258
690.1400,0.230174
690.1600,0.191273
690.1800,0.101019
690.2000,0.099042
690.2200,0.223905
690.2400,0.209084
690.2600,0.162820
690.2800,0.262646
690.3000,0.300027
690.3200,0.677176
690.3400,1.084073
690.3600,1.444872
690.3800,1.380175
690.4000,1.523555
690.4200,1.024203
690.4400,1.007947
690.4600,1.213410
690.4800,1.201827
690.5000,0.828650
690.5200,0.660220
690.5400,0.953960
690.5600,1.464321
690.5800,1.749178
690.6000,2.079545
690.6200,2.343575
690.6400,2.034417
690.6600,1.705975
690.6800,1.441204
690.7000,1.295843
690.7200,0.790802
690.7400,0.982347
690.7600,1.731047
690.7800,2.682341
690.8000,2.843155
690.8200,2.228290
690.8400,1.604539
690.8600,1.082217
690.8800,1.593440
690.9000,2.478548
690.9200,2.009977
690.9400,1.155461
690.9600,0.823965
690.9800,0.528933
691.0000,0.302951
691.0200,0.177932
691.0400,0.153442
691.0600,0.172353
691.0800,0.202739
691.1000,0.231140
691.1200,0.507822
691.1400,0.659881
691.1600,1.304354
691.1800,1.042940
691.2000,0.690721
691.2200,0.763086
691.2400,1.236147
691.2600,1.517985
691.2800,1.392538
691.3000,1.293097
691.3200,1.717025
691.3400,2.634431
691.3600,3.228480
691.3800,2.796718
691.4000,2.557092
691.4200,2.724486
691.4400,2.686326
691.4600,2.878982
691.4800,3.172268
691.5000,2.912671
691.5200,2.469458
691.5400,1.774091
691.5600,0.949571
691.5800,0.613784
691.6000,0.470314
691.6200,0.378206
691.6400,0.813892
691.6600,0.891864
691.6800,0.589639
691.7000,0.384683
691.7200,0.347233
691.7400,0.341383
691.7600,0.309212
691.7800,0.352313
691.8000,0.318822
691.8200,0.464914
691.8400,0.695938
691.8600,0.837264
691.8800,0.820187
691.9000,0.786306
691.9200,1.180264
691.9400,0.844596
691.9600,0.557202
691.9800,0.714152
692.0000,1.060253
692.0200,1.947188
692.0400,2.016136
692.0600,2.104388
692.0800,1.725278
692.1000,1.354504
692.1200,1.353506
692.1400,1.649796
692.1600,2.584883
692.1800,2.873303
692.2000,3.600000
692.2200,3.600000
692.2400,3.600000
692.2600,3.600000
692.2800,3.600000
692.3000,3.464375
692.3200,2.718711
692.3400,1.488334
692.3600,0.848599
692.3800,0.480920
692.4000,0.318351
692.4200,0.399919
692.4400,0.644845
692.4600,0.447999
692.4800,0.339386
692.5000,0.124883
692.5200,0.097013
692.5400,0.139956
692.5600,0.133710
692.5800,0.320662
692.6000,0.242754
692.6200,0.156258
692.6400,0.230174
692.6600,0.191273
692.6800,0.101019
692.7000,0.099042
692.7200,0.223905
692.7400,0.209084
692.7600,0.162820
692.7800,0.262646
692.8000,0.300027
692.8200,0.677176
692.8400,1.084073
692.8600,1.444872
692.8800,1.380175
692.9000,1.523555
692.9200,1.024203
692.9400,1.007947
692.9600,1.213410
692.9800,1.201827
693.0000,0.828650
693.0200,0.660220
693.0400,0.953960
693.0600,1.464321
693.0800,1.749178
693.1000,2.079545
693.1200,2.343575
693.1400,2.034417
693.1600,1.705975
693.1800,1.441204
693.2000,1.295843
693.2200,0.790802
693.2400,0.982347
693.2600,1.731047
693.2800,2.682341
693.3000,2.843155
693.3200,2.228290
693.3400,1.604539
693.3600,1.082217
693.3800,1.593440
693.4000,2.478548
693.4200,2.009977
693.4400,1.155461
693.4600,0.823965
693.4800,0.528933
693.5000,0.302951
693.5200,0.177932
693.5400,0.153442
693.5600,0.172353
693.5800,0.202739
693.6000,0.231140
693.6200,0.507822
693.6400,0.659881
693.6600,1.304354
693.6800,1.042940
693.7000,0.690721
693.7200,0.763086
693.7400,1.236147
693.7600,1.517985
693.7800,1.392538
693.8000,1.293097
693.8200,1.717025
693.8400,2.634431
693.8600,3.228480
693.8800,2.796718
693.9000,2.557092
693.9200,2.724486
693.9400,2.686326
693.9600,2.878982
693.9800,3.172268
694.0000,2.912671
694.0200,2.469458
694.0400,1.774091
694.0600,0.949571
694.0800,0.613784
694.1000,0.470314
694.1200,0.378206
694.1400,0.813892
694.1600,0.891864
694.1800,0.589639
694.2000,0.384683
694.2200,0.347233
694.2400,0.341383
694.2600,0.309212
694.2800,0.352313
694.3000,0.318822
694.3200,0.464914
694.3400,0.695938
694.3600,0.837264
694.3800,0.820187
694.4000,0.786306
694.4200,1.180264
694.4400,0.844596
694.4600,0.557202
694.4800,0.714152
694.5000,1.060253
694.5200,1.947188
694.5400,2.016136
694.5600,2.104388
694.5800,1.725278
694.6000,1.354504
694.6200,1.353506
694.6400,1.649796
694.6600,2.584883
694.6800,2.873303
694.7000,3.600000
694.7200,3.600000
694.7400,3.600000
694.7600,3.600000
694.7800,3.600000
694.8000,3.464375
694.8200,2.718711
694.8400,1.488334
694.8600,0.848599
694.8800,0.480920
694.9000,0.318351
694.9200,0.399919
694.9400,0.644845
694.9600,0.447999
694.9800,0.339386
695.0000,0.124883
695.0200,0.097013
695.0400,0.139956
695.0600,0.133710
695.0800,0.320662
695.1000,0.242754
695.1200,0.156258
695.1400,0.230174
695.1600,0.191273
695.1800,0.101019
695.2000,0.099042
695.2200,0.223905
695.2400,0.209084
695.2600,0.162820
695.2800,0.262646
695.3000,0.300027
695.3200,0.677176
695.3400,1.084073
695.3600,1.444872
695.3800,1.380175
695.4000,1.523555
695.4200,1.024203
695.4400,1.007947
695.4600,1.213410
695.4800,1.201827
695.5000,0.828650
695.5200,0.660220
695.5400,0.953960
695.5600,1.464321
695.5800,1.749178
695.6000,2.079545
695.6200,2.343575
695.6400,2.034417
695.6600,1.705975
695.6800,1.441204
695.7000,1.295843
695.7200,0.790802
695.7400,0.982347
695.7600,1.731047
695.7800,2.682341
695.8000,2.843155
695.8200,2.228290
695.8400,1.604539
695.8600,1.082217
695.8800,1.593440
695.9000,2.478548
695.9200,2.009977
695.9400,1.155461
695.9600,0.823965
695.9800,0.528933
696.0000,0.302951
696.0200,0.177932
696.0400,0.153442
696.0600,0.172353
696.0800,0.202739
696.1000,0.231140
696.1200,0.507822
696.1400,0.659881
696.1600,1.304354
696.1800,1.042940
696.2000,0.690721
696.2200,0.763086
696.2400,1.236147
696.2600,1.517985
696.2800,1.392538
696.3000,1.293097
696.3200,1.717025
696.3400,2.634431
696.3600,3.228480
696.3800,2.796718
696.4000,2.557092
696.4200,2.724486
696.4400,2.686326
696.4600,2.878982
696.4800,3.172268
696.5000,2.912671
696.5200,2.469458
696.5400,1.774091
696.5600,0.949571
696.5800,0.613784
696.6000,0.470314
696.6200,0.378206
696.6400,0.813892
696.6600,0.891864
696.6800,0.589639
696.7000,0.384683
696.7200,0.347233
696.7400,0.341383
696.7600,0.309212
696.7800,0.352313
696.8000,0.318822
696.8200,0.464914
696.8400,0.695938
696.8600,0.837264
696.8800,0.820187
696.9000,0.786306
696.9200,1.180264
696.9400,0.844596
696.9600,0.557202
696.9800,0.714152
697.0000,1.060253
697.0200,1.947188
697.0400,2.016136
697.0600,2.104388
697.0800,1.725278
697.1000,1.354504
697.1200,1.353506
697.1400,1.649796
697.1600,2.584883
697.1800,2.873303
697.2000,3.600000
697.2200,3.600000
697.2400,3.600000
697.2600,3.600000
697.2800,3.600000
697.3000,3.464375
697.3200,2.718711
697.3400,1.488334
697.3600,0.848599
697.3800,0.480920
697.4000,0.318351
697.4200,0.399919
697.4400,0.644845
697.4600,0.447999
697.4800,0.339386
697.5000,0.124883
697.5200,0.097013
697.5400,0.139956
697.5600,0.133710
697.5800,0.320662
697.6000,0.242754
697.6200,0.156258
697.6400,0.230174
697.6600,0.191273
697.6800,0.101019
697.7000,0.099042
697.7200,0.223905
697.7400,0.209084
697.7600,0.162820
697.7800,0.262646
697.8000,0.300027
697.8200,0.677176
697.8400,1.084073
697.8600,1.444872
697.8800,1.380175
697.9000,1.523555
697.9200,1.024203
697.9400,1.007947
697.9600,1.213410
697.9800,1.201827
698.0000,0.828650
698.0200,0.660220
698.0400,0.953960
698.0600,1.464321
698.0800,1.749178
698.1000,2.079545
698.1200,2.343575
698.1400,2.034417
698.1600,1.705975
698.1800,1.441204
698.2000,1.295843
698.2200,0.790802
698.2400,0.982347
698.2600,1.731047
698.2800,2.682341
698.3000,2.843155
698.3200,2.228290
698.3400,1.604539
698.3600,1.082217
698.3800,1.593440
698.4000,2.478548
698.4200,2.009977
698.4400,1.155461
698.4600,0.823965
698.4800,0.528933
698.5000,0.302951
698.5200,0.177932
698.5400,0.153442
698.5600,0.172353
698.5800,0.202739
698.6000,0.231140
698.6200,0.507822
698.6400,0.659881
698.6600,1.304354
698.6800,1.042940
698.7000,0.690721
698.7200,0.763086
698.7400,1.236147
698.7600,1.517985
698.7800,1.392538
698.8000,1.293097
698.8200,1.717025
698.8400,2.634431
698.8600,3.228480
698.8800,2.796718
698.9000,2.557092
698.9200,2.724486
698.9400,2.686326
698.9600,2.878982
698.9800,3.172268
699.0000,2.912671
699.0200,2.469458
699.0400,1.774091
699.0600,0.949571
699.0800,0.613784
699.1000,0.470314
699.1200,0.378206
699.1400,0.813892
699.1600,0.891864
699.1800,0.589639
699.2000,0.384683
699.2200,0.347233
699.2400,0.341383
699.2600,0.309212
699.2800,0.352313
699.3000,0.318822
699.3200,0.464914
699.3400,0.695938
699.3600,0.837264
699.3800,0.820187
699.4000,0.786306
699.4200,1.180264
699.4400,0.844596
699.4600,0.557202
699.4800,0.714152
699.5000,1.060253
699.5200,1.947188
699.5400,2.016136
699.5600,2.104388
699.5800,1.725278
699.6000,1.354504
699.6200,1.353506
699.6400,1.649796
699.6600,2.584883
699.6800,2.873303
699.7000,3.600000
699.7200,3.600000
699.7400,3.600000
699.7600,3.600000
699.7800,3.600000
699.8000,3.464375
699.8200,2.718711
699.8400,1.488334
699.8600,0.848599
699.8800,0.480920
699.9000,0.318351
699.9200,0.399919
699.9400,0.644845
699.9600,0.447999
699.9800,0.339386
700.0000,0.124883
700.0200,0.097013
700.0400,0.139956
700.0600,0.133710
700.0800,0.320662
700.1000,0.242754
700.1200,0.156258
700.1400,0.230174
700.1600,0.191273
700.1800,0.101019
700.2000,0.099042
700.2200,0.223905
700.2400,0.209084
700.2600,0.162820
700.2800,0.262646
700.3000,0.300027
700.3200,0.677176
700.3400,1.084073
700.3600,1.444872
700.3800,1.380175
700.4000,1.523555
700.4200,1.024203
700.4400,1.007947
700.4600,1.213410
700.4800,1.201827
700.5000,0.828650
700.5200,0.660220
700.5400,0.953960
700.5600,1.464321
700.5800,1.749178
700.6000,2.079545
700.6200,2.343575
700.6400,2.034417
700.6600,1.705975
700.6800,1.441204
700.7000,1.295843
700.7200,0.790802
700.7400,0.982347
700.7600,1.731047
700.7800,2.682341
700.8000,2.843155
700.8200,2.228290
700.8400,1.604539
700.8600,1.082217
700.8800,1.593440
700.9000,2.478548
700.9200,2.009977
700.9400,1.155461
700.9600,0.823965
700.9800,0.528933
701.0000,0.302951
701.0200,0.177932
701.0400,0.153442
701.0600,0.172353
701.0800,0.202739
701.1000,0.231140
701.1200,0.507822
701.1400,0.659881
701.1600,1.304354
701.1800,1.042940
701.2000,0.690721
701.2200,0.763086
701.2400,1.236147
701.2600,1.517985
701.2800,1.392538
701.3000,1.293097
701.3200,1.717025
701.3400,2.634431
701.3600,3.228480
701.3800,2.796718
701.4000,2.557092
701.4200,2.724486
701.4400,2.686326
701.4600,2.878982
701.4800,3.172268
701.5000,2.912671
701.5200,2.469458
701.5400,1.774091
701.5600,0.949571
701.5800,0.613784
701.6000,0.470314
701.6200,0.378206
701.6400,0.813892
701.6600,0.891864
701.6800,0.589639
701.7000,0.384683
701.7200,0.347233
701.7400,0.341383
701.7600,0.309212
701.7800,0.352313
701.8000,0.318822
701.8200,0.464914
701.8400,0.695938
701.8600,0.837264
701.8800,0.820187
701.9000,0.786306
701.9200,1.180264
701.9400,0.844596
701.9600,0.557202
701.9800,0.714152
702.0000,1.060253
702.0200,1.947188
702.0400,2.016136
702.0600,2.104388
702.0800,1.725278
702.1000,1.354504
702.1200,1.353506
702.1400,1.649796
702.1600,2.584883
702.1800,2.873303
702.2000,3.600000
702.2200,3.600000
702.2400,3.600000
702.2600,3.600000
702.2800,3.600000
702.3000,3.464375
702.3200,2.718711
702.3400,1.488334
702.3600,0.848599
702.3800,0.480920
702.4000,0.318351
702.4200,0.399919
702.4400,0.644845
702.4600,0.447999
702.4800,0.339386
702.5000,0.124883
702.5200,0.097013
702.5400,0.139956
702.5600,0.133710
702.5800,0.320662
702.6000,0.242754
702.6200,0.156258
702.6400,0.230174
702.6600,0.191273
702.6800,0.101019
702.7000,0.099042
702.7200,0.223905
702.7400,0.209084
702.7600,0.162820
702.7800,0.262646
702.8000,0.300027
702.8200,0.677176
702.8400,1.084073
702.8600,1.444872
702.8800,1.380175
702.9000,1.523555
702.9200,1.024203
702.9400,1.007947
702.9600,1.213410
702.9800,1.201827
703.0000,0.828650
703.0200,0.660220
703.0400,0.953960
703.0600,1.464321
703.0800,1.749178
703.1000,2.079545
703.1200,2.343575
703.1400,2.034417
703.1600,1.705975
703.1800,1.441204
703.2000,1.295843
703.2200,0.790802
703.2400,0.982347
703.2600,1.731047
703.2800,2.682341
703.3000,2.843155
703.3200,2.228290
703.3400,1.604539
703.3600,1.082217
703.3800,1.593440
703.4000,2.478548
703.4200,2.009977
703.4400,1.155461
703.4600,0.823965
703.4800,0.528933
703.5000,0.302951
703.5200,0.177932
703.5400,0.153442
703.5600,0.172353
703.5800,0.202739
703.6000,0.231140
703.6200,0.507822
703.6400,0.659881
703.6600,1.304354
703.6800,1.042940
703.7000,0.690721
703.7200,0.763086
703.7400,1.236147
703.7600,1.517985
703.7800,1.392538
703.8000,1.293097
703.8200,1.717025
703.8400,2.634431
703.8600,3.228480
703.8800,2.796718
703.9000,2.557092
703.9200,2.724486
703.9400,2.686326
703.9600,2.878982
703.9800,3.172268
704.0000,2.912671
704.0200,2.469458
704.0400,1.774091
704.0600,0.949571
704.0800,0.613784
704.1000,0.470314
704.1200,0.378206
704.1400,0.813892
704.1600,0.891864
704.1800,0.589639
704.2000,0.384683
704.2200,0.347233
704.2400,0.341383
704.2600,0.309212
704.2800,0.352313
704.3000,0.318822
704.3200,0.464914
704.3400,0.695938
704.3600,0.837264
704.3800,0.820187
704.4000,0.786306
704.4200,1.180264
704.4400,0.844596
704.4600,0.557202
704.4800,0.714152
704.5000,1.060253
704.5200,1.947188
704.5400,2.016136
704.5600,2.104388
704.5800,1.725278
704.6000,1.354504
704.6200,1.353506
704.6400,1.649796
704.6600,2.584883
704.6800,2.873303
704.7000,3.600000
704.7200,3.600000
704.7400,3.600000
704.7600,3.600000
704.7800,3.600000
704.8000,3.464375
704.8200,2.718711
704.8400,1.488334
704.8600,0.848599
704.8800,0.480920
704.9000,0.318351
704.9200,0.399919
704.9400,0.644845
704.9600,0.447999
704.9800,0.339386
705.0000,0.124883
705.0200,0.097013
705.0400,0.139956
705.0600,0.133710
705.0800,0.320662
705.1000,0.242754
705.1200,0.156258
705.1400,0.230174
705.1600,0.191273
705.1800,0.101019
705.2000,0.099042
705.2200,0.223905
705.2400,0.209084
705.2600,0.162820
705.2800,0.262646
705.3000,0.300027
705.3200,0.677176
705.3400,1.084073
705.3600,1.444872
705.3800,1.380175
705.4000,1.523555
705.4200,1.024203
705.4400,1.007947
705.4600,1.213410
705.4800,1.201827
705.5000,0.828650
705.5200,0.660220
705.5400,0.953960
705.5600,1.464321
705.5800,1.749178
705.6000,2.079545
705.6200,2.343575
705.6400,2.034417
705.6600,1.705975
705.6800,1.441204
705.7000,1.295843
705.7200,0.790802
705.7400,0.982347
705.7600,1.731047
705.7800,2.682341
705.8000,2.843155
705.8200,2.228290
705.8400,1.604539
705.8600,1.082217
705.8800,1.593440
705.9000,2.478548
705.9200,2.009977
705.9400,1.155461
705.9600,0.823965
705.9800,0.528933
706.0000,0.302951
706.0200,0.177932
706.0400,0.153442
706.0600,0.172353
706.0800,0.202739
706.1000,0.231140
706.1200,0.507822
706.1400,0.659881
706.1600,1.304354
706.1800,1.042940
706.2000,0.690721
706.2200,0.763086
706.2400,1.236147
706.2600,1.517985
706.2800,1.392538
706.3000,1.293097
706.3200,1.717025
706.3400,2.634431
706.3600,3.228480
706.3800,2.796718
706.4000,2.557092
706.4200,2.724486
706.4400,2.686326
706.4600,2.878982
706.4800,3.172268
706.5000,2.912671
706.5200,2.469458
706.5400,1.774091
706.5600,0.949571
706.5800,0.613784
706.6000,0.470314
706.6200,0.378206
706.6400,0.813892
706.6600,0.891864
706.6800,0.589639
706.7000,0.384683
706.7200,0.347233
706.7400,0.341383
706.7600,0.309212
706.7800,0.352313
706.8000,0.318822
706.8200,0.464914
706.8400,0.695938
706.8600,0.837264
706.8800,0.820187
706.9000,0.786306
706.9200,1.180264
706.9400,0.844596
706.9600,0.557202
706.9800,0.714152
707.0000,1.060253
707.0200,1.947188
707.0400,2.016136
707.0600,2.104388
707.0800,1.725278
707.1000,1.354504
707.1200,1.353506
707.1400,1.649796
707.1600,2.584883
707.1800,2.873303
707.2000,3.600000
707.2200,3.600000
707.2400,3.600000
707.2600,3.600000
707.2800,3.600000
707.3000,3.464375
707.3200,2.718711
707.3400,1.488334
707.3600,0.848599
707.3800,0.480920
707.4000,0.318351
707.4200,0.399919
707.4400,0.644845
707.4600,0.447999
707.4800,0.339386
707.5000,0.124883
707.5200,0.097013
707.5400,0.139956
707.5600,0.133710
707.5800,0.320662
707.6000,0.242754
707.6200,0.156258
707.6400,0.230174
707.6600,0.191273
707.6800,0.101019
707.7000,0.099042
707.7200,0.223905
707.7400,0.209084
707.7600,0.162820
707.7800,0.262646
707.8000,0.300027
707.8200,0.677176
707.8400,1.084073
707.8600,1.444872
707.8800,1.380175
707.9000,1.523555
707.9200,1.024203
707.9400,1.007947
707.9600,1.213410
707.9800,1.201827
708.0000,0.828650
708.0200,0.660220
708.0400,0.953960
708.0600,1.464321
708.0800,1.749178
708.1000,2.079545
708.1200,2.343575
708.1400,2.034417
708.1600,1.705975
708.1800,1.441204
708.2000,1.295843
708.2200,0.790802
708.2400,0.982347
708.2600,1.731047
708.2800,2.682341
708.3000,2.843155
708.3200,2.228290
708.3400,1.604539
708.3600,1.082217
708.3800,1.593440
708.4000,2.478548
708.4200,2.009977
708.4400,1.155461
708.4600,0.823965
708.4800,0.528933
708.5000,0.302951
708.5200,0.177932
708.5400,0.153442
708.5600,0.172353
708.5800,0.202739
708.6000,0.231140
708.6200,0.507822
708.6400,0.659881
708.6600,1.304354
708.6800,1.042940
708.7000,0.690721
708.7200,0.763086
708.7400,1.236147
708.7600,1.517985
708.7800,1.392538
708.8000,1.293097
708.8200,1.717025
708.8400,2.634431
708.8600,3.228480
708.8800,2.796718
708.9000,2.557092
708.9200,2.724486
708.9400,2.686326
708.9600,2.878982
708.9800,3.172268
709.0000,2.912671
709.0200,2.469458
709.0400,1.774091
709.0600,0.949571
709.0800,0.613784
709.1000,0.470314
709.1200,0.378206
709.1400,0.813892
709.1600,0.891864
709.1800,0.589639
709.2000,0.384683
709.2200,0.347233
709.2400,0.341383
709.2600,0.309212
709.2800,0.352313
709.3000,0.318822
709.3200,0.464914
709.3400,0.695938
709.3600,0.837264
709.3800,0.820187
709.4000,0.786306
709.4200,1.180264
709.4400,0.844596
709.4600,0.557202
709.4800,0.714152
709.5000,1.060253
709.5200,1.947188
709.5400,2.016136
709.5600,2.104388
709.5800,1.725278
709.6000,1.354504
709.6200,1.353506
709.6400,1.649796
709.6600,2.584883
709.6800,2.873303
709.7000,3.600000
709.7200,3.600000
709.7400,3.600000
709.7600,3.600000
709.7800,3.600000
709.8000,3.464375
709.8200,2.718711
709.8400,1.488334
709.8600,0.848599
709.8800,0.480920
709.9000,0.318351
709.9200,0.399919
709.9400,0.644845
709.9600,0.447999
709.9800,0.339386
710.0000,0.124883
710.0200,0.097013
710.0400,0.139956
710.0600,0.133710
710.0800,0.320662
710.1000,0.242754
710.1200,0.156258
710.1400,0.230174
710.1600,0.191273
710.1800,0.101019
710.2000,0.099042
710.2200,0.223905
710.2400,0.209084
710.2600,0.162820
710.2800,0.262646
710.3000,0.300027
710.3200,0.677176
710.3400,1.084073
710.3600,1.444872
710.3800,1.380175
710.4000,1.523555
710.4200,1.024203
710.4400,1.007947
710.4600,1.213410
710.4800,1.201827
710.5000,0.828650
710.5200,0.660220
710.5400,0.953960
710.5600,1.464321
710.5800,1.749178
710.6000,2.079545
710.6200,2.343575
710.6400,2.034417
710.6600,1.705975
710.6800,1.441204
710.7000,1.295843
710.7200,0.790802
710.7400,0.982347
710.7600,1.731047
710.7800,2.682341
710.8000,2.843155
710.8200,2.228290
710.8400,1.604539
710.8600,1.082217
710.8800,1.593440
710.9000,2.478548
710.9200,2.009977
710.9400,1.155461
710.9600,0.823965
710.9800,0.528933
711.0000,0.302951
711.0200,0.177932
711.0400,0.153442
711.0600,0.172353
711.0800,0.202739
711.1000,0.231140
711.1200,0.507822
711.1400,0.659881
711.1600,1.304354
711.1800,1.042940
711.2000,0.690721
711.2200,0.763086
711.2400,1.236147
711.2600,1.517985
711.2800,1.392538
711.3000,1.293097
711.3200,1.717025
711.3400,2.634431
711.3600,3.228480
711.3800,2.796718
711.4000,2.557092
711.4200,2.724486
711.4400,2.686326
711.4600,2.878982
711.4800,3.172268
711.5000,2.912671
711.5200,2.469458
711.5400,1.774091
711.5600,0.949571
711.5800,0.613784
711.6000,0.470314
711.6200,0.378206
711.6400,0.813892
711.6600,0.891864
711.6800,0.589639
711.7000,0.384683
711.7200,0.347233
711.7400,0.341383
711.7600,0.309212
711.7800,0.352313
711.8000,0.318822
711.8200,0.464914
711.8400,0.695938
711.8600,0.837264
711.8800,0.820187
711.9000,0.786306
711.9200,1.180264
711.9400,0.844596
711.9600,0.557202
711.9800,0.714152
712.0000,1.060253
712.0200,1.947188
712.0400,2.016136
712.0600,2.104388
712.0800,1.725278
712.1000,1.354504
712.1200,1.353506
712.1400,1.649796
712.1600,2.584883
712.1800,2.873303
712.2000,3.600000
712.2200,3.600000
712.2400,3.600000
712.2600,3.600000
712.2800,3.600000
712.3000,3.464375
712.3200,2.718711
712.3400,1.488334
712.3600,0.848599
712.3800,0.480920
712.4000,0.318351
712.4200,0.399919
712.4400,0.644845
712.4600,0.447999
712.4800,0.339386
712.5000,0.124883
712.5200,0.097013
712.5400,0.139956
712.5600,0.133710
712.5800,0.320662
712.6000,0.242754
712.6200,0.156258
712.6400,0.230174
712.6600,0.191273
712.6800,0.101019
712.7000,0.099042
712.7200,0.223905
712.7400,0.209084
712.7600,0.162820
712.7800,0.262646
712.8000,0.300027
712.8200,0.677176
712.8400,1.084073
712.8600,1.444872
712.8800,1.380175
712.9000,1.523555
712.9200,1.024203
712.9400,1.007947
712.9600,1.213410
712.9800,1.201827
713.0000,0.828650
713.0200,0.660220
713.0400,0.953960
713.0600,1.464321
713.0800,1.749178
713.1000,2.079545
713.1200,2.343575
713.1400,2.034417
713.1600,1.705975
713.1800,1.441204
713.2000,1.295843
713.2200,0.790802
713.2400,0.982347
713.2600,1.731047
713.2800,2.682341
713.3000,2.843155
713.3200,2.228290
713.3400,1.604539
713.3600,1.082217
713.3800,1.593440
713.4000,2.478548
713.4200,2.009977
713.4400,1.155461
713.4600,0.823965
713.4800,0.528933
713.5000,0.302951
713.5200,0.177932
713.5400,0.153442
713.5600,0.172353
713.5800,0.202739
713.6000,0.231140
713.6200,0.507822
713.6400,0.659881
713.6600,1.304354
713.6800,1.042940
713.7000,0.690721
713.7200,0.763086
713.7400,1.236147
713.7600,1.517985
713.7800,1.392538
713.8000,1.293097
713.8200,1.717025
713.8400,2.634431
713.8600,3.228480
713.8800,2.796718
713.9000,2.557092
713.9200,2.724486
713.9400,2.686326
713.9600,2.878982
713.9800,3.172268
714.0000,2.912671
714.0200,2.469458
714.0400,1.774091
714.0600,0.949571
714.0800,0.613784
714.1000,0.470314
714.1200,0.378206
714.1400,0.813892
714.1600,0.891864
714.1800,0.589639
714.2000,0.384683
714.2200,0.347233
714.2400,0.341383
714.2600,0.309212
714.2800,0.352313
714.3000,0.318822
714.3200,0.464914
714.3400,0.695938
714.3600,0.837264
714.3800,0.820187
714.4000,0.786306
714.4200,1.180264
714.4400,0.844596
714.4600,0.557202
714.4800,0.714152
714.5000,1.060253
714.5200,1.947188
714.5400,2.016136
714.5600,2.104388
714.5800,1.725278
714.6000,1.354504
714.6200,1.353506
714.6400,1.649796
714.6600,2.584883
714.6800,2.873303
714.7000,3.600000
714.7200,3.600000
714.7400,3.600000
714.7600,3.600000
714.7800,3.600000
714.8000,3.464375
714.8200,2.718711
714.8400,1.488334
714.8600,0.848599
714.8800,0.480920
714.9000,0.318351
714.9200,0.399919
714.9400,0.644845
714.9600,0.447999
714.9800,0.339386
715.0000,0.124883
715.0200,0.097013
715.0400,0.139956
715.0600,0.133710
715.0800,0.320662
715.1000,0.242754
715.1200,0.156258
715.1400,0.230174
715.1600,0.191273
715.1800,0.101019
715.2000,0.099042
715.2200,0.223905
715.2400,0.209084
715.2600,0.162820
715.2800,0.262646
715.3000,0.300027
715.3200,0.677176
715.3400,1.084073
715.3600,1.444872
715.3800,1.380175
715.4000,1.523555
715.4200,1.024203
715.4400,1.007947
715.4600,1.213410
715.4800,1.201827
715.5000,0.828650
715.5200,0.660220
715.5400,0.953960
715.5600,1.464321
715.5800,1.749178
715.6000,2.079545
715.6200,2.343575
715.6400,2.034417
715.6600,1.705975
715.6800,1.441204
715.7000,1.295843
715.7200,0.790802
715.7400,0.982347
715.7600,1.731047
715.7800,2.682341
715.8000,2.843155
715.8200,2.228290
715.8400,1.604539
715.8600,1.082217
715.8800,1.593440
715.9000,2.478548
715.9200,2.009977
715.9400,1.155461
715.9600,0.823965
715.9800,0.528933
716.0000,0.302951
716.0200,0.177932
716.0400,0.153442
716.0600,0.172353
716.0800,0.202739
716.1000,0.231140
716.1200,0.507822
716.1400,0.659881
716.1600,1.304354
716.1800,1.042940
716.2000,0.690721
716.2200,0.763086
716.2400,1.236147
716.2600,1.517985
716.2800,1.392538
716.3000,1.293097
716.3200,1.717025
716.3400,2.634431
716.3600,3.228480
716.3800,2.796718
716.4000,2.557092
716.4200,2.724486
716.4400,2.686326
716.4600,2.878982
716.4800,3.172268
716.5000,2.912671
716.5200,2.469458
716.5400,1.774091
716.5600,0.949571
716.5800,0.613784
716.6000,0.470314
716.6200,0.378206
716.6400,0.813892
716.6600,0.891864
716.6800,0.589639
716.7000,0.384683
716.7200,0.347233
716.7400,0.341383
716.7600,0.309212
716.7800,0.352313
716.8000,0.318822
716.8200,0.464914
716.8400,0.695938
716.8600,0.837264
716.8800,0.820187
716.9000,0.786306
716.9200,1.180264
716.9400,0.844596
716.9600,0.557202
716.9800,0.714152
717.0000,1.060253
717.0200,1.947188
717.0400,2.016136
717.0600,2.104388
717.0800,1.725278
717.1000,1.354504
717.1200,1.353506
717.1400,1.649796
717.1600,2.584883
717.1800,2.873303
717.2000,3.600000
717.2200,3.600000
717.2400,3.600000
717.2600,3.600000
717.2800,3.600000
717.3000,3.464375
717.3200,2.718711
717.3400,1.488334
717.3600,0.848599
717.3800,0.480920
717.4000,0.318351
717.4200,0.399919
717.4400,0.644845
717.4600,0.447999
717.4800,0.339386
717.5000,0.124883
717.5200,0.097013
717.5400,0.139956
717.5600,0.133710
717.5800,0.320662
717.6000,0.242754
717.6200,0.156258
717.6400,0.230174
717.6600,0.191273
717.6800,0.101019
717.7000,0.099042
717.7200,0.223905
717.7400,0.209084
717.7600,0.162820
717.7800,0.262646
717.8000,0.300027
717.8200,0.677176
717.8400,1.084073
717.8600,1.444872
717.8800,1.380175
717.9000,1.523555
717.9200,1.024203
717.9400,1.007947
717.9600,1.213410
717.9800,1.201827
718.0000,0.828650
718.0200,0.660220
718.0400,0.953960
718.0600,1.464321
718.0800,1.749178
718.1000,2.079545
718.1200,2.343575
718.1400,2.034417
718.1600,1.705975
718.1800,1.441204
718.2000,1.295843
718.2200,0.790802
718.2400,0.982347
718.2600,1.731047
718.2800,2.682341
718.3000,2.843155
718.3200,2.228290
718.3400,1.604539
718.3600,1.082217
718.3800,1.593440
718.4000,2.478548
718.4200,2.009977
718.4400,1.155461
718.4600,0.823965
718.4800,0.528933
718.5000,0.302951
718.5200,0.177932
718.5400,0.153442
718.5600,0.172353
718.5800,0.202739
718.6000,0.231140
718.6200,0.507822
718.6400,0.659881
718.6600,1.304354
718.6800,1.042940
718.7000,0.690721
718.7200,0.763086
718.7400,1.236147
718.7600,1.517985
718.7800,1.392538
718.8000,1.293097
718.8200,1.717025
718.8400,2.634431
718.8600,3.228480
718.8800,2.796718
718.9000,2.557092
718.9200,2.724486
718.9400,2.686326
718.9600,2.878982
718.9800,3.172268
719.0000,2.912671
719.0200,2.469458
719.0400,1.774091
719.0600,0.949571
719.0800,0.613784
719.1000,0.470314
719.1200,0.378206
719.1400,0.813892
719.1600,0.891864
719.1800,0.589639
719.2000,0.384683
719.2200,0.347233
719.2400,0.341383
719.2600,0.309212
719.2800,0.352313
719.3000,0.318822
719.3200,0.464914
719.3400,0.695938
719.3600,0.837264
719.3800,0.820187
719.4000,0.786306
719.4200,1.180264
719.4400,0.844596
719.4600,0.557202
719.4800,0.714152
719.5000,1.060253
719.5200,1.947188
719.5400,2.016136
719.5600,2.104388
719.5800,1.725278
719.6000,1.354504
719.6200,1.353506
719.6400,1.649796
719.6600,2.584883
719.6800,2.873303
719.7000,3.600000
719.7200,3.600000
719.7400,3.600000
719.7600,3.600000
719.7800,3.600000
719.8000,3.464375
719.8200,2.718711
719.8400,1.488334
719.8600,0.848599
719.8800,0.480920
719.9000,0.318351
719.9200,0.399919
719.9400,0.644845
719.9600,0.447999
719.9800,0.339386
720.0000,0.124883
720.0200,0.097013
720.0400,0.139956
720.0600,0.133710
720.0800,0.320662
720.1000,0.242754
720.1200,0.156258
720.1400,0.230174
720.1600,0.191273
720.1800,0.101019
720.2000,0.099042
720.2200,0.223905
720.2400,0.209084
720.2600,0.162820
720.2800,0.262646
720.3000,0.300027
720.3200,0.677176
720.3400,1.084073
720.3600,1.444872
720.3800,1.380175
720.4000,1.523555
720.4200,1.024203
720.4400,1.007947
720.4600,1.213410
720.4800,1.201827
720.5000,0.828650
720.5200,0.660220
720.5400,0.953960
720.5600,1.464321
720.5800,1.749178
720.6000,2.079545
720.6200,2.343575
720.6400,2.034417
720.6600,1.705975
720.6800,1.441204
720.7000,1.295843
720.7200,0.790802
720.7400,0.982347
720.7600,1.731047
720.7800,2.682341
720.8000,2.843155
720.8200,2.228290
720.8400,1.604539
720.8600,1.082217
720.8800,1.593440
720.9000,2.478548
720.9200,2.009977
720.9400,1.155461
720.9600,0.823965
720.9800,0.528933
721.0000,0.302951
721.0200,0.177932
721.0400,0.153442
721.0600,0.172353
721.0800,0.202739
721.1000,0.231140
721.1200,0.507822
721.1400,0.659881
721.1600,1.304354
721.1800,1.042940
721.2000,0.690721
721.2200,0.763086
721.2400,1.236147
721.2600,1.517985
721.2800,1.392538
721.3000,1.293097
721.3200,1.717025
721.3400,2.634431
721.3600,3.228480
721.3800,2.796718
721.4000,2.557092
721.4200,2.724486
721.4400,2.686326
721.4600,2.878982
721.4800,3.172268
721.5000,2.912671
721.5200,2.469458
721.5400,1.774091
721.5600,0.949571
721.5800,0.613784
721.6000,0.470314
721.6200,0.378206
721.6400,0.813892
721.6600,0.891864
721.6800,0.589639
721.7000,0.384683
721.7200,0.347233
721.7400,0.341383
721.7600,0.309212
721.7800,0.352313
721.8000,0.318822
721.8200,0.464914
721.8400,0.695938
721.8600,0.837264
721.8800,0.820187
721.9000,0.786306
721.9200,1.180264
721.9400,0.844596
721.9600,0.557202
721.9800,0.714152
722.0000,1.060253
722.0200,1.947188
722.0400,2.016136
722.0600,2.104388
722.0800,1.725278
722.1000,1.354504
722.1200,1.353506
722.1400,1.649796
722.1600,2.584883
722.1800,2.873303
722.2000,3.600000
722.2200,3.600000
722.2400,3.600000
722.2600,3.600000
722.2800,3.600000
722.3000,3.464375
722.3200,2.718711
722.3400,1.488334
722.3600,0.848599
722.3800,0.480920
722.4000,0.318351
722.4200,0.399919
722.4400,0.644845
722.4600,0.447999
722.4800,0.339386
722.5000,0.124883
722.5200,0.097013
722.5400,0.139956
722.5600,0.133710
722.5800,0.320662
722.6000,0.242754
722.6200,0.156258
722.6400,0.230174
722.6600,0.191273
722.6800,0.101019
722.7000,0.099042
722.7200,0.223905
722.7400,0.209084
722.7600,0.162820
722.7800,0.262646
722.8000,0.300027
722.8200,0.677176
722.8400,1.084073
722.8600,1.444872
722.8800,1.380175
722.9000,1.523555
722.9200,1.024203
722.9400,1.007947
722.9600,1.213410
722.9800,1.201827
723.0000,0.828650
723.0200,0.660220
723.0400,0.953960
723.0600,1.464321
723.0800,1.749178
723.1000,2.079545
723.1200,2.343575
723.1400,2.034417
723.1600,1.705975
723.1800,1.441204
723.2000,1.295843
723.2200,0.790802
723.2400,0.982347
723.2600,1.731047
723.2800,2.682341
723.3000,2.843155
723.3200,2.228290
723.3400,1.604539
723.3600,1.082217
723.3800,1.593440
723.4000,2.478548
723.4200,2.009977
723.4400,1.155461
723.4600,0.823965
723.4800,0.528933
723.5000,0.302951
723.5200,0.177932
723.5400,0.153442
723.5600,0.172353
723.5800,0.202739
723.6000,0.231140
723.6200,0.507822
723.6400,0.659881
723.6600,1.304354
723.6800,1.042940
723.7000,0.690721
723.7200,0.763086
723.7400,1.236147
723.7600,1.517985
723.7800,1.392538
723.8000,1.293097
723.8200,1.717025
723.8400,2.634431
723.8600,3.228480
723.8800,2.796718
723.9000,2.557092
723.9200,2.724486
723.9400,2.686326
723.9600,2.878982
723.9800,3.172268
724.0000,2.912671
724.0200,2.469458
724.0400,1.774091
724.0600,0.949571
724.0800,0.613784
724.1000,0.470314
724.1200,0.378206
724.1400,0.813892
724.1600,0.891864
724.1800,0.589639
724.2000,0.384683
724.2200,0.347233
724.2400,0.341383
724.2600,0.309212
724.2800,0.352313
724.3000,0.318822
724.3200,0.464914
724.3400,0.695938
724.3600,0.837264
724.3800,0.820187
724.4000,0.786306
724.4200,1.180264
724.4400,0.844596
724.4600,0.557202
724.4800,0.714152
724.5000,1.060253
724.5200,1.947188
724.5400,2.016136
724.5600,2.104388
724.5800,1.725278
724.6000,1.354504
724.6200,1.353506
724.6400,1.649796
724.6600,2.584883
724.6800,2.873303
724.7000,3.600000
724.7200,3.600000
724.7400,3.600000
724.7600,3.600000
724.7800,3.600000
724.8000,3.464375
724.8200,2.718711
724.8400,1.488334
724.8600,0.848599
724.8800,0.480920
724.9000,0.318351
724.9200,0.399919
724.9400,0.644845
724.9600,0.447999
724.9800,0.339386
725.0000,0.124883
725.0200,0.097013
725.0400,0.139956
725.0600,0.133710
725.0800,0.320662
725.1000,0.242754
725.1200,0.156258
725.1400,0.230174
725.1600,0.191273
725.1800,0.101019
725.2000,0.099042
725.2200,0.223905
725.2400,0.209084
725.2600,0.162820
725.2800,0.262646
725.3000,0.300027
725.3200,0.677176
725.3400,1.084073
725.3600,1.444872
725.3800,1.380175
725.4000,1.523555
725.4200,1.024203
725.4400,1.007947
725.4600,1.213410
725.4800,1.201827
725.5000,0.828650
725.5200,0.660220
725.5400,0.953960
725.5600,1.464321
725.5800,1.749178
725.6000,2.079545
725.6200,2.343575
725.6400,2.034417
725.6600,1.705975
725.6800,1.441204
725.7000,1.295843
725.7200,0.790802
725.7400,0.982347
725.7600,1.731047
725.7800,2.682341
725.8000,2.843155
725.8200,2.228290
725.8400,1.604539
725.8600,1.082217
725.8800,1.593440
725.9000,2.478548
725.9200,2.009977
725.9400,1.155461
725.9600,0.823965
725.9800,0.528933
726.0000,0.302951
726.0200,0.177932
726.0400,0.153442
726.0600,0.172353
726.0800,0.202739
726.1000,0.231140
726.1200,0.507822
726.1400,0.659881
726.1600,1.304354
726.1800,1.042940
726.2000,0.690721
726.2200,0.763086
726.2400,1.236147
726.2600,1.517985
726.2800,1.392538
726.3000,1.293097
726.3200,1.717025
726.3400,2.634431
726.3600,3.228480
726.3800,2.796718
726.4000,2.557092
726.4200,2.724486
726.4400,2.686326
726.4600,2.878982
726.4800,3.172268
726.5000,2.912671
726.5200,2.469458
726.5400,1.774091
726.5600,0.949571
726.5800,0.613784
726.6000,0.470314
726.6200,0.378206
726.6400,0.813892
726.6600,0.891864
726.6800,0.589639
726.7000,0.384683
726.7200,0.347233
726.7400,0.341383
726.7600,0.309212
726.7800,0.352313
726.8000,0.318822
726.8200,0.464914
726.8400,0.695938
726.8600,0.837264
726.8800,0.820187
726.9000,0.786306
726.9200,1.180264
726.9400,0.844596
726.9600,0.557202
726.9800,0.714152
727.0000,1.060253
727.0200,1.947188
727.0400,2.016136
727.0600,2.104388
727.0800,1.725278
727.1000,1.354504
727.1200,1.353506
727.1400,1.649796
727.1600,2.584883
727.1800,2.873303
727.2000,3.600000
727.2200,3.600000
727.2400,3.600000
727.2600,3.600000
727.2800,3.600000
727.3000,3.464375
727.3200,2.718711
727.3400,1.488334
727.3600,0.848599
727.3800,0.480920
727.4000,0.318351
727.4200,0.399919
727.4400,0.644845
727.4600,0.447999
727.4800,0.339386
727.5000,0.124883
727.5200,0.097013
727.5400,0.139956
727.5600,0.133710
727.5800,0.320662
727.6000,0.242754
727.6200,0.156258
727.6400,0.230174
727.6600,0.191273
727.6800,0.101019
727.7000,0.099042
727.7200,0.223905
727.7400,0.209084
727.7600,0.162820
727.7800,0.262646
727.8000,0.300027
727.8200,0.677176
727.8400,1.084073
727.8600,1.444872
727.8800,1.380175
727.9000,1.523555
727.9200,1.024203
727.9400,1.007947
727.9600,1.213410
727.9800,1.201827
728.0000,0.828650
728.0200,0.660220
728.0400,0.953960
728.0600,1.464321
728.0800,1.749178
728.1000,2.079545
728.1200,2.343575
728.1400,2.034417
728.1600,1.705975
728.1800,1.441204
728.2000,1.295843
728.2200,0.790802
728.2400,0.982347
728.2600,1.731047
728.2800,2.682341
728.3000,2.843155
728.3200,2.228290
728.3400,1.604539
728.3600,1.082217
728.3800,1.593440
728.4000,2.478548
728.4200,2.009977
728.4400,1.155461
728.4600,0.823965
728.4800,0.528933
728.5000,0.302951
728.5200,0.177932
728.5400,0.153442
728.5600,0.172353
728.5800,0.202739
728.6000,0.231140
728.6200,0.507822
728.6400,0.659881
728.6600,1.304354
728.6800,1.042940
728.7000,0.690721
728.7200,0.763086
728.7400,1.236147
728.7600,1.517985
728.7800,1.392538
728.8000,1.293097
728.8200,1.717025
728.8400,2.634431
728.8600,3.228480
728.8800,2.796718
728.9000,2.557092
728.9200,2.724486
728.9400,2.686326
728.9600,2.878982
728.9800,3.172268
729.0000,2.912671
729.0200,2.469458
729.0400,1.774091
729.0600,0.949571
729.0800,0.613784
729.1000,0.470314
729.1200,0.378206
729.1400,0.813892
729.1600,0.891864
729.1800,0.589639
729.2000,0.384683
729.2200,0.347233
729.2400,0.341383
729.2600,0.309212
729.2800,0.352313
729.3000,0.318822
729.3200,0.464914
729.3400,0.695938
729.3600,0.837264
729.3800,0.820187
729.4000,0.786306
729.4200,1.180264
729.4400,0.844596
729.4600,0.557202
729.4800,0.714152
729.5000,1.060253
729.5200,1.947188
729.5400,2.016136
729.5600,2.104388
729.5800,1.725278
729.6000,1.354504
729.6200,1.353506
729.6400,1.649796
729.6600,2.584883
729.6800,2.873303
729.7000,3.600000
729.7200,3.600000
729.7400,3.600000
729.7600,3.600000
729.7800,3.600000
729.8000,3.464375
729.8200,2.718711
729.8400,1.488334
729.8600,0.848599
729.8800,0.480920
729.9000,0.318351
729.9200,0.399919
729.9400,0.644845
729.9600,0.447999
729.9800,0.339386
730.0000,0.124883
730.0200,0.097013
730.0400,0.139956
730.0600,0.133710
730.0800,0.320662
730.1000,0.242754
730.1200,0.156258
730.1400,0.230174
730.1600,0.191273
730.1800,0.101019
730.2000,0.099042
730.2200,0.223905
730.2400,0.209084
730.2600,0.162820
730.2800,0.262646
730.3000,0.300027
730.3200,0.677176
730.3400,1.084073
730.3600,1.444872
730.3800,1.380175
730.4000,1.523555
730.4200,1.024203
730.4400,1.007947
730.4600,1.213410
730.4800,1.201827
730.5000,0.828650
730.5200,0.660220
730.5400,0.953960
730.5600,1.464321
730.5800,1.749178
730.6000,2.079545
730.6200,2.343575
730.6400,2.034417
730.6600,1.705975
730.6800,1.441204
730.7000,1.295843
730.7200,0.790802
730.7400,0.982347
730.7600,1.731047
730.7800,2.682341
730.8000,2.843155
730.8200,2.228290
730.8400,1.604539
730.8600,1.082217
730.8800,1.593440
730.9000,2.478548
730.9200,2.009977
730.9400,1.155461
730.9600,0.823965
730.9800,0.528933
731.0000,0.302951
731.0200,0.177932
731.0400,0.153442
731.0600,0.172353
731.0800,0.202739
731.1000,0.231140
731.1200,0.507822
731.1400,0.659881
731.1600,1.304354
731.1800,1.042940
731.2000,0.690721
731.2200,0.763086
731.2400,1.236147
731.2600,1.517985
731.2800,1.392538
731.3000,1.293097
731.3200,1.717025
731.3400,2.634431
731.3600,3.228480
731.3800,2.796718
731.4000,2.557092
731.4200,2.724486
731.4400,2.686326
731.4600,2.878982
731.4800,3.172268
731.5000,2.912671
731.5200,2.469458
731.5400,1.774091
731.5600,0.949571
731.5800,0.613784
731.6000,0.470314
731.6200,0.378206
731.6400,0.813892
731.6600,0.891864
731.6800,0.589639
731.7000,0.384683
731.7200,0.347233
731.7400,0.341383
731.7600,0.309212
731.7800,0.352313
731.8000,0.318822
731.8200,0.464914
731.8400,0.695938
731.8600,0.837264
731.8800,0.820187
731.9000,0.786306
731.9200,1.180264
731.9400,0.844596
731.9600,0.557202
731.9800,0.714152
732.0000,1.060253
732.0200,1.947188
732.0400,2.016136
732.0600,2.104388
732.0800,1.725278
732.1000,1.354504
732.1200,1.353506
732.1400,1.649796
732.1600,2.584883
732.1800,2.873303
732.2000,3.600000
732.2200,3.600000
732.2400,3.600000
732.2600,3.600000
732.2800,3.600000
732.3000,3.464375
732.3200,2.718711
732.3400,1.488334
732.3600,0.848599
732.3800,0.480920
732.4000,0.318351
732.4200,0.399919
732.4400,0.644845
732.4600,0.447999
732.4800,0.339386
732.5000,0.124883
732.5200,0.097013
732.5400,0.139956
732.5600,0.133710
732.5800,0.320662
732.6000,0.242754
732.6200,0.156258
732.6400,0.230174
732.6600,0.191273
732.6800,0.101019
732.7000,0.099042
732.7200,0.223905
732.7400,0.209084
732.7600,0.162820
732.7800,0.262646
732.8000,0.300027
732.8200,0.677176
732.8400,1.084073
732.8600,1.444872
732.8800,1.380175
732.9000,1.523555
732.9200,1.024203
732.9400,1.007947
732.9600,1.213410
732.9800,1.201827
733.0000,0.828650
733.0200,0.660220
733.0400,0.953960
733.0600,1.464321
733.0800,1.749178
733.1000,2.079545
733.1200,2.343575
733.1400,2.034417
733.1600,1.705975
733.1800,1.441204
733.2000,1.295843
733.2200,0.790802
733.2400,0.982347
733.2600,1.731047
733.2800,2.682341
733.3000,2.843155
733.3200,2.228290
733.3400,1.604539
733.3600,1.082217
733.3800,1.593440
733.4000,2.478548
733.4200,2.009977
733.4400,1.155461
733.4600,0.823965
733.4800,0.528933
733.5000,0.302951
733.5200,0.177932
733.5400,0.153442
733.5600,0.172353
733.5800,0.202739
733.6000,0.231140
733.6200,0.507822
733.6400,0.659881
733.6600,1.304354
733.6800,1.042940
733.7000,0.690721
733.7200,0.763086
733.7400,1.236147
733.7600,1.517985
733.7800,1.392538
733.8000,1.293097
733.8200,1.717025
733.8400,2.634431
733.8600,3.228480
733.8800,2.796718
733.9000,2.557092
733.9200,2.724486
733.9400,2.686326
733.9600,2.878982
733.9800,3.172268
734.0000,2.912671
734.0200,2.469458
734.0400,1.774091
734.0600,0.949571
734.0800,0.613784
734.1000,0.470314
734.1200,0.378206
734.1400,0.813892
734.1600,0.891864
734.1800,0.589639
734.2000,0.384683
734.2200,0.347233
734.2400,0.341383
734.2600,0.309212
734.2800,0.352313
734.3000,0.318822
734.3200,0.464914
734.3400,0.695938
734.3600,0.837264
734.3800,0.820187
734.4000,0.786306
734.4200,1.180264
734.4400,0.844596
734.4600,0.557202
734.4800,0.714152
734.5000,1.060253
734.5200,1.947188
734.5400,2.016136
734.5600,2.104388
734.5800,1.725278
734.6000,1.354504
734.6200,1.353506
734.6400,1.649796
734.6600,2.584883
734.6800,2.873303
734.7000,3.600000
734.7200,3.600000
734.7400,3.600000
734.7600,3.600000
734.7800,3.600000
734.8000,3.464375
734.8200,2.718711
734.8400,1.488334
734.8600,0.848599
734.8800,0.480920
734.9000,0.318351
734.9200,0.399919
734.9400,0.644845
734.9600,0.447999
734.9800,0.339386
735.0000,0.124883
735.0200,0.097013
735.0400,0.139956
735.0600,0.133710
735.0800,0.320662
735.1000,0.242754
735.1200,0.156258
735.1400,0.230174
735.1600,0.191273
735.1800,0.101019
735.2000,0.099042
735.2200,0.223905
735.2400,0.209084
735.2600,0.162820
735.2800,0.262646
735.3000,0.300027
735.3200,0.677176
735.3400,1.084073
735.3600,1.444872
735.3800,1.380175
735.4000,1.523555
735.4200,1.024203
735.4400,1.007947
735.4600,1.213410
735.4800,1.201827
735.5000,0.828650
735.5200,0.660220
735.5400,0.953960
735.5600,1.464321
735.5800,1.749178
735.6000,2.079545
735.6200,2.343575
735.6400,2.034417
735.6600,1.705975
735.6800,1.441204
735.7000,1.295843
735.7200,0.790802
735.7400,0.982347
735.7600,1.731047
735.7800,2.682341
735.8000,2.843155
735.8200,2.228290
735.8400,1.604539
735.8600,1.082217
735.8800,1.593440
735.9000,2.478548
735.9200,2.009977
735.9400,1.155461
735.9600,0.823965
735.9800,0.528933
736.0000,0.302951
736.0200,0.177932
736.0400,0.153442
736.0600,0.172353
736.0800,0.202739
736.1000,0.231140
736.1200,0.507822
736.1400,0.659881
736.1600,1.304354
736.1800,1.042940
736.2000,0.690721
736.2200,0.763086
736.2400,1.236147
736.2600,1.517985
736.2800,1.392538
736.3000,1.293097
736.3200,1.717025
736.3400,2.634431
736.3600,3.228480
736.3800,2.796718
736.4000,2.557092
736.4200,2.724486
736.4400,2.686326
736.4600,2.878982
736.4800,3.172268
736.5000,2.912671
736.5200,2.469458
736.5400,1.774091
736.5600,0.949571
736.5800,0.613784
736.6000,0.470314
736.6200,0.378206
736.6400,0.813892
736.6600,0.891864
736.6800,0.589639
736.7000,0.384683
736.7200,0.347233
736.7400,0.341383
736.7600,0.309212
736.7800,0.352313
736.8000,0.318822
736.8200,0.464914
736.8400,0.695938
736.8600,0.837264
736.8800,0.820187
736.9000,0.786306
736.9200,1.180264
736.9400,0.844596
736.9600,0.557202
736.9800,0.714152
737.0000,1.060253
737.0200,1.947188
737.0400,2.016136
737.0600,2.104388
737.0800,1.725278
737.1000,1.354504
737.1200,1.353506
737.1400,1.649796
737.1600,2.584883
737.1800,2.873303
737.2000,3.600000
737.2200,3.600000
737.2400,3.600000
737.2600,3.600000
737.2800,3.600000
737.3000,3.464375
737.3200,2.718711
737.3400,1.488334
737.3600,0.848599
737.3800,0.480920
737.4000,0.318351
737.4200,0.399919
737.4400,0.644845
737.4600,0.447999
737.4800,0.339386
737.5000,0.124883
737.5200,0.097013
737.5400,0.139956
737.5600,0.133710
737.5800,0.320662
737.6000,0.242754
737.6200,0.156258
737.6400,0.230174
737.6600,0.191273
737.6800,0.101019
737.7000,0.099042
737.7200,0.223905
737.7400,0.209084
737.7600,0.162820
737.7800,0.262646
737.8000,0.300027
737.8200,0.677176
737.8400,1.084073
737.8600,1.444872
737.8800,1.380175
737.9000,1.523555
737.9200,1.024203
737.9400,1.007947
737.9600,1.213410
737.9800,1.201827
738.0000,0.828650
738.0200,0.660220
738.0400,0.953960
738.0600,1.464321
738.0800,1.749178
738.1000,2.079545
738.1200,2.343575
738.1400,2.034417
738.1600,1.705975
738.1800,1.441204
738.2000,1.295843
738.2200,0.790802
738.2400,0.982347
738.2600,1.731047
738.2800,2.682341
738.3000,2.843155
738.3200,2.228290
738.3400,1.604539
738.3600,1.082217
738.3800,1.593440
738.4000,2.478548
738.4200,2.009977
738.4400,1.155461
738.4600,0.823965
738.4800,0.528933
738.5000,0.302951
738.5200,0.177932
738.5400,0.153442
738.5600,0.172353
738.5800,0.202739
738.6000,0.231140
738.6200,0.507822
738.6400,0.659881
738.6600,1.304354
738.6800,1.042940
738.7000,0.690721
738.7200,0.763086
738.7400,1.236147
738.7600,1.517985
738.7800,1.392538
738.8000,1.293097
738.8200,1.717025
738.8400,2.634431
738.8600,3.228480
738.8800,2.796718
738.9000,2.557092
738.9200,2.724486
738.9400,2.686326
738.9600,2.878982
738.9800,3.172268
739.0000,2.912671
739.0200,2.469458
739.0400,1.774091
739.0600,0.949571
739.0800,0.613784
739.1000,0.470314
739.1200,0.378206
739.1400,0.813892
739.1600,0.891864
739.1800,0.589639
739.2000,0.384683
739.2200,0.347233
739.2400,0.341383
739.2600,0.309212
739.2800,0.352313
739.3000,0.318822
739.3200,0.464914
739.3400,0.695938
739.3600,0.837264
739.3800,0.820187
739.4000,0.786306
739.4200,1.180264
739.4400,0.844596
739.4600,0.557202
739.4800,0.714152
739.5000,1.060253
739.5200,1.947188
739.5400,2.016136
739.5600,2.104388
739.5800,1.725278
739.6000,1.354504
739.6200,1.353506
739.6400,1.649796
739.6600,2.584883
739.6800,2.873303
739.7000,3.600000
739.7200,3.600000
739.7400,3.600000
739.7600,3.600000
739.7800,3.600000
739.8000,3.464375
739.8200,2.718711
739.8400,1.488334
739.8600,0.848599
739.8800,0.480920
739.9000,0.318351
739.9200,0.399919
739.9400,0.644845
739.9600,0.447999
739.9800,0.339386
740.0000,0.124883
740.0200,0.097013
740.0400,0.139956
740.0600,0.133710
740.0800,0.320662
740.1000,0.242754
740.1200,0.156258
740.1400,0.230174
740.1600,0.191273
740.1800,0.101019
740.2000,0.099042
740.2200,0.223905
740.2400,0.209084
740.2600,0.162820
740.2800,0.262646
740.3000,0.300027
740.3200,0.677176
740.3400,1.084073
740.3600,1.444872
740.3800,1.380175
740.4000,1.523555
740.4200,1.024203
740.4400,1.007947
740.4600,1.213410
740.4800,1.201827
740.5000,0.828650
740.5200,0.660220
740.5400,0.953960
740.5600,1.464321
740.5800,1.749178
740.6000,2.079545
740.6200,2.343575
740.6400,2.034417
740.6600,1.705975
740.6800,1.441204
740.7000,1.295843
740.7200,0.790802
740.7400,0.982347
740.7600,1.731047
740.7800,2.682341
740.8000,2.843155
740.8200,2.228290
740.8400,1.604539
740.8600,1.082217
740.8800,1.593440
740.9000,2.478548
740.9200,2.009977
740.9400,1.155461
740.9600,0.823965
740.9800,0.528933
741.0000,0.302951
741.0200,0.177932
741.0400,0.153442
741.0600,0.172353
741.0800,0.202739
741.1000,0.231140
741.1200,0.507822
741.1400,0.659881
741.1600,1.304354
741.1800,1.042940
741.2000,0.690721
741.2200,0.763086
741.2400,1.236147
741.2600,1.517985
741.2800,1.392538
741.3000,1.293097
741.3200,1.717025
741.3400,2.634431
741.3600,3.228480
741.3800,2.796718
741.4000,2.557092
741.4200,2.724486
741.4400,2.686326
741.4600,2.878982
741.4800,3.172268
741.5000,2.912671
741.5200,2.469458
741.5400,1.774091
741.5600,0.949571
741.5800,0.613784
741.6000,0.470314
741.6200,0.378206
741.6400,0.813892
741.6600,0.891864
741.6800,0.589639
741.7000,0.384683
741.7200,0.347233
741.7400,0.341383
741.7600,0.309212
741.7800,0.352313
741.8000,0.318822
741.8200,0.464914
741.8400,0.695938
741.8600,0.837264
741.8800,0.820187
741.9000,0.786306
741.9200,1.180264
741.9400,0.844596
741.9600,0.557202
741.9800,0.714152
742.0000,1.060253
742.0200,1.947188
742.0400,2.016136
742.0600,2.104388
742.0800,1.725278
742.1000,1.354504
742.1200,1.353506
742.1400,1.649796
742.1600,2.584883
742.1800,2.873303
742.2000,3.600000
742.2200,3.600000
742.2400,3.600000
742.2600,3.600000
742.2800,3.600000
742.3000,3.464375
742.3200,2.718711
742.3400,1.488334
742.3600,0.848599
742.3800,0.480920
742.4000,0.318351
742.4200,0.399919
742.4400,0.644845
742.4600,0.447999
742.4800,0.339386
742.5000,0.124883
742.5200,0.097013
742.5400,0.139956
742.5600,0.133710
742.5800,0.320662
742.6000,0.242754
742.6200,0.156258
742.6400,0.230174
742.6600,0.191273
742.6800,0.101019
742.7000,0.099042
742.7200,0.223905
742.7400,0.209084
742.7600,0.162820
742.7800,0.262646
742.8000,0.300027
742.8200,0.677176
742.8400,1.084073
742.8600,1.444872
742.8800,1.380175
742.9000,1.523555
742.9200,1.024203
742.9400,1.007947
742.9600,1.213410
742.9800,1.201827
743.0000,0.828650
743.0200,0.660220
743.0400,0.953960
743.0600,1.464321
743.0800,1.749178
743.1000,2.079545
743.1200,2.343575
743.1400,2.034417
743.1600,1.705975
743.1800,1.441204
743.2000,1.295843
743.2200,0.790802
743.2400,0.982347
743.2600,1.731047
743.2800,2.682341
743.3000,2.843155
743.3200,2.228290
743.3400,1.604539
743.3600,1.082217
743.3800,1.593440
743.4000,2.478548
743.4200,2.009977
743.4400,1.155461
743.4600,0.823965
743.4800,0.528933
743.5000,0.302951
743.5200,0.177932
743.5400,0.153442
743.5600,0.172353
743.5800,0.202739
743.6000,0.231140
743.6200,0.507822
743.6400,0.659881
743.6600,1.304354
743.6800,1.042940
743.7000,0.690721
743.7200,0.763086
743.7400,1.236147
743.7600,1.517985
743.7800,1.392538
743.8000,1.293097
743.8200,1.717025
743.8400,2.634431
743.8600,3.228480
743.8800,2.796718
743.9000,2.557092
743.9200,2.724486
743.9400,2.686326
743.9600,2.878982
743.9800,3.172268
744.0000,2.912671
744.0200,2.469458
744.0400,1.774091
744.0600,0.949571
744.0800,0.613784
744.1000,0.470314
744.1200,0.378206
744.1400,0.813892
744.1600,0.891864
744.1800,0.589639
744.2000,0.384683
744.2200,0.347233
744.2400,0.341383
744.2600,0.309212
744.2800,0.352313
744.3000,0.318822
744.3200,0.464914
744.3400,0.695938
744.3600,0.837264
744.3800,0.820187
744.4000,0.786306
744.4200,1.180264
744.4400,0.844596
744.4600,0.557202
744.4800,0.714152
744.5000,1.060253
744.5200,1.947188
744.5400,2.016136
744.5600,2.104388
744.5800,1.725278
744.6000,1.354504
744.6200,1.353506
744.6400,1.649796
744.6600,2.584883
744.6800,2.873303
744.7000,3.600000
744.7200,3.600000
744.7400,3.600000
744.7600,3.600000
744.7800,3.600000
744.8000,3.464375
744.8200,2.718711
744.8400,1.488334
744.8600,0.848599
744.8800,0.480920
744.9000,0.318351
744.9200,0.399919
744.9400,0.644845
744.9600,0.447999
744.9800,0.339386
745.0000,0.124883
745.0200,0.097013
745.0400,0.139956
745.0600,0.133710
745.0800,0.320662
745.1000,0.242754
745.1200,0.156258
745.1400,0.230174
745.1600,0.191273
745.1800,0.101019
745.2000,0.099042
745.2200,0.223905
745.2400,0.209084
745.2600,0.162820
745.2800,0.262646
745.3000,0.300027
745.3200,0.677176
745.3400,1.084073
745.3600,1.444872
745.3800,1.380175
745.4000,1.523555
745.4200,1.024203
745.4400,1.007947
745.4600,1.213410
745.4800,1.201827
745.5000,0.828650
745.5200,0.660220
745.5400,0.953960
745.5600,1.464321
745.5800,1.749178
745.6000,2.079545
745.6200,2.343575
745.6400,2.034417
745.6600,1.705975
745.6800,1.441204
745.7000,1.295843
745.7200,0.790802
745.7400,0.982347
745.7600,1.731047
745.7800,2.682341
745.8000,2.843155
745.8200,2.228290
745.8400,1.604539
745.8600,1.082217
745.8800,1.593440
745.9000,2.478548
745.9200,2.009977
745.9400,1.155461
745.9600,0.823965
745.9800,0.528933
746.0000,0.302951
746.0200,0.177932
746.0400,0.153442
746.0600,0.172353
746.0800,0.202739
746.1000,0.231140
746.1200,0.507822
746.1400,0.659881
746.1600,1.304354
746.1800,1.042940
746.2000,0.690721
746.2200,0.763086
746.2400,1.236147
746.2600,1.517985
746.2800,1.392538
746.3000,1.293097
746.3200,1.717025
746.3400,2.634431
746.3600,3.228480
746.3800,2.796718
746.4000,2.557092
746.4200,2.724486
746.4400,2.686326
746.4600,2.878982
746.4800,3.172268
746.5000,2.912671
746.5200,2.469458
746.5400,1.774091
746.5600,0.949571
746.5800,0.613784
746.6000,0.470314
746.6200,0.378206
746.6400,0.813892
746.6600,0.891864
746.6800,0.589639
746.7000,0.384683
746.7200,0.347233
746.7400,0.341383
746.7600,0.309212
746.7800,0.352313
746.8000,0.318822
746.8200,0.464914
746.8400,0.695938
746.8600,0.837264
746.8800,0.820187
746.9000,0.786306
746.9200,1.180264
746.9400,0.844596
746.9600,0.557202
746.9800,0.714152
747.0000,1.060253
747.0200,1.947188
747.0400,2.016136
747.0600,2.104388
747.0800,1.725278
747.1000,1.354504
747.1200,1.353506
747.1400,1.649796
747.1600,2.584883
747.1800,2.873303
747.2000,3.600000
747.2200,3.600000
747.2400,3.600000
747.2600,3.600000
747.2800,3.600000
747.3000,3.464375
747.3200,2.718711
747.3400,1.488334
747.3600,0.848599
747.3800,0.480920
747.4000,0.318351
747.4200,0.399919
747.4400,0.644845
747.4600,0.447999
747.4800,0.339386
747.5000,0.124883
747.5200,0.097013
747.5400,0.139956
747.5600,0.133710
747.5800,0.320662
747.6000,0.242754
747.6200,0.156258
747.6400,0.230174
747.6600,0.191273
747.6800,0.101019
747.7000,0.099042
747.7200,0.223905
747.7400,0.209084
747.7600,0.162820
747.7800,0.262646
747.8000,0.300027
747.8200,0.677176
747.8400,1.084073
747.8600,1.444872
747.8800,1.380175
747.9000,1.523555
747.9200,1.024203
747.9400,1.007947
747.9600,1.213410
747.9800,1.201827
748.0000,0.828650
748.0200,0.660220
748.0400,0.953960
748.0600,1.464321
748.0800,1.749178
748.1000,2.079545
748.1200,2.343575
748.1400,2.034417
748.1600,1.705975
748.1800,1.441204
748.2000,1.295843
748.2200,0.790802
748.2400,0.982347
748.2600,1.731047
748.2800,2.682341
748.3000,2.843155
748.3200,2.228290
748.3400,1.604539
748.3600,1.082217
748.3800,1.593440
748.4000,2.478548
748.4200,2.009977
748.4400,1.155461
748.4600,0.823965
748.4800,0.528933
748.5000,0.302951
748.5200,0.177932
748.5400,0.153442
748.5600,0.172353
748.5800,0.202739
748.6000,0.231140
748.6200,0.507822
748.6400,0.659881
748.6600,1.304354
748.6800,1.042940
748.7000,0.690721
748.7200,0.763086
748.7400,1.236147
748.7600,1.517985
748.7800,1.392538
748.8000,1.293097
748.8200,1.717025
748.8400,2.634431
748.8600,3.228480
748.8800,2.796718
748.9000,2.557092
748.9200,2.724486
748.9400,2.686326
748.9600,2.878982
748.9800,3.172268
749.0000,2.912671
749.0200,2.469458
749.0400,1.774091
749.0600,0.949571
749.0800,0.613784
749.1000,0.470314
749.1200,0.378206
749.1400,0.813892
749.1600,0.891864
749.1800,0.589639
749.2000,0.384683
749.2200,0.347233
749.2400,0.341383
749.2600,0.309212
749.2800,0.352313
749.3000,0.318822
749.3200,0.464914
749.3400,0.695938
749.3600,0.837264
749.3800,0.820187
749.4000,0.786306
749.4200,1.180264
749.4400,0.844596
749.4600,0.557202
749.4800,0.714152
749.5000,1.060253
749.5200,1.947188
749.5400,2.016136
749.5600,2.104388
749.5800,1.725278
749.6000,1.354504
749.6200,1.353506
749.6400,1.649796
749.6600,2.584883
749.6800,2.873303
749.7000,3.600000
749.7200,3.600000
749.7400,3.600000
749.7600,3.600000
749.7800,3.600000
749.8000,3.464375
749.8200,2.718711
749.8400,1.488334
749.8600,0.848599
749.8800,0.480920
749.9000,0.318351
749.9200,0.399919
749.9400,0.644845
749.9600,0.447999
749.9800,0.339386
750.0000,0.124883
750.0200,0.097013
750.0400,0.139956
750.0600,0.133710
750.0800,0.320662
750.1000,0.242754
750.1200,0.156258
750.1400,0.230174
750.1600,0.191273
750.1800,0.101019
750.2000,0.099042
750.2200,0.223905
750.2400,0.209084
750.2600,0.162820
750.2800,0.262646
750.3000,0.300027
750.3200,0.677176
750.3400,1.084073
750.3600,1.444872
750.3800,1.380175
750.4000,1.523555
750.4200,1.024203
750.4400,1.007947
750.4600,1.213410
750.4800,1.201827
750.5000,0.828650
750.5200,0.660220
750.5400,0.953960
750.5600,1.464321
750.5800,1.749178
750.6000,2.079545
750.6200,2.343575
750.6400,2.034417
750.6600,1.705975
750.6800,1.441204
750.7000,1.295843
750.7200,0.790802
750.7400,0.982347
750.7600,1.731047
750.7800,2.682341
750.8000,2.843155
750.8200,2.228290
750.8400,1.604539
750.8600,1.082217
750.8800,1.593440
750.9000,2.478548
750.9200,2.009977
750.9400,1.155461
750.9600,0.823965
750.9800,0.528933
751.0000,0.302951
751.0200,0.177932
751.0400,0.153442
751.0600,0.172353
751.0800,0.202739
751.1000,0.231140
751.1200,0.507822
751.1400,0.659881
751.1600,1.304354
751.1800,1.042940
751.2000,0.690721
751.2200,0.763086
751.2400,1.236147
751.2600,1.517985
751.2800,1.392538
751.3000,1.293097
751.3200,1.717025
751.3400,2.634431
751.3600,3.228480
751.3800,2.796718
751.4000,2.557092
751.4200,2.724486
751.4400,2.686326
751.4600,2.878982
751.4800,3.172268
751.5000,2.912671
751.5200,2.469458
751.5400,1.774091
751.5600,0.949571
751.5800,0.613784
751.6000,0.470314
751.6200,0.378206
751.6400,0.813892
751.6600,0.891864
751.6800,0.589639
751.7000,0.384683
751.7200,0.347233
751.7400,0.341383
751.7600,0.309212
751.7800,0.352313
751.8000,0.318822
751.8200,0.464914
751.8400,0.695938
751.8600,0.837264
751.8800,0.820187
751.9000,0.786306
751.9200,1.180264
751.9400,0.844596
751.9600,0.557202
751.9800,0.714152
752.0000,1.060253
752.0200,1.947188
752.0400,2.016136
752.0600,2.104388
752.0800,1.725278
752.1000,1.354504
752.1200,1.353506
752.1400,1.649796
752.1600,2.584883
752.1800,2.873303
752.2000,3.600000
752.2200,3.600000
752.2400,3.600000
752.2600,3.600000
752.2800,3.600000
752.3000,3.464375
752.3200,2.718711
752.3400,1.488334
752.3600,0.848599
752.3800,0.480920
752.4000,0.318351
752.4200,0.399919
752.4400,0.644845
752.4600,0.447999
752.4800,0.339386
752.5000,0.124883
752.5200,0.097013
752.5400,0.139956
752.5600,0.133710
752.5800,0.320662
752.6000,0.242754
752.6200,0.156258
752.6400,0.230174
752.6600,0.191273
752.6800,0.101019
752.7000,0.099042
752.7200,0.223905
752.7400,0.209084
752.7600,0.162820
752.7800,0.262646
752.8000,0.300027
752.8200,0.677176
752.8400,1.084073
752.8600,1.444872
752.8800,1.380175
752.9000,1.523555
752.9200,1.024203
752.9400,1.007947
752.9600,1.213410
752.9800,1.201827
753.0000,0.828650
753.0200,0.660220
753.0400,0.953960
753.0600,1.464321
753.0800,1.749178
753.1000,2.079545
753.1200,2.343575
753.1400,2.034417
753.1600,1.705975
753.1800,1.441204
753.2000,1.295843
753.2200,0.790802
753.2400,0.982347
753.2600,1.731047
753.2800,2.682341
753.3000,2.843155
753.3200,2.228290
753.3400,1.604539
753.3600,1.082217
753.3800,1.593440
753.4000,2.478548
753.4200,2.009977
753.4400,1.155461
753.4600,0.823965
753.4800,0.528933
753.5000,0.302951
753.5200,0.177932
753.5400,0.153442
753.5600,0.172353
753.5800,0.202739
753.6000,0.231140
753.6200,0.507822
753.6400,0.659881
753.6600,1.304354
753.6800,1.042940
753.7000,0.690721
753.7200,0.763086
753.7400,1.236147
753.7600,1.517985
753.7800,1.392538
753.8000,1.293097
753.8200,1.717025
753.8400,2.634431
753.8600,3.228480
753.8800,2.796718
753.9000,2.557092
753.9200,2.724486
753.9400,2.686326
753.9600,2.878982
753.9800,3.172268
754.0000,2.912671
754.0200,2.469458
754.0400,1.774091
754.0600,0.949571
754.0800,0.613784
754.1000,0.470314
754.1200,0.378206
754.1400,0.813892
754.1600,0.891864
754.1800,0.589639
754.2000,0.384683
754.2200,0.347233
754.2400,0.341383
754.2600,0.309212
754.2800,0.352313
754.3000,0.318822
754.3200,0.464914
754.3400,0.695938
754.3600,0.837264
754.3800,0.820187
754.4000,0.786306
754.4200,1.180264
754.4400,0.844596
754.4600,0.557202
754.4800,0.714152
754.5000,1.060253
754.5200,1.947188
754.5400,2.016136
754.5600,2.104388
754.5800,1.725278
754.6000,1.354504
754.6200,1.353506
754.6400,1.649796
754.6600,2.584883
754.6800,2.873303
754.7000,3.600000
754.7200,3.600000
754.7400,3.600000
754.7600,3.600000
754.7800,3.600000
754.8000,3.464375
754.8200,2.718711
754.8400,1.488334
754.8600,0.848599
754.8800,0.480920
754.9000,0.318351
754.9200,0.399919
754.9400,0.644845
754.9600,0.447999
754.9800,0.339386
755.0000,0.124883
755.0200,0.097013
755.0400,0.139956
755.0600,0.133710
755.0800,0.320662
755.1000,0.242754
755.1200,0.156258
755.1400,0.230174
755.1600,0.191273
755.1800,0.101019
755.2000,0.099042
755.2200,0.223905
755.2400,0.209084
755.2600,0.162820
755.2800,0.262646
755.3000,0.300027
755.3200,0.677176
755.3400,1.084073
755.3600,1.444872
755.3800,1.380175
755.4000,1.523555
755.4200,1.024203
755.4400,1.007947
755.4600,1.213410
755.4800,1.201827
755.5000,0.828650
755.5200,0.660220
755.5400,0.953960
755.5600,1.464321
755.5800,1.749178
755.6000,2.079545
755.6200,2.343575
755.6400,2.034417
755.6600,1.705975
755.6800,1.441204
755.7000,1.295843
755.7200,0.790802
755.7400,0.982347
755.7600,1.731047
755.7800,2.682341
755.8000,2.843155
755.8200,2.228290
755.8400,1.604539
755.8600,1.082217
755.8800,1.593440
755.9000,2.478548
755.9200,2.009977
755.9400,1.155461
755.9600,0.823965
755.9800,0.528933
756.0000,0.302951
756.0200,0.177932
756.0400,0.153442
756.0600,0.172353
756.0800,0.202739
756.1000,0.231140
756.1200,0.507822
756.1400,0.659881
756.1600,1.304354
756.1800,1.042940
756.2000,0.690721
756.2200,0.763086
756.2400,1.236147
756.2600,1.517985
756.2800,1.392538
756.3000,1.293097
756.3200,1.717025
756.3400,2.634431
756.3600,3.228480
756.3800,2.796718
756.4000,2.557092
756.4200,2.724486
756.4400,2.686326
756.4600,2.878982
756.4800,3.172268
756.5000,2.912671
756.5200,2.469458
756.5400,1.774091
756.5600,0.949571
756.5800,0.613784
756.6000,0.470314
756.6200,0.378206
756.6400,0.813892
756.6600,0.891864
756.6800,0.589639
756.7000,0.384683
756.7200,0.347233
756.7400,0.341383
756.7600,0.309212
756.7800,0.352313
756.8000,0.318822
756.8200,0.464914
756.8400,0.695938
756.8600,0.837264
756.8800,0.820187
756.9000,0.786306
756.9200,1.180264
756.9400,0.844596
756.9600,0.557202
756.9800,0.714152
757.0000,1.060253
757.0200,1.947188
757.0400,2.016136
757.0600,2.104388
757.0800,1.725278
757.1000,1.354504
757.1200,1.353506
757.1400,1.649796
757.1600,2.584883
757.1800,2.873303
757.2000,3.600000
757.2200,3.600000
757.2400,3.600000
757.2600,3.600000
757.2800,3.600000
757.3000,3.464375
757.3200,2.718711
757.3400,1.488334
757.3600,0.848599
757.3800,0.480920
757.4000,0.318351
757.4200,0.399919
757.4400,0.644845
757.4600,0.447999
757.4800,0.339386
757.5000,0.124883
757.5200,0.097013
757.5400,0.139956
757.5600,0.133710
757.5800,0.320662
757.6000,0.242754
757.6200,0.156258
757.6400,0.230174
757.6600,0.191273
757.6800,0.101019
757.7000,0.099042
757.7200,0.223905
757.7400,0.209084
757.7600,0.162820
757.7800,0.262646
757.8000,0.300027
757.8200,0.677176
757.8400,1.084073
757.8600,1.444872
757.8800,1.380175
757.9000,1.523555
757.9200,1.024203
757.9400,1.007947
757.9600,1.213410
757.9800,1.201827
758.0000,0.828650
758.0200,0.660220
758.0400,0.953960
758.0600,1.464321
758.0800,1.749178
758.1000,2.079545
758.1200,2.343575
758.1400,2.034417
758.1600,1.705975
758.1800,1.441204
758.2000,1.295843
758.2200,0.790802
758.2400,0.982347
758.2600,1.731047
758.2800,2.682341
758.3000,2.843155
758.3200,2.228290
758.3400,1.604539
758.3600,1.082217
758.3800,1.593440
758.4000,2.478548
758.4200,2.009977
758.4400,1.155461
758.4600,0.823965
758.4800,0.528933
758.5000,0.302951
758.5200,0.177932
758.5400,0.153442
758.5600,0.172353
758.5800,0.202739
758.6000,0.231140
758.6200,0.507822
758.6400,0.659881
758.6600,1.304354
758.6800,1.042940
758.7000,0.690721
758.7200,0.763086
758.7400,1.236147
758.7600,1.517985
758.7800,1.392538
758.8000,1.293097
758.8200,1.717025
758.8400,2.634431
758.8600,3.228480
758.8800,2.796718
758.9000,2.557092
758.9200,2.724486
758.9400,2.686326
758.9600,2.878982
758.9800,3.172268
759.0000,2.912671
759.0200,2.469458
759.0400,1.774091
759.0600,0.949571
759.0800,0.613784
759.1000,0.470314
759.1200,0.378206
759.1400,0.813892
759.1600,0.891864
759.1800,0.589639
759.2000,0.384683
759.2200,0.347233
759.2400,0.341383
759.2600,0.309212
759.2800,0.352313
759.3000,0.318822
759.3200,0.464914
759.3400,0.695938
759.3600,0.837264
759.3800,0.820187
759.4000,0.786306
759.4200,1.180264
759.4400,0.844596
759.4600,0.557202
759.4800,0.714152
759.5000,1.060253
759.5200,1.947188
759.5400,2.016136
759.5600,2.104388
759.5800,1.725278
759.6000,1.354504
759.6200,1.353506
759.6400,1.649796
759.6600,2.584883
759.6800,2.873303
759.7000,3.600000
759.7200,3.600000
759.7400,3.600000
759.7600,3.600000
759.7800,3.600000
759.8000,3.464375
759.8200,2.718711
759.8400,1.488334
759.8600,0.848599
759.8800,0.480920
759.9000,0.318351
759.9200,0.399919
759.9400,0.644845
759.9600,0.447999
759.9800,0.339386
760.0000,0.124883
760.0200,0.097013
760.0400,0.139956
760.0600,0.133710
760.0800,0.320662
760.1000,0.242754
760.1200,0.156258
760.1400,0.230174
760.1600,0.191273
760.1800,0.101019
760.2000,0.099042
760.2200,0.223905
760.2400,0.209084
760.2600,0.162820
760.2800,0.262646
760.3000,0.300027
760.3200,0.677176
760.3400,1.084073
760.3600,1.444872
760.3800,1.380175
760.4000,1.523555
760.4200,1.024203
760.4400,1.007947
760.4600,1.213410
760.4800,1.201827
760.5000,0.828650
760.5200,0.660220
760.5400,0.953960
760.5600,1.464321
760.5800,1.749178
760.6000,2.079545
760.6200,2.343575
760.6400,2.034417
760.6600,1.705975
760.6800,1.441204
760.7000,1.295843
760.7200,0.790802
760.7400,0.982347
760.7600,1.731047
760.7800,2.682341
760.8000,2.843155
760.8200,2.228290
760.8400,1.604539
760.8600,1.082217
760.8800,1.593440
760.9000,2.478548
760.9200,2.009977
760.9400,1.155461
760.9600,0.823965
760.9800,0.528933
761.0000,0.302951
761.0200,0.177932
761.0400,0.153442
761.0600,0.172353
761.0800,0.202739
761.1000,0.231140
761.1200,0.507822
761.1400,0.659881
761.1600,1.304354
761.1800,1.042940
761.2000,0.690721
761.2200,0.763086
761.2400,1.236147
761.2600,1.517985
761.2800,1.392538
761.3000,1.293097
761.3200,1.717025
761.3400,2.634431
761.3600,3.228480
761.3800,2.796718
761.4000,2.557092
761.4200,2.724486
761.4400,2.686326
761.4600,2.878982
761.4800,3.172268
761.5000,2.912671
761.5200,2.469458
761.5400,1.774091
761.5600,0.949571
761.5800,0.613784
761.6000,0.470314
761.6200,0.378206
761.6400,0.813892
761.6600,0.891864
761.6800,0.589639
761.7000,0.384683
761.7200,0.347233
761.7400,0.341383
761.7600,0.309212
761.7800,0.352313
761.8000,0.318822
761.8200,0.464914
761.8400,0.695938
761.8600,0.837264
761.8800,0.820187
761.9000,0.786306
761.9200,1.180264
761.9400,0.844596
761.9600,0.557202
761.9800,0.714152
762.0000,1.060253
762.0200,1.947188
762.0400,2.016136
762.0600,2.104388
762.0800,1.725278
762.1000,1.354504
762.1200,1.353506
762.1400,1.649796
762.1600,2.584883
762.1800,2.873303
762.2000,3.600000
762.2200,3.600000
762.2400,3.600000
762.2600,3.600000
762.2800,3.600000
762.3000,3.464375
762.3200,2.718711
762.3400,1.488334
762.3600,0.848599
762.3800,0.480920
762.4000,0.318351
762.4200,0.399919
762.4400,0.644845
762.4600,0.447999
762.4800,0.339386
762.5000,0.124883
762.5200,0.097013
762.5400,0.139956
762.5600,0.133710
762.5800,0.320662
762.6000,0.242754
762.6200,0.156258
762.6400,0.230174
762.6600,0.191273
762.6800,0.101019
762.7000,0.099042
762.7200,0.223905
762.7400,0.209084
762.7600,0.162820
762.7800,0.262646
762.8000,0.300027
762.8200,0.677176
762.8400,1.084073
762.8600,1.444872
762.8800,1.380175
762.9000,1.523555
762.9200,1.024203
762.9400,1.007947
762.9600,1.213410
762.9800,1.201827
763.0000,0.828650
763.0200,0.660220
763.0400,0.953960
763.0600,1.464321
763.0800,1.749178
763.1000,2.079545
763.1200,2.343575
763.1400,2.034417
763.1600,1.705975
763.1800,1.441204
763.2000,1.295843
763.2200,0.790802
763.2400,0.982347
763.2600,1.731047
763.2800,2.682341
763.3000,2.843155
763.3200,2.228290
763.3400,1.604539
763.3600,1.082217
763.3800,1.593440
763.4000,2.478548
763.4200,2.009977
763.4400,1.155461
763.4600,0.823965
763.4800,0.528933
763.5000,0.302951
763.5200,0.177932
763.5400,0.153442
763.5600,0.172353
763.5800,0.202739
763.6000,0.231140
763.6200,0.507822
763.6400,0.659881
763.6600,1.304354
763.6800,1.042940
763.7000,0.690721
763.7200,0.763086
763.7400,1.236147
763.7600,1.517985
763.7800,1.392538
763.8000,1.293097
763.8200,1.717025
763.8400,2.634431
763.8600,3.228480
763.8800,2.796718
763.9000,2.557092
763.9200,2.724486
763.9400,2.686326
763.9600,2.878982
763.9800,3.172268
764.0000,2.912671
764.0200,2.469458
764.0400,1.774091
764.0600,0.949571
764.0800,0.613784
764.1000,0.470314
764.1200,0.378206
764.1400,0.813892
764.1600,0.891864
764.1800,0.589639
764.2000,0.384683
764.2200,0.347233
764.2400,0.341383
764.2600,0.309212
764.2800,0.352313
764.3000,0.318822
764.3200,0.464914
764.3400,0.695938
764.3600,0.837264
764.3800,0.820187
764.4000,0.786306
764.4200,1.180264
764.4400,0.844596
764.4600,0.557202
764.4800,0.714152
764.5000,1.060253
764.5200,1.947188
764.5400,2.016136
764.5600,2.104388
764.5800,1.725278
764.6000,1.354504
764.6200,1.353506
764.6400,1.649796
764.6600,2.584883
764.6800,2.873303
764.7000,3.600000
764.7200,3.600000
764.7400,3.600000
764.7600,3.600000
764.7800,3.600000
764.8000,3.464375
764.8200,2.718711
764.8400,1.488334
764.8600,0.848599
764.8800,0.480920
764.9000,0.318351
764.9200,0.399919
764.9400,0.644845
764.9600,0.447999
764.9800,0.339386
765.0000,0.124883
765.0200,0.097013
765.0400,0.139956
765.0600,0.133710
765.0800,0.320662
765.1000,0.242754
765.1200,0.156258
765.1400,0.230174
765.1600,0.191273
765.1800,0.101019
765.2000,0.099042
765.2200,0.223905
765.2400,0.209084
765.2600,0.162820
765.2800,0.262646
765.3000,0.300027
765.3200,0.677176
765.3400,1.084073
765.3600,1.444872
765.3800,1.380175
765.4000,1.523555
765.4200,1.024203
765.4400,1.007947
765.4600,1.213410
765.4800,1.201827
765.5000,0.828650
765.5200,0.660220
765.5400,0.953960
765.5600,1.464321
765.5800,1.749178
765.6000,2.079545
765.6200,2.343575
765.6400,2.034417
765.6600,1.705975
765.6800,1.441204
765.7000,1.295843
765.7200,0.790802
765.7400,0.982347
765.7600,1.731047
765.7800,2.682341
765.8000,2.843155
765.8200,2.228290
765.8400,1.604539
765.8600,1.082217
765.8800,1.593440
765.9000,2.478548
765.9200,2.009977
765.9400,1.155461
765.9600,0.823965
765.9800,0.528933
766.0000,0.302951
766.0200,0.177932
766.0400,0.153442
766.0600,0.172353
766.0800,0.202739
766.1000,0.231140
766.1200,0.507822
766.1400,0.659881
766.1600,1.304354
766.1800,1.042940
766.2000,0.690721
766.2200,0.763086
766.2400,1.236147
766.2600,1.517985
766.2800,1.392538
766.3000,1.293097
766.3200,1.717025
766.3400,2.634431
766.3600,3.228480
766.3800,2.796718
766.4000,2.557092
766.4200,2.724486
766.4400,2.686326
766.4600,2.878982
766.4800,3.172268
766.5000,2.912671
766.5200,2.469458
766.5400,1.774091
766.5600,0.949571
766.5800,0.613784
766.6000,0.470314
766.6200,0.378206
766.6400,0.813892
766.6600,0.891864
766.6800,0.589639
766.7000,0.384683
766.7200,0.347233
766.7400,0.341383
766.7600,0.309212
766.7800,0.352313
766.8000,0.318822
766.8200,0.464914
766.8400,0.695938
766.8600,0.837264
766.8800,0.820187
766.9000,0.786306
766.9200,1.180264
766.9400,0.844596
766.9600,0.557202
766.9800,0.714152
767.0000,1.060253
767.0200,1.947188
767.0400,2.016136
767.0600,2.104388
767.0800,1.725278
767.1000,1.354504
767.1200,1.353506
767.1400,1.649796
767.1600,2.584883
767.1800,2.873303
767.2000,3.600000
767.2200,3.600000
767.2400,3.600000
767.2600,3.600000
767.2800,3.600000
767.3000,3.464375
767.3200,2.718711
767.3400,1.488334
767.3600,0.848599
767.3800,0.480920
767.4000,0.318351
767.4200,0.399919
767.4400,0.644845
767.4600,0.447999
767.4800,0.339386
767.5000,0.124883
767.5200,0.097013
767.5400,0.139956
767.5600,0.133710
767.5800,0.320662
767.6000,0.242754
767.6200,0.156258
767.6400,0.230174
767.6600,0.191273
767.6800,0.101019
767.7000,0.099042
767.7200,0.223905
767.7400,0.209084
767.7600,0.162820
767.7800,0.262646
767.8000,0.300027
767.8200,0.677176
767.8400,1.084073
767.8600,1.444872
767.8800,1.380175
767.9000,1.523555
767.9200,1.024203
767.9400,1.007947
767.9600,1.213410
767.9800,1.201827
768.0000,0.828650
768.0200,0.660220
768.0400,0.953960
768.0600,1.464321
768.0800,1.749178
768.1000,2.079545
768.1200,2.343575
768.1400,2.034417
768.1600,1.705975
768.1800,1.441204
768.2000,1.295843
768.2200,0.790802
768.2400,0.982347
768.2600,1.731047
768.2800,2.682341
768.3000,2.843155
768.3200,2.228290
768.3400,1.604539
768.3600,1.082217
768.3800,1.593440
768.4000,2.478548
768.4200,2.009977
768.4400,1.155461
768.4600,0.823965
768.4800,0.528933
768.5000,0.302951
768.5200,0.177932
768.5400,0.153442
768.5600,0.172353
768.5800,0.202739
768.6000,0.231140
768.6200,0.507822
768.6400,0.659881
768.6600,1.304354
768.6800,1.042940
768.7000,0.690721
768.7200,0.763086
768.7400,1.236147
768.7600,1.517985
768.7800,1.392538
768.8000,1.293097
768.8200,1.717025
768.8400,2.634431
768.8600,3.228480
768.8800,2.796718
768.9000,2.557092
768.9200,2.724486
768.9400,2.686326
768.9600,2.878982
768.9800,3.172268
769.0000,2.912671
769.0200,2.469458
769.0400,1.774091
769.0600,0.949571
769.0800,0.613784
769.1000,0.470314
769.1200,0.378206
769.1400,0.813892
769.1600,0.891864
769.1800,0.589639
769.2000,0.384683
769.2200,0.347233
769.2400,0.341383
769.2600,0.309212
769.2800,0.352313
769.3000,0.318822
769.3200,0.464914
769.3400,0.695938
769.3600,0.837264
769.3800,0.820187
769.4000,0.786306
769.4200,1.180264
769.4400,0.844596
769.4600,0.557202
769.4800,0.714152
769.5000,1.060253
769.5200,1.947188
769.5400,2.016136
769.5600,2.104388
769.5800,1.725278
769.6000,1.354504
769.6200,1.353506
769.6400,1.649796
769.6600,2.584883
769.6800,2.873303
769.7000,3.600000
769.7200,3.600000
769.7400,3.600000
769.7600,3.600000
769.7800,3.600000
769.8000,3.464375
769.8200,2.718711
769.8400,1.488334
769.8600,0.848599
769.8800,0.480920
769.9000,0.318351
769.9200,0.399919
769.9400,0.644845
769.9600,0.447999
769.9800,0.339386
770.0000,0.124883
770.0200,0.097013
770.0400,0.139956
770.0600,0.133710
770.0800,0.320662
770.1000,0.242754
770.1200,0.156258
770.1400,0.230174
770.1600,0.191273
770.1800,0.101019
770.2000,0.099042
770.2200,0.223905
770.2400,0.209084
770.2600,0.162820
770.2800,0.262646
770.3000,0.300027
770.3200,0.677176
770.3400,1.084073
770.3600,1.444872
770.3800,1.380175
770.4000,1.523555
770.4200,1.024203
770.4400,1.007947
770.4600,1.213410
770.4800,1.201827
770.5000,0.828650
770.5200,0.660220
770.5400,0.953960
770.5600,1.464321
770.5800,1.749178
770.6000,2.079545
770.6200,2.343575
770.6400,2.034417
770.6600,1.705975
770.6800,1.441204
770.7000,1.295843
770.7200,0.790802
770.7400,0.982347
770.7600,1.731047
770.7800,2.682341
770.8000,2.843155
770.8200,2.228290
770.8400,1.604539
770.8600,1.082217
770.8800,1.593440
770.9000,2.478548
770.9200,2.009977
770.9400,1.155461
770.9600,0.823965
770.9800,0.528933
771.0000,0.302951
771.0200,0.177932
771.0400,0.153442
771.0600,0.172353
771.0800,0.202739
771.1000,0.231140
771.1200,0.507822
771.1400,0.659881
771.1600,1.304354
771.1800,1.042940
771.2000,0.690721
771.2200,0.763086
771.2400,1.236147
771.2600,1.517985
771.2800,1.392538
771.3000,1.293097
771.3200,1.717025
771.3400,2.634431
771.3600,3.228480
771.3800,2.796718
771.4000,2.557092
771.4200,2.724486
771.4400,2.686326
771.4600,2.878982
771.4800,3.172268
771.5000,2.912671
771.5200,2.469458
771.5400,1.774091
771.5600,0.949571
771.5800,0.613784
771.6000,0.470314
771.6200,0.378206
771.6400,0.813892
771.6600,0.891864
771.6800,0.589639
771.7000,0.384683
771.7200,0.347233
771.7400,0.341383
771.7600,0.309212
771.7800,0.352313
771.8000,0.318822
771.8200,0.464914
771.8400,0.695938
771.8600,0.837264
771.8800,0.820187
771.9000,0.786306
771.9200,1.180264
771.9400,0.844596
771.9600,0.557202
771.9800,0.714152
772.0000,1.060253
772.0200,1.947188
772.0400,2.016136
772.0600,2.104388
772.0800,1.725278
772.1000,1.354504
772.1200,1.353506
772.1400,1.649796
772.1600,2.584883
772.1800,2.873303
772.2000,3.600000
772.2200,3.600000
772.2400,3.600000
772.2600,3.600000
772.2800,3.600000
772.3000,3.464375
772.3200,2.718711
772.3400,1.488334
772.3600,0.848599
772.3800,0.480920
772.4000,0.318351
772.4200,0.399919
772.4400,0.644845
772.4600,0.447999
772.4800,0.339386
772.5000,0.124883
772.5200,0.097013
772.5400,0.139956
772.5600,0.133710
772.5800,0.320662
772.6000,0.242754
772.6200,0.156258
772.6400,0.230174
772.6600,0.191273
772.6800,0.101019
772.7000,0.099042
772.7200,0.223905
772.7400,0.209084
772.7600,0.162820
772.7800,0.262646
772.8000,0.300027
772.8200,0.677176
772.8400,1.084073
772.8600,1.444872
772.8800,1.380175
772.9000,1.523555
772.9200,1.024203
772.9400,1.007947
772.9600,1.213410
772.9800,1.201827
773.0000,0.828650
773.0200,0.660220
773.0400,0.953960
773.0600,1.464321
773.0800,1.749178
773.1000,2.079545
773.1200,2.343575
773.1400,2.034417
773.1600,1.705975
773.1800,1.441204
773.2000,1.295843
773.2200,0.790802
773.2400,0.982347
773.2600,1.731047
773.2800,2.682341
773.3000,2.843155
773.3200,2.228290
773.3400,1.604539
773.3600,1.082217
773.3800,1.593440
773.4000,2.478548
773.4200,2.009977
773.4400,1.155461
773.4600,0.823965
773.4800,0.528933
773.5000,0.302951
773.5200,0.177932
773.5400,0.153442
773.5600,0.172353
773.5800,0.202739
773.6000,0.231140
773.6200,0.507822
773.6400,0.659881
773.6600,1.304354
773.6800,1.042940
773.7000,0.690721
773.7200,0.763086
773.7400,1.236147
773.7600,1.517985
773.7800,1.392538
773.8000,1.293097
773.8200,1.717025
773.8400,2.634431
773.8600,3.228480
773.8800,2.796718
773.9000,2.557092
773.9200,2.724486
773.9400,2.686326
773.9600,2.878982
773.9800,3.172268
774.0000,2.912671
774.0200,2.469458
774.0400,1.774091
774.0600,0.949571
774.0800,0.613784
774.1000,0.470314
774.1200,0.378206
774.1400,0.813892
774.1600,0.891864
774.1800,0.589639
774.2000,0.384683
774.2200,0.347233
774.2400,0.341383
774.2600,0.309212
774.2800,0.352313
774.3000,0.318822
774.3200,0.464914
774.3400,0.695938
774.3600,0.837264
774.3800,0.820187
774.4000,0.786306
774.4200,1.180264
774.4400,0.844596
774.4600,0.557202
774.4800,0.714152
774.5000,1.060253
774.5200,1.947188
774.5400,2.016136
774.5600,2.104388
774.5800,1.725278
774.6000,1.354504
774.6200,1.353506
774.6400,1.649796
774.6600,2.584883
774.6800,2.873303
774.7000,3.600000
774.7200,3.600000
774.7400,3.600000
774.7600,3.600000
774.7800,3.600000
774.8000,3.464375
774.8200,2.718711
774.8400,1.488334
774.8600,0.848599
774.8800,0.480920
774.9000,0.318351
774.9200,0.399919
774.9400,0.644845
774.9600,0.447999
774.9800,0.339386
775.0000,0.124883
775.0200,0.097013
775.0400,0.139956
775.0600,0.133710
775.0800,0.320662
775.1000,0.242754
775.1200,0.156258
775.1400,0.230174
775.1600,0.191273
775.1800,0.101019
775.2000,0.099042
775.2200,0.223905
775.2400,0.209084
775.2600,0.162820
775.2800,0.262646
775.3000,0.300027
775.3200,0.677176
775.3400,1.084073
775.3600,1.444872
775.3800,1.380175
775.4000,1.523555
775.4200,1.024203
775.4400,1.007947
775.4600,1.213410
775.4800,1.201827
775.5000,0.828650
775.5200,0.660220
775.5400,0.953960
775.5600,1.464321
775.5800,1.749178
775.6000,2.079545
775.6200,2.343575
775.6400,2.034417
775.6600,1.705975
775.6800,1.441204
775.7000,1.295843
775.7200,0.790802
775.7400,0.982347
775.7600,1.731047
775.7800,2.682341
775.8000,2.843155
775.8200,2.228290
775.8400,1.604539
775.8600,1.082217
775.8800,1.593440
775.9000,2.478548
775.9200,2.009977
775.9400,1.155461
775.9600,0.823965
775.9800,0.528933
776.0000,0.302951
776.0200,0.177932
776.0400,0.153442
776.0600,0.172353
776.0800,0.202739
776.1000,0.231140
776.1200,0.507822
776.1400,0.659881
776.1600,1.304354
776.1800,1.042940
776.2000,0.690721
776.2200,0.763086
776.2400,1.236147
776.2600,1.517985
776.2800,1.392538
776.3000,1.293097
776.3200,1.717025
776.3400,2.634431
776.3600,3.228480
776.3800,2.796718
776.4000,2.557092
776.4200,2.724486
776.4400,2.686326
776.4600,2.878982
776.4800,3.172268
776.5000,2.912671
776.5200,2.469458
776.5400,1.774091
776.5600,0.949571
776.5800,0.613784
776.6000,0.470314
776.6200,0.378206
776.6400,0.813892
776.6600,0.891864
776.6800,0.589639
776.7000,0.384683
776.7200,0.347233
776.7400,0.341383
776.7600,0.309212
776.7800,0.352313
776.8000,0.318822
776.8200,0.464914
776.8400,0.695938
776.8600,0.837264
776.8800,0.820187
776.9000,0.786306
776.9200,1.180264
776.9400,0.844596
776.9600,0.557202
776.9800,0.714152
777.0000,1.060253
777.0200,1.947188
777.0400,2.016136
777.0600,2.104388
777.0800,1.725278
777.1000,1.354504
777.1200,1.353506
777.1400,1.649796
777.1600,2.584883
777.1800,2.873303
777.2000,3.600000
777.2200,3.600000
777.2400,3.600000
777.2600,3.600000
777.2800,3.600000
777.3000,3.464375
777.3200,2.718711
777.3400,1.488334
777.3600,0.848599
777.3800,0.480920
777.4000,0.318351
777.4200,0.399919
777.4400,0.644845
777.4600,0.447999
777.4800,0.339386
777.5000,0.124883
777.5200,0.097013
777.5400,0.139956
777.5600,0.133710
777.5800,0.320662
777.6000,0.242754
777.6200,0.156258
777.6400,0.230174
777.6600,0.191273
777.6800,0.101019
777.7000,0.099042
777.7200,0.223905
777.7400,0.209084
777.7600,0.162820
777.7800,0.262646
777.8000,0.300027
777.8200,0.677176
777.8400,1.084073
777.8600,1.444872
777.8800,1.380175
777.9000,1.523555
777.9200,1.024203
777.9400,1.007947
777.9600,1.213410
777.9800,1.201827
778.0000,0.828650
778.0200,0.660220
778.0400,0.953960
778.0600,1.464321
778.0800,1.749178
778.1000,2.079545
778.1200,2.343575
778.1400,2.034417
778.1600,1.705975
778.1800,1.441204
778.2000,1.295843
778.2200,0.790802
778.2400,0.982347
778.2600,1.731047
778.2800,2.682341
778.3000,2.843155
778.3200,2.228290
778.3400,1.604539
778.3600,1.082217
778.3800,1.593440
778.4000,2.478548
778.4200,2.009977
778.4400,1.155461
778.4600,0.823965
778.4800,0.528933
778.5000,0.302951
778.5200,0.177932
778.5400,0.153442
778.5600,0.172353
778.5800,0.202739
778.6000,0.231140
778.6200,0.507822
778.6400,0.659881
778.6600,1.304354
778.6800,1.042940
778.7000,0.690721
778.7200,0.763086
778.7400,1.236147
778.7600,1.517985
778.7800,1.392538
778.8000,1.293097
778.8200,1.717025
778.8400,2.634431
778.8600,3.228480
778.8800,2.796718
778.9000,2.557092
778.9200,2.724486
778.9400,2.686326
778.9600,2.878982
778.9800,3.172268
779.0000,2.912671
779.0200,2.469458
779.0400,1.774091
779.0600,0.949571
779.0800,0.613784
779.1000,0.470314
779.1200,0.378206
779.1400,0.813892
779.1600,0.891864
779.1800,0.589639
779.2000,0.384683
779.2200,0.347233
779.2400,0.341383
779.2600,0.309212
779.2800,0.352313
779.3000,0.318822
779.3200,0.464914
779.3400,0.695938
779.3600,0.837264
779.3800,0.820187
779.4000,0.786306
779.4200,1.180264
779.4400,0.844596
779.4600,0.557202
779.4800,0.714152
779.5000,1.060253
779.5200,1.947188
779.5400,2.016136
779.5600,2.104388
779.5800,1.725278
779.6000,1.354504
779.6200,1.353506
779.6400,1.649796
779.6600,2.584883
779.6800,2.873303
779.7000,3.600000
779.7200,3.600000
779.7400,3.600000
779.7600,3.600000
779.7800,3.600000
779.8000,3.464375
779.8200,2.718711
779.8400,1.488334
779.8600,0.848599
779.8800,0.480920
779.9000,0.318351
779.9200,0.399919
779.9400,0.644845
779.9600,0.447999
779.9800,0.339386
780.0000,0.124883
780.0200,0.097013
780.0400,0.139956
780.0600,0.133710
780.0800,0.320662
780.1000,0.242754
780.1200,0.156258
780.1400,0.230174
780.1600,0.191273
780.1800,0.101019
780.2000,0.099042
780.2200,0.223905
780.2400,0.209084
780.2600,0.162820
780.2800,0.262646
780.3000,0.300027
780.3200,0.677176
780.3400,1.084073
780.3600,1.444872
780.3800,1.380175
780.4000,1.523555
780.4200,1.024203
780.4400,1.007947
780.4600,1.213410
780.4800,1.201827
780.5000,0.828650
780.5200,0.660220
780.5400,0.953960
780.5600,1.464321
780.5800,1.749178
780.6000,2.079545
780.6200,2.343575
780.6400,2.034417
780.6600,1.705975
780.6800,1.441204
780.7000,1.295843
780.7200,0.790802
780.7400,0.982347
780.7600,1.731047
780.7800,2.682341
780.8000,2.843155
780.8200,2.228290
780.8400,1.604539
780.8600,1.082217
780.8800,1.593440
780.9000,2.478548
780.9200,2.009977
780.9400,1.155461
780.9600,0.823965
780.9800,0.528933
781.0000,0.302951
781.0200,0.177932
781.0400,0.153442
781.0600,0.172353
781.0800,0.202739
781.1000,0.231140
781.1200,0.507822
781.1400,0.659881
781.1600,1.304354
781.1800,1.042940
781.2000,0.690721
781.2200,0.763086
781.2400,1.236147
781.2600,1.517985
781.2800,1.392538
781.3000,1.293097
781.3200,1.717025
781.3400,2.634431
781.3600,3.228480
781.3800,2.796718
781.4000,2.557092
781.4200,2.724486
781.4400,2.686326
781.4600,2.878982
781.4800,3.172268
781.5000,2.912671
781.5200,2.469458
781.5400,1.774091
781.5600,0.949571
781.5800,0.613784
781.6000,0.470314
781.6200,0.378206
781.6400,0.813892
781.6600,0.891864
781.6800,0.589639
781.7000,0.384683
781.7200,0.347233
781.7400,0.341383
781.7600,0.309212
781.7800,0.352313
781.8000,0.318822
781.8200,0.464914
781.8400,0.695938
781.8600,0.837264
781.8800,0.820187
781.9000,0.786306
781.9200,1.180264
781.9400,0.844596
781.9600,0.557202
781.9800,0.714152
782.0000,1.060253
782.0200,1.947188
782.0400,2.016136
782.0600,2.104388
782.0800,1.725278
782.1000,1.354504
782.1200,1.353506
782.1400,1.649796
782.1600,2.584883
782.1800,2.873303
782.2000,3.600000
782.2200,3.600000
782.2400,3.600000
782.2600,3.600000
782.2800,3.600000
782.3000,3.464375
782.3200,2.718711
782.3400,1.488334
782.3600,0.848599
782.3800,0.480920
782.4000,0.318351
782.4200,0.399919
782.4400,0.644845
782.4600,0.447999
782.4800,0.339386
782.5000,0.124883
782.5200,0.097013
782.5400,0.139956
782.5600,0.133710
782.5800,0.320662
782.6000,0.242754
782.6200,0.156258
782.6400,0.230174
782.6600,0.191273
782.6800,0.101019
782.7000,0.099042
782.7200,0.223905
782.7400,0.209084
782.7600,0.162820
782.7800,0.262646
782.8000,0.300027
782.8200,0.677176
782.8400,1.084073
782.8600,1.444872
782.8800,1.380175
782.9000,1.523555
782.9200,1.024203
782.9400,1.007947
782.9600,1.213410
782.9800,1.201827
783.0000,0.828650
783.0200,0.660220
783.0400,0.953960
783.0600,1.464321
783.0800,1.749178
783.1000,2.079545
783.1200,2.343575
783.1400,2.034417
783.1600,1.705975
783.1800,1.441204
783.2000,1.295843
783.2200,0.790802
783.2400,0.982347
783.2600,1.731047
783.2800,2.682341
783.3000,2.843155
783.3200,2.228290
783.3400,1.604539
783.3600,1.082217
783.3800,1.593440
783.4000,2.478548
783.4200,2.009977
783.4400,1.155461
783.4600,0.823965
783.4800,0.528933
783.5000,0.302951
783.5200,0.177932
783.5400,0.153442
783.5600,0.172353
783.5800,0.202739
783.6000,0.231140
783.6200,0.507822
783.6400,0.659881
783.6600,1.304354
783.6800,1.042940
783.7000,0.690721
783.7200,0.763086
783.7400,1.236147
783.7600,1.517985
783.7800,1.392538
783.8000,1.293097
783.8200,1.717025
783.8400,2.634431
783.8600,3.228480
783.8800,2.796718
783.9000,2.557092
783.9200,2.724486
783.9400,2.686326
783.9600,2.878982
783.9800,3.172268
784.0000,2.912671
784.0200,2.469458
784.0400,1.774091
784.0600,0.949571
784.0800,0.613784
784.1000,0.470314
784.1200,0.378206
784.1400,0.813892
784.1600,0.891864
784.1800,0.589639
784.2000,0.384683
784.2200,0.347233
784.2400,0.341383
784.2600,0.309212
784.2800,0.352313
784.3000,0.318822
784.3200,0.464914
784.3400,0.695938
784.3600,0.837264
784.3800,0.820187
784.4000,0.786306
784.4200,1.180264
784.4400,0.844596
784.4600,0.557202
784.4800,0.714152
784.5000,1.060253
784.5200,1.947188
784.5400,2.016136
784.5600,2.104388
784.5800,1.725278
784.6000,1.354504
784.6200,1.353506
784.6400,1.649796
784.6600,2.584883
784.6800,2.873303
784.7000,3.600000
784.7200,3.600000
784.7400,3.600000
784.7600,3.600000
784.7800,3.600000
784.8000,3.464375
784.8200,2.718711
784.8400,1.488334
784.8600,0.848599
784.8800,0.480920
784.9000,0.318351
784.9200,0.399919
784.9400,0.644845
784.9600,0.447999
784.9800,0.339386
785.0000,0.124883
785.0200,0.097013
785.0400,0.139956
785.0600,0.133710
785.0800,0.320662
785.1000,0.242754
785.1200,0.156258
785.1400,0.230174
785.1600,0.191273
785.1800,0.101019
785.2000,0.099042
785.2200,0.223905
785.2400,0.209084
785.2600,0.162820
785.2800,0.262646
785.3000,0.300027
785.3200,0.677176
785.3400,1.084073
785.3600,1.444872
785.3800,1.380175
785.4000,1.523555
785.4200,1.024203
785.4400,1.007947
785.4600,1.213410
785.4800,1.201827
785.5000,0.828650
785.5200,0.660220
785.5400,0.953960
785.5600,1.464321
785.5800,1.749178
785.6000,2.079545
785.6200,2.343575
785.6400,2.034417
785.6600,1.705975
785.6800,1.441204
785.7000,1.295843
785.7200,0.790802
785.7400,0.982347
785.7600,1.731047
785.7800,2.682341
785.8000,2.843155
785.8200,2.228290
785.8400,1.604539
785.8600,1.082217
785.8800,1.593440
785.9000,2.478548
785.9200,2.009977
785.9400,1.155461
785.9600,0.823965
785.9800,0.528933
786.0000,0.302951
786.0200,0.177932
786.0400,0.153442
786.0600,0.172353
786.0800,0.202739
786.1000,0.231140
786.1200,0.507822
786.1400,0.659881
786.1600,1.304354
786.1800,1.042940
786.2000,0.690721
786.2200,0.763086
786.2400,1.236147
786.2600,1.517985
786.2800,1.392538
786.3000,1.293097
786.3200,1.717025
786.3400,2.634431
786.3600,3.228480
786.3800,2.796718
786.4000,2.557092
786.4200,2.724486
786.4400,2.686326
786.4600,2.878982
786.4800,3.172268
786.5000,2.912671
786.5200,2.469458
786.5400,1.774091
786.5600,0.949571
786.5800,0.613784
786.6000,0.470314
786.6200,0.378206
786.6400,0.813892
786.6600,0.891864
786.6800,0.589639
786.7000,0.384683
786.7200,0.347233
786.7400,0.341383
786.7600,0.309212
786.7800,0.352313
786.8000,0.318822
786.8200,0.464914
786.8400,0.695938
786.8600,0.837264
786.8800,0.820187
786.9000,0.786306
786.9200,1.180264
786.9400,0.844596
786.9600,0.557202
786.9800,0.714152
787.0000,1.060253
787.0200,1.947188
787.0400,2.016136
787.0600,2.104388
787.0800,1.725278
787.1000,1.354504
787.1200,1.353506
787.1400,1.649796
787.1600,2.584883
787.1800,2.873303
787.2000,3.600000
787.2200,3.600000
787.2400,3.600000
787.2600,3.600000
787.2800,3.600000
787.3000,3.464375
787.3200,2.718711
787.3400,1.488334
787.3600,0.848599
787.3800,0.480920
787.4000,0.318351
787.4200,0.399919
787.4400,0.644845
787.4600,0.447999
787.4800,0.339386
787.5000,0.124883
787.5200,0.097013
787.5400,0.139956
787.5600,0.133710
787.5800,0.320662
787.6000,0.242754
787.6200,0.156258
787.6400,0.230174
787.6600,0.191273
787.6800,0.101019
787.7000,0.099042
787.7200,0.223905
787.7400,0.209084
787.7600,0.162820
787.7800,0.262646
787.8000,0.300027
787.8200,0.677176
787.8400,1.084073
787.8600,1.444872
787.8800,1.380175
787.9000,1.523555
787.9200,1.024203
787.9400,1.007947
787.9600,1.213410
787.9800,1.201827
788.0000,0.828650
788.0200,0.660220
788.0400,0.953960
788.0600,1.464321
788.0800,1.749178
788.1000,2.079545
788.1200,2.343575
788.1400,2.034417
788.1600,1.705975
788.1800,1.441204
788.2000,1.295843
788.2200,0.790802
788.2400,0.982347
788.2600,1.731047
788.2800,2.682341
788.3000,2.843155
788.3200,2.228290
788.3400,1.604539
788.3600,1.082217
788.3800,1.593440
788.4000,2.478548
788.4200,2.009977
788.4400,1.155461
788.4600,0.823965
788.4800,0.528933
788.5000,0.302951
788.5200,0.177932
788.5400,0.153442
788.5600,0.172353
788.5800,0.202739
788.6000,0.231140
788.6200,0.507822
788.6400,0.659881
788.6600,1.304354
788.6800,1.042940
788.7000,0.690721
788.7200,0.763086
788.7400,1.236147
788.7600,1.517985
788.7800,1.392538
788.8000,1.293097
788.8200,1.717025
788.8400,2.634431
788.8600,3.228480
788.8800,2.796718
788.9000,2.557092
788.9200,2.724486
788.9400,2.686326
788.9600,2.878982
788.9800,3.172268
789.0000,2.912671
789.0200,2.469458
789.0400,1.774091
789.0600,0.949571
789.0800,0.613784
789.1000,0.470314
789.1200,0.378206
789.1400,0.813892
789.1600,0.891864
789.1800,0.589639
789.2000,0.384683
789.2200,0.347233
789.2400,0.341383
789.2600,0.309212
789.2800,0.352313
789.3000,0.318822
789.3200,0.464914
789.3400,0.695938
789.3600,0.837264
789.3800,0.820187
789.4000,0.786306
789.4200,1.180264
789.4400,0.844596
789.4600,0.557202
789.4800,0.714152
789.5000,1.060253
789.5200,1.947188
789.5400,2.016136
789.5600,2.104388
789.5800,1.725278
789.6000,1.354504
789.6200,1.353506
789.6400,1.649796
789.6600,2.584883
789.6800,2.873303
789.7000,3.600000
789.7200,3.600000
789.7400,3.600000
789.7600,3.600000
789.7800,3.600000
789.8000,3.464375
789.8200,2.718711
789.8400,1.488334
789.8600,0.848599
789.8800,0.480920
789.9000,0.318351
789.9200,0.399919
789.9400,0.644845
789.9600,0.447999
789.9800,0.339386
790.0000,0.124883
790.0200,0.097013
790.0400,0.139956
790.0600,0.133710
790.0800,0.320662
790.1000,0.242754
790.1200,0.156258
790.1400,0.230174
790.1600,0.191273
790.1800,0.101019
790.2000,0.099042
790.2200,0.223905
790.2400,0.209084
790.2600,0.162820
790.2800,0.262646
790.3000,0.300027
790.3200,0.677176
790.3400,1.084073
790.3600,1.444872
790.3800,1.380175
790.4000,1.523555
790.4200,1.024203
790.4400,1.007947
790.4600,1.213410
790.4800,1.201827
790.5000,0.828650
790.5200,0.660220
790.5400,0.953960
790.5600,1.464321
790.5800,1.749178
790.6000,2.079545
790.6200,2.343575
790.6400,2.034417
790.6600,1.705975
790.6800,1.441204
790.7000,1.295843
790.7200,0.790802
790.7400,0.982347
790.7600,1.731047
790.7800,2.682341
790.8000,2.843155
790.8200,2.228290
790.8400,1.604539
790.8600,1.082217
790.8800,1.593440
790.9000,2.478548
790.9200,2.009977
790.9400,1.155461
790.9600,0.823965
790.9800,0.528933
791.0000,0.302951
791.0200,0.177932
791.0400,0.153442
791.0600,0.172353
791.0800,0.202739
791.1000,0.231140
791.1200,0.507822
791.1400,0.659881
791.1600,1.304354
791.1800,1.042940
791.2000,0.690721
791.2200,0.763086
791.2400,1.236147
791.2600,1.517985
791.2800,1.392538
791.3000,1.293097
791.3200,1.717025
791.3400,2.634431
791.3600,3.228480
791.3800,2.796718
791.4000,2.557092
791.4200,2.724486
791.4400,2.686326
791.4600,2.878982
791.4800,3.172268
791.5000,2.912671
791.5200,2.469458
791.5400,1.774091
791.5600,0.949571
791.5800,0.613784
791.6000,0.470314
791.6200,0.378206
791.6400,0.813892
791.6600,0.891864
791.6800,0.589639
791.7000,0.384683
791.7200,0.347233
791.7400,0.341383
791.7600,0.309212
791.7800,0.352313
791.8000,0.318822
791.8200,0.464914
791.8400,0.695938
791.8600,0.837264
791.8800,0.820187
791.9000,0.786306
791.9200,1.180264
791.9400,0.844596
791.9600,0.557202
791.9800,0.714152
792.0000,1.060253
792.0200,1.947188
792.0400,2.016136
792.0600,2.104388
792.0800,1.725278
792.1000,1.354504
792.1200,1.353506
792.1400,1.649796
792.1600,2.584883
792.1800,2.873303
792.2000,3.600000
792.2200,3.600000
792.2400,3.600000
792.2600,3.600000
792.2800,3.600000
792.3000,3.464375
792.3200,2.718711
792.3400,1.488334
792.3600,0.848599
792.3800,0.480920
792.4000,0.318351
792.4200,0.399919
792.4400,0.644845
792.4600,0.447999
792.4800,0.339386
792.5000,0.124883
792.5200,0.097013
792.5400,0.139956
792.5600,0.133710
792.5800,0.320662
792.6000,0.242754
792.6200,0.156258
792.6400,0.230174
792.6600,0.191273
792.6800,0.101019
792.7000,0.099042
792.7200,0.223905
792.7400,0.209084
792.7600,0.162820
792.7800,0.262646
792.8000,0.300027
792.8200,0.677176
792.8400,1.084073
792.8600,1.444872
792.8800,1.380175
792.9000,1.523555
792.9200,1.024203
792.9400,1.007947
792.9600,1.213410
792.9800,1.201827
793.0000,0.828650
793.0200,0.660220
793.0400,0.953960
793.0600,1.464321
793.0800,1.749178
793.1000,2.079545
793.1200,2.343575
793.1400,2.034417
793.1600,1.705975
793.1800,1.441204
793.2000,1.295843
793.2200,0.790802
793.2400,0.982347
793.2600,1.731047
793.2800,2.682341
793.3000,2.843155
793.3200,2.228290
793.3400,1.604539
793.3600,1.082217
793.3800,1.593440
793.4000,2.478548
793.4200,2.009977
793.4400,1.155461
793.4600,0.823965
793.4800,0.528933
793.5000,0.302951
793.5200,0.177932
793.5400,0.153442
793.5600,0.172353
793.5800,0.202739
793.6000,0.231140
793.6200,0.507822
793.6400,0.659881
793.6600,1.304354
793.6800,1.042940
793.7000,0.690721
793.7200,0.763086
793.7400,1.236147
793.7600,1.517985
793.7800,1.392538
793.8000,1.293097
793.8200,1.717025
793.8400,2.634431
793.8600,3.228480
793.8800,2.796718
793.9000,2.557092
793.9200,2.724486
793.9400,2.686326
793.9600,2.878982
793.9800,3.172268
794.0000,2.912671
794.0200,2.469458
794.0400,1.774091
794.0600,0.949571
794.0800,0.613784
794.1000,0.470314
794.1200,0.378206
794.1400,0.813892
794.1600,0.891864
794.1800,0.589639
794.2000,0.384683
794.2200,0.347233
794.2400,0.341383
794.2600,0.309212
794.2800,0.352313
794.3000,0.318822
794.3200,0.464914
794.3400,0.695938
794.3600,0.837264
794.3800,0.820187
794.4000,0.786306
794.4200,1.180264
794.4400,0.844596
794.4600,0.557202
794.4800,0.714152
794.5000,1.060253
794.5200,1.947188
794.5400,2.016136
794.5600,2.104388
794.5800,1.725278
794.6000,1.354504
794.6200,1.353506
794.6400,1.649796
794.6600,2.584883
794.6800,2.873303
794.7000,3.600000
794.7200,3.600000
794.7400,3.600000
794.7600,3.600000
794.7800,3.600000
794.8000,3.464375
794.8200,2.718711
794.8400,1.488334
794.8600,0.848599
794.8800,0.480920
794.9000,0.318351
794.9200,0.399919
794.9400,0.644845
794.9600,0.447999
794.9800,0.339386
795.0000,0.124883
795.0200,0.097013
795.0400,0.139956
795.0600,0.133710
795.0800,0.320662
795.1000,0.242754
795.1200,0.156258
795.1400,0.230174
795.1600,0.191273
795.1800,0.101019
795.2000,0.099042
795.2200,0.223905
795.2400,0.209084
795.2600,0.162820
795.2800,0.262646
795.3000,0.300027
795.3200,0.677176
795.3400,1.084073
795.3600,1.444872
795.3800,1.380175
795.4000,1.523555
795.4200,1.024203
795.4400,1.007947
795.4600,1.213410
795.4800,1.201827
795.5000,0.828650
795.5200,0.660220
795.5400,0.953960
795.5600,1.464321
795.5800,1.749178
795.6000,2.079545
795.6200,2.343575
795.6400,2.034417
795.6600,1.705975
795.6800,1.441204
795.7000,1.295843
795.7200,0.790802
795.7400,0.982347
795.7600,1.731047
795.7800,2.682341
795.8000,2.843155
795.8200,2.228290
795.8400,1.604539
795.8600,1.082217
795.8800,1.593440
795.9000,2.478548
795.9200,2.009977
795.9400,1.155461
795.9600,0.823965
795.9800,0.528933
796.0000,0.302951
796.0200,0.177932
796.0400,0.153442
796.0600,0.172353
796.0800,0.202739
796.1000,0.231140
796.1200,0.507822
796.1400,0.659881
796.1600,1.304354
796.1800,1.042940
796.2000,0.690721
796.2200,0.763086
796.2400,1.236147
796.2600,1.517985
796.2800,1.392538
796.3000,1.293097
796.3200,1.717025
796.3400,2.634431
796.3600,3.228480
796.3800,2.796718
796.4000,2.557092
796.4200,2.724486
796.4400,2.686326
796.4600,2.878982
796.4800,3.172268
796.5000,2.912671
796.5200,2.469458
796.5400,1.774091
796.5600,0.949571
796.5800,0.613784
796.6000,0.470314
796.6200,0.378206
796.6400,0.813892
796.6600,0.891864
796.6800,0.589639
796.7000,0.384683
796.7200,0.347233
796.7400,0.341383
796.7600,0.309212
796.7800,0.352313
796.8000,0.318822
796.8200,0.464914
796.8400,0.695938
796.8600,0.837264
796.8800,0.820187
796.9000,0.786306
796.9200,1.180264
796.9400,0.844596
796.9600,0.557202
796.9800,0.714152
797.0000,1.060253
797.0200,1.947188
797.0400,2.016136
797.0600,2.104388
797.0800,1.725278
797.1000,1.354504
797.1200,1.353506
797.1400,1.649796
797.1600,2.584883
797.1800,2.873303
797.2000,3.600000
797.2200,3.600000
797.2400,3.600000
797.2600,3.600000
797.2800,3.600000
797.3000,3.464375
797.3200,2.718711
797.3400,1.488334
797.3600,0.848599
797.3800,0.480920
797.4000,0.318351
797.4200,0.399919
797.4400,0.644845
797.4600,0.447999
797.4800,0.339386
797.5000,0.124883
797.5200,0.097013
797.5400,0.139956
797.5600,0.133710
797.5800,0.320662
797.6000,0.242754
797.6200,0.156258
797.6400,0.230174
797.6600,0.191273
797.6800,0.101019
797.7000,0.099042
797.7200,0.223905
797.7400,0.209084
797.7600,0.162820
797.7800,0.262646
797.8000,0.300027
797.8200,0.677176
797.8400,1.084073
797.8600,1.444872
797.8800,1.380175
797.9000,1.523555
797.9200,1.024203
797.9400,1.007947
797.9600,1.213410
797.9800,1.201827
798.0000,0.828650
798.0200,0.660220
798.0400,0.953960
798.0600,1.464321
798.0800,1.749178
798.1000,2.079545
798.1200,2.343575
798.1400,2.034417
798.1600,1.705975
798.1800,1.441204
798.2000,1.295843
798.2200,0.790802
798.2400,0.982347
798.2600,1.731047
798.2800,2.682341
798.3000,2.843155
798.3200,2.228290
798.3400,1.604539
798.3600,1.082217
798.3800,1.593440
798.4000,2.478548
798.4200,2.009977
798.4400,1.155461
798.4600,0.823965
798.4800,0.528933
798.5000,0.302951
798.5200,0.177932
798.5400,0.153442
798.5600,0.172353
798.5800,0.202739
798.6000,0.231140
798.6200,0.507822
798.6400,0.659881
798.6600,1.304354
798.6800,1.042940
798.7000,0.690721
798.7200,0.763086
798.7400,1.236147
798.7600,1.517985
798.7800,1.392538
798.8000,1.293097
798.8200,1.717025
798.8400,2.634431
798.8600,3.228480
798.8800,2.796718
798.9000,2.557092
798.9200,2.724486
798.9400,2.686326
798.9600,2.878982
798.9800,3.172268
799.0000,2.912671
799.0200,2.469458
799.0400,1.774091
799.0600,0.949571
799.0800,0.613784
799.1000,0.470314
799.1200,0.378206
799.1400,0.813892
799.1600,0.891864
799.1800,0.589639
799.2000,0.384683
799.2200,0.347233
799.2400,0.341383
799.2600,0.309212
799.2800,0.352313
799.3000,0.318822
799.3200,0.464914
799.3400,0.695938
799.3600,0.837264
799.3800,0.820187
799.4000,0.786306
799.4200,1.180264
799.4400,0.844596
799.4600,0.557202
799.4800,0.714152
799.5000,1.060253
799.5200,1.947188
799.5400,2.016136
799.5600,2.104388
799.5800,1.725278
799.6000,1.354504
799.6200,1.353506
799.6400,1.649796
799.6600,2.584883
799.6800,2.873303
799.7000,3.600000
799.7200,3.600000
799.7400,3.600000
799.7600,3.600000
799.7800,3.600000
799.8000,3.464375
799.8200,2.718711
799.8400,1.488334
799.8600,0.848599
799.8800,0.480920
799.9000,0.318351
799.9200,0.399919
799.9400,0.644845
799.9600,0.447999
799.9800,0.339386
